   1997.2254600000001        290.88546800000000        6.0241116399999996E-004  0.27364674973055986        1.2585443847490194        1.0000000000000000E-004   1.0000000000000000E-004
   1971.7959000000001        290.86492900000002        6.2780769100000003E-004  0.17764245956903824        1.2947688714804289        1.0000000000000000E-004   1.0000000000000000E-004
   1946.3670700000000        290.84445199999999        6.5320351899999997E-004   8.1640972439922035E-002   1.3309925577988431        1.0000000000000000E-004   1.0000000000000000E-004
   1920.9388400000000        290.82400500000000        6.7859870599999998E-004  -1.4358187274603990E-002   1.3672154635447422        1.0000000000000000E-004   1.0000000000000000E-004
   1895.5111099999999        290.79403700000000        6.9951033199999995E-004 -0.11910765159087518        1.3965066028642652        1.0000000000000000E-004   1.0000000000000000E-004
   1870.0839800000001        290.71963499999998        6.9951033199999995E-004 -0.26467903197753295        1.3934669675238933        1.0000000000000000E-004   1.0000000000000000E-004
   1844.6575900000000        290.64526400000000        6.9951033199999995E-004 -0.41024611832837493        1.3904276017806041        1.0000000000000000E-004   1.0000000000000000E-004
   1819.2318100000000        290.57101399999999        6.9951033199999995E-004 -0.55580974561697205        1.3873884056517480        1.0000000000000000E-004   1.0000000000000000E-004
   1793.8067599999999        290.45092799999998        6.9951033199999995E-004 -0.69300470156438398        1.3627131910703936        1.0000000000000000E-004   1.0000000000000000E-004
   1768.3824500000001        290.18859900000001        6.9951033199999995E-004 -0.80422229963142211        1.2708539269932091        1.0000000000000000E-004   1.0000000000000000E-004
   1742.9588600000000        289.92654399999998        6.9951033199999995E-004 -0.91543676708717603        1.1789975623176052        1.0000000000000000E-004   1.0000000000000000E-004
   1717.5362500000001        289.66473400000001        6.9951033199999995E-004  -1.0266469070683129        1.0871448073239043        1.0000000000000000E-004   1.0000000000000000E-004
   1692.1140100000000        289.42806999999999        7.0738449000000002E-004  -1.1151813092732381       0.98401048040508010        1.0000000000000000E-004   1.0000000000000000E-004
   1666.6927499999999        289.24710099999999        7.3276768700000002E-004  -1.1532932853098172       0.85579084707781883        1.0000000000000000E-004   1.0000000000000000E-004
   1641.2723400000000        289.06634500000001        7.5815001000000004E-004  -1.1914040300109578       0.72757566491932624        1.0000000000000000E-004   1.0000000000000000E-004
   1615.8527799999999        288.88571200000001        7.8353146099999996E-004  -1.2295134333865358       0.59936493271153646        1.0000000000000000E-004   1.0000000000000000E-004
   1590.4340800000000        288.72531099999998        8.1845791999999998E-004  -1.2610474149345272       0.48604671272878480        1.0000000000000000E-004   1.0000000000000000E-004
   1565.0162399999999        288.59845000000001        8.6920225299999998E-004  -1.2816860108700638       0.39740433054814028        1.0000000000000000E-004   1.0000000000000000E-004
   1539.5992400000000        288.47164900000001        9.1994484000000002E-004  -1.3023237552731939       0.30876511723728489        1.0000000000000000E-004   1.0000000000000000E-004
   1514.1834699999999        288.34497099999999        9.7068504000000005E-004  -1.3229606183310902       0.22013029480114371        1.0000000000000000E-004   1.0000000000000000E-004
   1488.7685500000000        288.13610799999998        9.7657844900000002E-004  -1.3602353979409563       0.14462260866724416        1.0000000000000000E-004   1.0000000000000000E-004
   1463.3546100000001        287.82360799999998        9.2584197399999996E-004  -1.4185199538356923        8.5690806207770351E-002   1.0000000000000000E-004   1.0000000000000000E-004
   1437.9417699999999        287.51138300000002        8.7510765299999996E-004  -1.4768019681297946        2.6761729617988957E-002   1.0000000000000000E-004   1.0000000000000000E-004
   1412.5300299999999        287.19940200000002        8.2437554400000002E-004  -1.5350813308178868       -3.2164654644279117E-002   1.0000000000000000E-004   1.0000000000000000E-004
   1387.1193800000001        286.88775600000002        8.5078005199999999E-004  -1.6007624539302456      -0.10421167798955328        1.0000000000000000E-004   1.0000000000000000E-004
   1361.7099599999999        286.57641599999999        9.5221481800000004E-004  -1.6736426367256925      -0.18902063084731108        1.0000000000000000E-004   1.0000000000000000E-004
   1336.3018800000000        286.26541099999997        1.0536442300000000E-003  -1.7465189782545885      -0.27382492553961568        1.0000000000000000E-004   1.0000000000000000E-004
   1310.8949000000000        285.95468099999999        1.1550692099999999E-003  -1.8193920683717268      -0.35862541004331505        1.0000000000000000E-004   1.0000000000000000E-004
   1285.4893800000000        285.74984699999999        1.2419762800000001E-003  -1.8826452953793547      -0.45783920197334466        1.0000000000000000E-004   1.0000000000000000E-004
   1260.0852100000000        285.62441999999999        1.3179834900000000E-003  -1.9386759629471320      -0.56787259832297088        1.0000000000000000E-004   1.0000000000000000E-004
   1234.6824999999999        285.49917599999998        1.3939861700000000E-003  -1.9947032495685035      -0.67789954658153673        1.0000000000000000E-004   1.0000000000000000E-004
   1209.2811300000001        285.37399299999998        1.4699850000000000E-003  -2.0507275351500884      -0.78792049401004283        1.0000000000000000E-004   1.0000000000000000E-004
   1183.8813500000001        285.21560699999998        1.5459500700000001E-003  -2.1005061711795681      -0.87486353928165483        1.0000000000000000E-004   1.0000000000000000E-004
   1158.4832799999999        285.03814699999998        1.6218934899999999E-003  -2.1466875706012489      -0.94851721511408338        1.0000000000000000E-004   1.0000000000000000E-004
   1133.0869100000000        284.86086999999998        1.6978317900000000E-003  -2.1928655888448558       -1.0221658462105931        1.0000000000000000E-004   1.0000000000000000E-004
   1107.6922600000000        284.68380700000000        1.7737649600000000E-003  -2.2390404859204707       -1.0958093705364940        1.0000000000000000E-004   1.0000000000000000E-004
   1082.3005400000000        284.43383799999998        1.8320306000000001E-003  -2.2727185139396187       -1.1182242927127468        1.0000000000000000E-004   1.0000000000000000E-004
   1056.9097899999999        284.15240499999999        1.8826196899999999E-003  -2.3009661574156808       -1.1183786894155372        1.0000000000000000E-004   1.0000000000000000E-004
   1031.5210000000000        283.87124599999999        1.9332048299999999E-003  -2.3292116189374941       -1.1185329177787604        1.0000000000000000E-004   1.0000000000000000E-004
   1006.1343400000000        283.59036300000002        1.9837857700000000E-003  -2.3574546685017403       -1.1186869978800604        1.0000000000000000E-004   1.0000000000000000E-004
   980.75000000000000        283.36917099999999        2.0343505299999999E-003  -2.3626060387041732       -1.0530261854534098        1.0000000000000000E-004   1.0000000000000000E-004
   955.36804199999995        283.16708399999999        2.0849069099999999E-003  -2.3603999003597549      -0.96640032886147142        1.0000000000000000E-004   1.0000000000000000E-004
   929.98846400000002        283.04739400000000        2.1354507199999998E-003  -2.3529413847521594      -0.87677986491323312        1.0000000000000000E-004   1.0000000000000000E-004
   904.61157200000002        282.94979899999998        2.1859870800000000E-003  -2.3440748787101202      -0.78636328789468291        1.0000000000000000E-004   1.0000000000000000E-004
   879.23742700000003        282.85238600000002        2.2365094600000001E-003  -2.3583051074996315      -0.71049402198973888        1.0000000000000000E-004   1.0000000000000000E-004
   853.86627199999998        282.75506600000000        2.2870241700000001E-003  -2.3776629195477708      -0.63786209692914531        1.0000000000000000E-004   1.0000000000000000E-004
   828.49829099999999        282.65780599999999        2.3803175399999999E-003  -2.3978224725054473      -0.57840903216304185        1.0000000000000000E-004   1.0000000000000000E-004
   803.13348399999995        282.56069900000000        2.4812917700000000E-003  -2.4181239411913023      -0.52133101976595275        1.0000000000000000E-004   1.0000000000000000E-004
   777.77227800000003        282.37292500000001        2.5822159399999998E-003  -2.4317523867151252      -0.47509591914951332        1.0000000000000000E-004   1.0000000000000000E-004
   752.41485599999999        282.17254600000001        2.6831203099999998E-003  -2.4444385669336555      -0.43039472914890947        1.0000000000000000E-004   1.0000000000000000E-004
   727.06133999999997        282.01916499999999        2.7839725400000000E-003  -2.4769065330899935      -0.39000454657895045        1.0000000000000000E-004   1.0000000000000000E-004
   701.71209699999997        281.87091099999998        2.8848040400000002E-003  -2.5114517414338722      -0.35007404280099286        1.0000000000000000E-004   1.0000000000000000E-004
   676.36755400000004        281.81896999999998        2.9855794299999999E-003  -2.5675533945145150      -0.31960733413943382        1.0000000000000000E-004   1.0000000000000000E-004
   651.02789299999995        281.77410900000001        3.0863324600000001E-003  -2.6252063016409091      -0.28983130577146310        1.0000000000000000E-004   1.0000000000000000E-004
   625.69360400000005        281.77865600000001        3.1387275100000001E-003  -2.6573212019854195      -0.28314829802696795        1.0000000000000000E-004   1.0000000000000000E-004
   600.36511199999995        281.78521699999999        3.1890668899999999E-003  -2.6883494390553171      -0.27744277046448390        1.0000000000000000E-004   1.0000000000000000E-004
   575.04284700000005        281.84243800000002        3.1897926200000000E-003  -2.6766270416054163      -0.29481675150818920        1.0000000000000000E-004   1.0000000000000000E-004
   549.72741699999995        281.89978000000002        3.1903341900000001E-003  -2.6645585977379120      -0.31264274091146232        1.0000000000000000E-004   1.0000000000000000E-004
   524.41943400000002        281.90637199999998        3.2406228100000001E-003  -2.6778405529170115      -0.34142052900297787        1.0000000000000000E-004   1.0000000000000000E-004
   499.11962899999997        281.91296399999999        3.2908949100000002E-003  -2.6939353360628289      -0.37020035616245356        1.0000000000000000E-004   1.0000000000000000E-004
   473.82891799999999        281.91961700000002        3.3411390600000001E-003  -2.7881381067632027      -0.39928767874662530        1.0000000000000000E-004   1.0000000000000000E-004
   448.54824800000000        281.92620799999997        3.3913627299999999E-003  -2.8838279187070963      -0.42805507760127043        1.0000000000000000E-004   1.0000000000000000E-004
   423.27871699999997        281.93279999999999        3.4415549599999999E-003  -3.0044857366746625      -0.45175236553177867        1.0000000000000000E-004   1.0000000000000000E-004
   398.02175899999997        281.93542500000001        3.4917213500000001E-003  -3.1191738696594036      -0.47474434665418375        1.0000000000000000E-004   1.0000000000000000E-004
   372.77890000000002        281.89120500000001        3.5418504799999998E-003  -3.1642925404834563      -0.48956883323354389        1.0000000000000000E-004   1.0000000000000000E-004
   347.55215500000003        281.83718900000002        3.5919465599999999E-003  -3.1993467132443318      -0.50358648882639589        1.0000000000000000E-004   1.0000000000000000E-004
   322.34393299999999        281.69183299999997        3.6419970000000001E-003  -3.1410511911092622      -0.51018061237352719        1.0000000000000000E-004   1.0000000000000000E-004
   297.15716600000002        281.54666099999997        3.6920039000000000E-003  -3.0795715236735743      -0.51698160911527080        1.0000000000000000E-004   1.0000000000000000E-004
   271.99560500000001        281.40182499999997        3.7419516599999998E-003  -2.9927622005336016      -0.52544554005331212        1.0000000000000000E-004   1.0000000000000000E-004
   246.86404400000001        281.23843399999998        3.7856146200000002E-003  -2.9124459286655000      -0.53401793145085952        1.0000000000000000E-004   1.0000000000000000E-004
   221.76879900000000        280.94345099999998        3.7856146200000002E-003  -2.8769967610377103      -0.54340875879677142        1.0000000000000000E-004   1.0000000000000000E-004
   196.71839900000001        280.62301600000001        3.7856146200000002E-003  -2.8476008215312163      -0.54814843355308895        1.0000000000000000E-004   1.0000000000000000E-004
   171.72468599999999        280.12985200000003        3.7856146200000002E-003  -2.8579144810864552      -0.52220494931679950        1.0000000000000000E-004   1.0000000000000000E-004
   146.80502300000001        279.56839000000002        3.7665839800000000E-003  -2.8678393717402293      -0.48839055601990350        1.0000000000000000E-004   1.0000000000000000E-004
   121.98595400000001        278.53469799999999        3.6187507200000002E-003  -2.8752990231082212      -0.40089011648980549       0.61207209404525065       0.69434960407435620     
   97.311340299999998        277.57754499999999        3.4984704100000001E-003  -2.8812029614449970      -0.31342803578670669        7.4186157067564623E-003   8.4025800466856464E-003
   72.861091599999995        277.19415299999997        3.5955710300000000E-003  -2.8747990146417548      -0.22294654098656283       0.55204536136798421       0.62625289596115319     
   48.804748500000002        276.83398399999999        3.6877696400000001E-003  -2.8606617535882961      -0.13794957215268078        1.2987962611418731        1.4734036042011378     
   25.613332700000001        276.79388399999999        3.7253203299999998E-003  -2.6435109317326524      -0.12739686997329425        1.3884717323617557        1.5751394881627852     
   10.000000000000000        276.76690700000000        3.7801002600000000E-003  -2.3267255168125258      -0.11201325047440942       0.69884325917497425       0.79279710055780128     
   1997.2254600000001        290.88537675474680        6.0252398922564280E-004 -0.78422752187777134        2.0230338649368842        1.0000000000000000E-004   1.0000000000000000E-004
   1971.7959000000001        290.86494041325722        6.2779370498656909E-004 -0.88891611524556180        1.9817287681612217        1.0000000000000000E-004   1.0000000000000000E-004
   1946.3670700000000        290.84445204534035        6.5320350097377244E-004 -0.99429396747709475        1.9409983338697399        1.0000000000000000E-004   1.0000000000000000E-004
   1920.9388400000000        290.82398906083421        6.7859120121828724E-004  -1.0997682760223131        1.9011156603823096        1.0000000000000000E-004   1.0000000000000000E-004
   1895.5111099999999        290.79396288632199        6.9947545375109168E-004  -1.2054928138965866        1.8508600518379756        1.0000000000000000E-004   1.0000000000000000E-004
   1870.0839800000001        290.71963498658459        6.9951030288127125E-004  -1.3118301457663253        1.7495300877573523        1.0000000000000000E-004   1.0000000000000000E-004
   1844.6575900000000        290.64526413437204        6.9951033198387570E-004  -1.4183174396957645        1.6489550907263950        1.0000000000000000E-004   1.0000000000000000E-004
   1819.2318100000000        290.57093734889349        6.9951033199999995E-004  -1.5249176384316170        1.5492094062489299        1.0000000000000000E-004   1.0000000000000000E-004
   1793.8067599999999        290.45069067045193        6.9951033199941448E-004  -1.6095359842334482        1.4432209174328956        1.0000000000000000E-004   1.0000000000000000E-004
   1768.3824500000001        290.18859924557432        6.9951033200607018E-004  -1.6258998919301992        1.3161760597988459        1.0000000000000000E-004   1.0000000000000000E-004
   1742.9588600000000        289.92654443113611        6.9951034298515241E-004  -1.6423015478641072        1.1899370513904997        1.0000000000000000E-004   1.0000000000000000E-004
   1717.5362500000001        289.66477601694913        6.9952349274034719E-004  -1.6588164627647914        1.0645592767450291        1.0000000000000000E-004   1.0000000000000000E-004
   1692.1140100000000        289.42816294336274        7.0741371314090510E-004  -1.6524593701689501       0.95059055165944428        1.0000000000000000E-004   1.0000000000000000E-004
   1666.6927499999999        289.24710142263405        7.3276771142632589E-004  -1.5952092504852573       0.86089672238548975        1.0000000000000000E-004   1.0000000000000000E-004
   1641.2723400000000        289.06634522367528        7.5815002329846913E-004  -1.5380282769277398       0.77208365609457530        1.0000000000000000E-004   1.0000000000000000E-004
   1615.8527799999999        288.88574579825422        7.8354741245965876E-004  -1.4810136361564274       0.68413578073778514        1.0000000000000000E-004   1.0000000000000000E-004
   1590.4340800000000        288.72536699201561        8.1848433270000878E-004  -1.4316099643003566       0.61148421933367791        1.0000000000000000E-004   1.0000000000000000E-004
   1565.0162399999999        288.59845013936553        8.6920227525678190E-004  -1.3946952404852075       0.56358451868186454        1.0000000000000000E-004   1.0000000000000000E-004
   1539.5992400000000        288.47164908241479        9.1994477689080734E-004  -1.3579545971979765       0.51656479217103679        1.0000000000000000E-004   1.0000000000000000E-004
   1514.1834699999999        288.34483366255188        9.7061010504051666E-004  -1.3214026567369779       0.47037783749189621        1.0000000000000000E-004   1.0000000000000000E-004
   1488.7685500000000        288.13593486618254        9.7648385198768482E-004  -1.3056383900281816       0.42032479474248630        1.0000000000000000E-004   1.0000000000000000E-004
   1463.3546100000001        287.82360829274450        9.2584189504382514E-004  -1.3160631847856972       0.36517387157314790        1.0000000000000000E-004   1.0000000000000000E-004
   1437.9417699999999        287.51138338570013        8.7510776071071325E-004  -1.3266832069166570       0.31085335603603076        1.0000000000000000E-004   1.0000000000000000E-004
   1412.5300299999999        287.19940253694182        8.2450444567382141E-004  -1.3374457931705699       0.25734995013462181        1.0000000000000000E-004   1.0000000000000000E-004
   1387.1193800000001        286.88775648680269        8.5090545706894465E-004  -1.3428034701836626       0.19070973746631367        1.0000000000000000E-004   1.0000000000000000E-004
   1361.7099599999999        286.57641653453464        9.5221492221785986E-004  -1.3429074963986181       0.11131357777531886        1.0000000000000000E-004   1.0000000000000000E-004
   1336.3018800000000        286.26541158195943        1.0536442107090030E-003  -1.3431546275437491        3.2736550623446957E-002   1.0000000000000000E-004   1.0000000000000000E-004
   1310.8949000000000        285.95485797555210        1.1550449525685367E-003  -1.3435251640067454       -4.5001940458808981E-002   1.0000000000000000E-004   1.0000000000000000E-004
   1285.4893800000000        285.74997978787252        1.2419580582835551E-003  -1.3268255002305358      -0.12346204413140560        1.0000000000000000E-004   1.0000000000000000E-004
   1260.0852100000000        285.62442040559961        1.3179834742082864E-003  -1.2973361147275309      -0.20225581140865750        1.0000000000000000E-004   1.0000000000000000E-004
   1234.6824999999999        285.49917604407682        1.3939861706790033E-003  -1.2679790664159691      -0.28020925091467369        1.0000000000000000E-004   1.0000000000000000E-004
   1209.2811300000001        285.37393747196569        1.4699849513447342E-003  -1.2387989826111419      -0.35728908556657718        1.0000000000000000E-004   1.0000000000000000E-004
   1183.8813500000001        285.21557505607740        1.5459500421587677E-003  -1.2237775012860537      -0.41423189858775628        1.0000000000000000E-004   1.0000000000000000E-004
   1158.4832799999999        285.03814725970904        1.6218934899416965E-003  -1.2169883281943015      -0.45920270982815314        1.0000000000000000E-004   1.0000000000000000E-004
   1133.0869100000000        284.86087023251139        1.6978317667843850E-003  -1.2103650424015584      -0.50331463954037670        1.0000000000000000E-004   1.0000000000000000E-004
   1107.6922600000000        284.68368502021178        1.7737354169180765E-003  -1.2039476915764751      -0.54651690385438079        1.0000000000000000E-004   1.0000000000000000E-004
   1082.3005400000000        284.43378524955097        1.8320177435214458E-003  -1.2296234552368752      -0.54711122646806187        1.0000000000000000E-004   1.0000000000000000E-004
   1056.9097899999999        284.15240538179859        1.8826196784823271E-003  -1.2693741163401726      -0.52866099635123276        1.0000000000000000E-004   1.0000000000000000E-004
   1031.5210000000000        283.87124650641516        1.9332048300692568E-003  -1.3092970147526912      -0.50934524153391159        1.0000000000000000E-004   1.0000000000000000E-004
   1006.1343400000000        283.59046285938160        1.9837857505527246E-003  -1.3494299917551671      -0.48909546556692757        1.0000000000000000E-004   1.0000000000000000E-004
   980.75000000000000        283.36920313693264        2.0343505238365417E-003  -1.4263388476383598      -0.40889225501758775        1.0000000000000000E-004   1.0000000000000000E-004
   955.36804199999995        283.16722194257966        2.0849068971428466E-003  -1.5151169141985317      -0.30892392725944190        1.0000000000000000E-004   1.0000000000000000E-004
   929.98846400000002        283.04743108549889        2.1354507162554756E-003  -1.6031005878215989      -0.20214175048944055        1.0000000000000000E-004   1.0000000000000000E-004
   904.61157200000002        282.94979931761981        2.1859870659277918E-003  -1.6909738876690363       -9.2973826143520788E-002   1.0000000000000000E-004   1.0000000000000000E-004
   879.23742700000003        282.85238613706645        2.2365095171760813E-003  -1.7821629598222173       -1.0000811844608888E-002   1.0000000000000000E-004   1.0000000000000000E-004
   853.86627199999998        282.75506608090029        2.2870958589808464E-003  -1.8741868068923997        6.7738959312173080E-002   1.0000000000000000E-004   1.0000000000000000E-004
   828.49829099999999        282.65780610762243        2.3803304914232636E-003  -1.9566361050739065       0.13742776872342496        1.0000000000000000E-004   1.0000000000000000E-004
   803.13348399999995        282.56054698387976        2.4812917205597512E-003  -2.0374430481519976       0.20633185151126762        1.0000000000000000E-004   1.0000000000000000E-004
   777.77227800000003        282.37290330013559        2.5822162943317383E-003  -2.1058063777735923       0.27445303851671593        1.0000000000000000E-004   1.0000000000000000E-004
   752.41485599999999        282.15512301014235        2.6970459214497103E-003  -2.1760794563630781       0.34549003293263575        1.0000000000000000E-004   1.0000000000000000E-004
   727.06133999999997        282.01937148846457        2.7909173657189538E-003  -2.2496832690486230       0.39511065488299640        3.7092347535652173E-002  0.10871651862421287     
   701.71209699999997        281.99172529947663        3.0299565671782764E-003  -2.3447903809711375       0.45318780134720243        7.0431994316058566E-002  0.20660802087618091     
   676.36755400000004        282.21329764520220        3.3043065854492081E-003  -2.4540127630007902       0.52092069977512379       0.49875546510710272        1.4642466624798243     
   651.02789299999995        282.38412013990154        3.4641126360739423E-003  -2.5225623165077287       0.60911183656143308        1.2771506871281393        3.7497621664579022     
   625.69360400000005        282.50924403895687        3.5673336665314561E-003  -2.5580334759868939       0.69411152583793390        2.3607323676585583        6.9313628870816917     
   600.36511199999995        282.60395298797312        3.6398864977525498E-003  -2.5749417860615926       0.76917287354086805        3.7046521863458874        10.877365736404174     
   575.04284700000005        282.67839191264829        3.6941847274356600E-003  -2.5812364160386596       0.83409840589093742        5.2641053248171907        15.456215356423613     
   549.72741699999995        282.73888380399131        3.7368052656578097E-003  -2.5811239337504812       0.89024231922164287        6.9943254698525914        20.536469447440769     
   524.41943400000002        282.78948199925031        3.7715352289014424E-003  -2.5769254227354716       0.93909383401712931        8.8506017764361324        25.986848574768825     
   499.11962899999997        282.83289894880392        3.8007060063383943E-003  -2.5699811309563256       0.98193429189507064        10.788280548619145        31.676241104044564     
   473.82891799999999        282.87103194633056        3.8258334170160071E-003  -2.5610931192238091        1.0197933962917669        12.762770423744985        37.473718423061989     
   448.54824800000000        282.90526713990147        3.8479494972502447E-003  -2.5507517179458037        1.0534810697642158        14.729568082634705        43.248610431717367     
   423.27871699999997        282.93666235155837        3.8677858436862050E-003  -2.5392569366560882        1.0836308947798208        16.644265791369243        48.870527686068087     
   398.02175899999997        282.96606234714835        3.8858807375976839E-003  -2.5267860904298587        1.1107383471212668        18.462558551320960        54.209382392108694     
   372.77890000000002        282.99417556437459        3.9026449171056443E-003  -2.5134323051257135        1.1351906676810530        20.140289346772807        59.135521261306181     
   347.55215500000003        283.02162880188536        3.9184039281347765E-003  -2.4992263055167103        1.1572889428388013        21.633455963229924        63.519745530323597     
   322.34393299999999        283.04900998561374        3.9334269210911993E-003  -2.4841477641923251        1.1772638259128385        22.898265847853065        67.233472041533162     
   297.15716600000002        283.07690596748472        3.9479475960351911E-003  -2.4681293100812391        1.1952859776815850        23.891189469654446        70.148889918490084     
   271.99560500000001        283.10594108944730        3.9621809189698352E-003  -2.4510544012877027        1.2114718367835264        24.569030700081811        72.139167216391030     
   246.86404400000001        283.13682292658353        3.9763383981262345E-003  -2.4327486366847992        1.2258848219423333        24.889037583227918        73.078776164046559     
   221.76879900000000        283.17040405586363        3.9906445454620564E-003  -2.4129624087224393        1.2385310964198422        24.809059324980971        72.843954113220605     
   196.71839900000001        283.20777473821926        4.0053579744461420E-003  -2.3913400316822737        1.2493476363673113        24.287788814544459        71.313415626925817     
   171.72468599999999        283.25041476561597        4.0208029194516090E-003  -2.3673651332747063        1.2581775004646274        23.285146828257449        68.369480573304784     
   146.80502300000001        283.30046387657518        4.0374228030118338E-003  -2.3402600786966907        1.2647209624071574        21.762943696491785        63.900016902592768     
   121.98595400000001        283.36124960961848        4.0558826029284236E-003  -2.3087869125922240        1.2684353323831348        19.686068197039539        57.801931459132319     
   97.311340299999998        283.43844037796657        4.0772904555043373E-003  -2.2708104930622679        1.2683104250785604        17.024889955329318        49.988223874747952     
   72.861091599999995        283.54298057378185        4.1037597181128836E-003  -2.2221857541343737        1.2622879215010407        13.760703964743048        40.403972691782648     
   48.804748500000002        283.70044946176745        4.1401974310676147E-003  -2.1532151887727515        1.2453831680403677        9.9006948312000631        29.070273164099500     
   25.613332700000001        283.97940369401539        4.1993842875621950E-003  -2.0384670959288358        1.2030983933467325        5.5346440354545816        16.250740306173213     
   10.000000000000000        284.62470641122735        4.3281547692113013E-003  -1.7853770981056993        1.0816119130168917        2.2212818184153504        6.5220950737728876     
   1997.2254600000001        290.88528596513561        6.0263625160875730E-004  -1.7847519374756833        2.3629231896535718        1.0000000000000000E-004   1.0000000000000000E-004
   1971.7959000000001        290.86495158008825        6.2778002344310887E-004  -1.8373229095168138        2.2642418416394308        1.0000000000000000E-004   1.0000000000000000E-004
   1946.3670700000000        290.84445208260070        6.5320344739947314E-004  -1.8910622333154985        2.1656939647259210        1.0000000000000000E-004   1.0000000000000000E-004
   1920.9388400000000        290.82397305142342        6.7858366333102256E-004  -1.9455325031105386        2.0685357425817328        1.0000000000000000E-004   1.0000000000000000E-004
   1895.5111099999999        290.79388899300102        6.9944067918914716E-004  -1.9920971047418712        1.9655281816555941        1.0000000000000000E-004   1.0000000000000000E-004
   1870.0839800000001        290.71963484976897        6.9951021578020423E-004  -1.9994621677936928        1.8309679104542458        1.0000000000000000E-004   1.0000000000000000E-004
   1844.6575900000000        290.64526414041808        6.9951033187077552E-004  -2.0074908263449136        1.6975979774242553        1.0000000000000000E-004   1.0000000000000000E-004
   1819.2318100000000        290.57086055830729        6.9951033199995246E-004  -2.0162519224575566        1.5655694445031956        1.0000000000000000E-004   1.0000000000000000E-004
   1793.8067599999999        290.45045400476732        6.9951033199882901E-004  -2.0063685175859876        1.4476422457115048        1.0000000000000000E-004   1.0000000000000000E-004
   1768.3824500000001        290.18859909581010        6.9951033204882504E-004  -1.9374660072737035        1.3703979969114011        1.0000000000000000E-004   1.0000000000000000E-004
   1742.9588600000000        289.92654493101531        6.9951037589236799E-004  -1.8691633721389556        1.2945837617839877        1.0000000000000000E-004   1.0000000000000000E-004
   1717.5362500000001        289.66481804934574        6.9953665829566359E-004  -1.8016398538353311        1.2201500810811572        1.0000000000000000E-004   1.0000000000000000E-004
   1692.1140100000000        289.42825564754912        7.0744286081459893E-004  -1.7286851424094902        1.1715767338552907        1.0000000000000000E-004   1.0000000000000000E-004
   1666.6927499999999        289.24710199915268        7.3276778450958821E-004  -1.6427600786747911        1.1785999458236807        1.0000000000000000E-004   1.0000000000000000E-004
   1641.2723400000000        289.06634550381716        7.5815006324307785E-004  -1.5575894898693792        1.1870996272231522        1.0000000000000000E-004   1.0000000000000000E-004
   1615.8527799999999        288.88577957747412        7.8356335475165354E-004  -1.4732717074025803        1.1969057226200686        1.0000000000000000E-004   1.0000000000000000E-004
   1590.4340800000000        288.72542285382747        8.1851068393019985E-004  -1.4056763677030906        1.2112753080837084        1.0000000000000000E-004   1.0000000000000000E-004
   1565.0162399999999        288.59845037161915        8.6920234125823751E-004  -1.3651731435446082        1.2323369288508044        1.0000000000000000E-004   1.0000000000000000E-004
   1539.5992400000000        288.47164893578724        9.1994458907006108E-004  -1.3255562825382277        1.2547109050315304        1.0000000000000000E-004   1.0000000000000000E-004
   1514.1834699999999        288.34469649486311        9.7053526228850398E-004  -1.2867698145900592        1.2783155609117078        1.0000000000000000E-004   1.0000000000000000E-004
   1488.7685500000000        288.13576208141404        9.7638944552556591E-004  -1.2580607804802513        1.2842239284437729        1.0000000000000000E-004   1.0000000000000000E-004
   1463.3546100000001        287.82360829640447        9.2584165894829974E-004  -1.2418488446708511        1.2674831094339332        1.0000000000000000E-004   1.0000000000000000E-004
   1437.9417699999999        287.51138377116297        8.7510808283148265E-004  -1.2264734351269546        1.2519579247875496        1.0000000000000000E-004   1.0000000000000000E-004
   1412.5300299999999        287.19940307355398        8.2463312647136752E-004  -1.2118477919307173        1.2377129665260902        1.0000000000000000E-004   1.0000000000000000E-004
   1387.1193800000001        286.88775697377031        8.5103065872324990E-004  -1.1836776610469499        1.2203222250085115        1.0000000000000000E-004   1.0000000000000000E-004
   1361.7099599999999        286.57641706931861        9.5221523527982705E-004  -1.1423519123886441        1.1999052398179304        1.0000000000000000E-004   1.0000000000000000E-004
   1336.3018800000000        286.26541245815355        1.0536441513573547E-003  -1.1017783403459831        1.1807694535393802        1.0000000000000000E-004   1.0000000000000000E-004
   1310.8949000000000        285.95503458278068        1.1550207456929916E-003  -1.0619629997010540        1.1629701365149483        1.0000000000000000E-004   1.0000000000000000E-004
   1285.4893800000000        285.75011207415866        1.2419400912548118E-003  -1.0109431143384868        1.1588629222205182        1.0000000000000000E-004   1.0000000000000000E-004
   1260.0852100000000        285.61264501755875        1.3257780677796444E-003 -0.94932606561575450        1.1656619310571223        1.0000000000000000E-004   1.0000000000000000E-004
   1234.6824999999999        285.49473603352965        1.3972303613479801E-003 -0.89263832060747683        1.1732476808987475        4.2394479819976454E-002  0.10527447343405436     
   1209.2811300000001        285.28090765067196        1.6080528615805133E-003 -0.83659961683946449        1.1857814678696459        2.1447345764562569E-002   5.3184843917120313E-002
   1183.8813500000001        285.02858883471453        2.0929382977346077E-003 -0.86103183405069872        1.2229075266102427       0.24067823357697032       0.59835039507270082     
   1158.4832799999999        284.93908027029084        2.4549989790294264E-003  -1.0066113680360893        1.2946293154113713       0.68463479865462029        1.7023455007351798     
   1133.0869100000000        284.91522563045652        2.7048839029474381E-003  -1.1956213934585904        1.3798392085098916        1.3378705279817369        3.3267590362516435     
   1107.6922600000000        284.91900625854157        2.8843896344264981E-003  -1.3793951936278466        1.4648657698032748        2.1849443173816470        5.4331933272272028     
   1082.3005400000000        284.93503846751537        3.0191888918725185E-003  -1.5431799911480071        1.5448649578273816        3.2103687137544727        7.9831354425242127     
   1056.9097899999999        284.95653990003308        3.1242742818884230E-003  -1.6847936280048499        1.6185800069662568        4.3987908223494179        10.938407059775709     
   1031.5210000000000        284.98031364408490        3.2087286278404056E-003  -1.8060552696383561        1.6860757445655499        5.7347484094616430        14.260557961379426     
   1006.1343400000000        285.00478709389574        3.2783123273536587E-003  -1.9097546052981034        1.7478596931917787        7.2028127339128005        17.911221216222323     
   980.75000000000000        285.02917490738969        3.3368382671302584E-003  -1.9986361747647934        1.8045471694657544        8.7875579693862758        21.852037141626589     
   955.36804199999995        285.05309282452032        3.3869247897082952E-003  -2.0750977318834307        1.8567348387591391        10.473571960972469        26.044680051853632     
   929.98846400000002        285.07636860403557        3.4304277268788043E-003  -2.1411424876642253        1.9049581996548886        12.245454786596879        30.450854680780616     
   904.61157200000002        285.09894490339428        3.4686988608000546E-003  -2.1984147818412780        1.9496824013854188        14.087792475045582        35.032230826015073     
   879.23742700000003        285.12082748708451        3.5027464932502628E-003  -2.2482567549154591        1.9913058106178025        15.985195946289078        39.750540182535630     
   853.86627199999998        285.14205681475465        3.5333385167518466E-003  -2.2917639096839584        2.0301676792276804        17.922271566763154        44.567503121948874     
   828.49829099999999        285.16269215907113        3.5610706274849927E-003  -2.3298330354459043        2.0665565611778498        19.883639612479662        49.444874605056640     
   803.13348399999995        285.18280261485580        3.5864125719724752E-003  -2.3632012571996430        2.1007180109207262        21.853945461336686        54.344472013989048     
   777.77227800000003        285.20246204976343        3.6097402935271173E-003  -2.3924772436338202        2.1328612391676653        23.817813085134876        59.228059499906998     
   752.41485599999999        285.22174647824232        3.6313589197446501E-003  -2.4181660909976594        2.1631649336514953        25.759898471911232        64.057480829342310     
   727.06133999999997        285.24073274361939        3.6515193080574118E-003  -2.4406887657854290        2.1917819250580606        27.664876482392103        68.794626699888639     
   701.71209699999997        285.25949793385695        3.6704301422593941E-003  -2.4603973369530947        2.2188428578672506        29.517419244866623        73.401381014310573     
   676.36755400000004        285.27811949396693        3.6882671616913169E-003  -2.4775872006028834        2.2444594083153908        31.302213258858032        77.839663412567816     
   651.02789299999995        285.29667566665108        3.7051801551654692E-003  -2.4925066752994547        2.2687268304339572        33.003982597331053        82.071486969198929     
   625.69360400000005        285.31524610049189        3.7212982877811484E-003  -2.5053645228555483        2.2917258572184509        34.607452548741527        86.058867781286210     
   600.36511199999995        285.33391274714171        3.7367343653507096E-003  -2.5163359781284038        2.3135242963360341        36.097379083809905        89.763898244055014     
   575.04284700000005        285.35276096985109        3.7515882480239700E-003  -2.5255674833707555        2.3341782361941568        37.458546479510616        93.148741142397654     
   549.72741699999995        285.37188082384608        3.7659496091892362E-003  -2.5331803647185973        2.3537328617334077        38.675762221094629        96.175616973617025     
   524.41943400000002        285.39136865504099        3.7799002949244309E-003  -2.5392736735162664        2.3722230200651135        39.733872117724964        98.806841535771667     
   499.11962899999997        285.41132901243714        3.7935163531401723E-003  -2.5439262623143701        2.3896734494658287        40.617760481197259        101.00482637208692     
   473.82891799999999        285.43187700741163        3.8068698758092498E-003  -2.5471981953847784        2.4060986981657586        41.312356848511186        102.73209548808255     
   448.54824800000000        285.45314131089935        3.8200307785753868E-003  -2.5491315163344788        2.4215027211505897        41.802650413231234        103.95132123831895     
   423.27871699999997        285.47526788650896        3.8330685441200370E-003  -2.5497503377237067        2.4358779943314302        42.073696120716527        104.62533948349603     
   398.02175899999997        285.49842483490022        3.8460540996287764E-003  -2.5490602171378858        2.4492041167914360        42.110628128014902        104.71718306138222     
   372.77890000000002        285.52280883752456        3.8590619837977169E-003  -2.5470466612374443        2.4614457452380192        41.898680062678380        104.19013216481198     
   347.55215500000003        285.54865375553248        3.8721729287314009E-003  -2.5436725220414846        2.4725495347915829        41.423208067155578        103.00777164652376     
   322.34393299999999        285.57624251948891        3.8854771926724371E-003  -2.5388738881063486        2.4824397527421698        40.669724107832685        101.13407384936211     
   297.15716600000002        285.60592390108934        3.8990790334423159E-003  -2.5325538050443908        2.4910118775992243        39.623937401881463        98.533501623139941     
   271.99560500000001        285.63813670742979        3.9131029447332212E-003  -2.5245727716227937        2.4981230927820945        38.271818937451755        95.171168768104778     
   246.86404400000001        285.67344593878676        3.9277028081348801E-003  -2.5147341561781746        2.5035779066447894        36.599688429542311        91.013056269618744     
   221.76879900000000        285.71259872629736        3.9430758878093277E-003  -2.5027612734966507        2.5071056605856015        34.594348697088535        86.026346455983386     
   196.71839900000001        285.75661464186737        3.9594852769792516E-003  -2.4882600440452500        2.5083239324385649        32.243291026329089        80.179933679076427     
   171.72468599999999        285.80693914661617        3.9772978937009512E-003  -2.4706552398472978        2.5066759354885195        29.535021630637310        73.445236127662156     
   146.80502300000001        285.86572147001601        3.9970531605769350E-003  -2.4490747635702004        2.5013165225683327        26.459652159698805        65.797664256739466     
   121.98595400000001        285.93636082449672        4.0195979103610675E-003  -2.4221219917556547        2.4908870273686898        23.009938910845445        57.219205012313530     
   97.311340299999998        286.02470195571493        4.0463815656800045E-003  -2.3873773963001992        2.4730198436609214        19.183451613024811        47.703814983857100     
   72.861091599999995        286.14207672721164        4.0802070115745839E-003  -2.3401309171608351        2.4430709079569355        14.987528027969072        37.269741096366459     
   48.804748500000002        286.31497766222515        4.1276176407837430E-003  -2.2693515379110822        2.3900583582139796        10.453109646336443        25.993926073998150     
   25.613332700000001        286.61352562717775        4.2056741336061292E-003  -2.1457850323754322        2.2834913773193533        5.6880800392751532        14.144645835594387     
   10.000000000000000        287.28545470985387        4.3754247944043541E-003  -1.8654337809592063        2.0133472584596239        2.2564574218623252        5.6111712600945642     
   1997.2254600000001        290.88170518774302        6.0706370635327787E-004  -3.6620134388111474        1.6030942248182658       0.31141434488984554        6.9396014556311900E-003
   1971.7959000000001        290.86144291149844        6.3208492590889631E-004  -3.6505047436269358        1.5694484148285770       0.31141434488984554        6.9396014556311900E-003
   1946.3670700000000        290.84223727613579        6.5525651040449840E-004  -3.6297809439690241        1.5186667739323740       0.74480697569962995        4.2291743139779868E-002
   1920.9388400000000        290.82235670120679        6.7592625061496951E-004  -3.6022255041274129        1.4621038446905428       0.97255061675695154        7.0193921770481268E-002
   1895.5111099999999        290.79212687629860        6.9395442031497964E-004  -3.5661234457130262        1.4004359904059580        1.0536349064352897        6.4252696888713323E-002
   1870.0839800000001        290.72024181546226        6.9910153430516179E-004  -3.5176701259461960        1.3322109477812007       0.99002204218914480        3.4413679515820708E-002
   1844.6575900000000        290.64698878504100        6.9949106115035008E-004  -3.4624878873832423        1.2696871892117645       0.99950059007479386        3.3747125374324893E-002
   1819.2318100000000        290.57297826210379        6.9950974299588450E-004  -3.4011626301308362        1.2167479368191667       0.96501043336117032        3.0306249143812896E-002
   1793.8067599999999        290.45193830747684        6.9951032458987210E-004  -3.3289984060737434        1.1750539768772259       0.83408639832816012        1.6740823031576223E-002
   1768.3824500000001        290.18956648341072        6.9951033907809175E-004  -3.2431059899488290        1.1521300539716062       0.67534047170575606        6.9919891738323249E-003
   1742.9588600000000        289.92702161266993        6.9951146046596364E-004  -3.1590544802607217        1.1569311867724852       0.62233762364355061        5.7404540947142866E-003
   1717.5362500000001        289.66499461121640        6.9964930179230533E-004  -3.0840769008361573        1.1880610007266474       0.59465116195847456        5.0839609498272249E-003
   1692.1140100000000        289.42777579089091        7.0785962888160264E-004  -3.0254637915089924        1.2412308576633175       0.60761712189524486        5.4370206029972553E-003
   1666.6927499999999        289.24661053114875        7.3284267540063119E-004  -2.9856651889050987        1.3066866426074348       0.66354126323915230        7.2888504064164096E-003
   1641.2723400000000        289.06638204555492        7.5814938902517661E-004  -2.9587425985322069        1.3793031306058630       0.69606951498117231        7.8313207252428251E-003
   1615.8527799999999        288.88646243784086        7.8374280364050313E-004  -2.9415167354134053        1.4548790560809617       0.71489065300863952        8.0414390841397152E-003
   1590.4340800000000        288.72622802413986        8.1883171481486887E-004  -2.9334290678938895        1.5301049379391058       0.73775372827671815        8.8567832791240104E-003
   1565.0162399999999        288.59874350656855        8.6909498682840322E-004  -2.9352820949006100        1.6037424343365863       0.79839737337387362        1.1419492248192765E-002
   1539.5992400000000        288.47145464812098        9.2000411804057448E-004  -2.9515917680014816        1.6807008198062243       0.92902514306894080        1.5166550669705332E-002
   1514.1834699999999        288.34280758094496        9.6959561055579696E-004  -2.9937730323390648        1.7612263148148057        1.2500516139674720        2.7025153177564144E-002
   1488.7685500000000        288.12937992584943        9.7451432795432190E-004  -3.0732420781324250        1.8466085633179781        1.6365610399807076        3.4963754151481244E-002
   1463.3546100000001        287.80949144319692        9.2379543729353736E-004  -3.1873787736326098        1.9344230155301760        2.0841300450436457        4.5094148627774132E-002
   1437.9417699999999        287.48372984315381        8.7756288654304712E-004  -3.3232409742227511        2.0223719775298088        2.6442445746432117        7.0948820014096026E-002
   1412.5300299999999        287.09083192098001        8.9404632398130729E-004  -3.4789181258593973        2.1158195689877761        3.0939975839569587        8.6274712775938039E-002
   1387.1193800000001        286.77826479903513        1.1739850923384405E-003  -3.6397767670791543        2.2108851166575505        3.7048488965913875       0.13762088196903022     
   1361.7099599999999        286.18483197988968        2.6764873463829071E-003  -3.8251659833263782        2.3228905863859195        3.7570347207119763        9.7596629754646794E-002
   1336.3018800000000        286.11314740780773        3.2629415305102153E-003  -3.9622075648217163        2.4102085778253732        5.6538807225267504       0.68888269038478511     
   1310.8949000000000        286.11177431055847        3.3028630256593449E-003  -4.0427879232071486        2.4651593044782834        10.262011854043569        11.613644333641657     
   1285.4893800000000        286.11223657156785        3.3167281473169981E-003  -4.0834948914343441        2.4949435952062848        21.285008480768820        37.501198893282151     
   1260.0852100000000        286.11318954173868        3.3275712851457699E-003  -4.1089468864228547        2.5148355093078929        35.398028799943347        52.884293636694345     
   1234.6824999999999        286.11448386182661        3.3372939606229847E-003  -4.1288506591497871        2.5313570491295692        46.752127826331602        64.218632764316567     
   1209.2811300000001        286.11606780569133        3.3465289042636012E-003  -4.1460019634394438        2.5464024596176889        55.708854264264104        72.859322968853007     
   1183.8813500000001        286.11791294769341        3.3555417078606924E-003  -4.1614924577769301        2.5607043224677639        63.003598925217496        79.759971145650525     
   1158.4832799999999        286.12000012384345        3.3644645858736028E-003  -4.1758493808361274        2.5746100343840643        69.104405672631913        85.441837509087151     
   1133.0869100000000        286.12231509395656        3.3733708734708370E-003  -4.1893638703326674        2.5883067937843154        74.299107974705038        90.206522646113200     
   1107.6922600000000        286.12484664215089        3.3823039612896461E-003  -4.2022112194537060        2.6019039005114823        78.772459745416526        94.242352927684493     
   1082.3005400000000        286.12758579643241        3.3912911487375408E-003  -4.2145041049363812        2.6154693889657556        82.644847594216074        97.669112807427396     
   1056.9097899999999        286.13052514092169        3.4003497931262895E-003  -4.2263176537685494        2.6290468664535029        86.004215702868819        100.57602338032157     
   1031.5210000000000        286.13365852192226        3.4094911893478731E-003  -4.2377034217970584        2.6426649941165645        88.910280759735201        103.02246739982466     
   1006.1343400000000        286.13698079977058        3.4187226995824557E-003  -4.2486973588853969        2.6563427999513780        91.406979188789492        105.05268194739322     
   980.75000000000000        286.14048775809209        3.4280492682481822E-003  -4.2593248486268189        2.6700931585985765        93.527370639548977        106.70041617775402     
   955.36804199999995        286.14417599225925        3.4374742638517454E-003  -4.2696037126007038        2.6839247652357168        95.296413780599451        107.99147080076162     
   929.98846400000002        286.14804281667938        3.4470000111420629E-003  -4.2795461469945399        2.6978433754848861        96.733569444061331        108.94636107729730     
   904.61157200000002        286.15208623824037        3.4566282617898292E-003  -4.2891601165722495        2.7118527575102824        97.853348073314535        109.58053201461067     
   879.23742700000003        286.15630491634829        3.4663604697481839E-003  -4.2984502456816296        2.7259552696040368        98.667603636545124        109.90696163572414     
   853.86627199999998        286.16069816137264        3.4761980505901187E-003  -4.3074184665625328        2.7401523179055212        99.185523669593081        109.93588819874600     
   828.49829099999999        286.16526594861841        3.4861425970260278E-003  -4.3160644681610698        2.7544447003067938        99.414389783178606        109.67560891112203     
   803.13348399999995        286.17000889169708        3.4961959481016971E-003  -4.3243859005201113        2.7688327056152691        99.360828397146420        109.13388655875383     
   777.77227800000003        286.17492828986127        3.5063603840671943E-003  -4.3323785887821433        2.7833163341095619        99.029575481627035        108.31635321149851     
   752.41485599999999        286.18002616930522        3.5166387703207723E-003  -4.3400366277692815        2.7978954317161229        98.425017119257006        107.22833540649184     
   727.06133999999997        286.18530530970338        3.5270346436119056E-003  -4.3473523540778682        2.8125697068351463        97.551436969570915        105.87508130919676     
   701.71209699999997        286.19076929200264        3.5375523262856099E-003  -4.3543162729065532        2.8273387423707197        96.412443404034448        104.26104573393253     
   676.36755400000004        286.19642260614114        3.5481971395772034E-003  -4.3609169810055368        2.8422021097722827        95.011265978415778        102.39023266729978     
   651.02789299999995        286.20227071161764        3.5589755069752602E-003  -4.3671409338774207        2.8571592954710492        93.351876974657799        100.26748417489887     
   625.69360400000005        286.20832015931893        3.5698951642828634E-003  -4.3729721881465817        2.8722096983354866        91.437850659643118        97.897131641746753     
   600.36511199999995        286.21457872753075        3.5809653846368785E-003  -4.3783920472086848        2.8873525894282217        89.273147807512842        95.283909110602309     
   575.04284700000005        286.22105557661752        3.5921972284541819E-003  -4.3833785866619195        2.9025870110416321        86.862334726694343        92.433189872407382     
   549.72741699999995        286.22776145723492        3.6036038848454022E-003  -4.3879060629345759        2.9179116803708403        84.210225424524580        89.350577102403179     
   524.41943400000002        286.23470895502277        3.6152010754463074E-003  -4.3919441421321253        2.9333248253239810        81.322403527632986        86.042496509700285     
   499.11962899999997        286.24191279051013        3.6270075591655505E-003  -4.3954569010926772        2.9488239486654315        78.205246397869104        82.516218906589131     
   473.82891799999999        286.24939021962837        3.6390458223448606E-003  -4.3984015409604584        2.9644055585791591        74.865848340666872        78.779776531589576     
   448.54824800000000        286.25716152213045        3.6513429447956195E-003  -4.4007266754816374        2.9800647499789052        71.312508372229885        74.842506044551385     
   423.27871699999997        286.26525059482532        3.6639316964330428E-003  -4.4023700361959985        2.9957945526769132        67.554873962299908        70.715200452761025     
   398.02175899999997        286.27368576964955        3.6768520967424413E-003  -4.4032553807716370        3.0115851174829245        63.603782542846851        66.409932834784428     
   372.77890000000002        286.28250081085497        3.6901534313844020E-003  -4.4032882040316048        3.0274223909009548        59.472138492663397        61.941006773882286     
   347.55215500000003        286.29173627155103        3.7038971256523521E-003  -4.4023497060450838        3.0432862357423542        55.174764445961650        57.324773582064807     
   322.34393299999999        286.30144128754682        3.7181607983910975E-003  -4.4002880902200552        3.0591475426065911        50.729066771125893        52.580325492987456     
   297.15716600000002        286.31167597362651        3.7330441171083682E-003  -4.3969056778292064        3.0749636592039207        46.155714851258615        47.730169250030386     
   271.99560500000001        286.32251468808181        3.7486775401566904E-003  -4.3919392588799511        3.0906710063168812        41.479296424736198        42.800827300101993     
   246.86404400000001        286.33405050759774        3.7652357710293003E-003  -4.3850290786188353        3.1061726783503181        36.729508438701977        37.823925168731677     
   221.76879900000000        286.34640142224646        3.7829593172898951E-003  -4.3756678643647744        3.1213167868182654        31.942613764274654        32.837403791903583     
   196.71839900000001        286.35971893700463        3.8021907510102978E-003  -4.3631129131079831        3.1358567937031818        27.163370745462242        27.886974309098825     
   171.72468599999999        286.37419982179631        3.8234394200087432E-003  -4.3462253032179987        3.1493745019774093        22.447501972269869        23.027792145273256     
   146.80502300000001        286.39010148620434        3.8475066044194291E-003  -4.3231525777408244        3.1611198449972182        17.864158179779249        18.325889474673588     
   121.98595400000001        286.40775706473016        3.8757522193028204E-003  -4.2906368398277337        3.1696438231240194        13.498710505043816        13.860341199286019     
   97.311340299999998        286.42756027930415        3.9107400918222956E-003  -4.2422847220994511        3.1718357831716228        9.4562746476099733        9.7276753391908599     
   72.861091599999995        286.44972038754349        3.9580960918163361E-003  -4.1633000709404522        3.1598375017202178        5.8695351123118282        6.0529113963057206     
   48.804748500000002        286.47213972245936        4.0334620936351255E-003  -4.0085672577690676        3.1074021106005145        2.9178225422244379        3.0142125601866456     
   25.613332700000001        286.46279891382238        4.1889986143836665E-003  -3.6308251989467211        2.9081761086122908        1.0253173407899869       0.91835743598862996     
   10.000000000000000        286.12656456974952        4.6658082423263912E-003  -2.5328709801189855        2.1597232115143985       0.35176268439133407       0.25823740410778379     
   1997.2254600000001        290.88070575570282        6.0829575155202712E-004  -5.4111725857630768      -0.81743982370232615        3.2889219083166533E-002   9.6907925724073487E-005
   1971.7959000000001        290.85965805115433        6.3418104023048923E-004  -5.4022069298084388      -0.81400670732325775        3.2889219083166533E-002   9.6907925724073487E-005
   1946.3670700000000        290.84036447093064        6.5664492783206266E-004  -5.3848833306400534      -0.80768771816814422        9.1520231284121165E-002   5.5967371513545249E-004
   1920.9388400000000        290.82035027972324        6.7528383045892997E-004  -5.3636958293926957      -0.79778676512011193       0.14645532584518875        1.3969810325405679E-003
   1895.5111099999999        290.78983235910533        6.9124699408329557E-004  -5.3387521276583874      -0.78229778147530105       0.19141745282084316        1.8838740995199166E-003
   1870.0839800000001        290.71934326941988        6.9843906042804389E-004  -5.3102402492826846      -0.75703468038432342       0.21915095034733995        1.5578679339371103E-003
   1844.6575900000000        290.64652908597492        6.9940975175668870E-004  -5.2864979348853387      -0.72127802243948658       0.27902731400399866        2.4405299438431103E-003
   1819.2318100000000        290.57181542131963        6.9950286899802519E-004  -5.2740407083339100      -0.67448604035326820       0.35708069685723559        3.8798430354087614E-003
   1793.8067599999999        290.44947233971868        6.9951002619290112E-004  -5.2788005437661498      -0.61555716506982816       0.42751800340437290        4.2078823431804481E-003
   1768.3824500000001        290.18676201667114        6.9951137975802981E-004  -5.3075323794797358      -0.54598438460872301       0.48834645157742773        3.5960366612079815E-003
   1742.9588600000000        289.92156079473284        6.9956421090272591E-004  -5.3583092192868085      -0.47891600860870165       0.61842950327921253        5.6368936060971408E-003
   1717.5362500000001        289.65669598688623        7.0082012742687190E-004  -5.4270353414564116      -0.41712055560281508       0.76104386110343947        8.3848271710806558E-003
   1692.1140100000000        289.41735623389093        7.1194613058112120E-004  -5.5085170682702831      -0.36205419308391551       0.92199266550354364        1.2741100483966579E-002
   1666.6927499999999        289.23205834954211        7.3536741783392751E-004  -5.5971611124663116      -0.31429256526234695        1.1131749273037002        2.0891361599441133E-002
   1641.2723400000000        289.04890543546088        7.6206048845416259E-004  -5.6938192594622867      -0.27097848963690963        1.2636949205358203        2.6518445989396205E-002
   1615.8527799999999        288.86754557789357        7.9438586621765304E-004  -5.7968102883605885      -0.23123301999941009        1.4078612080971358        3.2355050050824036E-002
   1590.4340800000000        288.70648109799197        8.3523442878068437E-004  -5.9029712297304009      -0.19479945673309287        1.5715392866811233        4.2018506739009955E-002
   1565.0162399999999        288.57357282568466        8.7620429276619714E-004  -6.0099062410987241      -0.16114185948469842        1.7523198667499631        5.6656304618679133E-002
   1539.5992400000000        288.44214666861063        9.1259839130503442E-004  -6.1197281087410715      -0.12849540616674565        1.8801053268885730        6.4035040300486304E-002
   1514.1834699999999        288.29920931979285        9.3693726878204501E-004  -6.2333805872631665       -9.5656192439485380E-002   1.9703686473212398        6.5507244410430612E-002
   1488.7685500000000        288.08230669222502        9.4734093109443513E-004  -6.3565327518320194       -6.0086807928683768E-002   1.9460328739095947        4.9585218878270651E-002
   1463.3546100000001        287.77261575445692        9.4875413491318718E-004  -6.4880241846736881       -2.1016008838810503E-002   1.9268379727540639        3.9010683933487826E-002
   1437.9417699999999        287.44312594107066        1.0097657472394920E-003  -6.6213489464722590        2.0890293757808053E-002   1.9861193236914187        3.9022605184842150E-002
   1412.5300299999999        287.06815339969648        1.2798956313350731E-003  -6.7572358280016243        6.7145109657943861E-002   2.0152754953541656        3.6463291527932561E-002
   1387.1193800000001        286.72815379874669        1.8848729557232517E-003  -6.8900820710960344       0.11708585053505592        2.1099112490016556        4.1026655957786096E-002
   1361.7099599999999        286.29029108848079        3.1949667453749198E-003  -7.0265110719025534       0.17455507810425994        2.0822738720192020        3.3919372582503576E-002
   1336.3018800000000        286.23659743851249        3.3911083723857120E-003  -7.1230286137654053       0.22070679093475537        2.9496379391505712       0.20895796894085583     
   1310.8949000000000        286.22463803921562        3.4429676754530588E-003  -7.1983415303075198       0.26157887640551408        3.7615526758238391       0.74478379447485155     
   1285.4893800000000        286.22028895072225        3.4654565293473550E-003  -7.2616574253759314       0.30039841489741764        4.4287878135031793        1.6616399775665083     
   1260.0852100000000        286.21824748440309        3.4782336361251784E-003  -7.3168356018715297       0.33840835072382652        5.0071206694229113        2.8722218218409523     
   1234.6824999999999        286.21716277072846        3.4866419709066155E-003  -7.3657034756408830       0.37603192544865588        5.5472350336481862        4.3278554089681016     
   1209.2811300000001        286.21655452488585        3.4926811065757505E-003  -7.4092721498686860       0.41334607251030631        6.0818401985599291        6.0173346071582845     
   1183.8813500000001        286.21621179159541        3.4972695156329564E-003  -7.4481737329398641       0.45025553915786742        6.6361782281713628        7.9537566754879929     
   1158.4832799999999        286.21602796079446        3.5008897834296485E-003  -7.4828347053654367       0.48655553394488310        7.2367816661339583        10.173614102248548     
   1133.0869100000000        286.21594349954057        3.5038188562258985E-003  -7.5135441006406865       0.52193955741276465        7.9213421182533592        12.747784876734569     
   1107.6922600000000        286.21592244349063        3.5062227660847206E-003  -7.5404557283981726       0.55594757873353295        8.7604606233377815        15.817230720584705     
   1082.3005400000000        286.21594263082335        3.5083389068019757E-003  -7.5637658013964026       0.58814711262492281        9.8172734583231414        18.391604836903802     
   1056.9097899999999        286.21599528800823        3.5103495067063000E-003  -7.5843086115586225       0.61905318437391244        10.833886124956180        19.782959023898854     
   1031.5210000000000        286.21607523431027        3.5122824422626196E-003  -7.6026707196744745       0.64902918172627655        11.801510228228738        20.995745763935641     
   1006.1343400000000        286.21617860754020        3.5141551605692156E-003  -7.6192790054211468       0.67834510561048422        12.711651587060361        22.072081606129185     
   980.75000000000000        286.21630242384606        3.5159803614068751E-003  -7.6344528412003889       0.70721129490532186        13.555581186175727        23.024955077536241     
   955.36804199999995        286.21644431773177        3.5177678293416216E-003  -7.6484331544890471       0.73579203122318526        14.327982209162306        23.860997843846423     
   929.98846400000002        286.21660236795964        3.5195253137623589E-003  -7.6614027463741294       0.76421506363883374        15.026586039403954        24.585222727697204     
   904.61157200000002        286.21677497901794        3.5212590859711587E-003  -7.6735012772913622       0.79257973345615573        15.650938074120930        25.201684834913113     
   879.23742700000003        286.21696079648007        3.5229743014821313E-003  -7.6848360741278521       0.82096336768675504        16.201734789987984        25.714091947250381     
   853.86627199999998        286.21715864784301        3.5246752758749523E-003  -7.6954900526860159       0.84942659054729397        16.680045082050526        26.125499550292716     
   828.49829099999999        286.21736749968431        3.5263656917343326E-003  -7.7055274600809094       0.87801754600372872        17.086964657891894        26.438375671372214     
   803.13348399999995        286.21758642304940        3.5280487351669349E-003  -7.7149979085985541       0.90677489301163638        17.423563217788903        26.654914235351733     
   777.77227800000003        286.21781456980671        3.5297272297243752E-003  -7.7239394256270302       0.93573053301714004        17.690473446798759        26.776517640683860     
   752.41485599999999        286.21805115238476        3.5314037319784850E-003  -7.7323805942450763       0.96491166994014688        17.888111789156685        26.804328144079360     
   727.06133999999997        286.21829542529053        3.5330806000837545E-003  -7.7403420079405434       0.99434231966045250        18.016691039669400        26.739304890193583     
   701.71209699999997        286.21854666904198        3.5347600563497344E-003  -7.7478372662910004        1.0240446032728401        18.076092960921244        26.582023158574710     
   676.36755400000004        286.21880417660549        3.5364442535562391E-003  -7.7548736385929633        1.0540400856293399        18.065934255543134        26.332800432559615     
   651.02789299999995        286.21906723572465        3.5381353103289500E-003  -7.7614522787695499        1.0843506274254495        17.985815697591207        25.992120405703972     
   625.69360400000005        286.21933511233277        3.5398353608749691E-003  -7.7675681894224047        1.1149994182338514        17.835097867391216        25.560235619575181     
   600.36511199999995        286.21960703021841        3.5415465965517017E-003  -7.7732098428332046        1.1460119545384824        17.613088108802238        25.037479139627472     
   575.04284700000005        286.21988214578187        3.5432713037872091E-003  -7.7783584225208822        1.1774170287077146        17.319106844689802        24.424361914020359     
   549.72741699999995        286.22015951745544        3.5450119105477468E-003  -7.7829866435670345        1.2092479745179230        16.952427282675089        23.721466633814131     
   524.41943400000002        286.22043806516660        3.5467710321084350E-003  -7.7870569877673477        1.2415441035845260        16.512408842635303        22.929660438796574     
   499.11962899999997        286.22071651637657        3.5485515227683386E-003  -7.7905191542381163        1.2743525337898327        15.998518705603690        22.050125595466920     
   473.82891799999999        286.22099333380839        3.5503565446948796E-003  -7.7933064088780055        1.3077307492458410        15.410328641906744        21.084355286493466     
   448.54824800000000        286.22126661346169        3.5521896462519216E-003  -7.7953302750393840        1.3417500301163896        14.747641523547708        20.034354959481949     
   423.27871699999997        286.22153393808554        3.5540548563053579E-003  -7.7964726999034832        1.3765002358188612        14.010533201057504        18.902709044014262     
   398.02175899999997        286.22179216537495        3.5559568277068244E-003  -7.7965742713629638        1.4120971819800741        13.199314131737244        17.692528635515973     
   372.77890000000002        286.22203710623677        3.5579010214443043E-003  -7.7954158940055969        1.4486936570053941        12.314719359599126        16.407738750597229     
   347.55215500000003        286.22226302863498        3.5598940134044590E-003  -7.7926892809061421        1.4864975387299557        11.357781251302073        15.052876368280671     
   322.34393299999999        286.22246185970164        3.5619440399597517E-003  -7.7879471070449684        1.5258030636487212        10.329704991945917        13.632860025761349     
   297.15716600000002        286.22262184501170        3.5640622062871621E-003  -7.7805131236812741        1.5670507596448737        9.2310099270523640        12.151576059890839     
   271.99560500000001        286.22272514454090        3.5662662327091486E-003  -7.7693014045901272        1.6109674883760743        8.0572769592458826        10.605088786376781     
   246.86404400000001        286.22274277864096        3.5686034512374858E-003  -7.7523244497237593        1.6591241683451561        6.7647343526071140        8.9249702895457776     
   221.76879900000000        286.22259159274836        3.5717339085992415E-003  -7.7254672472750849        1.7148603614863263        5.3541909283777809        5.8356610488390395     
   196.71839900000001        286.22201067746226        3.5761838533233102E-003  -7.6845558546308110        1.7769251644570399        4.3670393934103968        3.6234866086865427     
   171.72468599999999        286.22032557246354        3.5827991967230777E-003  -7.6234368374158485        1.8439569031319656        3.6023475898754276        2.1760151923540572     
   146.80502300000001        286.21567032849322        3.5931649047309245E-003  -7.5330630998157284        1.9137778304208790        2.9774665201114758        1.2621687648957922     
   121.98595400000001        286.20240157469573        3.6104046564575279E-003  -7.3995081469318036        1.9827781139245801        2.4403118076836030       0.70653571367710610     
   97.311340299999998        286.16073350909045        3.6414169236421248E-003  -7.1984322636440856        2.0449949245852315        1.9433012321345617       0.37470508775753225     
   72.861091599999995        286.00183170545182        3.7040706737485980E-003  -6.8780640896986966        2.0887489749902302        1.4452133657906228       0.17863283235867194     
   48.804748500000002        285.16737021726522        3.8446535541379360E-003  -6.2994015287886400        2.0809719281478234       0.93317384552542992        7.2280924631580742E-002
   25.613332700000001        281.67898226348797        3.9460956621881933E-003  -5.3320433871761264        1.9337843379849939       0.59427777559331396        4.5030787560796280E-002
   10.000000000000000        278.60944210955142        3.8404144614563825E-003  -3.5064021752794896        1.4368827579896712       0.31278567750611247       0.11215243231037546     
   1997.2254600000001        290.88017844077984        6.0894303694598200E-004  -5.6052827751491856       -3.6572942005603735       0.17293026358968341        2.0012823109709301E-003
   1971.7959000000001        290.85866310083111        6.3530017704248396E-004  -5.6274942834822390       -3.6426725655700753       0.17293026358968341        2.0012823109709301E-003
   1946.3670700000000        290.83892999123100        6.5759092851019690E-004  -5.6632329160744064       -3.6222012763100042       0.42777304103224095        1.3190023229326366E-002
   1920.9388400000000        290.81816148972086        6.7525586526357405E-004  -5.7073022060166672       -3.6013269004778996       0.59053468735675496        2.4328613238981330E-002
   1895.5111099999999        290.78625706249943        6.8978646767151248E-004  -5.7614973996091061       -3.5811153709718941       0.69020374341798807        2.5934122477556672E-002
   1870.0839800000001        290.71534238055824        6.9774386465421337E-004  -5.8297467388830677       -3.5623162092044804       0.72402818948588088        1.8134759640692978E-002
   1844.6575900000000        290.64132204238467        6.9923999519582152E-004  -5.9043636188699393       -3.5486072268914328       0.83066203161702046        2.2875539644455978E-002
   1819.2318100000000        290.56366501191508        6.9947135613890007E-004  -5.9845071383917574       -3.5404503785713248       0.93407514657666457        2.7607713441260409E-002
   1793.8067599999999        290.43732054299687        6.9950898918289526E-004  -6.0754018769803215       -3.5376844389794297       0.96673156948878647        2.2193729852557076E-002
   1768.3824500000001        290.17585169973603        6.9956123496786474E-004  -6.1814250513673379       -3.5409166727595056       0.95207940413269787        1.4188858448173507E-002
   1742.9588600000000        289.90942918755655        7.0013434875369534E-004  -6.2911735910867099       -3.5497682666980914        1.0392060689016707        1.6336243757890868E-002
   1717.5362500000001        289.64466448224783        7.0412000302299757E-004  -6.4037280816529840       -3.5633364980277173        1.1296474347263181        1.8899429323657523E-002
   1692.1140100000000        289.40680863608361        7.1807594214681096E-004  -6.5169026773714664       -3.5804052114425362        1.2386732844243571        2.3488299638678347E-002
   1666.6927499999999        289.21901121190217        7.3990470440860468E-004  -6.6281168655296039       -3.5995722328885771        1.3769180949855111        3.2179344330748774E-002
   1641.2723400000000        289.03593831632884        7.6825154287788171E-004  -6.7408685147072083       -3.6205714614198827        1.4720472599502268        3.6360271739477937E-002
   1615.8527799999999        288.85670885809770        8.0331666337726414E-004  -6.8550861905808986       -3.6426234255874435        1.5645792165503567        4.0501269677872820E-002
   1590.4340800000000        288.69757376072397        8.4104312564540107E-004  -6.9689072253433659       -3.6646270664634613        1.6807582695406671        4.8600842793663980E-002
   1565.0162399999999        288.56252026528188        8.7444815647412597E-004  -7.0814380322937645       -3.6857439493367750        1.8108531209054441        6.0129539031218204E-002
   1539.5992400000000        288.42935161602770        9.0295529554842459E-004  -7.1952236027893628       -3.7058576727837087        1.8993902537888940        6.4942111782322079E-002
   1514.1834699999999        288.27987529448478        9.2587746650683129E-004  -7.3125203693647336       -3.7247364247133312        1.9466589781831960        6.2367364069539521E-002
   1488.7685500000000        288.06347641951317        9.4922516198234837E-004  -7.4382457929101395       -3.7423604043933532        1.9124230258224255        4.7887491707055738E-002
   1463.3546100000001        287.76123874109931        9.9550951426864709E-004  -7.5721841329923052       -3.7576109662961863        1.8844123001099675        3.7743420699714508E-002
   1437.9417699999999        287.43109483184560        1.1335755637543923E-003  -7.7093327744277014       -3.7687871336325940        1.9260376234073051        3.6586439385981634E-002
   1412.5300299999999        287.06279285189441        1.4966991419151090E-003  -7.8500425045358231       -3.7748570568091808        1.9591626335215271        3.4730794927254671E-002
   1387.1193800000001        286.71568014812465        2.1384376692152830E-003  -7.9903446657016328       -3.7746837259528343        2.0443857539165671        3.8021033676612831E-002
   1361.7099599999999        286.33934003870866        3.1360347578314055E-003  -8.1330155504409358       -3.7673594751711925        2.0853927475636898        3.6875864118080019E-002
   1336.3018800000000        286.26746481294487        3.3484903957650509E-003  -8.2434058651346849       -3.7555045220423700        2.7844197873286873       0.15844186910402905     
   1310.8949000000000        286.24638664627849        3.4155809858722607E-003  -8.3350545295784411       -3.7402933443742152        3.4549480844411020       0.46501956009781326     
   1285.4893800000000        286.23738722425634        3.4460689120038167E-003  -8.4156692306848004       -3.7221254824638828        4.0357035758954130       0.96725930376357094     
   1260.0852100000000        286.23252779017804        3.4634943613806955E-003  -8.4890199855111952       -3.7012342881156068        4.5452628122030667        1.6177254292939800     
   1234.6824999999999        286.22950266281379        3.4749388042093010E-003  -8.5570506639044570       -3.6778309828106877        5.0089084478438055        2.3699178633086637     
   1209.2811300000001        286.22744034887700        3.4831508093792324E-003  -8.6208658002098364       -3.6521202457311897        5.4432535884947377        3.1905362007125233     
   1183.8813500000001        286.22594440820762        3.4894088707745526E-003  -8.6811558261453143       -3.6242955588358878        5.8576501385851438        4.0550951910569086     
   1158.4832799999999        286.22480935452825        3.4943890080354691E-003  -8.7383880967943490       -3.5945351719136172        6.2571307898640898        4.9443349377819539     
   1133.0869100000000        286.22391807665537        3.4984836498352426E-003  -8.7928998268798360       -3.5630002552331126        6.6442488605063934        5.8423796671133630     
   1107.6922600000000        286.22319891034806        3.5019370546192237E-003  -8.8449453569003591       -3.5298355424686649        7.0201961735131864        6.7359563524059309     
   1082.3005400000000        286.22260537884227        3.5049103086847132E-003  -8.8947296809838523       -3.4951659822003660        7.3845587753403921        7.6125645738855505     
   1056.9097899999999        286.22210607845631        3.5075137974970240E-003  -8.9424170693564164       -3.4591021179353736        7.7374640148578075        8.4630082957866417     
   1031.5210000000000        286.22167891976352        3.5098262359069474E-003  -8.9881452594147273       -3.4217384904599553        8.0778124931512298        9.2780577872354897     
   1006.1343400000000        286.22130787075508        3.5119054189038275E-003  -9.0320310681843896       -3.3831552833374912        8.4043834981652630        10.049749966557297     
   980.75000000000000        286.22098096062473        3.5137949055947496E-003  -9.0741751889760529       -3.3434187065966801        8.7158473791195270        10.771161173090221     
   955.36804199999995        286.22068901714982        3.5155282792946460E-003  -9.1146648533507015       -3.3025819115016022        9.0107232349023345        11.436109088575206     
   929.98846400000002        286.22042484010063        3.5171319497233457E-003  -9.1535753568027936       -3.2606860671782059        9.2874958869828443        12.039180576622828     
   904.61157200000002        286.22018263335514        3.5186271051288790E-003  -9.1909718239953069       -3.2177604579938772        9.5444561799121352        12.575324800973625     
   879.23742700000003        286.21995761468582        3.5200310355907559E-003  -9.2269096763440999       -3.1738232774119441        9.7799608740621267        13.040197432080417     
   853.86627199999998        286.21974572970811        3.5213581061574019E-003  -9.2614352604164552       -3.1288817197330578        9.9922972171480300        13.429859164306768     
   828.49829099999999        286.21954343837484        3.5226204667588145E-003  -9.2945860836118008       -3.0829320125947111        10.179738412297780        13.740817909820793     
   803.13348399999995        286.21934755244234        3.5238285585566433E-003  -9.3263901742973907       -3.0359601214254295        10.340718902720942        13.970296330778746     
   777.77227800000003        286.21915509503418        3.5249915445120456E-003  -9.3568661304293013       -2.9879411026182296        10.473544595499149        14.115723564636825     
   752.41485599999999        286.21896318161333        3.5261176264236894E-003  -9.3860223657918631       -2.9388389758750053        10.576665850495147        14.175196277443620     
   727.06133999999997        286.21876890846767        3.5272142992369415E-003  -9.4138559353563878       -2.8886067108177325        10.648699949989931        14.147524323077773     
   701.71209699999997        286.21856923665763        3.5282885807281449E-003  -9.4403513104994747       -2.8371856747422655        10.688301984953627        14.032037885346512     
   676.36755400000004        286.21836086310935        3.5293472239758140E-003  -9.4654789377023789       -2.7845045348405395        10.694216539147144        13.828709892562745     
   651.02789299999995        286.21814007409364        3.5303968937042724E-003  -9.4891927903694882       -2.7304789632887672        10.665498971521506        13.538557173827099     
   625.69360400000005        286.21790255798737        3.5314443704388427E-003  -9.5114278381348338       -2.6750102193150056        10.601279567140086        13.163309616545442     
   600.36511199999995        286.21764316534376        3.5324967589043109E-003  -9.5320965991236424       -2.6179838752010016        10.500925559277192        12.705732382489231     
   575.04284700000005        286.21735558855465        3.5335617224763515E-003  -9.5510847298817225       -2.5592684203892637        10.364089897911812        12.169766045501921     
   549.72741699999995        286.21703191842136        3.5346477758883307E-003  -9.5682456106462954       -2.4987132134397632        10.190637298878181        11.560481360897022     
   524.41943400000002        286.21666202192267        3.5357646428667774E-003  -9.5833933274173049       -2.4361464130387995        9.9807595665060767        10.884326373946509     
   499.11962899999997        286.21623264641653        3.5369237209338291E-003  -9.5962937435697757       -2.3713725758929760        9.7349820248066656        10.149194581853715     
   473.82891799999999        286.21572609987555        3.5381387089780288E-003  -9.6066531366430272       -2.3041695852688120        9.4541461502370758        9.3644468179773881     
   448.54824800000000        286.21511827269251        3.5394264519882216E-003  -9.6141034384908330       -2.2342855794576058        9.1395097067976501        8.5410671270340295     
   423.27871699999997        286.21437560446651        3.5408081104180002E-003  -9.6181831041516563       -2.1614358259944466        8.7927591051365610        7.6916348047143064     
   398.02175899999997        286.21345030757601        3.5423108383376271E-003  -9.6183122734131494       -2.0852986170127230        8.4159280272098549        6.8300994350796200     
   372.77890000000002        286.21227269333866        3.5439701636977654E-003  -9.6137600202969899       -2.0055119648132931        8.0115298779939756        5.9717264403099799     
   347.55215500000003        286.21073845365129        3.5458335065036779E-003  -9.6036009361094798       -1.9216692331157559        7.5823878047864568        5.1325057381438164     
   322.34393299999999        286.20868697934316        3.5479654121095086E-003  -9.5866565884412509       -1.8333144003826096        7.1315905187704294        4.3285719689190927     
   297.15716600000002        286.20586313603690        3.5504554955711463E-003  -9.5614149455519009       -1.7399359884734720        6.6623419333078502        3.5753320157169890     
   271.99560500000001        286.20184719208282        3.5534308159913580E-003  -9.5259159213409621       -1.6409568632294163        6.1776540131645428        2.8863317212219162     
   246.86404400000001        286.19592042523044        3.5570756662776344E-003  -9.4775817273821961       -1.5357154419054591        5.6799951889395652        2.2721245662253531     
   221.76879900000000        286.18679264732793        3.5616644442727618E-003  -9.4129507471605045       -1.4234281614854971        5.1707959617561547        1.7392495839780426     
   196.71839900000001        286.17201024497342        3.5676189187296360E-003  -9.3272309139650957       -1.3031141261431447        4.6498927082182231        1.2896548154146505     
   171.72468599999999        286.14655267406903        3.5756137670431357E-003  -9.2134924650308001       -1.1734466715100997        4.1150571367714379       0.92085000710167075     
   146.80502300000001        286.09910742505883        3.5867834973252613E-003  -9.0610815324785960       -1.0324577638148518        3.5617424703887233       0.62683887851036468     
   121.98595400000001        286.00063285446544        3.6031435757640988E-003  -8.8521993828791388      -0.87694215771435791        2.9836952238392254       0.39980073710532144     
   97.311340299999998        285.76186426557354        3.6283742882643566E-003  -8.5536168045972989      -0.70119086907561645        2.3752803287102098       0.23199282752724906     
   72.861091599999995        285.03312764985913        3.6677527617954377E-003  -8.0934924720834065      -0.49419189203833169        1.7386450079572098       0.11738246763886331     
   48.804748500000002        282.11303262685192        3.7039463490347465E-003  -7.2877336356307270      -0.23512741390892944        1.1062921413951288        5.2484478825077015E-002
   25.613332700000001        276.94310632465272        3.6226846606770995E-003  -6.0859687655745223       -2.5094901061730606E-004  0.75642737471485133        5.9633853059438247E-002
   10.000000000000000        275.44277392103078        3.5860595016131481E-003  -4.0866387212095807       0.16636760609378026       0.43491814074839502       0.24614409435129847     
   1997.2254600000001        290.87722343836776        6.1250007983574975E-004  -4.4024167413498541       -4.8819457973281635       0.21784141182389030        3.0529713895154809E-003
   1971.7959000000001        290.85346941601154        6.4044512097344113E-004  -4.4296614559232435       -4.8960670168141638       0.21784141182389030        3.0529713895154809E-003
   1946.3670700000000        290.83282850497665        6.5995374508952406E-004  -4.4707136526425435       -4.9195512065522493       0.54526073674869935        2.1292374677575023E-002
   1920.9388400000000        290.81048012334600        6.7394912589113613E-004  -4.5185050818288763       -4.9489245124985759       0.74483678229605821        3.7868002261045274E-002
   1895.5111099999999        290.77605862049290        6.8570211934560225E-004  -4.5738487171528872       -4.9852328613955823       0.86126877946621772        3.9416521819551749E-002
   1870.0839800000001        290.70693995834966        6.9510900443230203E-004  -4.6387416579886525       -5.0304268670533219       0.90490178799348797        2.9170260387659595E-002
   1844.6575900000000        290.63258532402921        6.9830595146656079E-004  -4.7067003458320666       -5.0803208053263971        1.0135994936121226        3.4463343423802931E-002
   1819.2318100000000        290.55126595192320        6.9921038726661702E-004  -4.7773385377275419       -5.1346512102178474        1.1087084959758207        3.8416787942057148E-002
   1793.8067599999999        290.42094285047762        6.9950135329166702E-004  -4.8547892574416220       -5.1966589192996873        1.1260376677163761        2.9924148644276071E-002
   1768.3824500000001        290.16537846180648        6.9989748093202088E-004  -4.9422395235736030       -5.2689260699348521        1.0953005407593235        1.9168500769844141E-002
   1742.9588600000000        289.89938693427553        7.0178096377964576E-004  -5.0315975605016643       -5.3442837289599545        1.1669878000609217        2.0764461829615038E-002
   1717.5362500000001        289.63620617184415        7.0869734091742514E-004  -5.1222786292509808       -5.4214558456484845        1.2450318478940106        2.3169836475303386E-002
   1692.1140100000000        289.40055400032253        7.2426816721216027E-004  -5.2130323397931706       -5.4985405943721970        1.3421868015566316        2.7858028841979278E-002
   1666.6927499999999        289.21011557084552        7.4597078091426716E-004  -5.3026028298892411       -5.5736806578018347        1.4639129292416613        3.6253513490332616E-002
   1641.2723400000000        289.02715563350165        7.7464465624414052E-004  -5.3936255468874181       -5.6483767691334075        1.5484192721424170        4.0383694329641964E-002
   1615.8527799999999        288.84991367421196        8.0879005060126177E-004  -5.4864329658217370       -5.7221641279253648        1.6308403586178395        4.4394746373610974E-002
   1590.4340800000000        288.69187809629165        8.4276627230841193E-004  -5.5800210747927599       -5.7935509348813934        1.7356722961344428        5.2139875093226318E-002
   1565.0162399999999        288.55433661182656        8.7226438708138429E-004  -5.6741895663603845       -5.8618051310144175        1.8502971374929804        6.2262767069762401E-002
   1539.5992400000000        288.41820261215122        8.9884083075399276E-004  -5.7709584690045297       -5.9278263455001978        1.9302800569981438        6.6360735965890538E-002
   1514.1834699999999        288.26283892924232        9.2620489790873415E-004  -5.8726985883059699       -5.9925067177527431        1.9670368211730336        6.2419811796893765E-002
   1488.7685500000000        288.04594883917684        9.6784309731593452E-004  -5.9831503449345123       -6.0571723566263032        1.9402702240781196        4.9280174159495274E-002
   1463.3546100000001        287.74921224748431        1.0587273096872721E-003  -6.1027675151257830       -6.1207000803238376        1.9176178560174861        3.9514023936320107E-002
   1437.9417699999999        287.41852319179418        1.2623032322387707E-003  -6.2282269330384290       -6.1799786377963359        1.9557562265098496        3.7728499962468381E-002
   1412.5300299999999        287.05458338415718        1.6802821939415501E-003  -6.3594834908816757       -6.2338255212654348        1.9978633090668156        3.6392008367529975E-002
   1387.1193800000001        286.70524835578817        2.3159820649830049E-003  -6.4936943703667680       -6.2801089402960484        2.0851912157586541        3.9471418846624223E-002
   1361.7099599999999        286.37654886204325        3.0929737066218528E-003  -6.6301973908957716       -6.3179325716581154        2.1835800773390091        4.3579347650369429E-002
   1336.3018800000000        286.29200501643874        3.3103875364854426E-003  -6.7433696191125732       -6.3414122826295598        2.7963843261803496       0.14648059706727376     
   1310.8949000000000        286.26333112242082        3.3877247952071600E-003  -6.8414432319706782       -6.3550528268019386        3.4151926981862570       0.38550497305529652     
   1285.4893800000000        286.25026657252306        3.4241391732687779E-003  -6.9302588763673327       -6.3615658400631609        3.9774166555991006       0.77597076836695111     
   1260.0852100000000        286.24295152119134        3.4450346722731139E-003  -7.0130155796175666       -6.3624444149761645        4.4857759145315299        1.2921072482726588     
   1234.6824999999999        286.23826081037140        3.4586866602447667E-003  -7.0914632288388937       -6.3585912000410536        4.9547518122288308        1.8988469244302935     
   1209.2811300000001        286.23496497789085        3.4684141143228532E-003  -7.1666107283634854       -6.3506158540609627        5.3960279421352881        2.5663096076303797     
   1183.8813500000001        286.23249433774544        3.4757781076360716E-003  -7.2390798754054630       -6.3389663697584187        5.8167486787715834        3.2706736189726877     
   1158.4832799999999        286.23055087933193        3.4816052556725396E-003  -7.3092783665946195       -6.3239902886771979        6.2208618778556835        3.9927673481675598     
   1133.0869100000000        286.22896381367644        3.4863740212196215E-003  -7.3774879485145632       -6.3059661918533907        6.6103492539613899        4.7169343071096002     
   1107.6922600000000        286.22762816278288        3.4903807903377791E-003  -7.4439097842786524       -6.2851223682193433        6.9861168014400272        5.4304349187467720     
   1082.3005400000000        286.22647543429326        3.4938200229159460E-003  -7.5086993830262845       -6.2616456952520387        7.3476240087957727        6.1217110852437324     
   1056.9097899999999        286.22545908417095        3.4968241787788493E-003  -7.5719725051698399       -6.2356921029561825        7.6950541517265201        6.7827042591510978     
   1031.5210000000000        286.22454605847247        3.4994872276697449E-003  -7.6338206241235369       -6.2073903036772506        8.0274455769029114        7.4056477853808484     
   1006.1343400000000        286.22371206776978        3.5018778183570341E-003  -7.6943160431916962       -6.1768463059807281        8.3438167264402274        7.9842330149253016     
   980.75000000000000        286.22293867147533        3.5040474404048039E-003  -7.7535167901060307       -6.1441460023510936        8.6431604914547151        8.5133364784967274     
   955.36804199999995        286.22221142614831        3.5060356122881718E-003  -7.8114691711128694       -6.1093575034726992        8.9243859309181683        8.9886977206244882     
   929.98846400000002        286.22151867007398        3.5078732756099696E-003  -7.8682090668007252       -6.0725331982955355        9.1864255341436305        9.4069106089405388     
   904.61157200000002        286.22085066789327        3.5095851572111382E-003  -7.9237639323599831       -6.0337106384239672        9.4280545534210187        9.7650052872477353     
   879.23742700000003        286.22019902368760        3.5111913532770113E-003  -7.9781530899435049       -5.9929137926597713        9.6481485677753955        10.060753368621297     
   853.86627199999998        286.21955623060393        3.5127084957620228E-003  -8.0313885066498827       -5.9501534564984597        9.8455268433488694        10.292353794059562     
   828.49829099999999        286.21891532083464        3.5141505976938937E-003  -8.0834751623754268       -5.9054274297822289        10.018995931621987        10.458452403196148     
   803.13348399999995        286.21826959167925        3.5155296471675026E-003  -8.1344101827445030       -5.8587212513079923        10.167517803945939        10.558375565828893     
   777.77227800000003        286.21761233439332        3.5168561210614821E-003  -8.1841832973951831       -5.8100074445606529        10.289891834462576        10.591621003424855     
   752.41485599999999        286.21693659176123        3.5181393517091375E-003  -8.2327761730321587       -5.7592452125076434        10.385023469850399        10.558272571419796     
   727.06133999999997        286.21623491014208        3.5193878171890197E-003  -8.2801612548179548       -5.7063801569726049        10.451934986891761        10.459020148308950     
   701.71209699999997        286.21549905255364        3.5206094059049902E-003  -8.3263008042420186       -5.6513433196023053        10.489615289211899        10.294946129999405     
   676.36755400000004        286.21471965675687        3.5218116560305434E-003  -8.3711459056138295       -5.5940495346337764        10.497059933266467        10.067611539918715     
   651.02789299999995        286.21388583861852        3.5230019407431006E-003  -8.4146340872519616       -5.5343965881393320        10.473491254771510        9.7794014819818571     
   625.69360400000005        286.21298465812987        3.5241876903436813E-003  -8.4566873697370752       -5.4722629408702765        10.418098098999685        9.4331690197071385     
   600.36511199999995        286.21200043280703        3.5253766056449957E-003  -8.4972093222388718       -5.4075054704289798        10.330196107670337        9.0324965796696404     
   575.04284700000005        286.21091382065975        3.5265768896205582E-003  -8.5360812393556991       -5.3399568669473991        10.209267507861002        8.5817695015376021     
   549.72741699999995        286.20970054977937        3.5277975354375719E-003  -8.5731576572415893       -5.2694219399725544        10.054871799004818        8.0860674698420247     
   524.41943400000002        286.20832965958209        3.5290486628512040E-003  -8.6082603573613774       -5.1956734990909421        9.8667585648765730        7.5513241386877414     
   499.11962899999997        286.20676100044335        3.5303419465616895E-003  -8.6411707523252232       -5.1184472440397482        9.6448632306429012        6.9843036856977401     
   473.82891799999999        286.20494159952023        3.5316911864527573E-003  -8.6716202754407092       -5.0374349772979139        9.3892778430533603        6.3925296544142913     
   448.54824800000000        286.20280031655727        3.5331130502938585E-003  -8.6992776103492115       -4.9522766269066327        9.1003527112291778        5.7843426289562796     
   423.27871699999997        286.20023980335355        3.5346280782434388E-003  -8.7237318452432540       -4.8625504747778825        8.7787080084435871        5.1687950407981962     
   398.02175899999997        286.19712406256741        3.5362621059281136E-003  -8.7444704552331896       -4.7677596530816233        8.4251546015009993        4.5553993899731680     
   372.77890000000002        286.19325890210797        3.5380482102490315E-003  -8.7608491460881268       -4.6673162561207242        8.0408644140690253        3.9540873767701936     
   347.55215500000003        286.18836015626329        3.5400295335232756E-003  -8.7720509781535956       -4.5605191698688570        7.6272420384063109        3.3747667427732320     
   322.34393299999999        286.18200062806142        3.5422633526228102E-003  -8.7770292537177745       -4.4465247556932841        7.1859736958263394        2.8270032683404236     
   297.15716600000002        286.17351843577535        3.5448270416607672E-003  -8.7744261029934680       -4.3243066812496833        6.7190152292492042        2.3195643393425107     
   271.99560500000001        286.16185219915081        3.5478269958469336E-003  -8.7624534050293175       -4.1925978391797640        6.2284754601924526        1.8598460405106938     
   246.86404400000001        286.14523077956352        3.5514121570758539E-003  -8.7387124445788782       -4.0498035950355264        5.7165143815857533        1.4533532124151136     
   221.76879900000000        286.12055523521002        3.5557949294696399E-003  -8.6999087648339959       -3.8938643029234274        5.1851281641434408        1.1032235721985977     
   196.71839900000001        286.08207881417718        3.5612840230705681E-003  -8.6413759671429258       -3.7220241527274553        4.6358579941752325       0.80995876930102462     
   171.72468599999999        286.01833194951587        3.5683355485016601E-003  -8.5562259359397626       -3.5304195385291921        4.0695079575594937       0.57150503431489141     
   146.80502300000001        285.90412165129629        3.5776248149061974E-003  -8.4337034312644903       -3.3132911178103823        3.4859261177276211       0.38370956997116096     
   121.98595400000001        285.67661749052780        3.5900842242999717E-003  -8.2556818693741132       -3.0613726352422281        2.8845008179557481       0.24121037981624979     
   97.311340299999998        285.15038393344554        3.6064156243343390E-003  -7.9882908026893231       -2.7583130106931231        2.2662772738932886       0.13847090995739941     
   72.861091599999995        283.65494602660772        3.6222142320718681E-003  -7.5591765065279883       -2.3722036897709526        1.6409950346796738        7.0728611273764300E-002
   48.804748500000002        278.67546217054456        3.5938363283434666E-003  -6.7929560285095052       -1.8394140102335084        1.0501658051037683        3.5187589258177783E-002
   25.613332700000001        274.62243876096130        3.5268783850811187E-003  -5.7305152657359262       -1.3043952499673614       0.78943859854619380        7.3538529506172651E-002
   10.000000000000000        273.44888211832864        3.4994425410103669E-003  -3.8927592060661320      -0.67393025257573469       0.44389259530575059       0.27078255020098896     
   1997.2254600000001        290.87451067944272        6.1560078708759280E-004  -3.2945572744750802       -4.6409887475665137       0.17097544590774427        1.7730170713848609E-003
   1971.7959000000001        290.84860420834406        6.4427136705399069E-004  -3.3084228594845153       -4.6649146279337490       0.17097544590774427        1.7730170713848609E-003
   1946.3670700000000        290.82694000758153        6.6133553348986978E-004  -3.3276560580703851       -4.7029231840082257       0.43724432506915789        1.3128686807128316E-002
   1920.9388400000000        290.80302354989334        6.7326765869360288E-004  -3.3489992065672132       -4.7491601679080881       0.60187768628432325        2.3459262059953238E-002
   1895.5111099999999        290.76649824832538        6.8363936115954963E-004  -3.3726531104408415       -4.8046472006110239       0.70330307535688230        2.5075754032280875E-002
   1870.0839800000001        290.69873104684922        6.9296501676539629E-004  -3.3991289442661135       -4.8711082939014769       0.75419174024437896        2.0216185559883925E-002
   1844.6575900000000        290.62401902067973        6.9713215501900874E-004  -3.4263159727756292       -4.9430140166388012       0.84824486886547956        2.3769773036512537E-002
   1819.2318100000000        290.53960884849346        6.9873339031295198E-004  -3.4543450397906783       -5.0200521668344855       0.92985578022280102        2.6155401742070743E-002
   1793.8067599999999        290.40608687919666        6.9947754307411107E-004  -3.4849310620532803       -5.1062136285634061       0.95231242829726903        2.0889570352753455E-002
   1768.3824500000001        290.15573348468564        7.0049344760460979E-004  -3.5195664017856729       -5.2044548630687615       0.93808420821963878        1.4082330990921476E-002
   1742.9588600000000        289.89058528665191        7.0374682248890293E-004  -3.5559574856046621       -5.3060450999524003        1.0018378545312063        1.5187442327316687E-002
   1717.5362500000001        289.62899652601681        7.1268099506715870E-004  -3.5943015003120893       -5.4092803536972136        1.0741595398251824        1.7145102561727327E-002
   1692.1140100000000        289.39509255530658        7.2935802345971664E-004  -3.6345464057592918       -5.5120015603475547        1.1630620674290766        2.0810380626020496E-002
   1666.6927499999999        289.20265432719128        7.5143526470611375E-004  -3.6765922552367747       -5.6123849120167257        1.2701045495954255        2.6881316870270337E-002
   1641.2723400000000        289.01970138063979        7.7972320826371082E-004  -3.7217629324150221       -5.7122947071671133        1.3509609884962102        3.0457605007980993E-002
   1615.8527799999999        288.84392570970329        8.1224304980305462E-004  -3.7705256797701039       -5.8114435488209404        1.4305021948378140        3.4001313308804119E-002
   1590.4340800000000        288.68640263259033        8.4394869837464269E-004  -3.8226748055559820       -5.9083070584194424        1.5277831986676638        4.0105981751693422E-002
   1565.0162399999999        288.54666740703692        8.7243963255384017E-004  -3.8783466053732751       -6.0023259773109956        1.6312573684590774        4.7550895684611016E-002
   1539.5992400000000        288.40744323295087        9.0071884139574898E-004  -3.9387673692325680       -6.0947752217964615        1.7081327594455462        5.0890271341876361E-002
   1514.1834699999999        288.24732764991160        9.3567697258987992E-004  -4.0056713426647184       -6.1872098177595092        1.7472125570440309        4.8050822833498250E-002
   1488.7685500000000        288.02949469016556        9.9652273730590590E-004  -4.0815483681939213       -6.2814687500544171        1.7392289129193816        3.9211573029150647E-002
   1463.3546100000001        287.73659481368077        1.1245566681901019E-003  -4.1672688858704383       -6.3766337697193016        1.7328351989325763        3.2277732714516845E-002
   1437.9417699999999        287.40581483911285        1.3750816515381919E-003  -4.2612647490874584       -6.4691409807075857        1.7734645197928494        3.0826817495276191E-002
   1412.5300299999999        287.04500964264781        1.8203506792983085E-003  -4.3634467533961336       -6.5574521124943796        1.8245865057680275        3.0320960736034859E-002
   1387.1193800000001        286.69749966620509        2.4333587513419427E-003  -4.4719286617349780       -6.6388538394616612        1.9144977779413694        3.3187206427642016E-002
   1361.7099599999999        286.40284667933588        3.0693463807348440E-003  -4.5842545272408399       -6.7110405299810552        2.0500830081343557        4.0551379887610872E-002
   1336.3018800000000        286.31052958093801        3.2833762222343817E-003  -4.6833222291007752       -6.7646570921574236        2.5625795115209224       0.11653841069594148     
   1310.8949000000000        286.27595604012481        3.3664133985927386E-003  -4.7728845874779253       -6.8048247932045065        3.1047426686448216       0.28633603445314676     
   1285.4893800000000        286.25951249730366        3.4066578011504663E-003  -4.8565001867682733       -6.8353253121261224        3.6180978091214109       0.56719381898779864     
   1260.0852100000000        286.25012045362769        3.4298517926422030E-003  -4.9363361726365360       -6.8584211867177380        4.0956081664881152       0.94989888063140682     
   1234.6824999999999        286.24401658607940        3.4449554644751953E-003  -5.0136441845843720       -6.8755037325930584        4.5427246345027168        1.4120886939654125     
   1209.2811300000001        286.23967158551619        3.4556682633408021E-003  -5.0891543765817939       -6.8874880107348595        4.9659878648799927        1.9301173592321834     
   1183.8813500000001        286.23636725420863        3.4637471252374243E-003  -5.1633078582890928       -6.8950177354163760        5.3699828193353785        2.4830417954832806     
   1158.4832799999999        286.23372617669719        3.4701228113593959E-003  -5.2363819323723382       -6.8985704204791736        5.7574132306795747        3.0532781848679527     
   1133.0869100000000        286.23153187680066        3.4753321207150818E-003  -5.3085575377048135       -6.8985140476591953        6.1296758909957898        3.6263485960091701     
   1107.6922600000000        286.22965135593495        3.4797058337338910E-003  -5.3799542884282863       -6.8951398553190124        6.4874376246984795        4.1905836207348388     
   1082.3005400000000        286.22799779777876        3.4834598296209483E-003  -5.4506607161780014       -6.8886821490389574        6.8301431322061719        4.7356299540405482     
   1056.9097899999999        286.22651221601728        3.4867402941263217E-003  -5.5207357562644841       -6.8793316452491444        7.1580364866693991        5.2544417370456857     
   1031.5210000000000        286.22515261567821        3.4896504392180694E-003  -5.5902228328670542       -6.8672441974411189        7.4703186889267554        5.7404132580928566     
   1006.1343400000000        286.22388801522396        3.4922653293019807E-003  -5.6591533574575186       -6.8525473266394803        7.7662077470604141        6.1883529495562977     
   980.75000000000000        286.22269475145333        3.4946410379228057E-003  -5.7275507515646540       -6.8353445914196573        8.0449151727555410        6.5941985207926823     
   955.36804199999995        286.22155413196828        3.4968204483811390E-003  -5.7954323305140178       -6.8157189245635710        8.3055779094405686        6.9547013521088523     
   929.98846400000002        286.22045089877861        3.4988370262370623E-003  -5.8628100403342565       -6.7937352973873892        8.5473543106621364        7.2673981809640562     
   904.61157200000002        286.21937213204330        3.5007174424641994E-003  -5.9296923149992171       -6.7694422737704860        8.7692421623419960        7.5302201473769745     
   879.23742700000003        286.21830650618693        3.5024833139445217E-003  -5.9960840766636050       -6.7428734793038645        8.9703232720189305        7.7417537720705623     
   853.86627199999998        286.21724370503080        3.5041524864984864E-003  -6.0619875261221043       -6.7140482928261171        9.1496090938715664        7.9009531469408714     
   828.49829099999999        286.21617396131739        3.5057399595019053E-003  -6.1274025884837977       -6.6829721677131912        9.3060796169496101        8.0071495147865548     
   803.13348399999995        286.21508769862817        3.5072585260912436E-003  -6.1923259271799944       -6.6496371986067375        9.4388443302203786        8.0602546610779715     
   777.77227800000003        286.21397515076137        3.5087193369545853E-003  -6.2567518255417172       -6.6140214959683385        9.5468334646588833        8.0603019454357252     
   752.41485599999999        286.21282602347225        3.5101322917790866E-003  -6.3206717448271537       -6.5760887203298983        9.6290557260244540        8.0078090386307519     
   727.06133999999997        286.21162914172845        3.5115063460584893E-003  -6.3840734054857586       -6.5357875193399151        9.6846089917071208        7.9037912171433122     
   701.71209699999997        286.21037202590469        3.5128497944029551E-003  -6.4469403272539179       -6.4930502998505899        9.7125345378529886        7.7495647295362238     
   676.36755400000004        286.20904037897253        3.5141705240824932E-003  -6.5092515592989502       -6.4477912891983600        9.7118545572838872        7.5468146685724564     
   651.02789299999995        286.20761749860185        3.5154761996796192E-003  -6.5709797547329876       -6.3999050573362011        9.6817862634374681        7.2978943854814950     
   625.69360400000005        286.20608346415281        3.5167744951595165E-003  -6.6320902103560870       -6.3492636445554549        9.6214902042215851        7.0054998934633890     
   600.36511199999995        286.20441409607508        3.5180733073575175E-003  -6.6925388993643660       -6.2957134271018456        9.5302275937407579        6.6728936113305100     
   575.04284700000005        286.20257956441361        3.5193809838149751E-003  -6.7522697557012519       -6.2390713628588506        9.4073995565488193        6.3039558781321210     
   549.72741699999995        286.20054245068127        3.5207066082203744E-003  -6.8112116802006435       -6.1791198697228440        9.2524666754643210        5.9030841705422512     
   524.41943400000002        286.19825506801817        3.5220603256993521E-003  -6.8692741506440314       -6.1156008019309702        9.0650618042118420        5.4753207104358799     
   499.11962899999997        286.19565564541119        3.5234537544465978E-003  -6.9263414997541872       -6.0482078641260353        8.8449950384612848        5.0263253560101635     
   473.82891799999999        286.19266276777353        3.5249005327791538E-003  -6.9822656486470827       -5.9765766286353896        8.5922382455683586        4.5623097379887900     
   448.54824800000000        286.18916719811801        3.5264170188255626E-003  -7.0368558408654396       -5.9002723254197935        8.3070398793425237        4.0900825659934981     
   423.27871699999997        286.18501955481531        3.5280232265889749E-003  -7.0898645290694109       -5.8187745109499822        7.9899585687273849        3.6169545880514096     
   398.02175899999997        286.18001119456198        3.5297441439540059E-003  -7.1409686716151892       -5.7314563349456860        7.6418206501183645        3.1505259299733552     
   372.77890000000002        286.17384417926769        3.5316114821116787E-003  -7.1897425537573323       -5.6375591348842242        7.2639247019294375        2.6986441142926436     
   347.55215500000003        286.16608237925072        3.5336661673876306E-003  -7.2356202421291993       -5.5361579161123968        6.8579717130390749        2.2690219797061899     
   322.34393299999999        286.15606988428874        3.5359617967622094E-003  -7.2778413674055908       -5.4261160208330335        6.4261729982032758        1.8689479345932740     
   297.15716600000002        286.14279037746445        3.5385694411357279E-003  -7.3153719712893279       -5.3060243487464520        5.9713065664289138        1.5048713453087585     
   271.99560500000001        286.12461519233807        3.5415843560847389E-003  -7.3467873326684643       -5.1741167128629648        5.4966594053434950        1.1818795968337241     
   246.86404400000001        286.09883177459017        3.5451351708553091E-003  -7.3700938618614247       -5.0281483954563111        5.0059525239649370       0.90322836632859649     
   221.76879900000000        286.06071106082413        3.5493961266680964E-003  -7.3824497963186237       -4.8652112496600957        4.5030915590704055       0.66994987488451330     
   196.71839900000001        286.00153113454860        3.5546018859242299E-003  -7.3797061775229480       -4.6814318805005666        3.9917485052230424       0.48071259421618356     
   171.72468599999999        285.90401144217276        3.5610584056510143E-003  -7.3556017952486963       -4.4714420275330715        3.4748510837265334       0.33206649052220416     
   146.80502300000001        285.73054941067250        3.5691139976802085E-003  -7.3002269554261972       -4.2273694190709783        2.9540649771684779       0.21905931644526358     
   121.98595400000001        285.38858348026520        3.5788984490771744E-003  -7.1967758327229321       -3.9367748537188887        2.4299142973948840       0.13615423506188046     
   97.311340299999998        284.61103274551266        3.5887271258668984E-003  -7.0138188732688498       -3.5780981035036730        1.9033936408502450        7.8138750431678922E-002
   72.861091599999995        282.48176090312376        3.5848345305875464E-003  -6.6845282421495691       -3.1101835781871552        1.3820920917077371        4.0866770142212482E-002
   48.804748500000002        276.18569443069947        3.4802712820733812E-003  -6.0512405356778762       -2.4559921736959804       0.90173209607844207        2.2516652619933648E-002
   25.613332700000001        272.99507871245481        3.3512355142688893E-003  -5.1722488314095809       -1.8209408828004723       0.73340340332874721        7.1386834678351607E-002
   10.000000000000000        272.01818435966373        3.2908951589073294E-003  -3.5629316913117108       -1.0201061282206423       0.41339666954045279       0.25447265730308921     
   1997.2254600000001        290.87330281886312        6.1691614575381214E-004  -2.7250185064639414       -3.5167413958745013        1.0000000000000000E-004   1.0000000000000000E-004
   1971.7959000000001        290.84641281192165        6.4572748222643393E-004  -2.7307112657903625       -3.5371573774313485        1.0000000000000000E-004   1.0000000000000000E-004
   1946.3670700000000        290.82415931657215        6.6187686118580674E-004  -2.7333708810742277       -3.5699215421428621        1.0000000000000000E-004   1.0000000000000000E-004
   1920.9388400000000        290.79939984749865        6.7312776468376166E-004  -2.7331818278732598       -3.6095936584736483        1.0000000000000000E-004   1.0000000000000000E-004
   1895.5111099999999        290.76181888334833        6.8301816022705241E-004  -2.7298459724959527       -3.6569769010588429        1.0000000000000000E-004   1.0000000000000000E-004
   1870.0839800000001        290.69442871343051        6.9211792369763630E-004  -2.7230319331859638       -3.7133583113073469        1.0000000000000000E-004   1.0000000000000000E-004
   1844.6575900000000        290.61935825478059        6.9655506388862916E-004  -2.7138691693729857       -3.7742826787936217        1.0000000000000000E-004   1.0000000000000000E-004
   1819.2318100000000        290.53332573192466        6.9845364989159998E-004  -2.7027406288309823       -3.8397221766786589        1.0000000000000000E-004   1.0000000000000000E-004
   1793.8067599999999        290.39809773046113        6.9946854109086229E-004  -2.6892115372921110       -3.9132577310794465        1.0000000000000000E-004   1.0000000000000000E-004
   1768.3824500000001        290.15009565244611        7.0089652649210730E-004  -2.6732625015921787       -3.9976487173512800        1.0000000000000000E-004   1.0000000000000000E-004
   1742.9588600000000        289.88537830066264        7.0488970170897087E-004  -2.6575415574940435       -4.0859289432599244        1.0000000000000000E-004   1.0000000000000000E-004
   1717.5362500000001        289.62454428898752        7.1476094066036887E-004  -2.6432664347042016       -4.1768391647177596        1.0000000000000000E-004   1.0000000000000000E-004
   1692.1140100000000        289.39138611242970        7.3200871224357513E-004  -2.6315894606959591       -4.2687557267225573        1.0000000000000000E-004   1.0000000000000000E-004
   1666.6927499999999        289.19790338106395        7.5434542983740993E-004  -2.6233766948460455       -4.3603483715367997        1.0000000000000000E-004   1.0000000000000000E-004
   1641.2723400000000        289.01481407097782        7.8239269232902281E-004  -2.6189268608388754       -4.4533780722936358        1.0000000000000000E-004   1.0000000000000000E-004
   1615.8527799999999        288.83962247493179        8.1414159364093892E-004  -2.6188225973968176       -4.5477718007444059        1.0000000000000000E-004   1.0000000000000000E-004
   1590.4340800000000        288.68213463268916        8.4516058628900006E-004  -2.6236226413933492       -4.6422704758255691        1.0000000000000000E-004   1.0000000000000000E-004
   1565.0162399999999        288.54104899241736        8.7400313641020294E-004  -2.6337022329237425       -4.7364840732876949        1.0000000000000000E-004   1.0000000000000000E-004
   1539.5992400000000        288.39980577286570        9.0449030108562701E-004  -2.6495352271863410       -4.8317581409731218        1.0000000000000000E-004   1.0000000000000000E-004
   1514.1834699999999        288.23690015585601        9.4524772983347889E-004  -2.6719457622832277       -4.9299316241115916        1.0000000000000000E-004   1.0000000000000000E-004
   1488.7685500000000        288.01812679923512        1.0183713720664520E-003  -2.7022863668502564       -5.0331426573986482        1.0000000000000000E-004   1.0000000000000000E-004
   1463.3546100000001        287.72691068723435        1.1672600568722814E-003  -2.7417463243370652       -5.1408806346570550        1.0000000000000000E-004   1.0000000000000000E-004
   1437.9417699999999        287.39607648533524        1.4418733627813577E-003  -2.7905402069730205       -5.2496981274318486        1.0000000000000000E-004   1.0000000000000000E-004
   1412.5300299999999        287.03691395009514        1.8980088891783911E-003  -2.8491029283811411       -5.3579161244297575        1.0000000000000000E-004   1.0000000000000000E-004
   1387.1193800000001        286.69199712292931        2.4940571176755365E-003  -2.9167767851694677       -5.4624092123142685        1.0000000000000000E-004   1.0000000000000000E-004
   1361.7099599999999        286.41511632516148        3.0626757008362362E-003  -2.9915681248103887       -5.5593438517416942        1.0000000000000000E-004   1.0000000000000000E-004
   1336.3018800000000        286.31941354572928        3.2721458542846566E-003  -3.0633830766268972       -5.6367298602494094        1.0000000000000000E-004   1.0000000000000000E-004
   1310.8949000000000        286.28168161778808        3.3570811846136564E-003  -3.1326980445296067       -5.6993122808612782        1.0000000000000000E-004   1.0000000000000000E-004
   1285.4893800000000        286.26337252763000        3.3987383631138212E-003  -3.2007270537930799       -5.7512461574290477        1.0000000000000000E-004   1.0000000000000000E-004
   1260.0852100000000        286.25285139987574        3.4226810643414873E-003  -3.2683101933302088       -5.7951870379922221        1.0000000000000000E-004   1.0000000000000000E-004
   1234.6824999999999        286.24599730032440        3.4381683713219039E-003  -3.3359461723158401       -5.8328138748428309        1.0000000000000000E-004   1.0000000000000000E-004
   1209.2811300000001        286.24110404873693        3.4490852252038926E-003  -3.4039094799078997       -5.8652254433179225        1.0000000000000000E-004   1.0000000000000000E-004
   1183.8813500000001        286.23736618313728        3.4572809297426115E-003  -3.4723419819445174       -5.8931752760795115        1.0000000000000000E-004   1.0000000000000000E-004
   1158.4832799999999        286.23436097291329        3.4637309134775184E-003  -3.5413100345312691       -5.9172039690143947        1.0000000000000000E-004   1.0000000000000000E-004
   1133.0869100000000        286.23184687805320        3.4689938288218580E-003  -3.6108375611173802       -5.9377131099543865        1.0000000000000000E-004   1.0000000000000000E-004
   1107.6922600000000        286.22967616213958        3.4734113270583010E-003  -3.6809227658204691       -5.9550092710285325        1.0000000000000000E-004   1.0000000000000000E-004
   1082.3005400000000        286.22775272896382        3.4772048377135372E-003  -3.7515572050808919       -5.9693342246347330        1.0000000000000000E-004   1.0000000000000000E-004
   1056.9097899999999        286.22601152825126        3.4805233015261683E-003  -3.8227219813495306       -5.9808773227432193        1.0000000000000000E-004   1.0000000000000000E-004
   1031.5210000000000        286.22440633021341        3.4834713158820659E-003  -3.8943965502120870       -5.9897907559697972        1.0000000000000000E-004   1.0000000000000000E-004
   1006.1343400000000        286.22290305653360        3.4861246062933343E-003  -3.9665597803956061       -5.9961963610043458        1.0000000000000000E-004   1.0000000000000000E-004
   980.75000000000000        286.22147567020096        3.4885395248085227E-003  -4.0391921410516636       -6.0001915851242140        1.0000000000000000E-004   1.0000000000000000E-004
   955.36804199999995        286.22010357067984        3.4907590366309036E-003  -4.1122761890292283       -6.0018531185859896        1.0000000000000000E-004   1.0000000000000000E-004
   929.98846400000002        286.21876989652850        3.4928165896626279E-003  -4.1857961166743509       -6.0012400499440410        1.0000000000000000E-004   1.0000000000000000E-004
   904.61157200000002        286.21746030951778        3.4947387969863383E-003  -4.2597393855454557       -5.9983960573560120        1.0000000000000000E-004   1.0000000000000000E-004
   879.23742700000003        286.21616217796992        3.4965472019317708E-003  -4.3340957727129084       -5.9933502133351348        1.0000000000000000E-004   1.0000000000000000E-004
   853.86627199999998        286.21486392643374        3.4982595789526212E-003  -4.4088582125849278       -5.9861186442873446        1.0000000000000000E-004   1.0000000000000000E-004
   828.49829099999999        286.21355452387098        3.4998908670448225E-003  -4.4840230412161466       -5.9767045313457272        1.0000000000000000E-004   1.0000000000000000E-004
   803.13348399999995        286.21222308980185        3.5014538092467415E-003  -4.5595889950395820       -5.9650983146326899        1.0000000000000000E-004   1.0000000000000000E-004
   777.77227800000003        286.21085845628102        3.5029595249519330E-003  -4.6355581780589619       -5.9512776125372016        1.0000000000000000E-004   1.0000000000000000E-004
   752.41485599999999        286.20944878629854        3.5044178997208769E-003  -4.7119359432192134       -5.9352063141379290        1.0000000000000000E-004   1.0000000000000000E-004
   727.06133999999997        286.20798117037367        3.5058378906279030E-003  -4.7887304161543440       -5.9168338958202318        1.0000000000000000E-004   1.0000000000000000E-004
   701.71209699999997        286.20644113196238        3.5072278129983461E-003  -4.8659523572541152       -5.8960943102050072        1.0000000000000000E-004   1.0000000000000000E-004
   676.36755400000004        286.20481202647841        3.5085955969000404E-003  -4.9436159424594930       -5.8729034893403940        1.0000000000000000E-004   1.0000000000000000E-004
   651.02789299999995        286.20307435403089        3.5099489692774731E-003  -5.0217373780770691       -5.8471578454241122        1.0000000000000000E-004   1.0000000000000000E-004
   625.69360400000005        286.20120479539963        3.5112956922627213E-003  -5.1003352815677685       -5.8187307818722704        1.0000000000000000E-004   1.0000000000000000E-004
   600.36511199999995        286.19917497560334        3.5126437802733817E-003  -5.1794301562807412       -5.7874694022576412        1.0000000000000000E-004   1.0000000000000000E-004
   575.04284700000005        286.19694980565242        3.5140017318335509E-003  -5.2590431176506485       -5.7531896570015766        1.0000000000000000E-004   1.0000000000000000E-004
   549.72741699999995        286.19448515781556        3.5153788243317925E-003  -5.3391953312584173       -5.7156705119187752        1.0000000000000000E-004   1.0000000000000000E-004
   524.41943400000002        286.19172463915390        3.5167854481675145E-003  -5.4199060796939555       -5.6746464271266897        1.0000000000000000E-004   1.0000000000000000E-004
   499.11962899999997        286.18859497739066        3.5182335300866160E-003  -5.5011900668305120       -5.6297982867054852        1.0000000000000000E-004   1.0000000000000000E-004
   473.82891799999999        286.18499925914210        3.5197370964190752E-003  -5.5830546681501581       -5.5807407153827082        1.0000000000000000E-004   1.0000000000000000E-004
   448.54824800000000        286.18080694059313        3.5213129870745961E-003  -5.6654941299229771       -5.5270067731072112        1.0000000000000000E-004   1.0000000000000000E-004
   423.27871699999997        286.17583872275998        3.5229818013621955E-003  -5.7484814829770290       -5.4680274984784134        1.0000000000000000E-004   1.0000000000000000E-004
   398.02175899999997        286.16984296710359        3.5247692169998483E-003  -5.8319574527983002       -5.4031052477052759        1.0000000000000000E-004   1.0000000000000000E-004
   372.77890000000002        286.16245851886970        3.5267076908221534E-003  -5.9158119877282047       -5.3313787906125185        1.0000000000000000E-004   1.0000000000000000E-004
   347.55215500000003        286.15315398778580        3.5288388145400186E-003  -5.9998574365473205       -5.2517763375225517        1.0000000000000000E-004   1.0000000000000000E-004
   322.34393299999999        286.14112631376923        3.5312164189162669E-003  -6.0837876585575517       -5.1629529726160550        1.0000000000000000E-004   1.0000000000000000E-004
   297.15716600000002        286.12512604921335        3.5339105795096984E-003  -6.1671138736770468       -5.0632058621259342        1.0000000000000000E-004   1.0000000000000000E-004
   271.99560500000001        286.10314515615170        3.5370126299645093E-003  -6.2490669862656256       -4.9503563307191971        1.0000000000000000E-004   1.0000000000000000E-004
   246.86404400000001        286.07183510835023        3.5406408577528391E-003  -6.3284447019127885       -4.8215822288070704        1.0000000000000000E-004   1.0000000000000000E-004
   221.76879900000000        286.02536135716883        3.5449456282138692E-003  -6.4033697420034024       -4.6731670845677593        1.0000000000000000E-004   1.0000000000000000E-004
   196.71839900000001        285.95298602884151        3.5501091609169591E-003  -6.4708950364809281       -4.5000975498000981        1.0000000000000000E-004   1.0000000000000000E-004
   171.72468599999999        285.83350352973088        3.5563211922763184E-003  -6.5263183704417997       -4.2953683180027866        1.0000000000000000E-004   1.0000000000000000E-004
   146.80502300000001        285.62091456777119        3.5636514816820017E-003  -6.5618813279626611       -4.0486600909647494        1.0000000000000000E-004   1.0000000000000000E-004
   121.98595400000001        283.33828343924154        3.5354094519623154E-003  -6.4245430805843853       -3.4057389459259593        1.0000000000000000E-004   1.0000000000000000E-004
   97.311340299999998        282.30900557323173        3.5174350436644251E-003  -6.2696142467901526       -3.0663728612368990       0.76495391611588182        1.1916619431258393     
   72.861091599999995        277.44922875744982        3.4224941387600823E-003  -5.0961545956275121       -1.8800473646005116       0.24750906922714838       0.38553750540203419     
   48.804748500000002        276.68311547485206        3.4226306990841416E-003  -4.5176732813601310       -1.4730712500848644        1.9712489747645427        3.0709475777555073     
   25.613332700000001        276.32744481900977        3.4358637953795942E-003  -4.0981831724336271       -1.2369650008051489        2.8194825315428891        4.3924217042877602     
   10.000000000000000        276.16337075526201        3.4792911114254078E-003  -3.4087366295219059      -0.94309021052839759        1.5298867865463384        2.3833870225240070     
   1997.2254600000001        290.87318337593689        6.1704409444802955E-004  -2.7691243233941165       -1.3255836888693793        1.0000000000000000E-004   1.0000000000000000E-004
   1971.7959000000001        290.84643534441568        6.4569050348877940E-004  -2.7839772796558462       -1.3473460914579036        1.0000000000000000E-004   1.0000000000000000E-004
   1946.3670700000000        290.82415513780666        6.6186866091031793E-004  -2.7874192472847352       -1.3739898053515058        1.0000000000000000E-004   1.0000000000000000E-004
   1920.9388400000000        290.79937842116686        6.7312548843007471E-004  -2.7837563716779039       -1.4021383938018284        1.0000000000000000E-004   1.0000000000000000E-004
   1895.5111099999999        290.76176914269996        6.8301683375033705E-004  -2.7721854359575189       -1.4320694270549690        1.0000000000000000E-004   1.0000000000000000E-004
   1870.0839800000001        290.69441584498867        6.9211014352369229E-004  -2.7515060226196679       -1.4643286366739026        1.0000000000000000E-004   1.0000000000000000E-004
   1844.6575900000000        290.61933988949687        6.9655082254601274E-004  -2.7258793211857677       -1.4970061223489568        1.0000000000000000E-004   1.0000000000000000E-004
   1819.2318100000000        290.53324350258993        6.9845217310695760E-004  -2.6955683785566413       -1.5303815795174585        1.0000000000000000E-004   1.0000000000000000E-004
   1793.8067599999999        290.39790952577897        6.9946923252217359E-004  -2.6575200883129666       -1.5663613839734047        1.0000000000000000E-004   1.0000000000000000E-004
   1768.3824500000001        290.15006760524238        7.0090081430635180E-004  -2.6095882330919711       -1.6066567774692233        1.0000000000000000E-004   1.0000000000000000E-004
   1742.9588600000000        289.88538478098377        7.0489952153272254E-004  -2.5588331536720053       -1.6489660704776008        1.0000000000000000E-004   1.0000000000000000E-004
   1717.5362500000001        289.62459050921206        7.1477326254661328E-004  -2.5070084416285763       -1.6934418973387011        1.0000000000000000E-004   1.0000000000000000E-004
   1692.1140100000000        289.39145234697503        7.3201722169308973E-004  -2.4561002828633396       -1.7399632056337768        1.0000000000000000E-004   1.0000000000000000E-004
   1666.6927499999999        289.19792077751890        7.5435497143028945E-004  -2.4076833749196442       -1.7883711496599755        1.0000000000000000E-004   1.0000000000000000E-004
   1641.2723400000000        289.01482727813459        7.8239887744016936E-004  -2.3605821621906773       -1.8399994903031720        1.0000000000000000E-004   1.0000000000000000E-004
   1615.8527799999999        288.83965204151360        8.1414037954649339E-004  -2.3152179498397478       -1.8952564258708045        1.0000000000000000E-004   1.0000000000000000E-004
   1590.4340800000000        288.68216202083647        8.4515695719501207E-004  -2.2729185789693767       -1.9537885468701064        1.0000000000000000E-004   1.0000000000000000E-004
   1565.0162399999999        288.54104871360806        8.7400589429676844E-004  -2.2342223663351577       -2.0156441132174479        1.0000000000000000E-004   1.0000000000000000E-004
   1539.5992400000000        288.39976952889202        9.0450749264839845E-004  -2.1983814119841254       -2.0820361039967579        1.0000000000000000E-004   1.0000000000000000E-004
   1514.1834699999999        288.23680675854075        9.4530187894714733E-004  -2.1644818710278737       -2.1547599030130549        1.0000000000000000E-004   1.0000000000000000E-004
   1488.7685500000000        288.01800571975139        1.0184980755118180E-003  -2.1317118698909208       -2.2362071389002507        1.0000000000000000E-004   1.0000000000000000E-004
   1463.3546100000001        287.72684438429718        1.1674703217228889E-003  -2.1012149267521427       -2.3269813038429406        1.0000000000000000E-004   1.0000000000000000E-004
   1437.9417699999999        287.39602912834215        1.4421768279348221E-003  -2.0758041559591809       -2.4250918508083208        1.0000000000000000E-004   1.0000000000000000E-004
   1412.5300299999999        287.03693776606514        1.8982427604424148E-003  -2.0570617412518333       -2.5298182832602336        1.0000000000000000E-004   1.0000000000000000E-004
   1387.1193800000001        286.69211098340543        2.4940110539253477E-003  -2.0470066101659117       -2.6386875647337042        1.0000000000000000E-004   1.0000000000000000E-004
   1361.7099599999999        286.41541906290547        3.0620757230497742E-003  -2.0473730501808109       -2.7477247293867468        1.0000000000000000E-004   1.0000000000000000E-004
   1336.3018800000000        286.31951064414540        3.2719373041565792E-003  -2.0611441422124126       -2.8415971705841563        1.0000000000000000E-004   1.0000000000000000E-004
   1310.8949000000000        286.28171415071967        3.3570086999925807E-003  -2.0849383636363767       -2.9236234463998012        1.0000000000000000E-004   1.0000000000000000E-004
   1285.4893800000000        286.26338556903414        3.3987087005196317E-003  -2.1162830931765124       -2.9973549402996804        1.0000000000000000E-004   1.0000000000000000E-004
   1260.0852100000000        286.25285753967177        3.4226669081116180E-003  -2.1536386824453615       -3.0651127156450038        1.0000000000000000E-004   1.0000000000000000E-004
   1234.6824999999999        286.24600058302906        3.4381607199866163E-003  -2.1960106056292927       -3.1283398140058796        1.0000000000000000E-004   1.0000000000000000E-004
   1209.2811300000001        286.24110598266725        3.4490806699427000E-003  -2.2427159714189155       -3.1879401957617621        1.0000000000000000E-004   1.0000000000000000E-004
   1183.8813500000001        286.23736740967593        3.4572780073777541E-003  -2.2932570136082466       -3.2444974547150922        1.0000000000000000E-004   1.0000000000000000E-004
   1158.4832799999999        286.23436179526828        3.4637289262438604E-003  -2.3472543895125804       -3.2984032462339536        1.0000000000000000E-004   1.0000000000000000E-004
   1133.0869100000000        286.23184745295879        3.4689924135585743E-003  -2.4044104877868753       -3.3499279717660335        1.0000000000000000E-004   1.0000000000000000E-004
   1107.6922600000000        286.22967657586224        3.4734102824184950E-003  -2.4644855465834956       -3.3992631316629995        1.0000000000000000E-004   1.0000000000000000E-004
   1082.3005400000000        286.22775303399595        3.4772040422763042E-003  -2.5272845187429227       -3.4465552165271638        1.0000000000000000E-004   1.0000000000000000E-004
   1056.9097899999999        286.22601175571504        3.4805226812088365E-003  -2.5926504873655114       -3.4919068168958400        1.0000000000000000E-004   1.0000000000000000E-004
   1031.5210000000000        286.22440650105915        3.4834708224060870E-003  -2.6604511395780910       -3.5353983916295748        1.0000000000000000E-004   1.0000000000000000E-004
   1006.1343400000000        286.22290318362451        3.4861242071681986E-003  -2.7305777711297732       -3.5770902505410858        1.0000000000000000E-004   1.0000000000000000E-004
   980.75000000000000        286.22147576278405        3.4885391976117812E-003  -2.8029423081464113       -3.6170288746419579        1.0000000000000000E-004   1.0000000000000000E-004
   955.36804199999995        286.22010363485583        3.4907587654366828E-003  -2.8774740276752451       -3.6552485569929125        1.0000000000000000E-004   1.0000000000000000E-004
   929.98846400000002        286.21876993643286        3.4928163630410843E-003  -2.9541167868169693       -3.6917745442171181        1.0000000000000000E-004   1.0000000000000000E-004
   904.61157200000002        286.21746032817259        3.4947386064477413E-003  -3.0328284667935601       -3.7266250845764097        1.0000000000000000E-004   1.0000000000000000E-004
   879.23742700000003        286.21616217766297        3.4965470411773970E-003  -3.1135800543646086       -3.7598106388375121        1.0000000000000000E-004   1.0000000000000000E-004
   853.86627199999998        286.21486390787425        3.4982594432299858E-003  -3.1963538520036434       -3.7913361635841158        1.0000000000000000E-004   1.0000000000000000E-004
   828.49829099999999        286.21355448632323        3.4998907526716805E-003  -3.2811453602917773       -3.8212009625840584        1.0000000000000000E-004   1.0000000000000000E-004
   803.13348399999995        286.21222303362919        3.5014537135263837E-003  -3.3679608550565581       -3.8493987061019914        1.0000000000000000E-004   1.0000000000000000E-004
   777.77227800000003        286.21085838036032        3.5029594458165932E-003  -3.4568185545527790       -3.8759175175033040        1.0000000000000000E-004   1.0000000000000000E-004
   752.41485599999999        286.20944877914980        3.5044178414761159E-003  -3.5477500136211413       -3.9007390552129908        1.0000000000000000E-004   1.0000000000000000E-004
   727.06133999999997        286.21067586573838        3.5060186170569343E-003  -3.6462843198793866       -3.9251097562071782        1.0000000000000000E-004   1.0000000000000000E-004
   701.71209699999997        286.20900252956687        3.5084171216679047E-003  -3.7389042966528838       -3.9454516208389445        2.1924186576407476E-002   4.6116689868733483E-002
   676.36755400000004        286.25916333222489        3.5490448044579628E-003  -3.8863365602995779       -3.9516410904823833       0.11516283706190110       0.24271206378317267     
   651.02789299999995        286.35677218833786        3.6377761128895503E-003  -4.1273865604867694       -3.8568552925422313       0.65261565437137870        1.3759410225506921     
   625.69360400000005        286.43679679630662        3.7088036244559293E-003  -4.3616426829756065       -3.6735551564144187        1.5813069089819829        3.3341033197920358     
   600.36511199999995        286.50101453226790        3.7635030000938178E-003  -4.5418315147989574       -3.4795408140294279        2.8483013228159231        6.0055840016827320     
   575.04284700000005        286.55402037645695        3.8069495251531497E-003  -4.6746559970642227       -3.2998569124168018        4.4007129259539388        9.2788720814872949     
   549.72741699999995        286.59913736094114        3.8427136420187951E-003  -4.7719720777442642       -3.1396034943250766        6.1857007790958329        13.042551520281146     
   524.41943400000002        286.63861797121359        3.8730988104598227E-003  -4.8432467512611383       -2.9978566704799641        8.1504864573131552        17.185338091750182     
   499.11962899999997        286.67402957091866        3.8996148471836696E-003  -4.8952221152503803       -2.8721771523541459        10.242356825167766        21.596085233565962     
   473.82891799999999        286.70651207310681        3.9232868059141269E-003  -4.9325974713543035       -2.7600147982518761        12.408669815152994        26.163796231315668     
   448.54824800000000        286.73693610781629        3.9448380673331555E-003  -4.9586567710108520       -2.6591064182647535        14.596882924119088        30.777684303717038     
   423.27871699999997        286.76600167741793        3.9647994177127357E-003  -4.9757132688222798       -2.5675463750133707        16.754562336717854        35.327191839543147     
   398.02175899999997        286.79430279355330        3.9835761425857999E-003  -4.9854057752197329       -2.4837556323788430        18.829390850228105        39.702007107220638     
   372.77890000000002        286.82237289201419        4.0014910466627130E-003  -4.9888927699331003       -2.4064256697546482        20.769218985222647        43.792172022575762     
   347.55215500000003        286.85071993628407        4.0188134639498807E-003  -4.9869786916685790       -2.3344623422467845        22.522072379749982        47.488097739526452     
   322.34393299999999        286.87985712081394        4.0357802271022494E-003  -4.9801946474835903       -2.2669362468416163        24.036213694156860        50.680695177464244     
   297.15716600000002        286.91033386673018        4.0526123233630548E-003  -4.9688469095072314       -2.2030401001924611        25.260202846181592        53.261502027948950     
   271.99560500000001        286.94277172237071        4.0695298908715637E-003  -4.9530404971356923       -2.1420514112911380        26.142975744820099        55.122848766345726     
   246.86404400000001        286.97791136578792        4.0867680475198441E-003  -4.9326801898257129       -2.0832973352800455        26.633968906939849        56.158121408027604     
   221.76879900000000        287.01668025855503        4.1045964536184061E-003  -4.9074463547785738       -2.0261178202568551        26.683295389468569        56.262132464288591     
   196.71839900000001        287.06029788025575        4.1233470932249940E-003  -4.8767359855316110       -1.9698210962456657        26.242016604704538        55.331694069403063     
   171.72468599999999        287.11045135718769        4.1434584517063815E-003  -4.8395465683569778       -1.9136211547555886        25.262572793273602        53.266525639944888     
   146.80502300000001        287.16961101064521        4.1655530692018975E-003  -4.7942524706943184       -1.8565363071289300        23.699522031674160        49.970812084292419     
   121.98595400000001        287.24164878414041        4.1905879884698545E-003  -4.7381536285490435       -1.7972009850455934        21.510869484496748        45.356006552754501     
   97.311340299999998        287.33319154049224        4.2201825568706011E-003  -4.6664758531080226       -1.7334660055284854        18.660747581301038        39.346481634335525     
   72.861091599999995        287.45706847934667        4.2574520500530243E-003  -4.5698118103657199       -1.6613981975820480        15.125485854930156        31.892327709970797     
   48.804748500000002        287.64330832731042        4.3096637880184509E-003  -4.4259421124360436       -1.5721390100845551        10.910273802542219        23.004486866654105     
   25.613332700000001        287.97239998575208        4.3958882201219377E-003  -4.1753733557990955       -1.4445068021938199        6.1122218578525027        12.887717983184022     
   10.000000000000000        288.73327190937459        4.5860926954966307E-003  -3.6001682501880019       -1.2022056992961927        2.4553576020792689        5.1771610190568476     
   1997.2254600000001        290.87306456311694        6.1717131116313987E-004  -4.6377853373010813        1.0639535499290180        1.0000000000000000E-004   1.0000000000000000E-004
   1971.7959000000001        290.84645751755409        6.4565393843360073E-004  -4.6516508928224747        1.0228233095729597        1.0000000000000000E-004   1.0000000000000000E-004
   1946.3670700000000        290.82415097450536        6.6186042286531927E-004  -4.6548230650261777       0.98809069774891134        1.0000000000000000E-004   1.0000000000000000E-004
   1920.9388400000000        290.79935697648040        6.7312320383986022E-004  -4.6525813402959635       0.95874542442395427        1.0000000000000000E-004   1.0000000000000000E-004
   1895.5111099999999        290.76171951068460        6.8301549493437856E-004  -4.6442162259043283       0.93521726519738380        1.0000000000000000E-004   1.0000000000000000E-004
   1870.0839800000001        290.69440290589841        6.9210238000278596E-004  -4.6285588878072303       0.91809328841053084        1.0000000000000000E-004   1.0000000000000000E-004
   1844.6575900000000        290.61932142675045        6.9654657992529272E-004  -4.6096920867047251       0.90534067913497063        1.0000000000000000E-004   1.0000000000000000E-004
   1819.2318100000000        290.53316120330447        6.9845069532872633E-004  -4.5875649111304240       0.89657903925050519        1.0000000000000000E-004   1.0000000000000000E-004
   1793.8067599999999        290.39772176476555        6.9946992633762280E-004  -4.5587834009675587       0.89298421651805815        1.0000000000000000E-004   1.0000000000000000E-004
   1768.3824500000001        290.15003934886215        7.0090510534734677E-004  -4.5206819683969579       0.89514546668306016        1.0000000000000000E-004   1.0000000000000000E-004
   1742.9588600000000        289.88539126979850        7.0490933629610553E-004  -4.4794608735973256       0.89902476290067723        1.0000000000000000E-004   1.0000000000000000E-004
   1717.5362500000001        289.62463669643904        7.1478557390110948E-004  -4.4361111388525849       0.90315688418031947        1.0000000000000000E-004   1.0000000000000000E-004
   1692.1140100000000        289.39151846668642        7.3202573921009328E-004  -4.3919731874833632       0.90607248525691364        1.0000000000000000E-004   1.0000000000000000E-004
   1666.6927499999999        289.19793824840201        7.5436450570191317E-004  -4.3481542225370102       0.90664694618415265        1.0000000000000000E-004   1.0000000000000000E-004
   1641.2723400000000        289.01484051961620        7.8240505580623888E-004  -4.3028858811867270       0.90495465404703612        1.0000000000000000E-004   1.0000000000000000E-004
   1615.8527799999999        288.83968157715418        8.1413917377552855E-004  -4.2561143685664176       0.90041271403106771        1.0000000000000000E-004   1.0000000000000000E-004
   1590.4340800000000        288.68218936643837        8.4515334280812712E-004  -4.2089445047517868       0.89220961767204976        1.0000000000000000E-004   1.0000000000000000E-004
   1565.0162399999999        288.54104842089163        8.7400866565700685E-004  -4.1616753126423802       0.87989629184979157        1.0000000000000000E-004   1.0000000000000000E-004
   1539.5992400000000        288.39973324959891        9.0452472186739439E-004  -4.1128951995021072       0.86329234772484154        1.0000000000000000E-004   1.0000000000000000E-004
   1514.1834699999999        288.23671341050107        9.4535608752887689E-004  -4.0606329798446756       0.84198180734436701        1.0000000000000000E-004   1.0000000000000000E-004
   1488.7685500000000        288.01788477790865        1.0186247973994484E-003  -4.0025227257833969       0.81509476380631651        1.0000000000000000E-004   1.0000000000000000E-004
   1463.3546100000001        287.72677802173371        1.1676806024593961E-003  -3.9388134047311745       0.78136396081255466        1.0000000000000000E-004   1.0000000000000000E-004
   1437.9417699999999        287.39598185852623        1.4424800210089623E-003  -3.8728119297684289       0.73984868964583539        1.0000000000000000E-004   1.0000000000000000E-004
   1412.5300299999999        287.03696161376183        1.8984762798702598E-003  -3.8060778384102734       0.68977096324166276        1.0000000000000000E-004   1.0000000000000000E-004
   1387.1193800000001        286.69222500840766        2.4939645336528658E-003  -3.7418022925669900       0.63111211548742907        1.0000000000000000E-004   1.0000000000000000E-004
   1361.7099599999999        286.41572114212033        3.0614773232901155E-003  -3.6841820633298110       0.56502623805963681        1.0000000000000000E-004   1.0000000000000000E-004
   1336.3018800000000        286.31960797768653        3.2717283287295139E-003  -3.6469764875287636       0.49879474985281702        1.0000000000000000E-004   1.0000000000000000E-004
   1310.8949000000000        286.28174675915278        3.3569360592326449E-003  -3.6255113881415886       0.43297573222448232        1.0000000000000000E-004   1.0000000000000000E-004
   1285.4893800000000        286.26339863153862        3.3986789921524045E-003  -3.6154718921122391       0.36726579002430371        1.0000000000000000E-004   1.0000000000000000E-004
   1260.0852100000000        286.25286368624745        3.4226527368034785E-003  -3.6140847004417460       0.30140655665052296        1.0000000000000000E-004   1.0000000000000000E-004
   1234.6824999999999        286.24600393459161        3.4381531333124824E-003  -3.6196012684595242       0.23526560826575546        1.0000000000000000E-004   1.0000000000000000E-004
   1209.2811300000001        286.24200299534203        3.4500053809592714E-003  -3.6317462407056573       0.16504680243168948        1.0000000000000000E-004   1.0000000000000000E-004
   1183.8813500000001        286.24963334937365        3.4614569838923546E-003  -3.6488508484401327        9.8740989489719599E-002   2.4438030116134186E-003   4.8182532081982258E-003
   1158.4832799999999        286.47749944124632        3.5456892568542964E-003  -3.7055431233088889       -5.5228028145610187E-003  0.10012349203636799       0.20145487565982190     
   1133.0869100000000        286.89102711164293        3.6881407808374476E-003  -3.8672000180465513      -0.14422272603213412       0.45288877223383028       0.91159814344783008     
   1107.6922600000000        287.21790456304319        3.8002479450531370E-003  -4.0790724645057015      -0.25692780457060205        1.0432469853066049        2.1000340148715670     
   1082.3005400000000        287.46725664605344        3.8860057188158906E-003  -4.2804626850307059      -0.33274621341910876        1.8536689482692204        3.7314749212587226     
   1056.9097899999999        287.66184651325364        3.9533199090653103E-003  -4.4565148332874092      -0.38047655251104046        2.8667340023639105        5.7708517614390171     
   1031.5210000000000        287.81808118318850        4.0077808338308644E-003  -4.6067473841256161      -0.40867594959717823        4.0649387581138159        8.1829288910242823     
   1006.1343400000000        287.94679206874349        4.0530495432481604E-003  -4.7343416257881659      -0.42344886854157915        5.4308056525039055        10.932522656249841     
   980.75000000000000        288.05518823966554        4.0915508875898005E-003  -4.8429540101546431      -0.42891688670446554        6.9468601547753153        13.984455507508494     
   955.36804199999995        288.14819628424164        4.1249361119843637E-003  -4.9358412359905346      -0.42785429984308404        8.5956414103095309        17.303577426297377     
   929.98846400000002        288.22928258956381        4.1543636971777837E-003  -5.0156951662318514      -0.42215084082708332        10.359701654859617        20.854764746021225     
   904.61157200000002        288.30095467729757        4.1806695455777710E-003  -5.0846846626778861      -0.41311445976600580        12.221579837323077        24.602867052629176     
   879.23742700000003        288.36507285322267        4.2044723596079865E-003  -5.1445449373368968      -0.40166528734703622        14.163840322148115        28.512785095498781     
   853.86627199999998        288.42304906562879        4.2262406688210151E-003  -5.1966653778833045      -0.38846051027192335        16.169043433896249        32.549411491401180     
   828.49829099999999        288.47597731487082        4.2463366846067288E-003  -5.2421632302241115      -0.37397589557210670        18.219764187169851        36.677668429268145     
   803.13348399999995        288.52472126562373        4.2650456948424365E-003  -5.2819418027938809      -0.35855993454602297        20.298604463970651        40.862532184141962     
   777.77227800000003        288.56997464339008        4.2825962785451571E-003  -5.3167355690445373      -0.34247047144145037        22.388144020410930        45.068934489954181     
   752.41485599999999        288.61230408309871        4.2991746436002619E-003  -5.3471450509130358      -0.32589976830968864        24.470996628674065        49.261875557564267     
   727.06133999999997        288.65217983135000        4.3149348700471579E-003  -5.3736634035086368      -0.30899201958383055        26.529796703384864        53.406397152625871     
   701.71209699999997        288.68999811051475        4.3300063412428829E-003  -5.3966967472375753      -0.29185586221702914        28.547175915015185        57.467535516586786     
   676.36755400000004        288.72609819076325        4.3444994246313526E-003  -5.4165800793375967      -0.27457322785489419        30.505781301179557        61.410357826103272     
   651.02789299999995        288.76077538721421        4.3585097833910144E-003  -5.4335894763721972      -0.25720576959337205        32.388300901135231        65.200013797246214     
   625.69360400000005        288.79429105852432        4.3721216649931149E-003  -5.4479514329971641      -0.23979967058256171        34.177423837233334        68.801655326408650     
   600.36511199999995        288.82688074743385        4.3854105790566500E-003  -5.4598501257546790      -0.22238914301193752        35.855872598700053        72.180501480020354     
   575.04284700000005        288.85876089370794        4.3984454904677029E-003  -5.4694329066584269      -0.20499903920188861        37.406400532032357        75.301833442519850     
   549.72741699999995        288.89013448412976        4.4112906429132053E-003  -5.4768143462594514      -0.18764685864834704        38.811785806120447        78.130982367674548     
   524.41943400000002        288.92119616583778        4.4240072008251705E-003  -5.4820790924912277      -0.17034422061111462        40.054848272582525        80.633363319720559     
   499.11962899999997        288.95213698874198        4.4366547496701141E-003  -5.4852836226307424      -0.15309799588728007        41.118449330683617        82.774475001422744     
   473.82891799999999        288.98314910910130        4.4492927663962187E-003  -5.4864569729338708      -0.13591115586779035        41.985498889653826        84.519913769738025     
   448.54824800000000        289.01443079328857        4.4619821709324095E-003  -5.4856004077611455      -0.11878336025069580        42.638971715013298        85.835406542214443     
   423.27871699999997        289.04619187238637        4.4747869861292136E-003  -5.4826859115302673      -0.10171143449081116        43.061913632393342        86.686823285737646     
   398.02175899999997        289.07866016826659        4.4877762776759835E-003  -5.4776533218596120       -8.4689696690086178E-002   43.237455198236759        87.040204536658905     
   372.77890000000002        289.11208947967191        4.5010265544633806E-003  -5.4704057076508494       -6.7710120989937644E-002   43.148835014608260        86.861808335290945     
   347.55215500000003        289.14676974568971        4.5146247972496761E-003  -5.4608024269363327       -5.0762445841190280E-002   42.779422709959114        86.118156487872398     
   322.34393299999999        289.18304069442109        4.5286725211651441E-003  -5.4486489087771171       -3.3834132095901526E-002   42.112755688242871        84.776108545314827     
   297.15716600000002        289.22131072566043        4.5432913842221008E-003  -5.4336816269850470       -1.6910204091969611E-002   41.132583582415450        82.802951291430389     
   271.99560500000001        289.26208381073974        4.5586311579022248E-003  -5.4155458262914866        2.6990386298093080E-005   39.822936794478125        80.166536719164071     
   246.86404400000001        289.30599941191173        4.5748815538773384E-003  -5.3937617282221906        1.6998183767053972E-002   38.168219918506509        76.835470098158169     
   221.76879900000000        289.35389397142933        4.5922904368319055E-003  -5.3676717189615903        3.4027765498224997E-002   36.153355251007447        72.779398871848784     
   196.71839900000001        289.40689993611312        4.6111931567462171E-003  -5.3363545340391001        5.1144574754702903E-002   33.764002324163258        67.969454594332788     
   171.72468599999999        289.46661376835755        4.6320623207159826E-003  -5.2984788029636523        6.8382895734408616E-002   30.986906845911875        62.378955372889649     
   146.80502300000001        289.53539995764004        4.6555978772519317E-003  -5.2520369926780921        8.5783572166783478E-002   27.810530155124699        55.984673008380916     
   121.98595400000001        289.61698836187531        4.6829041846332105E-003  -5.1938211925577322       0.10339477778922811        24.226158445434699        48.769065945890269     
   97.311340299999998        289.71778134749837        4.7158776157317072E-003  -5.1182731488758382       0.12127009502356033        20.230213659601187        40.724931278086011     
   72.861091599999995        289.85017878364420        4.7581928626123189E-003  -5.0145521474472838       0.13945352798193192        15.829530949724605        31.866028667710694     
   48.804748500000002        290.04315123443325        4.8184399519846724E-003  -4.8571843648269324       0.15789123172029873        11.056084556670385        22.256724645084869     
   25.613332700000001        290.37314784951826        4.9191445726391595E-003  -4.5778759912632685       0.17484746145122967        6.0237110400160381        12.126180714971163     
   10.000000000000000        291.11078051793146        5.1409429648400983E-003  -3.9315812043538632       0.18188249576168022        2.3909021296381052        4.8130647754075406     
   1997.2254600000001        290.87223979831685        6.1805194822534980E-004  -8.7731947307309106        1.2298848158399363       0.12360258567080716        9.1030188333892606E-004
   1971.7959000000001        290.84623453495584        6.4567614345469797E-004  -8.7711005115527794        1.2065519759056318       0.12360258567080716        9.1030188333892606E-004
   1946.3670700000000        290.82425982520408        6.6163852046563281E-004  -8.7667559080765436        1.1742983551692963       0.25927736157217518        4.4259985287828096E-003
   1920.9388400000000        290.79956408238428        6.7296683831897771E-004  -8.7613384408152353        1.1403916049950236       0.27911475401109903        4.7065810217410834E-003
   1895.5111099999999        290.76185917581279        6.8295550366589497E-004  -8.7550558883201308        1.1068981596334371       0.23137435817216151        2.4869071674467973E-003
   1870.0839800000001        290.69443747394399        6.9208668991264293E-004  -8.7480085551714062        1.0769472071719790       0.14747494885565060        7.1011278474693794E-004
   1844.6575900000000        290.61931830280520        6.9654125913631002E-004  -8.7430112202920824        1.0572921725279871        7.8574676704980723E-002   2.2864404338725469E-004
   1819.2318100000000        290.53309861981921        6.9844900382050616E-004  -8.7400501225179354        1.0463008745853719        4.5206135380033069E-002   1.3119639568817996E-004
   1793.8067599999999        290.39747615140311        6.9947098806098405E-004  -8.7369087107232914        1.0463119157742324        1.2787689584133330E-002   3.7011769541995036E-005
   1768.3824500000001        290.14996640752213        7.0091047435312753E-004  -8.7337914876918905        1.0570977658409926        4.6845516585218731E-002   1.3521170317978804E-004
   1742.9588600000000        289.88537154383607        7.0492212578724875E-004  -8.7302220496930492        1.0722567742393025        6.6605536985090905E-002   1.9170327372643496E-004
   1717.5362500000001        289.62468389800085        7.1480189146790724E-004  -8.7259266470189001        1.0897789195593131        7.9084015210496572E-002   2.2696269061824544E-004
   1692.1140100000000        289.39159808834427        7.3203736437772954E-004  -8.7202934887009569        1.1057537484706612        7.6105801492374170E-002   2.1777240357487502E-004
   1666.6927499999999        289.19617790363247        7.5465757963497689E-004  -8.7104579065447147        1.0647624105595073       0.19926837944800452        6.0063176684742065E-004
   1641.2723400000000        289.00748927163312        7.8494727017300260E-004  -8.7122857167645851       0.97152532242088963       0.97558671129392616        1.5305374688824985E-002
   1615.8527799999999        288.82323866980414        8.7560609085817820E-004  -8.7239812351111272       0.85512705571026559        1.5616752289192732        3.9752791168556734E-002
   1590.4340800000000        288.65791267231072        2.5666803861251310E-003  -8.7468601768159004       0.71910050601114939        2.2994227058296937        9.1204668210326439E-002
   1565.0162399999999        288.65821388466151        3.3678257094264790E-003  -8.7617815199778875       0.65354642231974347        15.039493478972007        29.619996320211900     
   1539.5992400000000        288.65932164663695        3.5307790475398791E-003  -8.7644002809805208       0.64391714215524887        53.151033837634913        66.118163733259891     
   1514.1834699999999        288.66096672914978        3.6023414383402528E-003  -8.7661656676997719       0.63869078254818556        78.962163951825573        88.433899047399279     
   1488.7685500000000        288.66309383458048        3.6435286227983975E-003  -8.7677493355485918       0.63482441797200206        95.546853735282937        103.21590373825377     
   1463.3546100000001        288.66566070320908        3.6714175033740956E-003  -8.7692923701204535       0.63162079447324682        107.82784991030644        114.44581323970048     
   1437.9417699999999        288.66863522553837        3.6925855010417562E-003  -8.7708388773938868       0.62882206707359378        117.63134829549071        123.54509593129731     
   1412.5300299999999        288.67199222483146        3.7100289517547056E-003  -8.7724038868282275       0.62630773381198324        125.79340715686071        131.18319631784593     
   1387.1193800000001        288.67571132693274        3.7252789664494698E-003  -8.7739912885240070       0.62401299961136569        132.76212043893045        137.73104561019423     
   1361.7099599999999        288.67977561677071        3.7391877494134277E-003  -8.7756000130737117       0.62189973241678320        138.80475708833436        143.41615482535957     
   1336.3018800000000        288.68417080136527        3.7522617242003943E-003  -8.7772265594623118       0.61994410698426883        144.09307485388203        148.38806435864547     
   1310.8949000000000        288.68888457911839        3.7648172321195004E-003  -8.7788661231702374       0.61813067800294053        148.74549296711515        152.75213589822869     
   1285.4893800000000        288.69390628380330        3.7770597731266249E-003  -8.7805131789404456       0.61644919546814292        152.84410069877086        156.58230756432829     
   1260.0852100000000        288.69922657765403        3.7891268227006609E-003  -8.7821617666371932       0.61489280854076844        156.45009355065866        159.93468362418204     
   1234.6824999999999        288.70483728588431        3.8011124986522538E-003  -8.7838056551669741       0.61345696288220819        159.60861367134407        162.85110426241826     
   1209.2811300000001        288.71073119280686        3.8130822072593028E-003  -8.7854384051793648       0.61213872371624678        162.35499541039482        165.36481893807812     
   1183.8813500000001        288.71690195509450        3.8250819367902341E-003  -8.7870534116299002       0.61093631374347745        164.71555751939781        167.50078355400086     
   1158.4832799999999        288.72334403630651        3.8371442655009773E-003  -8.7886439165302370       0.60984880185111723        166.71090663454416        169.27877464706501     
   1133.0869100000000        288.73005265198492        3.8492923492678324E-003  -8.7902030001641300       0.60887589278359822        168.35771437258180        170.71501191414123     
   1107.6922600000000        288.73702355452400        3.8615423443624066E-003  -8.7917235207885209       0.60801780250516935        169.67097346480861        171.82433851836635     
   1082.3005400000000        288.74425347916446        3.8739061726433786E-003  -8.7931981902597691       0.60727508669180652        170.65432035471503        172.61022391301086     
   1056.9097899999999        288.75173965500562        3.8863920371534585E-003  -8.7946194268539610       0.60664863807592195        171.32348541808912        173.08875491236802     
   1031.5210000000000        288.75947994127915        3.8990056905838107E-003  -8.7959793391046688       0.60613961255640414        171.68196988020640        173.26368871565742     
   1006.1343400000000        288.76747276282259        3.9117510958052047E-003  -8.7972696669779786       0.60574939142166040        171.73379053928682        173.13955604124570     
   980.75000000000000        288.77571725120526        3.9246312091018500E-003  -8.7984817409224974       0.60547955267356757        171.48259237008966        172.72078766991109     
   955.36804199999995        288.78421323073462        3.9376483703520634E-003  -8.7996064024596716       0.60533186461804811        170.93057061329762        172.01073630004905     
   929.98846400000002        288.79296118656265        3.9508045697942487E-003  -8.8006339117447450       0.60530828762864963        170.07925582174687        171.01268026181151     
   904.61157200000002        288.80196234843305        3.9641018196027418E-003  -8.8015538589441640       0.60541098203466026        168.92726575123132        169.72789181893017     
   879.23742700000003        288.81121870895510        3.9775423649457808E-003  -8.8023550468473477       0.60564232834811171        167.47242669291319        168.15826806941192     
   853.86627199999998        288.82073310518473        3.9911289438744647E-003  -8.8030253530584979       0.60600496460613484        165.70985186943255        166.30481848626147     
   828.49829099999999        288.83050929608589        4.0048650047018845E-003  -8.8035515552335184       0.60650184028509890        163.63320916349920        164.16849818315893     
   803.13348399999995        288.84055188276926        4.0187546764071189E-003  -8.8039190951521000       0.60713626619213290        161.23984345003413        161.75255984592363     
   777.77227800000003        288.85086631314402        4.0328028519844902E-003  -8.8041118137004499       0.60791194580644548        158.53320317859584        159.06045432999792     
   752.41485599999999        288.86145885859162        4.0470152253410611E-003  -8.8041116723381325       0.60883297198804254        155.52596248738024        156.09780746461274     
   727.06133999999997        288.87233662699185        4.0613983730636675E-003  -8.8038984682088710       0.60990382277513400        152.23444968301251        152.87100723678807     
   701.71209699999997        288.88350767705816        4.0759599699917359E-003  -8.8034495133939608       0.61112938188476962        148.67229466959432        149.38506095484419     
   676.36755400000004        288.89498125688061        4.0907091602248521E-003  -8.8027392268422684       0.61251499911670437        144.84953759252321        145.64394727700207     
   651.02789299999995        288.90676791959976        4.1056567609947118E-003  -8.8017386230606096       0.61406655652980557        140.77507543207068        141.65262580856816     
   625.69360400000005        288.91887973607618        4.1208155978171724E-003  -8.8004146689729712       0.61579055735351673        136.45565016585556        137.41527661479546     
   600.36511199999995        288.93133050809774        4.1362008500741539E-003  -8.7987294823168050       0.61769423154708791        131.89777566171614        132.93669117796438     
   575.04284700000005        288.94413599017281        4.1518304256964421E-003  -8.7966393292201452       0.61978565703132238        127.10842079423709        128.22261273084064     
   549.72741699999995        288.95731418620579        4.1677254599010206E-003  -8.7940933564563704       0.62207390923174188        122.09465326564074        123.27915764309105     
   524.41943400000002        288.97088568035542        4.1839109002908634E-003  -8.7910319778490837       0.62456923929057651        116.86454691747211        118.11360409549550     
   499.11962899999997        288.98487402850355        4.2004162316665481E-003  -8.7873848008715374       0.62728329141473704        111.42724871999273        112.73437557643049     
   473.82891799999999        288.99930628405139        4.2172764579509296E-003  -8.7830679134455458       0.63022937727750261        105.79287996646664        107.15087983957702     
   448.54824800000000        289.01421361209145        4.2345333281873943E-003  -8.7779803029860517       0.63342281618456897        99.973238703292395        101.37418519388022     
   423.27871699999997        289.02963199512254        4.2522368791891663E-003  -8.7719990757298341       0.63688135034970106        93.981961477062796        95.417154062216625     
   398.02175899999997        289.04560321728673        4.2704476145757125E-003  -8.7649729097514069       0.64062569604312303        87.834248745015103        89.294130237248183     
   372.77890000000002        289.06217597793960        4.2892393073674243E-003  -8.7567130140023455       0.64468022898500499        81.548026038478270        83.022108236963120     
   347.55215500000003        289.07940738084807        4.3087029702720218E-003  -8.7469802874884266       0.64907389775595892        75.143612113506833        76.620365995071893     
   322.34393299999999        289.09736480405104        4.3289524299599995E-003  -8.7354667053716923       0.65384143087848157        68.644480815276637        70.111225344085256     
   297.15716600000002        289.11612823510364        4.3501323421414615E-003  -8.7217676061039366       0.65902495188287813        62.077943139727466        63.520734975784954     
   271.99560500000001        289.13579320603492        4.3724301161316556E-003  -8.7053391261274715       0.66467618007822804        55.475681439011019        56.879199146253043     
   246.86404400000001        289.15647435195530        4.3960942167462031E-003  -8.6854304455541236       0.67085946656521422        48.874844782757357        50.222294604931271     
   221.76879900000000        289.17830943063518        4.4214634217154009E-003  -8.6609712384250290       0.67765602682716308        42.319296884584539        43.592354772980606     
   196.71839900000001        289.20146288748964        4.4490158670246801E-003  -8.6303749314441713       0.68516984658799751        35.861331388240259        37.040158050410930     
   171.72468599999999        289.22612554379572        4.4794559911663532E-003  -8.5911729039973395       0.69353567679221673        29.564188704720770        30.627590396106875     
   146.80502300000001        289.25249957604854        4.5138807377287813E-003  -8.5392788903011212       0.70292875508350228        23.505271844096313        24.431103617041710     
   121.98595400000001        289.28073027449352        4.5541280424529320E-003  -8.4673543198578258       0.71357095265927062        17.781248886880235        18.547305098881058     
   97.311340299999998        289.31063647507875        4.6036067080348431E-003  -8.3606524238326259       0.72570318931881816        12.515229882343707        13.101068617305755     
   72.861091599999995        289.34055060865893        4.6696652763598776E-003  -8.1842274341724028       0.73935083944192859        7.8673431540879788        8.2581784029340124     
   48.804748500000002        289.36092971519287        4.7726747182143571E-003  -7.8295688863818693       0.75264609612115663        4.0448382132724916        4.2407279813454037     
   25.613332700000001        289.29663209734849        4.9936398037815685E-003  -7.0183655304888095       0.74582189082574846        1.7167305938547246        1.3675815223648649     
   10.000000000000000        288.79218351840501        5.4422929624353073E-003  -4.8973621664888993       0.62472621434876674       0.63598107172451068       0.52967274313885804     
   1997.2254600000001        290.87158913096124        6.1873874236945494E-004  -11.749348108453814       -2.2873594313126975       0.10676543721366477        6.7369698006279480E-004
   1971.7959000000001        290.84550183768465        6.4609483600600482E-004  -11.749009368052960       -2.3091061243672177       0.10676543721366477        6.7369698006279480E-004
   1946.3670700000000        290.82383569027189        6.6155616408114992E-004  -11.746422701055964       -2.3399657769209727       0.23715052000599404        3.7106716277308543E-003
   1920.9388400000000        290.79942588653182        6.7271909487285567E-004  -11.742263576757345       -2.3746152052599152       0.28952777747532610        5.1071497029145062E-003
   1895.5111099999999        290.76197171773265        6.8272945465012156E-004  -11.736734888761726       -2.4132680286322761       0.30206635606196636        4.3166482513266021E-003
   1870.0839800000001        290.69476056736602        6.9195176737151540E-004  -11.730440092927735       -2.4567149987585224       0.29539041900627300        2.9436661571887179E-003
   1844.6575900000000        290.61946255943434        6.9649342453082809E-004  -11.725329889756432       -2.5023181722704502       0.31273947003313163        3.0293762211796049E-003
   1819.2318100000000        290.53288135649899        6.9843530144564250E-004  -11.722403222513591       -2.5510640156090596       0.33865492089032317        3.2204670999172818E-003
   1793.8067599999999        290.39650365459556        6.9947461683274206E-004  -11.721368611690734       -2.6064694324272111       0.35806938823571022        2.7641218152660118E-003
   1768.3824500000001        290.14830542114316        7.0095758674553138E-004  -11.722106552975557       -2.6713292936957442       0.37524139588870536        2.1618313170277039E-003
   1742.9588600000000        289.88219682087691        7.0513634066514397E-004  -11.726574102903360       -2.7409411954081002       0.42865730131199903        2.6576475553648409E-003
   1717.5362500000001        289.61917830545337        7.1549291252685364E-004  -11.738144726999536       -2.8136576852564530       0.49076371258202661        3.4247007702558783E-003
   1692.1140100000000        289.38285356573789        7.3433792538405622E-004  -11.760074614897370       -2.8864736349164017       0.56329792728254269        4.6644264216764300E-003
   1666.6927499999999        289.18406851370673        7.8112572499313717E-004  -11.794314214385034       -2.9558237458801004       0.64708226766880517        6.5919647671806936E-003
   1641.2723400000000        288.99439998421832        1.2234736677025984E-003  -11.842230940647763       -3.0199177893353650       0.72411169735807934        8.2673251413774209E-003
   1615.8527799999999        288.85804837742478        3.8756235515685898E-003  -11.900463159116592       -3.0732880331772039       0.84418947915186826        1.3112596551497321E-002
   1590.4340800000000        288.85770712535691        3.8928724338579681E-003  -11.929363569863616       -3.0915962265118555        2.2213855523232096        1.8147602570142978     
   1565.0162399999999        288.85774532919498        3.8963458346504437E-003  -11.945517090351013       -3.0988149614062825        4.9602896885927947        9.4802163243537123     
   1539.5992400000000        288.85783620504321        3.8987565015079504E-003  -11.956650401537306       -3.1023627020041933        8.8324205766954567        14.524845320283095     
   1514.1834699999999        288.85796112374265        3.9008181908546644E-003  -11.966573978702295       -3.1046013815605469        11.781267397035712        18.089387484460904     
   1488.7685500000000        288.85811439080260        3.9027295823254563E-003  -11.976223448582225       -3.1060795302348825        14.013739156588155        20.751894943701540     
   1463.3546100000001        288.85829278319500        3.9045689061853704E-003  -11.985910621532119       -3.1069853604129372        15.795907880994658        22.875264060223579     
   1437.9417699999999        288.85849398034856        3.9063743779663004E-003  -11.995757422719127       -3.1073996895952747        17.280911943008750        24.643743374219024     
   1412.5300299999999        288.85871612747161        3.9081672549734761E-003  -12.005812341115286       -3.1073615809836039        18.556427730406227        26.158368883532649     
   1387.1193800000001        288.85895765734153        3.9099603669162132E-003  -12.016090974386259       -3.1068909643905083        19.675219018017664        27.479251850511421     
   1361.7099599999999        288.85921720024203        3.9117618789606939E-003  -12.026592836312320       -3.1059980110317991        20.670561909457721        28.644446450549186     
   1336.3018800000000        288.85949353339112        3.9135771800208026E-003  -12.037309256117970       -3.1046875264047409        21.564259289978807        29.679212237995355     
   1310.8949000000000        288.85978554433530        3.9154098855268774E-003  -12.048227242960513       -3.1029611981126166        22.371205389093383        30.601293871592659     
   1285.4893800000000        288.86009220990110        3.9172624523255940E-003  -12.059331630654647       -3.1008188139455251        23.101532018623214        31.422963810228499     
   1260.0852100000000        288.86041257802003        3.9191365417090614E-003  -12.070606215302442       -3.0982589504205458        23.762462263334186        32.153356564429018     
   1234.6824999999999        288.86074575691083        3.9210332714617593E-003  -12.082034441390688       -3.0952793517353343        24.359045230580691        32.799079329177090     
   1209.2811300000001        288.86109090180992        3.9229533595164052E-003  -12.093599659491975       -3.0918771680688963        24.894935321747610        33.365214926276671     
   1183.8813500000001        288.86144720790088        3.9248972440847404E-003  -12.105285321393374       -3.0880490707679713        25.372584933333400        33.855362602086664     
   1158.4832799999999        288.86181390431591        3.9268651696862293E-003  -12.117075081928560       -3.0837912921478803        25.793653589219080        34.272195324630616     
   1133.0869100000000        288.86219024841392        3.9288572477339315E-003  -12.128952817023771       -3.0790996142308082        26.159241078908103        34.617749094236146     
   1107.6922600000000        288.86257551110180        3.9308734526079282E-003  -12.140902321716535       -3.0739694421597306        26.470162024697213        34.893823684417157     
   1082.3005400000000        288.86296899703723        3.9329137891776049E-003  -12.152907869959060       -3.0683954891701402        26.725918654867908        35.100081246025127     
   1056.9097899999999        288.86337001538641        3.9349781907860072E-003  -12.164953597237409       -3.0623718791334444        26.927279457630490        35.238597286161600     
   1031.5210000000000        288.86377788186212        3.9370665781310590E-003  -12.177023409825662       -3.0558920367377804        27.073606088655108        35.309088311128093     
   1006.1343400000000        288.86419191102351        3.9391788644546778E-003  -12.189100807880024       -3.0489486015423020        27.164279929648014        35.311422735702237     
   980.75000000000000        288.86461141823429        3.9413150080124032E-003  -12.201168945559527       -3.0415331464960484        27.198617778282834        35.245447056565759     
   955.36804199999995        288.86503571231339        3.9434750177171672E-003  -12.213210382983487       -3.0336360056320122        27.175767220697292        35.110798096420979     
   929.98846400000002        288.86546408641613        3.9456589523099691E-003  -12.225206794575001       -3.0252460820760505        27.094824897220416        34.907102574576264     
   904.61157200000002        288.86589581333129        3.9478669460589399E-003  -12.237138756010980       -3.0163505404380762        26.954609971022489        34.633596992105247     
   879.23742700000003        288.86633013591359        3.9500992156114075E-003  -12.248985420330907       -3.0069344748568332        26.753976703365872        34.289658524501995     
   853.86627199999998        288.86676625868040        3.9523560810871836E-003  -12.260724176257630       -2.9969804637449231        26.491619338531777        33.874487697264300     
   828.49829099999999        288.86720333760263        3.9546379892092974E-003  -12.272330234810717       -2.9864680045024294        26.166124325160578        33.387210919460266     
   803.13348399999995        288.86764046213477        3.9569455110949631E-003  -12.283775993714581       -2.9753729119738308        25.776158304653460        32.827202415888294     
   777.77227800000003        288.86807664056505        3.9592793764372846E-003  -12.295030396619666       -2.9636664268325204        25.320095773363825        32.193506465346999     
   752.41485599999999        288.86851077888184        3.9616404999029521E-003  -12.306058083733092       -2.9513140823033113        24.796321544716630        31.485357246140353     
   727.06133999999997        288.86894165133680        3.9640299981014470E-003  -12.316818221888768       -2.9382742978402292        24.203224307097567        30.702203150510165     
   701.71209699999997        288.86936786443613        3.9664492167569036E-003  -12.327262998297783       -2.9244964948247558        23.539020519905293        29.843477459354332     
   676.36755400000004        288.86978781380429        3.9688997827682102E-003  -12.337335708905105       -2.9099184414813108        22.801793723532757        28.908717780485606     
   651.02789299999995        288.87019962053330        3.9713836302597248E-003  -12.346968007241566       -2.8944627660223845        21.989717501681277        27.897985236001301     
   625.69360400000005        288.87060105038950        3.9739030519910035E-003  -12.356076153586256       -2.8780320040053331        21.100792802618152        26.811527727662870     
   600.36511199999995        288.87098940216259        3.9764607470713555E-003  -12.364555638522473       -2.8605015691379583        20.133064931445652        25.650185632912510     
   575.04284700000005        288.87136135185847        3.9790598591486950E-003  -12.372273274600676       -2.8417095963184607        19.084776225619901        24.415660517385309     
   549.72741699999995        288.87171273468977        3.9817040034467342E-003  -12.379055287182235       -2.8214418756561055        17.954548833823420        23.110724897591314     
   524.41943400000002        288.87203823211530        3.9843972378981705E-003  -12.384668766868035       -2.7994092278548988        16.742045679869616        21.739896902788701     
   499.11962899999997        288.87233092000434        3.9871439272686042E-003  -12.388791945569430       -2.7752130401098984        15.449040825956073        20.310128276951662     
   473.82891799999999        288.87258161883943        3.9899484538344120E-003  -12.390965364204321       -2.7482922810907646        14.081307886267949        18.831393651388264     
   448.54824800000000        288.87277797444193        3.9928149265299291E-003  -12.390510196020914       -2.7178415488989152        12.651352898321861        17.315765017221633     
   423.27871699999997        288.87290319885307        3.9957488530415969E-003  -12.386389038698770       -2.6826733564598668        11.178135252874597        15.766086070330800     
   398.02175899999997        288.87293403968317        3.9987802796166922E-003  -12.376921348874285       -2.6408128359761407        9.6486295921329503        14.082626968616729     
   372.77890000000002        288.87280862109350        4.0027522846490422E-003  -12.359247213886075       -2.5890334729296454        8.1164190148759232        9.8248306642542556     
   347.55215500000003        288.87236022767007        4.0079690489964476E-003  -12.331681276490940       -2.5293625239626460        7.3947444679110221        6.9615788236428235     
   322.34393299999999        288.87133064691432        4.0145417478724497E-003  -12.292525001763106       -2.4627397490385134        6.9680989814604368        5.2170638944830667     
   297.15716600000002        288.86931540541269        4.0226399796930695E-003  -12.239872135325284       -2.3895357075303796        6.6621324639366257        4.0460504457077917     
   271.99560500000001        288.86565848554545        4.0325232371736207E-003  -12.171438685658009       -2.3097706710911661        6.3992983747373229        3.1973714161366336     
   246.86404400000001        288.85924865189332        4.0445951069664711E-003  -12.084302304982671       -2.2231435010417977        6.1343728662487580        2.5415022251741886     
   221.76879900000000        288.84810641679945        4.0594908338373367E-003  -11.974512489102066       -2.1289898888302363        5.8368229160319585        2.0086316622145790     
   196.71839900000001        288.82848706808880        4.0782344556357297E-003  -11.836460132304071       -2.0261722779012494        5.4839655434195764        1.5606801625943207     
   171.72468599999999        288.79276722665571        4.1025402784623851E-003  -11.661777801749572       -1.9128683919196434        5.0580977083279226        1.1777344395192797     
   146.80502300000001        288.72393181449632        4.1354357316154512E-003  -11.437254304221247       -1.7861677326730672        4.5454468608157956       0.85081533555762534     
   121.98595400000001        288.57928101239514        4.1826264275591886E-003  -11.140508741471523       -1.6412708285474666        3.9368750164217619       0.57780180481609189     
   97.311340299999998        288.23472100956116        4.2554907684318180E-003  -10.730028117917234       -1.4697979304696192        3.2313148804773193       0.36093331649953270     
   72.861091599999995        287.27144380784711        4.3750032078003435E-003  -10.119777155036735       -1.2561779813095972        2.4468810966063668       0.20559490836152514     
   48.804748500000002        284.47400179414194        4.5358810901017345E-003  -9.1174853854637341      -0.97327113854569536        1.6564660055845959       0.12426335759527765     
   25.613332700000001        282.28505226423277        4.5501710161354172E-003  -7.7950568239910911      -0.69529985463283395        1.2751311814192194       0.26349758036214055     
   10.000000000000000        280.87299740784124        4.5229337148309876E-003  -5.2931642355517736      -0.33660127849937344       0.64086432279971939       0.44738264609816175     
   1997.2254600000001        290.87063426520876        6.1972872407251641E-004  -11.767492636976629       -7.3349747370034217       0.11136253186353809        7.2726226529008146E-004
   1971.7959000000001        290.84406107233309        6.4693885320525754E-004  -11.760596613389259       -7.3562072989548266       0.11136253186353809        7.2726226529008146E-004
   1946.3670700000000        290.82231601849071        6.6175808911709394E-004  -11.748379408509296       -7.3876878062962641       0.27971933687373329        5.2045783959235011E-003
   1920.9388400000000        290.79769536895941        6.7254212321165175E-004  -11.732867097793356       -7.4246641329895748       0.37657589633884381        8.7466520864383068E-003
   1895.5111099999999        290.75994331288950        6.8235261650305304E-004  -11.714063863312449       -7.4678434621607961       0.43181524730825965        8.9788782870496124E-003
   1870.0839800000001        290.69303340112640        6.9151112113755118E-004  -11.692140761044632       -7.5182953534475656       0.45804130145832622        7.2693939829847629E-003
   1844.6575900000000        290.61759041778436        6.9619733674536138E-004  -11.669658465842488       -7.5726366725842027       0.50502461946469690        8.1038162147698770E-003
   1819.2318100000000        290.53026404734612        6.9829345692927491E-004  -11.647705908356444       -7.6310944721809335       0.54291710930111370        8.4560725680428248E-003
   1793.8067599999999        290.39310175789234        6.9947377717535775E-004  -11.626543442610402       -7.6968574683723707       0.54797965348551037        6.5949037191830604E-003
   1768.3824500000001        290.14575726163781        7.0116740644281304E-004  -11.607564230718932       -7.7722491386518699       0.53507717498880236        4.4743753137680810E-003
   1742.9588600000000        289.87968942859288        7.0570968575160633E-004  -11.594586935134677       -7.8514149843857464       0.56299553573053973        4.6419621605467568E-003
   1717.5362500000001        289.61682487591537        7.1685638899006334E-004  -11.589585278857006       -7.9327024696391444       0.59738741407828377        5.1229985921402909E-003
   1692.1140100000000        289.38060779331573        7.4335729474986291E-004  -11.593929528787113       -8.0138854663859842       0.64153901092780286        6.0905919789796363E-003
   1666.6927499999999        289.18120859808255        8.7081150669468879E-004  -11.608226870223360       -8.0928848545329952       0.69465405016564286        7.6129743756831215E-003
   1641.2723400000000        288.99287362918034        1.6883429055303172E-003  -11.633027891672830       -8.1696661864218321       0.73825351699782737        8.6352272311684235E-003
   1615.8527799999999        288.87104582937877        3.7585289798731823E-003  -11.666405360208426       -8.2383328531778890       0.83308081829927916        1.3545595580914142E-002
   1590.4340800000000        288.86564536297720        3.8636013881502354E-003  -11.693402381009923       -8.2781025372728294        1.4129073632575706       0.20849723266711387     
   1565.0162399999999        288.86453994594257        3.8883550721122580E-003  -11.719435962504866       -8.3072115904483841        1.8701343890266389       0.79006107370354128     
   1539.5992400000000        288.86411703944748        3.8994571032378521E-003  -11.745716377863790       -8.3303389949124895        2.2505661923374118        1.6406486051527820     
   1514.1834699999999        288.86390950793219        3.9060005304847067E-003  -11.772352987872027       -8.3491790835190862        2.6045524444734887        2.6452958161180189     
   1488.7685500000000        288.86379540841148        3.9104594588814162E-003  -11.799227538347660       -8.3646148280485892        2.9508195534538992        3.7360497504361523     
   1463.3546100000001        288.86372963441733        3.9137845482950075E-003  -11.826191743019292       -8.3772158515449799        3.2966593841048444        4.8673500802895378     
   1437.9417699999999        288.86369175596150        3.9164222154689215E-003  -11.853117690966968       -8.3873963308214012        3.6453273332322258        6.0075651828712848     
   1412.5300299999999        288.86367119396363        3.9186116901845300E-003  -11.879912264957024       -8.3954794058213409        3.9983332870707984        7.1341309548263387     
   1387.1193800000001        288.86366191646874        3.9204939524328493E-003  -11.906522555399457       -8.4017279076065208        4.3559738682413194        8.2296317164106370     
   1361.7099599999999        288.86366022380031        3.9221587033043161E-003  -11.932940167668981       -8.4063600204343309        4.7170767886016920        9.2785148024097559     
   1336.3018800000000        288.86366380206402        3.9237058976841228E-003  -11.959261655015720       -8.4095634805646018        5.0677823625054614        10.011533531988615     
   1310.8949000000000        288.86367119932964        3.9251748967739355E-003  -11.985660247757041       -8.4114816449441534        5.3851190892351797        10.561099136645998     
   1285.4893800000000        288.86368122878594        3.9265796585613490E-003  -12.012254624664143       -8.4122025479463893        5.6721367978973820        11.049483902848156     
   1260.0852100000000        288.86369285308854        3.9279304077016160E-003  -12.039135725039914       -8.4117751044105642        5.9304092801644028        11.485272890097280     
   1234.6824999999999        288.86370512783276        3.9292349458098725E-003  -12.066377921430711       -8.4102177070385729        6.1614001305530293        11.873560459872987     
   1209.2811300000001        288.86371716313204        3.9304992586859889E-003  -12.094045236541335       -8.4075231902264100        6.3667077944224424        12.218203499180273     
   1183.8813500000001        288.86372809600437        3.9317279128393088E-003  -12.122196051902593       -8.4036614588528558        6.5479506458469547        12.522107665502206     
   1158.4832799999999        288.86373706924280        3.9329243196497259E-003  -12.150886466907819       -8.3985804897064167        6.7068330355533741        12.787394117868164     
   1133.0869100000000        288.86374321424893        3.9340909514925509E-003  -12.180173169870304       -8.3922060437035757        6.8451054927044783        13.014935268514154     
   1107.6922600000000        288.86374563526249        3.9352296970574232E-003  -12.210117030005275       -8.3844400742904046        6.9642745446642875        13.202251715893464     
   1082.3005400000000        288.86374336537779        3.9363541272016776E-003  -12.240799010579591       -8.3751544370347286        7.0634895108188029        13.202072957800763     
   1056.9097899999999        288.86373515188620        3.9374836954483546E-003  -12.272235715473908       -8.3642156746255605        7.1611493202227665        13.010692419317882     
   1031.5210000000000        288.86371949161872        3.9386231160987058E-003  -12.304398155864003       -8.3514874582425982        7.2626796496377679        12.794904663208612     
   1006.1343400000000        288.86369461815997        3.9397768944674730E-003  -12.337236047161907       -8.3368258133101332        7.3678392537986683        12.557908851736531     
   980.75000000000000        288.86365844837258        3.9409495866490254E-003  -12.370679728883777       -8.3200796874060448        7.4760186328084206        12.301668836038044     
   955.36804199999995        288.86360851581071        3.9421459051118936E-003  -12.404640762138333       -8.3010916708402291        7.5863619434037952        12.027264730075636     
   929.98846400000002        288.86354188804876        3.9433707880239602E-003  -12.439011815145157       -8.2796989006376513        7.6979502173224423        11.735364565041895     
   904.61157200000002        288.86345506250041        3.9446295039533936E-003  -12.473666878191908       -8.2557336724861674        7.8097316783870108        11.426238787159278     
   879.23742700000003        288.86334383776557        3.9459277367431302E-003  -12.508460632019665       -8.2290244750099824        7.9207551263823177        11.100295754236587     
   853.86627199999998        288.86320315170434        3.9472716906957380E-003  -12.543228117994866       -8.1993967928442792        8.0300696539287486        10.757995574412528     
   828.49829099999999        288.86302687833881        3.9486681960036402E-003  -12.577784299195310       -8.1666739327281910        8.1367615053949578        10.399989012519848     
   803.13348399999995        288.86280757664730        3.9501247875937994E-003  -12.611922950405805       -8.1306783916728893        8.2400748252035267        10.027362552929135     
   777.77227800000003        288.86253616772098        3.9516498432515517E-003  -12.645416509089614       -8.0912323548617842        8.3391497568708814        9.6412343657883870     
   752.41485599999999        288.86220152938932        3.9532527064673958E-003  -12.678015382603764       -8.0481584912231252        8.4332063670615920        9.2430754544552176     
   727.06133999999997        288.86178998306917        3.9549438152805720E-003  -12.709447046438136       -8.0012807978330400        8.5215299876107871        8.8346731469509567     
   701.71209699999997        288.86128463289953        3.9567348768723073E-003  -12.739415385022474       -7.9504248821761054        8.6033197189028279        8.4178873252305415     
   676.36755400000004        288.86066450755828        3.9586390895677576E-003  -12.767600076481319       -7.8954174537091761        8.6776804399973919        7.9946328628742931     
   651.02789299999995        288.85990346155404        3.9606713486789553E-003  -12.793655062676326       -7.8360863571482140        8.7437700401881919        7.5670693919033178     
   625.69360400000005        288.85896871365145        3.9628485659044151E-003  -12.817207189733109       -7.7722590414525108        8.8005425060851366        7.1372093997477846     
   600.36511199999995        288.85781891822546        3.9651900337680712E-003  -12.837853978448202       -7.7037607278358964        8.8468375065794849        6.7070402132459632     
   575.04284700000005        288.85640158544754        3.9677178729748538E-003  -12.855160453630553       -7.6304119217981032        8.8813723224821715        6.2784966207358091     
   549.72741699999995        288.85464955925931        3.9704576436647007E-003  -12.868654940525287       -7.5520244129920382        8.9026177023535649        5.8533036570223009     
   524.41943400000002        288.85247618205381        3.9734391070503031E-003  -12.877823095826544       -7.4683964455211624        8.9088471530366391        5.4330553143363272     
   499.11962899999997        288.84976853335775        3.9766972320365423E-003  -12.882099782958930       -7.3793063842931170        8.8980883969534066        5.0191781172116405     
   473.82891799999999        288.84637778089751        3.9802735803698081E-003  -12.880858047248934       -7.2845039957337354        8.8680406236667384        4.6128790837496529     
   448.54824800000000        288.84210523482199        3.9842181341979673E-003  -12.873394010616627       -7.1836998179195373        8.8161201045602979        4.2152497904338073     
   423.27871699999997        288.83668176006222        3.9885917881593447E-003  -12.858906382529094       -7.0765517535927618        8.7394243185148728        3.8272848077222998     
   398.02175899999997        288.82973651898237        3.9934699407527955E-003  -12.836468308570494       -6.9626462015451596        8.6345977269653549        3.4498290081645155     
   372.77890000000002        288.82074875810514        3.9989474011137898E-003  -12.804988664368794       -6.8414750132292950        8.4979656659324405        3.0837858396320987     
   347.55215500000003        288.80897075379062        4.0051456508016633E-003  -12.763157590673789       -6.7124026441880158        8.3253666736327609        2.7300484709739461     
   322.34393299999999        288.79330117441003        4.0122234930288622E-003  -12.709368822704704       -6.5746213615206539        8.1121888472052621        2.3896246454892465     
   297.15716600000002        288.77206938268216        4.0203930769948468E-003  -12.641606528230495       -6.4270881480539597        7.8533886904142509        2.0637242509441442     
   271.99560500000001        288.74265213873934        4.0299448689143065E-003  -12.557275481403458       -6.2684318359882640        7.5434460208021070        1.7537873891932863     
   246.86404400000001        288.70075972527337        4.0412874974938146E-003  -12.452938402903770       -6.0968132450125134        7.1764384259051397        1.4615687698844413     
   221.76879900000000        288.63902945052877        4.0550135575291519E-003  -12.323893431111275       -5.9097053122727576        6.7461393395026912        1.1891788993720742     
   196.71839900000001        288.54406542178708        4.0720118131814982E-003  -12.163462755095725       -5.7035320862340493        6.2462451697133634       0.93911307700462576     
   171.72468599999999        288.38970727042306        4.0936626948900245E-003  -11.961730762839421       -5.4730481887545386        5.6709179476677187       0.71428224724894807     
   146.80502300000001        288.12027216049404        4.1221769661639101E-003  -11.703155844042090       -5.2102053640598571        5.0158053495442925       0.51798758383495780     
   121.98595400000001        287.60470374141113        4.1610912272643588E-003  -11.361735370453083       -4.9019799679658860        4.2807342403840272       0.35401534398576051     
   97.311340299999998        286.50436099164040        4.2151838419680386E-003  -10.890648887769327       -4.5261451097568166        3.4767067081761676       0.22701443412867925     
   72.861091599999995        284.00483292134567        4.2829113003314016E-003  -10.201706615176105       -4.0450205500139536        2.6477153035627818       0.14503111609895619     
   48.804748500000002        280.31384254247860        4.3191713800096619E-003  -9.1634769369787996       -3.4210479681493866        1.9360681830915119       0.14690601375560852     
   25.613332700000001        279.30616725206539        4.3169903761116181E-003  -7.9584944700982998       -2.8155060153571667        1.6789359311115610       0.61068653450256294     
   10.000000000000000        278.31523180514353        4.3081435436402235E-003  -5.4667988864454076       -1.7735838502314571       0.76989729674832630       0.61168302863057811     
   1997.2254600000001        290.87019057544353        6.2018015965980189E-004  -9.6696854595871979       -11.189938958238885        4.5775807713892627E-002   1.3487819709796165E-004
   1971.7959000000001        290.84324831374641        6.4740852773078120E-004  -9.6569808953763925       -11.194079059736950        4.5775807713892627E-002   1.3487819709796165E-004
   1946.3670700000000        290.82129702134728        6.6194871313997349E-004  -9.6365024760357034       -11.201852018985383       0.12042237219827931        9.1688769231977835E-004
   1920.9388400000000        290.79640581024216        6.7251495848562413E-004  -9.6116843587706189       -11.212045829413343       0.17255602479565366        1.7437405181349517E-003
   1895.5111099999999        290.75836196632423        6.8216579088151684E-004  -9.5822359581841194       -11.225296870942699       0.20754736494946746        1.9805784992833839E-003
   1870.0839800000001        290.69164541740292        6.9123429577081506E-004  -9.5479144929088218       -11.242503581854935       0.22839047308557497        1.7445619379413441E-003
   1844.6575900000000        290.61616158996162        6.9599203484753186E-004  -9.5117500810421056       -11.263059226576377       0.25808438054140198        2.0411423319933687E-003
   1819.2318100000000        290.52840595028351        6.9818956219995466E-004  -9.4744911397641047       -11.287629789977700       0.28246851186565725        2.2051794449500315E-003
   1793.8067599999999        290.39085060434121        6.9947252917104815E-004  -9.4353228173125903       -11.318362592315282       0.28937542970209185        1.7801424204280740E-003
   1768.3824500000001        290.14431187325533        7.0131596221523185E-004  -9.3947122721010849       -11.357454443635408       0.28601557593797017        1.2469073360536970E-003
   1742.9588600000000        289.87843025374093        7.0611875974397893E-004  -9.3579943076290988       -11.402926232291186       0.30339052789314580        1.3135779304060890E-003
   1717.5362500000001        289.61573315486760        7.1826728992025358E-004  -9.3281381002217465       -11.454562475810423       0.32533992919671273        1.4805343361692972E-003
   1692.1140100000000        289.37952940156748        7.5452861172222764E-004  -9.3084331350284586       -11.511387674045189       0.35649052177858692        1.8314337278838657E-003
   1666.6927499999999        289.17957398202208        9.4497547821530549E-004  -9.3020700348949816       -11.571659939548267       0.40144101963942641        2.4727470795608674E-003
   1641.2723400000000        288.99187901015421        1.9142900268047987E-003  -9.3118889463997174       -11.633884851903556       0.45710875275407514        3.2381223443036272E-003
   1615.8527799999999        288.87565522938365        3.7118109408480200E-003  -9.3382497721474174       -11.690274012506810       0.57391150014324044        6.4514755743601462E-003
   1590.4340800000000        288.86741542537510        3.8516857389423414E-003  -9.3672249886368508       -11.724181623930859        1.0298399715375974        8.6515633018843324E-002
   1565.0162399999999        288.86566799812834        3.8819507527231701E-003  -9.3978748335132156       -11.747718608047913        1.5388051466664880       0.43155859308558342     
   1539.5992400000000        288.86494626165450        3.8941808399536198E-003  -9.4303125408831789       -11.765472374627864        2.0413227778390768        1.1024114183692921     
   1514.1834699999999        288.86450863423045        3.9012519037871897E-003  -9.4647131984603394       -11.779397464492147        2.5151498263669816        1.9275225361073136     
   1488.7685500000000        288.86418377347604        3.9061638445445587E-003  -9.5010862529380518       -11.790390376565224        2.9645730539262898        2.7797508161858566     
   1463.3546100000001        288.86391253568434        3.9099466281236417E-003  -9.5393881690217537       -11.798917290218476        3.3934304090955916        3.6008354103794109     
   1437.9417699999999        288.86366850910468        3.9130511218347123E-003  -9.5795594851825250       -11.805236320071616        3.8045208394428669        4.3685340577829797     
   1412.5300299999999        288.86343759823325        3.9157087510463193E-003  -9.6215343442898664       -11.809491245513893        4.2001457580819954        5.0768903529756759     
   1387.1193800000001        288.86321118612119        3.9180523189572799E-003  -9.6652428287235690       -11.811757419167208        4.5822389346886840        5.7267039935186075     
   1361.7099599999999        288.86298338210935        3.9201646124526540E-003  -9.7106118836218887       -11.812066782531158        4.9523582946038625        6.3211331528969144     
   1336.3018800000000        288.86274975350864        3.9221006689952832E-003  -9.7575661495835888       -11.810422431077573        5.3117051992897579        6.8637961513337649     
   1310.8949000000000        288.86250668507546        3.9238989511590642E-003  -9.8060272315741646       -11.806807575699255        5.6612958578808996        7.3582519513994828     
   1285.4893800000000        288.86225100826147        3.9255875494346613E-003  -9.8559149774731143       -11.801191281810148        6.0017298047942385        7.8072456324111599     
   1260.0852100000000        288.86197978541310        3.9271877020900479E-003  -9.9071470012637981       -11.793532276864291        6.3334778317978211        8.2131137301924841     
   1234.6824999999999        288.86169015937895        3.9287159966094097E-003  -9.9596393861477335       -11.783781393324508        6.6567577126251809        8.5775444326187742     
   1209.2811300000001        288.86137925270646        3.9301857291502785E-003  -10.013305978522938       -11.771883415953329        6.9716934542036171        8.9018869763000517     
   1183.8813500000001        288.86104407914553        3.9316078504969161E-003  -10.068058967848167       -11.757778148570546        7.2781818795880335        9.1869575821426732     
   1158.4832799999999        288.86068146897151        3.9329916002160733E-003  -10.123808964979920       -11.741401135398483        7.5760054083920432        9.4332819045794611     
   1133.0869100000000        288.86028799989469        3.9343449468019287E-003  -10.180464833611440       -11.722684109243037        7.8648872582184035        9.6412359615831775     
   1107.6922600000000        288.85985994268725        3.9356748600366158E-003  -10.237931689823220       -11.701555908263831        8.1446148238162053        9.8112975703927940     
   1082.3005400000000        288.85939312242147        3.9369877535936938E-003  -10.296116980695203       -11.677940355470747        8.4141550589136997        9.9425719048092791     
   1056.9097899999999        288.85888291598889        3.9382894060299633E-003  -10.354922423736264       -11.651758863702298        8.6736623078817630        10.036244052299640     
   1031.5210000000000        288.85832410320796        3.9395852708276986E-003  -10.414247840193138       -11.622928791150096        8.9223180234278789        10.091938185322428     
   1006.1343400000000        288.85771076505074        3.9408805676236069E-003  -10.473989746558294       -11.591363672125704        9.1594303394932677        10.109631350435272     
   980.75000000000000        288.85703614184825        3.9421803997294492E-003  -10.534041680560257       -11.556972431271149        9.3843594754375559        10.089536583486339     
   955.36804199999995        288.85629247073473        3.9434898463729263E-003  -10.594293461725380       -11.519658971983381        9.5964205535441316        10.031967297542991     
   929.98846400000002        288.85547079833242        3.9448140346122190E-003  -10.654629960598484       -11.479321989107234        9.7949722715403809        9.9375000564678349     
   904.61157200000002        288.85456072739498        3.9461582511368283E-003  -10.714931122113970       -11.435853897136893        9.9792184404059245        9.8066884550928783     
   879.23742700000003        288.85355013573411        3.9475280095672589E-003  -10.775070576023820       -11.389140464156567        10.148469481510142        9.6404893964474869     
   853.86627199999998        288.85242480791231        3.9489291527315595E-003  -10.834915014462190       -11.339059779947101        10.301973524998981        9.4400152725405242     
   828.49829099999999        288.85116798066480        3.9503679577082883E-003  -10.894323272832615       -11.285481105010762        10.438959925147763        9.2066168640216439     
   803.13348399999995        288.84975981489868        3.9518512077042177E-003  -10.953144107296247       -11.228264645656990        10.558816051923944        8.9421435986541393     
   777.77227800000003        288.84817666562316        3.9533863498659874E-003  -11.011215566095236       -11.167259645008155        10.660743454210648        8.6484505291314822     
   752.41485599999999        288.84639020648194        3.9549816225443440E-003  -11.068363077210346       -11.102303166763013        10.744041769895285        8.3278082319642035     
   727.06133999999997        288.84436633215591        3.9566461921711283E-003  -11.124396956520570       -11.033219082328079        10.808114371646488        7.9828848352458790     
   701.71209699999997        288.84206371778583        3.9583903484537337E-003  -11.179110183199381       -10.959816293261353        10.852298705740193        7.6165029497059100     
   676.36755400000004        288.83943193919606        3.9602257476119111E-003  -11.232276130712963       -10.881886121915883        10.875892831594642        7.2316626110619984     
   651.02789299999995        288.83640913360608        3.9621656263412455E-003  -11.283644573742384       -10.799200981456673        10.878387553279909        6.8317975618691618     
   625.69360400000005        288.83291881154804        3.9642251465503006E-003  -11.332938282907866       -10.711511079227966        10.859156343394433        6.4203466633521957     
   600.36511199999995        288.82886569712929        3.9664217712472687E-003  -11.379848382159706       -10.618541263925660        10.817608749185073        6.0009067563024390     
   575.04284700000005        288.82413019157133        3.9687757127432567E-003  -11.424028671283954       -10.519987479169657        10.753204638730622        5.5771899848927928     
   549.72741699999995        288.81856079552978        3.9713105355243059E-003  -11.465089193045349       -10.415511554721649        10.665316862348899        5.1528215767497221     
   524.41943400000002        288.81196379319459        3.9740538769629206E-003  -11.502588016491378       -10.304735378203684        10.553312434234350        4.7313800535441199     
   499.11962899999997        288.80408889473892        3.9770383761021846E-003  -11.536021108427777       -10.187233377270930        10.416497466282619        4.3162890286535367     
   473.82891799999999        288.79460882359018        3.9803029256732696E-003  -11.564809836503731       -10.062522009223889        10.254018847670496        3.9106890295568197     
   448.54824800000000        288.78309006466026        3.9838942762664732E-003  -11.588284589729126       -9.9300468182627739        10.064915754580012        3.5174629317273158     
   423.27871699999997        288.76894998090035        3.9878691862995762E-003  -11.605663386112935       -9.7891656170798527        9.8480598783887690        3.1391671167462274     
   398.02175899999997        288.75139198441923        3.9922975074446095E-003  -11.616023709413845       -9.6391238221949518        9.6019753777342629        2.7779033493669205     
   372.77890000000002        288.72930647915507        3.9972663098783558E-003  -11.618263722957856       -9.4790235099051863        9.3249751697266294        2.4354619414284060     
   347.55215500000003        288.70111333333199        4.0028859870871901E-003  -11.611048591807798       -9.3077778523472769        9.0149292262182374        2.1132036149792346     
   322.34393299999999        288.66450490286690        4.0092991058257683E-003  -11.592733765410349       -9.1240475468140154        8.6692813027974474        1.8121573914056051     
   297.15716600000002        288.61601174296436        4.0166935551697843E-003  -11.561252729656845       -8.9261497292208940        8.2850404951705663        1.5330962803596357     
   271.99560500000001        288.55023716740010        4.0253227572177143E-003  -11.513948069202307       -8.7119224021823012        7.8587033212636515        1.2765767885723631     
   246.86404400000001        288.45844645740510        4.0355371561827374E-003  -11.447309004684234       -8.4785193128430141        7.3863271402974062        1.0430505340896976     
   221.76879900000000        288.32582408865784        4.0478344604755363E-003  -11.356548330719862       -8.2220878462329505        6.8636415396667072       0.83294719331838962     
   196.71839900000001        288.12580910880177        4.0629405994236211E-003  -11.234890889166850       -7.9372442572646120        6.2863369228929846       0.64676114297019571     
   171.72468599999999        287.80759455502135        4.0819362730559437E-003  -11.072319372691702       -7.6161876694233062        5.6507783476627020       0.48515743019441976     
   146.80502300000001        287.26663845562371        4.1064241928028059E-003  -10.853243450877638       -7.2471416783439722        4.9554613054517977       0.34907257689179161     
   121.98595400000001        286.27293854517836        4.1385328812576713E-003  -10.551993114262453       -6.8116224833597023        4.2049656879107369       0.24003270024957379     
   97.311340299999998        284.32710112745480        4.1792753818931600E-003  -10.124387807650091       -6.2804293151581101        3.4208588816579963       0.16121997696274412     
   72.861091599999995        280.87335037952835        4.2182438775230273E-003  -9.4992144351844114       -5.6159541299453393        2.6755815312882096       0.12398006919496508     
   48.804748500000002        278.25711536386666        4.2270785081905049E-003  -8.6169719802010487       -4.8227510073658495        2.1384148384911938       0.21465550972140329     
   25.613332700000001        277.49933732385773        4.2251562355037093E-003  -7.5482385903432681       -4.0251202294006498        1.8135399691008018       0.77501721830391890     
   10.000000000000000        276.65307996371689        4.2197282129540466E-003  -5.2323961223112141       -2.5815774459105012       0.80715326532060405       0.66472872425949392     
   1997.2254600000001        290.86988011274229        6.2049287194006209E-004  -5.9785630377668095       -12.948047188777586       0.11135063042848639        7.2117452368111051E-004
   1971.7959000000001        290.84288667393878        6.4759262500964550E-004  -5.9757723831740712       -12.925812907107320       0.11135063042848639        7.2117452368111051E-004
   1946.3670700000000        290.82095553650493        6.6197084353736995E-004  -5.9696867981317867       -12.894700451129752       0.24671602267405027        3.9996823962118446E-003
   1920.9388400000000        290.79606269349910        6.7245622277319408E-004  -5.9605796132538540       -12.860227239471858       0.29902737097964588        5.4021538527713429E-003
   1895.5111099999999        290.75801223849186        6.8207269852319939E-004  -5.9477759590380002       -12.822810568284931       0.30731854867376818        4.4352851555371740E-003
   1870.0839800000001        290.69142629514982        6.9113540731890024E-004  -5.9305523042209876       -12.782967893473053       0.29023670372691351        2.8532536321855539E-003
   1844.6575900000000        290.61598758069556        6.9592911454062685E-004  -5.9100230761736503       -12.744579913043260       0.28203634309215320        2.4487265786013392E-003
   1819.2318100000000        290.52818066684330        6.9816100206743638E-004  -5.8862457740602148       -12.708766642384353       0.26248428911001442        1.8971711266024744E-003
   1793.8067599999999        290.39039727513119        6.9947190678188277E-004  -5.8580181898079982       -12.675667391574423       0.22207636545077922        1.0363443931110823E-003
   1768.3824500000001        290.14409727945309        7.0134774683525570E-004  -5.8257882078556396       -12.648270662054529       0.17649879130186288        5.0943407012463018E-004
   1742.9588600000000        289.87835032543830        7.0620369502601696E-004  -5.7949479642564583       -12.633176851274511       0.14684812028734553        4.2265653388484615E-004
   1717.5362500000001        289.61539968529934        7.1865220496880036E-004  -5.7737716539177457       -12.642001379310663       0.10056557525953029        2.8861247729674211E-004
   1692.1140100000000        289.37747406796944        7.5952178993635839E-004  -5.7951016051490400       -12.677687786023897       0.18679470714817781        5.3450238422099265E-004
   1666.6927499999999        289.17464474699170        9.9596890122832164E-004  -5.8466437321431437       -12.709882485125121       0.40082660893717081        2.4467516417244648E-003
   1641.2723400000000        288.98485042380196        2.1176302227387572E-003  -5.9164081914488564       -12.735698435835133       0.62835078920743992        6.1777038894947536E-003
   1615.8527799999999        288.87354044182160        3.7446354191071644E-003  -5.9935753701855221       -12.752912428789216       0.92904559133068798        1.7795199165402828E-002
   1590.4340800000000        288.86564003627984        3.8517462504677651E-003  -6.0521121138967873       -12.759963715030624        1.7533278980207831       0.26583856661424154     
   1565.0162399999999        288.86361664434094        3.8757944867014835E-003  -6.1050904730516704       -12.762807881318302        2.5486235139615956        1.0839808591253481     
   1539.5992400000000        288.86247573982945        3.8874841378474020E-003  -6.1578664544788762       -12.763211171098407        3.1934052345592723        2.0728272903150731     
   1514.1834699999999        288.86161926860581        3.8950130956156700E-003  -6.2118404238777014       -12.761778450053658        3.7594482239423921        3.0263550237484851     
   1488.7685500000000        288.86088569093704        3.9005503127216056E-003  -6.2674774678891785       -12.758792704224787        4.2768569836874351        3.9020559562815231     
   1463.3546100000001        288.86021091505319        3.9049397842513003E-003  -6.3249341256809632       -12.754401302849868        4.7598549146647935        4.6976931658952861     
   1437.9417699999999        288.85956321728895        3.9085891715223914E-003  -6.3842400879217136       -12.748680724958090        5.2164402951555271        5.4201149520679559     
   1412.5300299999999        288.85892436850230        3.9117245107240847E-003  -6.4453660808160853       -12.741665598265984        5.6516265700934518        6.0771966225137071     
   1387.1193800000001        288.85828263806025        3.9144837097975079E-003  -6.5082534034793955       -12.733363874687356        6.0687341717462209        6.6757447958683782     
   1361.7099599999999        288.85762973043495        3.9169570470030798E-003  -6.5728286802218685       -12.723765514995351        6.4699797993608774        7.2210732948987237     
   1336.3018800000000        288.85695926922983        3.9192069156952086E-003  -6.6390121126887403       -12.712847692513790        6.8568260816835842        7.7171353318684499     
   1310.8949000000000        288.85626600240624        3.9212782496641273E-003  -6.7067201653943265       -12.700578413251595        7.2303786929921001        8.1670826667266176     
   1285.4893800000000        288.85554529604900        3.9232046208244756E-003  -6.7758694643133817       -12.686918499666069        7.5911728144357351        8.5729000202075980     
   1260.0852100000000        288.85479284645936        3.9250118190355563E-003  -6.8463771521438348       -12.671823208162087        7.9395954863240874        8.9361634581254741     
   1234.6824999999999        288.85400445975552        3.9267201869969534E-003  -6.9181624285153092       -12.655243016040375        8.2757410260799933        9.2578412044143104     
   1209.2811300000001        288.85317591402480        3.9283461014796512E-003  -6.9911458119671464       -12.637124450957277        8.5996244142745226        9.5387012487520497     
   1183.8813500000001        288.85230282141242        3.9299030422909730E-003  -7.0652500710045132       -12.617410258342058        8.9110061294751333        9.7790582658946423     
   1158.4832799999999        288.85138051772094        3.9314023206152206E-003  -7.1404003640543365       -12.596039489530305        9.2095420067343383        9.9790644508017632     
   1133.0869100000000        288.85040396247314        3.9328535962805172E-003  -7.2165239908581000       -12.572947476105574        9.4948415490788047        10.138837519639972     
   1107.6922600000000        288.84936767890213        3.9342652059506959E-003  -7.2935476700331643       -12.548066476840674        9.7666177537591548        10.258735234545659     
   1082.3005400000000        288.84826547370670        3.9356446922128186E-003  -7.3714059168847959       -12.521322693807820        10.023591950824139        10.337603696855439     
   1056.9097899999999        288.84709054258502        3.9369987118250847E-003  -7.4500299230978717       -12.492639232155552        10.265964162861737        10.376797536266947     
   1031.5210000000000        288.84583518422619        3.9383334157429457E-003  -7.5293530378784999       -12.461933781345023        10.492747971294557        10.375903854302104     
   1006.1343400000000        288.84449066655509        3.9396545598658706E-003  -7.6093089567190857       -12.429118587528805        10.703131589879700        10.334974567203838     
   980.75000000000000        288.84304701734919        3.9409676422199683E-003  -7.6898322865772748       -12.394099348353631        10.896374259600265        10.254363242978913     
   955.36804199999995        288.84149278665660        3.9422780131182908E-003  -7.7708577713154039       -12.356774490486993        11.071688663049253        10.134561213085723     
   929.98846400000002        288.83981478039902        3.9435909595575856E-003  -7.8523188830213151       -12.317034622779728        11.228349117050387        9.9763802701727080     
   904.61157200000002        288.83799767283153        3.9449118338692616E-003  -7.9341481916704053       -12.274761049764962        11.365451716491997        9.7806147471998557     
   879.23742700000003        288.83602360149428        3.9462461285686527E-003  -8.0162758379768206       -12.229824967714494        11.482232914055418        9.5485325395213216     
   853.86627199999998        288.83387161226455        3.9475995908160250E-003  -8.0986291019759893       -12.182085898745111        11.577866446906929        9.2815853009802520     
   828.49829099999999        288.83151697554086        3.9489783376013771E-003  -8.1811316615973073       -12.131389980022691        11.651522923429756        8.9815113203506414     
   803.13348399999995        288.82893040871312        3.9503889362789459E-003  -8.2637010318291644       -12.077569039706839        11.702576378239860        8.6506185044921882     
   777.77227800000003        288.82607694978481        3.9518385781653091E-003  -8.3462483426055112       -12.020437931283904        11.730215189745127        8.2912542765510349     
   752.41485599999999        288.82291462781114        3.9533352189362516E-003  -8.4286763454392393       -11.959792458221512        11.733777690003409        7.9062574443846598     
   727.06133999999997        288.81939278994275        3.9548877316440204E-003  -8.5108766277740333       -11.895407354918540        11.712766300545615        7.4989425545644055     
   701.71209699999997        288.81544986831295        3.9565061255760507E-003  -8.5927272777424069       -11.827033389692071        11.666665844921924        7.0728427926656101     
   676.36755400000004        288.81101045009285        3.9582018151580267E-003  -8.6740905823538839       -11.754393553011173        11.594993403813339        6.6317467524760350     
   651.02789299999995        288.80598164753468        3.9599878624606271E-003  -8.7548081933580839       -11.677180345386255        11.497568765847067        6.1799557423468130     
   625.69360400000005        288.80024808417761        3.9618793583044510E-003  -8.8346973481162241       -11.595051037835118        11.374190109051270        5.7218350683351833     
   600.36511199999995        288.79366535903495        3.9638938345998619E-003  -8.9135453503443678       -11.507622981079477        11.224825696801895        5.2619571265624421     
   575.04284700000005        288.78605134296981        3.9660517478420582E-003  -8.9911026415435256       -11.414468457453747        11.049647499448970        4.8050261267533720     
   549.72741699999995        288.77717425175092        3.9683771108219188E-003  -9.0670751779825967       -11.315107914561288        10.848905824061095        4.3556404316295865     
   524.41943400000002        288.76673647225198        3.9708982225194860E-003  -9.1411145232361513       -11.209002632597169        10.623035463226545        3.9182788541479603     
   499.11962899999997        288.75435214836756        3.9736485720961636E-003  -9.2128058764589671       -11.095545855316729        10.372610824185255        3.4971304058072357     
   473.82891799999999        288.73951546875213        3.9766680132181879E-003  -9.2816539302393863       -10.974051124380921        10.098248910889428        3.0959004943591713     
   448.54824800000000        288.72155557150472        3.9800042032964470E-003  -9.3470647402570552       -10.843738394890567        9.8006592079567625        2.7177612046134887     
   423.27871699999997        288.69957091135325        3.9837144687516644E-003  -9.4083229078869159       -10.703716415870714        9.4805601506819741        2.3652181914253316     
   398.02175899999997        288.67233056470997        3.9878684548529343E-003  -9.4645634984702109       -10.552957094350635        9.1384571697664949        2.0399481329129738     
   372.77890000000002        288.63812450422978        3.9925515888245885E-003  -9.5147339742423842       -10.390263144895014        8.7747282282719752        1.7429044772062987     
   347.55215500000003        288.59452641396132        3.9978702490401164E-003  -9.5575441388697602       -10.214219685903490        8.3893202386324361        1.4742313711170503     
   322.34393299999999        288.53800845055565        4.0039592622973198E-003  -9.5913958927132210       -10.023125362018284        7.9816909849237589        1.2334023535898229     
   297.15716600000002        288.46329302298261        4.0109930276520838E-003  -9.6142815381311486       -9.8148917751635150        7.5507230696113874        1.0193682615382720     
   271.99560500000001        288.36221592927404        4.0192024920516819E-003  -9.6236315489092767       -9.5868915675961528        7.0945825454284641       0.83069913224166025     
   246.86404400000001        288.22164582203823        4.0289009529590972E-003  -9.6160773747874746       -9.3357265182305351        6.6107403595999017       0.66578602889881144     
   221.76879900000000        288.01948231028223        4.0405231816757411E-003  -9.5870677310938834       -9.0568628097142980        6.0960623151835414       0.52301447410404034     
   196.71839900000001        287.71653055689387        4.0546821123197607E-003  -9.5302216672218574       -8.7440408685972333        5.5471098569689294       0.40092273198066736     
   171.72468599999999        287.23909939828309        4.0722355616531420E-003  -9.4361902682084757       -8.3882984708114332        4.9609344579645276       0.29835982478601247     
   146.80502300000001        286.44030263826181        4.0942857848909218E-003  -9.2905696216209783       -7.9763273233317760        4.3367825255956882       0.21464108906769563     
   121.98595400000001        285.01868190606882        4.1216567733858610E-003  -9.0700236113070041       -7.4879054218377119        3.6807057632516056       0.14991757009423368     
   97.311340299999998        282.43763921736848        4.1516655709462769E-003  -8.7359355362542210       -6.8936729348215957        3.0181130536239928       0.10644719565612591     
   72.861091599999995        278.69139241325206        4.1676323212327306E-003  -8.2331997062570146       -6.1665754835872528        2.4283836774570764        9.6667394774442680E-002
   48.804748500000002        276.63240211819499        4.1586831484358979E-003  -7.5243630972009674       -5.3315180165081824        2.0334009004846383       0.21854871832374614     
   25.613332700000001        276.00929397294561        4.1500811895236215E-003  -6.6271743749676162       -4.4753675622511873        1.7122312484023841       0.75141183218474883     
   10.000000000000000        275.30008364196158        4.1350510378132905E-003  -4.6259773252824106       -2.8970748414899741       0.75921445111163088       0.62941657160339259     
   1997.2254600000001        290.86820216498705        6.2214476345415594E-004  -1.7702514530843279       -11.931310456201635        1.0000000000000000E-004   1.0000000000000000E-004
   1971.7959000000001        290.84066615339043        6.4871481068634758E-004  -1.7805324373198432       -11.889908631552503        1.0000000000000000E-004   1.0000000000000000E-004
   1946.3670700000000        290.81902705926842        6.6208649479329704E-004  -1.7968937871243267       -11.835671340799784        1.0000000000000000E-004   1.0000000000000000E-004
   1920.9388400000000        290.79443189752647        6.7206007554316595E-004  -1.8164162471779679       -11.775329213727968        1.0000000000000000E-004   1.0000000000000000E-004
   1895.5111099999999        290.75681926173235        6.8148068553206063E-004  -1.8391192103437182       -11.708810750753342        1.0000000000000000E-004   1.0000000000000000E-004
   1870.0839800000001        290.69136470922916        6.9057552552649962E-004  -1.8652080380085792       -11.636097039209764        1.0000000000000000E-004   1.0000000000000000E-004
   1844.6575900000000        290.61656002810491        6.9560748036095446E-004  -1.8931471105915316       -11.562383771023846        1.0000000000000000E-004   1.0000000000000000E-004
   1819.2318100000000        290.52902689763033        6.9803080451870273E-004  -1.9243897860002013       -11.489314431162917        1.0000000000000000E-004   1.0000000000000000E-004
   1793.8067599999999        290.39149456698050        6.9944924338152554E-004  -1.9643984699759620       -11.417322006030879        1.0000000000000000E-004   1.0000000000000000E-004
   1768.3824500000001        290.14483651313066        7.0139183004012452E-004  -2.0220960868027920       -11.352640719376733        1.0000000000000000E-004   1.0000000000000000E-004
   1742.9588600000000        289.87659112183849        7.0645205260735000E-004  -2.0981770618068065       -11.310622549490372        1.0000000000000000E-004   1.0000000000000000E-004
   1717.5362500000001        289.60852504176495        7.2157414687535313E-004  -2.1867633151900634       -11.292056890607480        1.0000000000000000E-004   1.0000000000000000E-004
   1692.1140100000000        289.36633606563311        7.9651674124292982E-004  -2.2825483750500339       -11.287576357371840        1.0000000000000000E-004   1.0000000000000000E-004
   1666.6927499999999        289.15968817644875        1.2180591983761795E-003  -2.3837187381394660       -11.289132751352680        1.0000000000000000E-004   1.0000000000000000E-004
   1641.2723400000000        288.97091377706892        2.5544077834166430E-003  -2.4909788345578900       -11.292264523378453        1.0000000000000000E-004   1.0000000000000000E-004
   1615.8527799999999        288.87638922710823        3.6641375092265264E-003  -2.5938052695980831       -11.293223330877099        1.0000000000000000E-004   1.0000000000000000E-004
   1590.4340800000000        288.86553399487741        3.7864723351714947E-003  -2.6726936117714146       -11.289623456492487        1.0000000000000000E-004   1.0000000000000000E-004
   1565.0162399999999        288.86160241234273        3.8270465861681190E-003  -2.7447248538783713       -11.284007163861624        1.0000000000000000E-004   1.0000000000000000E-004
   1539.5992400000000        288.85926556379172        3.8486852906154533E-003  -2.8149815832965657       -11.277214302802935        1.0000000000000000E-004   1.0000000000000000E-004
   1514.1834699999999        288.85753940190585        3.8628669864173228E-003  -2.8852435761286408       -11.269615046240020        1.0000000000000000E-004   1.0000000000000000E-004
   1488.7685500000000        288.85610946160625        3.8732261371002153E-003  -2.9562856642671580       -11.261411130465916        1.0000000000000000E-004   1.0000000000000000E-004
   1463.3546100000001        288.85484110269186        3.8813042955408049E-003  -3.0284862684842460       -11.252721394233266        1.0000000000000000E-004   1.0000000000000000E-004
   1437.9417699999999        288.85366534923429        3.8878821110179501E-003  -3.1020367931064206       -11.243615462162738        1.0000000000000000E-004   1.0000000000000000E-004
   1412.5300299999999        288.85254222977755        3.8934046883115909E-003  -3.1770297949255348       -11.234129879909139        1.0000000000000000E-004   1.0000000000000000E-004
   1387.1193800000001        288.85144632990199        3.8981483017155845E-003  -3.2535019447374975       -11.224278443386652        1.0000000000000000E-004   1.0000000000000000E-004
   1361.7099599999999        288.85036021464015        3.9022957662042134E-003  -3.3314570040023859       -11.214057911433132        1.0000000000000000E-004   1.0000000000000000E-004
   1336.3018800000000        288.84927109566837        3.9059742561438409E-003  -3.4108795987581741       -11.203452214058187        1.0000000000000000E-004   1.0000000000000000E-004
   1310.8949000000000        288.84816904832883        3.9092756994890294E-003  -3.4917418319325355       -11.192435097461967        1.0000000000000000E-004   1.0000000000000000E-004
   1285.4893800000000        288.84704589193410        3.9122688503981824E-003  -3.5740098016755719       -11.180972560271965        1.0000000000000000E-004   1.0000000000000000E-004
   1260.0852100000000        288.84589454668554        3.9150064722703404E-003  -3.6576457044953048       -11.169023675608791        1.0000000000000000E-004   1.0000000000000000E-004
   1234.6824999999999        288.84470856711005        3.9175300360547258E-003  -3.7426111054496043       -11.156542048033254        1.0000000000000000E-004   1.0000000000000000E-004
   1209.2811300000001        288.84348185369777        3.9198727391420198E-003  -3.8288669233818267       -11.143476367247725        1.0000000000000000E-004   1.0000000000000000E-004
   1183.8813500000001        288.84220839418884        3.9220616645945037E-003  -3.9163754610279220       -11.129771020653585        1.0000000000000000E-004   1.0000000000000000E-004
   1158.4832799999999        288.84088207123847        3.9241192618560137E-003  -4.0051008633715037       -11.115366147575203        1.0000000000000000E-004   1.0000000000000000E-004
   1133.0869100000000        288.83949650371602        3.9260644021245992E-003  -4.0950099217374794       -11.100197975222018        1.0000000000000000E-004   1.0000000000000000E-004
   1107.6922600000000        288.83804495889211        3.9279130846832759E-003  -4.1860690363859865       -11.084198705434916        1.0000000000000000E-004   1.0000000000000000E-004
   1082.3005400000000        288.83651995115861        3.9296793549761858E-003  -4.2782543743054378       -11.067296297861439        1.0000000000000000E-004   1.0000000000000000E-004
   1056.9097899999999        288.83491342591179        3.9313753137086771E-003  -4.3715398051875463       -11.049413585724746        1.0000000000000000E-004   1.0000000000000000E-004
   1031.5210000000000        288.83321636818806        3.9330117532164434E-003  -4.4659031975952166       -11.030469422685430        1.0000000000000000E-004   1.0000000000000000E-004
   1006.1343400000000        288.83141864976801        3.9345983914539891E-003  -4.5613251424530947       -11.010377053218628        1.0000000000000000E-004   1.0000000000000000E-004
   980.75000000000000        288.82950878279064        3.9361441178411985E-003  -4.6577900155285343       -10.989043646631904        1.0000000000000000E-004   1.0000000000000000E-004
   955.36804199999995        288.82747364203999        3.9376571903515754E-003  -4.7552856316423062       -10.966369555292768        1.0000000000000000E-004   1.0000000000000000E-004
   929.98846400000002        288.82529815986624        3.9391453870263422E-003  -4.8538020982629746       -10.942247594202838        1.0000000000000000E-004   1.0000000000000000E-004
   904.61157200000002        288.82296486896990        3.9406161994563690E-003  -4.9533330133166995       -10.916561896202980        1.0000000000000000E-004   1.0000000000000000E-004
   879.23742700000003        288.82045343725514        3.9420769519073785E-003  -5.0538746968988750       -10.889186480849398        1.0000000000000000E-004   1.0000000000000000E-004
   853.86627199999998        288.81774001776620        3.9435349589794829E-003  -5.1554260428853693       -10.859984042662401        1.0000000000000000E-004   1.0000000000000000E-004
   828.49829099999999        288.81479644605054        3.9449976775686934E-003  -5.2579890966451028       -10.828804250446119        1.0000000000000000E-004   1.0000000000000000E-004
   803.13348399999995        288.81158933312440        3.9464728151769671E-003  -5.3615669599602001       -10.795481570276683        1.0000000000000000E-004   1.0000000000000000E-004
   777.77227800000003        288.80807871910758        3.9479685395602988E-003  -5.4661650989025219       -10.759833291625156        1.0000000000000000E-004   1.0000000000000000E-004
   752.41485599999999        288.80421648713155        3.9494936477896701E-003  -5.5717900729394687       -10.721656384518161        1.0000000000000000E-004   1.0000000000000000E-004
   727.06133999999997        288.79994435070108        3.9510577499801639E-003  -5.6784483491048929       -10.680724790166952        1.0000000000000000E-004   1.0000000000000000E-004
   701.71209699999997        288.79519113439932        3.9526715265865041E-003  -5.7861452712186674       -10.636785477140382        1.0000000000000000E-004   1.0000000000000000E-004
   676.36755400000004        288.78986917503101        3.9543470412609786E-003  -5.8948847192761118       -10.589554243036170        1.0000000000000000E-004   1.0000000000000000E-004
   651.02789299999995        288.78386982899480        3.9560980326140182E-003  -6.0046655182608246       -10.538710237592026        1.0000000000000000E-004   1.0000000000000000E-004
   625.69360400000005        288.77705720440537        3.9579403604651326E-003  -6.1154801659255762       -10.483890346881873        1.0000000000000000E-004   1.0000000000000000E-004
   600.36511199999995        288.76925992629759        3.9598924947259282E-003  -6.2273110142841697       -10.424681843572056        1.0000000000000000E-004   1.0000000000000000E-004
   575.04284700000005        288.76026010531211        3.9619760870224768E-003  -6.3401254421521145       -10.360613869328985        1.0000000000000000E-004   1.0000000000000000E-004
   549.72741699999995        288.74977814591188        3.9642167044075865E-003  -6.4538701172478197       -10.291147832568639        1.0000000000000000E-004   1.0000000000000000E-004
   524.41943400000002        288.73745212012017        3.9666446586390730E-003  -6.5684633171224540       -10.215665600427007        1.0000000000000000E-004   1.0000000000000000E-004
   499.11962899999997        288.72280922407771        3.9692959934356604E-003  -6.6837842736548181       -10.133455742113812        1.0000000000000000E-004   1.0000000000000000E-004
   473.82891799999999        288.70522559459880        3.9722136944161874E-003  -6.7996604980048776       -10.043696375946240        1.0000000000000000E-004   1.0000000000000000E-004
   448.54824800000000        288.68386961185467        3.9754490690908396E-003  -6.9158508397639515       -9.9454359007594011        1.0000000000000000E-004   1.0000000000000000E-004
   423.27871699999997        288.65762017598945        3.9790634000491810E-003  -7.0320236479979821       -9.8375683284435418        1.0000000000000000E-004   1.0000000000000000E-004
   398.02175899999997        288.62494494235614        3.9831301757368926E-003  -7.1477304607086465       -9.7188013125315731        1.0000000000000000E-004   1.0000000000000000E-004
   372.77890000000002        288.58371716392139        3.9877378508261750E-003  -7.2623708524596342       -9.5876161511131190        1.0000000000000000E-004   1.0000000000000000E-004
   347.55215500000003        288.53092697418373        3.9929940003393767E-003  -7.3751483146548527       -9.4422114570110534        1.0000000000000000E-004   1.0000000000000000E-004
   322.34393299999999        288.46221386494125        3.9990313982012308E-003  -7.4850119642376534       -9.2804242379720172        1.0000000000000000E-004   1.0000000000000000E-004
   297.15716600000002        288.37108130476270        4.0060171240467639E-003  -7.5905739585044278       -9.0996159065036739        1.0000000000000000E-004   1.0000000000000000E-004
   271.99560500000001        288.24752155149815        4.0141663673494326E-003  -7.6899900919258561       -8.8965010074786672        1.0000000000000000E-004   1.0000000000000000E-004
   246.86404400000001        288.07550735026825        4.0237623059328938E-003  -7.7807752554714833       -8.6668853377893686        1.0000000000000000E-004   1.0000000000000000E-004
   221.76879900000000        287.82819630701840        4.0351821454700917E-003  -7.8595046530887531       -8.4052532389254893        1.0000000000000000E-004   1.0000000000000000E-004
   196.71839900000001        287.45829826653710        4.0489203119651821E-003  -7.9213049389358421       -8.1040981728465091        1.0000000000000000E-004   1.0000000000000000E-004
   171.72468599999999        286.87782567195342        4.0655575086848365E-003  -7.9589395758026367       -7.7528104799727524        1.0000000000000000E-004   1.0000000000000000E-004
   146.80502300000001        284.67711888358735        4.0909422332991103E-003  -7.8963652432408145       -7.0652832517657558        1.0000000000000000E-004   1.0000000000000000E-004
   121.98595400000001        283.13637926604196        4.0972434124981289E-003  -7.7661534684366877       -6.5557553692117221       0.66322050061675830       0.92464951689378472     
   97.311340299999998        279.11439033188168        4.1101479635109756E-003  -6.7631101153380992       -4.9057293488177880       0.20148537948480552       0.28087973359953172     
   72.861091599999995        278.13589110028613        4.1223936191303661E-003  -5.9948013601891699       -3.9920350450871327        1.9360478901012939        2.6992787615683862     
   48.804748500000002        277.71789832535512        4.1347196246301170E-003  -5.5246874827908554       -3.5125928833523394        3.7475120956206034        5.2249011738889086     
   25.613332700000001        277.52474018335897        4.1518764968168000E-003  -5.0605846198484405       -3.1160469046183148        3.7295005358696165        5.1998000066429242     
   10.000000000000000        277.55659729416925        4.1918780652730652E-003  -4.1863236074463162       -2.4853336465009552        1.8387580694125352        2.5636621271722664     
