   1997.2254600000001        290.88546800000000        6.0241116399999996E-004  0.25851512961826623        1.2711209803226162        2.2566464384199860       0.41592685509866589     
   1971.7959000000001        290.86492900000002        6.2780769100000003E-004  0.16206472879287276        1.3065956823582749        2.2566464384199860       0.41592685509866589     
   1946.3670700000000        290.84445199999999        6.5320351899999997E-004   6.5618939206395541E-002   1.3420790175371740        2.3154595608868491       0.42694403365294359     
   1920.9388400000000        290.82400500000000        6.7859870599999998E-004  -3.0822715716697639E-002   1.3775709962786162        2.3744162108569244       0.43733055219848654     
   1895.5111099999999        290.79403700000000        6.9951033199999995E-004 -0.13594447512906704        1.4060560052610007        2.3112193889263777       0.32878782670769285     
   1870.0839800000001        290.71963499999998        6.9951033199999995E-004 -0.28156731672405350        1.4018249247551913        2.7607173369564202       0.28391698198860610     
   1844.6575900000000        290.64526400000000        6.9951033199999995E-004 -0.42718406768025707        1.3976035478822733        2.8296910099525929       0.29028252856463826     
   1819.2318100000000        290.57101399999999        6.9951033199999995E-004 -0.57279556142222876        1.3933917756986229        2.9019807485596636       0.29729967869155333     
   1793.8067599999999        290.45092799999998        6.9951033199999995E-004 -0.70982653201636459        1.3676370362401737        2.2264426337574794       0.12858506008812104     
   1768.3824500000001        290.18859900000001        6.9951033199999995E-004 -0.82022608973793576        1.2749673100249976        1.7129394771360764        4.7619981671858623E-002
   1742.9588600000000        289.92654399999998        6.9951033199999995E-004 -0.93062074517584603        1.1823099054654971        1.7556521206858773        4.8670590506834178E-002
   1717.5362500000001        289.66473400000001        6.9951033199999995E-004  -1.0410093096932240        1.0896655492994407        1.7992017668052542        4.9727295286087679E-002
   1692.1140100000000        289.42806999999999        7.0738449000000002E-004  -1.1286125801206175       0.98597110654816444        1.7216994974921909        4.6510670892314254E-002
   1666.6927499999999        289.24710099999999        7.3276768700000002E-004  -1.1655520183610859       0.85769457710712493        1.9292647925698863        6.5988243914279709E-002
   1641.2723400000000        289.06634500000001        7.5815001000000004E-004  -1.2024884697308897       0.72943190719306750        1.9773105158275743        6.7450342774119210E-002
   1615.8527799999999        288.88571200000001        7.8353146099999996E-004  -1.2394218246950162       0.60118308271754295        2.0259485120011460        6.8884605154299283E-002
   1590.4340800000000        288.72531099999998        8.1845791999999998E-004  -1.2699237340761562       0.48789881165175714        1.7133044381672515        5.0358252497251961E-002
   1565.0162399999999        288.59845000000001        8.6920225299999998E-004  -1.2897699986791613       0.39940357140125216        1.1940180145378803        2.6259410328694152E-002
   1539.5992400000000        288.47164900000001        9.1994484000000002E-004  -1.3096136444197473       0.31092089085587149        1.2229407289787890        2.6800286980163953E-002
   1514.1834699999999        288.34497099999999        9.7068504000000005E-004  -1.3294546525300546       0.22245199220164211        1.2526168326498299        2.7364039816877260E-002
   1488.7685500000000        288.13610799999998        9.7657844900000002E-004  -1.3660581070477897       0.14695620334198231       0.87585084342114461        9.7561531434165061E-003
   1463.3546100000001        287.82360799999998        9.2584197399999996E-004  -1.4238290562047324        8.7839319443538691E-002  0.72011374209322665        5.1349358142595992E-003
   1437.9417699999999        287.51138300000002        8.7510765299999996E-004  -1.4815956925228884        2.8734564083153131E-002  0.73695086518690922        5.2330139123572426E-003
   1412.5300299999999        287.19940200000002        8.2437554400000002E-004  -1.5393579057135411       -3.0358092867112624E-002  0.75397967931566379        5.3305013500155518E-003
   1387.1193800000001        286.88775600000002        8.5078005199999999E-004  -1.6043914948859181      -0.10263287742714922        1.0585418425627056        1.0387378011108327E-002
   1361.7099599999999        286.57641599999999        9.5221481800000004E-004  -1.6764972747392464      -0.18772914601065541        1.4128272267387196        1.8278871098678030E-002
   1336.3018800000000        286.26541099999997        1.0536442300000000E-003  -1.7485974618528433      -0.27281134830636539        1.4446215210839155        1.8610747032891655E-002
   1310.8949000000000        285.95468099999999        1.1550692099999999E-003  -1.8206926375286701      -0.35788033084038418        1.4765833498057515        1.8936510094061904E-002
   1285.4893800000000        285.74984699999999        1.2419762800000001E-003  -1.8830266125150321      -0.45725811301612895        2.0165793326440062        4.3693252960364783E-002
   1260.0852100000000        285.62441999999999        1.3179834900000000E-003  -1.9380314819932825      -0.56737470028303738        2.8182264993905553       0.11057151944545103     
   1234.6824999999999        285.49917599999998        1.3939861700000000E-003  -1.9930312378951633      -0.67747543591249693        2.8787654439059214       0.11253167636186116     
   1209.2811300000001        285.37399299999998        1.4699850000000000E-003  -2.0480262544657282      -0.78756078250842432        2.9380827560851448       0.11430306526504688     
   1183.8813500000001        285.21560699999998        1.5459500700000001E-003  -2.0969993419431954      -0.87450022520790094        1.8067279887642178        3.5851221592133595E-002
   1158.4832799999999        285.03814699999998        1.6218934899999999E-003  -2.1425032604028456      -0.94810717396231303        1.3285454953979507        1.7446256162484561E-002
   1133.0869100000000        284.86086999999998        1.6978317900000000E-003  -2.1880020511796556       -1.0216996952502528        1.3539122232862886        1.7692433391116143E-002
   1107.6922600000000        284.68380700000000        1.7737649600000000E-003  -2.2334959748988279       -1.0952777249963972        1.3791357703112210        1.7935408885924382E-002
   1082.3005400000000        284.43383799999998        1.8320306000000001E-003  -2.2669917057670665       -1.1175009886422032       0.30825885905883199        8.0064825155156034E-004
   1056.9097899999999        284.15240499999999        1.8826196899999999E-003  -2.2952727301096041       -1.1174035916807665       0.22060575645198993        5.6981473789795008E-004
   1031.5210000000000        283.87124599999999        1.9332048299999999E-003  -2.3235497799715290       -1.1172966665777977       0.22419825034868746        5.7579269894337973E-004
   1006.1343400000000        283.59036300000002        1.9837857700000000E-003  -2.3518226251084480       -1.1171802379895148       0.22766338569345257        5.8125570964765393E-004
   980.75000000000000        283.36917099999999        2.0343505299999999E-003  -2.3576456486416011       -1.0510208998182955       0.80474111455133102        4.7065267990035291E-003
   955.36804199999995        283.16708399999999        2.0849069099999999E-003  -2.3563144024339802      -0.96381751523284553        1.4450874776113667        1.6045700086806221E-002
   929.98846400000002        283.04739400000000        2.1354507199999998E-003  -2.3497586773313461      -0.87355930379802837        2.0020648960401211        4.0664704611272653E-002
   904.61157200000002        282.94979899999998        2.1859870800000000E-003  -2.3418010636788149      -0.78248202562638447        2.2663272803303287        5.7497259030500063E-002
   879.23742700000003        282.85238600000002        2.2365094600000001E-003  -2.3567943849497208      -0.70616644210242163        1.6820140926093308        3.0506153495536859E-002
   853.86627199999998        282.75506600000000        2.2870241700000001E-003  -2.3768814516363101      -0.63312856483877911        1.6142669002124694        2.7564216789110984E-002
   828.49829099999999        282.65780599999999        2.3803175399999999E-003  -2.3976399501457175      -0.57326679862088437        1.1534828106871811        1.3576648775902356E-002
   803.13348399999995        282.56069900000000        2.4812917700000000E-003  -2.4185154129456881      -0.51577195322519764        1.0852346273174767        1.1813321878687456E-002
   777.77227800000003        282.37292500000001        2.5822159399999998E-003  -2.4326110329200930      -0.46904466687198393       0.51378107006352158        1.7881421321538481E-003
   752.41485599999999        282.17254600000001        2.6831203099999998E-003  -2.4457477388974005      -0.42383269544707103       0.46539874216067578        1.3971720807832129E-003
   727.06133999999997        282.01916499999999        2.7839725400000000E-003  -2.4786205160449839      -0.38311485273607787       0.65141055892616762        3.1532381673239915E-003
   701.71209699999997        281.87091099999998        2.8848040400000002E-003  -2.5135640658431737      -0.34286764541911752       0.68568317487274277        3.5342484281156474E-003
   676.36755400000004        281.81896999999998        2.9855794299999999E-003  -2.5699679579497618      -0.31228418251879803        1.5962766424736630        3.4737306023047039E-002
   651.02789299999995        281.77410900000001        3.0863324600000001E-003  -2.6279144350006662      -0.28239723130564659        1.7502214250991042        4.5276132914886122E-002
   625.69360400000005        281.77865600000001        3.1387275100000001E-003  -2.6600985253537499      -0.27534298844730637        75.300366265136120        86.980308994398797     
   600.36511199999995        281.78521699999999        3.1890668899999999E-003  -2.6911847461352458      -0.26924636043281253        88.612883916462479        99.547221856415391     
   575.04284700000005        281.84243800000002        3.1897926200000000E-003  -2.6792977483869174      -0.28580120853697111        267.69263531307780        275.15675133969569     
   549.72741699999995        281.89978000000002        3.1903341900000001E-003  -2.6670585499559976      -0.30279551721412390        254.22656879505303        261.28644390526546     
   524.41943400000002        281.90637199999998        3.2406228100000001E-003  -2.6800587862901728      -0.33097851230786818        77.628982986963806        86.210025610585660     
   499.11962899999997        281.91296399999999        3.2908949100000002E-003  -2.6958697789159074      -0.35918187894477444        73.461796503626914        81.625907288775736     
   473.82891799999999        281.91961700000002        3.3411390600000001E-003  -2.7897764394750739      -0.38844489395135695        70.018289948736694        88.783110528569196     
   448.54824800000000        281.92620799999997        3.3913627299999999E-003  -2.8851713399822869      -0.41739350006790443        66.339702023293270        83.683259471245876     
   423.27871699999997        281.93279999999999        3.4415549599999999E-003  -3.0055794739798376      -0.44150685503088816        64.577416874137143        83.172495311241931     
   398.02175899999997        281.93542500000001        3.4917213500000001E-003  -3.1200236032642703      -0.46484788781051545        42.707822790876826        57.388298002892078     
   372.77890000000002        281.89120500000001        3.5418504799999998E-003  -3.1649828232525903      -0.47933535409543970       0.71277165886593452        8.4777961272297659E-003
   347.55215500000003        281.83718900000002        3.5919465599999999E-003  -3.1998846178348135      -0.49290921129405862       0.38984802794293927        2.3152186975119006E-003
   322.34393299999999        281.69183299999997        3.6419970000000001E-003  -3.1415163251567328      -0.49814181082031350       0.54404017993742126        2.8855121497673086E-003
   297.15716600000002        281.54666099999997        3.6920039000000000E-003  -3.0799604270738445      -0.50354167172675590       0.55642021522980334        3.2338669053349101E-003
   271.99560500000001        281.40182499999997        3.7419516599999998E-003  -2.9930593686066094      -0.51034903172866874       0.98606268246372397        1.1384167466644538E-002
   246.86404400000001        281.23843399999998        3.7856146200000002E-003  -2.9126479408931232      -0.51731989239677256       0.71951465341503318        6.1529232618400672E-003
   221.76879900000000        280.94345099999998        3.7856146200000002E-003  -2.8770895833594885      -0.52553838986113921       0.13848903206473226        2.4672198553105692E-004
   196.71839900000001        280.62301600000001        3.7856146200000002E-003  -2.8476274898525005      -0.52915751552173795        9.6299903118091945E-002   1.6760593302877369E-004
   171.72468599999999        280.12985200000003        3.7856146200000002E-003  -2.8581685062144775      -0.50247623390503782        7.6988834314247870E-002   1.3070934685858752E-004
   146.80502300000001        279.56839000000002        3.7665839800000000E-003  -2.8683958434880052      -0.46791445894217309        7.6543825488912476E-002   1.2655807974235666E-004
   121.98595400000001        278.53469799999999        3.6187507200000002E-003  -2.8766797854697641      -0.37964223750485632       0.13998134643445304        2.2499691209760750E-004
   97.311340299999998        277.57754499999999        3.4984704100000001E-003  -2.8834062547456139      -0.29138929024559851        9.4618070551867495E-002   1.4756434564590980E-004
   72.861091599999995        277.19415299999997        3.5955710300000000E-003  -2.8778540510786979      -0.19999632171493206        8.9458731338271272E-002   3.5367804347335839E-004
   48.804748500000002        276.83398399999999        3.6877696400000001E-003  -2.8645147018744250      -0.11401731058425930        3.6893920509328583E-002   1.4041375366759674E-004
   25.613332700000001        276.79388399999999        3.7253203299999998E-003  -2.6474555022720700      -0.10051951798084076       0.23144171525058554        6.1715452072984470E-002
   10.000000000000000        276.76690700000000        3.7801002600000000E-003  -2.3308280950729365       -8.1486987220282942E-002   7.5879886047304806E-002   4.9238838099697785E-002
   1997.2254600000001        290.87561344200668        6.1444661416959641E-004  -1.1828638330483257        1.6946767672618379       0.14004730615908764        1.2869575156370741E-003
   1971.7959000000001        290.85373487454171        6.3994000020593214E-004  -1.2001307059371358        1.6780780236185364       0.14004730615908764        1.2869575156370741E-003
   1946.3670700000000        290.83314020458766        6.5946231634825161E-004  -1.2250626667746569        1.6503870118768540       0.34645503343432243        8.3338393208584674E-003
   1920.9388400000000        290.81123548645536        6.7363374292983981E-004  -1.2524945891884731        1.6162411455086474       0.47017936465760524        1.4739210749301604E-002
   1895.5111099999999        290.77807227764868        6.8569031265309642E-004  -1.2822177526262046        1.5745838333729181       0.53717767339142652        1.5111192330110067E-002
   1870.0839800000001        290.71197171237606        6.9524895146619791E-004  -1.3143884476001326        1.5232889121903266       0.55410149335427494        1.0834128016439244E-002
   1844.6575900000000        290.64106063278143        6.9842881005952658E-004  -1.3448435853571243        1.4673132626128012       0.60655375093975483        1.2219543498172239E-002
   1819.2318100000000        290.56554677984258        6.9926639897457531E-004  -1.3725906042791269        1.4072820102910613       0.64853653454635352        1.3179499374516302E-002
   1793.8067599999999        290.44319046055284        6.9947664410852897E-004  -1.3984830630257514        1.3393411738141443       0.63806446348194890        9.5810881671567708E-003
   1768.3824500000001        290.18932317083812        6.9953777342506766E-004  -1.4223559942636972        1.2602456911477764       0.59495102605272443        5.4856504849963503E-003
   1742.9588600000000        289.92846667979722        6.9983876551389082E-004  -1.4407336391629850        1.1789386703989622       0.61232391209785542        5.5715577138412469E-003
   1717.5362500000001        289.66866043019792        7.0217200111781226E-004  -1.4533628745804388        1.0966554486207498       0.62691194033810804        5.6906379193318807E-003
   1692.1140100000000        289.43344917026315        7.1292538821647860E-004  -1.4602556096741022        1.0154206304224835       0.64638054439955206        6.1996500330703365E-003
   1666.6927499999999        289.25038436983743        7.3340659447605424E-004  -1.4618820271580593       0.93776465549383281       0.67826113186951409        7.5830678124002970E-003
   1641.2723400000000        289.07051909007834        7.5824932864714759E-004  -1.4590045681951735       0.86118690275785159       0.68259601613355980        7.5312382892844367E-003
   1615.8527799999999        288.89214987431512        7.8669193390483612E-004  -1.4522969548599196       0.78592757834869276       0.68310232219942157        7.3578858076682923E-003
   1590.4340800000000        288.73256539965325        8.2371236072222996E-004  -1.4427066410945297       0.71342292222648918       0.69217069529045228        7.7858136464365206E-003
   1565.0162399999999        288.60307496778830        8.6856245291018128E-004  -1.4312988491515186       0.64478706538888664       0.70989340194460271        8.8938980865806618E-003
   1539.5992400000000        288.47548964497969        9.1698784732887630E-004  -1.4185137464717352       0.57780188488974826       0.70427934565402850        8.5659833523356096E-003
   1514.1834699999999        288.34565631138730        9.5823380674547995E-004  -1.4049567492894335       0.51207064351229115       0.69362017153150435        7.9906080786988545E-003
   1488.7685500000000        288.13621018077902        9.6905056497055846E-004  -1.3901496218980947       0.44256873292737625       0.63354265230051154        5.0138836596027589E-003
   1463.3546100000001        287.82472200257519        9.2559793953052153E-004  -1.3747768357256331       0.37001511662738829       0.58371257043738278        3.3484206679031099E-003
   1437.9417699999999        287.51147969521554        8.7565294742359800E-004  -1.3602694236377844       0.29901716445708315       0.56929850882233823        3.0826283897875881E-003
   1412.5300299999999        287.19846018610309        8.3329400092611600E-004  -1.3469192553265465       0.22976796027459029       0.55248022930916518        2.8189933671221670E-003
   1387.1193800000001        286.88638271659102        8.5994307014562027E-004  -1.3348384975799978       0.16245070099897779       0.53290338232542522        2.5496774661283028E-003
   1361.7099599999999        286.57551906947384        9.5302904823941863E-004  -1.3240090280435146        9.7264133194656682E-002  0.51037752909964351        2.2745204414107299E-003
   1336.3018800000000        286.26490791323249        1.0540943201291851E-003  -1.3143353865556040        3.4391834208031352E-002  0.48442784812650391        1.9896049745983693E-003
   1310.8949000000000        285.95678009823752        1.1582055580933186E-003  -1.3057290655295510       -2.5850161969694724E-002  0.45559530854736563        1.7150742577236049E-003
   1285.4893800000000        285.75284327808095        1.2462658570012270E-003  -1.2986227248922269       -7.9536331855143971E-002  0.45145795420094798        2.0291219150653348E-003
   1260.0852100000000        285.62664685884954        1.3173714510624659E-003  -1.2929543225750955      -0.12657785226372820       0.44663532085006602        2.4804350480552551E-003
   1234.6824999999999        285.50287681151252        1.3915169337887700E-003  -1.2883663587828660      -0.17080111631763784       0.40645569550012772        2.0127515105051387E-003
   1209.2811300000001        285.37891709572756        1.4642798802057969E-003  -1.2852808958493023      -0.21234301709617476       0.36491148889176700        1.5723828979802316E-003
   1183.8813500000001        285.22099553145654        1.5421997333196324E-003  -1.2847315843170155      -0.25278939704062953       0.31280306093554766        9.8770616192976547E-004
   1158.4832799999999        285.04341674292328        1.6195643345130808E-003  -1.2896741529228457      -0.29087822417150766       0.27873133577660614        7.3541121475293294E-004
   1133.0869100000000        284.86565541484623        1.6957591056086776E-003  -1.3062311168916114      -0.32291952195491014       0.26675774851331246        7.0025146838159321E-004
   1107.6922600000000        284.68741304900163        1.7710104974055668E-003  -1.3419046553348228      -0.34085749389366121       0.30430594777686759        8.1404783837835126E-004
   1082.3005400000000        284.43451421901915        1.8315415085240414E-003  -1.3926452032177885      -0.33766460521794017       0.42045562705632367        1.2798801805683400E-003
   1056.9097899999999        284.14950025956267        1.8831386546854989E-003  -1.4502874837520550      -0.31750686138830586       0.57823985679484313        2.2475037902110915E-003
   1031.5210000000000        283.86556603345468        1.9342574496468469E-003  -1.5120247914472038      -0.28553427492957345       0.75869487609236308        3.8289307089614802E-003
   1006.1343400000000        283.58308927937071        1.9861322263767132E-003  -1.5781262232550388      -0.24429536455822673       0.96428900334923262        6.1273716017265951E-003
   980.75000000000000        283.36115961790262        2.0371764910728555E-003  -1.6470203951057507      -0.19630619786281089        1.2677552237642875        1.1918886709738643E-002
   955.36804199999995        283.16196367366246        2.0916179146761760E-003  -1.7208988628698949      -0.14054105616025295        1.6322046139839526        2.0770344343836816E-002
   929.98846400000002        283.04214776872544        2.1411377317938980E-003  -1.7947998973814525       -8.0147783177797388E-002   2.2154912843648660        5.0112217807718899E-002
   904.61157200000002        282.94428205243770        2.1898234368480686E-003  -1.8710496285691738       -1.2114313007896430E-002   2.7974590503770798        8.8817889501571379E-002
   879.23742700000003        282.84629330985524        2.2433123452100701E-003  -1.9506161752261215        6.6357400804152228E-002   3.3467514301407313       0.12642718844971815     
   853.86627199999998        282.74738420621350        2.3081624530787766E-003  -2.0339593584708173       0.15831279869352741        4.0988179897124812       0.18837487707619649     
   828.49829099999999        282.64733407832114        2.3905490029562009E-003  -2.1158671302590948       0.25995656361817626        4.5195695355942798       0.22572211543050202     
   803.13348399999995        282.54060943191888        2.4792888802888922E-003  -2.1967366283289644       0.37306286491682195        4.9771292237589604       0.26248663642287673     
   777.77227800000003        282.34953141789646        2.6834415823463725E-003  -2.3012746135769264       0.53902779988666694        7.3870325812185822       0.42984550355961104     
   752.41485599999999        282.20306999402686        3.4443566581538799E-003  -2.3876478266122638       0.69317778655275852        6.8428542569594484       0.41820163436275160     
   727.06133999999997        282.20455313029669        3.4759145549981487E-003  -2.4062778248724075       0.73039144404989220        44.353802582372040        59.021320822446683     
   701.71209699999997        282.20804596112714        3.5005565518948832E-003  -2.4163950228554154       0.75286884370524187        73.418498385733301        84.134798521297867     
   676.36755400000004        282.21271064768382        3.5186208261058904E-003  -2.4233977537713280       0.77029341595694045        85.455796535124307        93.727149150218679     
   651.02789299999995        282.21860082317522        3.5336152613210038E-003  -2.4289174761300614       0.78574961165060675        94.332945487927304        101.33714439576170     
   625.69360400000005        282.22571125774544        3.5467414800335116E-003  -2.4334450500802793       0.80011932490118909        100.65742224125006        106.77646933427116     
   600.36511199999995        282.23407015498418        3.5586700775034476E-003  -2.4372264631373843       0.81384398475458697        105.19934955616596        110.64274656064121     
   575.04284700000005        282.24372408502143        3.5698164525928520E-003  -2.4404000753133728       0.82717196028886730        108.33391838385171        113.22655564948506     
   549.72741699999995        282.25473917852986        3.5804639202214176E-003  -2.4430500851161621       0.84025877454927234        110.30311008056989        114.72599468538657     
   524.41943400000002        282.26720032043085        3.5908172676192653E-003  -2.4452285348068559       0.85320656772753689        111.25980526087032        115.26780443278368     
   499.11962899999997        282.28121482617104        3.6010338529834244E-003  -2.4469667893374627       0.86608648172488734        111.31651212227720        114.94883534712064     
   473.82891799999999        282.29691561800206        3.6112405690695436E-003  -2.4482812317628739       0.87894948662866224        110.55255436474592        113.83830254389737     
   448.54824800000000        282.31446640527440        3.6215451473837739E-003  -2.4491763652157870       0.89183312475320486        109.02733517495521        111.98911241873584     
   423.27871699999997        282.33406851776209        3.6320439772161367E-003  -2.4496462638959962       0.90476556671161135        106.78598861466180        109.44223751930753     
   398.02175899999997        282.35597095999799        3.6428285190643643E-003  -2.4496749345935913       0.91776854046830025        103.86447544921482        106.23109305806845     
   372.77890000000002        282.38048424594382        3.6539908872999906E-003  -2.4492356634982801       0.93085931747049544        100.29340670373162        102.38492957642184     
   347.55215500000003        282.40799834493629        3.6656287890977249E-003  -2.4482893999434818       0.94405136600564765        96.096405637930772        97.926719349194983     
   322.34393299999999        282.43901365978354        3.6778532225244949E-003  -2.4467817610561249       0.95735679920567174        91.300878437450365        92.884063069980499     
   297.15716600000002        282.47417446919854        3.6907934774059732E-003  -2.4446386666387907       0.97078393226832760        85.922472377586303        87.272904284341166     
   271.99560500000001        282.51433729661551        3.7046108706967461E-003  -2.4417587440372279       0.98434035454199698        79.988913045958057        81.121995254173214     
   246.86404400000001        282.56066127570097        3.7195127213771788E-003  -2.4380019341190264       0.99803054437301186        73.523556544991678        74.455777005847438     
   221.76879900000000        282.61476501443991        3.7357779399285768E-003  -2.4331703048170801        1.0118549350562998        66.556617051488885        67.305793120963344     
   196.71839900000001        282.67899246291779        3.7537987530038178E-003  -2.4269751747884047        1.0258064086264165        59.125646269847614        59.710991618697996     
   171.72468599999999        282.75689733703763        3.7741554073039674E-003  -2.4189771755050411        1.0398625626716214        51.280273165380315        51.722326029302288     
   146.80502300000001        282.85419689919252        3.7977610463958960E-003  -2.4084682927160705        1.0539680887415879        43.088524740684385        43.408847805512664     
   121.98595400000001        282.98084786658075        3.8261723264094529E-003  -2.3942154473426736        1.0679907042377546        34.647913629868611        34.868455607741410     
   97.311340299999998        283.15623230507691        3.8623535471819011E-003  -2.3738212443714177        1.0815965515377302        26.104258422440481        26.246246343905181     
   72.861091599999995        283.42497406096265        3.9129675673801783E-003  -2.3417798111664530        1.0938215135056040        17.689291567930294        17.771757456391327     
   48.804748500000002        283.92307859399727        3.9977505406811505E-003  -2.2813765909255785        1.1010262580441630        9.8134841435523263        9.8523844998296379     
   25.613332700000001        284.98638583550974        4.1588455309426670E-003  -2.1515166389001559        1.0849630363595597        4.3323694789287694        4.3473509504252714     
   10.000000000000000        289.23139242447229        4.7289451684410858E-003  -1.6374279226090867       0.91713288111770697       0.98039540514628820       0.98266260677303441     
   1997.2254600000001        290.87507669767734        6.1506864016476058E-004  -1.7853019191548614        1.7699898027250800        4.6552148273092002E-002   1.3716568081891092E-004
   1971.7959000000001        290.85277310012447        6.4077583006047815E-004  -1.7910787433015538        1.7576901193958197        4.6552148273092002E-002   1.3716568081891092E-004
   1946.3670700000000        290.83204964803156        6.5978284993223400E-004  -1.7958490642683418        1.7371983953953027       0.11441926877508411        8.5105980194349190E-004
   1920.9388400000000        290.80994007084166        6.7345571773065626E-004  -1.7983214008249582        1.7125876990937607       0.15580875739994451        1.5052223526306229E-003
   1895.5111099999999        290.77650284914387        6.8515671306241350E-004  -1.7978968018795984        1.6835774199008520       0.17913802411965135        1.5674552426536321E-003
   1870.0839800000001        290.71086557374161        6.9478721916078163E-004  -1.7937393318601738        1.6493626859296013       0.18649307810280752        1.1626377480010695E-003
   1844.6575900000000        290.64010410604783        6.9822153581368634E-004  -1.7858335407858406        1.6138366459022941       0.20509693172934920        1.3195779335334538E-003
   1819.2318100000000        290.56422281861842        6.9919621611041365E-004  -1.7740772831105001        1.5777733502080789       0.22041647402950548        1.4326501873140132E-003
   1793.8067599999999        290.44154215823141        6.9946291400524679E-004  -1.7573361853892231        1.5393021880737094       0.21873930940501848        1.0673766204273019E-003
   1768.3824500000001        290.18888167207757        6.9954873797995810E-004  -1.7342304314014534        1.4972898023834573       0.20576372841676122        6.3002698988077707E-004
   1742.9588600000000        289.92832301501767        6.9992830828694203E-004  -1.7071719407400672        1.4570846012479659       0.21212647577092711        6.4098552942714021E-004
   1717.5362500000001        289.66887729528912        7.0255857909622122E-004  -1.6767460105235221        1.4195314171679556       0.21662634802881339        6.5137500693454391E-004
   1692.1140100000000        289.43404251478313        7.1354209840223802E-004  -1.6439261217255485        1.3856453586464075       0.22204614302486256        7.0060481025912484E-004
   1666.6927499999999        289.25071309831998        7.3363362286068959E-004  -1.6100604049081604        1.3563741873253119       0.23123120805194214        8.4013628008616531E-004
   1641.2723400000000        289.07090784858451        7.5840634108650950E-004  -1.5743915266519275        1.3305819015386562       0.23137765168747160        8.2561934143749632E-004
   1615.8527799999999        288.89273305515610        7.8722506090514411E-004  -1.5372909555582785        1.3082312242678651       0.23066215607178314        8.0095535755839360E-004
   1590.4340800000000        288.73328291330938        8.2442985705291898E-004  -1.4997841411653479        1.2895728296551905       0.23346349022871637        8.4479592325110487E-004
   1565.0162399999999        288.60354981142592        8.6864832540741192E-004  -1.4628033373068265        1.2745455862624016       0.24021878432195973        9.6807780418882244E-004
   1539.5992400000000        288.47591787775428        9.1637043500759788E-004  -1.4254737071992694        1.2621761234463749       0.24082855344333537        9.5369169755064247E-004
   1514.1834699999999        288.34559432610416        9.5640094925718690E-004  -1.3877400460345881        1.2518950352603417       0.24154294738704143        9.2246020512864112E-004
   1488.7685500000000        288.13603981443561        9.6766818346024318E-004  -1.3468939697665601        1.2424405109440300       0.22874708621951345        6.3767186723927966E-004
   1463.3546100000001        287.82522537656445        9.2552072595959191E-004  -1.3062809748146234        1.2344706753634034       0.23121966306496491        6.4223598389460479E-004
   1437.9417699999999        287.51203236876449        8.7589927345689230E-004  -1.2669061225634772        1.2280359435056363       0.22818832350891452        6.3147051451878172E-004
   1412.5300299999999        287.19905572418639        8.3461029924119113E-004  -1.2307582906957459        1.2234628850388485       0.21329605618960662        5.8802046333823429E-004
   1387.1193800000001        286.88704776251842        8.6094965378948258E-004  -1.2050824306117325        1.2236654691595754       0.15381188819974834        4.2238465904874287E-004
   1361.7099599999999        286.57408362650153        9.5363408027940061E-004  -1.2494301029161237        1.2541913549175734       0.34033488729773631        9.9356486770052228E-004
   1336.3018800000000        286.25853166203603        1.0563777586761254E-003  -1.3328095119520862        1.2969168111935110        1.0236138768922267        9.1025667931841445E-003
   1310.8949000000000        285.94501852456062        1.1647061462652436E-003  -1.4354018215335400        1.3529542322242587        1.6107971043350193        2.2542542155367259E-002
   1285.4893800000000        285.73475966510637        1.2593788501288439E-003  -1.5422265825811876        1.4164487335273459        2.2250639304842887        5.2806880434734957E-002
   1260.0852100000000        285.59278674446733        1.3402887524926936E-003  -1.6599133290426422        1.4926350619025450        3.4104296285244442       0.15368697834085965     
   1234.6824999999999        285.44413497897949        1.4460230114431184E-003  -1.7545189376153867        1.5586131021304719        2.3561565523233297        6.7747182355371374E-002
   1209.2811300000001        285.20835451501563        1.7901701573151117E-003  -1.9512144513716125        1.7085273908833765        8.2434483919721586       0.69242600735314708     
   1183.8813500000001        285.06271850583721        2.1953836326878851E-003  -2.0180104147599014        1.7631563878964513        1.4202821329477813        2.2810268125014729E-002
   1158.4832799999999        284.97659745836069        2.9349145349208045E-003  -2.2184550192520476        1.9407603024551952        15.009539279780896        3.8068706412990978     
   1133.0869100000000        284.98224073872700        3.1240018724705216E-003  -2.2722133520729826        1.9936751236977925        91.148111038953047        131.15115619178312     
   1107.6922600000000        284.98455792972129        3.1415844694724329E-003  -2.2829545340899982        2.0056041003292528        77.334919720033824        91.120035381425623     
   1082.3005400000000        284.98774442614337        3.1543985429757070E-003  -2.2904532345447599        2.0148111203145964        97.787347242067753        109.00104283091324     
   1056.9097899999999        284.99173045060161        3.1649424300835933E-003  -2.2965663666066587        2.0230423228105199        112.11349323857540        121.95302038178177     
   1031.5210000000000        284.99647878201307        3.1741083988003896E-003  -2.3018425718232098        2.0307953490807615        123.27263036395445        132.18437392387264     
   1006.1343400000000        285.00196492366939        3.1823305671785269E-003  -2.3065256234574290        2.0382808282673897        132.33380991899017        140.53943788878905     
   980.75000000000000        285.00817403132902        3.1898609266474073E-003  -2.3107485416195384        2.0456075972956689        139.85421578838839        147.48354317054648     
   955.36804199999995        285.01509854326002        3.1968614593897550E-003  -2.3145928521900241        2.0528383484988773        146.16259775457709        153.29912820833778     
   929.98846400000002        285.02273672634652        3.2034435129428981E-003  -2.3181123573112021        2.0600115658929843        151.47011267827659        158.17109561452608     
   904.61157200000002        285.03109189062985        3.2096874523979699E-003  -2.3213444127571274        2.0671518088785072        155.91892511747349        162.22541346578299     
   879.23742700000003        285.04017191693708        3.2156534507636271E-003  -2.3243158611839121        2.0742750452597631        159.61013407497012        165.55278170953693     
   853.86627199999998        285.04998908128084        3.2213879376258702E-003  -2.3270464418242027        2.0813916585382617        162.61691640570706        168.21933751226149     
   828.49829099999999        285.06056006880863        3.2269276707795713E-003  -2.3295508616928462        2.0885082757961886        164.99343499810061        170.27435877280712     
   803.13348399999995        285.07190601315693        3.2323023643642253E-003  -2.3318400727100781        2.0956288360193618        166.78176384436182        171.75653644391213     
   777.77227800000003        285.08405280059878        3.2375365647338687E-003  -2.3339221418192846        2.1027553394688603        168.01262910058142        172.69406236772386     
   752.41485599999999        285.09703146173234        3.2426509647713216E-003  -2.3358028188899507        2.1098883541927647        168.71010288458007        173.10920595123147     
   727.06133999999997        285.11087862745421        3.2476633383203791E-003  -2.3374858975235937        2.1170272836714461        168.89344565298995        173.01993011328062     
   701.71209699999997        285.12563713889813        3.2525892551160886E-003  -2.3389734582326542        2.1241705859306150        168.57692686639015        172.43953509052463     
   676.36755400000004        285.14135694139753        3.2574426749868747E-003  -2.3402660234689510        2.1313159170710194        167.77102607378023        171.37776263620410     
   651.02789299999995        285.15809600898535        3.2622363681771563E-003  -2.3413626142993533        2.1384601891169379        166.48496412355789        169.84337671874104     
   625.69360400000005        285.17592161547446        3.2669822987779250E-003  -2.3422607540457383        2.1455995831284076        164.72493296056800        167.84221868274503     
   600.36511199999995        285.19491187700254        3.2716919487400958E-003  -2.3429564141248282        2.1527295379639098        162.49576104706804        165.37891706047179     
   575.04284700000005        285.21515764184028        3.2763766023872756E-003  -2.3434438908265580        2.1598446759136531        159.80151232432044        162.45746534622526     
   549.72741699999995        285.23676491176093        3.2810476319674025E-003  -2.3437156189398007        2.1669387002217113        156.64490707995694        159.08059667147162     
   524.41943400000002        285.25985786602990        3.2857167790859153E-003  -2.3437619106748517        2.1740042180356629        153.02837360394923        155.25085179772191     
   499.11962899999997        285.28458270487357        3.2903964540195851E-003  -2.3435705955915092        2.1810325355643427        148.95411332231066        150.97064439435474     
   473.82891799999999        285.31111268938076        3.2951000914425944E-003  -2.3431265367309155        2.1880133512177466        144.42393436039129        146.24206729963470     
   448.54824800000000        285.33965467070396        3.2998425616070138E-003  -2.3424109838090144        2.1949343441371565        139.44014369823648        141.06781033890383     
   423.27871699999997        285.37045762512361        3.3046406624881158E-003  -2.3414007020099268        2.2017806214008528        134.00574533005695        135.45136297880546     
   398.02175899999997        285.40382432279591        3.3095137862977995E-003  -2.3400667897810910        2.2085339456760096        128.12397072004975        129.39651779007062     
   372.77890000000002        285.44012703484378        3.3144847624484949E-003  -2.3383730470334818        2.2151716602183988        121.79984048322677        122.90897297866979     
   347.55215500000003        285.47982960528435        3.3195810352548254E-003  -2.3362736972210221        2.2216651700827788        115.03959759188967        115.99573790344144     
   322.34393299999999        285.52351887315859        3.3248363100089524E-003  -2.3337101103608182        2.2279777332597797        107.85168492784132        108.66611704760039     
   297.15716600000002        285.57195054482094        3.3302929205972992E-003  -2.3306060032190596        2.2340611923907439        100.24767325811906        100.93262558985684     
   271.99560500000001        285.62611827488627        3.3360053635774906E-003  -2.3268601943277138        2.2398508886369486        92.242958465833496        92.811629592649865     
   246.86404400000001        285.68736126982674        3.3420457557596546E-003  -2.3223352615165611        2.2452576562374125        83.858376250266161        84.324872170660498     
   221.76879900000000        285.75753903825455        3.3485126351097188E-003  -2.3168390961657321        2.2501545144928858        75.122144956365418        75.501210525281621     
   196.71839900000001        285.83932976368175        3.3555458914723193E-003  -2.3100933194236197        2.2543535217667920        66.072626651965109        66.379021815838797     
   171.72468599999999        285.93677176355226        3.3633536780950245E-003  -2.3016758973905587        2.2575628941010812        56.762491980006736        57.009865396994400     
   146.80502300000001        286.05632708763875        3.3722649614828684E-003  -2.2909083023778671        2.2593013495236760        47.264171830799725        47.463512405402547     
   121.98595400000001        286.20919157495996        3.3828428253427625E-003  -2.2766101152461435        2.2587083794312881        37.679663147563097        37.837918532175671     
   97.311340299999998        286.41705053136099        3.3961644429342228E-003  -2.2564863959645476        2.2540613750311329        28.158332815066554        28.278137509305452     
   72.861091599999995        286.72956585839108        3.4146634069577952E-003  -2.2252616652561814        2.2412718623755779        18.935492604924466        19.016680404827582     
   48.804748500000002        287.29707292279051        3.4455875151697185E-003  -2.1668976216773368        2.2074381772347351        10.430315590891919        10.473439051695598     
   25.613332700000001        288.47917697420633        3.5046511475237789E-003  -2.0419827994343835        2.1148401820619425        4.5791011373385482        4.5968712700139092     
   10.000000000000000        293.04128996081931        3.7151941988297780E-003  -1.5498517385544721        1.6803118305493348        1.0390027745014117        1.0417405451838988     
   1997.2254600000001        290.87498069855798        6.1517922487948611E-004  -3.2493952887966708        1.3741988498357396        2.9256913243093402E-002   8.6205354049543012E-005
   1971.7959000000001        290.85272514766558        6.4080843724763738E-004  -3.2577295164462932        1.3723345374250990        2.9256913243093402E-002   8.6205354049543012E-005
   1946.3670700000000        290.83198183652024        6.5979606144174366E-004  -3.2648152952231753        1.3655905349297142        3.4343678867028812E-002   1.0095071128093800E-004
   1920.9388400000000        290.80984311257265        6.7344570331058929E-004  -3.2674452675562118        1.3576912964411403        2.9957079281957812E-002   8.7841196254630522E-005
   1895.5111099999999        290.77634315205262        6.8512731559615197E-004  -3.2649028767839350        1.3501654162731722        2.9295630615780419E-002   8.5687323580415265E-005
   1870.0839800000001        290.71076304375691        6.9475096569036833E-004  -3.2574219708431720        1.3441985978973674        3.6170763267840918E-002   1.0552721170605204E-004
   1844.6575900000000        290.63999327752981        6.9820426546319235E-004  -3.2455696158496390        1.3407900744608792        4.7782178779717577E-002   1.3904111370470051E-004
   1819.2318100000000        290.56394773344419        6.9919002476769747E-004  -3.2298351438321462        1.3406918562597094        6.2487695427599778E-002   1.8135061415983967E-004
   1793.8067599999999        290.44075825008315        6.9946150867997712E-004  -3.2108794928076385        1.3442865555688035        7.8537164570413195E-002   2.2731232381247043E-004
   1768.3824500000001        290.18870701636456        6.9955092363683082E-004  -3.1895414930771961        1.3518562287734115        9.4468581835116167E-002   2.7266766977943025E-004
   1742.9588600000000        289.92823990656075        6.9994550046785541E-004  -3.1667418552395139        1.3637556442245580       0.10999181568208112        3.1657715114720051E-004
   1717.5362500000001        289.66898331785745        7.0262499342431395E-004  -3.1434958063310359        1.3808812263020509       0.12656825743173830        3.6323740236392699E-004
   1692.1140100000000        289.43428966377832        7.1363049315628581E-004  -3.1226056928231398        1.4079292512408810       0.15355063033445168        4.3937635742159916E-004
   1666.6927499999999        289.25006666807951        7.3376821462645006E-004  -3.1194101148983591        1.4559221437647973       0.26562645486150688        1.1113756148483772E-003
   1641.2723400000000        289.06863613277011        7.5883527939200966E-004  -3.1508852053562442        1.5144407535013169       0.51533677587614368        4.2125981831159422E-003
   1615.8527799999999        288.88782925338336        7.8873387141206567E-004  -3.2082472554596588        1.5738044014092896       0.80567707992691617        1.0254399218238393E-002
   1590.4340800000000        288.72487483410185        8.2823463082984763E-004  -3.2818997454494552        1.6325874741735751        1.1181181728196128        2.0665699145682406E-002
   1565.0162399999999        288.59019736053932        8.7351337702248205E-004  -3.3653420651424186        1.6910820742127759        1.4521211939251506        3.8121708311619616E-002
   1539.5992400000000        288.45659613570234        9.1760721994212416E-004  -3.4575080033422827        1.7520826455202969        1.7428797680934780        5.4248315145952179E-002
   1514.1834699999999        288.31478470693332        9.4645506142431791E-004  -3.5571345510194781        1.8173358587070683        2.0027043714058270        6.8045753666794481E-002
   1488.7685500000000        288.09389841314811        9.5074649916587056E-004  -3.6688946518337477        1.8922421507526743        2.1168835950132689        5.8449076611706875E-002
   1463.3546100000001        287.77698836586933        9.1969091310390382E-004  -3.7906604890243334        1.9781385104349878        2.2345013680754819        5.2335711286311197E-002
   1437.9417699999999        287.45151086242862        8.9693358243529014E-004  -3.9142416992867148        2.0721386676313802        2.4436319079462478        6.0285851652994965E-002
   1412.5300299999999        287.12075193347300        9.5552330745221810E-004  -4.0383351360120558        2.1759102977853311        2.6838093197706954        7.0473215847619675E-002
   1387.1193800000001        286.78241432208614        1.3292408700528991E-003  -4.1603923388289124        2.2899053503272664        2.8876782361060966        7.8697746489968384E-002
   1361.7099599999999        286.48756466110308        2.8080389175927931E-003  -4.2771175778523345        2.4132901291851105        3.2456815542122102       0.10487909127016209     
   1336.3018800000000        286.48605834192199        2.9365194067841739E-003  -4.3324901519676988        2.4803512617254535        8.0891083031044779        7.8766421900152794     
   1310.8949000000000        286.48669936419276        2.9491644749522865E-003  -4.3449533230998298        2.4978571092439181        30.393163814150153        43.924914822230051     
   1285.4893800000000        286.48771613110080        2.9577277895475543E-003  -4.3522004323496670        2.5095737077415636        48.018570969310154        60.600542119081737     
   1260.0852100000000        286.48904520404869        2.9646249352474280E-003  -4.3576636328543206        2.5196601655050141        59.897762234575147        71.649041218240683     
   1234.6824999999999        286.49065609060744        2.9705300249219324E-003  -4.3621337762063934        2.5290428173176385        68.863709862658752        79.983755656545384     
   1209.2811300000001        286.49252946138211        2.9757451872652078E-003  -4.3659285776443566        2.5380767832326105        76.058307591345283        86.680000689409169     
   1183.8813500000001        286.49465180589448        2.9804392761849487E-003  -4.3692113300961761        2.5469346964010282        82.038617391782793        92.247529929006674     
   1158.4832799999999        286.49701321813791        2.9847195231533573E-003  -4.3720784076330261        2.5557121382587580        87.117599308144591        96.969470370065537     
   1133.0869100000000        286.49960627691593        2.9886599261842893E-003  -4.3745918700325372        2.5644663347286176        91.488460881860021        101.01998687317979     
   1107.6922600000000        286.50242534286838        2.9923145139949042E-003  -4.3767940462421029        2.5732330398424401        95.279167724710916        104.51475145365119     
   1082.3005400000000        286.50546635439832        2.9957246726795245E-003  -4.3787151021549056        2.5820355860171458        98.573813516512004        107.52873764011517     
   1056.9097899999999        286.50872641208593        2.9989229513850630E-003  -4.3803770210508146        2.5908891521068074        101.43842404977113        110.12312157315938     
   1031.5210000000000        286.51220366998552        3.0019356534390623E-003  -4.3817960965115166        2.5998034959429930        103.91711631022227        112.33776653256812     
   1006.1343400000000        286.51589720111059        3.0047844595733359E-003  -4.3829844731284702        2.6087846588274024        106.04313990573999        114.20318080718933     
   980.75000000000000        286.51980699700829        3.0074875791189582E-003  -4.3839511637641184        2.6178361918796069        107.84196472928296        115.74303188461195     
   955.36804199999995        286.52393392259887        3.0100605084616150E-003  -4.3847026994441087        2.6269598308534188        109.33284896197080        116.97536171219588     
   929.98846400000002        286.52827967871104        3.0125165736771134E-003  -4.3852435874298203        2.6361559333403775        110.53085551499113        117.91451647408640     
   904.61157200000002        286.53284683168812        3.0148673637202940E-003  -4.3855766168373602        2.6454238404389709        111.44676418758704        118.57073973145648     
   879.23742700000003        286.53763882475323        3.0171230400159233E-003  -4.3857030667436305        2.6547621229843799        112.08929755935975        118.95257036336311     
   853.86627199999998        286.54266003246033        3.0192925890634844E-003  -4.3856228469255916        2.6641687285184164        112.46479107695214        119.06625358586905     
   828.49829099999999        286.54791583590844        3.0213840232230110E-003  -4.3853345757545679        2.6736411700210727        112.57778261487972        118.91637978496745     
   803.13348399999995        286.55341265526664        3.0234045174375892E-003  -4.3848356051341852        2.6831764945675172        112.43237425539657        118.50727375114251     
   777.77227800000003        286.55915807383781        3.0253605499140183E-003  -4.3841220185086902        2.6927713781292253        112.03059534521358        117.84113045846254     
   752.41485599999999        286.56516096456608        3.0272580100051015E-003  -4.3831885843123990        2.7024221819978536        111.37412066062194        116.91990876111760     
   727.06133999999997        286.57143161113015        3.0291022777716942E-003  -4.3820286726969977        2.7121249104520850        110.46449194986162        115.74551736575710     
   701.71209699999997        286.57798186772112        3.0308982965567303E-003  -4.3806341372045159        2.7218751643825851        109.30237799624047        114.31897465931891     
   676.36755400000004        286.58482540875309        3.0326506501781886E-003  -4.3789951504161344        2.7316681392520392        107.88788073786334        112.64072880808386     
   651.02789299999995        286.59197794675669        3.0343636089773594E-003  -4.3770999851257777        2.7414985820609465        106.22176438465472        110.71203387922911     
   625.69360400000005        286.59945755277687        3.0360411840879035E-003  -4.3749347439721413        2.7513606273110174        104.30415668095706        108.53343812430566     
   600.36511199999995        286.60728503221151        3.0376871737079736E-003  -4.3724830149318983        2.7612477520249414        102.13536306263721        106.10574744533102     
   575.04284700000005        286.61548437225088        3.0393052025625674E-003  -4.3697254252566644        2.7711525450158656        99.716146006317246        103.43026320981897     
   549.72741699999995        286.62408331763464        3.0408987641025184E-003  -4.3666390873510696        2.7810665382080910        97.047247051374498        100.50829763256935     
   524.41943400000002        286.63311407408963        3.0424712589654035E-003  -4.3631968860997370        2.7909799100463308        94.129986098814086        97.341799811473649     
   499.11962899999997        286.64261418917727        3.0440260327534575E-003  -4.3593665635405685        2.8008811053755305        90.966259529785660        93.933353599890523     
   473.82891799999999        286.65262770641846        3.0455664207611603E-003  -4.3551095294892397        2.8107563814165726        87.558416160840508        90.286045189089961     
   448.54824800000000        286.66320663096889        3.0470957922832426E-003  -4.3503792833171895        2.8205891621752164        83.909800739606766        86.404037060255021     
   423.27871699999997        286.67441280330166        3.0486175942154321E-003  -4.3451193509225705        2.8303591013856586        80.024893915429118        82.292698662537703     
   398.02175899999997        286.68632045340757        3.0501354112899112E-003  -4.3392604512711088        2.8400409318704964        75.909064956497730        77.958343804139957     
   372.77890000000002        286.69901954630365        3.0516530243856676E-003  -4.3327166388234568        2.8496026832889658        71.569569583093994        73.409247414848437     
   347.55215500000003        286.71262042845279        3.0531744881813301E-003  -4.3253798709875664        2.8590032245658823        67.015291316375411        68.655336814580409     
   322.34393299999999        286.72726031099091        3.0547042236008311E-003  -4.3171122196789389        2.8681886805222332        62.257425622683421        63.708854582524637     
   297.15716600000002        286.74311253148051        3.0562471282848357E-003  -4.3077344291217541        2.8770869473261449        57.310144831501404        58.584953568530103     
   271.99560500000001        286.76040019661116        3.0578087134475137E-003  -4.2970085851681947        2.8855992652117144        52.191134647329662        53.302124713102224     
   246.86404400000001        286.77941692209038        3.0593952696854358E-003  -4.2846109687739355        2.8935866451539747        46.922648488485109        47.883101780945573     
   221.76879900000000        286.80055964451532        3.0610140622881706E-003  -4.2700877251834948        2.9008472112348391        41.532687968893406        42.355844327861767     
   196.71839900000001        286.82438304040960        3.0626735359760371E-003  -4.2527788311791017        2.9070765290194296        36.056555903307419        36.754874341360861     
   171.72468599999999        286.85169497888631        3.0643834303997791E-003  -4.2316795751270746        2.9117935517395086        30.539077908284852        31.123338142352900     
   146.80502300000001        286.88373679553786        3.0661544962141455E-003  -4.2051679387041947        2.9141918476322561        25.037418457981179        25.515836265193574     
   121.98595400000001        286.92255641870520        3.0679966250274173E-003  -4.1704123344186756        2.9128090284583168        19.625970755965096        20.003691615874484     
   97.311340299999998        286.97188389432745        3.0699107554553141E-003  -4.1218999074751101        2.9046858161795885        14.404525946098000        14.684017150128112     
   72.861091599999995        287.03958612004789        3.0718524359180533E-003  -4.0470040539524730        2.8827674675266426        9.5146266050451498        9.6977323882350195     
   48.804748500000002        287.14668706912420        3.0735216265818303E-003  -3.9079927811133484        2.8250242344250438        5.1785265503929567        5.2715089392869796     
   25.613332700000001        287.31792546418615        3.0726025852568107E-003  -3.6208196764738241        2.6714939579387416        2.3252053991089783        2.3603062430412902     
   10.000000000000000        287.68387457954265        3.0536838145145081E-003  -2.6431717359087510        2.0471395306256990       0.60970203663916023       0.61402848081694317     
   1997.2254600000001        290.87487108438808        6.1530542253438640E-004  -5.0887829659644286      -0.62883629040903477        4.7764924542378108E-002   1.4243465596945078E-004
   1971.7959000000001        290.85270847014004        6.4081077065382777E-004  -5.1026422718777527      -0.62849857366229478        4.7764924542378108E-002   1.4243465596945078E-004
   1946.3670700000000        290.83199379750596        6.5976733823753652E-004  -5.1211278323602407      -0.62937421744694944        8.9090508786995759E-002   5.1049305862939322E-004
   1920.9388400000000        290.80984819526884        6.7342796836621945E-004  -5.1401995586935616      -0.62919509118380712        9.3806767170049238E-002   5.3263468729157146E-004
   1895.5111099999999        290.77626346882886        6.8512799936144668E-004  -5.1604468262995402      -0.62286506138102882        9.7008452491651326E-002   4.4661863485406626E-004
   1870.0839800000001        290.71049295572772        6.9475095754086664E-004  -5.1849384197696997      -0.60290680105916872       0.15717083400476414        8.1908574239916850E-004
   1844.6575900000000        290.63927251361991        6.9819905448217793E-004  -5.2184989905015708      -0.57552627025534409       0.28697802904930636        2.6153127135871406E-003
   1819.2318100000000        290.56221667849769        6.9918184846289207E-004  -5.2641192242908712      -0.54701325382998012       0.43155657628602934        5.6333767308774600E-003
   1793.8067599999999        290.43703364223057        6.9945788277403183E-004  -5.3250170931237601      -0.51839689911374309       0.54349303511003844        6.8051821195276342E-003
   1768.3824500000001        290.18340346458194        6.9957129589228991E-004  -5.4042916381793491      -0.48991747260984292       0.61802475336156770        5.9335802340307990E-003
   1742.9588600000000        289.92023559123282        7.0017470254584270E-004  -5.4934058872142941      -0.46464395680624859       0.74828871742422698        8.3681190880693385E-003
   1717.5362500000001        289.65809323489549        7.0396398388753183E-004  -5.5902300006111503      -0.44190356185468410       0.88148209315880066        1.1401562130940436E-002
   1692.1140100000000        289.42085791832341        7.1692824255539301E-004  -5.6918699742643772      -0.42097125534437568        1.0269810147998231        1.5983016646299666E-002
   1666.6927499999999        289.23236659210960        7.3775926686348210E-004  -5.7949532469134786      -0.40121136378061978        1.1961528492603606        2.4013969037203459E-002
   1641.2723400000000        289.04821817428478        7.6490167468180490E-004  -5.9018383420947576      -0.38110028742700169        1.3262088053381036        2.9215500223365946E-002
   1615.8527799999999        288.86702458999571        7.9948880654573547E-004  -6.0118514225549671      -0.35983036210202007        1.4491970466485817        3.4366541358463572E-002
   1590.4340800000000        288.70485578154995        8.3923412176565117E-004  -6.1226233465832189      -0.33702117913304924        1.5895881967179060        4.2866456245890368E-002
   1565.0162399999999        288.56750112689610        8.7550092291939789E-004  -6.2325276917113310      -0.31232263266656607        1.7422850864490149        5.5006489092179388E-002
   1539.5992400000000        288.43180876852045        9.0555223958123702E-004  -6.3436066154133917      -0.28468322787164446        1.8499700559214960        6.0872289779398819E-002
   1514.1834699999999        288.28108740920129        9.2582253133056741E-004  -6.4573434839463948      -0.25306526893156245        1.9159551895135696        6.0078500198308481E-002
   1488.7685500000000        288.06029181621159        9.3743013896889417E-004  -6.5783423996683963      -0.21526692357874408        1.8895503410689001        4.6210845037627006E-002
   1463.3546100000001        287.75370945831128        9.5441407048598229E-004  -6.7053398841542329      -0.17040990037264375        1.8689333124105467        3.6824470621778391E-002
   1437.9417699999999        287.43087684989439        1.0566645193142742E-003  -6.8321971594296524      -0.11944595342759784        1.9218117576251073        3.6856556201969738E-002
   1412.5300299999999        287.10343072479327        1.4186902832265707E-003  -6.9573493607914099       -6.2042841820445324E-002   1.9802780318338675        3.7799233343307634E-002
   1387.1193800000001        286.79221885046934        2.2387007387030407E-003  -7.0786786289547674        1.6666116145265600E-003   2.0549463075569649        4.0731152414430635E-002
   1361.7099599999999        286.65220672890149        2.8436373776123416E-003  -7.1824696850854366        6.4235643725638863E-002   2.3902806627540025        8.2975129466396805E-002
   1336.3018800000000        286.63627617110171        2.9245933755517972E-003  -7.2542795594561804       0.11397298420854868        3.3914299099151131       0.53370598377501210     
   1310.8949000000000        286.63216364310841        2.9492543356004022E-003  -7.3108519143487429       0.15871067890014656        4.2055827821451190        1.5826007422125536     
   1285.4893800000000        286.63057826193921        2.9608262121020731E-003  -7.3581195375909623       0.20110560533334376        4.8945777847844534        3.1271873240089212     
   1260.0852100000000        286.62986640217457        2.9674930660557471E-003  -7.3984776928579992       0.24192138794491844        5.5512789874830331        5.1113194261888983     
   1234.6824999999999        286.62954046905060        2.9717822626971289E-003  -7.4331305260320466       0.28124364054637296        6.2376771690296247        7.5636718174746580     
   1209.2811300000001        286.62940890576613        2.9747228886336011E-003  -7.4627507653155698       0.31879813795488782        7.0180775588808508        10.591338808287979     
   1183.8813500000001        286.62938142877022        2.9768050815271907E-003  -7.4876341185962323       0.35391600659114264        8.0096355329732685        14.447860174999548     
   1158.4832799999999        286.62941263323347        2.9784989562149128E-003  -7.5080601355705090       0.38587950303835783        9.4033122570557790        17.783433196863559     
   1133.0869100000000        286.62948762372429        2.9800020273657206E-003  -7.5253314762367429       0.41569504246573508        10.800249018372034        19.691785351189406     
   1107.6922600000000        286.62959805686353        2.9813622837059446E-003  -7.5403002582354848       0.44405513920720602        12.134611178338695        21.370641865187785     
   1082.3005400000000        286.62973825067098        2.9826109520389491E-003  -7.5535403086341661       0.47145166531319793        13.381061952158094        22.864333536585566     
   1056.9097899999999        286.62990414702614        2.9837700323568678E-003  -7.5654439213347802       0.49823481469559061        14.525666462015524        24.189305375227750     
   1031.5210000000000        286.63009272397039        2.9848556088077215E-003  -7.5762832809042111       0.52465335440937066        15.564438168529804        25.357355452550951     
   1006.1343400000000        286.63030163532693        2.9858797290446301E-003  -7.5862503995434354       0.55088406707480531        16.499698386999707        26.380109694216362     
   980.75000000000000        286.63052899462684        2.9868516319255813E-003  -7.5954833266969715       0.57705362663474902        17.336475237106090        27.268335161534207     
   955.36804199999995        286.63077323694722        2.9877785476757146E-003  -7.6040829948167623       0.60325357155035664        18.080369824507581        28.031258377062414     
   929.98846400000002        286.63103302839846        2.9886662380166178E-003  -7.6121242364055144       0.62955062337485534        18.736656090736808        28.676603705041313     
   904.61157200000002        286.63130720847130        2.9895193814114475E-003  -7.6196631718976304       0.65599410074664843        19.309684074648263        29.210308358125385     
   879.23742700000003        286.63159474797999        2.9903418354332656E-003  -7.6267421487385443       0.68262100863310793        19.803026634465084        29.637202789122686     
   853.86627199999998        286.63189472065568        2.9911368306572259E-003  -7.6333931049412032       0.70945970083212007        20.219356409318422        29.960894035870908     
   828.49829099999999        286.63220628205323        2.9919071119630493E-003  -7.6396399336158280       0.73653263803333235        20.560569454021461        30.184053574364516     
   803.13348399999995        286.63252864930450        2.9926550339045856E-003  -7.6455000163198692       0.76385810224785700        20.828068012076855        30.308894795956803     
   777.77227800000003        286.63286108897444        2.9933826445458262E-003  -7.6509853621007373       0.79145176335317591        21.022531199430333        30.336707323889740     
   752.41485599999999        286.63320290468357        2.9940917451327098E-003  -7.6561033549498436       0.81932790053467741        21.144282057051694        30.268493601252416     
   727.06133999999997        286.63355342383068        2.9947839325835742E-003  -7.6608571772469851       0.84750018990639320        21.193385024484904        30.105073819673105     
   701.71209699999997        286.63391198540512        2.9954606351312459E-003  -7.6652460033807808       0.87598239590111371        21.169554285834096        29.846885400732006     
   676.36755400000004        286.63427793000841        2.9961231457684115E-003  -7.6692650755285525       0.90478921958233538        21.072249895002603        29.494125496993121     
   651.02789299999995        286.63465058348601        2.9967726400690793E-003  -7.6729054840532456       0.93393680781536959        20.900961994299010        29.047210359756964     
   625.69360400000005        286.63502924190806        2.9974101966772594E-003  -7.6761538035811743       0.96344339592427519        20.654974382207786        28.506335988254047     
   600.36511199999995        286.63541315178844        2.9980368116526027E-003  -7.6789914939616990       0.99333002573203233        20.333567810422814        27.871820747820141     
   575.04284700000005        286.63580148475768        2.9986534086371120E-003  -7.6813939998527347        1.0236212111152101        19.936092152002438        27.144190975706806     
   549.72741699999995        286.63619330641359        2.9992608482617479E-003  -7.6833295129977177        1.0543459306333440        19.461898368805596        26.324078070640557     
   524.41943400000002        286.63658753449664        2.9998599335102562E-003  -7.6847572457774316        1.0855387093814097        18.910481018128774        25.412428246711183     
   499.11962899999997        286.63698288265829        3.0004514117256071E-003  -7.6856250367778509        1.1172410660070689        18.281499517230625        24.410539180135050     
   473.82891799999999        286.63737778539820        3.0010359755090811E-003  -7.6858659913006120        1.1495035329173711        17.574772089225736        23.320047423465738     
   448.54824800000000        286.63777029174918        3.0016142570850699E-003  -7.6853937320942345        1.1823883462486553        16.790411603166174        22.143141809601673     
   423.27871699999997        286.63815791238289        3.0021868139829782E-003  -7.6840954853129642        1.2159731286547717        15.928870859728359        20.882634040730025     
   398.02175899999997        286.63853740030055        3.0027541092391692E-003  -7.6818218809844119        1.2503565039167448        14.990902608562973        19.541904853976408     
   372.77890000000002        286.63890441796019        3.0033164704769055E-003  -7.6783713467682384        1.2856663026313915        13.977779969394774        18.125243520851452     
   347.55215500000003        286.63925302816028        3.0038740285874979E-003  -7.6734654602902861        1.3220726261304785        12.891196710173260        16.637703152601397     
   322.34393299999999        286.63957488114482        3.0044266171067955E-003  -7.6667082923348975        1.3598095766347449        11.733288517514911        15.085146951970573     
   297.15716600000002        286.63985786483823        3.0049736171633406E-003  -7.6575155197714375        1.3992139245246678        10.506303363342928        13.473773223851246     
   271.99560500000001        286.64008374828069        3.0055137644418553E-003  -7.6449809711564614        1.4408025461261382        9.2109901133708298        11.807809080335710     
   246.86404400000001        286.64022373943101        3.0060452241327030E-003  -7.6275903552300726        1.4854638973488112        7.8387675751312873        10.078311238240035     
   221.76879900000000        286.64022833297031        3.0065705544036355E-003  -7.6023239277829484        1.5353179759259488        6.2776172481735859        8.1222162379402505     
   196.71839900000001        286.63992889271560        3.0072355943385567E-003  -7.5628394996490291        1.5943864033165938        4.8326931449331791        4.7479644488463775     
   171.72468599999999        286.63876163440693        3.0080681154763369E-003  -7.5037327069622863        1.6601566006717854        3.8815278239707456        2.7340626677476920     
   146.80502300000001        286.63512529862595        3.0089985296208508E-003  -7.4163133709897338        1.7304170960777554        3.1468508253262257        1.5265236947119696     
   121.98595400000001        286.62405054431446        3.0096401132236276E-003  -7.2868024970205028        1.8019391374049822        2.5375073623199671       0.82275146161846480     
   97.311340299999998        286.58783170244004        3.0083386161257352E-003  -7.0910299130956274        1.8693879529180055        1.9929720051744528       0.42124498794870863     
   72.861091599999995        286.44695387976924        2.9973839232654126E-003  -6.7780505546757022        1.9223097588618909        1.4673593069602016       0.19595539570928505     
   48.804748500000002        285.71440483105096        2.9314250587713104E-003  -6.2128683154894997        1.9312715320950056       0.94374788209499794        7.9281308846949713E-002
   25.613332700000001        282.83489350821174        2.6906464810707276E-003  -5.2748866682101330        1.8134604889811587       0.60450955126214556        5.1652452093174386E-002
   10.000000000000000        280.15650271702441        2.5112651136222170E-003  -3.4834689382092150        1.3698985048742094       0.31487361183769241       0.11972438584480179     
   1997.2254600000001        290.87374196367108        6.1658825117487414E-004  -5.6132500356459936       -3.3723829965856504       0.19964939004522769        2.5921732395183506E-003
   1971.7959000000001        290.85068477115516        6.4244551332571457E-004  -5.6416883217420173       -3.3786641644354782       0.19964939004522769        2.5921732395183506E-003
   1946.3670700000000        290.82936558468026        6.6051418588201200E-004  -5.6855035214606149       -3.3897991550552757       0.49325072307811518        1.6998327035628459E-002
   1920.9388400000000        290.80613268921780        6.7331162512477487E-004  -5.7372362459489423       -3.4041440295447756       0.67381229870754300        3.0118356926801971E-002
   1895.5111099999999        290.77084630967005        6.8427508530674640E-004  -5.7978718482668530       -3.4222837513622451       0.78254557425523585        3.1877036475163163E-002
   1870.0839800000001        290.70471594372663        6.9370906872288343E-004  -5.8692748287687841       -3.4451136604476571       0.83379648149339702        2.5211361237791743E-002
   1844.6575900000000        290.63237651673808        6.9757573679547498E-004  -5.9453858484319158       -3.4707974469600318       0.93601443026254627        2.9654253901271816E-002
   1819.2318100000000        290.55229385878891        6.9890173014520117E-004  -6.0258380842612205       -3.4991626530343218        1.0273697961526376        3.3075672943734848E-002
   1793.8067599999999        290.42347906433838        6.9939631753591458E-004  -6.1153778823840153       -3.5318292162531160        1.0484196223327928        2.5975411412680675E-002
   1768.3824500000001        290.17244545510528        6.9977616721377737E-004  -6.2177163875351509       -3.5699630129218090        1.0263983903255620        1.6925847554010165E-002
   1742.9588600000000        289.90905149517113        7.0132817426848254E-004  -6.3235790347342009       -3.6095210285416832        1.0985482143458045        1.8427963334544949E-002
   1717.5362500000001        289.64770705864169        7.0746057578484085E-004  -6.4319692068601357       -3.6494542081923234        1.1781981517737612        2.0755038217705073E-002
   1692.1140100000000        289.41218054230916        7.2213165162606147E-004  -6.5411589227583811       -3.6884560546838148        1.2756691359780765        2.5090347163654041E-002
   1666.6927499999999        289.22161608898557        7.4313406500387154E-004  -6.6492062032495465       -3.7252596199352328        1.3978331801724111        3.2940189201259316E-002
   1641.2723400000000        289.03763665633682        7.7132053954430358E-004  -6.7590216134035925       -3.7603715639936173        1.4835126935510183        3.6851272351125619E-002
   1615.8527799999999        288.85837647511750        8.0599929844194255E-004  -6.8706755595402651       -3.7932830228008205        1.5664291017001739        4.0596857139925779E-002
   1590.4340800000000        288.69769143600456        8.4167254441781857E-004  -6.9826012140291231       -3.8230493847229861        1.6703000792078180        4.7728503511927367E-002
   1565.0162399999999        288.55842197680153        8.7231871591140152E-004  -7.0940712887417323       -3.8491094157626558        1.7853403000568635        5.7431995236554928E-002
   1539.5992400000000        288.42058634664988        8.9807077544265675E-004  -7.2072367879642263       -3.8716105520151043        1.8649320230239483        6.1377781148665995E-002
   1514.1834699999999        288.26446260076409        9.2033525118848244E-004  -7.3243682235076246       -3.8904919950422423        1.9037494033838176        5.8177935200653570E-002
   1488.7685500000000        288.04406976800027        9.4909055855360819E-004  -7.4496421344906594       -3.9056124274066897        1.8744985506238998        4.5495733838273190E-002
   1463.3546100000001        287.74406335889603        1.0202680371906388E-003  -7.5826476591644560       -3.9157888550318702        1.8530236464452443        3.6599791651433122E-002
   1437.9417699999999        287.42295697956922        1.2227152263984175E-003  -7.7183235816249001       -3.9195796715097306        1.9000784284979486        3.6104992177319523E-002
   1412.5300299999999        287.09870343176721        1.6853531245510881E-003  -7.8550882501876318       -3.9161591485843910        1.9649448614151563        3.7394184011397075E-002
   1387.1193800000001        286.80938577440213        2.3968757952791491E-003  -7.9898530731780237       -3.9050543171351770        2.0713753203879439        4.3050816178057991E-002
   1361.7099599999999        286.68950492298876        2.7743345854380663E-003  -8.1072418015885130       -3.8881020354085947        2.4599388701843998        9.5736169847554523E-002
   1336.3018800000000        286.66123350884101        2.8719910394203168E-003  -8.2010735395345797       -3.8684409269001954        3.1674650916692348       0.34199024926702964     
   1310.8949000000000        286.65106133103427        2.9093766496347891E-003  -8.2812510813801818       -3.8463710623095575        3.8049841084303218       0.82903813414477112     
   1285.4893800000000        286.64607646098096        2.9286517371845734E-003  -8.3529599752623120       -3.8219427470997904        4.3553535747985839        1.5079427669663006     
   1260.0852100000000        286.64314604458292        2.9405061389652072E-003  -8.4187290767411262       -3.7952775431942500        4.8483789204571082        2.3144421534877355     
   1234.6824999999999        286.64122129215804        2.9486240552191209E-003  -8.4799225653009334       -3.7665428936816308        5.3060708460243644        3.2032826202611089     
   1209.2811300000001        286.63986158764288        2.9545886258987579E-003  -8.5373633302075174       -3.7359176789621285        5.7407864613463779        4.1431563048830498     
   1183.8813500000001        286.63885057832510        2.9591922491612852E-003  -8.5915969066295244       -3.7035740812139384        6.1589878808300842        5.1105232781354246     
   1158.4832799999999        286.63806965084791        2.9628767717361951E-003  -8.6430125258896702       -3.6696698182092091        6.5639160207453813        6.0866796892845976     
   1133.0869100000000        286.63744827500528        2.9659089458441684E-003  -8.6919039139739560       -3.6343453990682968        6.9570130718671841        7.0563319023512037     
   1107.6922600000000        286.63694183661539        2.9684597860513110E-003  -8.7385009560309967       -3.5977248103423589        7.3387748480180148        8.0069603855706362     
   1082.3005400000000        286.63652061349080        2.9706446459233666E-003  -8.7829942755417445       -3.5599120956194206        7.7083266512423760        8.9268753450412142     
   1056.9097899999999        286.63616406452036        2.9725439925042791E-003  -8.8255403187023678       -3.5209972535044556        8.0655239392695570        9.8079346684399837     
   1031.5210000000000        286.63585745611027        2.9742159879676657E-003  -8.8662724865877429       -3.4810547524257451        8.4090769628136517        10.641889780485172     
   1006.1343400000000        286.63558990444534        2.9757037855833524E-003  -8.9053053868797587       -3.4401453307163861        8.7376493759799772        11.421778852757171     
   980.75000000000000        286.63535314667956        2.9770401596270375E-003  -8.9427387050820144       -3.3983164432272326        9.0498497550705004        12.141662617083140     
   955.36804199999995        286.63514074806488        2.9782505056501971E-003  -8.9786593642997747       -3.3556032880957596        9.3441682283232907        12.796287633760652     
   929.98846400000002        286.63494757337617        2.9793548412272992E-003  -9.0131427820144037       -3.3120299602751162        9.6190909714237574        13.381125459027354     
   904.61157200000002        286.63476941664356        2.9803692132990629E-003  -9.0462543935731450       -3.2676095668598868        9.8729367334764131        13.891960403388396     
   879.23742700000003        286.63460274229220        2.9813066610934040E-003  -9.0780500203349828       -3.2223451186056047        10.104101382348563        14.325229589858461     
   853.86627199999998        286.63444449083119        2.9821779276115149E-003  -9.1085764651691132       -3.1762295605570769        10.310955723799504        14.677781581650041     
   828.49829099999999        286.63429193089274        2.9829919745221326E-003  -9.1378716382032827       -3.1292460037255752        10.491836664462054        14.946822645796495     
   803.13348399999995        286.63414254203286        2.9837563556647955E-003  -9.1659640902449606       -3.0813682683782293        10.645314230870678        15.130349382317489     
   777.77227800000003        286.63399391126154        2.9844775182307219E-003  -9.1928729211152813       -3.0325605329735170        10.769778607534812        15.226435637522791     
   752.41485599999999        286.63384363982340        2.9851610277748012E-003  -9.2186072229544589       -2.9827769626684781        10.863848108408142        15.233929837672191     
   727.06133999999997        286.63368925363949        2.9858117333548106E-003  -9.2431648897425855       -2.9319620119090488        10.926244558130250        15.152261814662255     
   701.71209699999997        286.63352810439994        2.9864339142396720E-003  -9.2665316550407653       -2.8800495983634917        10.955803719252890        14.981473864034431     
   676.36755400000004        286.63335725875442        2.9870313918833576E-003  -9.2886795966658813       -2.8269623978097371        10.951351564753564        14.722070320617192     
   651.02789299999995        286.63317336463422        2.9876076212828982E-003  -9.3095651356768290       -2.7726109913913706        10.912145678003649        14.375760893188042     
   625.69360400000005        286.63297248419087        2.9881657627450135E-003  -9.3291264298057701       -2.7168931531191691        10.837327279111115        13.944647894867909     
   600.36511199999995        286.63274986911358        2.9887087584366300E-003  -9.3472805449212704       -2.6596916186446484        10.726456937427086        13.432109224477362     
   575.04284700000005        286.63249966872678        2.9892393728420596E-003  -9.3639190263274372       -2.6008735618670049        10.579130705837365        12.842295227169362     
   549.72741699999995        286.63221451418792        2.9897602538517128E-003  -9.3789031833385241       -2.5402874687748640        10.395328280176143        12.180695064441956     
   524.41943400000002        286.63188494442204        2.9902739618032038E-003  -9.3920572952515524       -2.4777616211274585        10.175152280400797        11.453840116157858     
   499.11962899999997        286.63149857067418        2.9907830036433776E-003  -9.4031603679220819       -2.4131008438860309        9.9191116844566327        10.669761736799584     
   473.82891799999999        286.63103885324387        2.9912898454469597E-003  -9.4119352966765781       -2.3460833367274314        9.6279274512192927        9.8377716075584942     
   448.54824800000000        286.63048326300770        2.9917969022692963E-003  -9.4180348418664366       -2.2764567968076004        9.3027361507040389        8.9687589197032942     
   423.27871699999997        286.62980046765892        2.9923064765340047E-003  -9.4210232076604949       -2.2039346151921375        8.9450474435613625        8.0751098316625374     
   398.02175899999997        286.62894589558090        2.9928206255526914E-003  -9.4203519768912596       -2.1281904691370159        8.5567240051254565        7.1705735017247161     
   372.77890000000002        286.62785460983338        2.9933408605461657E-003  -9.4153280307891638       -2.0488537085345313        8.1400771661507498        6.2702059080556678     
   347.55215500000003        286.62642947300907        2.9938675708148644E-003  -9.4050706044447647       -1.9655028254165172        7.6977774327198354        5.3899042017337271     
   322.34393299999999        286.62452093685090        2.9943988913276264E-003  -9.3884528595417027       -1.8776585348786439        7.2327888102885032        4.5458556701421893     
   297.15716600000002        286.62189129689131        2.9949285031454919E-003  -9.3640208246530889       -1.7847747843129704        6.7483084320123039        3.7537909351864713     
   271.99560500000001        286.61814893991613        2.9954413119384262E-003  -9.3298778119767789       -1.6862258361066751        6.2474758516471098        3.0278666571069817     
   246.86404400000001        286.61262175436980        2.9959047595503477E-003  -9.2835131965971076       -1.5812849546152019        5.7330969173413369        2.3795403722574950     
   221.76879900000000        286.60409960211871        2.9962507520057257E-003  -9.2215353494700629       -1.4690855305503039        5.2071793697257247        1.8164235819455723     
   196.71839900000001        286.59027351580198        2.9963361365817850E-003  -9.1392274291368025       -1.3485459111621587        4.6703975357824108        1.3414954023333874     
   171.72468599999999        286.56640504080457        2.9958499079736616E-003  -9.0297517528682540       -1.2182223995054802        4.1215752716925618       0.95297187731421673     
   146.80502300000001        286.52179871834835        2.9940729631270971E-003  -8.8825965612622042       -1.0760137653436534        3.5573152002420234       0.64499151741781291     
   121.98595400000001        286.42901012886944        2.9891692109836206E-003  -8.6802397537261697      -0.91855761606161634        2.9724223776357017       0.40919706846487269     
   97.311340299999998        286.20405660521618        2.9757103629193603E-003  -8.3900936603405452      -0.73993654795384889        2.3620169423887645       0.23674609652118467     
   72.861091599999995        285.52222913532859        2.9342010864363728E-003  -7.9421043897547579      -0.52882101789170921        1.7285176000288192       0.12023105865179740     
   48.804748500000002        282.86366967258283        2.7865113720534317E-003  -7.1586719367179734      -0.26395299432982289        1.1038702690516391        5.4994188258674574E-002
   25.613332700000001        278.42238269287145        2.5972675306459880E-003  -5.9965787983218375       -2.2045242114449533E-002  0.76184112921281133        6.5657186466786380E-002
   10.000000000000000        277.00643054223440        2.5580015765462299E-003  -4.0310293854008163       0.16129845782403013       0.43196263868376239       0.24784041311860305     
   1997.2254600000001        290.87088399825376        6.1967584131753341E-004  -4.5348386094236908       -4.7861893411151932       0.19450482544055625        2.3393816570674436E-003
   1971.7959000000001        290.84558499434490        6.4595262263915344E-004  -4.5558728963181387       -4.8067091161101922       0.19450482544055625        2.3393816570674436E-003
   1946.3670700000000        290.82324828327830        6.6173300080178167E-004  -4.5870211215905554       -4.8398795197530049       0.48898460217641049        1.6282614746531029E-002
   1920.9388400000000        290.79848343456587        6.7284606986549908E-004  -4.6231879698610490       -4.8803776345631622       0.66908607900961392        2.8679142880911713E-002
   1895.5111099999999        290.76131509352962        6.8268680253833912E-004  -4.6648732427802182       -4.9289143717547468       0.78040472366404345        3.0823085811863479E-002
   1870.0839800000001        290.69628377416166        6.9173673687234773E-004  -4.7129262656957565       -4.9865191186528284       0.84125263288451424        2.5911645200291419E-002
   1844.6575900000000        290.62354834896888        6.9629228138707677E-004  -4.7640513617386642       -5.0488810519854841       0.94061515069164303        2.9869022667428222E-002
   1819.2318100000000        290.54034769501266        6.9827439000675056E-004  -4.8183177433513968       -5.1156167975663740        1.0257884183447274        3.2301588189092401E-002
   1793.8067599999999        290.40833704318408        6.9926701007872176E-004  -4.8787713269978372       -5.1899516022656949        1.0471842096884858        2.5574670676077826E-002
   1768.3824500000001        290.16237374469733        7.0028944278033691E-004  -4.9479122804519813       -5.2740750952771638        1.0302601453941007        1.7242571685079876E-002
   1742.9588600000000        289.89982519656087        7.0321252591177945E-004  -5.0205989953330583       -5.3603763648181317        1.0968107706686279        1.8398980441952231E-002
   1717.5362500000001        289.63999722161992        7.1146967883172917E-004  -5.0963435705587194       -5.4470758722776491        1.1737696834004314        2.0657935704901615E-002
   1692.1140100000000        289.40627153065270        7.2739570095858039E-004  -5.1742942528790659       -5.5321577352690241        1.2684358383295051        2.4898776669735258E-002
   1666.6927499999999        289.21359029649778        7.4891626635020998E-004  -5.2535572216338737       -5.6138703243324057        1.3837024729080916        3.2065603219739620E-002
   1641.2723400000000        289.02957637105129        7.7704582770320055E-004  -5.3360885714980180       -5.6935967517923700        1.4700717609448650        3.6159984053156492E-002
   1615.8527799999999        288.85182676639420        8.1004107676582770E-004  -5.4221827269485754       -5.7709187905148811        1.5548412016369184        4.0158702273825390E-002
   1590.4340800000000        288.69182097305753        8.4240980569705531E-004  -5.5109729630215876       -5.8444589644144411        1.6590344652757330        4.7170691133527148E-002
   1565.0162399999999        288.55025281065298        8.7059935094640822E-004  -5.6022059208448054       -5.9135827713257036        1.7717659283549041        5.6036003111192965E-002
   1539.5992400000000        288.40932867095052        8.9681864775856973E-004  -5.6975301107977963       -5.9791083686371538        1.8552675587246930        6.0001830743802581E-002
   1514.1834699999999        288.24798121233158        9.2701880748737855E-004  -5.7991243533474677       -6.0418646747997009        1.8988468428074066        5.6855020574920374E-002
   1488.7685500000000        288.02696299146254        9.8091481907197522E-004  -5.9102606208099981       -6.1028085413638333        1.8881410848008202        4.6112249922976224E-002
   1463.3546100000001        287.73193101178970        1.1088600460423428E-003  -6.0311265402554950       -6.1606426819714484        1.8833574241875277        3.8185953475784774E-002
   1437.9417699999999        287.41223997241985        1.3860056683081871E-003  -6.1580530372926878       -6.2123691378518329        1.9400592606832818        3.7780295411880049E-002
   1412.5300299999999        287.09225490854624        1.8756673332328254E-003  -6.2893151982921403       -6.2564406060025917        2.0232409112735028        4.0003611696088556E-002
   1387.1193800000001        286.82491131348166        2.4617739622831932E-003  -6.4208068370193709       -6.2910769034673804        2.1708554370117517        4.9476696856365618E-002
   1361.7099599999999        286.71468100838990        2.7440463781928308E-003  -6.5383813347516169       -6.3135103329523101        2.5983562690467528       0.11221350400381548     
   1336.3018800000000        286.67937793286450        2.8407730662748415E-003  -6.6394278573821497       -6.3256187537858990        3.2194690571998867       0.31408656675890301     
   1310.8949000000000        286.66471304738212        2.8825583851470565E-003  -6.7297304240776388       -6.3303276586456025        3.8194773393425825       0.69164730210236813     
   1285.4893800000000        286.65700876507111        2.9050787163414802E-003  -6.8131398486072765       -6.3293401040810044        4.3651802063841325        1.2244719725846498     
   1260.0852100000000        286.65226175775388        2.9191933360315958E-003  -6.8917920528406551       -6.3236554356292123        4.8659454464552274        1.8689031633525022     
   1234.6824999999999        286.64901005054685        2.9289661306216488E-003  -6.9668959111005240       -6.3139278231760212        5.3344279329969675        2.5861348201433012     
   1209.2811300000001        286.64661326147944        2.9362087652324027E-003  -7.0391794179957978       -6.3006277741276975        5.7792202592526758        3.3463371854188289     
   1183.8813500000001        286.64474980730978        2.9418434685235528E-003  -7.1091112847564979       -6.2841150772582681        6.2051806034349539        4.1264702883662379     
   1158.4832799999999        286.64324086549311        2.9463885778684474E-003  -7.1770112278394365       -6.2646751667913527        6.6148336789053834        4.9084543503080882     
   1133.0869100000000        286.64197894637164        2.9501582030852531E-003  -7.2431077862706088       -6.2425394247964778        7.0093298477568426        5.6779595794146429     
   1107.6922600000000        286.64089539518551        2.9533540631124715E-003  -7.3075684596824484       -6.2178985536583715        7.3891177063265747        6.4237360200157179     
   1082.3005400000000        286.63994394071375        2.9561124313143474E-003  -7.3705261736138565       -6.1909082306517478        7.7533980581839037        7.1356699459806228     
   1056.9097899999999        286.63909226223939        2.9585283502945215E-003  -7.4320812517750792       -6.1616983308342137        8.1022778110395954        7.8072772074287098     
   1031.5210000000000        286.63831682680762        2.9606705769261851E-003  -7.4923140288422161       -6.1303754481306054        8.4347661409801287        8.4321566171025744     
   1006.1343400000000        286.63759993819764        2.9625901562894789E-003  -7.5512885436062165       -6.0970267087221330        8.7499088350617900        9.0052717137563540     
   980.75000000000000        286.63692786061489        2.9643258798193925E-003  -7.6090565355048989       -6.0617218001327124        9.0467572281309376        9.5226471145335108     
   955.36804199999995        286.63628959850490        2.9659078262565777E-003  -7.6656594625862757       -6.0245149361521184        9.3242908192167544        9.9810275185539634     
   929.98846400000002        286.63567607839019        2.9673597177864008E-003  -7.7211294603807614       -5.9854465869891182        9.5815224694684886        10.377890671349414     
   904.61157200000002        286.63507955521800        2.9687005894902876E-003  -7.7754911206385531       -5.9445441164010955        9.8173007501695650        10.711010317953818     
   879.23742700000003        286.63449319801998        2.9699459181407881E-003  -7.8287616616360243       -5.9018228082876361        10.030577361610376        10.978807041617932     
   853.86627199999998        286.63391076066682        2.9711084620354976E-003  -7.8809516158959916       -5.8572860850850335        10.220240245471061        11.180025635880041     
   828.49829099999999        286.63332631740786        2.9721988716896706E-003  -7.9320651669792523       -5.8109255509941775        10.385155266121838        11.313766139151788     
   803.13348399999995        286.63273405041269        2.9732261160095837E-003  -7.9820992713723005       -5.7627215813893340        10.524344212238640        11.379752322041073     
   777.77227800000003        286.63212802819908        2.9741978487483898E-003  -8.0310441061634936       -5.7126424596622964        10.636650648717151        11.377795514603672     
   752.41485599999999        286.63150200107668        2.9751206618028243E-003  -8.0788824274808189       -5.6606439652872593        10.721021187049317        11.308247300582346     
   727.06133999999997        286.63084918502756        2.9760002763915632E-003  -8.1255884593058241       -5.6066690211461339        10.776513408308581        11.172020962991272     
   701.71209699999997        286.63016200487311        2.9768417063628892E-003  -8.1711269654319079       -5.5506466438157593        10.802142630405431        10.970375581675908     
   676.36755400000004        286.62943178293642        2.9776493900157013E-003  -8.2154523168911826       -5.4924902259641595        10.796925258650498        10.705016633736786     
   651.02789299999995        286.62864837220434        2.9784272703805553E-003  -8.2585062009846251       -5.4320966224243152        10.760102300812463        10.378451498395423     
   625.69360400000005        286.62779966035760        2.9791788787480226E-003  -8.3002157478217740       -5.3693438096146000        10.690874123789129        9.9936292520053325     
   600.36511199999995        286.62687092728834        2.9799073871589537E-003  -8.3404907067249141       -5.3040885445997015        10.588566206425027        9.5542138961615137     
   575.04284700000005        286.62584398613808        2.9806156369695772E-003  -8.3792197265637771       -5.2361636748370985        10.452671172869870        9.0646711440056134     
   549.72741699999995        286.62469598882944        2.9813061575828985E-003  -8.4162660502005622       -5.1653743587414418        10.282755929388189        8.5301515270831310     
   524.41943400000002        286.62339777283483        2.9819811489495925E-003  -8.4514616476502376       -5.0914938186954108        10.078582536301758        7.9566755041786390     
   499.11962899999997        286.62191150586779        2.9826424306146205E-003  -8.4845998097730639       -5.0142580858588257        9.8401044155311332        7.3511108193905450     
   473.82891799999999        286.62018726072915        2.9832913428923841E-003  -8.5154257217309528       -4.9333590423854741        9.5674379434841530        6.7211110836639198     
   448.54824800000000        286.61815797097847        2.9839285584061072E-003  -8.5436239386714039       -4.8484362214493544        9.2609719276236593        6.0751896341842508     
   423.27871699999997        286.61573183437400        2.9845537579772561E-003  -8.5688017347334267       -4.7590667549705135        8.9213851866773766        5.4226295208196431     
   398.02175899999997        286.61278053707906        2.9851651017850831E-003  -8.5904673463050774       -4.6647515594792184        8.5495681694027539        4.7732304639343948     
   372.77890000000002        286.60912072524394        2.9857583101551601E-003  -8.6080000124992306       -4.5648990624754173        8.1468090098111983        4.1372909780294469     
   347.55215500000003        286.60448381582114        2.9863251211840833E-003  -8.6206092889327977       -4.4588026376152561        7.7146676103426870        3.5251521820011567     
   322.34393299999999        286.59846549686978        2.9868506074378800E-003  -8.6272781109328811       -4.3456109360993462        7.2550420175666002        2.9468798827273535     
   297.15716600000002        286.59043830141371        2.9873084259947418E-003  -8.6266815091081046       -4.2242875337852892        6.7701636034954209        2.4117741390607677     
   271.99560500000001        286.57939411442652        2.9876521938929021E-003  -8.6170678368390625       -4.0935531331626862        6.2624948396800519        1.9277521449056196     
   246.86404400000001        286.56364728350223        2.9877992737320901E-003  -8.5960791814947850       -3.9518000366591224        5.7346351093591927        1.5007585337686025     
   221.76879900000000        286.54024281236985        2.9875989498642139E-003  -8.5604683657690259       -3.7969576961337035        5.1891025072397223        1.1342035128473040     
   196.71839900000001        286.50369273964697        2.9867662814766025E-003  -8.5056282601109920       -3.6262678316087449        4.6280237400784401       0.82861330345217654     
   171.72468599999999        286.44303638455256        2.9847338427117748E-003  -8.4247552725554282       -3.4358848023676947        4.0528050788426340       0.58166084889839476     
   146.80502300000001        286.33421160670355        2.9802851164896730E-003  -8.3072351680732321       -3.2201108220119687        3.4638371064754017       0.38863260515311604     
   121.98595400000001        286.11736053296357        2.9705299485462632E-003  -8.1352154450278373       -2.9698343282983086        2.8609053589395748       0.24340514404885377     
   97.311340299999998        285.61694791534700        2.9476029930015249E-003  -7.8754473550753703       -2.6690824239992037        2.2452359966277999       0.13961539135071283     
   72.861091599999995        284.20848169951813        2.8867784575835409E-003  -7.4573081773896090       -2.2869945697143046        1.6265020462396942        7.1764960105751036E-002
   48.804748500000002        279.66947094759416        2.7205990573721177E-003  -6.7118808883952275       -1.7635785720140080        1.0458044804636637        3.6713713326254366E-002
   25.613332700000001        276.16589360048926        2.6315058456147663E-003  -5.6830857247882749       -1.2433855914604728       0.79255041913710111        8.0126362902306306E-002
   10.000000000000000        275.00888812498522        2.6106860421961013E-003  -3.8674661195227960      -0.62204283434118901       0.43772475915089454       0.26642332608995928     
   1997.2254600000001        290.86879671340404        6.2177643382373951E-004  -3.3972188797063718       -4.6482252873960972       0.14456780087061635        1.2293463034556574E-003
   1971.7959000000001        290.84176708663875        6.4811864966711073E-004  -3.4065818045044631       -4.6720827392314668       0.14456780087061635        1.2293463034556574E-003
   1946.3670700000000        290.81851037390709        6.6253771196600193E-004  -3.4185640143821772       -4.7100269971987299       0.37163931672139605        9.0294756092153278E-003
   1920.9388400000000        290.79246337525763        6.7274068569558073E-004  -3.4312714330148699       -4.7561453303669943       0.51422773976116076        1.6170616121617395E-002
   1895.5111099999999        290.75383559813247        6.8192134255910461E-004  -3.4448429083206449       -4.8111089252395622       0.60778136215877887        1.7982895196366561E-002
   1870.0839800000001        290.68930037424730        6.9052418868882789E-004  -3.4595673301483232       -4.8757642484091317       0.66695301111024152        1.6091932993620675E-002
   1844.6575900000000        290.61602960814150        6.9533366025811469E-004  -3.4748759884533511       -4.9459527534816585       0.75185496701037391        1.8713439391561195E-002
   1819.2318100000000        290.53035667970130        6.9772929311079303E-004  -3.4911871427144012       -5.0215111967525417       0.82541682569067398        2.0279537805519464E-002
   1793.8067599999999        290.39582514015444        6.9916786383314629E-004  -3.5097730463629859       -5.1059250330909887       0.85199407020721030        1.6533426932000210E-002
   1768.3824500000001        290.15344039180621        7.0087934694120218E-004  -3.5319846978132881       -5.2016080802730871       0.85021344182691772        1.1700119424844033E-002
   1742.9588600000000        289.89162165098804        7.0497550204168410E-004  -3.5571762699861837       -5.3008975557658449       0.91133309749961100        1.2581980579351251E-002
   1717.5362500000001        289.63292530566173        7.1471932079052907E-004  -3.5858388033435276       -5.4018418526222272       0.98368100787855828        1.4388012046372439E-002
   1692.1140100000000        289.40036079711342        7.3160774392592184E-004  -3.6182190520628330       -5.5023487804339615        1.0718131596097837        1.7638175863654335E-002
   1666.6927499999999        289.20603331659640        7.5361744054472347E-004  -3.6543936714319454       -5.6007205681844425        1.1762474432616410        2.2822145359956716E-002
   1641.2723400000000        289.02177802222610        7.8140158744479564E-004  -3.6954203456657453       -5.6984208283995423        1.2612059937025577        2.6325271004394822E-002
   1615.8527799999999        288.84493427042918        8.1297063076299109E-004  -3.7417322341520700       -5.7950965501379503        1.3461634255785950        2.9891172646039233E-002
   1590.4340800000000        288.68506283496856        8.4377939901391502E-004  -3.7931373319117325       -5.8893003003430220        1.4472833805809644        3.5574720448820388E-002
   1565.0162399999999        288.54138355845060        8.7218125693176761E-004  -3.8496783351130994       -5.9804433363187703        1.5547388198310799        4.2411597547166342E-002
   1539.5992400000000        288.39735224010275        9.0223296926952379E-004  -3.9124011759834403       -6.0695616862771642        1.6397550585696317        4.5918859491579263E-002
   1514.1834699999999        288.23156529262496        9.4376243492299043E-004  -3.9829266560400027       -6.1579686530890339        1.6906396374846038        4.4057322928328931E-002
   1488.7685500000000        288.00944276148346        1.0235514929400776E-003  -4.0635528701268395       -6.2470481286259041        1.7004404129403126        3.7037474951248900E-002
   1463.3546100000001        287.71794957466852        1.1963545331133002E-003  -4.1548689559848393       -6.3356114087020856        1.7140316874761725        3.1639392871800287E-002
   1437.9417699999999        287.39982791268261        1.5168322897627655E-003  -4.2547541153328536       -6.4200488566861997        1.7771568397849371        3.1608293886496122E-002
   1412.5300299999999        287.08521295119135        2.0002891190357597E-003  -4.3616767464721438       -6.4981002657137736        1.8705051458768429        3.4328439390710015E-002
   1387.1193800000001        286.83676742404373        2.4949308160341845E-003  -4.4714457420699985       -6.5664560735526205        2.0389818397631267        4.5200022376883121E-002
   1361.7099599999999        286.73128273986373        2.7302126742215498E-003  -4.5731038105965345       -6.6196262881399335        2.4456013083235741       0.10132471832158789     
   1336.3018800000000        286.69186018103704        2.8227190227106992E-003  -4.6650169459193176       -6.6593494210619344        2.9803766423804765       0.25226866201922404     
   1310.8949000000000        286.67405801747128        2.8655512720481306E-003  -4.7501911124919491       -6.6892050140978894        3.5161081117739474       0.52745069919860887     
   1285.4893800000000        286.66431736035508        2.8892538623075258E-003  -4.8310335350761955       -6.7116205740823558        4.0198502126102333       0.92233870778354665     
   1260.0852100000000        286.65816596427976        2.9042571585931147E-003  -4.9090214772709757       -6.7280981953708103        4.4903012387936414        1.4104674506649701     
   1234.6824999999999        286.65386729287206        2.9146950164498564E-003  -4.9850254373692593       -6.7396055089620317        4.9332575228284252        1.9623780546000524     
   1209.2811300000001        286.65063769823502        2.9224585026209628E-003  -5.0595673625904789       -6.7468073177017365        5.3540277554065918        2.5528959520677592     
   1183.8813500000001        286.64807779806381        2.9285206218750601E-003  -5.1329722979799106       -6.7501873772022769        5.7560145566998191        3.1617627094413012     
   1158.4832799999999        286.64596374960678        2.9334302700521567E-003  -5.2054505690440429       -6.7501131300610808        6.1411450974985051        3.7729584080465410     
   1133.0869100000000        286.64416034026311        2.9375202467494012E-003  -5.2771428594084941       -6.7468722065060609        6.5103875353124101        4.3738902395777686     
   1107.6922600000000        286.64258088918609        2.9410040832417062E-003  -5.3481435569111424       -6.7406946611057110        6.8642138347979360        4.9548280686621560     
   1082.3005400000000        286.64116669747949        2.9440259246450327E-003  -5.4185244899138532       -6.7317664909256587        7.2019901998292841        5.5071702465655967     
   1056.9097899999999        286.63987662453923        2.9466861119023142E-003  -5.4883332902790674       -6.7202397014804864        7.5240004627822570        6.0255844615547565     
   1031.5210000000000        286.63868053274712        2.9490571837051398E-003  -5.5576052966560017       -6.7062385665743856        7.8294923704495325        6.5048587742927486     
   1006.1343400000000        286.63755559884322        2.9511929555005442E-003  -5.6263659745203523       -6.6898645448634619        8.1177589137589301        6.9410149845747000     
   980.75000000000000        286.63648395162966        2.9531343066968563E-003  -5.6946342923451025       -6.6711995467265739        8.3880928980351754        7.3310134818433506     
   955.36804199999995        286.63545112994314        2.9549129343144987E-003  -5.7624241895479997       -6.6503084043743117        8.6397076234715655        7.6724455546613699     
   929.98846400000002        286.63444505068031        2.9565538397909453E-003  -5.8297450883838318       -6.6272409549456821        8.8718379972788686        7.9635492366683014     
   904.61157200000002        286.63345524249331        2.9580771023837728E-003  -5.8966035686618108       -6.6020330621868437        9.0835429433715618        8.2028078059418341     
   879.23742700000003        286.63247231832571        2.9594990636120991E-003  -5.9630032876205501       -6.5747077239311276        9.2739620408980699        8.3892632800063804     
   853.86627199999998        286.63148754297566        2.9608332150945263E-003  -6.0289457092990677       -6.5452754566380147        9.4421566843525735        8.5222339633775022     
   828.49829099999999        286.63049247969536        2.9620908434308440E-003  -6.0944305098181353       -6.5137343745734082        9.5871459502974616        8.6013336072811715     
   803.13348399999995        286.62947870961557        2.9632814718364548E-003  -6.1594545730117352       -6.4800705384649229        9.7080784299761262        8.6267113426967317     
   777.77227800000003        286.62843751542044        2.9644132537474102E-003  -6.2240128828099115       -6.4442572236333229        9.8039129646110901        8.5985764132637961     
   752.41485599999999        286.62735959202774        2.9654932371757457E-003  -6.2880980637187829       -6.4062542762451979        9.8736823411167869        8.5175848479219827     
   727.06133999999997        286.62623473697937        2.9665275623259545E-003  -6.3516995047389209       -6.3660074804502935        9.9165079171215034        8.3848665814416261     
   701.71209699999997        286.62505146952685        2.9675216360038545E-003  -6.4148029197397918       -6.3234472416235832        9.9314501262880874        8.2018251592154350     
   676.36755400000004        286.62379656182600        2.9684802739656834E-003  -6.4773901164132237       -6.2784865858693193        9.9175463633375092        7.9702112253712194     
   651.02789299999995        286.62245449660685        2.9694077786045370E-003  -6.5394371273221656       -6.2310196178940789        9.8740313765433747        7.6924403523584077     
   625.69360400000005        286.62100671230036        2.9703080317344970E-003  -6.6009133213955735       -6.1809186275516890        9.8000794829933913        7.3712565253153786     
   600.36511199999995        286.61943063325282        2.9711845469219634E-003  -6.6617795144818137       -6.1280309027398845        9.6949688782123875        7.0099737208885031     
   575.04284700000005        286.61769836790540        2.9720404968571522E-003  -6.7219853513728047       -6.0721749403486758        9.5581175998907373        6.6125253855469532     
   549.72741699999995        286.61577489355659        2.9728787292606857E-003  -6.7814664425054456       -6.0131352991343707        9.3890069259527227        6.1833720805725454     
   524.41943400000002        286.61361554149215        2.9737017397469699E-003  -6.8401400995182247       -5.9506565157772098        9.1872949090056313        5.7276352898974245     
   499.11962899999997        286.61116240911582        2.9745116022815436E-003  -6.8978997899462708       -5.8844354709795663        8.9528214218661315        5.2510728568238054     
   473.82891799999999        286.60833912673996        2.9753098395759021E-003  -6.9546080475010914       -5.8141113228568990        8.6855977137198312        4.7600240961481877     
   448.54824800000000        286.60504314459320        2.9760971751146290E-003  -7.0100863938449010       -5.7392531633719139        8.3859235983422735        4.2614610345238741     
   423.27871699999997        286.60113408561898        2.9768731074495502E-003  -7.0641014305380816       -5.6593445180323512        8.0544229529382498        3.7628963809748619     
   398.02175899999997        286.59641564045950        2.9776352090170079E-003  -7.1163463120507044       -5.5737623911624503        7.6920082744738574        3.2721762918739827     
   372.77890000000002        286.59060704923002        2.9783778960833429E-003  -7.1664136394240190       -5.4817515210004180        7.3000921032184536        2.7974409072094155     
   347.55215500000003        286.58329655467236        2.9790903514251778E-003  -7.2137578767890513       -5.3823895196795251        6.8805260127810151        2.3467336120120583     
   322.34393299999999        286.57386351638377        2.9797528982700504E-003  -7.2576407502293021       -5.2745411792526440        6.4357173817278523        1.9276932738034900     
   297.15716600000002        286.56134385864624        2.9803305822688466E-003  -7.2970512434764867       -5.1567975759119058        5.9687037717984976        1.5471153400126079     
   271.99560500000001        286.54418852833453        2.9807616145375764E-003  -7.3305868648601731       -5.0273920256242537        5.4831027648471142        1.2103758744776894     
   246.86404400000001        286.51981095069112        2.9809359760563786E-003  -7.3562730454608225       -4.8840808908719282        4.9830452832589343       0.92090378146925522     
   221.76879900000000        286.48369201203877        2.9806543820654861E-003  -7.3712806191120288       -4.7239643713219825        4.4729147691956390       0.67972511113169520     
   196.71839900000001        286.42748549320771        2.9795453509452725E-003  -7.3714638826031127       -4.5431967542305722        3.9568840187685699       0.48527884833860774     
   171.72468599999999        286.33464983104403        2.9768846981751158E-003  -7.3505557247914828       -4.3364801850201715        3.4383172668428621       0.33366802197785156     
   146.80502300000001        286.16922658120762        2.9711618027568579E-003  -7.2986412074502311       -4.0961002359912788        2.9191344529932794       0.21934664686552097     
   121.98595400000001        285.84295546893759        2.9589055269789539E-003  -7.1989460075719087       -3.8099547889066847        2.3998117465265927       0.13615341296966652     
   97.311340299999998        285.10281345543865        2.9310783182422300E-003  -7.0202290065033193       -3.4572233787220381        1.8809228541906033        7.8339256849218344E-002
   72.861091599999995        283.09439787834827        2.8613832794023406E-003  -6.6964880576491304       -2.9985671512134440        1.3692532788703002        4.1397826936729040E-002
   48.804748500000002        277.30567654676508        2.6938554008718177E-003  -6.0736693373029897       -2.3618390078480931       0.89890758019129502        2.3438828307873371E-002
   25.613332700000001        274.21759230628425        2.6280414538632241E-003  -5.2006406111631600       -1.7414121307460344       0.72779458492833082        7.1621403618533239E-002
   10.000000000000000        273.17589916190434        2.6093848948685510E-003  -3.5821022426771303      -0.95437007329920220       0.40684579205820903       0.24454122132167411     
   1997.2254600000001        290.86786119827360        6.2267425994127384E-004  -2.7821521275436312       -3.5767179938636682        8.0524541315863299E-002   3.6593094668699300E-004
   1971.7959000000001        290.83996663316259        6.4903380637347790E-004  -2.7833617980942256       -3.5958191057393112        8.0524541315863299E-002   3.6593094668699300E-004
   1946.3670700000000        290.81613869724464        6.6293344842087703E-004  -2.7811420315293369       -3.6259259745244212       0.21597459844715994        2.9107035542622331E-003
   1920.9388400000000        290.78931156796409        6.7278305452802905E-004  -2.7758702411495939       -3.6623958727153205       0.30774541137356282        5.5085849819084837E-003
   1895.5111099999999        290.74979051152900        6.8167384718606917E-004  -2.7674694973436154       -3.7057894780651037       0.37419954215475193        6.5212010768125215E-003
   1870.0839800000001        290.68523735984144        6.9001643221631526E-004  -2.7559685333033652       -3.7568154304445853       0.42257993357387652        6.2758904056058780E-003
   1844.6575900000000        290.61143951033802        6.9487642610305224E-004  -2.7425196613374467       -3.8126400699255010       0.48726733197116956        7.6161833896141590E-003
   1819.2318100000000        290.52421521670010        6.9744743563204239E-004  -2.7276832796987840       -3.8734657367665046       0.54598109514967497        8.5598609285980811E-003
   1793.8067599999999        290.38804381631803        6.9913551119647570E-004  -2.7114163003860843       -3.9423153609998902       0.57571424925872217        7.3271735414999675E-003
   1768.3824500000001        290.14731322517133        7.0129431000699467E-004  -2.6942129509040758       -4.0214860699273789       0.58723365755222912        5.4913725914830219E-003
   1742.9588600000000        289.88576507257034        7.0611258712531696E-004  -2.6786347476170063       -4.1054036693665532       0.64025106606940274        6.0960635039634158E-003
   1717.5362500000001        289.62754820458673        7.1672385721048917E-004  -2.6660858125064593       -4.1926821324158841       0.70299521263039677        7.2202418231156768E-003
   1692.1140100000000        289.39542530041348        7.3422985392159628E-004  -2.6577292805373287       -4.2817483302600934       0.77866965280531908        9.1484685596260468E-003
   1666.6927499999999        289.19995759480770        7.5659091255593134E-004  -2.6543518875461669       -4.3712985753128351       0.86742079910102510        1.2145315435658666E-002
   1641.2723400000000        289.01529591239193        7.8421925370118946E-004  -2.6564341688165727       -4.4625532083641408       0.94553198314888731        1.4515121712587986E-002
   1615.8527799999999        288.83871258112299        8.1518672053620760E-004  -2.6645228269848289       -4.5552286734097960        1.0258498356960815        1.7073174585842329E-002
   1590.4340800000000        288.67858048378764        8.4579853767121585E-004  -2.6789524390477224       -4.6480279281024375        1.1197385961008932        2.0919285452053890E-002
   1565.0162399999999        288.53322990807891        8.7567920049016936E-004  -2.6999433346387458       -4.7404136383177349        1.2196078348518462        2.5513832935299432E-002
   1539.5992400000000        288.38669611560550        9.1025099624525018E-004  -2.7280455302911024       -4.8333483917102553        1.3044210702362040        2.8344646971816184E-002
   1514.1834699999999        288.21760857635780        9.6193849399661918E-004  -2.7642614105504499       -4.9282324222291081        1.3636336946713306        2.7954215329019594E-002
   1488.7685500000000        287.99421305688230        1.0612580185268450E-003  -2.8101192899173650       -5.0265143391060967        1.3931621198119402        2.4468732973445265E-002
   1463.3546100000001        287.70465188898379        1.2623456618320397E-003  -2.8664755282624594       -5.1272098667765000        1.4250739762745457        2.1699210827718602E-002
   1437.9417699999999        287.38780471394875        1.6045381019811076E-003  -2.9325462080725617       -5.2267155007946720        1.4948487434471669        2.2175329370293890E-002
   1412.5300299999999        287.07806065992543        2.0758008517033611E-003  -3.0073413862054958       -5.3223001056963879        1.5940777280843050        2.4891296951235053E-002
   1387.1193800000001        286.84286372952232        2.5154157983438841E-003  -3.0874790907437184       -5.4095126760707721        1.7668166460400294        3.4616681398066104E-002
   1361.7099599999999        286.73983488990672        2.7262656872213526E-003  -3.1652030288520963       -5.4816761426749547        2.1299624920759204        7.7035220794668180E-002
   1336.3018800000000        286.69816109792612        2.8148852436190889E-003  -3.2388227044481321       -5.5401850824463450        2.5890355290713312       0.18281104673600673     
   1310.8949000000000        286.67849551642450        2.8573083481278814E-003  -3.3094951317121071       -5.5884526302914210        3.0609606759630310       0.37611031730709904     
   1285.4893800000000        286.66752713706092        2.8809921680278848E-003  -3.3784186023876184       -5.6290337968466249        3.5165883820801844       0.66154209894257565     
   1260.0852100000000        286.66053421556131        2.8959747540560224E-003  -3.4464119184439497       -5.6636026492169353        3.9488068002305305        1.0250681091616993     
   1234.6824999999999        286.65561153945259        2.9063730934362365E-003  -3.5139764192165548       -5.6932552219584327        4.3583773489802926        1.4453998058893485     
   1209.2811300000001        286.65188495679604        2.9140942964114482E-003  -3.5814068530036756       -5.7187353495117978        4.7478006979752871        1.9018570476386649     
   1183.8813500000001        286.64890649787066        2.9201211790513756E-003  -3.6488745334328145       -5.7405706509393628        5.1191358764186976        2.3768694684375311     
   1158.4832799999999        286.64642494607125        2.9250064043809389E-003  -3.7164777839087479       -5.7591502330589961        5.4737290666481639        2.8562895727469604     
   1133.0869100000000        286.64428874904456        2.9290834251410719E-003  -3.7842713406879924       -5.7747699061727387        5.8123476298630248        3.3289828750421337     
   1107.6922600000000        286.64240093133134        2.9325650739761970E-003  -3.8522812909430764       -5.7876593941481840        6.1354514449894237        3.7864086284539940     
   1082.3005400000000        286.64069586578307        2.9355943998367216E-003  -3.9205237375532929       -5.7980016056078858        6.4425436726777336        4.2211081636997676     
   1056.9097899999999        286.63912763360491        2.9382705129775031E-003  -3.9890003294024465       -5.8059417880868747        6.7340074211908965        4.6285013684865479     
   1031.5210000000000        286.63766257990619        2.9406648383049887E-003  -4.0577081644973925       -5.8115968015782791        7.0092777023733888        5.0041708692875844     
   1006.1343400000000        286.63627518879861        2.9428302289009147E-003  -4.1266408601637741       -5.8150604105947945        7.2678270129115825        5.3447821375606290     
   980.75000000000000        286.63494544065361        2.9448067541815773E-003  -4.1957909840861678       -5.8164072596475851        7.5091228401260839        5.6478268770513198     
   955.36804199999995        286.63365708718891        2.9466254432969187E-003  -4.2651509116806068       -5.8156956007306198        7.7325525561118473        5.9113537679683406     
   929.98846400000002        286.63239649865051        2.9483107568667182E-003  -4.3347128342261438       -5.8129693215182856        7.9375060385996976        6.1339586757745934     
   904.61157200000002        286.63115180298593        2.9498823449165320E-003  -4.4044701916665581       -5.8082593600847838        8.1232092964155189        6.3144688555651758     
   879.23742700000003        286.62991229766681        2.9513562144490579E-003  -4.4744173381108734       -5.8015846033324783        8.2889474315466654        6.4521833877239851     
   853.86627199999998        286.62866796029618        2.9527456067137883E-003  -4.5445501972562186       -5.7929524481911532        8.4339241769586639        6.5466409440283977     
   828.49829099999999        286.62740904823033        2.9540616312267384E-003  -4.6148666849099058       -5.7823589157263946        8.5573012691505070        6.5976460464829012     
   803.13348399999995        286.62612578262230        2.9553136966625980E-003  -4.6853656749871657       -5.7697886717740410        8.6583470690885687        6.6054550892454245     
   777.77227800000003        286.62480797547522        2.9565099053284550E-003  -4.7560481094271632       -5.7552144817340825        8.7361501278249953        6.5703797525598810     
   752.41485599999999        286.62344469441513        2.9576573114561628E-003  -4.8269167681455132       -5.7385964749476734        8.7898637163750166        6.4931199436165858     
   727.06133999999997        286.62202390019587        2.9587621152221402E-003  -4.8979756168384672       -5.7198812166698643        8.8187175594332601        6.3747806265099252     
   701.71209699999997        286.62053198859968        2.9598298412888977E-003  -4.9692297939859760       -5.6990002862040763        8.8218794167668637        6.2166942915631580     
   676.36755400000004        286.61895322574310        2.9608654846452150E-003  -5.0406859618497037       -5.6758682145440389        8.7984986848982043        6.0204963703532854     
   651.02789299999995        286.61726909633143        2.9618735888747986E-003  -5.1123509417566373       -5.6503804317314446        8.7479027710982997        5.7883799174670330     
   625.69360400000005        286.61545738037375        2.9628583488219870E-003  -5.1842316572430631       -5.6224100695885753        8.6693687856905424        5.5228173887935483     
   600.36511199999995        286.61349096409293        2.9638236717180241E-003  -5.2563341794864433       -5.5918042619059705        8.5622726522312202        5.2267558774701968     
   575.04284700000005        286.61133623658299        2.9647732140725440E-003  -5.3286621526948217       -5.5583794732952825        8.4261294952552603        4.9036615663050718     
   549.72741699999995        286.60895083367058        2.9657104131561129E-003  -5.4012152933311093       -5.5219153977801678        8.2605269754080091        4.5574357960519505     
   524.41943400000002        286.60628049678104        2.9666384738848439E-003  -5.4739866315122612       -5.4821473640244545        8.0652387552555940        4.1925263310750438     
   499.11962899999997        286.60325455770811        2.9675603144483703E-003  -5.5469586902791335       -5.4387566554234184        7.8402374279705125        3.8138985341224463     
   473.82891799999999        286.59977930529914        2.9684784493817476E-003  -5.6200984152075746       -5.3913577011510254        7.5857038479442629        3.4269885326869849     
   448.54824800000000        286.59572813166881        2.9693947422456345E-003  -5.6933491349278853       -5.3394817795408791        7.3021462465499738        3.0377232498292828     
   423.27871699999997        286.59092655335240        2.9703099503648207E-003  -5.7666184488052519       -5.2825558626711491        6.9904683623451440        2.6524380386000721     
   398.02175899999997        286.58512873648641        2.9712229458039138E-003  -5.8397612189332335       -5.2198741461483724        6.6519654489119873        2.2776687963397939     
   372.77890000000002        286.57798031002432        2.9721292827486049E-003  -5.9125521942609458       -5.1505614574750185        6.2885648535558101        1.9200794778368520     
   347.55215500000003        286.56895734090227        2.9730187082325347E-003  -5.9846454554989199       -5.0735238234876947        5.9028221953786719        1.5860803741629772     
   322.34393299999999        286.55726395709775        2.9738707140631927E-003  -6.0555112806591236       -4.9873831853452604        5.4980890081147997        1.2815024477480310     
   297.15716600000002        286.54165538662539        2.9746465766767611E-003  -6.1243375725651843       -4.8903908411710857        5.0786160784000831        1.0111426550306215     
   271.99560500000001        286.52012111825155        2.9752750305439136E-003  -6.1898761159319617       -4.7803117491820259        4.6495196328961681       0.77823643732960568     
   246.86404400000001        286.48929397935746        2.9756261008801444E-003  -6.2502007121815755       -4.6542691091393449        4.2166269013773601       0.58401850306176595     
   221.76879900000000        286.44328756381140        2.9754620921174971E-003  -6.3023243804611946       -4.5085291458413659        3.7859928372237959       0.42746613595029309     
   196.71839900000001        286.37124652066700        2.9743412610609777E-003  -6.3415829790952225       -4.3381850498392165        3.3630160365187134       0.30540243661009181     
   171.72468599999999        286.25171757885687        2.9714132449786997E-003  -6.3606046888659762       -4.1366472399664778        2.9511370875352609       0.21301978757738071     
   146.80502300000001        286.03824230984918        2.9649361367270373E-003  -6.3474638140902169       -3.8947045854031637        2.5501643184000491       0.14470036508597761     
   121.98595400000001        285.61743355822216        2.9509883539944205E-003  -6.2819819081313621       -3.5985738981886990        2.1549219043369723        9.4963551018618600E-002
   97.311340299999998        284.66792217370858        2.9196002289562824E-003  -6.1271774695950398       -3.2254560536202201        1.7556418124443935        5.9329569053049272E-002
   72.861091599999995        282.13695155424710        2.8430999099713951E-003  -5.8066315683043506       -2.7333545336584448        1.3445249048893066        3.5145750447511885E-002
   48.804748500000002        275.35797337898043        2.6859658068121165E-003  -5.1477811351285174       -2.0489761260569663       0.94433470727574897        2.3782636610545631E-002
   25.613332700000001        274.01545978629929        2.7318018784399691E-003  -4.3025710174864535       -1.4558787256049188       0.94461046498295553       0.18244726431421912     
   10.000000000000000        274.42890031044766        2.7852716959378592E-003  -3.0975649628986663      -0.87372575340124292       0.68972893150138348       0.69469702221788843     
   1997.2254600000001        290.86760882556729        6.2291168366554711E-004  -2.7435594958165601       -1.4423713173203667        4.5231406259661752E-002   1.3327412083341802E-004
   1971.7959000000001        290.83947984975174        6.4926951400005623E-004  -2.7437828304928940       -1.4555726408292464        4.5231406259661752E-002   1.3327412083341802E-004
   1946.3670700000000        290.81541560319329        6.6306448185619253E-004  -2.7372379525090533       -1.4756821024380355       0.10764127675707096        6.9474674303265720E-004
   1920.9388400000000        290.78824695924720        6.7283232096649183E-004  -2.7251275179217584       -1.4986426822998045       0.15528178780731705        1.3415694071778372E-003
   1895.5111099999999        290.74829853375263        6.8163865833194086E-004  -2.7073516757442055       -1.5248327849851160       0.19507816908378048        1.7002147184669246E-003
   1870.0839800000001        290.68356236536448        6.8988259759504859E-004  -2.6838319513117685       -1.5549041703627557       0.22913573963712083        1.7841135202218983E-003
   1844.6575900000000        290.60939097257119        6.9473641033768424E-004  -2.6564022133994514       -1.5877011572654041       0.27451137166516870        2.3373977303107929E-003
   1819.2318100000000        290.52136880057913        6.9735464496897685E-004  -2.6255747069673587       -1.6238875328011939       0.31890088677302175        2.8225803849990434E-003
   1793.8067599999999        290.38428709914695        6.9913613609253052E-004  -2.5904943860971374       -1.6658306852709666       0.34801193814214781        2.6005043229278034E-003
   1768.3824500000001        290.14396679482337        7.0149579054286360E-004  -2.5509985829112365       -1.7156813608552013       0.36668289893308409        2.0972664515159010E-003
   1742.9588600000000        289.88232505434081        7.0665837359056851E-004  -2.5111737210020895       -1.7708323195256432       0.41146520383309954        2.4661253621052555E-003
   1717.5362500000001        289.62410651729505        7.1770540052739685E-004  -2.4729062655443412       -1.8309317188206720       0.46431166120558698        3.0874688068850331E-003
   1692.1140100000000        289.39195465784604        7.3557288926730116E-004  -2.4379039476222149       -1.8952525954326886       0.52780910168402062        4.1208659115891189E-003
   1666.6927499999999        289.19570494943474        7.5819519922522369E-004  -2.4074047148000175       -1.9630189777565576       0.60243363996508170        5.7313585517990194E-003
   1641.2723400000000        289.01055991577613        7.8586694275541321E-004  -2.3815967317622686       -2.0351384921789886       0.67275849324732218        7.1988558956342114E-003
   1615.8527799999999        288.83381358553959        8.1674437983717799E-004  -2.3611429878569812       -2.1114494429078121       0.74790389814248781        8.9053119581872474E-003
   1590.4340800000000        288.67322461329559        8.4766737744137587E-004  -2.3468247035969805       -2.1910840267747376       0.83907349909768503        1.1525586829829557E-002
   1565.0162399999999        288.52659344024323        8.7904964853458565E-004  -2.3393029533431786       -2.2741932828015576       0.95164013568284722        1.5221410699979655E-002
   1539.5992400000000        288.37809046133532        9.1727209800524423E-004  -2.3399937771793371       -2.3632715399941806        1.0988474005697271        1.9752023115035874E-002
   1514.1834699999999        288.20616722728943        9.7657706650623364E-004  -2.3532470750151164       -2.4629378937817847        1.3273342299879320        2.6205899552258508E-002
   1488.7685500000000        287.98008288416020        1.0903046625030510E-003  -2.3889427145716162       -2.5779348762748704        1.6936880251928936        3.6388357073700306E-002
   1463.3546100000001        287.68797369900102        1.3138816723602654E-003  -2.4602866445111120       -2.7059659704790753        2.2467122370526273        5.5277688109071466E-002
   1437.9417699999999        287.36602725353703        1.6810905527786088E-003  -2.5740711459269061       -2.8359291517563894        3.0097179778891197        9.3351081761015850E-002
   1412.5300299999999        287.05159594279490        2.1675010713736961E-003  -2.7297949174352270       -2.9591825049115559        4.0554763014585840       0.17044055515179615     
   1387.1193800000001        286.82568300248340        2.6189544783083870E-003  -2.9081563168094853       -3.0628607627833375        5.1562885845525779       0.32576483943990253     
   1361.7099599999999        286.75426364102367        2.8679981423041030E-003  -3.0865684356487662       -3.1416662554782784        7.7343565634827476        1.3527640746844583     
   1336.3018800000000        286.75205561752165        2.9050505076186625E-003  -3.2159142394498033       -3.1858348902339375        14.937544546243723        18.461372448746598     
   1310.8949000000000        286.75312666505755        2.9132268757474582E-003  -3.2914736104523481       -3.2057142699429870        31.818494035148646        56.522658354859558     
   1285.4893800000000        286.75503042220623        2.9190928782104994E-003  -3.3459830428802055       -3.2166272925812587        46.729098435987638        73.240786381073008     
   1260.0852100000000        286.75757437996839        2.9239789985503338E-003  -3.3923645730905427       -3.2234879373514902        59.885323127261969        87.256609056954929     
   1234.6824999999999        286.76066881185676        2.9282770777503491E-003  -3.4344191174934018       -3.2278044318228440        70.946039937058657        98.571750338070515     
   1209.2811300000001        286.76425762553998        2.9321662649975130E-003  -3.4737041420365147       -3.2302519396368385        80.385275834647558        107.91430937856366     
   1183.8813500000001        286.76832309148688        2.9357661966891357E-003  -3.5111397445541890       -3.2312100967031454        88.786247771133134        116.08394948563951     
   1158.4832799999999        286.77284374149514        2.9391403529476397E-003  -3.5471411197501612       -3.2309073346511821        96.286762208073611        123.19818294751526     
   1133.0869100000000        286.77780644523688        2.9423332827907176E-003  -3.5819612836524386       -3.2295021691706767        103.07329970304788        129.48423907856190     
   1107.6922600000000        286.78320634412921        2.9453791263689020E-003  -3.6157755861850456       -3.2271109361621222        109.29052399780770        135.12114910798962     
   1082.3005400000000        286.78904069610996        2.9483026962144245E-003  -3.6486910004141766       -3.2238238109044541        114.99491724248418        140.17111771334336     
   1056.9097899999999        286.79530854663022        2.9511227916499184E-003  -3.6807742447812304       -3.2197140456147442        120.23150931460992        144.69011424671442     
   1031.5210000000000        286.80201232400725        2.9538548837566626E-003  -3.7120742787996019       -3.2148422951562812        125.03967152567887        148.72992202775336     
   1006.1343400000000        286.80915777237868        2.9565120982993185E-003  -3.7426295547916602       -3.2092594121266007        129.44958448476839        152.33231407478883     
   980.75000000000000        286.81675285393578        2.9591054764949486E-003  -3.7724684123343786       -3.2030090007270862        133.47513594411666        155.51882578082021     
   955.36804199999995        286.82480769839344        2.9616444984163792E-003  -3.8016122355072839       -3.1961288638572651        137.12466399143480        158.30476337535745     
   929.98846400000002        286.83333492111353        2.9641375475086499E-003  -3.8300784237685632       -3.1886518217248643        140.40550545995751        160.70462994028875     
   904.61157200000002        286.84234961914393        2.9665921453412058E-003  -3.8578812923123675       -3.1806064478203733        143.32006258564772        162.72668369991629     
   879.23742700000003        286.85186981527215        2.9690152334669682E-003  -3.8850336689733251       -3.1720173635034583        145.87159578326219        164.38018816099546     
   853.86627199999998        286.86191622412281        2.9714132133685958E-003  -3.9115461653652259       -3.1629059208418653        148.05807148128716        165.66756895464906     
   828.49829099999999        286.87251280405275        2.9737921562889569E-003  -3.9374283125753937       -3.1532902805209164        149.87789257218404        166.59155629242582     
   803.13348399999995        286.88368667331264        2.9761578219423099E-003  -3.9626878128935452       -3.1431858937654891        151.32753394759357        167.15226625696167     
   777.77227800000003        286.89546883200393        2.9785158365810836E-003  -3.9873314348860434       -3.1326054008497106        152.40327624297959        167.34922468743423     
   752.41485599999999        286.90789443677676        2.9808717409582036E-003  -4.0113646639112988       -3.1215588431972408        153.10009845879270        167.18013463553694     
   727.06133999999997        286.92100348451095        2.9832310987081244E-003  -4.0347918899338131       -3.1100536062752697        153.41419715657622        166.64382323738644     
   701.71209699999997        286.93484130509205        2.9855995462261579E-003  -4.0576160271615507       -3.0980945423065642        153.33999423597126        165.73673829551058     
   676.36755400000004        286.94945950559440        2.9879829033467712E-003  -4.0798386310133754       -3.0856838141308658        152.87158127916382        164.45468969119713     
   651.02789299999995        286.96491689316917        2.9903872524598670E-003  -4.1014596282290849       -3.0728208100040186        152.00413315483283        162.79451745337946     
   625.69360400000005        286.98128063348560        2.9928190327424488E-003  -4.1224770413597325       -3.0595020051191484        150.73156773012886        160.75139283394347     
   600.36511199999995        286.99862783801387        2.9952851717857396E-003  -4.1428868589008703       -3.0457206542237545        149.04851214941542        158.32111038157274     
   575.04284700000005        287.01704726762119        2.9977932003019494E-003  -4.1626825202187474       -3.0314665160182850        146.94962415183025        155.49934064433955     
   549.72741699999995        287.03664175490076        3.0003514319252521E-003  -4.1818546230096691       -3.0167253514387906        144.42981277791989        152.28188022935859     
   524.41943400000002        287.05753095334342        3.0029691411329511E-003  -4.2003902192435882       -3.0014784313393594        141.48403986961034        148.66446992525448     
   499.11962899999997        287.07985507417192        3.0056568165713975E-003  -4.2182721631533404       -2.9857017442041638        138.10807347524454        144.64363519099547     
   473.82891799999999        287.10377956484410        3.0084264647612848E-003  -4.2354781228604432       -2.9693650588135454        134.29758130053369        140.21569893459053     
   448.54824800000000        287.12950136615370        3.0112920194081596E-003  -4.2519794269605837       -2.9524305898177938        130.04939626718698        135.37818258037601     
   423.27871699999997        287.15725692432619        3.0142698471152893E-003  -4.2677393167240885       -2.9348513706695010        125.36120067103558        130.12945446722051     
   398.02175899999997        287.18733327556242        3.0173794589692924E-003  -4.2827108042929849       -2.9165689465396816        120.23133701974858        124.46851178622316     
   372.77890000000002        287.22008284495661        3.0206444389377267E-003  -4.2968335298258475       -2.8975103252643812        114.65992728793994        118.39618927748849     
   347.55215500000003        287.25594435707211        3.0240937626303853E-003  -4.3100295013426715       -2.8775837104462685        108.64851304269926        111.91472226298868     
   322.34393299999999        287.29547251549400        3.0277636564063452E-003  -4.3221968997368458       -2.8566724335887401        102.20075517695754        105.02846368709490     
   297.15716600000002        287.33938144638370        3.0317003100015765E-003  -4.3332009897813704       -2.8346262326363649        95.323369719884212        97.744797306478148     
   271.99560500000001        287.38861013775255        3.0359639492398170E-003  -4.3428602997841983       -2.8112481576965558        88.026657639040735        90.074602020962061     
   246.86404400000001        287.44442442984206        3.0406351622842254E-003  -4.3509248847275774       -2.7862745363532913        80.325888974221911        82.033559185050905     
   221.76879900000000        287.50858280370608        3.0458251532474181E-003  -4.3570407865887457       -2.7593426575861031        72.243015115741940        73.643761771650588     
   196.71839900000001        287.58361967770082        3.0516932123198512E-003  -4.3606888481317512       -2.7299363742545184        63.809196445044385        64.936091711536207     
   171.72468599999999        287.67335920474903        3.0584782905711313E-003  -4.3610728031683443       -2.6972889337705026        55.068719311360091        55.953981745190816     
   146.80502300000001        287.78392324483156        3.0665607504574894E-003  -4.3568982792404798       -2.6601951977488372        46.084605131979394        46.758885485007767     
   121.98595400000001        287.92591568820433        3.0765956994888814E-003  -4.3458901663386067       -2.6166117214410143        36.948687017039781        37.440388993665792     
   97.311340299999998        288.11984962200592        3.0898429898995939E-003  -4.3235840476238652       -2.5626816811105004        27.799265772426853        28.134267471838896     
   72.861091599999995        288.41256858386129        3.1091612595752871E-003  -4.2796367423331114       -2.4898485551328631        18.858163155328914        19.060685306545196     
   48.804748500000002        288.94497909317761        3.1430846247260925E-003  -4.1824327619291051       -2.3732850692972081        10.525614258767964        10.621504502764205     
   25.613332700000001        290.04503025348333        3.2106688833671714E-003  -3.9496402923496743       -2.1661320844838525        4.7438584719123620        4.7789008908809301     
   10.000000000000000        294.13781229514581        3.4538471751083804E-003  -2.9987718408252912       -1.5110591368437163        1.1412884139708153        1.1459746774802804     
   1997.2254600000001        290.86745269272751        6.2305778168109268E-004  -4.5368277025302239       0.98155196032263647        4.4687987330930067E-002   1.3167293957552857E-004
   1971.7959000000001        290.83937515882059        6.4930101780426752E-004  -4.5399938214914251       0.96889743824739527        4.4687987330930067E-002   1.3167293957552857E-004
   1946.3670700000000        290.81522127848177        6.6309506790598091E-004  -4.5358941420329115       0.95009063135219607        8.9401840944735786E-002   4.7463306295107986E-004
   1920.9388400000000        290.78785283922593        6.7286643949922948E-004  -4.5222163910298745       0.92999868449919820       0.13613770067312139        1.0208580411534855E-003
   1895.5111099999999        290.74749236109443        6.8166917673530508E-004  -4.4986132743215377       0.90694267798311745       0.21046278004282734        1.9757167795570905E-003
   1870.0839800000001        290.68216127251816        6.8987622663118948E-004  -4.4673224572938253       0.87532011072753579       0.30716420042283593        3.2372921249274292E-003
   1844.6575900000000        290.60691943084777        6.9470373942518001E-004  -4.4349885799101907       0.83073511486689067       0.44552118315167605        6.2690666428636662E-003
   1819.2318100000000        290.51682359819728        6.9732543027873131E-004  -4.4074878571610654       0.76979146590201064       0.61045208699112263        1.0589820477198961E-002
   1793.8067599999999        290.37623799441496        6.9919467412960044E-004  -4.3897554334992499       0.68883552419752825       0.76991202382841117        1.3105537240248953E-002
   1768.3824500000001        290.13241765707050        7.0194287449316245E-004  -4.3878860152646704       0.58621770181981125       0.92286039086317684        1.3807126803879428E-002
   1742.9588600000000        289.86553237038800        7.0816672215874696E-004  -4.4069151697784097       0.47129866336732995        1.1573095207484390        2.0373372558719342E-002
   1717.5362500000001        289.60109499835403        7.2125613103354586E-004  -4.4481942076481333       0.34917121490589087        1.4468962606796978        3.1515029026262603E-002
   1692.1140100000000        289.36163891528645        7.4202556560913071E-004  -4.5116113410768328       0.22400387953244874        1.8241311136734202        5.2087561376686922E-002
   1666.6927499999999        289.15441977555622        7.6985029559668372E-004  -4.5962429625108214        9.8878091236329110E-002   2.2954582715143150        8.7973233753406530E-002
   1641.2723400000000        288.95716383282428        8.3194548062371786E-004  -4.7005007956706857       -2.4410938514454323E-002   2.7269433108560932       0.12536387937640012     
   1615.8527799999999        288.77389671234459        1.1888354459613176E-003  -4.8141522046370007      -0.13702039607191199        2.8371241200361239       0.13745803305750492     
   1590.4340800000000        288.68357504421346        2.6679393940192459E-003  -4.9369980245733576      -0.24123083847761617        4.0040281757049243       0.39937109984124547     
   1565.0162399999999        288.68498137353305        2.6788468750959088E-003  -4.9494414217487712      -0.25000324197671947        53.559704131520753        70.535198683663864     
   1539.5992400000000        288.68711895500644        2.6878049361899019E-003  -4.9568753644400125      -0.25437677932305880        84.147385375659454        97.868705240487742     
   1514.1834699999999        288.68984852665318        2.6962544474174242E-003  -4.9629397144980567      -0.25734223523258004        102.67279604668420        114.42426913071760     
   1488.7685500000000        288.69313740909968        2.7045166535306590E-003  -4.9683680922908975      -0.25951152354254747        116.97514058993791        127.45709898787014     
   1463.3546100000001        288.69695491832050        2.7126352770263230E-003  -4.9734073778073267      -0.26110573284553773        128.73658417587339        138.26737774867482     
   1437.9417699999999        288.70127678677625        2.7205985167329146E-003  -4.9781715018323593      -0.26223567047253116        138.74853403135796        147.51712753171606     
   1412.5300299999999        288.70608409528813        2.7283846369639368E-003  -4.9827227097650555      -0.26296768830678380        147.45297406910487        155.58928996900804     
   1387.1193800000001        288.71136211714730        2.7359740690016702E-003  -4.9870987952311054      -0.26334630867395709        155.12588485646521        162.72739559378283     
   1361.7099599999999        288.71709945506734        2.7433524750498199E-003  -4.9913243913403944      -0.26340381036809413        161.95241611814845        169.09603898880653     
   1336.3018800000000        288.72328746236360        2.7505110262311902E-003  -4.9954163612977096      -0.26316499819556111        168.06330229001770        174.81144885344469     
   1310.8949000000000        288.72991972300446        2.7574456389149720E-003  -4.9993865797832617      -0.26264969367238605        173.55660889611988        179.96081851821148     
   1285.4893800000000        288.73699178757937        2.7641561729389997E-003  -5.0032435365526595      -0.26187428528974505        178.50457196949773        184.60741915062633     
   1260.0852100000000        288.74450090892753        2.7706455457399467E-003  -5.0069933407844083      -0.26085262693210270        182.96438811173888        188.80122556067340     
   1234.6824999999999        288.75244593194600        2.7769190320937969E-003  -5.0106403125026935      -0.25959668930948016        186.98028396437553        192.58024499492706     
   1209.2811300000001        288.76082710875573        2.7829835812408729E-003  -5.0141873896890052      -0.25811691820690769        190.58826352499756        195.97535073077438     
   1183.8813500000001        288.76964606244422        2.7888473492715836E-003  -5.0176364094064692      -0.25642260447088333        193.81586549211653        199.00960654034384     
   1158.4832799999999        288.77890577657990        2.7945193188230908E-003  -5.0209883262991308      -0.25452200861291824        196.68496629434250        201.70117562680664     
   1133.0869100000000        288.78861059561888        2.8000089847311396E-003  -5.0242433364927104      -0.25242257943831103        199.21347493105677        204.06483581740403     
   1107.6922600000000        288.79876599439700        2.8053259788614676E-003  -5.0274009314381232      -0.25013107022012049        201.41746032302945        206.11421555257704     
   1082.3005400000000        288.80937930196473        2.8104802640207863E-003  -5.0304601336386154      -0.24765353719278310        203.29984027128305        207.84967770772835     
   1056.9097899999999        288.82045908829838        2.8154816108927022E-003  -5.0334193984531224      -0.24499546591985602        204.87743507482142        209.28679371562447     
   1031.5210000000000        288.83201544839454        2.8203396176370620E-003  -5.0362766414037310      -0.24216187469607894        206.15279849244490        210.42650353922716     
   1006.1343400000000        288.84406000193263        2.8250636191558681E-003  -5.0390292832343038      -0.23915731873872648        207.12881115696368        211.27055951260672     
   980.75000000000000        288.85660621241044        2.8296627206280496E-003  -5.0416742925660554      -0.23598590579596940        207.80793417703637        211.82054905738266     
   955.36804199999995        288.86966948740485        2.8341457468689002E-003  -5.0442081614668632      -0.23265130568016526        208.19102503015500        212.07666114457027     
   929.98846400000002        288.88326726082198        2.8385211992484824E-003  -5.0466268794268743      -0.22915681822453110        208.27859632688353        212.03891927436388     
   904.61157200000002        288.89741926396238        2.8427972848968646E-003  -5.0489259116004526      -0.22550535623298901        208.06852715929665        211.70479117074314     
   879.23742700000003        288.91214771471635        2.8469819143892455E-003  -5.0511001601244052      -0.22169945526214518        207.55920090727051        211.07242057004186     
   853.86627199999998        288.92747763383892        2.8510827342554264E-003  -5.0531439217325040      -0.21774127707778074        206.74765013146580        210.13865890823840     
   828.49829099999999        288.94343721914504        2.8551071663886598E-003  -5.0550508371493352      -0.21363261187288743        205.63011429675754        208.89962264609127     
   803.13348399999995        288.96005809419870        2.8590624048613505E-003  -5.0568137880864317      -0.20937487992508844        204.20391456094185        207.35263415455316     
   777.77227800000003        288.97737584803974        2.8629554798874270E-003  -5.0584248300854906      -0.20496910987045414        202.46394589680796        205.49256662143719     
   752.41485599999999        288.99543059521199        2.8667933071590212E-003  -5.0598750737082820      -0.20041592593889951        200.40565463577553        203.31490240518283     
   727.06133999999997        289.01426754381288        2.8705827205421841E-003  -5.0611545564002132      -0.19571551791786046        198.02508100461515        200.81578865178176     
   701.71209699999997        289.03393771317769        2.8743305217484678E-003  -5.0622520631360466      -0.19086764568916453        195.31729513747754        197.99038358963995     
   676.36755400000004        289.05449896384999        2.8780435680299875E-003  -5.0631549573520216      -0.18587157501929671        192.27676749447738        194.83325297918429     
   651.02789299999995        289.07601698677371        2.8817288208516549E-003  -5.0638489164831038      -0.18072602776176713        188.89954667027899        191.34061066701429     
   625.69360400000005        289.09856667339255        2.8853934344291662E-003  -5.0643176580847351      -0.17542916057814914        185.18062157780068        187.50756834375704     
   600.36511199999995        289.12223374639234        2.8890448502393263E-003  -5.0645425679735290      -0.16997845674153961        181.11540055686618        183.32968752736176     
   575.04284700000005        289.14711672924756        2.8926909007750980E-003  -5.0645022577021725      -0.16437066807883305        176.70003681292761        178.80327929941410     
   549.72741699999995        289.17332946519457        2.8963399453911772E-003  -5.0641720070114022      -0.15860170542212623        171.93050243102800        173.92445667174266     
   524.41943400000002        289.20100423857718        2.9000010286438348E-003  -5.0635230600320291      -0.15266650905525350        166.80354214722047        168.69010473655641     
   499.11962899999997        289.23029572456068        2.9036840744753475E-003  -5.0625217291820173      -0.14655887094623815        161.31656444739164        163.09776365548336     
   473.82891799999999        289.26138616791508        2.9074001443888907E-003  -5.0611282323381523      -0.14027125996393194        155.46731965022158        157.14526864268166     
   448.54824800000000        289.29449206391479        2.9111617584164588E-003  -5.0592951848440668      -0.13379450096431528        149.25472393328317        150.83160748284789     
   423.27871699999997        289.32987286164769        2.9149833001062366E-003  -5.0569656076315743      -0.12711744671314681        142.67896669737706        144.15699581052715     
   398.02175899999997        289.36784287529269        2.9188815824508526E-003  -5.0540702142512171      -0.12022655306383608        135.74089728869936        137.12222554701549     
   372.77890000000002        289.40878726228510        2.9228765822523874E-003  -5.0505237436762496      -0.11310519677795802        128.44356484561629        129.73024355327036     
   347.55215500000003        289.45318448226709        2.9269924791658877E-003  -5.0462198096876154      -0.10573290405690743        120.79149756506742        121.98536315676738     
   322.34393299999999        289.50163824112076        2.9312591223449392E-003  -5.0410235353583106       -9.8084149037855201E-002   112.79157286762725        113.89415062890021     
   297.15716600000002        289.55492410049317        2.9357141553489280E-003  -5.0347607810830093       -9.0126695990211489E-002   104.45379159753442        105.46618699786910     
   271.99560500000001        289.61405966295968        2.9404062031783010E-003  -5.0272018523598678       -8.1819178581246488E-002   95.791737755579234        96.714521086073447     
   246.86404400000001        289.68041390616764        2.9453998138390461E-003  -5.0180360154235331       -7.3107453825067364E-002   86.823913005845341        87.657022440345401     
   221.76879900000000        289.75588476355688        2.9507834506717176E-003  -5.0068299644594605       -6.3918865628252663E-002   77.575311696951360        78.317990773043192     
   196.71839900000001        289.84320224454137        2.9566830759919739E-003  -4.9929566033271913       -5.4152750315667963E-002   68.079810021393683        68.730614713447679     
   171.72468599999999        289.94647782740270        2.9632866468639954E-003  -4.9754653957076531       -4.3664116351616190E-002   58.384140817674165        58.941061604421520     
   146.80502300000001        290.07228107498321        2.9708918989335893E-003  -4.9528270133230139       -3.2233005075071493E-002   48.553592561063617        49.014364498778612     
   121.98595400000001        290.23197001986273        2.9800092246253670E-003  -4.9223777927453467       -1.9501680680332513E-002   38.682614264712434        39.045337588502420     
   97.311340299999998        290.44747362026203        2.9916154939043961E-003  -4.8789332841465827       -4.8286737597008217E-003   28.913446001508788        29.177705939487616     
   72.861091599999995        290.76876421744998        3.0079159604973291E-003  -4.8105714453292183        1.3118708055202221E-002   19.474819074731720        19.643668614346037     
   48.804748500000002        291.34583348790028        3.0354561139981197E-003  -4.6811176103383181        3.7864482285260591E-002   10.779218689825555        10.862759404801135     
   25.613332700000001        292.52360691135118        3.0882551851602589E-003  -4.4024010742033113        7.1939371952951095E-002   4.8030386631833313        4.8347336928779097     
   10.000000000000000        296.86071263195799        3.2722058404715507E-003  -3.3246913413251939       0.13625888650292364        1.1382056762738832        1.1426083191655458     
   1997.2254600000001        290.86501667225724        6.2523577952704884E-004  -8.5644665547787646        1.1006885243211502       0.27526447395765152        4.3380307762049021E-003
   1971.7959000000001        290.83463303685085        6.5132919896884885E-004  -8.5602258481158611        1.0641761758788746       0.27526447395765152        4.3380307762049021E-003
   1946.3670700000000        290.80842863812865        6.6408377139341593E-004  -8.5547479001414519        1.0076439527129302       0.69320005219531855        3.0819865518428434E-002
   1920.9388400000000        290.77798743413490        6.7320955033935549E-004  -8.5507594202769592       0.93948839625456415       0.94065076481164223        5.2061208216956138E-002
   1895.5111099999999        290.73365745064780        6.8140652832318323E-004  -8.5500438576050986       0.85956935813139801        1.0986962061762064        5.7026723254248055E-002
   1870.0839800000001        290.66561355573697        6.8889433439137723E-004  -8.5547048424227370       0.76826033488368772        1.2001009085074488        5.2828011939389789E-002
   1844.6575900000000        290.58560083712848        6.9384544804983661E-004  -8.5665892771540673       0.67059411527967017        1.3145648228352051        5.6810391735748540E-002
   1819.2318100000000        290.48695531404138        6.9848120984895878E-004  -8.5874406672531336       0.56759592226672229        1.3900095538981687        5.5346997237071247E-002
   1793.8067599999999        290.33666674293175        7.2045504943205703E-004  -8.6199860986481394       0.45768375137807865        1.3902011302651451        4.2886416904637806E-002
   1768.3824500000001        290.09507707322416        9.9336201195602191E-004  -8.6675248457916574       0.34224095238052882        1.3509716016641857        3.0451707738927535E-002
   1742.9588600000000        289.95080124516710        2.6502170844224459E-003  -8.7248564811629485       0.24179443209680870        1.5129104187288753        4.9245636793779558E-002
   1717.5362500000001        289.95136009764445        2.6520761660140755E-003  -8.7277896972332449       0.23839664115768755        41.398380909160416        49.505629590725249     
   1692.1140100000000        289.95227752479428        2.6535988056233520E-003  -8.7302236889435374       0.23637053216384460        60.942016561033121        67.821920929854670     
   1666.6927499999999        289.95349155524053        2.6550348446040383E-003  -8.7325635820747340       0.23495518050069181        73.435368119968800        79.636971790809241     
   1641.2723400000000        289.95496952965618        2.6564473005330192E-003  -8.7348924368805481       0.23395648260607285        82.859117261096557        88.645095046972472     
   1615.8527799999999        289.95669015793106        2.6578612145219649E-003  -8.7372361850094453       0.23329082535581905        90.492861500102606        96.009595793675203     
   1590.4340800000000        289.95863805912518        2.6592883233033842E-003  -8.7396025557544093       0.23291330250350131        96.928125937752768        102.26534302993052     
   1565.0162399999999        289.96080142903901        2.6607344080848291E-003  -8.7419918551003395       0.23279659984010123        102.49173946947734        107.70729493364921     
   1539.5992400000000        289.96317082699301        2.6622021623095168E-003  -8.7444008560163695       0.23292265011904417        107.38518138084081        112.51728521576787     
   1514.1834699999999        289.96573853020442        2.6636925520168303E-003  -8.7468245559384741       0.23327878779592731        111.74011195268461        116.81402333223480     
   1488.7685500000000        289.96849808856302        2.6652054935061334E-003  -8.7492569788807657       0.23385572893246281        115.64942970730372        120.68180518564344     
   1463.3546100000001        289.97144405062966        2.6667402478610259E-003  -8.7516915910175790       0.23464636600766589        119.17935692696200        124.18077219534594     
   1437.9417699999999        289.97457177576297        2.6682956598629275E-003  -8.7541215514261417       0.23564511235852650        122.37851567782388        127.35526692676750     
   1412.5300299999999        289.97787731138089        2.6698703139253692E-003  -8.7565398427982153       0.23684743225546895        125.28395767381183        130.23929234861026     
   1387.1193800000001        289.98135728694979        2.6714626291201768E-003  -8.7589393342811377       0.23824955799058917        127.92426730905595        132.85926379618945     
   1361.7099599999999        289.98500884572525        2.6730709296125285E-003  -8.7613128192940497       0.23984828488155310        130.32129495503216        135.23544325745297     
   1336.3018800000000        289.98882962199650        2.6746935062070733E-003  -8.7636530448197263       0.24164083536023856        132.49177297340600        137.38338341506898     
   1310.8949000000000        289.99281765788311        2.6763286313754970E-003  -8.7659526867995261       0.24362477139730518        134.45020330088300        139.31688690247364     
   1285.4893800000000        289.99697141418295        2.6779746022986689E-003  -8.7682043496777151       0.24579790184704470        136.20628266404319        141.04499565101452     
   1260.0852100000000        290.00128973124833        2.6796297522086992E-003  -8.7704005749035350       0.24815824701558237        137.76863382656973        142.57602703727099     
   1234.6824999999999        290.00577184660864        2.6812924764963923E-003  -8.7725337821433360       0.25070402333388586        139.14338852155291        143.91585229921574     
   1209.2811300000001        290.01041734463371        2.6829612273314945E-003  -8.7745962568147640       0.25343357136836181        140.33599240613989        145.06984364505183     
   1183.8813500000001        290.01522617506555        2.6846345306215103E-003  -8.7765801190516299       0.25634537685313197        141.34961799923505        146.04113663907077     
   1158.4832799999999        290.02019866861127        2.6863109973428168E-003  -8.7784772877130752       0.25943804181234725        142.18657273423364        146.83205214884592     
   1133.0869100000000        290.02533554799527        2.6879893292602679E-003  -8.7802794545188831       0.26271028195556895        142.84869708927062        147.44453851646173     
   1107.6922600000000        290.03063780948708        2.6896682811417827E-003  -8.7819779890721019       0.26616088502064050        143.33847777834629        147.88136752418330     
   1082.3005400000000        290.03610709822726        2.6913467800740764E-003  -8.7835639777008403       0.26978886221303999        143.65081205144537        148.13720220432495     
   1056.9097899999999        290.04174537243119        2.6930238105255275E-003  -8.7850281121862306       0.27359330987387576        143.79161105036343        148.21861638199587     
   1031.5210000000000        290.04755503518766        2.6946984512680717E-003  -8.7863605908987008       0.27757342476482311        143.75785842859258        148.12263794399385     
   1006.1343400000000        290.05353891657978        2.6963698660219773E-003  -8.7875510869642071       0.28172850460370635        143.54777886519153        147.84770683608846     
   980.75000000000000        290.05970040620434        2.6980373320796896E-003  -8.7885886678286447       0.28605802385409979        143.16005494471312        147.39277068563075     
   955.36804199999995        290.06604346811343        2.6997002328415175E-003  -8.7894617081997897       0.29056161547461429        142.59295416375775        146.75635094340410     
   929.98846400000002        290.07257264249182        2.7013580462997297E-003  -8.7901577547269802       0.29523906601812394        141.84504531914229        145.93731289210237     
   904.61157200000002        290.07929313254556        2.7030103549801352E-003  -8.7906634323893904       0.30009037224794366        140.91360046616862        144.93317780930437     
   879.23742700000003        290.08621084216099        2.7046568407296215E-003  -8.7909643024188675       0.30511569905624719        139.79673216269140        143.74232259942917     
   853.86627199999998        290.09333246508095        2.7062972901637111E-003  -8.7910446629632126       0.31031543635871317        138.49201372258926        142.36257189021114     
   828.49829099999999        290.10066558908403        2.7079316007660977E-003  -8.7908874153377994       0.31569025988346949        136.99683493650630        140.79156774623669     
   803.13348399999995        290.10821872797254        2.7095597678346794E-003  -8.7904738010292078       0.32124106069866765        135.30969087396466        139.02806685965825     
   777.77227800000003        290.11600147414435        2.7111818967054703E-003  -8.7897831565911559       0.32696904826374790        133.42776854834239        137.06945706775264     
   752.41485599999999        290.12402463960609        2.7127982080508146E-003  -8.7887926143044073       0.33287575098742478        131.34896779438404        134.91382358124218     
   727.06133999999997        290.13230037791118        2.7144090351113475E-003  -8.7874767103721734       0.33896307591146074        129.07185813245601        132.55995378656436     
   701.71209699999997        290.14084234715187        2.7160148262443109E-003  -8.7858069977671587       0.34523328190455899        126.59472368610150        130.00625203726040     
   676.36755400000004        290.14966597700584        2.7176161624143671E-003  -8.7837514655005720       0.35168910758413879        123.91576525948503        127.25101121451803     
   651.02789299999995        290.15878867533326        2.7192137564094393E-003  -8.7812739500110890       0.35833378669949018        121.03453863159248        124.29387967742441     
   625.69360400000005        290.16823014944259        2.7208084668514398E-003  -8.7783333431185078       0.36517108077079008        117.95026904657412        121.13406470196333     
   600.36511199999995        290.17801277440157        2.7224013119871581E-003  -8.7748826307163625       0.37220539395334573        114.66280363689350        117.77136156202893     
   575.04284700000005        290.18816202300121        2.7239934837359450E-003  -8.7708677270978033       0.37944183361191924        111.17283453024210        114.20634593334719     
   549.72741699999995        290.19870702207197        2.7255863706635323E-003  -8.7662260116687367       0.38688629680081732        107.48134753305789        110.43977568869724     
   524.41943400000002        290.20968122295454        2.7271815839620250E-003  -8.7608844355211613       0.39454557418547553        103.59022712859642        106.47322643667579     
   499.11962899999997        290.22112323428212        2.7287809898183849E-003  -8.7547571735779552       0.40242750963744461        99.502210537386006        102.30902436697073     
   473.82891799999999        290.23307791607971        2.7303867570139728E-003  -8.7477425427035431       0.41054113378034740        95.220721209432227        97.950034965711509     
   448.54824800000000        290.24559775437905        2.7320014141261088E-003  -8.7397189606536401       0.41889689914880257        90.750393032215314        93.400220081228596     
   423.27871699999997        290.25874459901712        2.7336279184817015E-003  -8.7305396466458021       0.42750687734572923        86.097158715851165        88.664694434115745     
   398.02175899999997        290.27259203947744        2.7352697593551454E-003  -8.7200253888760813       0.43638508319591718        81.267906352663530        83.749351072858232     
   372.77890000000002        290.28722847520885        2.7369310825427961E-003  -8.7079547262381745       0.44554782044315999        76.271440776215400        78.661856786691757     
   347.55215500000003        290.30276137088924        2.7386168695441413E-003  -8.6940501272541120       0.45501414374671578        71.118070477919417        73.411198409078210     
   322.34393299999999        290.31932315196650        2.7403331838323029E-003  -8.6779582606674897       0.46480644532280219        65.820166626591870        68.008258626162174     
   297.15716600000002        290.33707955799201        2.7420875160175336E-003  -8.6592210424649476       0.47495118639481138        60.392635873582982        62.466311714498474     
   271.99560500000001        290.35624184839924        2.7438892861918452E-003  -8.6372319443365342       0.48547978598070457        54.853208213631838        56.801322854736860     
   246.86404400000001        290.37708516815002        2.7457505933793777E-003  -8.6111677155934707       0.49642976536607836        49.223202486374085        51.032781580960588     
   221.76879900000000        290.39997725297945        2.7476873773146942E-003  -8.5798773674613571       0.50784607362144452        43.528372436618824        45.184639123155023     
   196.71839900000001        290.42542532757818        2.7497212984510665E-003  -8.5416927352634211       0.51978243338029828        37.800105663106898        39.286669557632550     
   171.72468599999999        290.45415681016470        2.7518829308122855E-003  -8.4940858762001987       0.53230219944761981        32.077298529673790        33.376633202821715     
   146.80502300000001        290.48726830527391        2.7542175877921481E-003  -8.4330015280152519       0.54547649056992242        26.408763882256416        27.503139608524030     
   121.98595400000001        290.52652531818001        2.7567968619587780E-003  -8.3514268880696694       0.55937259801991257        20.857481947200192        21.730730511735498     
   97.311340299999998        290.57504085437256        2.7597443038258340E-003  -8.2359053545776373       0.57400579778901650        15.507334476214046        16.148055788591474     
   72.861091599999995        290.63908977386609        2.7633025747849814E-003  -8.0563204575102283       0.58913300848400629        10.476213480010353        10.883660646175034     
   48.804748500000002        290.73432038433799        2.7680555098340740E-003  -7.7261365625195380       0.60314205957834499        5.9484917977250849        6.1436283235622620     
   25.613332700000001        290.86928231069606        2.7738981099636566E-003  -7.0772724991709257       0.60330855840559650        2.9195384566289393        2.9855073424884475     
   10.000000000000000        291.10303502671536        2.7819035583862475E-003  -5.0651968218960191       0.52363745547731366       0.87609254738590359       0.88318043468477470     
   1997.2254600000001        290.86032938856948        6.2897813996316821E-004  -11.345998459711801       -2.4435106726836935       0.22832319623300013        2.8011345202997385E-003
   1971.7959000000001        290.82675648835317        6.5395618232320311E-004  -11.343872162102985       -2.4776267824238074       0.22832319623300013        2.8011345202997385E-003
   1946.3670700000000        290.79942116647226        6.6491530404383565E-004  -11.340854315156092       -2.5289451430280656       0.56300026895508271        1.9567849183551717E-002
   1920.9388400000000        290.76783772909448        6.7306139249598967E-004  -11.338842630864338       -2.5898091533636585       0.74579478616890571        3.1519538780268634E-002
   1895.5111099999999        290.72295202796744        6.8068868757631493E-004  -11.339352399476153       -2.6599662970153877       0.85408340839635499        3.3582147135776542E-002
   1870.0839800000001        290.65652416481862        6.8854897163152500E-004  -11.344304939317421       -2.7387848245677908       0.91886050507027350        3.0755305143032572E-002
   1844.6575900000000        290.57693733063581        6.9918154863018154E-004  -11.355639162720607       -2.8225481062463045       0.98772770475646854        3.1492694207083595E-002
   1819.2318100000000        290.47713072808438        7.3988613710433508E-004  -11.375441821668032       -2.9104164950639091        1.0312564186833688        2.9623866842924645E-002
   1793.8067599999999        290.32684902931055        1.0098575850916191E-003  -11.406637104186746       -3.0033310545607783        1.0305934243610009        2.3089100336935765E-002
   1768.3824500000001        290.11804955994336        2.5742215992828397E-003  -11.451428521746305       -3.0980655360967222        1.0324019322907678        1.8894452486539863E-002
   1742.9588600000000        290.11482632689024        2.6228862889347447E-003  -11.482226362019718       -3.1456337984003575        2.0208002982154660       0.66482606971537361     
   1717.5362500000001        290.11462105505507        2.6315813355962492E-003  -11.508198304904857       -3.1762626558548495        3.0132998554227868        3.8260460703661434     
   1692.1140100000000        290.11466519075185        2.6350909091394210E-003  -11.526633010797980       -3.1933756536526090        5.0735170596658703        10.162965255011242     
   1666.6927499999999        290.11477883172307        2.6376533292096741E-003  -11.540278106867266       -3.2036108364296858        8.2454281878976854        14.666059293704079     
   1641.2723400000000        290.11493481740354        2.6397953272822537E-003  -11.552143397305993       -3.2109481583285397        11.158065434425170        18.393582159591290     
   1615.8527799999999        290.11512435973640        2.6417149020179585E-003  -11.563326944787139       -3.2167156393939789        13.603617951454078        21.380839842652776     
   1590.4340800000000        290.11534307537079        2.6434980830509279E-003  -11.574271535254002       -3.2214423073612162        15.663851472308771        23.836711332981086     
   1565.0162399999999        290.11558808374468        2.6451880792983345E-003  -11.585179513323226       -3.2253778198616589        17.433971553149835        25.914448605934734     
   1539.5992400000000        290.11585719679988        2.6468090086631977E-003  -11.596150623806441       -3.2286547267562375        18.984170285158417        27.712277649996533     
   1514.1834699999999        290.11614862220455        2.6483754007127192E-003  -11.607235381155805       -3.2313493936345963        20.362733112915109        29.293294670040680     
   1488.7685500000000        290.11646082316287        2.6498964940642779E-003  -11.618458535197492       -3.2335082873878949        21.603086464323976        30.699889758805231     
   1463.3546100000001        290.11679244363171        2.6513784092992137E-003  -11.629830455355975       -3.2351608006918666        22.728530700626738        31.961114333981872     
   1437.9417699999999        290.11714226301177        2.6528253357247411E-003  -11.641353147274168       -3.2363259692396511        23.755590647196623        33.097499626758740     
   1412.5300299999999        290.11750916774275        2.6542402244544463E-003  -11.653023672668928       -3.2370162771407518        24.696220120032322        34.124035032044468     
   1387.1193800000001        290.11789212921150        2.6556252022115730E-003  -11.664836054396719       -3.2372398962293989        25.559189873605188        35.051885485845837     
   1361.7099599999999        290.11829018831963        2.6569818378780483E-003  -11.676782438170948       -3.2370020536871307        26.350941382611669        35.889386998666332     
   1336.3018800000000        290.11870244656347        2.6583113264522697E-003  -11.688853880666207       -3.2363059293765786        27.076220067473855        36.642807000946597     
   1310.8949000000000        290.11912805214757        2.6596145900420684E-003  -11.701040693501717       -3.2351531943931127        27.738745091981677        37.317322895552969     
   1285.4893800000000        290.11956619572203        2.6608923698360066E-003  -11.713332751826977       -3.2335443981073415        28.341063404891941        37.916494699367426     
   1260.0852100000000        290.12001610231533        2.6621452768996910E-003  -11.725719682277932       -3.2314791985151277        28.885165591145306        38.443345219242012     
   1234.6824999999999        290.12047702854630        2.6633738389055346E-003  -11.738190943114962       -3.2289565332685295        29.372444229126220        38.900055114177846     
   1209.2811300000001        290.12094825367211        2.6645785168649657E-003  -11.750735818127476       -3.2259747052395360        29.803945775656608        39.288470526110508     
   1183.8813500000001        290.12142907708682        2.6657597309528696E-003  -11.763343439681018       -3.2225314460222760        30.180233205916473        39.609737319034579     
   1158.4832799999999        290.12191881576325        2.6669178787578009E-003  -11.776002804137683       -3.2186239370118899        30.501607737073495        39.864673316174851     
   1133.0869100000000        290.12241680102375        2.6680533463560485E-003  -11.788702769067390       -3.2142487701263773        30.768185074807221        40.053900339570227     
   1107.6922600000000        290.12292236284355        2.6691664887853496E-003  -11.801431739542803       -3.2094020263305598        30.980098618071171        40.178171005245495     
   1082.3005400000000        290.12343485941909        2.6702577101022354E-003  -11.814178211939083       -3.2040789917103356        31.136240634053365        40.236105337226164     
   1056.9097899999999        290.12395364151558        2.6713273934746164E-003  -11.826930263004293       -3.1982742181650941        31.237128209525693        40.229303855482712     
   1031.5210000000000        290.12447805734575        2.6723759240670176E-003  -11.839675373918567       -3.1919814945928127        31.281845142604173        40.156864963607148     
   1006.1343400000000        290.12500744516700        2.6734036861932910E-003  -11.852400343979719       -3.1851936992809367        31.269584228641520        40.018205578793612     
   980.75000000000000        290.12554113770392        2.6744110817590932E-003  -11.865091377769293       -3.1779025928486648        31.199574862243143        39.812834874553232     
   955.36804199999995        290.12607845463748        2.6753985254378723E-003  -11.877733859761095       -3.1700986418453989        31.070923593587434        39.540115285130895     
   929.98846400000002        290.12661869296227        2.6763664377248211E-003  -11.890312109931713       -3.1617708324826839        30.882729740157568        39.199468767012746     
   904.61157200000002        290.12716112300177        2.6773152504084631E-003  -11.902809177344944       -3.1529064089240966        30.633840940622530        38.789942335098765     
   879.23742700000003        290.12770497851756        2.6782454031414947E-003  -11.915206580951878       -3.1434905472193142        30.323175663478704        38.310787675744166     
   853.86627199999998        290.12824944847421        2.6791573455921080E-003  -11.927483994020267       -3.1335059726990848        29.949519938143123        37.761099664684743     
   828.49829099999999        290.12879366692391        2.6800515395482586E-003  -11.939618873375309       -3.1229324201372655        29.511571302870596        37.139922817644127     
   803.13348399999995        290.12933669374371        2.6809284500461678E-003  -11.951585884947169       -3.1117461054424718        29.008152795640612        36.446600213921492     
   777.77227800000003        290.12987750018948        2.6817885502747633E-003  -11.963356318117160       -3.0999189424820570        28.437800724611229        35.680127268054605     
   752.41485599999999        290.13041494737871        2.6826323216861230E-003  -11.974897330388886       -3.0874174985959031        27.799093541379889        34.839720783770190     
   727.06133999999997        290.13094775587541        2.6834602489778582E-003  -11.986170892550179       -3.0742018258635504        27.090663703487117        33.924831519126222     
   701.71209699999997        290.13147446896625        2.6842728172866048E-003  -11.997132438498367       -3.0602237827650010        26.310984496866940        32.934884111799455     
   676.36755400000004        290.13199340993151        2.6850705156253678E-003  -12.007729190707257       -3.0454248341964583        25.458434694851203        31.869384482092364     
   651.02789299999995        290.13250261784276        2.6858538282194038E-003  -12.017897761765404       -3.0297330842935337        24.531523758098810        30.728358381994500     
   625.69360400000005        290.13299976799965        2.6866232312402457E-003  -12.027560963429586       -3.0130592453815637        23.528599207218697        29.511933227083453     
   600.36511199999995        290.13348206285787        2.6873791844485135E-003  -12.036623293891868       -2.9952909138741486        22.448043424084133        28.220717965483274     
   575.04284700000005        290.13394608160132        2.6881221162416793E-003  -12.044964464370747       -2.9762845419832189        21.288367567646123        26.855976088961476     
   549.72741699999995        290.13438757245865        2.6888524023829853E-003  -12.052429913993826       -2.9558535908913082        20.048231683447828        25.419680198806695     
   524.41943400000002        290.13480115726128        2.6895703286390340E-003  -12.058816419924590       -2.9337509730316080        18.726824499173208        23.914955834441720     
   499.11962899999997        290.13517990605260        2.6902760288382379E-003  -12.063849620996514       -2.9096422872357848        17.324357038420565        22.346427424342014     
   473.82891799999999        290.13551471798814        2.6909693878744909E-003  -12.067147702125625       -2.8830638436656688        15.842945035891109        20.720516807804547     
   448.54824800000000        290.13579340882120        2.6916498996925665E-003  -12.068160815663962       -2.8533553999605470        14.288086033638987        19.045210083564246     
   423.27871699999997        290.13599936525020        2.6923165617350918E-003  -12.066066136719552       -2.8195469192243348        12.669369887604509        17.325531324687901     
   398.02175899999997        290.13610950881798        2.6929685377664633E-003  -12.059573291801007       -2.7801342067038113        10.989648613318026        15.533189472672840     
   372.77890000000002        290.13608957448338        2.6936170058748771E-003  -12.046364398513678       -2.7320550090282141        9.0070993311205694        12.628084377979215     
   347.55215500000003        290.13581797703642        2.6944521686630765E-003  -12.023417448824857       -2.6733339016205591        7.9185012756111819        8.4871024628521710     
   322.34393299999999        290.13504420568813        2.6954501805711477E-003  -11.989146599375813       -2.6063670246201895        7.2926704018101152        6.0720816609739607     
   297.15716600000002        290.13336845917036        2.6965808820080214E-003  -11.941532919475682       -2.5317915572387100        6.8701026651135813        4.5343704163782252     
   271.99560500000001        290.13014057446651        2.6978057572611749E-003  -11.878232000601850       -2.4498064026474902        6.5269855796111589        3.4723948197398435     
   246.86404400000001        290.12426358583031        2.6990748176083054E-003  -11.796328087811148       -2.3602441679262052        6.2029474010839154        2.6899785395800673     
   221.76879900000000        290.11378556202072        2.7003154107136814E-003  -11.691870080223767       -2.2624654097528083        5.8665758577143929        2.0854509051209051     
   196.71839900000001        290.09503654705702        2.7014003385941905E-003  -11.559332194275301       -2.1553528516796772        5.4876960385949980        1.5977701259834174     
   171.72468599999999        290.06060899207677        2.7020759421950836E-003  -11.390514938345627       -2.0370628627225034        5.0466251114655023        1.1951454901288385     
   146.80502300000001        289.99420711508520        2.7017759770492124E-003  -11.172545812395052       -1.9046244174328495        4.5284179999062859       0.86101913856318302     
   121.98595400000001        289.85595369538612        2.6990972888240451E-003  -10.883803291381270       -1.7531542137023144        3.9231875966856458       0.58805804782127391     
   97.311340299999998        289.53518694069851        2.6901711511531177E-003  -10.484726367057492       -1.5742324033916126        3.2298515641327059       0.37486749169398897     
   72.861091599999995        288.69195743711032        2.6636140990241417E-003  -9.8952994614130265       -1.3526350991591096        2.4667621123569203       0.22462059431899900     
   48.804748500000002        286.54582550224518        2.5969673895616502E-003  -8.9436602218293402       -1.0630183039296868        1.7026493699731227       0.15156902678327952     
   25.613332700000001        284.91081811634785        2.5534201590745836E-003  -7.6869855157170228      -0.77445095720587309        1.3139166925528165       0.32005247204163523     
   10.000000000000000        283.62112680473007        2.5244898158391579E-003  -5.2332515268721185      -0.37942781085218596       0.64116052572522819       0.45688860566652922     
   1997.2254600000001        290.85690638658230        6.3140075361753812E-004  -11.288807358088208       -7.2577838009396993       0.16568157273273804        1.4020958231077379E-003
   1971.7959000000001        290.82107784562260        6.5553387058158363E-004  -11.282705041266269       -7.2865822703544598       0.16568157273273804        1.4020958231077379E-003
   1946.3670700000000        290.79294444549822        6.6554926113400090E-004  -11.273320539906097       -7.3299968165464024       0.42048250144689259        1.0529107482283020E-002
   1920.9388400000000        290.76059975424175        6.7323593262793723E-004  -11.262913521245274       -7.3818600720227954       0.56463298584921096        1.7476106828659774E-002
   1895.5111099999999        290.71536973467340        6.8116246929319309E-004  -11.252440641972919       -7.4420774432376877       0.65476378966673809        1.9279974371688421E-002
   1870.0839800000001        290.64988883222082        6.9280048762377310E-004  -11.243147288296939       -7.5103337439720645       0.71260551514002524        1.8308995275556975E-002
   1844.6575900000000        290.57053492048686        7.2172342731303561E-004  -11.236740467243843       -7.5841770403843114       0.76961446829676561        1.8818909209633763E-002
   1819.2318100000000        290.47004522358844        8.3031110366273305E-004  -11.234684680917875       -7.6634651593830840       0.80600879275168824        1.7730275802845818E-002
   1793.8067599999999        290.32104431052989        1.2793910668398125E-003  -11.238776541439311       -7.7496181416961321       0.80936765941393018        1.4086656918862510E-002
   1768.3824500000001        290.13759010914617        2.5211051732008912E-003  -11.251055652284855       -7.8392668833945987       0.82624868819120934        1.2787507818244410E-002
   1742.9588600000000        290.12672076555401        2.6062589880773554E-003  -11.265275971896031       -7.8966600749492404        1.3334192201619097       0.15220482696285653     
   1717.5362500000001        290.12446312630345        2.6268306946369419E-003  -11.281680024045331       -7.9413377835594456        1.7443994536414351       0.57579043972477340     
   1692.1140100000000        290.12362503524781        2.6358839546650552E-003  -11.300261735242833       -7.9789813377272569        2.0820004582915841        1.2412810381742818     
   1666.6927499999999        290.12322987072491        2.6410835985861830E-003  -11.320722950952048       -8.0115333803788840        2.3925170241414895        2.0840191836727926     
   1641.2723400000000        290.12302363466921        2.6445186357863621E-003  -11.342677000847960       -8.0398757874082634        2.6996198792424195        3.0714335766435585     
   1615.8527799999999        290.12291305112598        2.6469897461175581E-003  -11.365722484823710       -8.0645186542349521        3.0168749912749213        4.1861890159725474     
   1590.4340800000000        290.12285621830108        2.6488716093252501E-003  -11.389465053008097       -8.0858183738884737        3.3552922103826357        5.4206886876574583     
   1565.0162399999999        290.12283167317867        2.6503632286682928E-003  -11.413518169009446       -8.1040590450187420        3.7277205635779147        6.7780842725388526     
   1539.5992400000000        290.12282732980304        2.6515790003132115E-003  -11.437482424107216       -8.1194803807053422        4.1534526019832079        8.2766464727319136     
   1514.1834699999999        290.12283647628982        2.6526662288893768E-003  -11.461156976640840       -8.1324264085212796        4.6345615190888472        9.3696396092929071     
   1488.7685500000000        290.12285604607109        2.6536713598183837E-003  -11.484737162780027       -8.1433766350273658        5.0912073054475586        10.151464871320201     
   1463.3546100000001        290.12288388659010        2.6546113286705459E-003  -11.508355316488331       -8.1526571192395672        5.5195573296784266        10.860094266581845     
   1437.9417699999999        290.12291834834133        2.6554980261749425E-003  -11.532109044810250       -8.1604965189369665        5.9176958850497989        11.505989071127404     
   1412.5300299999999        290.12295810904232        2.6563402659555827E-003  -11.556070985590765       -8.1670562842212302        6.2849063173296162        12.094543044542325     
   1387.1193800000001        290.12300206571649        2.6571447563942339E-003  -11.580294573707979       -8.1724500514824534        6.6214950396159020        12.629874310939519     
   1361.7099599999999        290.12304926488986        2.6579167021668448E-003  -11.604818838706926       -8.1767568534517547        6.9282768984574785        13.115413381421400     
   1336.3018800000000        290.12309885612336        2.6586602120218057E-003  -11.629672574689069       -8.1800300518045876        7.2062200036429616        13.554020095630682     
   1310.8949000000000        290.12315005853986        2.6593785641734276E-003  -11.654877313306846       -8.1823033208759988        7.4563680613489431        13.948291865627773     
   1285.4893800000000        290.12320213777815        2.6600744155626317E-003  -11.680450319440697       -8.1835946023720751        7.6794979567500263        14.300113331192582     
   1260.0852100000000        290.12325438728891        2.6607499364129546E-003  -11.706406641816686       -8.1839085869186690        7.8763242986083792        14.611199825723713     
   1234.6824999999999        290.12330611396970        2.6614069180410276E-003  -11.732761088728658       -8.1832380775552895        8.0473679857509026        14.882874122871035     
   1209.2811300000001        290.12335662468013        2.6620468376291578E-003  -11.759529447479977       -8.1815645563416446        8.1931139195178577        15.116382851565467     
   1183.8813500000001        290.12340521490341        2.6626709155384088E-003  -11.786729864894102       -8.1788580342015571        8.3139325346143984        15.312694647078652     
   1158.4832799999999        290.12345115761724        2.6632801533626083E-003  -11.814383908115662       -8.1750763445124459        8.4102329021875235        15.472727623305795     
   1133.0869100000000        290.12349369202673        2.6638753581287771E-003  -11.842517329358573       -8.1701639026678201        8.4825609132015334        15.597427489560866     
   1107.6922600000000        290.12353201102098        2.6644571422131435E-003  -11.871159817895983       -8.1640501343231602        8.5317556424689514        15.687908796421560     
   1082.3005400000000        290.12356525302596        2.6650259880145852E-003  -11.900347659015065       -8.1566468539687929        8.5583168422310170        15.743998491977942     
   1056.9097899999999        290.12359248535273        2.6655822020747984E-003  -11.930121246889028       -8.1478460217048596        8.5639395975676518        15.766843408919332     
   1031.5210000000000        290.12361269265369        2.6661259737157171E-003  -11.960526528347208       -8.1375163064622527        8.5496942980807749        15.754778033527231     
   1006.1343400000000        290.12362476059684        2.6666574543817885E-003  -11.991616367482180       -8.1254986687888859        8.5163431113512207        15.702438072784647     
   980.75000000000000        290.12362744915930        2.6671770657486831E-003  -12.023459762577668       -8.1115976904860503        8.4614067470128660        15.588913021348610     
   955.36804199999995        290.12361919121770        2.6676941234329934E-003  -12.056162529198717       -8.0955641412777748        8.3978665024431969        14.976007774424481     
   929.98846400000002        290.12359741725703        2.6682212541719211E-003  -12.089605359557227       -8.0772241774227602        8.3702753892389996        14.270601147990169     
   904.61157200000002        290.12355898692340        2.6687586530137974E-003  -12.123645716931918       -8.0564048097319478        8.3706233299273975        13.616138398926404     
   879.23742700000003        290.12350015624918        2.6693065876486136E-003  -12.158119036086990       -8.0329346594906514        8.3877358491758827        12.993446849215417     
   853.86627199999998        290.12341639767209        2.6698657531865973E-003  -12.192857766253583       -8.0066311023042225        8.4187789456430409        12.397829822937730     
   828.49829099999999        290.12330223920026        2.6704369153296762E-003  -12.227672402140094       -7.9773115465835307        8.4578271121687330        11.819465995163270     
   803.13348399999995        290.12315100559897        2.6710210508300810E-003  -12.262357958526492       -7.9447882206589862        8.5025454473580364        11.254970067102407     
   777.77227800000003        290.12295452082810        2.6716192701158052E-003  -12.296689257871066       -7.9088710097219490        8.5501821675378160        10.700662407424234     
   752.41485599999999        290.12270272674976        2.6722327853495736E-003  -12.330418896839697       -7.8693688425426265        8.5983930343403241        10.154039711540920     
   727.06133999999997        290.12238317540107        2.6728629214709202E-003  -12.363277321846303       -7.8260886383343182        8.6457709147707611        9.6144565422283499     
   701.71209699999997        290.12198040986391        2.6735110478058894E-003  -12.394969570157963       -7.7788380278667058        8.6904936489688716        9.0811029633459750     
   676.36755400000004        290.12147512506357        2.6741785800848657E-003  -12.425175223773147       -7.7274239203179409        8.7311809550573827        8.5541841838388333     
   651.02789299999995        290.12084310400877        2.6748669210133256E-003  -12.453546149649089       -7.6716533153571280        8.7665654406441913        8.0344083827028481     
   625.69360400000005        290.12005380370050        2.6755774167558557E-003  -12.479704779580580       -7.6113326004361257        8.7952509288119014        7.5225833906703441     
   600.36511199999995        290.11906847408818        2.6763113015657262E-003  -12.503242012518385       -7.5462658838055505        8.8159088371811922        7.0198315102001612     
   575.04284700000005        290.11783765068191        2.6770696115615313E-003  -12.523713979015060       -7.4762533690367032        8.8271137135621203        6.5273417284453243     
   549.72741699999995        290.11629772534042        2.6778530930161972E-003  -12.540638130858454       -7.4010878128701147        8.8272814097118477        6.0462497277081688     
   524.41943400000002        290.11436624034803        2.6786620688417375E-003  -12.553487610601950       -7.3205503495863340        8.8146554516071376        5.5776222656171477     
   499.11962899999997        290.11193530229650        2.6794962643683119E-003  -12.561683681007215       -7.2344043712743415        8.7873076523096820        5.1224472916524428     
   473.82891799999999        290.10886221485816        2.6803545696100278E-003  -12.564585284463336       -7.1423877867157177        8.7429280043653552        4.6814474302389595     
   448.54824800000000        290.10495586573944        2.6812347115688739E-003  -12.561474717003849       -7.0442014595504263        8.6790887695236059        4.2553471802315928     
   423.27871699999997        290.09995683414940        2.6821327254844696E-003  -12.551538031398257       -6.9394986388509698        8.5927480932713021        3.8445450247995958     
   398.02175899999997        290.09350673801936        2.6830422823925239E-003  -12.533837405027070       -6.8278610443465775        8.4809826413599421        3.4496493900440228     
   372.77890000000002        290.08510202526878        2.6839534342103680E-003  -12.507274899906010       -6.7087857755171072        8.3395383744510205        3.0706743436443968     
   347.55215500000003        290.07401798133361        2.6848509432428149E-003  -12.470535963645723       -6.5816358141831852        8.1652978158153395        2.7085525317302017     
   322.34393299999999        290.05918829703114        2.6857110788112591E-003  -12.422020394095826       -6.4456224177134374        7.9522589672635249        2.3629995579284460     
   297.15716600000002        290.03899252124006        2.6864967948799809E-003  -12.359719164568203       -6.2997039221014726        7.6972643306892383        2.0355716904498817     
   271.99560500000001        290.01089231941410        2.6871485074455850E-003  -12.281067682152431       -6.1425455203992465        7.3926454708658627        1.7261856844743528     
   246.86404400000001        289.97073706776769        2.6875680578685914E-003  -12.182662339788310       -5.9723218535774931        7.0347366658694526        1.4369610428270372     
   221.76879900000000        289.91142996416528        2.6875872199693808E-003  -12.059880170847180       -5.7865653856759307        6.6153613693241065        1.1687299089539394     
   196.71839900000001        289.82011276796112        2.6869046508381789E-003  -11.906156692444130       -5.5817617024935720        6.1297169043360569       0.92396888025290413     
   171.72468599999999        289.67187980682678        2.6849502318980470E-003  -11.711792221075726       -5.3527942722203203        5.5712939573528386       0.70486173775208172     
   146.80502300000001        289.41443631851024        2.6805749733496706E-003  -11.461654920050330       -5.0918535706256876        4.9362704791304823       0.51436655049550029     
   121.98595400000001        288.92773288990054        2.6713088713386439E-003  -11.130632082270322       -4.7864380669623010        4.2250739176900023       0.35595465374187935     
   97.311340299999998        287.91690261667196        2.6517119101454397E-003  -10.674183620647179       -4.4156542376316645        3.4497092469326667       0.23420112624347153     
   72.861091599999995        285.75802444954871        2.6127325599902365E-003  -10.010846823565211       -3.9455735554577664        2.6555507904399591       0.15820539617041934     
   48.804748500000002        282.86889123958605        2.5691539335950162E-003  -9.0226635233488928       -3.3446408087692157        1.9736388215157992       0.17445530527119477     
   25.613332700000001        281.98130989649354        2.5592069248889689E-003  -7.8517896447607827       -2.7502426732587644        1.6821672031127599       0.64537305480864104     
   10.000000000000000        281.06380267391967        2.5513036514749269E-003  -5.4058044379189001       -1.7190824051929534       0.76524449919822368       0.61482097444992412     
   1997.2254600000001        290.85577057807228        6.3215298973663399E-004  -9.3851588633354623       -10.800668563913085        6.1487581204076755E-002   1.8335388964264593E-004
   1971.7959000000001        290.81904658171629        6.5606460710147991E-004  -9.3719701560277109       -10.812691535940143        6.1487581204076755E-002   1.8335388964264593E-004
   1946.3670700000000        290.79047810217003        6.6583423546061197E-004  -9.3522440951751999       -10.832373284010465       0.16982373021747260        1.6147222857033244E-003
   1920.9388400000000        290.75771956533413        6.7347627450831202E-004  -9.3293491334703464       -10.857285527115417       0.23781637742618347        2.9152018618265173E-003
   1895.5111099999999        290.71224235817016        6.8194637877301242E-004  -9.3040554897548429       -10.887850131202274       0.28449649413674194        3.4441205930656176E-003
   1870.0839800000001        290.64700230509959        6.9660298111481607E-004  -9.2774971080952060       -10.924454379730070       0.31730196417862755        3.4627249716843765E-003
   1844.6575900000000        290.56766271120557        7.3626935155168165E-004  -9.2518472685005211       -10.966406077063700       0.34891697354697249        3.6889721823579508E-003
   1819.2318100000000        290.46686857255514        8.7321477760053602E-004  -9.2287084373633235       -11.014222839967012       0.37120660647516512        3.5887611294645569E-003
   1793.8067599999999        290.31856867089152        1.3646122894301611E-003  -9.2099674593199019       -11.069377055122091       0.37926488643239276        2.9759687746464007E-003
   1768.3824500000001        290.14356651003226        2.4964758130092764E-003  -9.1996509547540590       -11.129849353941454       0.39753332485225568        2.9199908920715025E-003
   1742.9588600000000        290.12948837665567        2.5987704899194143E-003  -9.2012290637684746       -11.172092861555797       0.63684946847635837        2.8573204276678123E-002
   1717.5362500000001        290.12628910671032        2.6245729036997929E-003  -9.2101439672119980       -11.206118220639077       0.87830420791281272       0.11973551747058647     
   1692.1140100000000        290.12507485392860        2.6352638991292763E-003  -9.2245132812826665       -11.234989843470736        1.1389808008073923       0.32614318224546507     
   1666.6927499999999        290.12447242706389        2.6409036851414978E-003  -9.2430965148184914       -11.259905521592708        1.4302549416951014       0.69227935741367097     
   1641.2723400000000        290.12411159542279        2.6443988891827639E-003  -9.2650537722849382       -11.281610367106046        1.7453256589897490        1.2145807974835643     
   1615.8527799999999        290.12386165268401        2.6468421278992744E-003  -9.2898533318472847       -11.300640781506891        2.0735385333945233        1.8422054449481582     
   1590.4340800000000        290.12366849853117        2.6487048097045807E-003  -9.3171585890732995       -11.317374260969357        2.4072757144403769        2.5182209608092934     
   1565.0162399999999        290.12350649867432        2.6502146525920855E-003  -9.3467493079306649       -11.332070220128116        2.7418833265997953        3.2012556816580529     
   1539.5992400000000        290.12336195326890        2.6514929416734377E-003  -9.3784738117201343       -11.344902975297499        3.0747539574501137        3.8669173847412801     
   1514.1834699999999        290.12322671058405        2.6526098139886302E-003  -9.4122214006902052       -11.355986090320410        3.4044834393582057        4.5026776697367747     
   1488.7685500000000        290.12309543868616        2.6536086039809260E-003  -9.4479044454243830       -11.365388629060890        3.7305613414132011        5.1034407290726396     
   1463.3546100000001        290.12296433479639        2.6545176186828575E-003  -9.4854482681958920       -11.373147080393789        4.0528588753068213        5.6679157924075678     
   1437.9417699999999        290.12283046753356        2.6553562244806938E-003  -9.5247849518324621       -11.379273715994945        4.3714321215137764        6.1966507925364507     
   1412.5300299999999        290.12269141651382        2.6561381978774611E-003  -9.5658496187296542       -11.383762549592676        4.6864201642592134        6.6909672651013699     
   1387.1193800000001        290.12254506178556        2.6568736695516864E-003  -9.6085780511992400       -11.386593575782440        4.9979548686814255        7.1523432214239202     
   1361.7099599999999        290.12238945085568        2.6575703141770600E-003  -9.6529054974021200       -11.387735986015606        5.3060725113082201        7.5820302700706650     
   1336.3018800000000        290.12222270833740        2.6582341061356413E-003  -9.6987663610808621       -11.387150449722325        5.6106943901942179        7.9809308916928483     
   1310.8949000000000        290.12204297689919        2.6588697876888476E-003  -9.7460928455496312       -11.384790755871350        5.9117740238003655        8.3498549803168078     
   1285.4893800000000        290.12184836210349        2.6594812204966093E-003  -9.7948157068744006       -11.380605098473827        6.2090136816150903        8.6889957056226930     
   1260.0852100000000        290.12163689363092        2.6600715996755457E-003  -9.8448635234158530       -11.374536989598846        6.5021405701238368        8.9984737193983744     
   1234.6824999999999        290.12140648364959        2.6606436230358897E-003  -9.8961631729803621       -11.366525814581371        6.7907492746392091        9.2780741073121558     
   1209.2811300000001        290.12115489242217        2.6611995972065147E-003  -9.9486390120267121       -11.356507451064283        7.0744359793658553        9.5275211967048428     
   1183.8813500000001        290.12087968642390        2.6617415303522404E-003  -10.002213368415100       -11.344414452653094        7.3526610082294193        9.7462722219875442     
   1158.4832799999999        290.12057819409387        2.6622711989298282E-003  -10.056806542085088       -11.330176224633231        7.6248274148270383        9.9336766669815120     
   1133.0869100000000        290.12024745930563        2.6627901931809933E-003  -10.112336625970848       -11.313719033191086        7.8903426187355814        10.089126773261784     
   1107.6922600000000        290.11988420064773        2.6632999357694182E-003  -10.168717520787915       -11.294966555533053        8.1487182835074723        10.212248785510191     
   1082.3005400000000        290.11948469753014        2.6638017851674770E-003  -10.225864859558232       -11.273837899242476        8.3986919545016505        10.301412423902663     
   1056.9097899999999        290.11904478377829        2.6642969604061227E-003  -10.283688148786606       -11.250249605635489        8.6402130178160785        10.357182383391962     
   1031.5210000000000        290.11855971847979        2.6647866190292356E-003  -10.342094494161019       -11.224114209464055        8.8722892325032188        10.378628418522419     
   1006.1343400000000        290.11802409169599        2.6652718610454336E-003  -10.400987192225587       -11.195340275784197        9.0940777645846804        10.365247035191706     
   980.75000000000000        290.11743169307903        2.6657537461253242E-003  -10.460266071346153       -11.163831639075278        9.3048089818349755        10.316835607409434     
   955.36804199999995        290.11677536004771        2.6662333028304643E-003  -10.519826755440889       -11.129486930386182        9.5036912605407018        10.233356032354683     
   929.98846400000002        290.11604679834772        2.6667115330988333E-003  -10.579559420805969       -11.092199362533057        9.6899774806777774        10.115049336510566     
   904.61157200000002        290.11523634504198        2.6671894274368987E-003  -10.639348825005898       -11.051855671914078        9.8627990435308277        9.9622146654598147     
   879.23742700000003        290.11433269783566        2.6676679653513530E-003  -10.699072862225220       -11.008335682415307        10.021393788657292        9.7755679850385171     
   853.86627199999998        290.11332256408082        2.6681481236339112E-003  -10.758601988746006       -10.961511386083654        10.164955436053290        9.5560290621408193     
   828.49829099999999        290.11219022533896        2.6686308817295292E-003  -10.817798189555383       -10.911245695799932        10.292671691531506        9.3047930958744125     
   803.13348399999995        290.11091702677152        2.6691172110693880E-003  -10.876512799369415       -10.857392277720363        10.403895179039406        9.0235827096767309     
   777.77227800000003        290.10948067625600        2.6696080857267716E-003  -10.934585792833033       -10.799793681109252        10.497808750186115        8.7141641361740767     
   752.41485599999999        290.10785439923319        2.6701044735185455E-003  -10.991843807411499       -10.738280127289469        10.573706558640984        8.3787571750822440     
   727.06133999999997        290.10600587239202        2.6706073204652296E-003  -11.048097615074242       -10.672668546072927        10.630989421341653        8.0199947841652133     
   701.71209699999997        290.10389583170064        2.6711175374845787E-003  -11.103139826030874       -10.602760867253869        10.669013100014840        7.6407098885073674     
   676.36755400000004        290.10147624719053        2.6716359845547536E-003  -11.156742524945322       -10.528341517878923        10.687100201488962        7.2439262110716109     
   651.02789299999995        290.09868804778824        2.6721634219268276E-003  -11.208653224369591       -10.449176165529158        10.684779022530982        6.8331293966597517     
   625.69360400000005        290.09545802351488        2.6727004695106440E-003  -11.258591353554214       -10.365008614770201        10.661468012507886        6.4118203647866583     
   600.36511199999995        290.09169477488484        2.6732475356269370E-003  -11.306243551667682       -10.275557732508769        10.616647007778203        5.9836824298934985     
   575.04284700000005        290.08728333172400        2.6738047128248401E-003  -11.351257823044342       -10.180514420547716        10.549809673024866        5.5524769598794101     
   549.72741699999995        290.08207773006171        2.6743716528479667E-003  -11.393237388255605       -10.079535812591962        10.460497117534331        5.1219697393479056     
   524.41943400000002        290.07589113702028        2.6749473565944289E-003  -11.431731367810205       -9.9722425101672236        10.347892011651538        4.6956123846948641     
   499.11962899999997        290.06848127850014        2.6755299616704280E-003  -11.466227496345397       -9.8582031940305459        10.212135124768871        4.2773424080166906     
   473.82891799999999        290.05953255437595        2.6761162276350932E-003  -11.496132339745627       -9.7369495225286649        10.050350211444790        3.8690358585837985     
   448.54824800000000        290.04862106301471        2.6767014144421816E-003  -11.520772573868118       -9.6078905713163518        9.8674090578685831        3.4767594606472585     
   423.27871699999997        290.03519386464308        2.6772774370751899E-003  -11.539334544551981       -9.4705074422315345        9.6469064179106745        3.0950027913232776     
   398.02175899999997        290.01843968187666        2.6778344639571149E-003  -11.550913635464090       -9.3237395650195065        9.4269997445585112        2.7448284805117051     
   372.77890000000002        289.99739415443383        2.6783528254983526E-003  -11.554353932652868       -9.1675485787710667        9.1078720516557468        2.3841105486075462     
   347.55215500000003        289.97019598998492        2.6788142101233214E-003  -11.548283084988304       -8.9987555914863826        8.9186689482123906        2.1090397050468628     
   322.34393299999999        289.93545547389886        2.6791710968327711E-003  -11.531369723682284       -8.8209890446639125        8.3485804373412353        1.7284473244173209     
   297.15716600000002        289.88770976342107        2.6793813645934117E-003  -11.500208709126213       -8.6220139888741638        8.4231816748303228        1.5998689990521733     
   271.99560500000001        289.82621100952429        2.6793502349352926E-003  -11.455800498167132       -8.4198615616779531        7.2802668011600735        1.1342306837919995     
   246.86404400000001        289.73409752935078        2.6789198405394099E-003  -11.386401141835480       -8.1779501906801944        7.8836549809518228        1.1901869069413504     
   221.76879900000000        289.61107689028159        2.6779421286292219E-003  -11.302029252398313       -7.9413386977143716        6.1342746999057729       0.68991177481056187     
   196.71839900000001        289.41247405134362        2.6758664979634433E-003  -11.173999882858062       -7.6451827373193755        6.8003190140054608       0.76389869783037512     
   171.72468599999999        289.11254032842481        2.6722164001708256E-003  -11.019100142245348       -7.3435996109058266        5.2001541499062220       0.42265437536111539     
   146.80502300000001        288.59132293138839        2.6653964003217731E-003  -10.795454226090134       -6.9728326973045824        5.1239101540734842       0.38225212512962753     
   121.98595400000001        287.65994930933033        2.6530946174354512E-003  -10.499221248420167       -6.5522090222962373        4.1039540920443125       0.23678728398045881     
   97.311340299999998        285.89077536431648        2.6309588657940819E-003  -10.074476499967949       -6.0345837740104793        3.4507491436725615       0.17316145668715263     
   72.861091599999995        282.98656655465226        2.5989888218289747E-003  -9.4632349821433639       -5.3981027935247798        2.7150390359946273       0.14067884456679094     
   48.804748500000002        280.94505057027004        2.5808804430303093E-003  -8.6085532389248680       -4.6458490064371212        2.2006443582910937       0.25959695501704572     
   25.613332700000001        280.27746076160861        2.5762711256008047E-003  -7.5540430749244933       -3.8754597836689144        1.8330097533148249       0.82763425744600527     
   10.000000000000000        279.49369532126849        2.5719082015459608E-003  -5.2484348487026864       -2.4697291217626147       0.80923351805250610       0.67461883151034052     
   1997.2254600000001        290.85550511058665        6.3232534461967458E-004  -6.0849780757008940       -12.493214799095135        7.9857420601402870E-002   3.1198149118796326E-004
   1971.7959000000001        290.81877978326395        6.5611472193994659E-004  -6.0790320316036404       -12.473714237539692        7.9857420601402870E-002   3.1198149118796326E-004
   1946.3670700000000        290.79016610359969        6.6586378460101452E-004  -6.0671230640085971       -12.449010147662339       0.16451857689475560        1.5117619390562415E-003
   1920.9388400000000        290.75737890430122        6.7350746220298948E-004  -6.0509705206217479       -12.423973219996212       0.18575897651796308        1.7549115204371440E-003
   1895.5111099999999        290.71188999240394        6.8206996833408663E-004  -6.0307514721178377       -12.400144804232037       0.17892204094628877        1.3306942347409943E-003
   1870.0839800000001        290.64669525012675        6.9715406798816053E-004  -6.0069615653257840       -12.379391455805731       0.15758297586595840        8.2715207759704776E-004
   1844.6575900000000        290.56733234288214        7.3820815001914301E-004  -5.9812105124660659       -12.364523548458802       0.13069711598088646        4.9596233001741397E-004
   1819.2318100000000        290.46635865313635        8.7890887223860791E-004  -5.9567948306737097       -12.360499861229183        9.8270129006487378E-002   2.8519771975814886E-004
   1793.8067599999999        290.31775774428598        1.3777977648800682E-003  -5.9514728344150436       -12.379643104360060        8.0880937314372389E-002   2.3409597117014956E-004
   1768.3824500000001        290.14287981436723        2.5041981859194842E-003  -5.9879692050373965       -12.407916977822598       0.22812489032591762        9.4025241282562344E-004
   1742.9588600000000        290.12768175463941        2.6143748554658874E-003  -6.0286917959988839       -12.420969733147473       0.62906838394333886        2.6729847446781231E-002
   1717.5362500000001        290.12444446615984        2.6366376024278210E-003  -6.0689168820445829       -12.428270900369396        1.1501006339730200       0.20704591396480024     
   1692.1140100000000        290.12342816841362        2.6426284425661558E-003  -6.1082056691637074       -12.432628234880514        1.7470639647152515       0.82037306918137620     
   1666.6927499999999        290.12281588375174        2.6457037070674893E-003  -6.1488605502376465       -12.435434167878102        2.2688683383237231        1.6121800906326846     
   1641.2723400000000        290.12233350143697        2.6477758331216630E-003  -6.1915776897518437       -12.437170917943837        2.7382346469269891        2.3959282063373957     
   1615.8527799999999        290.12190535724221        2.6493595289449204E-003  -6.2365255298234272       -12.438040938276144        3.1746441104893610        3.1338947793861109     
   1590.4340800000000        290.12150114231588        2.6506568334845391E-003  -6.2837064772269970       -12.438135350660234        3.5881775270379941        3.8227482331681477     
   1565.0162399999999        290.12110575817098        2.6517660636333090E-003  -6.3330610368805527       -12.437490616557737        3.9846359855270217        4.4663925569105620     
   1539.5992400000000        290.12071050222869        2.6527420827767339E-003  -6.3845040974372251       -12.436113023353183        4.3676395753851303        5.0695379085128778     
   1514.1834699999999        290.12030976231301        2.6536185893408244E-003  -6.4379414856549664       -12.433991068131238        4.7394046341289808        5.6359194713286573     
   1488.7685500000000        290.11989959263173        2.6544177424741647E-003  -6.4932753495693740       -12.431102365678218        5.1014901753150657        6.1685601969796338     
   1463.3546100000001        290.11947699346268        2.6551549192585819E-003  -6.5504078289220056       -12.427417841497567        5.4548353345096885        6.6694741429162177     
   1437.9417699999999        290.11903952403259        2.6558412516259618E-003  -6.6092427206437181       -12.422904380187958        5.7999704387403295        7.1399215149817339     
   1412.5300299999999        290.11858507858960        2.6564850765102401E-003  -6.6696862692453980       -12.417526508370907        6.1371800878869758        7.5806725995212636     
   1387.1193800000001        290.11811174737352        2.6570928149379108E-003  -6.7316472436067576       -12.411247530792535        6.4665472816772054        7.9920868380548029     
   1361.7099599999999        290.11761772027052        2.6576695356438922E-003  -6.7950372920727338       -12.404030278874547        6.7879538669971202        8.3741332200213670     
   1336.3018800000000        290.11710121338251        2.6582193309777524E-003  -6.8597716055577926       -12.395837443055379        7.1011099417797716        8.7264586510457658     
   1310.8949000000000        290.11656043346380        2.6587455503539713E-003  -6.9257674781264056       -12.386632014034001        7.4057650682890168        9.0487816311363662     
   1285.4893800000000        290.11599351710032        2.6592509968486771E-003  -6.9929457589736526       -12.376377246726165        7.7013707788473118        9.3403131241511570     
   1260.0852100000000        290.11539850462026        2.6597380417546228E-003  -7.0612298689248538       -12.365036722782008        7.9874311501490673        9.6003923934204405     
   1234.6824999999999        290.11477329530805        2.6602087251159394E-003  -7.1305465188504282       -12.352574165868363        8.2633049537985439        9.8281562725800438     
   1209.2811300000001        290.11411562329567        2.6606648156357782E-003  -7.2008245639363597       -12.338953433025953        8.5283771293059587        10.022850810281072     
   1183.8813500000001        290.11342300904465        2.6611078719295795E-003  -7.2719956670523773       -12.324138159598723        8.7818617022577978        10.183507966993467     
   1158.4832799999999        290.11269271626776        2.6615392835156052E-003  -7.3439943466438500       -12.308091461125393        9.0229326783423929        10.309189502227666     
   1133.0869100000000        290.11192170708227        2.6619603005530977E-003  -7.4167577171065986       -12.290775543088813        9.2507637329022590        10.399067046393824     
   1107.6922600000000        290.11110662155767        2.6623720418116393E-003  -7.4902229451511460       -12.272151895473074        9.4646597206612597        10.452656098539796     
   1082.3005400000000        290.11024358566192        2.6627755807539406E-003  -7.5643352678141103       -12.252178894656060        9.6629994321514374        10.468079411604315     
   1056.9097899999999        290.10932830899452        2.6631718717647071E-003  -7.6390375665297503       -12.230813589853975        9.8455975735098225        10.445985020102089     
   1031.5210000000000        290.10835588441614        2.6635618183379101E-003  -7.7142756617428931       -12.208009874463444        10.011138176593374        10.385331246594504     
   1006.1343400000000        290.10732070090825        2.6639462724618911E-003  -7.7899967427648598       -12.183718120688052        10.158488101172255        10.285585642980724     
   980.75000000000000        290.10621629432745        2.6643260466404106E-003  -7.8661500688075261       -12.157884078760233        10.286580826284773        10.146529946112139     
   955.36804199999995        290.10503517408858        2.6647019199731925E-003  -7.9426864227155729       -12.130448015287591        10.394307072723514        9.9681056824373631     
   929.98846400000002        290.10376861835647        2.6650746385694520E-003  -8.0195569760273795       -12.101343859606574        10.480606825409218        9.7505698518544044     
   904.61157200000002        290.10240636369031        2.6654449283163434E-003  -8.0967138775872982       -12.070497639711881        10.544240386756977        9.4941618857646866     
   879.23742700000003        290.10093625883832        2.6658134904527929E-003  -8.1741091305345783       -12.037826236735018        10.584092319000991        9.1995874836656881     
   853.86627199999998        290.09934375700288        2.6661810073900227E-003  -8.2516945374179365       -12.003235404473665        10.598951437305836        8.8676796785207657     
   828.49829099999999        290.09761124071821        2.6665481438133800E-003  -8.3294215023322238       -11.966617385423307        10.587574290377340        8.4995140653825025     
   803.13348399999995        290.09571713750444        2.6669155355758633E-003  -8.4072393388598226       -11.927848739605173        10.548840814542507        8.0966090568251108     
   777.77227800000003        290.09363453704066        2.6672837993696346E-003  -8.4850960228866565       -11.886786257236666        10.481357823933070        7.6603566566467514     
   752.41485599999999        290.09132921479255        2.6676535313838456E-003  -8.5629378581045543       -11.843262377020347        10.383701674206847        7.1923336870770447     
   727.06133999999997        290.08875654789881        2.6680253163442981E-003  -8.6407097329574345       -11.797078869798968        10.254368490317361        6.6941355037117249     
   701.71209699999997        290.08585629147882        2.6683997830243339E-003  -8.7183589102059766       -11.747996321094211        10.091603088896409        6.1669604985073239     
   676.36755400000004        290.08254353015616        2.6687777150400365E-003  -8.7958386640898372       -11.695720214968977        9.8924100056670650        5.6104895501647531     
   651.02789299999995        290.07869266340282        2.6691602130065896E-003  -8.8730997952575983       -11.639890961503367        9.6494262308122938        5.0203901812431049     
   625.69360400000005        290.07410344158922        2.6695492552026175E-003  -8.9501023655664476       -11.580053485754426        9.3506190755323857        4.3886396604717666     
   600.36511199999995        290.06838586476084        2.6699514495866798E-003  -9.0272090435030172       -11.515289085341450        9.0287121837866753        3.7328889054063219     
   575.04284700000005        290.06058431020170        2.6703883486439298E-003  -9.1058316573266307       -11.443463804628806        8.7517483268140062        3.0626602207794185     
   549.72741699999995        290.04841674002836        2.6709044822605449E-003  -9.1854030193572509       -11.363923338303884        8.0077342338738973        2.0967458577350579     
   524.41943400000002        290.02863270088216        2.6715315228184153E-003  -9.2518455334880692       -11.290967906796023        5.1101131417929357       0.66824923382028789     
   499.11962899999997        289.98138590499661        2.6725180159710080E-003  -9.3937976367980252       -11.114099240386409        15.720397634698241        4.1792009587527934     
   473.82891799999999        289.96705188827104        2.6727370007939852E-003  -9.4267740526562029       -11.068286002727472        1.9855473548500444       0.11609037202366770     
   448.54824800000000        289.90490232775375        2.6733555380420385E-003  -9.6028909245295822       -10.784603436853651        26.266522386327058        10.198276824553430     
   423.27871699999997        289.89017624251073        2.6734450554988655E-003  -9.6267775680013923       -10.740284409574738        1.4744472001393369        6.4857462419913733E-002
   398.02175899999997        289.80386954486102        2.6736681493650825E-003  -9.7875164497878941       -10.378844020174707        28.725090189706549        10.925957837687708     
   372.77890000000002        289.78346614417069        2.6736666927147652E-003  -9.8060118854441143       -10.328455312263113        1.3072671439410899        4.5672773591168191E-002
   347.55215500000003        289.66583369993896        2.6733854199898150E-003  -9.9261750476319310       -9.8927010679423830        28.867805284955601        10.296288517031197     
   322.34393299999999        289.63659396098967        2.6732628759278819E-003  -9.9381040551098199       -9.8333681348598887        1.2268553192088423        3.6723088519397942E-002
   297.15716600000002        289.48026441769503        2.6723720044495559E-003  -9.9945670662243060       -9.3257995125210389        27.623979869692903        9.2230056579787121     
   271.99560500000001        289.43743735966922        2.6720767925121924E-003  -9.9972240562336943       -9.2536608740721817        1.2117781373333312        3.3956583706079249E-002
   246.86404400000001        289.23392233798910        2.6704806988450359E-003  -9.9667419136899902       -8.6853193640595414        24.635055066467771        7.6273688795372259     
   221.76879900000000        289.16666144851183        2.6699016691827822E-003  -9.9545092814676384       -8.5923115355213788        1.2774657537965226        3.7018791646772041E-002
   196.71839900000001        288.89938249630529        2.6674511764427531E-003  -9.8183198020156102       -7.9881263358520567        19.356918010759788        5.2878472933372835     
   171.72468599999999        288.76572883208644        2.6661659118196361E-003  -9.7754856440663538       -7.8510692256811714        1.4900548306675039        4.8833580868609193E-002
   146.80502300000001        288.32621776456199        2.6618256031732475E-003  -9.5300597531689863       -7.2560039026938856        11.236942037924996        2.0569451271021082     
   121.98595400000001        287.41239030550412        2.6526769233567995E-003  -9.3693202754549745       -6.9471303807875886        1.9943819194185932        5.3453831293421690E-002
   97.311340299999998        284.49267908975901        2.6242959969608372E-003  -8.9561188683029140       -6.2957372830962033        3.6150628008705645       0.14544993753097821     
   72.861091599999995        281.05002956989620        2.5941925885490246E-003  -8.4545289874773868       -5.6508600946003469        2.1808257577950441        8.1222286376366970E-002
   48.804748500000002        279.22944667734305        2.5800157620568145E-003  -7.7231770998063833       -4.8771336870629405        2.0363180565854089       0.23447420161995072     
   25.613332700000001        278.60696202210926        2.5755296539940798E-003  -6.7989108710576449       -4.0812372972676592        1.6705397765372139       0.72287679755365253     
   10.000000000000000        277.87675583294799        2.5704903738148627E-003  -4.7443259613081867       -2.6168868847073834       0.74530582689012648       0.61305677497065736     
   1997.2254600000001        290.85387368508532        6.3336407529402208E-004  -2.1777765633680275       -11.706468188204335       0.19764582347770074        1.9777542363560493E-003
   1971.7959000000001        290.81682644218046        6.5653021106682136E-004  -2.1860990114469967       -11.675054706924877       0.19764582347770074        1.9777542363560493E-003
   1946.3670700000000        290.78866764579470        6.6592955161577324E-004  -2.2014456246591529       -11.630786442926391       0.46547115275327022        1.2986884719850520E-002
   1920.9388400000000        290.75634911482939        6.7353028404936680E-004  -2.2238874691240915       -11.581376483949304       0.59303978923970124        1.9355002166075753E-002
   1895.5111099999999        290.71127212888933        6.8248143331397387E-004  -2.2565279188963032       -11.529320834092189       0.66235757823796548        1.9781579997220553E-002
   1870.0839800000001        290.64618115415027        6.9925865660540234E-004  -2.3027936283201695       -11.478479922609512       0.71166996592132881        1.8317556159381264E-002
   1844.6575900000000        290.56562864441048        7.4697292198180139E-004  -2.3633125746833805       -11.434083090277467       0.78295436549021802        1.9344137887533357E-002
   1819.2318100000000        290.46109675764717        9.1436946226353122E-004  -2.4378407994064810       -11.397624448347019       0.86293605958075070        1.9990767031930999E-002
   1793.8067599999999        290.30827322936426        1.4755348133190268E-003  -2.5264849317323308       -11.367438623630425       0.93705340356667244        1.8802500025239127E-002
   1768.3824500000001        290.14048938864096        2.5203991307734971E-003  -2.6239854942837657       -11.341790233404661        1.0602010953668359        2.2423798945818418E-002
   1742.9588600000000        290.12613626724067        2.6062974210749341E-003  -2.6951320962056711       -11.324950974466971        1.7533908869552581       0.23107749354723719     
   1717.5362500000001        290.12280588432145        2.6245392936697374E-003  -2.7559178382203919       -11.311396291588347        2.4175572047847314       0.90664471646563494     
   1692.1140100000000        290.12112070229017        2.6328013920961118E-003  -2.8139546668932405       -11.299104471079399        2.9348794798747573        1.7410175847168747     
   1666.6927499999999        290.11996583534511        2.6378045455629938E-003  -2.8715141772637485       -11.287511399445519        3.3807977685796602        2.5593251359260902     
   1641.2723400000000        290.11904894190070        2.6412897913678777E-003  -2.9295021251066395       -11.276408684847961        3.7858016895700746        3.3191003666736094     
   1615.8527799999999        290.11825764391415        2.6439208023189970E-003  -2.9883395584990340       -11.265703817060741        4.1632186150700718        4.0142714615450235     
   1590.4340800000000        290.11753836765422        2.6460119996596777E-003  -3.0482303086896385       -11.255348463867801        4.5200705557757477        4.6488650663702593     
   1565.0162399999999        290.11686177755649        2.6477345700737375E-003  -3.1092666600091157       -11.245311637164329        4.8605625278072804        5.2291557720082880     
   1539.5992400000000        290.11621016015550        2.6491911387269492E-003  -3.1714781119289377       -11.235568468439945        5.1874404057574139        5.7612125192215853     
   1514.1834699999999        290.11557195640279        2.6504477877363933E-003  -3.2348592309041377       -11.226094949354035        5.5024130463791270        6.2498767791123946     
   1488.7685500000000        290.11493915369465        2.6515493725090935E-003  -3.2993826843387319       -11.216865887892478        5.8067743580285764        6.6992020496022020     
   1463.3546100000001        290.11430587164307        2.6525276637790265E-003  -3.3650087421688646       -11.207854024218530        6.1013170616169328        7.1121116242744309     
   1437.9417699999999        290.11366755819324        2.6534059408009165E-003  -3.4316909675676888       -11.199029770954857        6.3865012400015821        7.4906503482922835     
   1412.5300299999999        290.11302050368022        2.6542017355213631E-003  -3.4993797968656430       -11.190361220755111        6.6625872701447166        7.8362422101800071     
   1387.1193800000001        290.11236153111724        2.6549285526400604E-003  -3.5680246192231029       -11.181814439360098        6.9296698181246610        8.1497980534251528     
   1361.7099599999999        290.11168777785042        2.6555970026224847E-003  -3.6375755956119691       -11.173353609026130        7.1876511991913450        8.4317108562968563     
   1336.3018800000000        290.11099653176740        2.6562155701440036E-003  -3.7079854471341194       -11.164941179588073        7.4362669558894572        8.6819408168289733     
   1310.8949000000000        290.11028513452214        2.6567911202356217E-003  -3.7792086659888615       -11.156538177455325        7.6753080706828936        8.9004424482562072     
   1285.4893800000000        290.10955085425036        2.6573292999038586E-003  -3.8512037473861649       -11.148104167750951        7.9042501935010501        9.0865455941622120     
   1260.0852100000000        290.10879081031823        2.6578347984431124E-003  -3.9239326322454606       -11.139597345562459        8.1226239054831364        9.2396249874200524     
   1234.6824999999999        290.10800187056640        2.6583115601979744E-003  -3.9973619426997211       -11.130974461231478        8.3297999483502085        9.3587522950909641     
   1209.2811300000001        290.10718057119101        2.6587629288816767E-003  -4.0714622079532852       -11.122190833431166        8.5251656263187172        9.4430156480531817     
   1183.8813500000001        290.10632299398895        2.6591917761060783E-003  -4.1462090524732753       -11.113200101212609        8.7079168316783182        9.4911868640170152     
   1158.4832799999999        290.10542463433359        2.6596005958575398E-003  -4.2215837358558712       -11.103953939910443        8.8771802945366147        9.5019435237919190     
   1133.0869100000000        290.10448024622093        2.6599915768139321E-003  -4.2975735073646222       -11.094401774284060        9.0320584759475153        9.4739660726642612     
   1107.6922600000000        290.10348368159572        2.6603666486175299E-003  -4.3741696418263443       -11.084490603938743        9.1717357399152508        9.4061174438881761     
   1082.3005400000000        290.10242745981947        2.6607275984903756E-003  -4.4513768162185308       -11.074163489154946        9.2944330477073382        9.2957844501885134     
   1056.9097899999999        290.10130264110654        2.6610760307792941E-003  -4.5292032284930643       -11.063359995180418        9.3997149744196893        9.1425989113633150     
   1031.5210000000000        290.10009819879059        2.6614134664919645E-003  -4.6076677281925473       -11.052014764615990        9.4859400047107059        8.9443847350865635     
   1006.1343400000000        290.09880037447687        2.6617413792698751E-003  -4.6868001183842125       -11.040056473657151        9.5515308258379488        8.6992447635361732     
   980.75000000000000        290.09739169403679        2.6620612507325734E-003  -4.7666444877414067       -11.027406241928626        9.5948107530950804        8.4053268569255106     
   955.36804199999995        290.09584953003093        2.6623746362641810E-003  -4.8472622294820944       -11.013975721349201        9.6138358765197882        8.0606324792677544     
   929.98846400000002        290.09414393049860        2.6626832514597774E-003  -4.9287358876400562       -10.999664614156169        9.6063930148533192        7.6631030167707745     
   904.61157200000002        290.09223410682353        2.6629891147567589E-003  -5.0111768165861124       -10.984356951384409        9.5696014319022957        7.2102058462146115     
   879.23742700000003        290.09006267479248        2.6632947610295541E-003  -5.0947351575162259       -10.967915962964508        9.5000417032100852        6.6993232423372602     
   853.86627199999998        290.08754522670449        2.6636036508896599E-003  -5.1796223757896147       -10.950175095016979        9.3938396500942574        6.1278774021605660     
   828.49829099999999        290.08455158904133        2.6639208168691940E-003  -5.2661228414157835       -10.930928920207670        9.2428537409593616        5.4902769197046304     
   803.13348399999995        290.08087131970223        2.6642538718645659E-003  -5.3545522287318876       -10.909933795041630        9.0246292824863765        4.7723366923168049     
   777.77227800000003        290.07607568704839        2.6646199688717385E-003  -5.4460969523435576       -10.886688159498867        8.8023739459890713        4.0226421154550254     
   752.41485599999999        290.06909516896474        2.6650637414591346E-003  -5.5437507006147833       -10.860115489836714        8.6647680087004417        3.2645370407557168     
   727.06133999999997        290.06027828432451        2.6655343896169162E-003  -5.6285589985420676       -10.835305702749855        6.2422791158017130        1.5209849453562310     
   701.71209699999997        290.03916164442063        2.6664299473112200E-003  -5.7886540975287897       -10.784696797719587        13.884685705318347        4.7626430251085363     
   676.36755400000004        290.03169286260612        2.6666972351289987E-003  -5.8414855344489549       -10.766498506698111        2.9072008737219615       0.34593878753119622     
   651.02789299999995        290.00112074202906        2.6675839753288557E-003  -6.0743441452725619       -10.679800469313443        23.777159811967167        11.056468750988383     
   625.69360400000005        289.99452302103180        2.6677419567703339E-003  -6.1157055637116384       -10.662801467133775        2.0082894298805942       0.17113057964188069     
   600.36511199999995        289.95336256696447        2.6685289037950825E-003  -6.3864876719380606       -10.541716528918682        28.469356823823695        13.525225391819799     
   575.04284700000005        289.94541498698783        2.6686506366068860E-003  -6.4248600139540564       -10.522656162359931        1.6739051149442512       0.10659511108938333     
   549.72741699999995        289.89173533282133        2.6692823321535180E-003  -6.7162713349129515       -10.363350527825423        30.506964392467292        13.776322559655011     
   524.41943400000002        289.88149738209535        2.6693734378845984E-003  -6.7532676577481876       -10.340779233493011        1.4774883421342944        7.2962366763210371E-002
   499.11962899999997        289.81335769040510        2.6698003169750009E-003  -7.0536486401866965       -10.136531862835813        31.248650364090036        13.186458235226350     
   473.82891799999999        289.79991095918820        2.6698552761159171E-003  -7.0895961238557357       -10.109090083839106        1.3477770404303653        5.3717009913471614E-002
   448.54824800000000        289.71552558745725        2.6700341846062009E-003  -7.3858449573901801       -9.8532180729156327        30.924258730825567        12.112586106179196     
   423.27871699999997        289.69770596701642        2.6700423394362591E-003  -7.4205368086922787       -9.8192331185878317        1.2663073814464754        4.2651685164304266E-002
   398.02175899999997        289.59559691813536        2.6699382209698272E-003  -7.6966927246794068       -9.5065505304419222        29.603618177529764        10.733575418671666     
   372.77890000000002        289.57184810469005        2.6698836996610765E-003  -7.7293506258356546       -9.4637830715863345        1.2274321932297954        3.6913088894650267E-002
   347.55215500000003        289.45084984404969        2.6694708202287041E-003  -7.9663071106856842       -9.0919429998292358        27.350414964253211        9.1771109073536223     
   322.34393299999999        289.41893388169183        2.6693304918872199E-003  -7.9952855713021762       -9.0371562062530923        1.2338378303526698        3.5434164174259132E-002
   297.15716600000002        289.27769592882913        2.6685892918360413E-003  -8.1710470357990399       -8.6081902397570076        24.223785052536773        7.5189343340851948     
   271.99560500000001        289.23373899362372        2.6683250303215543E-003  -8.1931434255248234       -8.5361319878273694        1.2991745225029787        3.8677793269838279E-002
   246.86404400000001        289.06850579022870        2.6672232896684479E-003  -8.2840354076460265       -8.0585210540703951        20.215213427826360        5.7461502181204196     
   221.76879900000000        289.00262724946543        2.6667447997383836E-003  -8.2926628654839796       -7.9586741766058129        1.4599228150322159        4.9381001939237473E-002
   196.71839900000001        288.79579307651699        2.6651379826634529E-003  -8.2770575358690035       -7.4508540940156678        15.059451756198852        3.6682653136666832     
   171.72468599999999        288.65674094458132        2.6639947294821590E-003  -8.2543404719163771       -7.2912000278353188        1.8202590372738623        7.2435959803693870E-002
   146.80502300000001        288.22842757660533        2.6603250910176490E-003  -8.1194626170082582       -6.7751119526474994        8.1093821825205108        1.0832890624811717     
   121.98595400000001        286.97413426349948        2.6492847207434567E-003  -7.9700462440116082       -6.3930277080591162        2.3607765402753222        6.3948343523016538E-002
   97.311340299999998        283.43861811091318        2.6189803902386621E-003  -7.6276228123756882       -5.7396655917325603        3.0544717783108553        9.2326278367563172E-002
   72.861091599999995        279.58487750626949        2.5966040419705214E-003  -7.1444158443305446       -5.0319781644935118        2.2658486329090932        8.2555954808252646E-002
   48.804748500000002        278.49493383371822        2.6155721454926956E-003  -6.4837674166984325       -4.2671964669143616        2.2678379685266310       0.37577180103285546     
   25.613332700000001        278.53151668085326        2.6241473016711796E-003  -5.8899235465767967       -3.7199091063585965        2.7710694486219123        2.8477211784228342     
   10.000000000000000        278.98819286663849        2.6596849625131181E-003  -4.2319754815808839       -2.4648789261748218       0.96080610324453419       0.96829032947228588     
