   1997.2254600000001        290.88517274659733        6.0241116399999996E-004  0.19459228934654491        1.3191221656492147        1.0000000000000000E-004   1.0000000000000000E-004
   1971.7959000000001        290.86367604898851        6.2780769100000003E-004   9.6481916170293031E-002   1.3514649275977997        1.0000000000000000E-004   1.0000000000000000E-004
   1946.3670700000000        290.84232364203353        6.5320351899999997E-004  -1.6183991340787546E-003   1.3838549651977152        1.0000000000000000E-004   1.0000000000000000E-004
   1920.9388400000000        290.82154846522207        6.7859870599999998E-004  -9.9709135140046520E-002   1.4162922504464595        1.0000000000000000E-004   1.0000000000000000E-004
   1895.5111099999999        290.79142706002790        6.9951033199999995E-004 -0.20618003976312940        1.4414314717217394        1.0000000000000000E-004   1.0000000000000000E-004
   1870.0839800000001        290.71698655706905        6.9951033199999995E-004 -0.35177289575703130        1.4323553552790815        1.0000000000000000E-004   1.0000000000000000E-004
   1844.6575900000000        290.64261370762114        6.9951033199999995E-004 -0.49735426166090124        1.4233275845976856        1.0000000000000000E-004   1.0000000000000000E-004
   1819.2318100000000        290.56837574323168        6.9951033199999995E-004 -0.64292496482183681        1.4143480652606297        1.0000000000000000E-004   1.0000000000000000E-004
   1793.8067599999999        290.44837279249009        6.9951033199999995E-004 -0.77907413000069059        1.3842456302447657        1.0000000000000000E-004   1.0000000000000000E-004
   1768.3824500000001        290.18620870220599        6.9951033199999995E-004 -0.88599174651894907        1.2884511241749210        1.0000000000000000E-004   1.0000000000000000E-004
   1742.9588600000000        289.92432782687905        6.9951033199999995E-004 -0.99289916010574120        1.1927075290835596        1.0000000000000000E-004   1.0000000000000000E-004
   1717.5362500000001        289.66265348149119        6.9951033199999995E-004  -1.0997952188047115        1.0970156368416384        1.0000000000000000E-004   1.0000000000000000E-004
   1692.1140100000000        289.42606968500331        7.0738449000000002E-004  -1.1835078168238142       0.99123495280981178        1.0000000000000000E-004   1.0000000000000000E-004
   1666.6927499999999        289.24512663245514        7.3276768700000002E-004  -1.2156778532931507       0.86296256515639147        1.0000000000000000E-004   1.0000000000000000E-004
   1641.2723400000000        289.06437582849844        7.5815001000000004E-004  -1.2478396649411345       0.73474256673071736        1.0000000000000000E-004   1.0000000000000000E-004
   1615.8527799999999        288.88374013801149        7.8353146099999996E-004  -1.2799931414998476       0.60657489112686747        1.0000000000000000E-004   1.0000000000000000E-004
   1590.4340800000000        288.72331183801646        8.1845791999999998E-004  -1.3063138479785550       0.49363524421378280        1.0000000000000000E-004   1.0000000000000000E-004
   1565.0162399999999        288.59639669590035        8.6920225299999998E-004  -1.3229744330642821       0.40589589723813418        1.0000000000000000E-004   1.0000000000000000E-004
   1539.5992400000000        288.46953400061801        9.1994484000000002E-004  -1.3396271099630637       0.31820757092703056        1.0000000000000000E-004   1.0000000000000000E-004
   1514.1834699999999        288.34282600139079        9.7068504000000005E-004  -1.3562719047623044       0.23057148598758020        1.0000000000000000E-004   1.0000000000000000E-004
   1488.7685500000000        288.13402219253328        9.7657844900000002E-004  -1.3901535986544700       0.15525853214588448        1.0000000000000000E-004   1.0000000000000000E-004
   1463.3546100000001        287.82166386934875        9.2584197399999996E-004  -1.4458033050985393        9.5493558242516402E-002   1.0000000000000000E-004   1.0000000000000000E-004
   1437.9417699999999        287.50959277962960        8.7510765299999996E-004  -1.5014433958923588        3.5779222636774709E-002   1.0000000000000000E-004   1.0000000000000000E-004
   1412.5300299999999        287.19772981630854        8.2437554400000002E-004  -1.5570737602817926       -2.3884490887965640E-002   1.0000000000000000E-004   1.0000000000000000E-004
   1387.1193800000001        286.88614303349937        8.5078005199999999E-004  -1.6194340939501635       -9.6953710345370092E-002   1.0000000000000000E-004   1.0000000000000000E-004
   1361.7099599999999        286.57481719241088        9.5221481800000004E-004  -1.6883398644181029      -0.18306064879776118        1.0000000000000000E-004   1.0000000000000000E-004
   1336.3018800000000        286.26381980824243        1.0536442300000000E-003  -1.7572348206315693      -0.26911499303290060        1.0000000000000000E-004   1.0000000000000000E-004
   1310.8949000000000        285.95309274195529        1.1550692099999999E-003  -1.8261195094770850      -0.35511758197568433        1.0000000000000000E-004   1.0000000000000000E-004
   1285.4893800000000        285.74823063897384        1.2419762800000001E-003  -1.8846904161845186      -0.45497656319050472        1.0000000000000000E-004   1.0000000000000000E-004
   1260.0852100000000        285.62274479631839        1.3179834900000000E-003  -1.9355160631030428      -0.56522512125498681        1.0000000000000000E-004   1.0000000000000000E-004
   1234.6824999999999        285.49743383790786        1.3939861700000000E-003  -1.9863314504764624      -0.67541932209801347        1.0000000000000000E-004   1.0000000000000000E-004
   1209.2811300000001        285.37219098397128        1.4699850000000000E-003  -2.0371369265007084      -0.78555968944817511        1.0000000000000000E-004   1.0000000000000000E-004
   1183.8813500000001        285.21376022850342        1.5459500700000001E-003  -2.0828419303843453      -0.87232305272264810        1.0000000000000000E-004   1.0000000000000000E-004
   1158.4832799999999        285.03626824411720        1.6218934899999999E-003  -2.1256060896774125      -0.94560459803041264        1.0000000000000000E-004   1.0000000000000000E-004
   1133.0869100000000        284.85896373481296        1.6978317900000000E-003  -2.1683599148446242       -1.0188332919744996        1.0000000000000000E-004   1.0000000000000000E-004
   1107.6922600000000        284.68188848421045        1.7737649600000000E-003  -2.2111036694162682       -1.0920090623222702        1.0000000000000000E-004   1.0000000000000000E-004
   1082.3005400000000        284.43194160355705        1.8320306000000001E-003  -2.2438980786276828       -1.1134180630499879        1.0000000000000000E-004   1.0000000000000000E-004
   1056.9097899999999        284.15055569957474        1.8826196899999999E-003  -2.2723650263908906       -1.1123056126075326        1.0000000000000000E-004   1.0000000000000000E-004
   1031.5210000000000        283.86944811816051        1.9332048299999999E-003  -2.3008226018854230       -1.1111452939430415        1.0000000000000000E-004   1.0000000000000000E-004
   1006.1343400000000        283.58860621459803        1.9837857700000000E-003  -2.3292705729709255       -1.1099371502436390        1.0000000000000000E-004   1.0000000000000000E-004
   980.75000000000000        283.36743388402436        2.0343505299999999E-003  -2.3379189960674287       -1.0418894861899017        1.0000000000000000E-004   1.0000000000000000E-004
   955.36804199999995        283.16533963036051        2.0849069099999999E-003  -2.3402536995283891      -0.95251793172822696        1.0000000000000000E-004   1.0000000000000000E-004
   929.98846400000002        283.04561222103757        2.1354507199999998E-003  -2.3374892019864659      -0.85985277979204933        1.0000000000000000E-004   1.0000000000000000E-004
   904.61157200000002        282.94796130737780        2.1859870800000000E-003  -2.3333521772402990      -0.76627664132002926        1.0000000000000000E-004   1.0000000000000000E-004
   879.23742700000003        282.85048883229143        2.2365094600000001E-003  -2.3515314812506829      -0.68830291300478386        1.0000000000000000E-004   1.0000000000000000E-004
   853.86627199999998        282.75310269058986        2.2870241700000001E-003  -2.3746591306752323      -0.61376390596706454        1.0000000000000000E-004   1.0000000000000000E-004
   828.49829099999999        282.65576213451919        2.3803175399999999E-003  -2.3979299865463535      -0.55236373530843730        1.0000000000000000E-004   1.0000000000000000E-004
   803.13348399999995        282.55857806808154        2.4812917700000000E-003  -2.4212181870443130      -0.49329248761031613        1.0000000000000000E-004   1.0000000000000000E-004
   777.77227800000003        282.37075352816419        2.5822159399999998E-003  -2.4373081885326884      -0.44466161739207999        1.0000000000000000E-004   1.0000000000000000E-004
   752.41485599999999        282.17033340383324        2.6831203099999998E-003  -2.4523754451526889      -0.39746726635736729        1.0000000000000000E-004   1.0000000000000000E-004
   727.06133999999997        282.01689673443758        2.7839725400000000E-003  -2.4869565646374774      -0.35550096224863337        1.0000000000000000E-004   1.0000000000000000E-004
   701.71209699999997        281.86856054842281        2.8848040400000002E-003  -2.5235800081841071      -0.31404845719800434        1.0000000000000000E-004   1.0000000000000000E-004
   676.36755400000004        281.81650049404175        2.9855794299999999E-003  -2.5812337465730066      -0.28305180107815819        1.0000000000000000E-004   1.0000000000000000E-004
   651.02789299999995        281.77149668478944        3.0863324600000001E-003  -2.6403937230607148      -0.25277358204448908        1.0000000000000000E-004   1.0000000000000000E-004
   625.69360400000005        281.77589302226068        3.1387275100000001E-003  -2.6729329857573743      -0.24422678609413545        1.0000000000000000E-004   1.0000000000000000E-004
   600.36511199999995        281.78229668143149        3.1890668899999999E-003  -2.7043328869871766      -0.23655474802468446        1.0000000000000000E-004   1.0000000000000000E-004
   575.04284700000005        281.83935395708522        3.1897926200000000E-003  -2.6919421472520901      -0.24975267509261359        1.0000000000000000E-004   1.0000000000000000E-004
   549.72741699999995        281.89652277895436        3.1903341900000001E-003  -2.6791767486943954      -0.26333791200009427        1.0000000000000000E-004   1.0000000000000000E-004
   524.41943400000002        281.90292696294557        3.2406228100000001E-003  -2.6911530262920609      -0.28905085207383452        1.0000000000000000E-004   1.0000000000000000E-004
   499.11962899999997        281.90931497052247        3.2908949100000002E-003  -2.7059279791249442      -0.31485813912623217        1.0000000000000000E-004   1.0000000000000000E-004
   473.82891799999999        281.91574662885876        3.3411390600000001E-003  -2.7985978502609385      -0.34477473887533217        1.0000000000000000E-004   1.0000000000000000E-004
   448.54824800000000        281.92209566382076        3.3913627299999999E-003  -2.8927597201530832      -0.37439954846078682        1.0000000000000000E-004   1.0000000000000000E-004
   423.27871699999997        281.92842192523983        3.4415549599999999E-003  -3.0120712761194781      -0.40015120086848133        1.0000000000000000E-004   1.0000000000000000E-004
   398.02175899999997        281.93076357645725        3.4917213500000001E-003  -3.1254553094021813      -0.42485973040877212        1.0000000000000000E-004   1.0000000000000000E-004
   372.77890000000002        281.88624952426539        3.5418504799999998E-003  -3.1698350506367436      -0.43794765486635701        1.0000000000000000E-004   1.0000000000000000E-004
   347.55215500000003        281.83193663245305        3.5919465599999999E-003  -3.2042074684810413      -0.44969009694832035        1.0000000000000000E-004   1.0000000000000000E-004
   322.34393299999999        281.68628604036496        3.6419970000000001E-003  -3.1458167809158537      -0.44938323268898966        1.0000000000000000E-004   1.0000000000000000E-004
   297.15716600000002        281.54079225135314        3.6920039000000000E-003  -3.0842323869384312      -0.44908219696466861        1.0000000000000000E-004   1.0000000000000000E-004
   271.99560500000001        281.39558121541938        3.7419516599999998E-003  -2.9972911150198192      -0.44914903199558220        1.0000000000000000E-004   1.0000000000000000E-004
   246.86404400000001        281.23181164478041        3.7856146200000002E-003  -2.9168145618390984      -0.44960202771794566        1.0000000000000000E-004   1.0000000000000000E-004
   221.76879900000000        280.93649837218283        3.7856146200000002E-003  -2.8810481033747228      -0.45304148555765122        1.0000000000000000E-004   1.0000000000000000E-004
   196.71839900000001        280.61578389238645        3.7856146200000002E-003  -2.8515421640281371      -0.45210031686083452        1.0000000000000000E-004   1.0000000000000000E-004
   171.72468599999999        280.12242442633527        3.7856146200000002E-003  -2.8631536440957723      -0.42247072495858645        1.0000000000000000E-004   1.0000000000000000E-004
   146.80502300000001        279.56110045780599        3.7665839800000000E-003  -2.8747580702830735      -0.38493679867082914        1.0000000000000000E-004   1.0000000000000000E-004
   121.98595400000001        278.52809532451516        3.6187507200000002E-003  -2.8865415633019409      -0.29369800923364420        1.2433794915042342        1.2656342941891614     
   97.311340299999998        277.57152406372478        3.4984704100000001E-003  -2.8967642683408394      -0.20240069838177199        6.8449377512393828E-002   6.9669455900948349E-002
   72.861091599999995        277.18777369653168        3.5955710300000000E-003  -2.8948510135142063      -0.10747981403296407        1.6848012446560399        1.7149589882190881     
   48.804748500000002        276.82584279368001        3.6877696400000001E-003  -2.8849463176203081       -1.7675739797662460E-002   3.6640736286039206        3.7296669271609773     
   25.613332700000001        276.78117551804047        3.7253203299999998E-003  -2.6688492098057433        7.7544619504273660E-003   3.8100220425026396        3.8782297899223481     
   10.000000000000000        276.75762368260894        3.7801002600000000E-003  -2.3535943483447115        4.1562104386436108E-002   1.9025955873137053        1.9366564231298409     
   1997.2254600000001        290.88342261241587        6.0246770196004410E-004 -0.85122798754814133        1.9924945969145968        1.0000000000000000E-004   1.0000000000000000E-004
   1971.7959000000001        290.84889951108113        6.2780072426884756E-004 -0.95273242150662862        1.9477210519870387        1.0000000000000000E-004   1.0000000000000000E-004
   1946.3670700000000        290.81248627283844        6.5320356340410808E-004  -1.0546917492222914        1.9036688832834723        1.0000000000000000E-004   1.0000000000000000E-004
   1920.9388400000000        290.78605167886997        6.7859500242049365E-004  -1.1568209866339716        1.8604852542082511        1.0000000000000000E-004   1.0000000000000000E-004
   1895.5111099999999        290.75323914115302        6.9949290265194247E-004  -1.2587127267340206        1.8072417906722538        1.0000000000000000E-004   1.0000000000000000E-004
   1870.0839800000001        290.67815821712742        6.9951032352325189E-004  -1.3587838990447207        1.7041019808400146        1.0000000000000000E-004   1.0000000000000000E-004
   1844.6575900000000        290.60375076316626        6.9951033199688493E-004  -1.4590488540991191        1.6017848675856392        1.0000000000000000E-004   1.0000000000000000E-004
   1819.2318100000000        290.52970994805696        6.9951033199999973E-004  -1.5594915367869782        1.5003273913332311        1.0000000000000000E-004   1.0000000000000000E-004
   1793.8067599999999        290.41114589775725        6.9951033200000136E-004  -1.6382159847177922        1.3938776770340404        1.0000000000000000E-004   1.0000000000000000E-004
   1768.3824500000001        290.15209648672527        6.9951033200118563E-004  -1.6492471819819747        1.2701462115561604        1.0000000000000000E-004   1.0000000000000000E-004
   1742.9588600000000        289.89339039947220        6.9951033521439853E-004  -1.6604200222729972        1.1472652450318248        1.0000000000000000E-004   1.0000000000000000E-004
   1717.5362500000001        289.63425276537623        6.9951692199987951E-004  -1.6717725350321402        1.0252606382008234        1.0000000000000000E-004   1.0000000000000000E-004
   1692.1140100000000        289.39929429641461        7.0739914999876888E-004  -1.6613604017061230       0.91552479312316404        1.0000000000000000E-004   1.0000000000000000E-004
   1666.6927499999999        289.21902577695920        7.3276775495613585E-004  -1.6023823722869726       0.83197869148041770        1.0000000000000000E-004   1.0000000000000000E-004
   1641.2723400000000        289.03866653781517        7.5815007471719497E-004  -1.5435642314468594       0.74931841356609186        1.0000000000000000E-004   1.0000000000000000E-004
   1615.8527799999999        288.85832514246391        7.8353950888154550E-004  -1.4849527918670731       0.66753377610263032        1.0000000000000000E-004   1.0000000000000000E-004
   1590.4340800000000        288.69782102269829        8.1847123007477941E-004  -1.4345073799065911       0.60036980242218874        1.0000000000000000E-004   1.0000000000000000E-004
   1565.0162399999999        288.57040000634663        8.6920237259624131E-004  -1.3974504129927368       0.55684484010429836        1.0000000000000000E-004   1.0000000000000000E-004
   1539.5992400000000        288.44296556672140        9.1994493443127445E-004  -1.3606039635506486       0.51420203913024398        1.0000000000000000E-004   1.0000000000000000E-004
   1514.1834699999999        288.31610554335873        9.7064762657022511E-004  -1.3239744797511199       0.47241826128832248        1.0000000000000000E-004   1.0000000000000000E-004
   1488.7685500000000        288.10851517643698        9.7653106647217151E-004  -1.3074698969009904       0.42592168715881651        1.0000000000000000E-004   1.0000000000000000E-004
   1463.3546100000001        287.79864260571077        9.2584180827778937E-004  -1.3163158551546033       0.37325007102134111        1.0000000000000000E-004   1.0000000000000000E-004
   1437.9417699999999        287.48907895364351        8.7510754173382584E-004  -1.3253806430306592       0.32143612817848477        1.0000000000000000E-004   1.0000000000000000E-004
   1412.5300299999999        287.17923852424912        8.2443998342939656E-004  -1.3346382789231053       0.27047460815315089        1.0000000000000000E-004   1.0000000000000000E-004
   1387.1193800000001        286.86908929729640        8.5084295153511186E-004  -1.3380021476948498       0.20698898529674928        1.0000000000000000E-004   1.0000000000000000E-004
   1361.7099599999999        286.55886746016904        9.5221512625918829E-004  -1.3356383552725473       0.13134462707637556        1.0000000000000000E-004   1.0000000000000000E-004
   1336.3018800000000        286.24903035578194        1.0536445026462626E-003  -1.3334679406887140        5.6554343440041052E-002   1.0000000000000000E-004   1.0000000000000000E-004
   1310.8949000000000        285.93946292972379        1.1550573210799856E-003  -1.3314817348413086       -1.7372228582482524E-002   1.0000000000000000E-004   1.0000000000000000E-004
   1285.4893800000000        285.73503770690564        1.2419673572823065E-003  -1.3127949668670302       -9.1142492967343475E-002   1.0000000000000000E-004   1.0000000000000000E-004
   1260.0852100000000        285.60934520021414        1.3179836536191863E-003  -1.2816138723652071      -0.16458071169204500        1.0000000000000000E-004   1.0000000000000000E-004
   1234.6824999999999        285.48375278623365        1.3939863385921999E-003  -1.2506222780858922      -0.23715415526336486        1.0000000000000000E-004   1.0000000000000000E-004
   1209.2811300000001        285.35835661082655        1.4699851474963513E-003  -1.2198425496177261      -0.30884805919973274        1.0000000000000000E-004   1.0000000000000000E-004
   1183.8813500000001        285.20011311499695        1.5459502336141974E-003  -1.2038634572374038      -0.36149079462872524        1.0000000000000000E-004   1.0000000000000000E-004
   1158.4832799999999        285.02307475672927        1.6218936695559225E-003  -1.1964983321103579      -0.40278840715346714        1.0000000000000000E-004   1.0000000000000000E-004
   1133.0869100000000        284.84632414152981        1.6978319630240545E-003  -1.1893386355743214      -0.44321400924001059        1.0000000000000000E-004   1.0000000000000000E-004
   1107.6922600000000        284.67001331840157        1.7737503454522932E-003  -1.1824052426436196      -0.48274393450132413        1.0000000000000000E-004   1.0000000000000000E-004
   1082.3005400000000        284.42148373112701        1.8320243156580223E-003  -1.2088675675790421      -0.48211582696855793        1.0000000000000000E-004   1.0000000000000000E-004
   1056.9097899999999        284.14191820589457        1.8826198222341758E-003  -1.2499759627246922      -0.46352465967786072        1.0000000000000000E-004   1.0000000000000000E-004
   1031.5210000000000        283.86270422810082        1.9332049657909455E-003  -1.2912912104500525      -0.44406094004934094        1.0000000000000000E-004   1.0000000000000000E-004
   1006.1343400000000        283.58366352188381        1.9837858915735789E-003  -1.3328333905122525      -0.42369203742773198        1.0000000000000000E-004   1.0000000000000000E-004
   980.75000000000000        283.36387209351574        2.0343506523759262E-003  -1.4131757126731748      -0.34643298078514795        1.0000000000000000E-004   1.0000000000000000E-004
   955.36804199999995        283.16281473510344        2.0849070214353982E-003  -1.5060382036054334      -0.25042070894100199        1.0000000000000000E-004   1.0000000000000000E-004
   929.98846400000002        283.04353542184185        2.1354508281835366E-003  -1.5984475341401523      -0.14767732026023089        1.0000000000000000E-004   1.0000000000000000E-004
   904.61157200000002        282.94609244782305        2.1859871812901035E-003  -1.6908709286523145       -4.2530280907309009E-002   1.0000000000000000E-004   1.0000000000000000E-004
   879.23742700000003        282.84884575187613        2.2365095843780666E-003  -1.7852987431575327        3.6905611076870057E-002   1.0000000000000000E-004   1.0000000000000000E-004
   853.86627199999998        282.75175010358771        2.2870601903455098E-003  -1.8803098297690910       0.11126428242346958        1.0000000000000000E-004   1.0000000000000000E-004
   828.49829099999999        282.65477857247674        2.3803242133258995E-003  -1.9655892124903460       0.17826351541154348        1.0000000000000000E-004   1.0000000000000000E-004
   803.13348399999995        282.55821528235549        2.4812919700157223E-003  -2.0492539592538122       0.24463035480479700        1.0000000000000000E-004   1.0000000000000000E-004
   777.77227800000003        282.37177631189655        2.5822161782745510E-003  -2.1207298357747439       0.31087392616669191        1.0000000000000000E-004   1.0000000000000000E-004
   752.41485599999999        282.17303919808910        2.6831205166043446E-003  -2.1906450922500582       0.37781255700674415        1.0000000000000000E-004   1.0000000000000000E-004
   727.06133999999997        282.02110315527005        2.7839730019317672E-003  -2.2687236533245332       0.42753266394476747       0.31076209213687422       0.49972389507480208     
   701.71209699999997        281.87337683697518        2.8873265047788120E-003  -2.3488526244951373       0.47654879172882619        4.5639718178285696E-003   7.1592253185649851E-003
   676.36755400000004        281.82297831020043        3.0239791192686054E-003  -2.4460996103192878       0.51226164921903339       0.44320782021961386       0.71278233070934904     
   651.02789299999995        281.81243377673297        3.1647502060880811E-003  -2.5345053363401790       0.56565292698599356        1.5449401234705946        2.4850807206139969     
   625.69360400000005        281.83834106383762        3.2740001407727611E-003  -2.5856019738613427       0.63165746159597647        3.2280587241236312        5.1926245186919546     
   600.36511199999995        281.86795384773308        3.3723726024765190E-003  -2.6247887379408525       0.70179380632094435        5.4109261154466539        8.7040878487069300     
   575.04284700000005        281.90075952876572        3.4450448535445492E-003  -2.6403109607769482       0.76990397281508149        8.0119822782797989        12.888269484489470     
   549.72741699999995        281.92215918272484        3.5128886281368212E-003  -2.6516835229212177       0.82858984217674170        10.949736917880168        17.614080361745604     
   524.41943400000002        281.93553935523613        3.5778215676022240E-003  -2.6609290387491531       0.87851928440698313        14.142798244407215        22.750589875685634     
   499.11962899999997        281.94809711858693        3.6328920164145945E-003  -2.6672603330886111       0.92282202910242683        17.509876680113479        28.167031844565180     
   473.82891799999999        281.96165939008119        3.6797009595629913E-003  -2.6711578961257398       0.96280386615733959        20.969794005490527        33.732819222577142     
   448.54824800000000        281.97690462821572        3.7206471693307891E-003  -2.6714286638087832        1.0015112300114695        24.441528633763433        39.317616930512969     
   423.27871699999997        281.99496507018375        3.7562337214852000E-003  -2.6680655427150923        1.0395041152094875        27.844229511605093        44.791364217068278     
   398.02175899999997        282.01645627286689        3.7875368875854507E-003  -2.6612674300517738        1.0770137942632094        31.097228686391460        50.024294875056114     
   372.77890000000002        282.04130411441793        3.8156801657541206E-003  -2.6517005250517887        1.1137289126728405        34.120121782181968        54.887066698826274     
   347.55215500000003        282.07000482322252        3.8414743813077750E-003  -2.6401383623033605        1.1489434252424797        36.832779825258761        59.250780507263016     
   322.34393299999999        282.10310254564058        3.8654129014628266E-003  -2.6268663003728694        1.1824800062169649        39.155446742809517        62.987136984665113     
   297.15716600000002        282.14094944502551        3.8880645417533480E-003  -2.6122050670285155        1.2140767017090952        41.008834191745784        65.968589226702008     
   271.99560500000001        282.18380274512327        3.9099207312849500E-003  -2.5961860099849590        1.2437710107871633        42.314246026669800        68.068542965209900     
   246.86404400000001        282.23235411977754        3.9313828686243259E-003  -2.5787566164619302        1.2715398612249147        42.993774804792487        69.161672674956961     
   221.76879900000000        282.28747823341587        3.9528789124997910E-003  -2.5597150995777045        1.2974126682354308        42.970579698517270        69.124368636436657     
   196.71839900000001        282.35042772305434        3.9748809280833308E-003  -2.5387161440517416        1.3213974263117869        42.169315853174524        67.835427620215626     
   171.72468599999999        282.42308339284011        3.9979359025153855E-003  -2.5152424270802416        1.3434130656543450        40.516814461954638        65.177146886348410     
   146.80502300000001        282.50838833356727        4.0227690166341583E-003  -2.4884943187646633        1.3632601633534160        37.943251989890392        61.037205051042804     
   121.98595400000001        282.61109485416847        4.0504496054885606E-003  -2.4571902846707183        1.3805379810920566        34.384252245688586        55.312043574736741     
   97.311340299999998        282.73947349660239        4.0827457487193171E-003  -2.4191080119573303        1.3944598013278910        29.785129094379222        47.913691781786596     
   72.861091599999995        282.90977908389129        4.1230195496958022E-003  -2.3699160514313307        1.4033762185484540        24.110498114539510        38.785228607374123     
   48.804748500000002        283.16042690369198        4.1790858672101352E-003  -2.2994443533107747        1.4032239749841078        17.370677260364616        27.943251896740932     
   25.613332700000001        283.58969205154227        4.2715204878027947E-003  -2.1807618436543876        1.3817596567432744        9.7216623472106143        15.638703489976976     
   10.000000000000000        284.46420476907883        4.4767208307220719E-003  -1.9145842558593953        1.2910880542240428        3.9036264746745486        6.2795493052050899     
   1997.2254600000001        290.88459344136106        6.0252409969131792E-004  -1.8145733078615438        2.2753708363161849        1.0000000000000000E-004   1.0000000000000000E-004
   1971.7959000000001        290.84073748405143        6.2779383490866605E-004  -1.8620478154871036        2.1784827798318838        1.0000000000000000E-004   1.0000000000000000E-004
   1946.3670700000000        290.79022077901794        6.5320359960229608E-004  -1.9105198115330844        2.0822857253053257        1.0000000000000000E-004   1.0000000000000000E-004
   1920.9388400000000        290.75837044151206        6.7859129078881781E-004  -1.9598046915158789        1.9873941056735163        1.0000000000000000E-004   1.0000000000000000E-004
   1895.5111099999999        290.72286485804796        6.9947549936607786E-004  -2.0013348257584380        1.8873640837230550        1.0000000000000000E-004   1.0000000000000000E-004
   1870.0839800000001        290.64706753381699        6.9951030054832915E-004  -2.0039027252175119        1.7589735575340106        1.0000000000000000E-004   1.0000000000000000E-004
   1844.6575900000000        290.57255143757527        6.9951033197965468E-004  -2.0072474647294567        1.6317944753117224        1.0000000000000000E-004   1.0000000000000000E-004
   1819.2318100000000        290.49866463344017        6.9951033199999008E-004  -2.0114054461415352        1.5058970955881616        1.0000000000000000E-004   1.0000000000000000E-004
   1793.8067599999999        290.38150029470631        6.9951033200000407E-004  -1.9984643647765210        1.3943476371382366        1.0000000000000000E-004   1.0000000000000000E-004
   1768.3824500000001        290.12552410474268        6.9951033200774083E-004  -1.9309086823100592        1.3245070301415838        1.0000000000000000E-004   1.0000000000000000E-004
   1742.9588600000000        289.86997028931410        6.9951034393323441E-004  -1.8641060129873488        1.2559931302437186        1.0000000000000000E-004   1.0000000000000000E-004
   1717.5362500000001        289.61338887073720        6.9952351323133175E-004  -1.7981411897481840        1.1887782153921111        1.0000000000000000E-004   1.0000000000000000E-004
   1692.1140100000000        289.38015358933785        7.0741379103230037E-004  -1.7281991049559755        1.1465478297040523        1.0000000000000000E-004   1.0000000000000000E-004
   1666.6927499999999        289.20074386641562        7.3276783502076342E-004  -1.6484136651197976        1.1581795535771766        1.0000000000000000E-004   1.0000000000000000E-004
   1641.2723400000000        289.02099972105594        7.5815014608206840E-004  -1.5694563971722195        1.1711549784831023        1.0000000000000000E-004   1.0000000000000000E-004
   1615.8527799999999        288.84120002946366        7.8354755448239251E-004  -1.4913702060859424        1.1853906036850510        1.0000000000000000E-004   1.0000000000000000E-004
   1590.4340800000000        288.68093061622380        8.1848452475426344E-004  -1.4294888888560742        1.2032752571171241        1.0000000000000000E-004   1.0000000000000000E-004
   1565.0162399999999        288.55338750745233        8.6920250319482816E-004  -1.3938596298989794        1.2263743165141894        1.0000000000000000E-004   1.0000000000000000E-004
   1539.5992400000000        288.42579777984355        9.1994499755661035E-004  -1.3591168955178416        1.2507353583188148        1.0000000000000000E-004   1.0000000000000000E-004
   1514.1834699999999        288.29913706785175        9.7061023607993718E-004  -1.3252324164168805        1.2763202971320156        1.0000000000000000E-004   1.0000000000000000E-004
   1488.7685500000000        288.09288450007028        9.7648373192158865E-004  -1.3001913096204354        1.2845831712479390        1.0000000000000000E-004   1.0000000000000000E-004
   1463.3546100000001        287.78537840640377        9.2584160362922760E-004  -1.2860873491435523        1.2706605670011442        1.0000000000000000E-004   1.0000000000000000E-004
   1437.9417699999999        287.47812262333866        8.7510748471276761E-004  -1.2728434644906874        1.2579554497852510        1.0000000000000000E-004   1.0000000000000000E-004
   1412.5300299999999        287.17022999157126        8.2450436781803936E-004  -1.2604195922767536        1.2465003961365066        1.0000000000000000E-004   1.0000000000000000E-004
   1387.1193800000001        286.86179581018058        8.5090579969312791E-004  -1.2349199034486986        1.2327119651253171        1.0000000000000000E-004   1.0000000000000000E-004
   1361.7099599999999        286.55330532041705        9.5221548622211201E-004  -1.1967230298461753        1.2166868962767357        1.0000000000000000E-004   1.0000000000000000E-004
   1336.3018800000000        286.24538001612103        1.0536447647005475E-003  -1.1593480204491713        1.2019124277231426        1.0000000000000000E-004   1.0000000000000000E-004
   1310.8949000000000        285.93771984607986        1.1550454444427950E-003  -1.1227988071485238        1.1884146899471648        1.0000000000000000E-004   1.0000000000000000E-004
   1285.4893800000000        285.73444770422185        1.2419584395655942E-003  -1.0761792970753403        1.1885831103494566        1.0000000000000000E-004   1.0000000000000000E-004
   1260.0852100000000        285.60923994204001        1.3179838096512094E-003  -1.0222018020277066        1.1993329082084703        1.0000000000000000E-004   1.0000000000000000E-004
   1234.6824999999999        285.48406433957939        1.3939868082813473E-003 -0.96905623546085429        1.2113528400277578        1.0000000000000000E-004   1.0000000000000000E-004
   1209.2811300000001        285.35288545767520        1.4732203068416893E-003 -0.91615956545785737        1.2249864185947392       0.12208724120101805       0.17165261150749417     
   1183.8813500000001        285.18962560627364        1.5542919354704528E-003 -0.89016569175175020        1.2402055882607714        1.8509639923257035E-002   2.5920658912280358E-002
   1158.4832799999999        284.90006439222202        1.7237684432913575E-003 -0.91051780612797995        1.2711938652456301       0.37058930332788281       0.52129086061076835     
   1133.0869100000000        284.57911971400517        1.9505427738978414E-003 -0.99980944009279804        1.3205811899242217        1.1485509838349708        1.6158699482384851     
   1107.6922600000000        284.31360745740716        2.1721949327977745E-003  -1.1477335079692930        1.3796636560839080        2.3226304225921597        3.2677801143840108     
   1082.3005400000000        284.09781420146788        2.3752370417564075E-003  -1.3289386491173651        1.4426204199889534        3.8629938654242917        5.4350457728728045     
   1056.9097899999999        283.94699236645698        2.5539952583450605E-003  -1.5113931298222349        1.5056553041931435        5.7400123937378646        8.0759795377716355     
   1031.5210000000000        283.85148190949639        2.7091632881440829E-003  -1.6810935039163855        1.5668256390591699        7.9238974194485507        11.148669370835025     
   1006.1343400000000        283.79533112560159        2.8433252532825723E-003  -1.8341274735093824        1.6252031147228829        10.384909861508145        14.611272889386445     
   980.75000000000000        283.76881671193996        2.9590885313590209E-003  -1.9694404873588145        1.6804846446218060        13.093315918753065        18.421955139453789     
   955.36804199999995        283.76194734209241        3.0594689498713943E-003  -2.0867140317276136        1.7325847741832228        16.019405892621098        22.538915079018167     
   929.98846400000002        283.76856139542707        3.1470830551977328E-003  -2.1875531232449323        1.7816728538161013        19.133492711774316        26.920383502183267     
   904.61157200000002        283.78428685093826        3.2241338644334503E-003  -2.2741231007554390        1.8279886149973379        22.405865478086906        31.524557679151208     
   879.23742700000003        283.80638828859890        3.2924328770093172E-003  -2.3485412440091165        1.8718043407452902        25.806857821480218        36.309697530339044     
   853.86627199999998        283.83307277879135        3.3534538385386328E-003  -2.4127119161579840        1.9134053937571329        29.306795974611980        41.234052568327755     
   828.49829099999999        283.86311566607452        3.4084002194356379E-003  -2.4682372610646803        1.9530213409719146        32.876031654602613        46.255908161904529     
   803.13348399999995        283.89568722036057        3.4582280768140758E-003  -2.5164284085191078        1.9908462290812561        36.484963021936835        51.333615024891508     
   777.77227800000003        283.93020121271269        3.5037368367735783E-003  -2.5583693111650532        2.0270450050185125        40.103949588137510        56.425469492646648     
   752.41485599999999        283.96625868429157        3.5455872156061447E-003  -2.5949494577962615        2.0617585674179963        43.703409787197401        61.489850803454651     
   727.06133999999997        284.00357629864766        3.5843265849553082E-003  -2.6268985023026903        2.0951095143813441        47.253797516523392        66.485188092024089     
   701.71209699999997        284.04195922958917        3.6204116342310804E-003  -2.6548175447999491        2.1272043762884438        50.725561822783163        71.369903668133020     
   676.36755400000004        284.08128451245506        3.6542252661998084E-003  -2.6792013213207686        2.1581346236918195        54.089178308555574        76.102457205264386     
   651.02789299999995        284.12148009306344        3.6860932286604557E-003  -2.7004599412719359        2.1879788394841606        57.315193072597047        80.641407563842634     
   625.69360400000005        284.16251682990207        3.7162945104601882E-003  -2.7189330109329859        2.2168036874520229        60.374154161585594        84.945316344951763     
   600.36511199999995        284.20439950319167        3.7450708967568399E-003  -2.7349022141486374        2.2446652999498351        63.236667033274273        88.972825926082635     
   575.04284700000005        284.24716179128046        3.7726342043489631E-003  -2.7486006883050704        2.2716106307959740        65.873390197464900        92.682653328051117     
   549.72741699999995        284.29086406241134        3.7991727955342673E-003  -2.7602207210779541        2.2976776990697498        68.255025049271168        96.033575910552301     
   524.41943400000002        284.33559165773238        3.8248565796051028E-003  -2.7699195217404253        2.3228961142171212        70.352344692736395        98.984471926517955     
   499.11962899999997        284.38145367180840        3.8498415210344145E-003  -2.7778236660067890        2.3472872241649148        72.136193853381457        101.49432039905946     
   473.82891799999999        284.42858589103724        3.8742737052316809E-003  -2.7840323425481390        2.3708638555734876        73.577501014727972        103.52221819733884     
   448.54824800000000        284.47715391365489        3.8982930608317912E-003  -2.7886195631911859        2.3936298313161353        74.647306247191523        105.02741919136565     
   423.27871699999997        284.52735735987659        3.9220369437789112E-003  -2.7916353472165905        2.4155793451716066        75.316772070725349        105.96934953553571     
   398.02175899999997        284.57943700614635        3.9456439213032867E-003  -2.7931059492117054        2.4366955317317980        75.557207413536020        106.30764137810911     
   372.77890000000002        284.63368450262971        3.9692580187890318E-003  -2.7930329069277460        2.4569487285951781        75.340107140140972        106.00218847654408     
   347.55215500000003        284.69045566529746        3.9930336904938479E-003  -2.7913908714000444        2.4762937859630183        74.637192533156949        105.01320315462686     
   322.34393299999999        284.75018866529717        4.0171421409177163E-003  -2.7881236025424632        2.4946661973593733        73.420474277991161        103.30130492086772     
   297.15716600000002        284.81342938465104        4.0417797308164808E-003  -2.7831376015127454        2.5119767289323987        71.662329212089233        100.82762845336265     
   271.99560500000001        284.88087255746410        4.0671796288492970E-003  -2.7762922204850571        2.5281028829626853        69.335618982747363        97.553990549264725     
   246.86404400000001        284.95342349419195        4.0936288390137493E-003  -2.7673841508015156        2.5428766357023509        66.413851292276320        93.443116993940691     
   221.76879900000000        285.03228615556537        4.1214941673854222E-003  -2.7561230054858163        2.5560648141648774        62.871427991065900        88.458991623602955     
   196.71839900000001        285.11911106343854        4.1512638319179561E-003  -2.7420911773694403        2.5673373870598168        58.684024496993885        82.567390161831710     
   171.72468599999999        285.21624850110106        4.1836178760647144E-003  -2.7246752434406694        2.5762128680130947        53.829192890257744        75.736728763534359     
   146.80502300000001        285.32721304182002        4.2195554506013833E-003  -2.7029411142754749        2.5819593241227481        48.287450643665274        67.939595839531634     
   121.98595400000001        285.45757851472990        4.2606448832358517E-003  -2.6753881001446196        2.5833982196800900        42.044198491506350        59.155450464741833     
   97.311340299999998        285.61690985863021        4.3095711536334062E-003  -2.6394097341818745        2.5784727878304303        35.093717886749026        49.376246730932223     
   72.861091599999995        285.82378927384627        4.3715297836846414E-003  -2.5899202336460183        2.5631423665765616        27.448300966218095        38.619279448910802     
   48.804748500000002        286.12170366427529        4.4586631467388466E-003  -2.5149785888843121        2.5278350243757721        19.163731578528754        26.963035511383801     
   25.613332700000001        286.62045006499079        4.6027435812785976E-003  -2.3826700359009858        2.4457601776707278        10.437458827641432        14.685322359375157     
   10.000000000000000        287.62582364276813        4.9181014326146050E-003  -2.0788814183257074        2.2177247332192773        4.1421707038535125        5.8279618938843907     
   1997.2254600000001        290.87969101449590        6.0454161109701077E-004  -3.6486669988128888        1.5912779876921166       0.59293594342628453        1.6227697826943725E-002
   1971.7959000000001        290.82971098341847        6.2756329365701974E-004  -3.6335228067611882        1.5314051511111026       0.59293594342628453        1.6227697826943725E-002
   1946.3670700000000        290.76503098088864        6.5382256621919802E-004  -3.6118005787184453        1.4496279116690185       0.98474547506123444        3.9287384621019175E-002
   1920.9388400000000        290.72800388723067        6.7828024606586762E-004  -3.5889798347889439        1.3692621893429688        1.2607489539683494        8.6078725679781309E-002
   1895.5111099999999        290.68904026087876        6.9846726117220304E-004  -3.5556505776126279        1.2893874352764070        1.3501742078512580        9.3792165105152023E-002
   1870.0839800000001        290.61288667549189        6.9944693096060054E-004  -3.4901668677322890        1.2183368601159994        1.2670729643320890        5.5651724366830767E-002
   1844.6575900000000        290.53820569341184        6.9950640128117682E-004  -3.4229541458359338        1.1512580904741343        1.2675510932443705        5.4659608963084041E-002
   1819.2318100000000        290.46545068531157        6.9951008496168805E-004  -3.3581994529976638        1.0905337753881337        1.1569211191270372        4.4538084830443678E-002
   1793.8067599999999        290.34888169353087        6.9951032730092451E-004  -3.2869633583266746        1.0449328186624443       0.87287789111726000        1.8756952344455249E-002
   1768.3824500000001        290.09517269943149        6.9951033233414412E-004  -3.2070436160197398        1.0533283267111995       0.56379785524843462        4.9139027118371200E-003
   1742.9588600000000        289.84261960049639        6.9951043365357418E-004  -3.1341042550669589        1.0732866400409913       0.51433258494150946        3.9640711237989568E-003
   1717.5362500000001        289.58854178614928        6.9954177297280472E-004  -3.0657048943222742        1.0996798412235596       0.49468767826490628        3.5441953232892031E-003
   1692.1140100000000        289.35618604333348        7.0754932486510999E-004  -3.0112829153210954        1.1500511977675036       0.54064186412358572        4.3263018129761311E-003
   1666.6927499999999        289.17801253815145        7.3277665792926899E-004  -2.9907045047449894        1.2260257796603049       0.70475510976860256        8.3208793215919161E-003
   1641.2723400000000        288.99871864467241        7.5815791385865929E-004  -2.9734492088101807        1.3072422768686522       0.79832125046349045        1.0406625771090857E-002
   1615.8527799999999        288.81970049517702        7.8355302815139949E-004  -2.9595319605390733        1.3880939350952288       0.79971279305596576        1.0150794251802573E-002
   1590.4340800000000        288.65940209883206        8.1848735206600711E-004  -2.9564197759744912        1.4640474120245366       0.74430293890900445        9.0161322435520653E-003
   1565.0162399999999        288.53112178662968        8.6921795465965638E-004  -2.9704710793186782        1.5305919281623570       0.68221663300064095        8.2353679175340717E-003
   1539.5992400000000        288.40309825627321        9.1996282361386079E-004  -2.9873518866531903        1.5926779144714789       0.62813498038073579        6.7584569680013687E-003
   1514.1834699999999        288.27677136303691        9.7040908004141218E-004  -3.0044650196137312        1.6499354475511385       0.56091232612816044        5.2417093350366527E-003
   1488.7685500000000        288.07150576339461        9.7643528504899233E-004  -3.0172689111876880        1.6997661944818989       0.34036362174711038        1.4242715961359799E-003
   1463.3546100000001        287.76630981913615        9.2584116770202984E-004  -3.0205358768211443        1.7313120442364196       0.11078156602232857        1.1590383712703730E-004
   1437.9417699999999        287.46146174034322        8.7510722868034199E-004  -3.0238285370456812        1.7589302851877087        8.7461192838270613E-002   6.9959960875452514E-005
   1412.5300299999999        287.15551543143295        8.2457614576291187E-004  -3.0296362345881809        1.7898390946391034       0.11391726719643794        1.1577359396324474E-004
   1387.1193800000001        286.80082108426393        8.6775015197804184E-004  -3.0357196775413513        1.8361102013258279       0.23641704749358550        4.5727030191928614E-004
   1361.7099599999999        286.51321493800265        9.8085731301995470E-004  -3.1153617196956067        1.9104779507861525        1.4012364519244320        1.8738721998579233E-002
   1336.3018800000000        285.84506971728069        1.4608162542610271E-003  -3.2443886280948342        1.9829461835530362        1.7459888313057494        1.8343945188472946E-002
   1310.8949000000000        285.48073626145850        1.8731465795363380E-003  -3.3970571719105802        2.0308503186137030        2.7466458966810565        6.2550777528676660E-002
   1285.4893800000000        285.27272165957885        2.1817744030261086E-003  -3.5477603789660699        2.0698575931492695        3.4315031107919149       0.13024005964427476     
   1260.0852100000000        285.14744309118095        2.4191506960803510E-003  -3.6910252646175872        2.1057154233207251        3.9727951050057602       0.22560647869020034     
   1234.6824999999999        285.07137033052663        2.6087615946129021E-003  -3.8264242680635436        2.1422373339840219        4.5720406112062424       0.38442133418582619     
   1209.2811300000001        285.02915918522308        2.7717107107455754E-003  -3.9554729969083531        2.1825634683705508        5.5913794941823074       0.77703000157109214     
   1183.8813500000001        285.01807050920104        2.9363674111376999E-003  -4.0811674014151125        2.2299477851819489        9.5449267778028268        4.2866747889439409     
   1158.4832799999999        285.04263140824145        3.1292592509946510E-003  -4.2059716210058449        2.2869833128753254        196.06000098655548        275.70615483952764     
   1133.0869100000000        285.07563253126261        3.2803825151971567E-003  -4.3204052012491623        2.3481331982439175        241.60672247376462        324.36282540022381     
   1107.6922600000000        285.07908550082277        3.3235828388975389E-003  -4.3621867978374667        2.3691867984894674        76.107886203945398        103.84261826273703     
   1082.3005400000000        285.08473504986506        3.3612485541587070E-003  -4.3965681114014252        2.3883398884651954        108.56204102023179        136.37615716986551     
   1056.9097899999999        285.09229287194870        3.3952242772761041E-003  -4.4268489033750340        2.4072836578323051        132.32334457967255        159.30622803274579     
   1031.5210000000000        285.10138292672724        3.4263262410518516E-003  -4.4539597814898810        2.4262932235092736        149.22135924361018        174.86390836158347     
   1006.1343400000000        285.11170995688497        3.4551062193195880E-003  -4.4784282238996083        2.4454470598759110        161.37637554422039        185.52284799788077     
   980.75000000000000        285.12305079939375        3.4819747112931174E-003  -4.5006209144512139        2.4647675281661576        170.12869781806924        192.77397767960420     
   955.36804199999995        285.13523693358206        3.5072491881368356E-003  -4.5208139362057880        2.4842560134780443        176.34488834021076        197.54621175608332     
   929.98846400000002        285.14814039599543        3.5311808261210714E-003  -4.5392233340801207        2.5039050200278719        180.61001625965656        200.44807754921865     
   904.61157200000002        285.16166332540774        3.5539717857051710E-003  -4.5560217537563688        2.5237029831555984        183.33008488068884        201.89062467221910     
   879.23742700000003        285.17573058767931        3.5757870965936133E-003  -4.5713489413560406        2.5436367483742597        184.79753979831068        202.16370578496071     
   853.86627199999998        285.19028444786454        3.5967632157768211E-003  -4.5853188873634263        2.5636922302622471        185.22661666851596        201.47525934731340     
   828.49829099999999        285.20528066248352        3.6170143910561809E-003  -4.5980249798395851        2.5838553184745132        184.77644684586906        199.97718756373902     
   803.13348399999995        285.22068550518816        3.6366373335606213E-003  -4.6095436331949120        2.6041117057229886        183.56904201815237        197.78443943636046     
   777.77227800000003        285.23647368102201        3.6557149083781219E-003  -4.6199371576847632        2.6244469399902060        181.69638463330418        194.98212578791652     
   752.41485599999999        285.25262709159273        3.6743190414799151E-003  -4.6292559551552825        2.6448465800819481        179.23233310697393        191.63821538103306     
   727.06133999999997        285.26913355914996        3.6925129656614972E-003  -4.6375400967643845        2.6652960501939669        176.23561289478783        187.80643308428316     
   701.71209699999997        285.28598584728223        3.7103530073489578E-003  -4.6448205048721460        2.6857803832977409        172.75220310930584        183.52836076111484     
   676.36755400000004        285.30318124519840        3.7278901919192060E-003  -4.6511199233878679        2.7062840133432413        168.81960360458180        178.83769238589852     
   651.02789299999995        285.32072109920796        3.7451714723914526E-003  -4.6564534716876640        2.7267911465053287        164.47013258705670        173.76401429304266     
   625.69360400000005        285.33861067972788        3.7622407995213662E-003  -4.6608289769500839        2.7472847955831834        159.73109426657115        168.33201309721724     
   600.36511199999995        285.35685915108252        3.7791400913008439E-003  -4.6642471898639766        2.7677471569227947        154.62660790659444        162.56397971416717     
   575.04284700000005        285.37547967275157        3.7959100956242325E-003  -4.6667015695164968        2.7881588487989015        149.17928249242303        156.48101500793604     
   549.72741699999995        285.39448938625037        3.8125912501168944E-003  -4.6681780265733641        2.8084988252418515        143.40872692599578        150.10167215316940     
   524.41943400000002        285.41390985381497        3.8292245102509075E-003  -4.6686543013206059        2.8287438215756424        137.33459558454422        143.44490855201022     
   499.11962899999997        285.43376775162380        3.8458521913430827E-003  -4.6680990178836037        2.8488676683564691        130.97718528238966        136.53063658054907     
   473.82891799999999        285.45409527288200        3.8625189933883843E-003  -4.6664704788105444        2.8688406905923372        124.35556541717023        129.37784026315353     
   448.54824800000000        285.47493102318947        3.8792731361628010E-003  -4.6637147971534390        2.8886287917782743        117.48989191817675        122.00689037181004     
   423.27871699999997        285.49632119859035        3.8961676536049669E-003  -4.6597635227971610        2.9081919254035564        110.40199058162679        114.44003417055984     
   398.02175899999997        285.51832105341992        3.9132621128459269E-003  -4.6545303529476403        2.9274827583034213        103.11455067732966        106.70060927566469     
   372.77890000000002        285.54099683799728        3.9306247405047007E-003  -4.6479065880950277        2.9464441175158904        95.653102210433389        98.814947470174843     
   347.55215500000003        285.56442847073259        3.9483353038608782E-003  -4.6397548883199260        2.9650057395696785        88.045671169646866        90.811930445476662     
   322.34393299999999        285.58871331895017        3.9664890521813982E-003  -4.6299004425231738        2.9830799647325645        80.324128898936223        82.724304226396384     
   297.15716600000002        285.61397160143741        3.9852022689243361E-003  -4.6181182028104395        3.0005548741821308        72.525377386544193        74.589670040181886     
   271.99560500000001        285.64035329928083        4.0046204818300546E-003  -4.6041139389426347        3.0172846193071572        64.690967281481619        66.449946197015805     
   246.86404400000001        285.66804835779766        4.0249309461471965E-003  -4.5874951814980616        3.0330740446238762        56.868766872008045        58.352769915004600     
   221.76879900000000        285.69730380965922        4.0463822874419074E-003  -4.5677248019978611        3.0476539584136870        49.115888115029534        50.354155479729698     
   196.71839900000001        285.72845009610711        4.0693173441749162E-003  -4.5440431668679357        3.0606396677630068        41.499257193157355        42.518841851280207     
   171.72468599999999        285.76194492402897        4.0942311868346357E-003  -4.5153289929765883        3.0714553763833976        34.097637955888842        34.922266958466921     
   146.80502300000001        285.79845066496375        4.1218821116604434E-003  -4.4798306507769183        3.0791869358766539        27.003754935248132        27.653023863252134     
   121.98595400000001        285.83898944558018        4.1535254636809547E-003  -4.4345912913766909        3.0822617419258127        20.330546379695274        20.820017605911691     
   97.311340299999998        285.88529074031624        4.1914808343148317E-003  -4.3740307463305612        3.0776441985753280        14.219488801710250        14.562311695540306     
   72.861091599999995        285.94066627534573        4.2408316084868872E-003  -4.2856126720933201        3.0583284280230250        8.8521255516960728        9.0627641678717143     
   48.804748500000002        286.01302408521036        4.3165553532623878E-003  -4.1311293804571125        3.0021928281958474        4.4894943853829430        4.5897944458112292     
   25.613332700000001        286.10397721776110        4.4493405547878463E-003  -3.8144501363192069        2.8426199971321067        1.9703075985970062        2.0075362036171169     
   10.000000000000000        286.25998843664826        4.9090670876310140E-003  -2.5178390258292835        2.0239911379300941       0.67551086541062866       0.68093560325178137     
   1997.2254600000001        290.87232680246535        6.0561161308524028E-004  -5.3377836075882605      -0.87141438313751651        3.6285450473958432E-002   4.6840450777485033E-005
   1971.7959000000001        290.80695706020884        6.2876308643003290E-004  -5.3227171306368355      -0.87598602277773685        3.6285450473958432E-002   4.6840450777485033E-005
   1946.3670700000000        290.73030007099283        6.5580279966421053E-004  -5.2946201886126811      -0.88065965945489944       0.11069898546797775        4.0295000065746438E-004
   1920.9388400000000        290.68793910331311        6.7809674253924840E-004  -5.2636483176159370      -0.88130314185799952       0.17750754486742465        1.3978390747618817E-003
   1895.5111099999999        290.64564754689633        6.9533019853310106E-004  -5.2290975839775262      -0.87686128635354899       0.22872627129710479        2.2860949479737904E-003
   1870.0839800000001        290.56983857640296        6.9910766353258535E-004  -5.1890218581073766      -0.86521800814107186       0.25284700861335668        2.0090007002216397E-003
   1844.6575900000000        290.49552896452087        6.9947705706373893E-004  -5.1495798179781209      -0.84481420058231060       0.29519458635679124        2.7093346166851490E-003
   1819.2318100000000        290.42249612125323        6.9950795779947107E-004  -5.1139533734114329      -0.81396136266112695       0.34237846045416281        3.6009525381216650E-003
   1793.8067599999999        290.30642738660111        6.9951024193092492E-004  -5.0837895594747060      -0.76874859391044481       0.37208631601645964        3.2532423008978240E-003
   1768.3824500000001        290.05485896668893        6.9951040632213336E-004  -5.0644941058952249      -0.70516481474004000       0.39076084159622204        2.3315172310836821E-003
   1742.9588600000000        289.80425642363798        6.9951711498811764E-004  -5.0651732337120041      -0.63276592148678190       0.47424771491904522        3.3710979636439060E-003
   1717.5362500000001        289.55154363593095        6.9988725092738993E-004  -5.0869042785452523      -0.55654348630837447       0.57723252304113826        4.8741691337815408E-003
   1692.1140100000000        289.31988983707816        7.0884492664827008E-004  -5.1278124389789541      -0.48181160796266853       0.70896614660039448        7.5528069653571219E-003
   1666.6927499999999        289.14154336775294        7.3322989790338333E-004  -5.1836366146275008      -0.41306554469844375       0.88462395676329775        1.3273319306712448E-002
   1641.2723400000000        288.96242552245479        7.5864440940023674E-004  -5.2540054837985526      -0.34881647011786121        1.0417056427687348        1.8008948020438922E-002
   1615.8527799999999        288.78340683850632        7.8555590938958312E-004  -5.3372948812052137      -0.29038203288532533        1.2109047928846328        2.3860553655104266E-002
   1590.4340800000000        288.62221208040290        8.2279748747795753E-004  -5.4305563559878571      -0.23961141610539244        1.4127572892150737        3.3689265325431199E-002
   1565.0162399999999        288.49108581326334        8.7136208009434694E-004  -5.5304288751362067      -0.19749738667735270        1.6531780304572390        5.0572043480731382E-002
   1539.5992400000000        288.36008783789140        9.2071795551454329E-004  -5.6384287789300149      -0.16255201727374749        1.8497009996352660        6.2005842760922719E-002
   1514.1834699999999        288.22803937860425        9.5997767494325795E-004  -5.7533043300023641      -0.13434249031606887        2.0411930901603594        7.3536195559930878E-002
   1488.7685500000000        288.01883607081061        9.6541704386230809E-004  -5.8826499335614422      -0.11066700722584061        2.0767271508101870        5.7826194474398122E-002
   1463.3546100000001        287.71263991752352        9.2251951869386760E-004  -6.0249558874884448       -9.1212520264304847E-002   2.1152496639731315        4.7585195156405052E-002
   1437.9417699999999        287.40338349909263        8.7857457801398533E-004  -6.1713638869740466       -7.5528495194478990E-002   2.2597045922526879        5.2691647938438800E-002
   1412.5300299999999        287.08884911082708        8.6300374296892932E-004  -6.3210958726874642       -6.1770392102462934E-002   2.3877869398652529        5.6839198615881353E-002
   1387.1193800000001        286.72897524373104        9.4227173698574419E-004  -6.4761401934594298       -4.7884134285180402E-002   2.4538471058412727        5.4364368444456912E-002
   1361.7099599999999        286.40862675724560        1.1322543101861822E-003  -6.6294932381684406       -3.2363602172308131E-002   2.5966418130739433        6.3175996159085993E-002
   1336.3018800000000        285.77859323676978        1.8212197185200057E-003  -6.8004722480236763       -1.1495886428169844E-002   2.4065102449978211        3.6605869071172359E-002
   1310.8949000000000        285.43877377857791        2.6497990571529711E-003  -6.9546435415087089        1.3584391913281785E-002   2.7078611453378385        6.3044697315942033E-002
   1285.4893800000000        285.30436866913720        3.2848526639583293E-003  -7.0862265558001729        4.2345957518240301E-002   3.1711181924187182       0.13987994528774655     
   1260.0852100000000        285.27999124781496        3.4496132436881420E-003  -7.1852656620145217        7.1304965801975373E-002   4.1099770391385286       0.58187291720792167     
   1234.6824999999999        285.27501443148367        3.4916433541373210E-003  -7.2608111490499372       0.10000380216699092        5.0872565365722986        1.9406925448811383     
   1209.2811300000001        285.27300839517079        3.5132371439048995E-003  -7.3243004865206052       0.13006517855728333        5.6906944240386901        3.4945007357798987     
   1183.8813500000001        285.27201625609206        3.5272901545799172E-003  -7.3788321243613355       0.16149384708879130        6.1552351405690873        5.1309024324541550     
   1158.4832799999999        285.27149364075484        3.5375477899449578E-003  -7.4257120355406894       0.19384007588529439        6.5556935725011654        6.8569483873050228     
   1133.0869100000000        285.27122061598914        3.5455410460932882E-003  -7.4657253785469111       0.22645127580339264        6.9260649202777582        8.6874789351272437     
   1107.6922600000000        285.27110044887962        3.5518452472277666E-003  -7.4980707446619999       0.25726645879005050        6.9996369017309910        10.231762278924004     
   1082.3005400000000        285.27107113040387        3.5571702066471778E-003  -7.5226269088981077       0.28431726338288998        6.9985303247111563        11.974399010368625     
   1056.9097899999999        285.27110390077479        3.5620351528177596E-003  -7.5432317044400845       0.30987414693320492        9.1909640518527009        16.885964852991357     
   1031.5210000000000        285.27118505281601        3.5666256455098213E-003  -7.5614513855910230       0.33483332176843855        11.268073624055944        19.763202867991861     
   1006.1343400000000        285.27130601169807        3.5710392700467747E-003  -7.5780784772849046       0.35963590740449813        13.036060986607488        22.040255879871104     
   980.75000000000000        285.27146042710211        3.5753339761098830E-003  -7.5935643718201788       0.38452416894781521        14.527370572368396        23.875032137356882     
   955.36804199999995        285.27164319069124        3.5795463199212139E-003  -7.6081852222178457       0.40963737639350573        15.772716886729476        25.349808617740710     
   929.98846400000002        285.27185000410833        3.5837001513678141E-003  -7.6221183250187288       0.43505571746230920        16.801847713998963        26.521982527141972     
   904.61157200000002        285.27207644260449        3.5878136814451859E-003  -7.6354920304359268       0.46083981346180192        17.614956904369699        27.405165118222993     
   879.23742700000003        285.27231829979866        3.5919000316665820E-003  -7.6483971461376052       0.48702961521048882        18.227875175032544        28.026330381287877     
   853.86627199999998        285.27257173022099        3.5959682073833611E-003  -7.6608966272452808       0.51364655591457142        18.661265191941656        28.414398432440848     
   828.49829099999999        285.27283296212767        3.6000248853792212E-003  -7.6730371240120423       0.54070383806093614        18.924721914628403        28.584108129438771     
   803.13348399999995        285.27309792889264        3.6040758469533560E-003  -7.6848569690745965       0.56821532717315160        19.015404234185187        28.535692600860486     
   777.77227800000003        285.27336218743085        3.6081264119278808E-003  -7.6963891262649966       0.59619751406663846        18.928129019333955        28.266054394875173     
   752.41485599999999        285.27362218642480        3.6121783680778418E-003  -7.7076500267384871       0.62464507559040128        18.697706742080822        27.814442498642808     
   727.06133999999997        285.27387448713728        3.6162322040492211E-003  -7.7186498156898278       0.65354685421552849        18.332031936287954        27.190461667288190     
   701.71209699999997        285.27411506176605        3.6202887750629020E-003  -7.7293992006283352       0.68289875833749369        17.817165133836617        26.379841854594709     
   676.36755400000004        285.27433951530497        3.6243486224468856E-003  -7.7399073298158640       0.71269866520994829        17.146064267828091        25.375144088575382     
   651.02789299999995        285.27454256466672        3.6284130012230386E-003  -7.7501859194168974       0.74295612378627285        16.296079282366705        24.151407963375483     
   625.69360400000005        285.27471838184283        3.6324829099650324E-003  -7.7602460251036618       0.77368556892132712        15.252227643817035        22.689923163201556     
   600.36511199999995        285.27486061417073        3.6365588872966361E-003  -7.7700981443665009       0.80490747037698251        13.993766819631123        20.962264353523793     
   575.04284700000005        285.27496251054743        3.6406405681808775E-003  -7.7797515735899241       0.83664799355579977        12.488123258395966        18.918891231572246     
   549.72741699999995        285.27501564231386        3.6447299092650888E-003  -7.7892271913177211       0.86897505077460435        10.617663078352502        16.387041314705062     
   524.41943400000002        285.27501033266338        3.6488312196976680E-003  -7.7985596889656170       0.90201346172906960        7.9509422230551312        12.303350494820730     
   499.11962899999997        285.27493679800642        3.6529511111707525E-003  -7.8078020700442758       0.93597357045400931        5.8937977768122209        7.1099963465253486     
   473.82891799999999        285.27478331946230        3.6571158566377935E-003  -7.8170932293978730       0.97138211860655199        5.0208650665139425        4.8847577155061668     
   448.54824800000000        285.27453611124054        3.6614595462173567E-003  -7.8269582524876027        1.0101353038860834        4.8499349502291560        4.1047564069156071     
   423.27871699999997        285.27418083688281        3.6672011012893130E-003  -7.8384639282458917        1.0563922663450911        5.5414843207117315        4.6006791131855618     
   398.02175899999997        285.27363736114745        3.6739547274333251E-003  -7.8503084817084750        1.1065953362424708        5.2653739070473531        3.7748178958065837     
   372.77890000000002        285.27289692807130        3.6803916146417211E-003  -7.8615917122210899        1.1574998278172295        4.5902093918748674        2.7547278299327589     
   347.55215500000003        285.27192155152784        3.6876951722585537E-003  -7.8725936365874460        1.2110964037995275        4.2635007116509351        2.2519513620633180     
   322.34393299999999        285.27052158481791        3.6960445819771643E-003  -7.8831832485374109        1.2693792018167938        4.0080473171913766        1.8180321782136957     
   297.15716600000002        285.26867795238405        3.7052029485985698E-003  -7.8925413094065409        1.3314091499453964        3.6943790676644261        1.4688463038621984     
   271.99560500000001        285.26610482328726        3.7157293539938985E-003  -7.8997064449132850        1.3984011096592084        3.3670265644989810        1.1393993558154889     
   246.86404400000001        285.26262919647979        3.7278346990517091E-003  -7.9028951596488657        1.4707249517021785        3.0553449043662670       0.89663683367064273     
   221.76879900000000        285.25764840304095        3.7420513095035276E-003  -7.8990861983774128        1.5499782847232892        2.7492778992221467       0.68460106456176373     
   196.71839900000001        285.25030390180433        3.7598445278970325E-003  -7.8830040315457692        1.6371709093450648        2.4666181661878377       0.52243908497385294     
   171.72468599999999        285.23910118367911        3.7821828776314625E-003  -7.8459836384488542        1.7323893146895839        2.2304123607300221       0.40953830169398314     
   146.80502300000001        285.22042837495206        3.8114787046286953E-003  -7.7748015954199472        1.8340127912229891        2.0464693867796906       0.32948548802154942     
   121.98595400000001        285.18577515676481        3.8516251674913324E-003  -7.6514715452356921        1.9369442410930591        1.8965359257604559       0.27222254250913236     
   97.311340299999998        285.11202088556928        3.9098089026520224E-003  -7.4500164730878273        2.0332899977166301        1.7239007748882147       0.22162515480779965     
   72.861091599999995        284.91056832040334        4.0064971091150455E-003  -7.1171070583559182        2.1124985267254250        1.4531793261306609       0.15959771579585547     
   48.804748500000002        284.12932945914201        4.1938660689914047E-003  -6.5088403832385202        2.1471227494355398        1.0514447308591768        9.5407830736051968E-002
   25.613332700000001        281.75996911181670        4.3948587251098079E-003  -5.4966396339119390        2.0504279141535946       0.74514529556196907        8.7304012204544854E-002
   10.000000000000000        279.05935452737776        4.4595007729306309E-003  -3.4351008137753021        1.5818143995425933       0.39423004723311406       0.17552195381993543     
   1997.2254600000001        290.86613172752948        6.0562157655686853E-004  -5.4304512665527849       -3.6279742219635640        4.5837448689022821E-002   6.7448048212445289E-005
   1971.7959000000001        290.78538883402172        6.2880129986507202E-004  -5.4403077241353817       -3.6121179030601676        4.5837448689022821E-002   6.7448048212445289E-005
   1946.3670700000000        290.69612796579622        6.5593257966408878E-004  -5.4487493126987419       -3.5827907100025835       0.11779351923202590        4.2259315971307580E-004
   1920.9388400000000        290.64787047208716        6.7821430850883112E-004  -5.4608449634391611       -3.5484804072201301       0.22815051663962355        2.1830123916132533E-003
   1895.5111099999999        290.60178682637775        6.9511609056476539E-004  -5.4791619318128868       -3.5089487984047638       0.33883893807938847        4.8985235597581696E-003
   1870.0839800000001        290.52414992374577        6.9904594645171108E-004  -5.5079053217700631       -3.4627465088150302       0.41839947096804808        5.5755647884584564E-003
   1844.6575900000000        290.44862079941851        6.9946573487663841E-004  -5.5476148742466673       -3.4167829749844936       0.53707129344588478        9.1908000867064864E-003
   1819.2318100000000        290.37432245603520        6.9950618845814744E-004  -5.5985920670639260       -3.3740259799184438       0.66082198723252450        1.3814194858113320E-002
   1793.8067599999999        290.25775361318495        6.9951012419740949E-004  -5.6645892947904954       -3.3341446378294286       0.73066605651894068        1.2992526556408722E-002
   1768.3824500000001        290.00826347350119        6.9951284831222516E-004  -5.7502286583263933       -3.2984395634534684       0.75104887855171165        8.9272748752434565E-003
   1742.9588600000000        289.75917759712314        6.9958924107233291E-004  -5.8452117123276510       -3.2735348915429245       0.85936819615688487        1.1445391295121914E-002
   1717.5362500000001        289.50777638181302        7.0094242531874439E-004  -5.9475904377628268       -3.2597698211258619       0.96689394577654919        1.4095607770860314E-002
   1692.1140100000000        289.27722700280384        7.1186202331694165E-004  -6.0538384544534294       -3.2567752308227691        1.0896300948541011        1.8327986517644310E-002
   1666.6927499999999        289.09759245925181        7.3473739388102584E-004  -6.1595671921717319       -3.2632054442826428        1.2442793608772937        2.6721583357462931E-002
   1641.2723400000000        288.91788049457404        7.6075431124856586E-004  -6.2677108887908695       -3.2780878308743184        1.3503518855773480        3.0714664178141164E-002
   1615.8527799999999        288.73903654794441        7.9121594712344560E-004  -6.3773036238223781       -3.3003862543726923        1.4522909789610046        3.4751406723065613E-002
   1590.4340800000000        288.57801757049344        8.3078702132536057E-004  -6.4860083732523757       -3.3285633842556717        1.5729847279987839        4.2094820940248467E-002
   1565.0162399999999        288.44465688234857        8.7403425997150080E-004  -6.5920255243083306       -3.3609872584026221        1.7125741861169204        5.3914302560851085E-002
   1539.5992400000000        288.31244251182477        9.1557643777100258E-004  -6.6980577885388000       -3.3976319500671615        1.8011439343699494        5.8383974775674648E-002
   1514.1834699999999        288.17568289475633        9.4400731909329396E-004  -6.8046078786469097       -3.4379115480594429        1.8700981748519769        6.0181504029535850E-002
   1488.7685500000000        287.96779641812941        9.5072206914813642E-004  -6.9181774453530078       -3.4839006900522129        1.8196541420972918        4.4135163071306639E-002
   1463.3546100000001        287.66919241135088        9.2133663471670002E-004  -7.0382560560620746       -3.5346155907238650        1.7762148609759343        3.3615534428074814E-002
   1437.9417699999999        287.36344370469942        8.9041247120448205E-004  -7.1588667513984419       -3.5861566829060281        1.8194594949451355        3.3880013905150073E-002
   1412.5300299999999        287.05015432849177        8.9474598205205877E-004  -7.2802505359870855       -3.6373329824008542        1.8559686292518518        3.3844435237075803E-002
   1387.1193800000001        286.69524767132384        9.9067260605201690E-004  -7.4046008087245463       -3.6877746511830467        1.8569100606375226        3.0803189826183599E-002
   1361.7099599999999        286.36290349790096        1.2130764824488144E-003  -7.5284893229208576       -3.7345282479245387        1.9077761427742228        3.2769651328154285E-002
   1336.3018800000000        285.75315028762179        1.9641169856345077E-003  -7.6659977317080541       -3.7814979320871926        1.7589986516819209        1.9543290819525733E-002
   1310.8949000000000        285.41407514592419        2.7819237972779107E-003  -7.7926970468619574       -3.8177160969778172        1.9557836705919163        3.2237463531700608E-002
   1285.4893800000000        285.27945294559623        3.2704494536629366E-003  -7.9036318626542403       -3.8417895972823368        2.2914688732862332        7.1225827007399378E-002
   1260.0852100000000        285.24582029914814        3.4067620979055004E-003  -7.9941983684174236       -3.8542064079191642        2.8702787661268987       0.23324760895458674     
   1234.6824999999999        285.23354054427205        3.4582870463283660E-003  -8.0726232083976370       -3.8585875021537834        3.3844611331298489       0.54554803680451369     
   1209.2811300000001        285.22675744472627        3.4869410000498086E-003  -8.1447175496150805       -3.8569229438313433        3.7611870710090272       0.89488448473886650     
   1183.8813500000001        285.22218502517472        3.5060458131014340E-003  -8.2127108803244901       -3.8501148360099746        4.0692620461836064        1.2432333840145213     
   1158.4832799999999        285.21873459477456        3.5201290143916861E-003  -8.2776531347303859       -3.8387217632324799        4.3406729111771716        1.5780260171219804     
   1133.0869100000000        285.21593282071774        3.5311941087028788E-003  -8.3401238985827604       -3.8231606921361574        4.5901210983169571        1.8936943081012068     
   1107.6922600000000        285.21353507252979        3.5402859497084519E-003  -8.4004860459749970       -3.8037749079416892        4.8244973330613687        2.1864025794421083     
   1082.3005400000000        285.21139851041909        3.5480143636908569E-003  -8.4589998995160691       -3.7808591080588947        5.0464150462801989        2.4525033109653682     
   1056.9097899999999        285.20943504402436        3.5547557578022269E-003  -8.5158530140958764       -3.7546767618200256        5.2584060698097392        2.6922133956325549     
   1031.5210000000000        285.20758721957242        3.5607555213973030E-003  -8.5711912999166291       -3.7254683916413400        5.4615030989543563        2.9065048895408303     
   1006.1343400000000        285.20581427352602        3.5661846597711535E-003  -8.6251415336019548       -3.6934526193646287        5.6555888534759617        3.0950916315284842     
   980.75000000000000        285.20408518145655        3.5711676626615590E-003  -8.6778222893995434       -3.6588259249035402        5.8399345202134727        3.2571374725054496     
   955.36804199999995        285.20237522681936        3.5757981271615944E-003  -8.7293469549807625       -3.6217640587087905        6.0136936083331340        3.3921873663475139     
   929.98846400000002        285.20066406360041        3.5801480363435280E-003  -8.7798238380326552       -3.5824238738970395        6.1761454071451407        3.5004930821450388     
   904.61157200000002        285.19893145454074        3.5842788917412518E-003  -8.8293684402854424       -3.5409355703142227        6.3251608321761434        3.5788288967532877     
   879.23742700000003        285.19715860284526        3.5882411377512352E-003  -8.8780923852009135       -3.4974096234125476        6.4598014498786833        3.6274650762041651     
   853.86627199999998        285.19532857798640        3.5920753790329050E-003  -8.9260982590260767       -3.4519409641128793        6.5797730439924411        3.6487223083681144     
   828.49829099999999        285.19342487247354        3.5958161102898020E-003  -8.9734826500765035       -3.4046072927642452        6.6844332845546450        3.6440971557146176     
   803.13348399999995        285.19142974049015        3.5994948120256043E-003  -9.0203385089577068       -3.3554660391244795        6.7727871112334368        3.6140010390345947     
   777.77227800000003        285.18932376215002        3.6031408550180116E-003  -9.0667540626400580       -3.3045544519765535        6.8438436883678238        3.5592473441547221     
   752.41485599999999        285.18709128075955        3.6067752202062365E-003  -9.1127934724898605       -3.2519069534772331        6.8992219797491652        3.4872775479058031     
   727.06133999999997        285.18471695348956        3.6104158166835147E-003  -9.1585073929241947       -3.1975450545318438        6.9390588610506780        3.4012290122883364     
   701.71209699999997        285.18218219825889        3.6140817405359029E-003  -9.2039408770578941       -3.1414668990706112        6.9621732473891242        3.3009187697267874     
   676.36755400000004        285.17946554972275        3.6177926027951474E-003  -9.2491288164410363       -3.0836480762197422        6.9678055931931526        3.1873008390699256     
   651.02789299999995        285.17653992919099        3.6215709513820488E-003  -9.2940973153433966       -3.0240347863430408        6.9546703499479250        3.0600147603509051     
   625.69360400000005        285.17337363648051        3.6254407843636636E-003  -9.3388557035234427       -2.9625463413712207        6.9222377131736623        2.9206187187297274     
   600.36511199999995        285.16992953657046        3.6294281635441340E-003  -9.3833917449337889       -2.8990725994558950        6.8701619570848225        2.7709799726241333     
   575.04284700000005        285.16616500536787        3.6335606058793633E-003  -9.4276635167170522       -2.8334725836282266        6.7985416387559550        2.6136815303053913     
   549.72741699999995        285.16202521602798        3.6378717700288193E-003  -9.4716005617901722       -2.7655577940053364        6.7062970103494965        2.4488616673674661     
   524.41943400000002        285.15744432964169        3.6423990776957502E-003  -9.5150861915184226       -2.6950944824403011        6.5935128551285942        2.2788920311177372     
   499.11962899999997        285.15234937336703        3.6471802559900376E-003  -9.5579350378123475       -2.6218088810853692        6.4616697432140944        2.1082180221246904     
   473.82891799999999        285.14664732183167        3.6522627263344256E-003  -9.5998885592174528       -2.5453577818781032        6.3105879444262962        1.9376563774555138     
   448.54824800000000        285.14022042398284        3.6577041881930713E-003  -9.6405868213552726       -2.4653209261724811        6.1406085735248483        1.7686731342058013     
   423.27871699999997        285.13292195384014        3.6635728521829166E-003  -9.6795294837773902       -2.3811957690440737        5.9529411968776760        1.6035512759516206     
   398.02175899999997        285.12455680771222        3.6699592198299988E-003  -9.7160365523891272       -2.2923720504456382        5.7484055804581660        1.4432154817817560     
   372.77890000000002        285.11486548110224        3.6769801552285668E-003  -9.7491805628961057       -2.1981274171500709        5.5287817281359155        1.2892862831740526     
   347.55215500000003        285.10349939773033        3.6847864455787937E-003  -9.7777001944312154       -2.0976289420969971        5.2967250284994005        1.1436738337119028     
   322.34393299999999        285.08997351984567        3.6935821663526651E-003  -9.7998947927928004       -1.9899367536417869        5.0554365562666472        1.0078365762839168     
   297.15716600000002        285.07362810596635        3.7036232693363116E-003  -9.8134850668133922       -1.8740712975443872        4.8098958654094357       0.88440812931943824     
   271.99560500000001        285.05347195493715        3.7152747557456355E-003  -9.8154769495129255       -1.7490218134873050        4.5629469760166197       0.77301298751712488     
   246.86404400000001        285.02799605577985        3.7290285758442470E-003  -9.8019904442189727       -1.6138502337293179        4.3171935265538632       0.67373418055087897     
   221.76879900000000        284.99477775952693        3.7455733244812087E-003  -9.7680699692377200       -1.4677406809795686        4.0725193592863000       0.58550457654344490     
   196.71839900000001        284.94983054089698        3.7658100639409893E-003  -9.7074091997170342       -1.3100436263938704        3.8255209653532418       0.50730715631133305     
   171.72468599999999        284.88608607667010        3.7909588609101545E-003  -9.6117671232434105       -1.1400786757509032        3.5659027803965238       0.43632669766278476     
   146.80502300000001        284.78936187882255        3.8229949008623016E-003  -9.4694662680600103      -0.95654951171899050        3.2742281887361129       0.36742702261571419     
   121.98595400000001        284.62768129455901        3.8654890879025660E-003  -9.2619267713914475      -0.75672386013829807        2.9264374916300042       0.29677098250033918     
   97.311340299999998        284.31605569529449        3.9258511942937271E-003  -8.9551879916196366      -0.53493148980122363        2.4968908555068396       0.22292639110355270     
   72.861091599999995        283.56895584005156        4.0220777125108036E-003  -8.4760660623700392      -0.27930914495710030        1.9650937553682457       0.14872030338701409     
   48.804748500000002        281.21132303301596        4.1921805286158614E-003  -7.6360162050630773        3.3334480994750365E-002   1.3440709403537883        8.7862402177925861E-002
   25.613332700000001        277.27266918118687        4.3076278483610876E-003  -6.3516431059718776       0.32002268588052152       0.96223420475412147       0.11216104046268159     
   10.000000000000000        275.49816801493853        4.3206820448145177E-003  -4.0111510683263756       0.53102514624618624       0.53308222248046133       0.32198109474286252     
   1997.2254600000001        290.85843768934313        6.0586760151159547E-004  -4.1600432026414653       -4.5163586315218200       0.17851104878814358        9.7302450214474545E-004
   1971.7959000000001        290.76185860373232        6.2926964113290621E-004  -4.1987422801948782       -4.5119660933492201       0.17851104878814358        9.7302450214474545E-004
   1946.3670700000000        290.66069879022558        6.5694202258691160E-004  -4.2585699745295482       -4.5077850738578489       0.41459789001160885        5.1841034198966875E-003
   1920.9388400000000        290.60626992943571        6.7855048042052410E-004  -4.3214606602030523       -4.5066980490976158       0.62019125772828720        1.6061396407470785E-002
   1895.5111099999999        290.55574503648683        6.9370494504037100E-004  -4.3892677147397086       -4.5098582555676421       0.76035987393918369        2.4758799938316686E-002
   1870.0839800000001        290.47652146389328        6.9862614203473428E-004  -4.4659780528544530       -4.5191311482593850       0.81351024217491674        2.1742067969272028E-002
   1844.6575900000000        290.39980195063549        6.9938641790625580E-004  -4.5447059270839913       -4.5349437526150709       0.91049887900221071        2.7124712117060641E-002
   1819.2318100000000        290.32373249046543        6.9949306377269007E-004  -4.6243666616843822       -4.5578065680337962       0.99488135946210399        3.1796274022125655E-002
   1793.8067599999999        290.20630075580658        6.9950995776684919E-004  -4.7093875082344514       -4.5901987169631546        1.0002223143827971        2.4749916849928780E-002
   1768.3824500000001        289.96091500175561        6.9953687379488145E-004  -4.8033728181396365       -4.6354384386610672       0.94899927245972526        1.4570457606247715E-002
   1742.9588600000000        289.71419644228661        6.9986098237880782E-004  -4.8952685745177611       -4.6886839317091349        1.0042969864469642        1.5852781313711543E-002
   1717.5362500000001        289.46518217986488        7.0259644385315507E-004  -4.9846065062439724       -4.7492075809105883        1.0564462733812547        1.7000754655128514E-002
   1692.1140100000000        289.23672306048576        7.1489395932827012E-004  -5.0698499426641837       -4.8150981938424886        1.1230913929221240        1.9600298038254828E-002
   1666.6927499999999        289.05627262158470        7.3633092126851405E-004  -5.1491966100618329       -4.8836293481029811        1.2174520091612193        2.5481732547912219E-002
   1641.2723400000000        288.87664729200878        7.6283060452878265E-004  -5.2257029668985666       -4.9564849394332589        1.2683862470726963        2.6991853766053509E-002
   1615.8527799999999        288.69841623016799        7.9521802418487956E-004  -5.2995386236508955       -5.0328752124383547        1.3182216713290347        2.8496566957129082E-002
   1590.4340800000000        288.53761777423318        8.3447492959282013E-004  -5.3700000341823015       -5.1108789685323623        1.3870226296572989        3.2470434370367382E-002
   1565.0162399999999        288.40246566390584        8.7403953992841487E-004  -5.4368276976559633       -5.1889223445143458        1.4723541996490646        3.9141845670506450E-002
   1539.5992400000000        288.26911470587441        9.1050690032506922E-004  -5.5021125769783623       -5.2684885976174902        1.5222791470553267        4.1016076885310643E-002
   1514.1834699999999        288.12920432416610        9.3517842403124561E-004  -5.5669019993238589       -5.3498834818669216        1.5568637263277108        4.0667487181116312E-002
   1488.7685500000000        287.92239559328215        9.4262026968465668E-004  -5.6351828478866848       -5.4373696500720863        1.5086383920211563        3.0041795455861709E-002
   1463.3546100000001        287.62896771195273        9.2106891659207311E-004  -5.7075248628583042       -5.5301194552037281        1.4693703868225096        2.2944933154941210E-002
   1437.9417699999999        287.32550596861586        8.9909708118168265E-004  -5.7815579117232803       -5.6227127010935769        1.5028301149014769        2.2931831010806442E-002
   1412.5300299999999        287.01264823609893        9.1461804452453832E-004  -5.8583192144653324       -5.7142354994538209        1.5381301784440018        2.2993070105108072E-002
   1387.1193800000001        286.65945784525491        1.0228493228961514E-003  -5.9400528873548311       -5.8050590285510575        1.5532987140560146        2.1377657154545680E-002
   1361.7099599999999        286.31788032648961        1.2683294463495891E-003  -6.0259750304905415       -5.8917203823364384        1.6093749624062361        2.2746362312243421E-002
   1336.3018800000000        285.71744295354733        2.0457523884091252E-003  -6.1259447215426155       -5.9814548221981978        1.5214836879139351        1.4626997625790842E-002
   1310.8949000000000        285.37611359570678        2.8325329182043628E-003  -6.2242052912624510       -6.0565550166060635        1.7252983237394537        2.4808528878592091E-002
   1285.4893800000000        285.23825675032066        3.2561443389308841E-003  -6.3159318759506187       -6.1141270834514332        2.0724496822865865        5.7107703629069168E-002
   1260.0852100000000        285.19719237272875        3.3886248707674493E-003  -6.3974196025363321       -6.1545985181729508        2.6099801387378827       0.17195223543068511     
   1234.6824999999999        285.17956132088290        3.4443670851800785E-003  -6.4734692375858796       -6.1836520258451477        3.1107817054280753       0.37885538322125756     
   1209.2811300000001        285.16904480023697        3.4759583304540373E-003  -6.5473851591758070       -6.2046289815959650        3.5357084205627998       0.63012500393666904     
   1183.8813500000001        285.16153313920194        3.4970405316471840E-003  -6.6205533626031858       -6.2191857218727185        3.9161870014233928       0.89877380781534033     
   1158.4832799999999        285.15557156312167        3.5125265573038461E-003  -6.6935842887406176       -6.2283067978361668        4.2702606453122325        1.1716424272802717     
   1133.0869100000000        285.15050959578343        3.5246342181855638E-003  -6.7667654655395708       -6.2326649004367258        4.6060193783880790        1.4407438116696105     
   1107.6922600000000        285.14600495346860        3.5345292701670270E-003  -6.8402403220896613       -6.2327597624730364        4.9265944637129468        1.6998001303365828     
   1082.3005400000000        285.14185449531459        3.5428934650263704E-003  -6.9140916147563578       -6.2289802191288057        5.2323924146502065        1.9432597195674441     
   1056.9097899999999        285.13793142881360        3.5501483799528213E-003  -6.9883523690192595       -6.2216350502662028        5.5245691635993719        2.1689517109948073     
   1031.5210000000000        285.13415123579068        3.5565710359985333E-003  -7.0630299180471487       -6.2109749977469306        5.8032304592222115        2.3754168765763768     
   1006.1343400000000        285.13045290280638        3.5623539027511224E-003  -7.1381197336832063       -6.1972052822467658        6.0679539794986814        2.5611287171026307     
   980.75000000000000        285.12678857849738        3.5676372748259092E-003  -7.2136151610620614       -6.1804930852092843        6.3179588516660079        2.7244025656752613     
   955.36804199999995        285.12311897047192        3.5725263608809713E-003  -7.2895080281136346       -6.1609733509639337        6.5525168502123154        2.8641909524932281     
   929.98846400000002        285.11941061518831        3.5771018569873683E-003  -7.3657875871998497       -6.1387528048055904        6.7710687513589285        2.9801487853814117     
   904.61157200000002        285.11562990497833        3.5814304424987738E-003  -7.4424523886345462       -6.1139103236248618        6.9720355477790106        3.0700868989053802     
   879.23742700000003        285.11174480431322        3.5855662255829513E-003  -7.5195000300113541       -6.0865002545131102        7.1547428305157199        3.1340472424143764     
   853.86627199999998        285.10772526907050        3.5895530308715290E-003  -7.5969225347148992       -6.0565549190837613        7.3189368735671376        3.1733639950655981     
   828.49829099999999        285.10354116919831        3.5934278949504091E-003  -7.6747092246518331       -6.0240847747429731        7.4641102914416475        3.1890287545462837     
   803.13348399999995        285.09916000860807        3.5972237494995979E-003  -7.7528484398417916       -5.9890770442982051        7.5895495688668140        3.1815748488588631     
   777.77227800000003        285.09454612563485        3.6009706498843861E-003  -7.8313269051472023       -5.9514951348566321        7.6944830607181443        3.1518041884521257     
   752.41485599999999        285.08966776228795        3.6046922505420815E-003  -7.9101098725884302       -5.9112854058124409        7.7799895159227903        3.1044546786443608     
   727.06133999999997        285.08449215629463        3.6084096532082591E-003  -7.9891507986012966       -5.8683725499938539        7.8461364785135075        3.0418674062776678     
   701.71209699999997        285.07898036533265        3.6121444960416356E-003  -8.0683990679622752       -5.8226532676631573        7.8919982925020005        2.9644232456958233     
   676.36755400000004        285.07308711526520        3.6159189330438614E-003  -8.1477956054371887       -5.7739943940914280        7.9169087822021176        2.8731306237939971     
   651.02789299999995        285.06675666440469        3.6197574002396443E-003  -8.2272733755958782       -5.7222274334856751        7.9198783204471219        2.7683006561751560     
   625.69360400000005        285.05992334826578        3.6236860152381667E-003  -8.3067484311883728       -5.6671469051617480        7.9004255522968210        2.6513740081217216     
   600.36511199999995        285.05251016920175        3.6277329231449327E-003  -8.3861130126040830       -5.6085070069475087        7.8583134742774501        2.5241691426896904     
   575.04284700000005        285.04442758166294        3.6319284743092546E-003  -8.4652262906592934       -5.5460179405658820        7.7936596055303609        2.3889220295407880     
   549.72741699999995        285.03556248445040        3.6363091682331630E-003  -8.5439164820477487       -5.4793329693283148        7.7056648684716320        2.2462773605036008     
   524.41943400000002        285.02577744769741        3.6409170125066012E-003  -8.6219622786866061       -5.4080456277830091        7.5944219984105654        2.0982079697152352     
   499.11962899999997        285.01491383783008        3.6457976091700682E-003  -8.6990685568496477       -5.3316915276115102        7.4611603933175461        1.9480760007206377     
   473.82891799999999        285.00277263828491        3.6510061789146397E-003  -8.7748624108722630       -5.2497291805158257        7.3059868966750745        1.7971947466624532     
   448.54824800000000        284.98910125330247        3.6566103555777467E-003  -8.8488706186465702       -5.1615301606967670        7.1292495443459023        1.6469452003783711     
   423.27871699999997        284.97357889210576        3.6626926189092975E-003  -8.9204875585342442       -5.0663716288246432        6.9318129356088711        1.4990460922668647     
   398.02175899999997        284.95578663131357        3.6693564938692562E-003  -8.9889425625758896       -4.9634216248338108        6.7144167208741274        1.3547620121872166     
   372.77890000000002        284.93516910544292        3.6767327751815321E-003  -9.0532522410478009       -4.8517282230157885        6.4781347957548867        1.2153847637715238     
   347.55215500000003        284.91097868425783        3.6849873620408086E-003  -9.1121606064742906       -4.7302093537391467        6.2242645734723956        1.0821858620000029     
   322.34393299999999        284.88219668820994        3.6943296637573799E-003  -9.1640620454126456       -4.5976464288040777        5.9544664830094787       0.95650520792595395     
   297.15716600000002        284.84741885378952        3.7050204395997740E-003  -9.2069037506947531       -4.4526820703145660        5.6706158488296428       0.83965146596349316     
   271.99560500000001        284.80460478358503        3.7173979329391156E-003  -9.2380724112757537       -4.2937747682303753        5.3730961224009670       0.73165684227541028     
   246.86404400000001        284.75065576815246        3.7319107619933453E-003  -9.2542210474413906       -4.1191329671433259        5.0610001459790492       0.63202567259568587     
   221.76879900000000        284.68071634913116        3.7491539305005406E-003  -9.2509980567939660       -3.9266246937933857        4.7326456032428723       0.54047955268099357     
   196.71839900000001        284.58676023261529        3.7699415759724132E-003  -9.2226037036232498       -3.7135669969424003        4.3841623986674438       0.45631561510160129     
   171.72468599999999        284.45445705582563        3.7954757490369631E-003  -9.1609676817416705       -3.4762810019518273        4.0083458699972914       0.37818355157594175     
   146.80502300000001        284.25541595617216        3.8277544198393070E-003  -9.0540675146519742       -3.2091820618140341        3.5938745865302191       0.30424451422646048     
   121.98595400000001        283.92649831251418        3.8704176463726417E-003  -8.8822932062151132       -2.9030879382098984        3.1274801414636881       0.23364457366502656     
   97.311340299999998        283.30474526778215        3.9306871059511623E-003  -8.6098078545227903       -2.5416250290554769        2.5964308547002548       0.16726389197033559     
   72.861091599999995        281.88669140465271        4.0231241795409562E-003  -8.1611704506181848       -2.0928868011247213        1.9955814431493779       0.10882865263954937     
   48.804748500000002        278.04417885644705        4.1583321089307601E-003  -7.3517557562537670       -1.4923833243649567        1.3527169746871359        6.8264651177018229E-002
   25.613332700000001        274.77767329856744        4.1800131912124788E-003  -6.1780635191296387      -0.88671446690266387        1.0388981054499888       0.14312805108479795     
   10.000000000000000        273.53370240979780        4.1592500152639938E-003  -3.9953707110466334      -0.16761229070455683       0.56857377383059471       0.38514886091554623     
   1997.2254600000001        290.84902163889592        6.0637944575762026E-004  -3.4926326832687216       -4.0918751677118133       0.16670569575163932        7.8045319999221123E-004
   1971.7959000000001        290.73615664257653        6.3025658634799353E-004  -3.5252719612129786       -4.1133510290290216       0.16670569575163932        7.8045319999221123E-004
   1946.3670700000000        290.62446519727911        6.5850227190610195E-004  -3.5719906895467264       -4.1505834368681134       0.39279566247087566        4.4033776208450481E-003
   1920.9388400000000        290.56420298659913        6.7863409496667299E-004  -3.6186434934997749       -4.1918229698970624       0.58058393467704028        1.3270872937124008E-002
   1895.5111099999999        290.50937318117332        6.9185993733822230E-004  -3.6660011773844774       -4.2385278977533627       0.70479089870944933        2.0249378749548921E-002
   1870.0839800000001        290.42926488514689        6.9784964174999392E-004  -3.7157047608925255       -4.2938201466043475       0.75183682758909542        1.8359800716483885E-002
   1844.6575900000000        290.35171465632328        6.9919059353202966E-004  -3.7634750143104876       -4.3536431671189790       0.82704714760505726        2.2100590693482615E-002
   1819.2318100000000        290.27405859408833        6.9945192040160890E-004  -3.8085552910526719       -4.4177330515618793       0.88558176023196766        2.4709679691035963E-002
   1793.8067599999999        290.15617770387991        6.9950898975751515E-004  -3.8527688202069466       -4.4903112099801321       0.87609934778904608        1.8781245488854889E-002
   1768.3824500000001        289.91554843785826        6.9959020550426762E-004  -3.8971606757509187       -4.5756117330953154       0.81842645134740155        1.0855001526961222E-002
   1742.9588600000000        289.67143775903372        7.0021943958316856E-004  -3.9367743279763747       -4.6641206313910368       0.84658337583089238        1.1215033868091209E-002
   1717.5362500000001        289.42484176598884        7.0396373064837117E-004  -3.9716776684663233       -4.7550931435357953       0.87137807842562620        1.1494823625235890E-002
   1692.1140100000000        289.19819717195787        7.1685563671435915E-004  -4.0017294931443512       -4.8465286796816205       0.90681329676534372        1.2668083703240600E-002
   1666.6927499999999        289.01706865647168        7.3754675848148601E-004  -4.0269384269228654       -4.9358991491246424       0.96220823238961051        1.5650522220584637E-002
   1641.2723400000000        288.83732884614983        7.6424553001423290E-004  -4.0486344731646318       -5.0260217675328844       0.98607120260915926        1.6049281685369801E-002
   1615.8527799999999        288.65919931594192        7.9734368292768679E-004  -4.0673434062333902       -5.1166270293550831        1.0106324635895625        1.6473396200044624E-002
   1590.4340800000000        288.49804496447229        8.3596887041244641E-004  -4.0835041591558481       -5.2062179843610723        1.0512742288731609        1.8298323689570947E-002
   1565.0162399999999        288.36120120656074        8.7355880385212384E-004  -4.0977301980468370       -5.2938211002189455        1.1058370454096682        2.1516034413719187E-002
   1539.5992400000000        288.22654318597279        9.0741676424507193E-004  -4.1109968648395743       -5.3815099886383999        1.1395130301531537        2.2421065130623242E-002
   1514.1834699999999        288.08433764571566        9.3041417505726693E-004  -4.1241596578387529       -5.4702896973345601        1.1643763135842868        2.2116348022059605E-002
   1488.7685500000000        287.87807780666179        9.3820901821657155E-004  -4.1386571669836183       -5.5648912994298936        1.1358717425729912        1.6754828872561786E-002
   1463.3546100000001        287.58805039754867        9.2110544022616647E-004  -4.1557923592129544       -5.6651578650890748        1.1157450670245959        1.3100603778912112E-002
   1437.9417699999999        287.28618336760297        9.0503666756379332E-004  -4.1765174115686561       -5.7662206297823317        1.1515757993248621        1.3296565941142761E-002
   1412.5300299999999        286.97338372402385        9.2821335131281640E-004  -4.2024167218214128       -5.8677140719728031        1.1932537827738783        1.3638852255922136E-002
   1387.1193800000001        286.62039349821742        1.0463861996312695E-003  -4.2355028867047668       -5.9705716982439663        1.2246889047121421        1.3116843044219508E-002
   1361.7099599999999        286.27094596890453        1.3101647495424818E-003  -4.2767840586526846       -6.0718646816522606        1.2884708836635279        1.4224280854080815E-002
   1336.3018800000000        285.67481650250318        2.1021979936533277E-003  -4.3319081595229552       -6.1798145542541283        1.2500669823506925        9.8139107044283025E-003
   1310.8949000000000        285.33034498747310        2.8624977285711980E-003  -4.3934876597223358       -6.2747171558111443        1.4461407336133649        1.7169183170140222E-002
   1285.4893800000000        285.18861716625094        3.2495337603935205E-003  -4.4572223506924029       -6.3523634629882801        1.7725530044122113        4.0714558814263259E-002
   1260.0852100000000        285.14125353365876        3.3795383329130982E-003  -4.5194420860892031       -6.4128913288349301        2.2448737157871430       0.11642015566946480     
   1234.6824999999999        285.11898154398540        3.4370239405012966E-003  -4.5817582600589830       -6.4622346287896670        2.6969073082898327       0.24885756215773180     
   1209.2811300000001        285.10502542372558        3.4699414658671693E-003  -4.6454769843663710       -6.5040143028221831        3.0998635204871774       0.41461961207316311     
   1183.8813500000001        285.09470431152079        3.4919142328980191E-003  -4.7110973870576753       -6.5400897868936152        3.4691051227452387       0.59646550887143157     
   1158.4832799999999        285.08628385072205        3.5080237895559209E-003  -4.7787549671550575       -6.5715289140064881        3.8154292601716926       0.78441237995903446     
   1133.0869100000000        285.07897013100472        3.5205934087426199E-003  -4.8484418201287669       -6.5990144132897752        4.1440184246382898       0.97191507219557782     
   1107.6922600000000        285.07233870512084        3.5308484228180137E-003  -4.9200980235514420       -6.6230155220814408        4.4569622053898428        1.1538578346281574     
   1082.3005400000000        285.06613401672939        3.5395048905037868E-003  -4.9936563915213554       -6.6438712912357678        4.7545125202528480        1.3258738818414175     
   1056.9097899999999        285.06019502853928        3.5470047232978603E-003  -5.0690351502461235       -6.6618244265178514        5.0378362723060954        1.4860909664981883     
   1031.5210000000000        285.05441297237837        3.5536379400758502E-003  -5.1461508709598203       -6.6770516713212151        5.3072127627001393        1.6331800357675770     
   1006.1343400000000        285.04870811829642        3.5596055300259541E-003  -5.2249250744120257       -6.6896809612788815        5.5625140860296769        1.7659034769117110     
   980.75000000000000        285.04301686257332        3.5650534211604488E-003  -5.3052894140860039       -6.6998030684278458        5.8033131938959226        1.8830242926636414     
   955.36804199999995        285.03728585586481        3.5700908017452333E-003  -5.3871841435726671       -6.7074776997960326        6.0291575810931963        1.9837197022588786     
   929.98846400000002        285.03146867328962        3.5748012497767768E-003  -5.4705555428221597       -6.7127380259255744        6.2397314081314681        2.0676857247147158     
   904.61157200000002        285.02551801153447        3.5792533193547602E-003  -5.5553656865487078       -6.7155947362832960        6.4338383984193257        2.1334910468909780     
   879.23742700000003        285.01938803597176        3.5835024990827236E-003  -5.6415823199480313       -6.7160364806990938        6.6109893646980264        2.1811453217752677     
   853.86627199999998        285.01303488565088        3.5875938229526158E-003  -5.7291742519484679       -6.7140309144338595        6.7709970980128356        2.2114826741052234     
   828.49829099999999        285.00641392989996        3.5915653540629800E-003  -5.8181134234897423       -6.7095257491549800        6.9134328418703852        2.2251483064295519     
   803.13348399999995        284.99947683581138        3.5954507814006430E-003  -5.9083761343242012       -6.7024483022875430        7.0377093859860702        2.2225612912940704     
   777.77227800000003        284.99217045959449        3.5992807227528969E-003  -5.9999426914641436       -6.6927052999911076        7.1431704574249206        2.2043309421806061     
   752.41485599999999        284.98444582858650        3.6030798826474724E-003  -6.0927784687117148       -6.6801825154010128        7.2305552284767884        2.1734486685113605     
   727.06133999999997        284.97625166171770        3.6068705384138806E-003  -6.1868429651290819       -6.6647442869621294        7.2998204734513985        2.1314723325567368     
   701.71209699999997        284.96752727300202        3.6106753987086063E-003  -6.2820981268111771       -6.6462306568208325        7.3500972740913317        2.0787321266365670     
   676.36755400000004        284.95820185384270        3.6145177561657986E-003  -6.3785052027638791       -6.6244546957542996        7.3806435419044174        2.0158943612445310     
   651.02789299999995        284.94818882675509        3.6184230718431256E-003  -6.4760261618019461       -6.5991980918463566        7.3904882135485082        1.9432479202158297     
   625.69360400000005        284.93738601444721        3.6224185907331031E-003  -6.5746164223606023       -6.5702076453699192        7.3790092599623591        1.8617637078690836     
   600.36511199999995        284.92567331128134        3.6265337384623775E-003  -6.6742194964981838       -6.5371904340858062        7.3457904989900680        1.7726810769636197     
   575.04284700000005        284.91291036442522        3.6308004200464451E-003  -6.7747597102639014       -6.4998088424500686        7.2906625859647551        1.6774950390109540     
   549.72741699999995        284.89892136555312        3.6352565722690745E-003  -6.8761473112522573       -6.4576699930320878        7.2127440315315399        1.5767617243477092     
   524.41943400000002        284.88349293221455        3.6399457802601129E-003  -6.9782629920905386       -6.4103187124549725        7.1118380930520111        1.4718558359873823     
   499.11962899999997        284.86637650098692        3.6449158872653353E-003  -7.0809366214794958       -6.3572325220056278        6.9886360505935654        1.3649910897711561     
   473.82891799999999        284.84726165986382        3.6502243084204048E-003  -7.1839485063752155       -6.2978039039254332        6.8429549184445380        1.2571651288607084     
   448.54824800000000        284.82575603292577        3.6559407406298716E-003  -7.2870123726215068       -6.2313244109406947        6.6747931234899589        1.1494056986689072     
   423.27871699999997        284.80136225947786        3.6621496013916404E-003  -7.3897492473140955       -6.1569679467024292        6.4845550013406674        1.0429362797239461     
   398.02175899999997        284.77343447554796        3.6689554831138859E-003  -7.4916609465403869       -6.0737655724990303        6.2726115273390608       0.93874050269435361     
   372.77890000000002        284.74112109798591        3.6764889059443845E-003  -7.5920878302374195       -5.9805776931157624        6.0396606151290610       0.83781497744340117     
   347.55215500000003        284.70328166627468        3.6849135457669088E-003  -7.6901522313478266       -5.8760604507884935        5.7867162586734917       0.74115542363177733     
   322.34393299999999        284.65836983814552        3.6944339391294873E-003  -7.7846778077185723       -5.7586280284578875        5.5152767786225061       0.64981173281214000     
   297.15716600000002        284.60425679199273        3.7053043187443781E-003  -7.8740805363437607       -5.6264080022506917        5.2272857443537850       0.56478293590128070     
   271.99560500000001        284.53786779262543        3.7178528670972722E-003  -7.9562367614328426       -5.4771575981800886        4.9239457167768670       0.48635620092899856     
   246.86404400000001        284.45455345556087        3.7325167643745159E-003  -8.0282816337736005       -5.3081459447784356        4.6058696318260193       0.41446434637122709     
   221.76879900000000        284.34706329365798        3.7498799266817797E-003  -8.0862880308368990       -5.1160085092433434        4.2737311552558550       0.34921580201539593     
   196.71839900000001        284.20344545948933        3.7707526774509118E-003  -8.1247801900956169       -4.8964703986966045        3.9268505497467894       0.29037169549931396     
   171.72468599999999        284.00246572823477        3.7963344727984581E-003  -8.1358984040409954       -4.6438156472590846        3.5621172760802042       0.23726210645254750     
   146.80502300000001        283.70254597831820        3.8285526680559468E-003  -8.1077913763053893       -4.3498175981113114        3.1729884420893875       0.18888865006145092     
   121.98595400000001        283.21276591067095        3.8706378856310617E-003  -8.0211801974290502       -4.0016311518215053        2.7502261386616023       0.14458652046814235     
   97.311340299999998        282.30506363428867        3.9276831327727151E-003  -7.8412131842581854       -3.5772288741929894        2.2832442968621525       0.10446188921825890     
   72.861091599999995        280.31530404691949        4.0020636956018289E-003  -7.4955678450191208       -3.0349278610011807        1.7658518223032877        7.0221610828669484E-002
   48.804748500000002        275.49666296396674        4.0324827477180589E-003  -6.8124290749126786       -2.2948796144490626        1.2221239587887214        4.8772401332431596E-002
   25.613332700000001        273.01282220880415        3.9271478561813617E-003  -5.8159117130590312       -1.5685817652512175        1.0200941731242754       0.15752146530381103     
   10.000000000000000        271.99918711889967        3.8342192830264151E-003  -3.8396453689761363      -0.61722361160169603       0.55833354125230650       0.39161683522025470     
   1997.2254600000001        290.84031920101364        6.0664901888817879E-004  -3.3376775424585294       -3.2709349301836301        1.0000000000000000E-004   1.0000000000000000E-004
   1971.7959000000001        290.71218879281150        6.3079283254988377E-004  -3.3561118977512763       -3.2982626893209472        1.0000000000000000E-004   1.0000000000000000E-004
   1946.3670700000000        290.59047492445251        6.5922316147806531E-004  -3.3761388469002074       -3.3432406876763738        1.0000000000000000E-004   1.0000000000000000E-004
   1920.9388400000000        290.52449619382742        6.7862386396965498E-004  -3.3935726961562600       -3.3909535008359097        1.0000000000000000E-004   1.0000000000000000E-004
   1895.5111099999999        290.46560188392186        6.9110167694169688E-004  -3.4083500245455278       -3.4425197351537045        1.0000000000000000E-004   1.0000000000000000E-004
   1870.0839800000001        290.38403774209280        6.9741715311884885E-004  -3.4201470297254386       -3.5004558863349922        1.0000000000000000E-004   1.0000000000000000E-004
   1844.6575900000000        290.30543724168331        6.9905298778152891E-004  -3.4280846985843008       -3.5602938081034488        1.0000000000000000E-004   1.0000000000000000E-004
   1819.2318100000000        290.22662537245401        6.9941719018357118E-004  -3.4318221406685847       -3.6215088581629598        1.0000000000000000E-004   1.0000000000000000E-004
   1793.8067599999999        290.10881220077079        6.9950740471157527E-004  -3.4305953955934765       -3.6875789195814419        1.0000000000000000E-004   1.0000000000000000E-004
   1768.3824500000001        289.87163940749446        6.9962749941518095E-004  -3.4231452932381314       -3.7616905012735895        1.0000000000000000E-004   1.0000000000000000E-004
   1742.9588600000000        289.62995916298695        7.0041903302294438E-004  -3.4108221446753322       -3.8353362097397969        1.0000000000000000E-004   1.0000000000000000E-004
   1717.5362500000001        289.38540502068560        7.0458433323243293E-004  -3.3941757170352767       -3.9079823047322653        1.0000000000000000E-004   1.0000000000000000E-004
   1692.1140100000000        289.16006606017214        7.1766070362518758E-004  -3.3741513490201940       -3.9782693674758232        1.0000000000000000E-004   1.0000000000000000E-004
   1666.6927499999999        288.97866136327491        7.3809752309093846E-004  -3.3519725407668415       -4.0446637594408212        1.0000000000000000E-004   1.0000000000000000E-004
   1641.2723400000000        288.79868799030322        7.6485027221462375E-004  -3.3272441166284681       -4.1096230297688834        1.0000000000000000E-004   1.0000000000000000E-004
   1615.8527799999999        288.62027863536616        7.9814315587373435E-004  -3.3004778411829432       -4.1733504302383313        1.0000000000000000E-004   1.0000000000000000E-004
   1590.4340800000000        288.45846696999672        8.3646183458582193E-004  -3.2727163167961688       -4.2352709561550181        1.0000000000000000E-004   1.0000000000000000E-004
   1565.0162399999999        288.32027994415415        8.7331332792832546E-004  -3.2448792111408826       -4.2952705237601769        1.0000000000000000E-004   1.0000000000000000E-004
   1539.5992400000000        288.18446930372414        9.0618282337950537E-004  -3.2168029452084426       -4.3553156330346976        1.0000000000000000E-004   1.0000000000000000E-004
   1514.1834699999999        288.04093527489209        9.2852790875531097E-004  -3.1887497221117185       -4.4167498287879550        1.0000000000000000E-004   1.0000000000000000E-004
   1488.7685500000000        287.83508531563092        9.3640563695925418E-004  -3.1599078996769538       -4.4835635908024276        1.0000000000000000E-004   1.0000000000000000E-004
   1463.3546100000001        287.54725744956454        9.2118459324883593E-004  -3.1316445367088299       -4.5566218677019945        1.0000000000000000E-004   1.0000000000000000E-004
   1437.9417699999999        287.24676998845035        9.0797808953101047E-004  -3.1071521509151907       -4.6332912328538436        1.0000000000000000E-004   1.0000000000000000E-004
   1412.5300299999999        286.93415001257762        9.3522059022643289E-004  -3.0881443052851187       -4.7140237545586698        1.0000000000000000E-004   1.0000000000000000E-004
   1387.1193800000001        286.58063017118030        1.0592957617583489E-003  -3.0761376483220855       -4.8001938924524952        1.0000000000000000E-004   1.0000000000000000E-004
   1361.7099599999999        286.22533586909583        1.3340712666692683E-003  -3.0732946467425730       -4.8899447460229482        1.0000000000000000E-004   1.0000000000000000E-004
   1336.3018800000000        285.62914300072498        2.1331981856394238E-003  -3.0812988529285965       -4.9909264756360017        1.0000000000000000E-004   1.0000000000000000E-004
   1310.8949000000000        285.28069198839165        2.8782113872804637E-003  -3.1012975759878989       -5.0849465414780788        1.0000000000000000E-004   1.0000000000000000E-004
   1285.4893800000000        285.13475211436520        3.2472670462519505E-003  -3.1306222644984154       -5.1665514053506545        1.0000000000000000E-004   1.0000000000000000E-004
   1260.0852100000000        285.08231586971982        3.3757186369505836E-003  -3.1656909917816711       -5.2347197115522910        1.0000000000000000E-004   1.0000000000000000E-004
   1234.6824999999999        285.05617685628437        3.4338080006436223E-003  -3.2053779077774793       -5.2943614256060174        1.0000000000000000E-004   1.0000000000000000E-004
   1209.2811300000001        285.03917618219941        3.4672430786648520E-003  -3.2492686642184609       -5.3486213755556511        1.0000000000000000E-004   1.0000000000000000E-004
   1183.8813500000001        285.02626249847691        3.4895630545240751E-003  -3.2970147915256800       -5.3991149609386868        1.0000000000000000E-004   1.0000000000000000E-004
   1158.4832799999999        285.01550993977747        3.5059098148235573E-003  -3.3482976545548491       -5.4467290712898127        1.0000000000000000E-004   1.0000000000000000E-004
   1133.0869100000000        285.00602102324416        3.5186506669630585E-003  -3.4028421694973323       -5.4919937421546363        1.0000000000000000E-004   1.0000000000000000E-004
   1107.6922600000000        284.99730840609618        3.5290368108909544E-003  -3.4604201457110144       -5.5352468501395720        1.0000000000000000E-004   1.0000000000000000E-004
   1082.3005400000000        284.98907383808438        3.5377993674378591E-003  -3.5208518849191326       -5.5767166677305848        1.0000000000000000E-004   1.0000000000000000E-004
   1056.9097899999999        284.98112802821123        3.5453886736885988E-003  -3.5839832474742086       -5.6165451390607961        1.0000000000000000E-004   1.0000000000000000E-004
   1031.5210000000000        284.97334226464471        3.5520997769239383E-003  -3.6496838368075353       -5.6548194928382696        1.0000000000000000E-004   1.0000000000000000E-004
   1006.1343400000000        284.96562111402835        3.5581367752912105E-003  -3.7178455988702122       -5.6915886471801151        1.0000000000000000E-004   1.0000000000000000E-004
   980.75000000000000        284.95788702472856        3.5636476453131632E-003  -3.7883829649272922       -5.7268751247675693        1.0000000000000000E-004   1.0000000000000000E-004
   955.36804199999995        284.95007383079889        3.5687429608043607E-003  -3.8612289915130495       -5.7606796099044013        1.0000000000000000E-004   1.0000000000000000E-004
   929.98846400000002        284.94212303545464        3.5735073276025346E-003  -3.9363310444794926       -5.7929839630412534        1.0000000000000000E-004   1.0000000000000000E-004
   904.61157200000002        284.93397333118281        3.5780100444003419E-003  -4.0136581709824251       -5.8237583201935852        1.0000000000000000E-004   1.0000000000000000E-004
   879.23742700000003        284.92556446840712        3.5823071845528694E-003  -4.0931916957575121       -5.8529569385223956        1.0000000000000000E-004   1.0000000000000000E-004
   853.86627199999998        284.91683853922495        3.5864441932247060E-003  -4.1749206380991373       -5.8805179041027227        1.0000000000000000E-004   1.0000000000000000E-004
   828.49829099999999        284.90773613762269        3.5904594852335537E-003  -4.2588435105642652       -5.9063642159571410        1.0000000000000000E-004   1.0000000000000000E-004
   803.13348399999995        284.89819241311363        3.5943869913860793E-003  -4.3449689829813822       -5.9304039300716882        1.0000000000000000E-004   1.0000000000000000E-004
   777.77227800000003        284.88813568818131        3.5982574852298230E-003  -4.4333156365434894       -5.9525294117545853        1.0000000000000000E-004   1.0000000000000000E-004
   752.41485599999999        284.87750074643884        3.6020958133176073E-003  -4.5238956826325580       -5.9726101240382192        1.0000000000000000E-004   1.0000000000000000E-004
   727.06133999999997        284.86621962137781        3.6059243505461125E-003  -4.6167229599001622       -5.9904952128229239        1.0000000000000000E-004   1.0000000000000000E-004
   701.71209699999997        284.85421131307646        3.6097659294656304E-003  -4.7118212645411077       -6.0060144523010202        1.0000000000000000E-004   1.0000000000000000E-004
   676.36755400000004        284.84138089696478        3.6136440611116223E-003  -4.8092232531271568       -6.0189738295768294        1.0000000000000000E-004   1.0000000000000000E-004
   651.02789299999995        284.82761173460170        3.6175844536981750E-003  -4.9089727772025773       -6.0291526268373179        1.0000000000000000E-004   1.0000000000000000E-004
   625.69360400000005        284.81276602417614        3.6216146733196826E-003  -5.0111199609605404       -6.0362965160218049        1.0000000000000000E-004   1.0000000000000000E-004
   600.36511199999995        284.79668207341331        3.6257644817367430E-003  -5.1157178022445677       -6.0401113499870682        1.0000000000000000E-004   1.0000000000000000E-004
   575.04284700000005        284.77917121061716        3.6300662216151975E-003  -5.2228174115770756       -6.0402550266359789        1.0000000000000000E-004   1.0000000000000000E-004
   549.72741699999995        284.75999696780269        3.6345582317515632E-003  -5.3324755385664613       -6.0363291676131086        1.0000000000000000E-004   1.0000000000000000E-004
   524.41943400000002        284.73887281256475        3.6392845375913473E-003  -5.4447428321007552       -6.0278660175301528        1.0000000000000000E-004   1.0000000000000000E-004
   499.11962899999997        284.71546672457924        3.6442935174878085E-003  -5.5596455719263771       -6.0143147124187335        1.0000000000000000E-004   1.0000000000000000E-004
   473.82891799999999        284.68936481017170        3.6496431245079007E-003  -5.6771914997484831       -5.9950238694713089        1.0000000000000000E-004   1.0000000000000000E-004
   448.54824800000000        284.66004478483285        3.6554036365619960E-003  -5.7973575907747863       -5.9692191613173495        1.0000000000000000E-004   1.0000000000000000E-004
   423.27871699999997        284.62684628531582        3.6616601418033821E-003  -5.9200689383868692       -5.9359751355530657        1.0000000000000000E-004   1.0000000000000000E-004
   398.02175899999997        284.58891373187203        3.6685179804137932E-003  -6.0451777402763645       -5.8941797233519120        1.0000000000000000E-004   1.0000000000000000E-004
   372.77890000000002        284.54512185174650        3.6761085304213019E-003  -6.1724258839317088       -5.8424895489458635        1.0000000000000000E-004   1.0000000000000000E-004
   347.55215500000003        284.49396781446569        3.6845965427076974E-003  -6.3013913196440647       -5.7792746508883370        1.0000000000000000E-004   1.0000000000000000E-004
   322.34393299999999        284.43342174365137        3.6941879023452665E-003  -6.4314074382043271       -5.7025526933518069        1.0000000000000000E-004   1.0000000000000000E-004
   297.15716600000002        284.36070041535561        3.7051389149122026E-003  -6.5614486348651599       -5.6099098893554808        1.0000000000000000E-004   1.0000000000000000E-004
   271.99560500000001        284.27179942162667        3.7177802562970699E-003  -6.6899945168108435       -5.4983869905916105        1.0000000000000000E-004   1.0000000000000000E-004
   246.86404400000001        284.16068532269173        3.7325513906289955E-003  -6.8148246823252059       -5.3643253334732997        1.0000000000000000E-004   1.0000000000000000E-004
   221.76879900000000        284.01800744259043        3.7500342761613670E-003  -6.9326892093645469       -5.2031746201839608        1.0000000000000000E-004   1.0000000000000000E-004
   196.71839900000001        283.82846671953001        3.7710204657961780E-003  -7.0388445211687367       -5.0091683917344785        1.0000000000000000E-004   1.0000000000000000E-004
   171.72468599999999        283.56514097162949        3.7966292503519199E-003  -7.1263084031731383       -4.7747197642663917        1.0000000000000000E-004   1.0000000000000000E-004
   146.80502300000001        283.17600645373170        3.8284813110698156E-003  -7.1844833983823824       -4.4891850061004792        1.0000000000000000E-004   1.0000000000000000E-004
   121.98595400000001        282.54953794711741        3.8686181493748097E-003  -7.1961838408343057       -4.1363099077243008        1.0000000000000000E-004   1.0000000000000000E-004
   97.311340299999998        281.17079901902002        3.9107681410410974E-003  -7.0658068337844657       -3.6232047355188355       0.18738256816495197       0.19559617279831193     
   72.861091599999995        277.19750832927667        3.8531595967390459E-003  -6.1958795658602082       -2.5544992906423967        1.6374279165706127        1.7093039271128547     
   48.804748500000002        273.80903997364152        3.7105747938419986E-003  -5.3758435246889711       -1.7634636220204514        5.5771592321613754        5.8220051069786845     
   25.613332700000001        273.06837052347305        3.6313106276786764E-003  -4.9094294787764872       -1.3936370595182643        6.6733382017613199        6.9663140398170746     
   10.000000000000000        272.74288628481975        3.5716815854553515E-003  -4.0400728525057730      -0.89578742429515368        3.4635244022836096        3.6155822308835872     
   1997.2254600000001        290.83739159192794        6.0670278242444119E-004  -3.3616393792264558       -1.6376462455127223        1.0000000000000000E-004   1.0000000000000000E-004
   1971.7959000000001        290.70051201239579        6.3078979495446801E-004  -3.3787561795339185       -1.6738897789310534        1.0000000000000000E-004   1.0000000000000000E-004
   1946.3670700000000        290.56933235222704        6.5921567617744194E-004  -3.3835348956027587       -1.7216632006993662        1.0000000000000000E-004   1.0000000000000000E-004
   1920.9388400000000        290.49791704164227        6.7861811503398567E-004  -3.3847168996980432       -1.7685405266113874        1.0000000000000000E-004   1.0000000000000000E-004
   1895.5111099999999        290.43530612594662        6.9109655022208500E-004  -3.3814202862004632       -1.8151597891750444        1.0000000000000000E-004   1.0000000000000000E-004
   1870.0839800000001        290.35173783588994        6.9741325380634543E-004  -3.3715359997475436       -1.8628171225813737        1.0000000000000000E-004   1.0000000000000000E-004
   1844.6575900000000        290.27190756230476        6.9905192676895445E-004  -3.3579174583507809       -1.9081036210152367        1.0000000000000000E-004   1.0000000000000000E-004
   1819.2318100000000        290.19240589190957        6.9941696152323713E-004  -3.3407538046495144       -1.9504369432743116        1.0000000000000000E-004   1.0000000000000000E-004
   1793.8067599999999        290.07515721887717        6.9950743006892029E-004  -3.3169316327044442       -1.9913710500521127        1.0000000000000000E-004   1.0000000000000000E-004
   1768.3824500000001        289.84009901302261        6.9962806238565577E-004  -3.2832608353021522       -2.0319029511266637        1.0000000000000000E-004   1.0000000000000000E-004
   1742.9588600000000        289.60071778214535        7.0042185938565065E-004  -3.2470311347667113       -2.0678386216869935        1.0000000000000000E-004   1.0000000000000000E-004
   1717.5362500000001        289.35801239772843        7.0459179793555928E-004  -3.2089925576895730       -2.0992644391045223        1.0000000000000000E-004   1.0000000000000000E-004
   1692.1140100000000        289.13384317515749        7.1766689555629031E-004  -3.1707602262679329       -2.1260654085724076        1.0000000000000000E-004   1.0000000000000000E-004
   1666.6927499999999        288.95288989418231        7.3810285865739207E-004  -3.1342491382613118       -2.1482303713594346        1.0000000000000000E-004   1.0000000000000000E-004
   1641.2723400000000        288.77309193801636        7.6485580962481169E-004  -3.0973518684859034       -2.1669674516229533        1.0000000000000000E-004   1.0000000000000000E-004
   1615.8527799999999        288.59471652150938        7.9814743962285215E-004  -3.0602270547908059       -2.1827917306636628        1.0000000000000000E-004   1.0000000000000000E-004
   1590.4340800000000        288.43270291268345        8.3646069753812603E-004  -3.0239519067070506       -2.1961435563890985        1.0000000000000000E-004   1.0000000000000000E-004
   1565.0162399999999        288.29411421445155        8.7331007796504010E-004  -2.9891769927213039       -2.2076525933075364        1.0000000000000000E-004   1.0000000000000000E-004
   1539.5992400000000        288.15795975608603        9.0617409052809960E-004  -2.9543079007082893       -2.2184030797865217        1.0000000000000000E-004   1.0000000000000000E-004
   1514.1834699999999        288.01445381515646        9.2851584806503409E-004  -2.9184802697768983       -2.2294206070343003        1.0000000000000000E-004   1.0000000000000000E-004
   1488.7685500000000        287.80950763991041        9.3638632778697583E-004  -2.8781641792888957       -2.2425400668279352        1.0000000000000000E-004   1.0000000000000000E-004
   1463.3546100000001        287.52343788227813        9.2118624368150168E-004  -2.8335418149955749       -2.2593326534555516        1.0000000000000000E-004   1.0000000000000000E-004
   1437.9417699999999        287.22476681574932        9.0801194009503797E-004  -2.7885734626545009       -2.2806104269922907        1.0000000000000000E-004   1.0000000000000000E-004
   1412.5300299999999        286.91360596340621        9.3530178504152932E-004  -2.7439699441444447       -2.3079549088439419        1.0000000000000000E-004   1.0000000000000000E-004
   1387.1193800000001        286.56117047697194        1.0594224974305186E-003  -2.6996210706830381       -2.3433637858954097        1.0000000000000000E-004   1.0000000000000000E-004
   1361.7099599999999        286.20678441418875        1.3345111528412308E-003  -2.6582597693908396       -2.3873468446321042        1.0000000000000000E-004   1.0000000000000000E-004
   1336.3018800000000        285.61309475140405        2.1331552832033829E-003  -2.6151220958128447       -2.4458691620726576        1.0000000000000000E-004   1.0000000000000000E-004
   1310.8949000000000        285.26643929970737        2.8778984097385142E-003  -2.5847306968080148       -2.5086396245569547        1.0000000000000000E-004   1.0000000000000000E-004
   1285.4893800000000        285.12050123922745        3.2470662826152939E-003  -2.5696010907877262       -2.5702738430716945        1.0000000000000000E-004   1.0000000000000000E-004
   1260.0852100000000        285.06713247525107        3.3756598963351381E-003  -2.5683101547709470       -2.6274209812046605        1.0000000000000000E-004   1.0000000000000000E-004
   1234.6824999999999        285.03994071564330        3.4337874455507705E-003  -2.5764333010342559       -2.6822374749031557        1.0000000000000000E-004   1.0000000000000000E-004
   1209.2811300000001        285.02197992381480        3.4672338271174840E-003  -2.5913225764367604       -2.7363408922861931        1.0000000000000000E-004   1.0000000000000000E-004
   1183.8813500000001        285.00821930969238        3.4895580913618112E-003  -2.6115338219247088       -2.7904592751090269        1.0000000000000000E-004   1.0000000000000000E-004
   1158.4832799999999        284.99672057944190        3.5059068240977796E-003  -2.6361959546006970       -2.8448959975813075        1.0000000000000000E-004   1.0000000000000000E-004
   1133.0869100000000        284.98657026706695        3.5186487179341844E-003  -2.6647364199648922       -2.8997672226054698        1.0000000000000000E-004   1.0000000000000000E-004
   1107.6922600000000        284.97726671140720        3.5290354699996397E-003  -2.6967578034979156       -2.9551074315258870        1.0000000000000000E-004   1.0000000000000000E-004
   1082.3005400000000        284.96849951936872        3.5377984007021563E-003  -2.7319743831718859       -3.0109213954030496        1.0000000000000000E-004   1.0000000000000000E-004
   1056.9097899999999        284.96006941522660        3.5453879520133944E-003  -2.7701857088908568       -3.0671775947842175        1.0000000000000000E-004   1.0000000000000000E-004
   1031.5210000000000        284.95183972753756        3.5520992247038970E-003  -2.8112442935116309       -3.1238312794730638        1.0000000000000000E-004   1.0000000000000000E-004
   1006.1343400000000        284.94370861128169        3.5581363458257976E-003  -2.8550458704504269       -3.1808305555397647        1.0000000000000000E-004   1.0000000000000000E-004
   980.75000000000000        284.93559312409417        3.5636473075285227E-003  -2.9015207448729967       -3.2381246538559076        1.0000000000000000E-004   1.0000000000000000E-004
   955.36804199999995        284.92742254503463        3.5687426931573759E-003  -2.9506271593536786       -3.2956627617602545        1.0000000000000000E-004   1.0000000000000000E-004
   929.98846400000002        284.91913457690964        3.5735071174414165E-003  -3.0023463328302351       -3.3533941730011363        1.0000000000000000E-004   1.0000000000000000E-004
   904.61157200000002        284.91066406503342        3.5780098807769735E-003  -3.0566817094286876       -3.4112774988367329        1.0000000000000000E-004   1.0000000000000000E-004
   879.23742700000003        284.90194722289800        3.5823070586727488E-003  -3.1136566277458932       -3.4692706233410173        1.0000000000000000E-004   1.0000000000000000E-004
   853.86627199999998        284.89292308697463        3.5864440992832347E-003  -3.1733107422506706       -3.5273274130183037        1.0000000000000000E-004   1.0000000000000000E-004
   828.49829099999999        284.88352946803298        3.5904594195541378E-003  -3.2357020116584772       -3.5853996002951494        1.0000000000000000E-004   1.0000000000000000E-004
   803.13348399999995        284.87369859769336        3.5943869514093794E-003  -3.3009053319230426       -3.6434378896084914        1.0000000000000000E-004   1.0000000000000000E-004
   777.77227800000003        284.86335563534521        3.5982574660482739E-003  -3.3690134932733953       -3.7013907638275354        1.0000000000000000E-004   1.0000000000000000E-004
   752.41485599999999        284.85243341169104        3.6020958129170714E-003  -3.4401332489626459       -3.7591874225251738        1.0000000000000000E-004   1.0000000000000000E-004
   727.06133999999997        284.84086252445843        3.6059244259683612E-003  -3.5143881607465985       -3.8167468571190950        1.0000000000000000E-004   1.0000000000000000E-004
   701.71209699999997        284.82687420457813        3.6103715626205702E-003  -3.5987013444361362       -3.8783984072132682        5.5659026029257389E-002   7.0120744709343610E-002
   676.36755400000004        284.81393583555217        3.6146155086771354E-003  -3.6720314756237484       -3.9268251052576515       0.19448284837927854       0.24521021873705223     
   651.02789299999995        284.75547418935872        3.6420625837999248E-003  -3.8341530874215088       -3.9627581818041819        1.1909036520489740        1.5019310934692696     
   625.69360400000005        284.67747363139847        3.6792486264729135E-003  -4.0148354493801524       -3.9522016304629259        2.9430047123081580        3.7117424448178786     
   600.36511199999995        284.59428982190036        3.7194743061962792E-003  -4.1888985080732652       -3.9017499036468881        5.3489468168011305        6.7462011099877373     
   575.04284700000005        284.50895155568691        3.7606026358272971E-003  -4.3478151447728788       -3.8205466318965593        8.3069854175403659        10.476983320168682     
   549.72741699999995        284.42699883227874        3.8000500951469352E-003  -4.4930315068618318       -3.7271317453759627        11.715462562977956        14.775874524974672     
   524.41943400000002        284.35663222086538        3.8358542422380843E-003  -4.6121493260020872       -3.6243727279280531        15.472840283899568        19.514811499898606     
   499.11962899999997        284.29664256001581        3.8686352198623350E-003  -4.7091021297273734       -3.5167999456171408        19.477706011967914        24.565889180360731     
   473.82891799999999        284.24557378954813        3.8988661704471863E-003  -4.7899820534009399       -3.4100717473595008        23.628783665447678        29.801374643401477     
   448.54824800000000        284.20579589454132        3.9264085030184907E-003  -4.8537753571320286       -3.3061517457954848        27.824988288842288        35.093776021099686     
   423.27871699999997        284.17646774604526        3.9517640973967382E-003  -4.9030418135100993       -3.2058588635090999        31.965443629728725        40.315864669077207     
   398.02175899999997        284.15569352054547        3.9755020343176777E-003  -4.9413782705218239       -3.1098686482345492        35.949497340273155        45.340694339155988     
   372.77890000000002        284.14396350070831        3.9978346482986947E-003  -4.9695447480159967       -3.0185741634021652        39.676819077534439        50.041724906890430     
   347.55215500000003        284.14084553131931        4.0191078919152717E-003  -4.9888714653265192       -2.9316924595006739        43.047414676518606        54.292840247068845     
   322.34393299999999        284.14523545208772        4.0397141318805740E-003  -5.0010183379160527       -2.8486707108438996        45.961744967518698        57.968498090273549     
   297.15716600000002        284.15744589620004        4.0599005616560463E-003  -5.0064713922316821       -2.7692486201764979        48.320841397112474        60.943875848078548     
   271.99560500000001        284.17746457802491        4.0799708451935094E-003  -5.0057610760887030       -2.6928114190195509        50.026457088784497        63.095061135906946     
   246.86404400000001        284.20530300858644        4.1002548102630444E-003  -4.9992731250016247       -2.6186303246234233        50.981305999816982        64.299353405967892     
   221.76879900000000        284.24166357996211        4.1210948017677169E-003  -4.9870230653307388       -2.5460948448418805        51.089400495482735        64.435689707473458     
   196.71839900000001        284.28768183561806        4.1429041806248703E-003  -4.9686515813210015       -2.4744455763565538        50.256572903024193        63.385302488513993     
   171.72468599999999        284.34506008746968        4.1662287358054904E-003  -4.9434606142391884       -2.4027208826080226        48.391301480953352        61.032761337038899     
   146.80502300000001        284.41657451018818        4.1918315159949430E-003  -4.9101379743948641       -2.3296699109875578        45.406128158871361        57.267761083183352     
   121.98595400000001        284.50683905847814        4.2208760053327595E-003  -4.8663619057768157       -2.2535019964581591        41.220208758398954        51.988338225850434     
   97.311340299999998        284.62405408980391        4.2553233984171396E-003  -4.8078888520779790       -2.1713756359216454        35.764454438760367        45.107355501059338     
   72.861091599999995        284.78445238688744        4.2989463744586912E-003  -4.7262204466636586       -2.0780403083847285        28.993175187329204        36.567187053400247     
   48.804748500000002        285.02653889931975        4.3605679532465486E-003  -4.6011065139374026       -1.9615834898398041        20.916041422720639        26.380029510712603     
   25.613332700000001        285.45018257363370        4.4635796699098000E-003  -4.3777562433647752       -1.7926997193703613        11.719035124194715        14.780449712820804     
   10.000000000000000        286.35397046690991        4.6950087243600941E-003  -3.8528365847039354       -1.4650562436069803        4.7079126066136556        5.9377811711108865     
   1997.2254600000001        290.83781769510898        6.0675642015601639E-004  -4.8250816814147219       0.37594274263983984        1.0000000000000000E-004   1.0000000000000000E-004
   1971.7959000000001        290.69605913019655        6.3078681733016431E-004  -4.8287522967171723       0.32403975896019616        1.0000000000000000E-004   1.0000000000000000E-004
   1946.3670700000000        290.55612044315717        6.5920819658152720E-004  -4.8163178082586136       0.27508700029071587        1.0000000000000000E-004   1.0000000000000000E-004
   1920.9388400000000        290.47955785605780        6.7861236538705372E-004  -4.8025920542205736       0.23020475541816210        1.0000000000000000E-004   1.0000000000000000E-004
   1895.5111099999999        290.41334447026298        6.9109142409302829E-004  -4.7865574651276201       0.18966094540883255        1.0000000000000000E-004   1.0000000000000000E-004
   1870.0839800000001        290.32781894168448        6.9740935586260790E-004  -4.7659380019278164       0.15426253472951371        1.0000000000000000E-004   1.0000000000000000E-004
   1844.6575900000000        290.24678075534013        6.9905086409004073E-004  -4.7450724933315191       0.12393434603804354        1.0000000000000000E-004   1.0000000000000000E-004
   1819.2318100000000        290.16660635950149        6.9941673238103777E-004  -4.7245207806263760        9.8891231777120350E-002   1.0000000000000000E-004   1.0000000000000000E-004
   1793.8067599999999        290.04993072440050        6.9950745566395452E-004  -4.7011897202533959        8.0546355285810334E-002   1.0000000000000000E-004   1.0000000000000000E-004
   1768.3824500000001        289.81699073982912        6.9962862679820513E-004  -4.6723681870175877        7.0709841787804553E-002   1.0000000000000000E-004   1.0000000000000000E-004
   1742.9588600000000        289.57993282187260        7.0042468772396973E-004  -4.6457136973913267        6.6418720403394887E-002   1.0000000000000000E-004   1.0000000000000000E-004
   1717.5362500000001        289.33914904634770        7.0459925767545344E-004  -4.6216277859715520        6.7046523732052221E-002   1.0000000000000000E-004   1.0000000000000000E-004
   1692.1140100000000        289.11628948356832        7.1767308779055287E-004  -4.6011905807340163        7.1435146660250387E-002   1.0000000000000000E-004   1.0000000000000000E-004
   1666.6927499999999        288.93599255414955        7.3810819507750863E-004  -4.5855841453806896        7.8136261656724965E-002   1.0000000000000000E-004   1.0000000000000000E-004
   1641.2723400000000        288.75662803877412        7.6486134579577085E-004  -4.5725983070835978        8.8007739462369103E-002   1.0000000000000000E-004   1.0000000000000000E-004
   1615.8527799999999        288.57859179850152        7.9815171987721826E-004  -4.5619379231411132       0.10061331748129186        1.0000000000000000E-004   1.0000000000000000E-004
   1590.4340800000000        288.41671490656984        8.3645956325315311E-004  -4.5539286442367786       0.11486254179516858        1.0000000000000000E-004   1.0000000000000000E-004
   1565.0162399999999        288.27807036597380        8.7330682520073328E-004  -4.5484902790507888       0.12987473579643891        1.0000000000000000E-004   1.0000000000000000E-004
   1539.5992400000000        288.14189477083016        9.0616535946590724E-004  -4.5438196831451156       0.14619489541305236        1.0000000000000000E-004   1.0000000000000000E-004
   1514.1834699999999        287.99868137939194        9.2850378408309317E-004  -4.5386025239037542       0.16385223902071083        1.0000000000000000E-004   1.0000000000000000E-004
   1488.7685500000000        287.79480462156886        9.3636704222639698E-004  -4.5292769806719599       0.18440096822635343        1.0000000000000000E-004   1.0000000000000000E-004
   1463.3546100000001        287.51056664779423        9.2118790367023160E-004  -4.5147599422343374       0.20673733159176749        1.0000000000000000E-004   1.0000000000000000E-004
   1437.9417699999999        287.21382378588805        9.0804580339415601E-004  -4.4968627774696905       0.22735187977817334        1.0000000000000000E-004   1.0000000000000000E-004
   1412.5300299999999        286.90452036672434        9.3538297822926952E-004  -4.4748203328271776       0.24473047365810749        1.0000000000000000E-004   1.0000000000000000E-004
   1387.1193800000001        286.55417216977202        1.0595494556205514E-003  -4.4470478697043205       0.25772733130089304        1.0000000000000000E-004   1.0000000000000000E-004
   1361.7099599999999        286.20312910941840        1.3349503670837747E-003  -4.4148274158998522       0.26395288679326462        1.0000000000000000E-004   1.0000000000000000E-004
   1336.3018800000000        285.61616518742471        2.1331125467961027E-003  -4.3707193575284258       0.26335965335463896        1.0000000000000000E-004   1.0000000000000000E-004
   1310.8949000000000        285.27569855878812        2.8775857459052453E-003  -4.3314512386248438       0.25123081841074779        1.0000000000000000E-004   1.0000000000000000E-004
   1285.4893800000000        285.13270161409207        3.2468655433168054E-003  -4.3026717114309232       0.22895801777358415        1.0000000000000000E-004   1.0000000000000000E-004
   1260.0852100000000        285.08001763302758        3.3756010691281687E-003  -4.2860547252547470       0.19968152854529975        1.0000000000000000E-004   1.0000000000000000E-004
   1234.6824999999999        285.05281569931941        3.4337668680503430E-003  -4.2772456779978825       0.16544249057264648        1.0000000000000000E-004   1.0000000000000000E-004
   1209.2811300000001        285.03476766578189        3.4672246082977001E-003  -4.2733860449010574       0.12726208937513767        1.0000000000000000E-004   1.0000000000000000E-004
   1183.8813500000001        285.02092021178430        3.4899671566669403E-003  -4.2731322862062724        8.5044703264002292E-002   8.3073792637952143E-002  0.10275950522736438     
   1158.4832799999999        285.01275286799273        3.5119664351839670E-003  -4.2789571246232621        3.1554508475440973E-002   5.2459056961326272E-002   6.4863807104972887E-002
   1133.0869100000000        285.04075484718510        3.5571740842671234E-003  -4.3160030223170542       -4.8692595670008276E-002  0.53782631406621872       0.66566374231771264     
   1107.6922600000000        285.10039714466006        3.6220126007262725E-003  -4.3867867226514008      -0.15029090905002912        1.5044608246531577        1.8621885281927386     
   1082.3005400000000        285.17561557414899        3.6917154374837345E-003  -4.4760352493781594      -0.24849060050753802        2.9175842528927287        3.6113886606522505     
   1056.9097899999999        285.25543665204998        3.7591980625627753E-003  -4.5713263084882767      -0.33358520990178842        4.7426092318646136        5.8704510217905366     
   1031.5210000000000        285.33442128391658        3.8215631452898648E-003  -4.6651751039840539      -0.40285314261171712        6.9448070671718343        8.5963875549536226     
   1006.1343400000000        285.41028846912286        3.8780615821260613E-003  -4.7537016913108063      -0.45689718074255825        9.4894935956464934        11.746265325373130     
   980.75000000000000        285.48233532934682        3.9289122152176646E-003  -4.8352254628361830      -0.49760254200179210        12.341990529255288        15.277158670668747     
   955.36804199999995        285.55058092452924        3.9747028889051293E-003  -4.9092934995695519      -0.52714343681310338        15.467645714516234        19.146174278469882     
   929.98846400000002        285.61534015524609        4.0161109661556909E-003  -4.9760899649746939      -0.54755694607010308        18.831832547957795        23.310450462856309     
   904.61157200000002        285.67702355326219        4.0537840251933521E-003  -5.0360980100374437      -0.56059448651091603        22.399899541171699        27.727094734694958     
   879.23742700000003        285.73604461371474        4.0882982974220754E-003  -5.0899146494272722      -0.56772869817064531        26.137244089040166        32.353275113830776     
   853.86627199999998        285.79279436409684        4.1201442625550550E-003  -5.1381520268223140      -0.57008243535010761        30.009256209980620        37.146150489327283     
   828.49829099999999        285.84761878869728        4.1497379249736122E-003  -5.1813902074244407      -0.56858483923600411        33.981354485453622        42.062915106305084     
   803.13348399999995        285.90082432302853        4.1774280132710487E-003  -5.2201551695031343      -0.56396894951770404        38.019009930528803        47.060828113537774     
   777.77227800000003        285.95268177988265        4.2035070925878172E-003  -5.2549121060613979      -0.55681463751400007        42.087650883089388        52.097095832880434     
   752.41485599999999        286.00343106162393        4.2282219341014159E-003  -5.2860663579861225      -0.54758262120473578        46.152771919112453        57.129006577382697     
   727.06133999999997        286.05328798906913        4.2517821554952425E-003  -5.3139677541235404      -0.53663437449425777        50.179908168752490        62.113898859082056     
   701.71209699999997        286.10244889525319        4.2743676164687400E-003  -5.3389158107036270      -0.52425907053503384        54.134589553209658        67.009104742227265     
   676.36755400000004        286.15109547157192        4.2961342895134437E-003  -5.3611653492668676      -0.51068703101244139        57.982376006563229        71.771993441761254     
   651.02789299999995        286.19939936706118        4.3172191533144494E-003  -5.3809314625734661      -0.49610207016765234        61.688907937862879        76.360033786590293     
   625.69360400000005        286.24752543761491        4.3377441738418378E-003  -5.3983941210242987      -0.48065059542267013        65.219827804761721        80.730697141414325     
   600.36511199999995        286.29563488434241        4.3578197631280562E-003  -5.4137020660688959      -0.46444947336619846        68.540843515817215        84.841535887717555     
   575.04284700000005        286.34388839164137        4.3775476454224697E-003  -5.4269758699154416      -0.44759162917919215        71.617723562074758        88.650177397515733     
   549.72741699999995        286.39245026977903        4.3970233245622789E-003  -5.4383102333288811      -0.43015044831100230        74.416284932810555        92.114309075145826     
   524.41943400000002        286.44149142145136        4.4163383991425885E-003  -5.4477756976964837      -0.41218298253120261        76.902426399515420        95.191719557032627     
   499.11962899999997        286.49119192909239        4.4355827350407396E-003  -5.4554196436491118      -0.39373259509971736        79.042128086703386        97.840298180416625     
   473.82891799999999        286.54174662631033        4.4548466287483426E-003  -5.4612664185841640      -0.37483116856834625        80.801464947233285        100.01805166344178     
   448.54824800000000        286.59337037690881        4.4742231418116148E-003  -5.4653168319252972      -0.35550003746310876        82.146639171573099        101.68314422217213     
   423.27871699999997        286.64630396535836        4.4938106427441339E-003  -5.4675466750176671      -0.33575101392518519        83.043992142199016        102.79391236803946     
   398.02175899999997        286.70082246548213        4.5137158038564516E-003  -5.4679039160349019      -0.31558735422876649        83.460030743668199        103.30889747510051     
   372.77890000000002        286.75724592958181        4.5340573384856572E-003  -5.4663046614928907      -0.29500301300297921        83.361473782771810        103.18690324009241     
   347.55215500000003        286.81595336142476        4.5549707487261863E-003  -5.4626269612793825      -0.27398292799693169        82.715295976055899        102.38705013126426     
   322.34393299999999        286.87740145001828        4.5766147113643421E-003  -5.4567017488614784      -0.25250176061757862        81.488800327492228        100.86886497929082     
   297.15716600000002        286.94215034231888        4.5991799179568391E-003  -5.4482997178700847      -0.23052212269389510        79.649705029636564        98.592388545708701     
   271.99560500000001        287.01090443720085        4.6229016686572628E-003  -5.4371117119869607      -0.20799185691124000        77.166277072364153        95.518340907154723     
   246.86404400000001        287.08457330771415        4.6480785708337084E-003  -5.4227189929741098      -0.18483976791271683        74.007514929845399        91.608347589894819     
   221.76879900000000        287.16435919820464        4.6751013405651274E-003  -5.4045468887237966      -0.16096879336977427        70.143428726050999        86.825286365714021     
   196.71839900000001        287.25190298698129        4.7044992178679338E-003  -5.3817893536764210      -0.13624447839967579        65.545468928441281        81.133817899722175     
   171.72468599999999        287.34953356424018        4.7370187648430422E-003  -5.3532804360269504      -0.11047654899988096        60.187207715316006        74.501229163956495     
   146.80502300000001        287.46072436996252        4.7737665428084436E-003  -5.3172598725732723       -8.3385206418094882E-002   54.045567154839361        66.898953708175810     
   121.98595400000001        287.59097431886880        4.8164896503299932E-003  -5.2709120258295306       -5.4535279399144959E-002   47.102984302740936        58.305251672105712     
   97.311340299999998        287.74971093884335        4.8681901510720669E-003  -5.2093527667473376       -2.3196643831933789E-002   39.351919639524041        48.710790442061068     
   72.861091599999995        287.95522495547806        4.9346897448546527E-003  -5.1230435861634902        1.2005584497958993E-002   30.805152121793448        38.131388123604438     
   48.804748500000002        288.25025877824845        5.0296110516781694E-003  -4.9895342107442255        5.4171034583940902E-002   21.524499498655118        26.643564269157913     
   25.613332700000001        288.74276980560052        5.1887733574143479E-003  -4.7483372900630583       0.11018994815027874        11.731421283179458        14.521447008202195     
   10.000000000000000        289.74630402753337        5.5410172233742406E-003  -4.1805556136451374       0.20162616407950668        4.6571009742900786        5.7646762107160807     
   1997.2254600000001        290.83600101786453        6.0692784731625888E-004  -8.3549975181758054       0.59197272659787548       0.23622681851125674        1.3854516185592414E-003
   1971.7959000000001        290.68909352948646        6.3075285878488613E-004  -8.3381306919509548       0.54511688917005630       0.23622681851125674        1.3854516185592414E-003
   1946.3670700000000        290.54053428662513        6.5920558415122929E-004  -8.3093149821678978       0.49699572128039615       0.30366501871386903        2.2370687440786685E-003
   1920.9388400000000        290.45888053786354        6.7859088396401924E-004  -8.2832088726501052       0.45484728146707964       0.32476981087246365        3.4152862823012262E-003
   1895.5111099999999        290.38897770962126        6.9107261769900581E-004  -8.2590080969378352       0.41764445122902988       0.28881865640704685        2.8314109939660565E-003
   1870.0839800000001        290.30134437302399        6.9740287833714451E-004  -8.2355810409781931       0.38643669283965754       0.20695275768334037        1.2360781793486146E-003
   1844.6575900000000        290.21897526091971        6.9904941791426567E-004  -8.2163921894841749       0.36012865337820354       0.15332683413542447        6.7301510373767514E-004
   1819.2318100000000        290.13801540178878        6.9941646624063541E-004  -8.2018589376156719       0.33803153516351014       0.10533579255643938        3.0755383599219356E-004
   1793.8067599999999        290.02178944863709        6.9950747832222887E-004  -8.1909774961594817       0.32271232739469402        4.6110852934976673E-002   4.6625948988340935E-005
   1768.3824500000001        289.79082830934732        6.9962916112542171E-004  -8.1837126181613975       0.31788926520523453        7.3188819607567217E-003   7.8905840105907904E-007
   1742.9588600000000        289.55596585728449        7.0042736077192492E-004  -8.1825668195807424       0.31602304499052580        4.7142427815625163E-004   3.1249436423388741E-009
   1717.5362500000001        289.31698207834745        7.0460630415482219E-004  -8.1872120390696583       0.31618052538688851        2.1528386828144072E-003   6.3061363266069240E-008
   1692.1140100000000        289.09530830507470        7.1767900665536087E-004  -8.1974249830587471       0.31679593978285570        1.1046900573046801E-002   1.6918315653730817E-006
   1666.6927499999999        288.91553889722064        7.3811347128744330E-004  -8.2127791819782114       0.31612713239476231        2.8204788643717213E-002   1.2036434376909911E-005
   1641.2723400000000        288.73646322124625        7.6486713620287398E-004  -8.2325721646748757       0.31634054352591334        4.7840072483824117E-002   3.3996785061543400E-005
   1615.8527799999999        288.55860430864675        7.9815693057396257E-004  -8.2562916633847721       0.31737111360289250        7.0502617685281474E-002   7.2535797776400208E-005
   1590.4340800000000        288.39669320254467        8.3646014346913352E-004  -8.2832725445395106       0.31833145093102511        9.7496191019359260E-002   1.4245584169499527E-004
   1565.0162399999999        288.25782704121815        8.7330456607302264E-004  -8.3126631617447853       0.31884220792478457       0.12728883890748385        2.5707198971177444E-004
   1539.5992400000000        288.12147700390909        9.0615606450796893E-004  -8.3438572926467298       0.32051384518943477       0.14828915862712275        3.4378884534584897E-004
   1514.1834699999999        287.97842869745989        9.2848982851162357E-004  -8.3759833746312413       0.32443522212100973       0.15908243656801879        3.7598036608979486E-004
   1488.7685500000000        287.77552490332943        9.3634683165333779E-004  -8.4083804130029698       0.33398877800259485       0.14952310565055704        2.6934307513347460E-004
   1463.3546100000001        287.49305414027685        9.2118982055831411E-004  -8.4394154089700386       0.34935683377793331       0.13685255967450979        1.8475120309195090E-004
   1437.9417699999999        287.19815761771412        9.0807981270896729E-004  -8.4674291358114822       0.36727958079411782       0.12656838910746807        1.5002945044630678E-004
   1412.5300299999999        286.89048493711527        9.3546179229215696E-004  -8.4909289769328424       0.38737642794375116       0.10980963103218563        1.0714040435950489E-004
   1387.1193800000001        286.54167357359114        1.0597187983610601E-003  -8.5080577405524185       0.41017284742523574        8.9943484638258270E-002   6.5335657902615779E-005
   1361.7099599999999        286.07903753593195        1.5039396595341269E-003  -8.5157444199269889       0.43637509555220610        7.3448260528404113E-002   3.6597169977616308E-005
   1336.3018800000000        285.68768564124440        2.2932798666245534E-003  -8.5896467767022315       0.31415813163833517        2.0910056437742872        3.5267017187820736E-002
   1310.8949000000000        286.04030287232700        3.7644543973307147E-003  -8.6325398834464480       0.19895083176155898        1073.0133787600321        1225.8208006047926     
   1285.4893800000000        286.11224630397044        3.9450355996206062E-003  -8.6517486783127602       0.14010247770754003        473.17411369206201        545.63632414215726     
   1260.0852100000000        286.18856130689443        4.0414752621175292E-003  -8.6709819095601510        9.8114421169485294E-002   515.51917723755184        572.98640072642092     
   1234.6824999999999        286.25651119839836        4.1058227801499467E-003  -8.6888073963692900        6.8603778012774508E-002   500.67032744937870        544.39958858638886     
   1209.2811300000001        286.31623634827031        4.1539123699211762E-003  -8.7050335964151024        4.7853119785513543E-002   477.61810711775939        511.09647862058154     
   1183.8813500000001        286.36928515910159        4.1924138609080296E-003  -8.7197376490059266        3.3359213495243539E-002   454.53178411364013        480.53265935275004     
   1158.4832799999999        286.41709246798297        4.2247021012430672E-003  -8.7330654856642127        2.3466406237006826E-002   433.21243892372252        453.75466530338161     
   1133.0869100000000        286.46078585201951        4.2527044917597418E-003  -8.7451634314278781        1.7057212425677551E-002   413.90334615459966        430.44913624384958     
   1107.6922600000000        286.50122208035236        4.2776155146839624E-003  -8.7561599310437188        1.3358831036595076E-002   396.43798735083260        410.05963158664866     
   1082.3005400000000        286.53905255990480        4.3002213943811778E-003  -8.7661628426371170        1.1823800973101664E-002   380.53032975575758        392.02343018892827     
   1056.9097899999999        286.57477652263515        4.3210632751898926E-003  -8.7752607231042248        1.2056287728493570E-002   365.94438474394207        375.90604905681528     
   1031.5210000000000        286.60878054314122        4.3405268193489914E-003  -8.7835244995639066        1.3764481099410947E-002   352.45182698123426        361.32692569374223     
   1006.1343400000000        286.64136696600764        4.3588946376157131E-003  -8.7910103426447428        1.6729644448747680E-002   339.86743120819074        347.98298929072041     
   980.75000000000000        286.67277516089507        4.3763789307514440E-003  -8.7977619392052766        2.0785413033153594E-002   328.04051152623549        335.63128358472949     
   955.36804199999995        286.70319630362746        4.3931420369440954E-003  -8.8038123767585876        2.5803429914576043E-002   316.84343533849375        324.07309028588935     
   929.98846400000002        286.73278432118047        4.4093101510860053E-003  -8.8091855486852992        3.1683420635042411E-002   306.16739817361383        313.14650112919253     
   904.61157200000002        286.76166398268788        4.4249829172564323E-003  -8.8138976783956533        3.8346293660342617E-002   295.91218383732530        302.71303766962427     
   879.23742700000003        286.78993750883041        4.4402401682028456E-003  -8.8179583361783678        4.5728573879668194E-002   285.99408954586642        292.66190501902071     
   853.86627199999998        286.81768961555605        4.4551468329913947E-003  -8.8213709261381688        5.3779009499765093E-002   276.34000458765979        282.90132073700534     
   828.49829099999999        286.84499126278081        4.4697565832199004E-003  -8.8241337889648523        6.2455999793981837E-002   266.88617397508227        273.35507771054699     
   803.13348399999995        286.87190236328280        4.4841144485970267E-003  -8.8262401978079126        7.1725174298445785E-002   257.58110631301389        263.96311560039339     
   777.77227800000003        286.89847416963647        4.4982589016665762E-003  -8.8276787147208484        8.1558275766031876E-002   248.37868560002008        254.67370110673792     
   752.41485599999999        286.92475168923062        4.5122234356014665E-003  -8.8284333638766039        9.1931721999646013E-002   239.24463014047495        245.44870770631584     
   727.06133999999997        286.95077481579727        4.5260377988524331E-003  -8.8284833473874507       0.10282614645506875        230.15092971630008        236.25785872262728     
   701.71209699999997        286.97657925094734        4.5397289790019262E-003  -8.8278031771105656       0.11422528557202470        221.07375050626649        227.07562388974293     
   676.36755400000004        287.00219780028289        4.5533220979893920E-003  -8.8263619704537515       0.12611589980020760        211.99440098067777        217.88235088608243     
   651.02789299999995        287.02766104078887        4.5668410786937948E-003  -8.8241232833892163       0.13848739985449707        202.90047686106129        208.66515998959767     
   625.69360400000005        287.05299821813787        4.5803092442532551E-003  -8.8210442875903095       0.15133124175785562        193.78302987371660        199.41465129565773     
   600.36511199999995        287.07823796655646        4.5937498780194300E-003  -8.8170748984030762       0.16464114749254583        184.63711613301567        190.12579160867799     
   575.04284700000005        287.10340895737136        4.6071867355203591E-003  -8.8121567245728247       0.17841290996504872        175.46187319712914        180.79771349293958     
   549.72741699999995        287.12854018922366        4.6206446207908911E-003  -8.8062217722161620       0.19264424487811105        166.25777375139123        171.43084891918002     
   524.41943400000002        287.15366175005749        4.6341499316443421E-003  -8.7991903757580996       0.20733478788198714        157.02911111964585        162.02953322266978     
   499.11962899999997        287.17880575643477        4.6477312330578842E-003  -8.7909692043781291       0.22248639840919465        147.78392409548701        152.60188707534471     
   473.82891799999999        287.20400665322046        4.6614200699223755E-003  -8.7814482338311990       0.23810300261868356        138.53100735710078        143.15666831622988     
   448.54824800000000        287.22930201808634        4.6752518662812005E-003  -8.7704968233217002       0.25419111824973994        129.28199820691702        133.70555580707736     
   423.27871699999997        287.25473352504531        4.6892669857916498E-003  -8.7579588299589499       0.27075996688663628        120.05157663181178        124.26320203485307     
   398.02175899999997        287.28034801652149        4.7035122113719616E-003  -8.7436457590628436       0.28782191917210465        110.85609456308704        114.84587475762488     
   372.77890000000002        287.30619881696003        4.7180426045705468E-003  -8.7273278102188101       0.30539312462349028        101.71516940093073        105.47312652712964     
   347.55215500000003        287.33234754931351        4.7329240790335301E-003  -8.7087211468228336       0.32349416858133290        92.650919803526179        96.166972720356029     
   322.34393299999999        287.35886669115746        4.7482369603321292E-003  -8.6874701765335143       0.34215115537009355        83.688904571675948        86.952884748204539     
   297.15716600000002        287.38584318207978        4.7640810399359841E-003  -8.6631216648886991       0.36139716180462628        74.858794222286434        77.860529235520005     
   271.99560500000001        287.41338244369973        4.7805831791954620E-003  -8.6350860852734179       0.38127403673630172        66.193233628716982        68.922660672878223     
   246.86404400000001        287.44161414545209        4.7979089199697194E-003  -8.6025774713141914       0.40183559125258667        57.729040022663007        60.176482851215582     
   221.76879900000000        287.47070258162768        4.8162807449880643E-003  -8.5645166619245412       0.42315161641619631        49.510005155079710        51.666551785488444     
   196.71839900000001        287.50086135346191        4.8360088841968695E-003  -8.5193666140472484       0.44531389489405715        41.587000001039740        43.445120336777642     
   171.72468599999999        287.53237640334345        4.8575461849801084E-003  -8.4648340286269139       0.46844681954602374        34.020052118658647        35.574588932558271     
   146.80502300000001        287.56564345433446        4.8815942391587271E-003  -8.3972826569138341       0.49272315567878244        26.880794976479493        28.130394657890633     
   121.98595400000001        287.60123942447649        4.9093295199855759E-003  -8.3104545977812521       0.51839128887479280        20.259373850244881        21.208606655540638     
   97.311340299999998        287.64006825383808        4.9429599204280326E-003  -8.1922461834066045       0.54582034836833793        14.272694401406621        14.935105723704519     
   72.861091599999995        287.68363093616108        4.9874242483930907E-003  -8.0145956868252402       0.57556034317157723        9.0737837536889945        9.4763488275892165     
   48.804748500000002        287.73452069783957        5.0576604569737204E-003  -7.6886273071407247       0.60814875009269020        4.8882263104270978        5.0774574784265871     
   25.613332700000001        287.78168647373263        5.1833172459778247E-003  -6.9989516818660658       0.63438283372226667        2.5229765126811325        2.5898494564426269     
   10.000000000000000        287.79541742456877        5.6213133559637335E-003  -4.1305032976074276       0.58204267788735176        1.1320057720194183        1.1415736612883089     
   1997.2254600000001        290.83050795443773        6.0710960931647010E-004  -10.861901831275345       -2.3532105840953514        9.0725388145411895E-002   1.9154953255590877E-004
   1971.7959000000001        290.67416766181429        6.3091789563295077E-004  -10.850577759195543       -2.3821316493933873        9.0725388145411895E-002   1.9154953255590877E-004
   1946.3670700000000        290.51806866074645        6.5929442835632843E-004  -10.828348190047231       -2.4194387174545824       0.17983157716203388        7.4838791831626362E-004
   1920.9388400000000        290.43150323397492        6.7848105326125357E-004  -10.805652851432249       -2.4555626164721889       0.23585735689874188        1.7198279538241871E-003
   1895.5111099999999        290.35787348839500        6.9091546191751016E-004  -10.782965794710888       -2.4910983860424132       0.25503646056850060        2.1351636440395429E-003
   1870.0839800000001        290.26801026019189        6.9734165045123701E-004  -10.760221052422498       -2.5269716632733892       0.24129404514134184        1.6694433860953953E-003
   1844.6575900000000        290.18407959866340        6.9903731996942716E-004  -10.740433240125322       -2.5616292826388718       0.22619655811653891        1.4733787324804092E-003
   1819.2318100000000        290.10211567984027        6.9941478946141192E-004  -10.725108202080040       -2.5950605101543909       0.19986242219671235        1.1258907505719503E-003
   1793.8067599999999        289.98613044932392        6.9950736699633668E-004  -10.714913445030575       -2.6284034357085395       0.15621150057840441        5.5312510549480160E-004
   1768.3824500000001        289.75674805461051        6.9962934534669016E-004  -10.713763543839766       -2.6631225762724973       0.11421449011227328        2.0045052017999147E-004
   1742.9588600000000        289.52382424512950        7.0042929325473974E-004  -10.725663664038354       -2.6966846558291100       0.12197702169159182        2.2081993681981110E-004
   1717.5362500000001        289.28635881769094        7.0461833031789864E-004  -10.745113515113001       -2.7316712615558894       0.15593264813336646        3.4953445216442058E-004
   1692.1140100000000        289.06555882712166        7.1771237576274841E-004  -10.769250303022387       -2.7692747811405116       0.20548865981148329        6.1744409578847273E-004
   1666.6927499999999        288.88600903553885        7.3816631922645447E-004  -10.796904523944532       -2.8089903895289061       0.27200921568100450        1.1813270496224407E-003
   1641.2723400000000        288.70680779042090        7.6496118718084416E-004  -10.829310586447043       -2.8520118446806482       0.34394162922114796        1.8537931919719931E-003
   1615.8527799999999        288.52859605039504        7.9833677571369767E-004  -10.867029702327699       -2.8986372997618015       0.43579855948241053        2.9291415055743568E-003
   1590.4340800000000        288.36600152464712        8.3672194119408503E-004  -10.909989532330219       -2.9484230216363292       0.55784208565162763        4.9487301789189172E-003
   1565.0162399999999        288.22608278068259        8.7355452691775435E-004  -10.957874002815670       -3.0006451261187159       0.70870512274440600        8.5025163651060148E-003
   1539.5992400000000        288.08851229811535        9.0614747452318913E-004  -11.011552351503784       -3.0558673164545169       0.85958178655616591        1.2393824542731106E-002
   1514.1834699999999        287.94404628932915        9.2795348370461816E-004  -11.071611625082344       -3.1139505903486016        1.0069772378408319        1.6250985237279147E-002
   1488.7685500000000        287.74010973281548        9.3533959304659467E-004  -11.141607320575787       -3.1766453547571083        1.1019465829007169        1.5831367627464895E-002
   1463.3546100000001        287.45710162809189        9.2323871059386007E-004  -11.223239417272016       -3.2420186269498426        1.1905856957981562        1.5162382435708012E-002
   1437.9417699999999        287.15902056540199        9.6808668068409996E-004  -11.314883295863909       -3.3039930717931005        1.3257345800250360        1.7877531457950336E-002
   1412.5300299999999        286.85022582997664        1.9175340488681331E-003  -11.417066971250803       -3.3582317705656410        1.4545927533156280        2.0635082554160616E-002
   1387.1193800000001        286.78171688580903        4.2085062380139903E-003  -11.505705894212362       -3.3916689684948489        2.0176680730587360        8.8223819971973899E-002
   1361.7099599999999        286.78091781973779        4.2607008896652044E-003  -11.556353497087061       -3.4034010802435288        4.1454561920677229        3.2364450851706916     
   1336.3018800000000        286.78129877749922        4.2654822983215681E-003  -11.566587942187290       -3.4048906272986814        27.271443479105933        36.051655103741965     
   1310.8949000000000        286.78175032161317        4.2698651485420878E-003  -11.577114696836475       -3.4056336645604821        30.498209130666048        39.638107504800594     
   1285.4893800000000        286.78225767094307        4.2740265605966657E-003  -11.588067025621516       -3.4057161541950745        32.694689495660953        42.125536033223490     
   1260.0852100000000        286.78282088200422        4.2780144559648528E-003  -11.599384744575385       -3.4051800803792034        34.771856185322136        44.443080842538642     
   1234.6824999999999        286.78343791419906        4.2818710762702744E-003  -11.611040343925824       -3.4040549272890241        36.639490755511041        46.506748908939180     
   1209.2811300000001        286.78410625699109        4.2856283237102171E-003  -11.623012392243268       -3.4023605215939261        38.298978472238069        48.322447955432558     
   1183.8813500000001        286.78482322124108        4.2893105994330728E-003  -11.635282560430733       -3.4001103056476154        39.760993327787276        49.904808938938423     
   1158.4832799999999        286.78558615916899        4.2929366322023675E-003  -11.647833666213632       -3.3973135348407304        41.041687293626296        51.273248230686967     
   1133.0869100000000        286.78639250999328        4.2965209933938609E-003  -11.660649339879319       -3.3939764824721417        42.155394135691836        52.444847567401851     
   1107.6922600000000        286.78723937526854        4.3000758021752659E-003  -11.673716178633148       -3.3901026521434980        43.099110841054710        53.419256728793009     
   1082.3005400000000        286.78812365293123        4.3036114048747194E-003  -11.687022899642679       -3.3856931697825288        43.871532402567880        54.196302761809221     
   1056.9097899999999        286.78904267105713        4.3071355608101970E-003  -11.700556697646430       -3.3807484044314950        44.496300244134254        54.802240692391202     
   1031.5210000000000        286.78999411755285        4.3106541599985679E-003  -11.714302857702121       -3.3752687017282450        44.989971986582532        55.254240459851708     
   1006.1343400000000        286.79097564244836        4.3141721302660556E-003  -11.728247471251448       -3.3692532432411513        45.354214417344139        55.555133548995343     
   980.75000000000000        286.79198468421100        4.3176939251273107E-003  -11.742378169632355       -3.3627000499348982        45.585085228688058        55.702018471432496     
   955.36804199999995        286.79301861399898        4.3212234217362431E-003  -11.756683127995062       -3.3556061644910193        45.683480354822066        55.696677680765774     
   929.98846400000002        286.79407484031316        4.3247638624980709E-003  -11.771150269546613       -3.3479679765947048        45.653640272899267        55.544132346505364     
   904.61157200000002        286.79515013924299        4.3283187954066341E-003  -11.785770222992173       -3.3397795656056202        45.480638696132345        55.230368464689349     
   879.23742700000003        286.79624118202145        4.3318914260021563E-003  -11.800533576899506       -3.3310338394904084        45.166113097410879        54.757717875960417     
   853.86627199999998        286.79734478216113        4.3354844027533208E-003  -11.815429468709876       -3.3217233416730481        44.718244432502942        54.134655847021556     
   828.49829099999999        286.79845764732522        4.3391001797615297E-003  -11.830446575919499       -3.3118393822227135        44.138340418103070        53.362884253146632     
   803.13348399999995        286.79957604780094        4.3427413688060437E-003  -11.845574286498877       -3.3013710536143375        43.420613187264060        52.437356787402358     
   777.77227800000003        286.80069576207296        4.3464108209552476E-003  -11.860802413855746       -3.2903049339221506        42.559120811455720        51.352599701470965     
   752.41485599999999        286.80181333816967        4.3501102516679763E-003  -11.876115458723312       -3.2786285579844909        41.577998044611320        50.132415547074871     
   727.06133999999997        286.80292530007864        4.3538411083390337E-003  -11.891495579256295       -3.2663285134136499        40.482213958541664        48.781943632620425     
   701.71209699999997        286.80402745361994        4.3576052737447643E-003  -11.906924866767872       -3.2533874490403059        39.262364199299107        47.292454000330466     
   676.36755400000004        286.80511511370526        4.3614047929239680E-003  -11.922383612811300       -3.2397849528466427        37.915975095731817        45.661787836003356     
   651.02789299999995        286.80618258653845        4.3652423261200139E-003  -11.937851357545643       -3.2254946708340784        36.432640804940704        43.880414897541215     
   625.69360400000005        286.80722347690016        4.3691207514531781E-003  -11.953304325864352       -3.2104850724606004        34.810712422999266        41.947130263331992     
   600.36511199999995        286.80823066312547        4.3730430924412457E-003  -11.968713828728260       -3.1947180493715215        33.050306018811092        39.862563503829278     
   575.04284700000005        286.80919634307378        4.3770123283802262E-003  -11.984043808742152       -3.1781483184891375        31.154600376378916        37.630314573215735     
   549.72741699999995        286.81011075409305        4.3810326395415031E-003  -11.999253162558281       -3.1607155241783893        29.107144366733230        35.235124289574109     
   524.41943400000002        286.81096245184614        4.3851089655235339E-003  -12.014290495358090       -3.1423416974761822        26.900519579678917        32.670457060376442     
   499.11962899999997        286.81173918988247        4.3892457877513467E-003  -12.029084778072146       -3.1229307545066676        24.543673738205136        29.945485214751283     
   473.82891799999999        286.81242595761148        4.3934491773613112E-003  -12.043544460603307       -3.1023494150916751        22.014997125114199        27.039526026804360     
   448.54824800000000        286.81300424362837        4.3977277464768132E-003  -12.057547422569069       -3.0804053188374172        19.280688254048766        23.918911030629395     
   423.27871699999997        286.81345138724976        4.4020941222111939E-003  -12.070921687613909       -3.0568067524383484        16.285250392758996        20.525181191105464     
   398.02175899999997        286.81373854654430        4.4065705949232550E-003  -12.083414178395028       -3.0310650495330993        12.890790741233848        16.704617545242595     
   372.77890000000002        286.81382782705867        4.4112050493271982E-003  -12.094621553861691       -3.0022327295198452        8.6223543769287918        11.871024902813570     
   347.55215500000003        286.81366609484212        4.4161413943126565E-003  -12.103795521119283       -2.9678699634217249        3.7606133626819007        3.2609367501105910     
   322.34393299999999        286.81321402213280        4.4240299318128468E-003  -12.108409813886166       -2.9094339098916882        5.7303830959729245        4.8275390631000290     
   297.15716600000002        286.81195158744009        4.4339298078822295E-003  -12.102095591601410       -2.8388858456380639        5.1944131345071805        3.1147791517197256     
   271.99560500000001        286.80953821472582        4.4456955961274013E-003  -12.082208023346036       -2.7590226110775204        4.8725604133970446        2.3099878149123692     
   246.86404400000001        286.80477525407991        4.4602276938939889E-003  -12.042162340876022       -2.6650093977436291        4.9597009497040707        1.9431494160577185     
   221.76879900000000        286.79592813841066        4.4779032091301638E-003  -11.977203796951443       -2.5574182127313358        4.9666132305042696        1.6367454425961347     
   196.71839900000001        286.77984425095133        4.4996034708269855E-003  -11.881054058649989       -2.4352591151709508        4.9306807455678845        1.3899421772176963     
   171.72468599999999        286.74988563934005        4.5274643798197539E-003  -11.744742485406846       -2.2962399433134673        4.7929176149184940        1.1487835981268886     
   146.80502300000001        286.69196187563477        4.5641339615301209E-003  -11.554683777148625       -2.1367052771662016        4.5289043821653516       0.91576083634714001     
   121.98595400000001        286.57199969739776        4.6149994264356557E-003  -11.288038132329573       -1.9502476743792125        4.1160297110192188       0.69133899994937476     
   97.311340299999998        286.30013058739735        4.6892268864620482E-003  -10.903491429835700       -1.7259926214151959        3.5479971823719194       0.49080212311725535     
   72.861091599999995        285.62280172452489        4.7999829350147336E-003  -10.318412596570994       -1.4445450324689679        2.8382038384766579       0.33331653290588092     
   48.804748500000002        283.98693515705747        4.9408325698705171E-003  -9.3503252070561711       -1.0713978533269048        2.0433065330087739       0.25167487084624574     
   25.613332700000001        282.18402200273334        5.0074151836338324E-003  -7.9583979349173113      -0.66702315780803334        1.5488435308711486       0.41649902141209255     
   10.000000000000000        280.45903127613980        5.0317108808333299E-003  -5.0968632937311336       -9.1490767938804646E-002  0.75729710318003263       0.54325566690910920     
   1997.2254600000001        290.82442955571685        6.0718975979705010E-004  -11.143602678873609       -6.6150627077888391        5.9592274131472701E-002   7.9089115710601353E-005
   1971.7959000000001        290.65748041355278        6.3102999481859270E-004  -11.130362035104737       -6.6368716642707941        5.9592274131472701E-002   7.9089115710601353E-005
   1946.3670700000000        290.49390493351461        6.5938762897699873E-004  -11.105945035461792       -6.6653574579550137       0.13192194937917404        3.8901121992614086E-004
   1920.9388400000000        290.40226796063934        6.7844654446547539E-004  -11.080358514911451       -6.6933520475791060       0.18241883310630505        9.8768936933409557E-004
   1895.5111099999999        290.32475505656981        6.9080092949917705E-004  -11.053896960151210       -6.7217686028209327       0.21200171932336798        1.4240159213984704E-003
   1870.0839800000001        290.23261199435200        6.9727288771406510E-004  -11.026240343144844       -6.7521689611191595       0.22356333003849141        1.4096798312045588E-003
   1844.6575900000000        290.14706924030634        6.9901725911314123E-004  -10.999990379863304       -6.7844308554519213       0.24295987531844582        1.6882701406474288E-003
   1819.2318100000000        290.06394526034069        6.9941027925583409E-004  -10.976344501175609       -6.8201724341004732       0.26758033168175116        2.0289648682700755E-003
   1793.8067599999999        289.94790767077251        6.9950721141681985E-004  -10.955437673585296       -6.8631438175181003       0.28944487907329036        1.9447368921509756E-003
   1768.3824500000001        289.71983120493138        6.9963601907111416E-004  -10.938130241425984       -6.9179482536109695       0.30816096294764878        1.5102819773057463E-003
   1742.9588600000000        289.48834034715213        7.0047864895846318E-004  -10.927581029782203       -6.9798472225652786       0.37277555263023648        2.1469605920398402E-003
   1717.5362500000001        289.25191387136266        7.0483712479668290E-004  -10.922395789127249       -7.0481538153988730       0.44817637552021083        3.0053384347206954E-003
   1692.1140100000000        289.03157253835406        7.1817001448797643E-004  -10.921371491771840       -7.1211250036758917       0.53710810524541686        4.3863660480816663E-003
   1666.6927499999999        288.85154720434281        7.3877296544458122E-004  -10.923828155640447       -7.1964022195548436       0.64357194599266632        6.8634836591387775E-003
   1641.2723400000000        288.67166706309928        7.6587828061499966E-004  -10.929514129067897       -7.2756463003691589       0.73152805427966994        8.6755187757197576E-003
   1615.8527799999999        288.49280830801757        7.9970099092900300E-004  -10.938600630457511       -7.3580948838419680       0.81681207468919048        1.0600844071822520E-002
   1590.4340800000000        288.32947956528642        8.3801109273548113E-004  -10.951267716927296       -7.4418531648171786       0.90911183432389120        1.3463835521117615E-002
   1565.0162399999999        288.18833557367407        8.7394876193574208E-004  -10.967615793918942       -7.5253711887247086        1.0053610415058087        1.7383320333436803E-002
   1539.5992400000000        288.04977978100175        9.0485565794061256E-004  -10.988089411952171       -7.6095523679155352        1.0748567546957475        1.9569034174548926E-002
   1514.1834699999999        287.90385484074574        9.2529730474611859E-004  -11.013135258916147       -7.6945345631400013        1.1219954599170763        2.0201426688795071E-002
   1488.7685500000000        287.70037520870392        9.3405967567935372E-004  -11.044261068401028       -7.7833769405399291        1.1068527247269899        1.5994626914643307E-002
   1463.3546100000001        287.41976256782624        9.4456649482844372E-004  -11.082237901523060       -7.8750703485405396        1.0800725159498139        1.2465655159494337E-002
   1437.9417699999999        287.11815675516914        1.1580932498335432E-003  -11.126271985898821       -7.9647833009066966        1.0829634076844348        1.1722445441979120E-002
   1412.5300299999999        286.80489091356088        2.6988981247410017E-003  -11.176431753995208       -8.0507513350667050        1.0800840659829853        1.1106242604660423E-002
   1387.1193800000001        286.72801521041430        4.0444218179353847E-003  -11.221873762880387       -8.1147382022872154        1.3399032288830199        3.5492482324420788E-002
   1361.7099599999999        286.71864793478846        4.2079471447507722E-003  -11.258764699552962       -8.1566307810193557        1.8215387472604809       0.20217044378740304     
   1336.3018800000000        286.71752893585563        4.2337608069920015E-003  -11.288807945343091       -8.1838457853381339        2.4470876642515127        1.0457992859038370     
   1310.8949000000000        286.71719474727695        4.2443037234795667E-003  -11.316362491703797       -8.2039138240530267        2.8689874549410543        2.2593661832895755     
   1285.4893800000000        286.71697429924137        4.2519244926508062E-003  -11.343939627473008       -8.2202227259978677        3.0399244003161128        2.8222051273545365     
   1260.0852100000000        286.71677915319026        4.2583553894166362E-003  -11.372187568036745       -8.2337646498074655        3.1139640217185360        2.9983804130191989     
   1234.6824999999999        286.71658154776730        4.2641177739527591E-003  -11.401321888060508       -8.2449950745440521        3.1501734475988021        2.9895455071481765     
   1209.2811300000001        286.71636789821179        4.2694260321107218E-003  -11.431414830218181       -8.2541953154136642        3.1752816060662132        2.9008984069238872     
   1183.8813500000001        286.71612977174061        4.2743784264320803E-003  -11.462482045478586       -8.2615741005466674        3.2025063756001524        2.7871745374778190     
   1158.4832799999999        286.71586148603990        4.2790222161291427E-003  -11.494516675663984       -8.2673015491649817        3.2389723370597472        2.6774588751300472     
   1133.0869100000000        286.71555902077932        4.2833856700935369E-003  -11.527509305674569       -8.2715213288608780        3.2881605009153954        2.5850420808220362     
   1107.6922600000000        286.71521799917912        4.2875044162922352E-003  -11.561474792683226       -8.2743560653181429        3.3498126142125750        2.5085600797372338     
   1082.3005400000000        286.71483341715731        4.2914229170904119E-003  -11.596451206697479       -8.2759032472051679        3.4229740926164607        2.4453570487064553     
   1056.9097899999999        286.71440208639984        4.2951697176898109E-003  -11.632461576308021       -8.2762287934310166        3.5095949244680811        2.4017427012453521     
   1031.5210000000000        286.71392239211349        4.2987631425789414E-003  -11.669519201573436       -8.2753726601111985        3.6101542132015534        2.3797507648660474     
   1006.1343400000000        286.71339269732232        4.3022209556239348E-003  -11.707642170875301       -8.2733517783658979        3.7232981492477744        2.3755989232802253     
   980.75000000000000        286.71281034264462        4.3055637067238722E-003  -11.746858731216168       -8.2701614552950993        3.8469166274848612        2.3837249225672155     
   955.36804199999995        286.71217189779827        4.3088134034792724E-003  -11.787200030172395       -8.2657743605122533        3.9793193837363301        2.4004516014537569     
   929.98846400000002        286.71147296176429        4.3119931451024275E-003  -11.828698850576965       -8.2601398758262938        4.1189792777687115        2.4226012081827819     
   904.61157200000002        286.71070576327639        4.3151296331799599E-003  -11.871403613154852       -8.2531807212237620        4.2625819761818580        2.4425827546132437     
   879.23742700000003        286.70986155312238        4.3182440163166518E-003  -11.915353235552139       -8.2447912974511084        4.4089314636357049        2.4593574939725604     
   853.86627199999998        286.70893185264066        4.3213508746934659E-003  -11.960565610620199       -8.2348360431250018        4.5577150181619617        2.4744379309651734     
   828.49829099999999        286.70790646747940        4.3244683836223870E-003  -12.007050083328343       -8.2231447835123319        4.7076574044650572        2.4861127919474360     
   803.13348399999995        286.70677187506254        4.3276176787652191E-003  -12.054810223730406       -8.2095063577146270        4.8569102992164872        2.4911191619306217     
   777.77227800000003        286.70551191967172        4.3308181194357687E-003  -12.103830034506563       -8.1936647073847624        5.0042372535231259        2.4884002174970292     
   752.41485599999999        286.70411367253246        4.3340780719218278E-003  -12.154035650634190       -8.1753236426201870        5.1516689353192042        2.4848645799510165     
   727.06133999999997        286.70256142954844        4.3374113576238275E-003  -12.205323729812482       -8.1541362556021255        5.2986259329045664        2.4794609389268327     
   701.71209699999997        286.70083408520799        4.3408356812005815E-003  -12.257558654456615       -8.1296985645674802        5.4436376450746593        2.4692960243638105     
   676.36755400000004        286.69890645726900        4.3443683898246850E-003  -12.310549426767260       -8.1015512038197119        5.5863706142734122        2.4543232552204035     
   651.02789299999995        286.69674309834562        4.3480385283369248E-003  -12.364056986697364       -8.0691701460957415        5.7254599488832874        2.4311146338537557     
   625.69360400000005        286.69429877590699        4.3518801483016772E-003  -12.417767067550919       -8.0319728930202547        5.8608660298591424        2.3993906643973815     
   600.36511199999995        286.69151990243427        4.3559258701801945E-003  -12.471261187521698       -7.9893332898623708        5.9937836452935951        2.3616162388032120     
   575.04284700000005        286.68833776121858        4.3602177273942937E-003  -12.524018074345914       -7.9405854009134238        6.1247952637810936        2.3180406281834749     
   549.72741699999995        286.68466131286607        4.3648062440133006E-003  -12.575405324464404       -7.8850330347858728        6.2535841224327839        2.2677377236330414     
   524.41943400000002        286.68037731760086        4.3697443642345627E-003  -12.624657351949061       -7.8219809185636207        6.3810001710638868        2.2127763148477926     
   499.11962899999997        286.67534352206224        4.3750910504744295E-003  -12.670879096028225       -7.7507528140964030        6.5076762193603468        2.1549044503403110     
   473.82891799999999        286.66938272586714        4.3809027173621938E-003  -12.713046225919843       -7.6707156849905216        6.6331584320449606        2.0955988220616963     
   448.54824800000000        286.66225353986204        4.3872543523641198E-003  -12.750034158374307       -7.5812524108699790        6.7541300103474313        2.0320294964204808     
   423.27871699999997        286.65365229908110        4.3942156837016274E-003  -12.780599623511213       -7.4817985915702536        6.8685570161945231        1.9659168133329141     
   398.02175899999997        286.64315785484905        4.4018818830062340E-003  -12.803399099099595       -7.3717705537098750        6.9705072095322924        1.8936880866832233     
   372.77890000000002        286.63020851451876        4.4103560572317981E-003  -12.816954521527780       -7.2505691067796318        7.0547883950114709        1.8152532684932563     
   347.55215500000003        286.61401832210299        4.4197701822977714E-003  -12.819618404219160       -7.1175029614650764        7.1139232364322238        1.7284619505684200     
   322.34393299999999        286.59345663032889        4.4303022477794286E-003  -12.809497578810481       -6.9717144995446549        7.1392640812866270        1.6312324860401013     
   297.15716600000002        286.56688942719262        4.4421768849474243E-003  -12.784339328286000       -6.8121260444654528        7.1224251903042459        1.5236117785065384     
   271.99560500000001        286.53184077695300        4.4557020492577669E-003  -12.741357107181459       -6.6373008836172600        7.0529025339012010        1.4045013992634368     
   246.86404400000001        286.48433880256283        4.4713390435068218E-003  -12.676944540586385       -6.4452333512879330        6.9179968472276672        1.2720634697343318     
   221.76879900000000        286.41780165497181        4.4897658947570017E-003  -12.586243716606157       -6.2331311535858278        6.7056446908589127        1.1273367623954054     
   196.71839900000001        286.32072686759517        4.5120099051989600E-003  -12.462425717638691       -5.9970181534618430        6.4032447362469718       0.97264751941827765     
   171.72468599999999        286.17151334457571        4.5397201376852500E-003  -12.295400789999599       -5.7310153781829163        5.9972445954283859       0.81108897876433661     
   146.80502300000001        285.92659465802109        4.5755932129379739E-003  -12.069464674348673       -5.4261664949288884        5.4759690838628838       0.64863406536663859     
   121.98595400000001        285.49070758730193        4.6241139269926528E-003  -11.758607058292045       -5.0682156003579921        4.8321005870439633       0.49393097778229922     
   97.311340299999998        284.64295972829922        4.6921261694069611E-003  -11.316662959673726       -4.6334677281387266        4.0699412030643822       0.35936619886075982     
   72.861091599999995        282.90815144635081        4.7847043344894395E-003  -10.655858558070195       -4.0814454256888997        3.2198039672404226       0.26308914632716873     
   48.804748500000002        280.08677783007010        4.8727816741602507E-003  -9.6092636533725173       -3.3506168465886792        2.3747326611127093       0.25648507416067379     
   25.613332700000001        278.73065073248057        4.8920989614392929E-003  -8.2467048354906698       -2.5795496916671090        1.9493695672778870       0.70922107134951695     
   10.000000000000000        277.52111352756702        4.8978184386468913E-003  -5.3849539024456838       -1.2915722988569549       0.91406743061987006       0.74180795714742354     
   1997.2254600000001        290.81831825822718        6.0720670738429643E-004  -9.8672375211388754       -10.161084741483428        1.5288599107644419E-002   4.9347265139709245E-006
   1971.7959000000001        290.64071311482576        6.3106424288035241E-004  -9.8542389654863829       -10.159948629382287        1.5288599107644419E-002   4.9347265139709245E-006
   1946.3670700000000        290.46989317937692        6.5942199578732596E-004  -9.8319280761865127       -10.157332116163333        4.6930397348632656E-002   4.6921315360778900E-005
   1920.9388400000000        290.37307083361486        6.7844717114618858E-004  -9.8080460333252741       -10.153937571496041        7.3028894461272822E-002   1.4923802966807393E-004
   1895.5111099999999        290.29150609273836        6.9076839990960253E-004  -9.7821741631844379       -10.150863883853726        9.4650587893208293E-002   2.6825355624954706E-004
   1870.0839800000001        290.19685303343857        6.9724463702850999E-004  -9.7531428038504782       -10.149675356627958       0.11186041873778407        3.3914578563497424E-004
   1844.6575900000000        290.10950468205851        6.9900602416908552E-004  -9.7222599698816659       -10.152270233737600       0.13526281450855587        5.0570172543653734E-004
   1819.2318100000000        290.02501343181081        6.9940660581499883E-004  -9.6897679653264426       -10.160339663323375       0.16388190126549743        7.3922793679712887E-004
   1793.8067599999999        289.90868118987311        6.9950736166589258E-004  -9.6543260105581936       -10.175601219851474       0.19029571329306189        8.2523809356029097E-004
   1768.3824500000001        289.68196157702772        6.9964791070523721E-004  -9.6142092384307585       -10.200102152897772       0.20835191898872149        6.8278406288167391E-004
   1742.9588600000000        289.45198330478991        7.0055656443062872E-004  -9.5740910827187733       -10.231249437241440       0.24682257904513225        9.2955343059304544E-004
   1717.5362500000001        289.21681611074615        7.0512694065111921E-004  -9.5343141134231306       -10.268240573234021       0.28542111192016301        1.2000645601030605E-003
   1692.1140100000000        288.99728574215044        7.1866136201562277E-004  -9.4957639425816325       -10.309679809257911       0.32758210918991726        1.5999210167322833E-003
   1666.6927499999999        288.81714840106514        7.3930022988465561E-004  -9.4594945085612334       -10.353897690423606       0.37645774086201195        2.2882320754879031E-003
   1641.2723400000000        288.63711111755606        7.6654390638796887E-004  -9.4245855500627638       -10.401785319957797       0.41354306062220436        2.6941601544068893E-003
   1615.8527799999999        288.45814262918890        8.0050461377520162E-004  -9.3914623467828893       -10.452947417782601       0.44878313063668468        3.1031148787013726E-003
   1590.4340800000000        288.29451672660974        8.3851687221339177E-004  -9.3610232516199048       -10.506359614951712       0.48783658909989891        3.7472395265251558E-003
   1565.0162399999999        288.15260838603803        8.7378500922546162E-004  -9.3339376913286785       -10.561251021441377       0.53000889435679011        4.6483216944221920E-003
   1539.5992400000000        288.01345899950798        9.0385065651127307E-004  -9.3100855350093621       -10.618483667682094       0.56180383593033312        5.1411927944919125E-003
   1514.1834699999999        287.86685127169994        9.2396613081814475E-004  -9.2897939410069270       -10.678574382903083       0.58659112127142987        5.3094847575433377E-003
   1488.7685500000000        287.66403277275629        9.3448752069979569E-004  -9.2731267743820425       -10.744237303307351       0.58563824149382826        4.3371178449985439E-003
   1463.3546100000001        287.38442614417517        9.5935286111834721E-004  -9.2618356231247656       -10.815585535992817       0.58327133232237061        3.5339444233585177E-003
   1437.9417699999999        287.07685214474844        1.2394040617315350E-003  -9.2587603584239773       -10.889738921283028       0.60131971981493471        3.4774725446941844E-003
   1412.5300299999999        286.75159657213078        2.8411298335414342E-003  -9.2667495237620514       -10.965340233984488       0.62794438840305722        3.5871571647239538E-003
   1387.1193800000001        286.66002899121014        3.9945253678411825E-003  -9.2853500439466909       -11.025888276948303       0.81918471738778842        1.1707915701600414E-002
   1361.7099599999999        286.64420618295054        4.1882537160581263E-003  -9.3099015528197828       -11.069312954701164        1.1784842723226021        6.1789715104934806E-002
   1336.3018800000000        286.64176691522971        4.2216059058788561E-003  -9.3361439668004600       -11.099221463742376        1.7483551529762817       0.36671541263309620     
   1310.8949000000000        286.64085476112632        4.2344570049206633E-003  -9.3644897647408101       -11.122650660117605        2.2777324905816592       0.97668317137006311     
   1285.4893800000000        286.64014719963512        4.2432743014157708E-003  -9.3960685821702512       -11.143159060306946        2.6646203092451408        1.4361512902277860     
   1260.0852100000000        286.63943762674637        4.2506152910908278E-003  -9.4311239424086448       -11.161895528774698        2.9858396425989420        1.7305916447063814     
   1234.6824999999999        286.63866419474431        4.2571714515261434E-003  -9.4695958376118945       -11.179292723285569        3.2797085973878044        1.9397990867551200     
   1209.2811300000001        286.63780003580979        4.2632013290863080E-003  -9.5113428324099818       -11.195529145727155        3.5610846259003077        2.1073746611018054     
   1183.8813500000001        286.63683064729298        4.2688250117849623E-003  -9.5562121855947044       -11.210668291170698        3.8361057607322326        2.2534266346734602     
   1158.4832799999999        286.63574746082787        4.2741073250082808E-003  -9.6040573261544679       -11.224709127104049        4.1077239380792401        2.3879600819925493     
   1133.0869100000000        286.63454490606489        4.2790895142526411E-003  -9.6547448775357534       -11.237608486464850        4.3773671005772856        2.5157606917592408     
   1107.6922600000000        286.63321666008034        4.2838079982391863E-003  -9.7081659507434601       -11.249295666028527        4.6446869397777348        2.6360617469937107     
   1082.3005400000000        286.63175518805122        4.2882964612661976E-003  -9.7642358205343243       -11.259676544531271        4.9088731643127481        2.7476284784590317     
   1056.9097899999999        286.63015563675100        4.2925780924015430E-003  -9.8228629559546388       -11.268627470936876        5.1714120650752067        2.8544592917684328     
   1031.5210000000000        286.62841487167731        4.2966713839102258E-003  -9.8839545360809087       -11.276001825348551        5.4327385188284518        2.9585280947901800     
   1006.1343400000000        286.62652873586524        4.3005958724789684E-003  -9.9474253894637901       -11.281633641373013        5.6921407710614069        3.0585687460017819     
   980.75000000000000        286.62449034414936        4.3043736664606768E-003  -10.013202147763883       -11.285338688347290        5.9483734456887678        3.1518980012769018     
   955.36804199999995        286.62229041061624        4.3080276300862660E-003  -10.081216967632068       -11.286912746424182        6.2004248860700288        3.2366693043975694     
   929.98846400000002        286.61991745785565        4.3115803662272549E-003  -10.151401157334218       -11.286131167224378        6.4474055754399942        3.3115980817298230     
   904.61157200000002        286.61735371072410        4.3150578193795102E-003  -10.223697799506818       -11.282748021676287        6.6871152304391819        3.3721980179507596     
   879.23742700000003        286.61457800462148        4.3184849715458880E-003  -10.298042837947698       -11.276493387790088        6.9186047970598796        3.4175649338544716     
   853.86627199999998        286.61156717613221        4.3218844451519906E-003  -10.374355647438666       -11.267073844973568        7.1415667468934334        3.4485489940450491     
   828.49829099999999        286.60829422821877        4.3252781989193403E-003  -10.452540494094650       -11.254171179991779        7.3552021229356548        3.4649365186668986     
   803.13348399999995        286.60472611770558        4.3286888310062202E-003  -10.532486792432417       -11.237442522396869        7.5584145379826122        3.4657293101649485     
   777.77227800000003        286.60082293054711        4.3321395765169102E-003  -10.614064679687685       -11.216519029615478        7.7501112566190340        3.4503739747158351     
   752.41485599999999        286.59654506519604        4.3356493073220398E-003  -10.697097529526358       -11.191010959024309        7.9314188613874155        3.4234051475885026     
   727.06133999999997        286.59184729528658        4.3392366955347572E-003  -10.781373980002920       -11.160507511236956        8.1020225818133245        3.3857600188491852     
   701.71209699999997        286.58667260311796        4.3429231874411020E-003  -10.866655725425955       -11.124573453308162        8.2605146575098622        3.3360820417825265     
   676.36755400000004        286.58095095483048        4.3467325492533831E-003  -10.952669601393634       -11.082749144105806        8.4057701366875115        3.2739854785703679     
   651.02789299999995        286.57459359753256        4.3506924190755171E-003  -11.039106777312409       -11.034547645795477        8.5363806328164085        3.1985143491889012     
   625.69360400000005        286.56749185826976        4.3548331890572046E-003  -11.125610780738299       -10.979455947118176        8.6515081451019960        3.1102804863483495     
   600.36511199999995        286.55951370000389        4.3591877187926396E-003  -11.211768748915397       -10.916935536399743        8.7506073286701120        3.0105879383237371     
   575.04284700000005        286.55049901273685        4.3637913083401604E-003  -11.297103588266566       -10.846423642929601        8.8333510208407855        2.9011714578866630     
   549.72741699999995        286.54024443075730        4.3686850283768041E-003  -11.381076397404586       -10.767323410022790        8.8983945185288746        2.7821665429711957     
   524.41943400000002        286.52849702471138        4.3739142719222751E-003  -11.463070881983835       -10.679006330539121        8.9451158393500556        2.6552125503855755     
   499.11962899999997        286.51494951806501        4.3795263385841702E-003  -11.542375704057665       -10.580817541916064        8.9736844605153685        2.5233113965460516     
   473.82891799999999        286.49921049266999        4.3855753038629652E-003  -11.618186402762126       -10.472057788273919        8.9828063085743697        2.3872863891554075     
   448.54824800000000        286.48077404133841        4.3921243609999104E-003  -11.689591928285632       -10.351969812194353        8.9708418093404561        2.2478006451094732     
   423.27871699999997        286.45898340220191        4.3992467060524577E-003  -11.755552998369255       -10.219726251535423        8.9361206972397973        2.1059150971764007     
   398.02175899999997        286.43296376009977        4.4070313248564270E-003  -11.814880865595436       -10.074397985445462        8.8760073733869600        1.9619583400845781     
   372.77890000000002        286.40153146444868        4.4155876967487051E-003  -11.866199904869831       -9.9149209391106456        8.7874469977453629        1.8163589673589871     
   347.55215500000003        286.36304898952073        4.4250543762810535E-003  -11.907896654819103       -9.7400440456012500        8.6665397134662676        1.6693643490614447     
   322.34393299999999        286.31520076593574        4.4356101774338848E-003  -11.938043911027748       -9.5482600982884822        8.5086911971977699        1.5213253774111046     
   297.15716600000002        286.25463552638223        4.4474892060345364E-003  -11.954287772987756       -9.3377112685629360        8.3086421238177746        1.3728309197958397     
   271.99560500000001        286.17629890251055        4.4610139444472927E-003  -11.953680313298014       -9.1060218658746699        8.0592930155447053        1.2237927684881511     
   246.86404400000001        286.07223613906962        4.4766457676671430E-003  -11.932408224759493       -8.8500551778345287        7.7521054996100052        1.0741578716384252     
   221.76879900000000        285.92945326164420        4.4950519405564868E-003  -11.885356712941615       -8.5655807345161303        7.3782979901416788       0.92503867195958023     
   196.71839900000001        285.72563525235427        4.5172249622365077E-003  -11.805383391781664       -8.2467141570598201        6.9283392480204631       0.77815091983190376     
   171.72468599999999        285.42016241478893        4.5446808295674275E-003  -11.682043397022346       -7.8849805622627978        6.3925267841747155       0.63599849717975732     
   146.80502300000001        284.93452118479593        4.5797360319416655E-003  -11.499246624872130       -7.4677288638371850        5.7628829147872160       0.50247199475470283     
   121.98595400000001        284.11003354481176        4.6256224243813758E-003  -11.230784656148732       -6.9754569963010535        5.0377308956302951       0.38371672933787343     
   97.311340299999998        282.63748692610352        4.6847375955479291E-003  -10.831712251001324       -6.3777002834079157        4.2314189829700650       0.28970305824454246     
   72.861091599999995        280.16526699898634        4.7471716593487359E-003  -10.224285103174809       -5.6305882128259359        3.3988002423891941       0.24271908480902962     
   48.804748500000002        277.76730963775168        4.7711756828006857E-003  -9.2950026956066569       -4.6979037539884239        2.6695884725218644       0.35151449175887484     
   25.613332700000001        276.93374575694247        4.7657750806598814E-003  -8.0927478533127761       -3.7324314870980850        2.2373577189572655        1.0686139450953420     
   10.000000000000000        276.01288999183390        4.7469996596674309E-003  -5.3834089600271433       -1.9879210175880686       0.99946694772388822       0.85916187574218872     
   1997.2254600000001        290.81184229138637        6.0723214940089788E-004  -6.8722308418047469       -12.432415846037372        9.6910946910202939E-002   1.9912873421324993E-004
   1971.7959000000001        290.62379345312070        6.3109831441613448E-004  -6.8766340970414177       -12.399093861877672        9.6910946910202939E-002   1.9912873421324993E-004
   1946.3670700000000        290.44618236498195        6.5945733325109177E-004  -6.8803006119494805       -12.352566860829269       0.19463597378130348        8.2222192635704342E-004
   1920.9388400000000        290.34422820104993        6.7844503292637253E-004  -6.8827298303390414       -12.305373680295830       0.26634307542137975        2.0242658726811235E-003
   1895.5111099999999        290.25862145315847        6.9073162361742613E-004  -6.8833794558275514       -12.257248603367314       0.30722178512736492        2.8886000973700199E-003
   1870.0839800000001        290.16144273133261        6.9721562740120526E-004  -6.8811534907032810       -12.207468652781431       0.31726677892497424        2.8055601526346665E-003
   1844.6575900000000        290.07231480365948        6.9899588596876677E-004  -6.8752118309256431       -12.158839492502025       0.32769919705868555        3.0484465583346994E-003
   1819.2318100000000        289.98657327435291        6.9940395571975456E-004  -6.8647388884468237       -12.112270061721782       0.32517800053251528        2.9754790858296624E-003
   1793.8067599999999        289.87017706947205        6.9950728329798179E-004  -6.8481669928849280       -12.066891326148962       0.29518094340857992        2.0208030053141209E-003
   1768.3824500000001        289.64485295025577        6.9965176314729907E-004  -6.8234879785891138       -12.021922235409990       0.24802872437811224        9.7646131403044691E-004
   1742.9588600000000        289.41653207097369        7.0057768056444147E-004  -6.7943185072971390       -11.981758479567107       0.23676966535248067        8.5728361569973493E-004
   1717.5362500000001        289.18268426869804        7.0519373465987255E-004  -6.7618258384523289       -11.945811148262683       0.22872037750086582        7.6683084050711890E-004
   1692.1140100000000        288.96390292951855        7.1875764986139711E-004  -6.7274948154320686       -11.913942835039222       0.22641528708934183        7.5542718814581807E-004
   1666.6927499999999        288.78382343964341        7.3939027919340714E-004  -6.6928320555712855       -11.886189455049566       0.22940390861206800        8.3367019503291333E-004
   1641.2723400000000        288.60359409961967        7.6664884965264054E-004  -6.6570857332570430       -11.861870597796049       0.22294146717546812        7.6396834066370716E-004
   1615.8527799999999        288.42429944141008        8.0062068074139201E-004  -6.6207226807667787       -11.841143456122094       0.21484952552079542        6.9042875254414135E-004
   1590.4340800000000        288.26011978929273        8.3857512400819134E-004  -6.5846973967964040       -11.824300548175202       0.20768295708852988        6.5534461716572042E-004
   1565.0162399999999        288.11744122353986        8.7374303925004707E-004  -6.5497104138772428       -11.811675089167835       0.19960555218990636        6.3169697608343365E-004
   1539.5992400000000        287.97760609156006        9.0369091478971291E-004  -6.5154359065629137       -11.803864278429744       0.18475427260330324        5.3014249320774509E-004
   1514.1834699999999        287.83059984205363        9.2377122790714909E-004  -6.4821191370395743       -11.802111626909602       0.16662883906600784        4.0719065109371603E-004
   1488.7685500000000        287.62810630869234        9.3465219981945851E-004  -6.4496792195457440       -11.808933918726559       0.14420404423114697        2.5048164536581834E-004
   1463.3546100000001        287.34833304020333        9.6257368583479595E-004  -6.4216560039203836       -11.827928730534795       0.13142964726224843        1.7103760902586812E-004
   1437.9417699999999        287.03364454922183        1.2584843352986038E-003  -6.4071024734974600       -11.861769821237521       0.15005959480925410        2.0473183895175932E-004
   1412.5300299999999        286.69299077635958        2.8794792892222233E-003  -6.4168086855388724       -11.907458851993892       0.23603865660707390        4.7840854030591637E-004
   1387.1193800000001        286.58677851055972        4.0005391506267324E-003  -6.4479386592023289       -11.946310007847124       0.47895855119177644        3.5973822443226560E-003
   1361.7099599999999        286.56553206296405        4.1981823593426493E-003  -6.4862653974435354       -11.973547253811688       0.92417775273341785        3.1831887764178897E-002
   1336.3018800000000        286.56210551297403        4.2276669872653586E-003  -6.5234909217156529       -11.991664112248419        1.6365276461935745       0.26856519209833846     
   1310.8949000000000        286.56054712873936        4.2388408254906522E-003  -6.5621079221373009       -12.006609099871609        2.2894677942940338       0.76624610449178887     
   1285.4893800000000        286.55913330271915        4.2468108619281558E-003  -6.6043925695641539       -12.020999363268736        2.7751196918858838        1.1382352101987683     
   1260.0852100000000        286.55762230940178        4.2535787420194303E-003  -6.6506763453007602       -12.035470267057663        3.1934394529663077        1.4108197906549924     
   1234.6824999999999        286.55595020308806        4.2596717936639571E-003  -6.7008630608071726       -12.050153307474359        3.5821054518065538        1.6381124787048362     
   1209.2811300000001        286.55409386358639        4.2652974043295537E-003  -6.7547817134935126       -12.065007495143460        3.9546986062271925        1.8427745396868398     
   1183.8813500000001        286.55204327765051        4.2705605226427351E-003  -6.8122639242939700       -12.079914292929484        4.3169355634845230        2.0339953322147850     
   1158.4832799999999        286.54979366005512        4.2755237931317858E-003  -6.8731584507151844       -12.094713574433294        4.6715982729559231        2.2158901577419345     
   1133.0869100000000        286.54734192223964        4.2802302190905056E-003  -6.9373333838173030       -12.109220666578224        5.0199401053952366        2.3899642312697655     
   1107.6922600000000        286.54468246826127        4.2847156908833563E-003  -7.0046807702910430       -12.123237572768261        5.3617744960566451        2.5547575560157956     
   1082.3005400000000        286.54180662235842        4.2890119135249238E-003  -7.0751174368260799       -12.136558460964197        5.6961310448709082        2.7082838079739271     
   1056.9097899999999        286.53870783956648        4.2931418383691721E-003  -7.1485555088782977       -12.148963827357306        6.0239464994905889        2.8523590255686631     
   1031.5210000000000        286.53538013364505        4.2971241775129993E-003  -7.2249085809627687       -12.160226457574025        6.3450294990026679        2.9873629701855613     
   1006.1343400000000        286.53181510354125        4.3009769272577972E-003  -7.3040972531104993       -12.170113676456785        6.6584083679473105        3.1118701767733623     
   980.75000000000000        286.52800002272738        4.3047187257917469E-003  -7.3860524633374078       -12.178388336016118        6.9626642262783109        3.2235640361843920     
   955.36804199999995        286.52391827912868        4.3083680880006180E-003  -7.4707108448504478       -12.184807321097633        7.2565114438722400        3.3207272822905760     
   929.98846400000002        286.51954970812494        4.3119429519205858E-003  -7.5580100432481307       -12.189119701953461        7.5388056551473737        3.4021911555475981     
   904.61157200000002        286.51486576067271        4.3154632698620419E-003  -7.6478992172132498       -12.191066684220832        7.8072744851254852        3.4646127405993954     
   879.23742700000003        286.50983277640171        4.3189484566116309E-003  -7.7403258724284933       -12.190377654213737        8.0607236555672603        3.5072691020309352     
   853.86627199999998        286.50441321429651        4.3224167064193058E-003  -7.8352292454440366       -12.186768371894800        8.2982695848312620        3.5305486869098792     
   828.49829099999999        286.49856343152578        4.3258860519428824E-003  -7.9325427929242105       -12.179938891591830        8.5187604005891071        3.5343758580816877     
   803.13348399999995        286.49223101301868        4.3293752080417218E-003  -8.0321945277591382       -12.169571520992976        8.7208749579497553        3.5183250743211447     
   777.77227800000003        286.48535322802871        4.3329037947596061E-003  -8.1341054405247153       -12.155327453157179        8.9032059649181967        3.4822608345786259     
   752.41485599999999        286.47786462399472        4.3364891129329250E-003  -8.2381683215919619       -12.136845911988356        9.0660771041295778        3.4296116993973671     
   727.06133999999997        286.46969003001891        4.3401487464125562E-003  -8.3442567056644936       -12.113741439445487        9.2088673256182396        3.3616369379884872     
   701.71209699999997        286.46073669688946        4.3439027002155541E-003  -8.4522314876343536       -12.085598938730710        9.3300967865244964        3.2780709557933876     
   676.36755400000004        286.45089192183963        4.3477732248085798E-003  -8.5619347587035257       -12.051969167506559        9.4285761030979245        3.1794261274833442     
   651.02789299999995        286.44001556281722        4.3517859144508956E-003  -8.6731877504769237       -12.012362542445187        9.5030587046468735        3.0660212520914119     
   625.69360400000005        286.42793684364199        4.3559692415583613E-003  -8.7857800494313611       -11.966244502827074        9.5527676177468983        2.9392514090697235     
   600.36511199999995        286.41444817247549        4.3603546522940880E-003  -8.8994603534186201       -11.913030044474679        9.5773204597286945        2.8010673878674117     
   575.04284700000005        286.39929734034348        4.3649766978546738E-003  -9.0139248882837109       -11.852078440912031        9.5766491761624728        2.6537960307740915     
   549.72741699999995        286.38216652154449        4.3698756669167645E-003  -9.1288163442613559       -11.782681671799315        9.5501378479887151        2.4987958517676643     
   524.41943400000002        286.36266018285522        4.3750970198060263E-003  -9.2437039900872566       -11.704059017934821        9.4979117665663395        2.3384185177059917     
   499.11962899999997        286.34029400291394        4.3806899390847658E-003  -9.3580594477052195       -11.615354287584053        9.4209919848329697        2.1759285719363781     
   473.82891799999999        286.31445132965462        4.3867114000129201E-003  -9.4712515432583242       -11.515618391050374        9.3194609945149445        2.0130652664651825     
   448.54824800000000        286.28433803372354        4.3932279628109061E-003  -9.5825247174723955       -11.403795030019223        9.1934644429974544        1.8514964968514516     
   423.27871699999997        286.24892310788329        4.4003173442802700E-003  -9.6909707504741274       -11.278705494069836        9.0433077568764304        1.6929419672130028     
   398.02175899999997        286.20683959012712        4.4080728717713511E-003  -9.7955011204583773       -11.139021384027682        8.8687577364419656        1.5385716401674254     
   372.77890000000002        286.15624396182687        4.4166081941071121E-003  -9.8948056074442565       -10.983231396967463        8.6693386926905767        1.3893665211606043     
   347.55215500000003        286.09459831040493        4.4260644521410932E-003  -9.9873003095855353       -10.809592589036523        8.4439638050229497        1.2460135916614190     
   322.34393299999999        286.01833351911932        4.4366196519509127E-003  -10.071053819256573       -10.616061787810175        8.1909162482338118        1.1090291205063507     
   297.15716600000002        285.92230569535957        4.4485017361777417E-003  -10.143682464074285       -10.400195179399990        7.9076478270055546       0.97875540667125349     
   271.99560500000001        285.79880933994633        4.4620141008550000E-003  -10.202200930921427       -10.158973828636586        7.5898405369959407       0.85493029026922174     
   246.86404400000001        285.63583270828121        4.4775698309307997E-003  -10.242777966954813       -9.8885432532612167        7.2315935928000670       0.73716344566752279     
   221.76879900000000        285.41396074895727        4.4957252244968047E-003  -10.260333240738332       -9.5838383017119497        6.8262755825432473       0.62558795726743910     
   196.71839900000001        285.10032893046400        4.5172103878398763E-003  -10.247866405606837       -9.2379623115227787        6.3661328332046461       0.52059971605265853     
   171.72468599999999        284.63648467176716        4.5428779014990792E-003  -10.195278190558712       -8.8411763616694472        5.8431049060884561       0.42313007416567933     
   146.80502300000001        283.91381055406538        4.5732485975513220E-003  -10.087221871984751       -8.3792516534486960        5.2508172485314271       0.33509249708634620     
   121.98595400000001        282.72984931765689        4.6063601863365888E-003  -9.8991305243633310       -7.8310041352395015        4.5900750008334175       0.26037281773117271     
   97.311340299999998        280.76950318937560        4.6297673218918013E-003  -9.5903476267595131       -7.1658955615255753        3.8815096876920570       0.20730707602579906     
   72.861091599999995        278.06538907603959        4.6069489580063284E-003  -9.0977359042973518       -6.3506927671132196        3.1993905633885262       0.20347993916728926     
   48.804748500000002        276.33028494636045        4.5430431448350642E-003  -8.3476091703977424       -5.3821971898405101        2.6588140337993695       0.40869904909606947     
   25.613332700000001        275.68285886164000        4.4984483560096510E-003  -7.3245156668999112       -4.3516511097329618        2.1969402371522788        1.1234030153799306     
   10.000000000000000        274.91633862852427        4.4215041974679167E-003  -4.9244551605299414       -2.4240788897505361       0.96958773689778699       0.84447177942564400     
   1997.2254600000001        290.80327492000634        6.0749401524393435E-004  -2.7694808885035833       -12.270653181781190        1.0000000000000000E-004   1.0000000000000000E-004
   1971.7959000000001        290.60467172620088        6.3151889198888366E-004  -2.7949408023865767       -12.217374650832737        1.0000000000000000E-004   1.0000000000000000E-004
   1946.3670700000000        290.42138430050318        6.5984714264746109E-004  -2.8356041090511948       -12.145622983713890        1.0000000000000000E-004   1.0000000000000000E-004
   1920.9388400000000        290.31468611098563        6.7841381024911595E-004  -2.8779285444681091       -12.071419393146440        1.0000000000000000E-004   1.0000000000000000E-004
   1895.5111099999999        290.22526725565388        6.9033575633577237E-004  -2.9215195399286431       -11.994316348113271        1.0000000000000000E-004   1.0000000000000000E-004
   1870.0839800000001        290.12608975908120        6.9688068144712744E-004  -2.9666681260258874       -11.912907753990595        1.0000000000000000E-004   1.0000000000000000E-004
   1844.6575900000000        290.03547207997013        6.9886863974551335E-004  -3.0105234432963490       -11.830116493095938        1.0000000000000000E-004   1.0000000000000000E-004
   1819.2318100000000        289.94848678513546        6.9936901739020107E-004  -3.0523728413319255       -11.746116710220763        1.0000000000000000E-004   1.0000000000000000E-004
   1793.8067599999999        289.83194547526227        6.9950465757144954E-004  -3.0935923647297994       -11.657638157442186        1.0000000000000000E-004   1.0000000000000000E-004
   1768.3824500000001        289.60861574936325        6.9967822795650124E-004  -3.1356901511176103       -11.560218328393827        1.0000000000000000E-004   1.0000000000000000E-004
   1742.9588600000000        289.38189313676043        7.0068520373288076E-004  -3.1736682235648166       -11.462368251028662        1.0000000000000000E-004   1.0000000000000000E-004
   1717.5362500000001        289.14934329933305        7.0544362106449501E-004  -3.2075529566265160       -11.364453305879193        1.0000000000000000E-004   1.0000000000000000E-004
   1692.1140100000000        288.93129318467095        7.1900280632962910E-004  -3.2371668182878155       -11.268232953824311        1.0000000000000000E-004   1.0000000000000000E-004
   1666.6927499999999        288.75115585943996        7.3950806633329806E-004  -3.2624817349543402       -11.175859299176734        1.0000000000000000E-004   1.0000000000000000E-004
   1641.2723400000000        288.57072298890705        7.6672391316812724E-004  -3.2847333903191180       -11.085269356523453        1.0000000000000000E-004   1.0000000000000000E-004
   1615.8527799999999        288.39109338982439        8.0064680093430913E-004  -3.3041722500213004       -10.997038144961056        1.0000000000000000E-004   1.0000000000000000E-004
   1590.4340800000000        288.22634243769909        8.3845940758332598E-004  -3.3207932888893952       -10.912664566783835        1.0000000000000000E-004   1.0000000000000000E-004
   1565.0162399999999        288.08290292167879        8.7350425200021420E-004  -3.3346340630810984       -10.833262959117928        1.0000000000000000E-004   1.0000000000000000E-004
   1539.5992400000000        287.94241333105020        9.0342315125673000E-004  -3.3458673025587449       -10.758267531526787        1.0000000000000000E-004   1.0000000000000000E-004
   1514.1834699999999        287.79510076977567        9.2360553722863211E-004  -3.3542756556186548       -10.688192320145246        1.0000000000000000E-004   1.0000000000000000E-004
   1488.7685500000000        287.59291234603626        9.3463992761908356E-004  -3.3595188872774946       -10.622716039065541        1.0000000000000000E-004   1.0000000000000000E-004
   1463.3546100000001        287.31262067497636        9.6269870605365543E-004  -3.3618127342742126       -10.566674908638092        1.0000000000000000E-004   1.0000000000000000E-004
   1437.9417699999999        286.98958121882936        1.2653024012214545E-003  -3.3922244516612130       -10.567369512064339        1.0000000000000000E-004   1.0000000000000000E-004
   1412.5300299999999        286.63207718570510        2.9126128883311510E-003  -3.4433329265576056       -10.587728114426064        1.0000000000000000E-004   1.0000000000000000E-004
   1387.1193800000001        286.51154853258862        4.0173384431778291E-003  -3.5008417556584299       -10.605451305923218        1.0000000000000000E-004   1.0000000000000000E-004
   1361.7099599999999        286.48564023185958        4.2035598097899564E-003  -3.5553979294579294       -10.617445214072172        1.0000000000000000E-004   1.0000000000000000E-004
   1336.3018800000000        286.48105838511401        4.2299112354775128E-003  -3.6037159178584135       -10.624550189007776        1.0000000000000000E-004   1.0000000000000000E-004
   1310.8949000000000        286.47856773254307        4.2410721201471980E-003  -3.6524643389602640       -10.631179010173595        1.0000000000000000E-004   1.0000000000000000E-004
   1285.4893800000000        286.47620626286607        4.2491445690280901E-003  -3.7043639424344184       -10.639058319488189        1.0000000000000000E-004   1.0000000000000000E-004
   1260.0852100000000        286.47369010620088        4.2559110660029438E-003  -3.7597838284276595       -10.648567607762383        1.0000000000000000E-004   1.0000000000000000E-004
   1234.6824999999999        286.47094171754884        4.2619186204295072E-003  -3.8186672440997613       -10.659743235515920        1.0000000000000000E-004   1.0000000000000000E-004
   1209.2811300000001        286.46793536265420        4.2674056126595968E-003  -3.8808762519047972       -10.672489387514311        1.0000000000000000E-004   1.0000000000000000E-004
   1183.8813500000001        286.46466213052901        4.2725002718307075E-003  -3.9462742677329583       -10.686648787217631        1.0000000000000000E-004   1.0000000000000000E-004
   1158.4832799999999        286.46111938581299        4.2772815494245466E-003  -4.0147440842890978       -10.702032068450878        1.0000000000000000E-004   1.0000000000000000E-004
   1133.0869100000000        286.45730591871433        4.2818036724436171E-003  -4.0861922529931363       -10.718433641700448        1.0000000000000000E-004   1.0000000000000000E-004
   1107.6922600000000        286.45321645858849        4.2861090998288168E-003  -4.1605512227974843       -10.735641304815880        1.0000000000000000E-004   1.0000000000000000E-004
   1082.3005400000000        286.44884070695247        4.2902334025915799E-003  -4.2377817092446000       -10.753443610302071        1.0000000000000000E-004   1.0000000000000000E-004
   1056.9097899999999        286.44417079438210        4.2942026793316990E-003  -4.3178457113056501       -10.771619433571795        1.0000000000000000E-004   1.0000000000000000E-004
   1031.5210000000000        286.43919920194588        4.2980379050935567E-003  -4.4007116155664727       -10.789945685807220        1.0000000000000000E-004   1.0000000000000000E-004
   1006.1343400000000        286.43391481722830        4.3017581426722908E-003  -4.4863586939751334       -10.808198155765149        1.0000000000000000E-004   1.0000000000000000E-004
   980.75000000000000        286.42830064523935        4.3053818909025389E-003  -4.5747795513936049       -10.826152894548516        1.0000000000000000E-004   1.0000000000000000E-004
   955.36804199999995        286.42233451070791        4.3089268551983204E-003  -4.6659764389063820       -10.843584097148135        1.0000000000000000E-004   1.0000000000000000E-004
   929.98846400000002        286.41598961367782        4.3124098169057832E-003  -4.7599574959763427       -10.860261740464718        1.0000000000000000E-004   1.0000000000000000E-004
   904.61157200000002        286.40922809789475        4.3158488104400212E-003  -4.8567459564586732       -10.875952819943558        1.0000000000000000E-004   1.0000000000000000E-004
   879.23742700000003        286.40200541226216        4.3192613360035024E-003  -4.9563701304567056       -10.890415314899753        1.0000000000000000E-004   1.0000000000000000E-004
   853.86627199999998        286.39427206662833        4.3226638661631959E-003  -5.0588580549577049       -10.903395176700339        1.0000000000000000E-004   1.0000000000000000E-004
   828.49829099999999        286.38597059482487        4.3260727879025074E-003  -5.1642407924406202       -10.914624834212903        1.0000000000000000E-004   1.0000000000000000E-004
   803.13348399999995        286.37703198613269        4.3295051301542199E-003  -5.2725530284757127       -10.923819663289448        1.0000000000000000E-004   1.0000000000000000E-004
   777.77227800000003        286.36737365052187        4.3329788366299705E-003  -5.3838333837995327       -10.930675450651199        1.0000000000000000E-004   1.0000000000000000E-004
   752.41485599999999        286.35690964777001        4.3365101977600609E-003  -5.4981065327790954       -10.934861417919256        1.0000000000000000E-004   1.0000000000000000E-004
   727.06133999999997        286.34554143248022        4.3401159791347900E-003  -5.6153919314243117       -10.936018791761786        1.0000000000000000E-004   1.0000000000000000E-004
   701.71209699999997        286.33314751493020        4.3438152811800176E-003  -5.7357108375778409       -10.933756813262811        1.0000000000000000E-004   1.0000000000000000E-004
   676.36755400000004        286.31958047988388        4.3476295326893731E-003  -5.8590829791535421       -10.927647002333387        1.0000000000000000E-004   1.0000000000000000E-004
   651.02789299999995        286.30465719309422        4.3515834914474314E-003  -5.9855258123273938       -10.917214919863483        1.0000000000000000E-004   1.0000000000000000E-004
   625.69360400000005        286.28815466633108        4.3557050228294264E-003  -6.1150473684979660       -10.901932683761576        1.0000000000000000E-004   1.0000000000000000E-004
   600.36511199999995        286.26980189799480        4.3600253250982513E-003  -6.2476388975784065       -10.881209459681131        1.0000000000000000E-004   1.0000000000000000E-004
   575.04284700000005        286.24926991373974        4.3645791371268476E-003  -6.3832658855519178       -10.854380926826810        1.0000000000000000E-004   1.0000000000000000E-004
   549.72741699999995        286.22614362955693        4.3694072728170099E-003  -6.5218687914764448       -10.820696641578641        1.0000000000000000E-004   1.0000000000000000E-004
   524.41943400000002        286.19990662516955        4.3745562179117077E-003  -6.6633453351821164       -10.779306300672701        1.0000000000000000E-004   1.0000000000000000E-004
   499.11962899999997        286.16992673271341        4.3800770771678186E-003  -6.8075268356943210       -10.729246591846520        1.0000000000000000E-004   1.0000000000000000E-004
   473.82891799999999        286.13539980062762        4.3860291483128824E-003  -6.9541731480584366       -10.669420348040576        1.0000000000000000E-004   1.0000000000000000E-004
   448.54824800000000        286.09529181576903        4.3924815695211847E-003  -7.1029515461830099       -10.598575211591969        1.0000000000000000E-004   1.0000000000000000E-004
   423.27871699999997        286.04826374527096        4.3995145670577230E-003  -7.2534068322086034       -10.515278451761169        1.0000000000000000E-004   1.0000000000000000E-004
   398.02175899999997        285.99254668919639        4.4072230161569708E-003  -7.4049325535672992       -10.417883188289894        1.0000000000000000E-004   1.0000000000000000E-004
   372.77890000000002        285.92576549539353        4.4157198695165354E-003  -7.5567291222149562       -10.304488002469732        1.0000000000000000E-004   1.0000000000000000E-004
   347.55215500000003        285.84466783938353        4.4251409735604728E-003  -7.7077522574298030       -10.172882011717952        1.0000000000000000E-004   1.0000000000000000E-004
   322.34393299999999        285.74470949180562        4.4356502031806582E-003  -7.8566446860809727       -10.020471381948344        1.0000000000000000E-004   1.0000000000000000E-004
   297.15716600000002        285.61938638809534        4.4474449880203739E-003  -8.0016438933575422       -9.8441731085966921        1.0000000000000000E-004   1.0000000000000000E-004
   271.99560500000001        285.45902782783810        4.4607657533754733E-003  -8.1404644945650162       -9.6402392287431766        1.0000000000000000E-004   1.0000000000000000E-004
   246.86404400000001        285.24868188284017        4.4758961913981873E-003  -8.2701092355056272       -9.4039866970269337        1.0000000000000000E-004   1.0000000000000000E-004
   221.76879900000000        284.96442146818259        4.4931203177884993E-003  -8.3865474624002214       -9.1293956935744287        1.0000000000000000E-004   1.0000000000000000E-004
   196.71839900000001        284.56626004057938        4.5125665318036419E-003  -8.4841837997383873       -8.8084439194338469        1.0000000000000000E-004   1.0000000000000000E-004
   171.72468599999999        283.98436684249509        4.5336741554233735E-003  -8.5549043257220365       -8.4300205042715692        1.0000000000000000E-004   1.0000000000000000E-004
   146.80502300000001        283.09316583768316        4.5534318752869819E-003  -8.5862620354112273       -7.9781297959245885        1.0000000000000000E-004   1.0000000000000000E-004
   121.98595400000001        280.75067479943334        4.5235193998936921E-003  -8.2707641749948984       -6.9600540562169035       0.79679116339207923       0.81006513190313667     
   97.311340299999998        278.42909269774060        4.4456117080073458E-003  -7.8086923096708212       -5.9783254848113039       0.96241166499694597       0.97844580692775596     
   72.861091599999995        276.68874528963630        4.3518236263323101E-003  -7.1607260747109978       -5.0238843637409074        5.5942758151858394        5.6875027777638802     
   48.804748500000002        275.78508200076260        4.2741127373670416E-003  -6.5428834306915622       -4.1969115603585827        9.8640368820953785        10.028422508265697     
   25.613332700000001        275.51737692958307        4.2436044627261176E-003  -6.0714427021426864       -3.6577408228485111        9.4526553974151462        9.6101865486674605     
   10.000000000000000        275.28671901039803        4.2066878516119413E-003  -5.0799037931954567       -2.7290681381197204        4.6081813816390707        4.6849781727006281     
