   1997.2254600000001        290.88546800000000        6.0241116399999996E-004  0.23497513144089072        1.2897261096517052        1.0000000000000000E-004   1.0000000000000000E-004
   1971.7959000000001        290.86492900000002        6.2780769100000003E-004  0.13787277328649641        1.3240410292382394        1.0000000000000000E-004   1.0000000000000000E-004
   1946.3670700000000        290.84445199999999        6.5320351899999997E-004   4.0777428976942066E-002   1.3583790312194486        1.0000000000000000E-004   1.0000000000000000E-004
   1920.9388400000000        290.82400500000000        6.7859870599999998E-004  -5.6311379169808752E-002   1.3927401116161722        1.0000000000000000E-004   1.0000000000000000E-004
   1895.5111099999999        290.79403700000000        6.9951033199999995E-004 -0.16197045016349068        1.4199822094911487        1.0000000000000000E-004   1.0000000000000000E-004
   1870.0839800000001        290.71963499999998        6.9951033199999995E-004 -0.30762703512499556        1.4139328470660026        1.0000000000000000E-004   1.0000000000000000E-004
   1844.6575900000000        290.64526400000000        6.9951033199999995E-004 -0.45327514454932105        1.4079076378208677        1.0000000000000000E-004   1.0000000000000000E-004
   1819.2318100000000        290.57101399999999        6.9951033199999995E-004 -0.59891560953853595        1.4019064844542350        1.0000000000000000E-004   1.0000000000000000E-004
   1793.8067599999999        290.45092799999998        6.9951033199999995E-004 -0.73565607634289232        1.3745121694920230        1.0000000000000000E-004   1.0000000000000000E-004
   1768.3824500000001        290.18859900000001        6.9951033199999995E-004 -0.84477812402269936        1.2806375956529177        1.0000000000000000E-004   1.0000000000000000E-004
   1742.9588600000000        289.92654399999998        6.9951033199999995E-004 -0.95389292208487209        1.1867897741199369        1.0000000000000000E-004   1.0000000000000000E-004
   1717.5362500000001        289.66473400000001        6.9951033199999995E-004  -1.0629992950512952        1.0929694564114290        1.0000000000000000E-004   1.0000000000000000E-004
   1692.1140100000000        289.42806999999999        7.0738449000000002E-004  -1.1491620424776476       0.98845606119320395        1.0000000000000000E-004   1.0000000000000000E-004
   1666.6927499999999        289.24710099999999        7.3276768700000002E-004  -1.1843118190226358       0.86013679340741911        1.0000000000000000E-004   1.0000000000000000E-004
   1641.2723400000000        289.06634500000001        7.5815001000000004E-004  -1.2194562854425315       0.73184579400933414        1.0000000000000000E-004   1.0000000000000000E-004
   1615.8527799999999        288.88571200000001        7.8353146099999996E-004  -1.2545953324131749       0.60358302927260143        1.0000000000000000E-004   1.0000000000000000E-004
   1590.4340800000000        288.72531099999998        8.1845791999999998E-004  -1.2835251280441826       0.49038924158686514        1.0000000000000000E-004   1.0000000000000000E-004
   1565.0162399999999        288.59845000000001        8.6920225299999998E-004  -1.3021690098901020       0.40214805050532326        1.0000000000000000E-004   1.0000000000000000E-004
   1539.5992400000000        288.47164900000001        9.1994484000000002E-004  -1.3208079309805494       0.31393380171870200        1.0000000000000000E-004   1.0000000000000000E-004
   1514.1834699999999        288.34497099999999        9.7068504000000005E-004  -1.3394418893924458       0.22574771727465520        1.0000000000000000E-004   1.0000000000000000E-004
   1488.7685500000000        288.13610799999998        9.7657844900000002E-004  -1.3750223593736379       0.15029525718232126        1.0000000000000000E-004   1.0000000000000000E-004
   1463.3546100000001        287.82360799999998        9.2584197399999996E-004  -1.4320033730389781        9.0915490837694124E-002   1.0000000000000000E-004   1.0000000000000000E-004
   1437.9417699999999        287.51138300000002        8.7510765299999996E-004  -1.4889777264585764        3.1562253806956479E-002   1.0000000000000000E-004   1.0000000000000000E-004
   1412.5300299999999        287.19940200000002        8.2437554400000002E-004  -1.5459453090398858       -2.7764478822208373E-002   1.0000000000000000E-004   1.0000000000000000E-004
   1387.1193800000001        286.88775600000002        8.5078005199999999E-004  -1.6099831899664006      -0.10036218527196740        1.0000000000000000E-004   1.0000000000000000E-004
   1361.7099599999999        286.57641599999999        9.5221481800000004E-004  -1.6808976157785254      -0.18586740547759184        1.0000000000000000E-004   1.0000000000000000E-004
   1336.3018800000000        286.26541099999997        1.0536442300000000E-003  -1.7518041317802024      -0.27134415104671344        1.0000000000000000E-004   1.0000000000000000E-004
   1310.8949000000000        285.95468099999999        1.1550692099999999E-003  -1.8227033062890929      -0.35679326597284372        1.0000000000000000E-004   1.0000000000000000E-004
   1285.4893800000000        285.74984699999999        1.2419762800000001E-003  -1.8836297334858536      -0.45638655537797945        1.0000000000000000E-004   1.0000000000000000E-004
   1260.0852100000000        285.62441999999999        1.3179834900000000E-003  -1.9370676583389888      -0.56659147365744011        1.0000000000000000E-004   1.0000000000000000E-004
   1234.6824999999999        285.49917599999998        1.3939861700000000E-003  -1.9904981810996931      -0.67676613963385046        1.0000000000000000E-004   1.0000000000000000E-004
   1209.2811300000001        285.37399299999998        1.4699850000000000E-003  -2.0439216668062579      -0.78691103908885907        1.0000000000000000E-004   1.0000000000000000E-004
   1183.8813500000001        285.21560699999998        1.5459500700000001E-003  -2.0916668356483288      -0.87381476151376558        1.0000000000000000E-004   1.0000000000000000E-004
   1158.4832799999999        285.03814699999998        1.6218934899999999E-003  -2.1361396919724873      -0.94732505268007827        1.0000000000000000E-004   1.0000000000000000E-004
   1133.0869100000000        284.86086999999998        1.6978317900000000E-003  -2.1806051101645822       -1.0208065469272782        1.0000000000000000E-004   1.0000000000000000E-004
   1107.6922600000000        284.68380700000000        1.7737649600000000E-003  -2.2250633518641356       -1.0942591770921932        1.0000000000000000E-004   1.0000000000000000E-004
   1082.3005400000000        284.43383799999998        1.8320306000000001E-003  -2.2582883638233309       -1.1161834177921421        1.0000000000000000E-004   1.0000000000000000E-004
   1056.9097899999999        284.15240499999999        1.8826196899999999E-003  -2.2866297256385031       -1.1157034155511223        1.0000000000000000E-004   1.0000000000000000E-004
   1031.5210000000000        283.87124599999999        1.9332048299999999E-003  -2.3149647315038009       -1.1151995489434641        1.0000000000000000E-004   1.0000000000000000E-004
   1006.1343400000000        283.59036300000002        1.9837857700000000E-003  -2.3432931506355028       -1.1146718495963477        1.0000000000000000E-004   1.0000000000000000E-004
   980.75000000000000        283.36917099999999        2.0343505299999999E-003  -2.3501588127051845       -1.0477777157512345        1.0000000000000000E-004   1.0000000000000000E-004
   955.36804199999995        283.16708399999999        2.0849069099999999E-003  -2.3501830059022053      -0.95972672357605660        1.0000000000000000E-004   1.0000000000000000E-004
   929.98846400000002        283.04739400000000        2.1354507199999998E-003  -2.3450275108291327      -0.86853014718914601        1.0000000000000000E-004   1.0000000000000000E-004
   904.61157200000002        282.94979899999998        2.1859870800000000E-003  -2.3384802908270617      -0.77647974031469458        1.0000000000000000E-004   1.0000000000000000E-004
   879.23742700000003        282.85238600000002        2.2365094600000001E-003  -2.3546536899505841      -0.69951238333397547        1.0000000000000000E-004   1.0000000000000000E-004
   853.86627199999998        282.75506600000000        2.2870241700000001E-003  -2.3758677341954404      -0.62588299967876304        1.0000000000000000E-004   1.0000000000000000E-004
   828.49829099999999        282.65780599999999        2.3803175399999999E-003  -2.3975546580259057      -0.56542064601348196        1.0000000000000000E-004   1.0000000000000000E-004
   803.13348399999995        282.56069900000000        2.4812917700000000E-003  -2.4193208129694330      -0.50731188037558250        1.0000000000000000E-004   1.0000000000000000E-004
   777.77227800000003        282.37292500000001        2.5822159399999998E-003  -2.4341471067744980      -0.45985179059007203        1.0000000000000000E-004   1.0000000000000000E-004
   752.41485599999999        282.17254600000001        2.6831203099999998E-003  -2.4479898035564172      -0.41387804197992806        1.0000000000000000E-004   1.0000000000000000E-004
   727.06133999999997        282.01916499999999        2.7839725400000000E-003  -2.4814920080077445      -0.37267587391103191        1.0000000000000000E-004   1.0000000000000000E-004
   701.71209699999997        281.87091099999998        2.8848040400000002E-003  -2.5170547111943131      -0.33196080173959508        1.0000000000000000E-004   1.0000000000000000E-004
   676.36755400000004        281.81896999999998        2.9855794299999999E-003  -2.5739237460382043      -0.30121068922582672        1.0000000000000000E-004   1.0000000000000000E-004
   651.02789299999995        281.77410900000001        3.0863324600000001E-003  -2.6323219310117016      -0.27116565301526996        1.0000000000000000E-004   1.0000000000000000E-004
   625.69360400000005        281.77865600000001        3.1387275100000001E-003  -2.6646254316900566      -0.26354806085727955        1.0000000000000000E-004   1.0000000000000000E-004
   600.36511199999995        281.78521699999999        3.1890668899999999E-003  -2.6958147243118660      -0.25685737844124801        1.0000000000000000E-004   1.0000000000000000E-004
   575.04284700000005        281.84243800000002        3.1897926200000000E-003  -2.6837075323482087      -0.27215728678898859        1.0000000000000000E-004   1.0000000000000000E-004
   549.72741699999995        281.89978000000002        3.1903341900000001E-003  -2.6712392284179347      -0.28787729574759646        1.0000000000000000E-004   1.0000000000000000E-004
   524.41943400000002        281.90637199999998        3.2406228100000001E-003  -2.6838323056848510      -0.31514296108027062        1.0000000000000000E-004   1.0000000000000000E-004
   499.11962899999997        281.91296399999999        3.2908949100000002E-003  -2.6992322930619101      -0.34245686796247410        1.0000000000000000E-004   1.0000000000000000E-004
   473.82891799999999        281.91961700000002        3.3411390600000001E-003  -2.7926809426780688      -0.37197661346776256        1.0000000000000000E-004   1.0000000000000000E-004
   448.54824800000000        281.92620799999997        3.3913627299999999E-003  -2.8876194527158461      -0.40119040240329867        1.0000000000000000E-004   1.0000000000000000E-004
   423.27871699999997        281.93279999999999        3.4415549599999999E-003  -3.0076313321362185      -0.42592867962233549        1.0000000000000000E-004   1.0000000000000000E-004
   398.02175899999997        281.93542500000001        3.4917213500000001E-003  -3.1216903811288979      -0.44979268328177407        1.0000000000000000E-004   1.0000000000000000E-004
   372.77890000000002        281.89120500000001        3.5418504799999998E-003  -3.1664191659694607      -0.46376038081112325        1.0000000000000000E-004   1.0000000000000000E-004
   347.55215500000003        281.83718900000002        3.5919465599999999E-003  -3.2011053144699173      -0.47665195209776451        1.0000000000000000E-004   1.0000000000000000E-004
   322.34393299999999        281.69183299999997        3.6419970000000001E-003  -3.1426771746773108      -0.47980618590190371        1.0000000000000000E-004   1.0000000000000000E-004
   297.15716600000002        281.54666099999997        3.6920039000000000E-003  -3.0810576410039694      -0.48306716327807830        1.0000000000000000E-004   1.0000000000000000E-004
   271.99560500000001        281.40182499999997        3.7419516599999998E-003  -2.9940788953481148      -0.48734564869432628        1.0000000000000000E-004   1.0000000000000000E-004
   246.86404400000001        281.23843399999998        3.7856146200000002E-003  -2.9135825005056950      -0.49187141487913105        1.0000000000000000E-004   1.0000000000000000E-004
   221.76879900000000        280.94345099999998        3.7856146200000002E-003  -2.8779016752603903      -0.49829860529015246        1.0000000000000000E-004   1.0000000000000000E-004
   196.71839900000001        280.62301600000001        3.7856146200000002E-003  -2.8483807789434072      -0.50020697830801764        1.0000000000000000E-004   1.0000000000000000E-004
   171.72468599999999        280.12985200000003        3.7856146200000002E-003  -2.8592960851769753      -0.47240946066928541        1.0000000000000000E-004   1.0000000000000000E-004
   146.80502300000001        279.56839000000002        3.7665839800000000E-003  -2.8700125459309240      -0.43671965624196829        1.0000000000000000E-004   1.0000000000000000E-004
   121.98595400000001        278.53469799999999        3.6187507200000002E-003  -2.8795820749760668      -0.34730178949610691       0.53777153125457344       0.60989769409417183     
   97.311340299999998        277.57754499999999        3.4984704100000001E-003  -2.8875921648526814      -0.25787403646644946        1.4512209664964106E-002   1.6445545286247490E-002
   72.861091599999995        277.19415299999997        3.5955710300000000E-003  -2.8833726413810248      -0.16512349345502178       0.58511320521222876       0.66359046873714556     
   48.804748500000002        276.83398399999999        3.6877696400000001E-003  -2.8712865549877460       -7.7677306480796335E-002   1.3254765749466022        1.5032719549190947     
   25.613332700000001        276.79388399999999        3.7253203299999998E-003  -2.6544775473420570       -5.9693179728936160E-002   1.3984826135405433        1.5860752666558680     
   10.000000000000000        276.76690700000000        3.7801002600000000E-003  -2.3382279471847940       -3.5103835386039187E-002  0.70126500947812120       0.79533332038224303     
   1997.2254600000001        290.88537665476036        6.0252411291701938E-004 -0.81853441226688295        2.0085335983727690        1.0000000000000000E-004   1.0000000000000000E-004
   1971.7959000000001        290.86494031709151        6.2779382419313136E-004 -0.92154880109517190        1.9655079936269522        1.0000000000000000E-004   1.0000000000000000E-004
   1946.3670700000000        290.84445196584096        6.5320359912829330E-004  -1.0252643149328868        1.9230597785331405        1.0000000000000000E-004   1.0000000000000000E-004
   1920.9388400000000        290.82398896081418        6.7859129115663210E-004  -1.1290999181125481        1.8814727622842402        1.0000000000000000E-004   1.0000000000000000E-004
   1895.5111099999999        290.79396267338853        6.9947549633001850E-004  -1.2329367235638495        1.8296517155453720        1.0000000000000000E-004   1.0000000000000000E-004
   1870.0839800000001        290.71963467190704        6.9951030215429570E-004  -1.3361501382109304        1.7273552602232833        1.0000000000000000E-004   1.0000000000000000E-004
   1844.6575900000000        290.64526381989731        6.9951033198248553E-004  -1.4395343498539093        1.6258271845799350        1.0000000000000000E-004   1.0000000000000000E-004
   1819.2318100000000        290.57093692171640        6.9951033199999204E-004  -1.5430545094435342        1.5251417407449905        1.0000000000000000E-004   1.0000000000000000E-004
   1793.8067599999999        290.45068971759474        6.9951033200000385E-004  -1.6246993615089664        1.4188417785413205        1.0000000000000000E-004   1.0000000000000000E-004
   1768.3824500000001        290.18859785479367        6.9951033200666075E-004  -1.6383715256573652        1.2934019402727734        1.0000000000000000E-004   1.0000000000000000E-004
   1742.9588600000000        289.92654304720111        6.9951034332256393E-004  -1.6521049664005549        1.1687834686434384        1.0000000000000000E-004   1.0000000000000000E-004
   1717.5362500000001        289.66477471795764        6.9952351312892809E-004  -1.6659754479704931        1.0450392279978382        1.0000000000000000E-004   1.0000000000000000E-004
   1692.1140100000000        289.42816189872457        7.0741379321563938E-004  -1.6575170578326628       0.93315074586354196        1.0000000000000000E-004   1.0000000000000000E-004
   1666.6927499999999        289.24710055723625        7.3276783375176733E-004  -1.5993422806794693       0.84651231491866308        1.0000000000000000E-004   1.0000000000000000E-004
   1641.2723400000000        289.06634435827601        7.5815014538717503E-004  -1.5412615976308623       0.76076836463415776        1.0000000000000000E-004   1.0000000000000000E-004
   1615.8527799999999        288.88574499114071        7.8354755474518035E-004  -1.4833705812050726       0.67590124980887711        1.0000000000000000E-004   1.0000000000000000E-004
   1590.4340800000000        288.72536633341389        8.1848452638803512E-004  -1.4333766983970750       0.60599618172293523        1.0000000000000000E-004   1.0000000000000000E-004
   1565.0162399999999        288.59844957533664        8.6920250183667455E-004  -1.3963300653172737       0.56028191645506809        1.0000000000000000E-004   1.0000000000000000E-004
   1539.5992400000000        288.47164851417591        9.1994500093841604E-004  -1.3594810601016394       0.51545880698163449        1.0000000000000000E-004   1.0000000000000000E-004
   1514.1834699999999        288.34483286257796        9.7061023354145571E-004  -1.3228430678343801       0.47147987901419608        1.0000000000000000E-004   1.0000000000000000E-004
   1488.7685500000000        288.13593347130046        9.7648372629955576E-004  -1.3066644358338813       0.42320289165876890        1.0000000000000000E-004   1.0000000000000000E-004
   1463.3546100000001        287.82360652939076        9.2584160728456958E-004  -1.3162544992905956       0.36927984261293345        1.0000000000000000E-004   1.0000000000000000E-004
   1437.9417699999999        287.51138162653700        8.7510747809823209E-004  -1.3260618624814975       0.31619853590739316        1.0000000000000000E-004   1.0000000000000000E-004
   1412.5300299999999        287.19940079137524        8.2450437375530740E-004  -1.3360342005219297       0.26394701118736003        1.0000000000000000E-004   1.0000000000000000E-004
   1387.1193800000001        286.88775476675823        8.5090580579146860E-004  -1.3403509199339407       0.19886602099235853        1.0000000000000000E-004   1.0000000000000000E-004
   1361.7099599999999        286.57641482791377        9.5221548110351701E-004  -1.3391707569771421       0.12132842144871059        1.0000000000000000E-004   1.0000000000000000E-004
   1336.3018800000000        286.26540988143256        1.0536447664730977E-003  -1.3381561755382170        4.4622648219307934E-002   1.0000000000000000E-004   1.0000000000000000E-004
   1310.8949000000000        285.95485661924164        1.1550454434772783E-003  -1.3372881270235966       -3.1231637187924453E-002   1.0000000000000000E-004   1.0000000000000000E-004
   1285.4893800000000        285.74997900767102        1.2419584390920269E-003  -1.3195332945893683      -0.10736141650230849        1.0000000000000000E-004   1.0000000000000000E-004
   1260.0852100000000        285.62441985299546        1.3179838103856165E-003  -1.2891323057159665      -0.18348662512638234        1.0000000000000000E-004   1.0000000000000000E-004
   1234.6824999999999        285.49917548841728        1.3939865070443575E-003  -1.2588867765300615      -0.25875886586812419        1.0000000000000000E-004   1.0000000000000000E-004
   1209.2811300000001        285.37393683111191        1.4699852949464159E-003  -1.2288416184483597      -0.33314627810198200        1.0000000000000000E-004   1.0000000000000000E-004
   1183.8813500000001        285.21557427076692        1.5459503972058385E-003  -1.2132826987757586      -0.38794492852264739        1.0000000000000000E-004   1.0000000000000000E-004
   1158.4832799999999        285.03814641992074        1.6218938491066525E-003  -1.2061547082781172      -0.43108278138238959        1.0000000000000000E-004   1.0000000000000000E-004
   1133.0869100000000        284.86086939145247        1.6978321251107621E-003  -1.1992157309286218      -0.47335016878398839        1.0000000000000000E-004   1.0000000000000000E-004
   1107.6922600000000        284.68368395887904        1.7737357482159786E-003  -1.1925066747096349      -0.51469775756054070        1.0000000000000000E-004   1.0000000000000000E-004
   1082.3005400000000        284.43378384687310        1.8320180300888114E-003  -1.2185545383227225      -0.51467759480956121        1.0000000000000000E-004   1.0000000000000000E-004
   1056.9097899999999        284.15240387020293        1.8826199499072883E-003  -1.2589794203799867      -0.49614666389565421        1.0000000000000000E-004   1.0000000000000000E-004
   1031.5210000000000        283.87124499922487        1.9332051017638507E-003  -1.2995997207817021      -0.47673891278141012        1.0000000000000000E-004   1.0000000000000000E-004
   1006.1343400000000        283.59046154603402        1.9837860133221112E-003  -1.3404546167537852      -0.45638737873940177        1.0000000000000000E-004   1.0000000000000000E-004
   980.75000000000000        283.36920208976687        2.0343507748501076E-003  -1.4191141847282343      -0.37763541729506572        1.0000000000000000E-004   1.0000000000000000E-004
   955.36804199999995        283.16722117769808        2.0849071329174509E-003  -1.5099878109110130      -0.27960729799491213        1.0000000000000000E-004   1.0000000000000000E-004
   929.98846400000002        283.04743061295159        2.1354509363542638E-003  -1.6002450012490714      -0.17479923399944086        1.0000000000000000E-004   1.0000000000000000E-004
   904.61157200000002        282.94979890066810        2.1859872825765593E-003  -1.6904550071736311       -6.7604884386949587E-002   1.0000000000000000E-004   1.0000000000000000E-004
   879.23742700000003        282.85238571974287        2.2365097354586656E-003  -1.7833142600612411        1.3641456714780807E-002   1.0000000000000000E-004   1.0000000000000000E-004
   853.86627199999998        282.75506566606879        2.2870961620312241E-003  -1.8768765226394506        8.9720050835414164E-002   1.0000000000000000E-004   1.0000000000000000E-004
   828.49829099999999        282.65780569249495        2.3803309036019905E-003  -1.9607842915807652       0.15809695849080405        1.0000000000000000E-004   1.0000000000000000E-004
   803.13348399999995        282.56054633717798        2.4812921749753063E-003  -2.0430539348344423       0.22576319868265993        1.0000000000000000E-004   1.0000000000000000E-004
   777.77227800000003        282.37290181424100        2.5822172297298592E-003  -2.1130087384759224       0.29298147697906940        1.0000000000000000E-004   1.0000000000000000E-004
   752.41485599999999        282.15100334842174        2.7005250279268493E-003  -2.1868042161684960       0.36426807379551712        1.0000000000000000E-004   1.0000000000000000E-004
   727.06133999999997        282.02990856545415        2.7789398122124295E-003  -2.2560238630338358       0.40971765997790494        5.7811724187993704E-003   1.6154011599215062E-002
   701.71209699999997        281.92188183819468        2.9919149556106232E-003  -2.3569573053149422       0.46951353791296280       0.14540901433526596       0.41071817189066789     
   676.36755400000004        282.01788101836860        3.2270393152189080E-003  -2.4597050346999048       0.52938022282009212       0.67430978740151293        1.9053004145706138     
   651.02789299999995        282.11783313037802        3.3878543393600045E-003  -2.5388387337295013       0.61027038398385014        1.5473593631881901        4.3723877966709335     
   625.69360400000005        282.19317295798612        3.4912312528775948E-003  -2.5835842814701877       0.69250791250353372        2.7194597721566440        7.6845412956674632     
   600.36511199999995        282.24914603127451        3.5624210896522753E-003  -2.6084758829042589       0.76678728574693000        4.1455509647951363        11.714429044411139     
   575.04284700000005        282.29195804100721        3.6146158543686854E-003  -2.6218076416967606       0.83175941956622468        5.7806170971981663        16.334844093081010     
   549.72741699999995        282.32578615175117        3.6548313100673679E-003  -2.6279666178471723       0.88836914505818054        7.5796811295959943        21.418689145546313     
   524.41943400000002        282.35333605049021        3.6870592893826714E-003  -2.6293843913068229       0.93797171774323851        9.4978224746280375        26.839026430327557     
   499.11962899999997        282.37641175079972        3.7137212216229116E-003  -2.6274965087891355       0.98179590262741945        11.490178502680132        32.469081954399670     
   473.82891799999999        282.39626921120765        3.7363686906511928E-003  -2.6231936621426875        1.0208419458347173        13.511949839394013        38.182260473010849     
   448.54824800000000        282.41382474919828        3.7560434551821803E-003  -2.6170466866727025        1.0558982145903788        15.518426635965531        43.852219724991890     
   423.27871699999997        282.42978032124449        3.7734740064357670E-003  -2.6094266957213694        1.0875812725423244        17.464996102584081        49.352891720918549     
   398.02175899999997        282.44470214254949        3.7891889172968294E-003  -2.6005729261358046        1.1163734362004352        19.307149833628465        54.558503442786474     
   372.77890000000002        282.45907292671467        3.8035854805904485E-003  -2.5906323847768031        1.1426526282443552        21.000529808966665        59.343706835717732     
   347.55215500000003        282.47332940042531        3.8169732325698366E-003  -2.5796832351408105        1.1667143853682578        22.500935437878088        63.583598712748476     
   322.34393299999999        282.48789220932258        3.8296029748021740E-003  -2.5677478851776145        1.1887877410094669        23.764379366066670        67.153878455730407     
   297.15716600000002        282.50319323369234        3.8416873195205774E-003  -2.5547988081188735        1.2090458620040285        24.747141769731588        69.931001440863398     
   271.99560500000001        282.51970458842771        3.8534164675390714E-003  -2.5407583540611243        1.2276122864566956        25.405842153134859        71.792381926001596     
   246.86404400000001        282.53797424697808        3.8649718931709300E-003  -2.5254922556775021        1.2445631785551994        25.697552157561379        72.616711829018158     
   221.76879900000000        282.55867537361178        3.8765402553668140E-003  -2.5087951271895781        1.2599247254466126        25.579955619917079        72.284413025321044     
   196.71839900000001        282.58268149639525        3.8883303564379297E-003  -2.4903635733128340        1.2736641945443641        25.011595824524353        70.678336038059214     
   171.72468599999999        282.61119071545028        3.9005976380724105E-003  -2.4697478639400297        1.2856703764364634        23.952267234885401        67.684867003373100     
   146.80502300000001        282.64594784337373        3.9136850500465963E-003  -2.4462622400582053        1.2957144217092122        22.363690723991407        63.195835752693995     
   121.98595400000001        282.68967890011788        3.9281004733011209E-003  -2.4188067529620598        1.3033689191644917        20.210726472521408        57.111943250196660     
   97.311340299999998        282.74704132374114        3.9446837477341082E-003  -2.3854754901577593        1.3078259548228890        17.463826366759474        49.349691638656864     
   72.861091599999995        282.82704465316232        3.9650298916604340E-003  -2.3425574254626715        1.3074258368499592        14.104592879248234        39.857092659869345     
   48.804748500000002        282.95077558566749        3.9928355709304914E-003  -2.2813518660789271        1.2981301451455318        10.141062712665795        28.656856547146070     
   25.613332700000001        283.17515385662131        4.0377086331569991E-003  -2.1789438464498274        1.2680309959381724        5.6656455081216661        16.010116632593057     
   10.000000000000000        283.70279972359856        4.1349603997622442E-003  -1.9516779978047258        1.1723471860443855        2.2732799097872123        6.4238888632430609     
   1997.2254600000001        290.88528576567950        6.0263649835401087E-004  -1.8010395721330530        2.3185731778250260        1.0000000000000000E-004   1.0000000000000000E-004
   1971.7959000000001        290.86495138786722        6.2778026148912905E-004  -1.8509350696704296        2.2209875747642589        1.0000000000000000E-004   1.0000000000000000E-004
   1946.3670700000000        290.84445192359482        6.5320364375141739E-004  -1.9019904397192164        2.1235316411344862        1.0000000000000000E-004   1.0000000000000000E-004
   1920.9388400000000        290.82397285115331        6.7858384308229415E-004  -1.9538037928307721        2.0274457459915722        1.0000000000000000E-004   1.0000000000000000E-004
   1895.5111099999999        290.79388856725507        6.9944076437004324E-004  -1.9977596835126001        1.9258569298827652        1.0000000000000000E-004   1.0000000000000000E-004
   1870.0839800000001        290.71963422091187        6.9951021447825631E-004  -2.0026528817833391        1.7943771455095532        1.0000000000000000E-004   1.0000000000000000E-004
   1844.6575900000000        290.64526351089796        6.9951033186574254E-004  -2.0082339928949415        1.6640742785661389        1.0000000000000000E-004   1.0000000000000000E-004
   1819.2318100000000        290.57085970268901        6.9951033199988296E-004  -2.0145736574669981        1.5350942557402938        1.0000000000000000E-004   1.0000000000000000E-004
   1793.8067599999999        290.45045209951212        6.9951033200004711E-004  -2.0030293380911739        1.4203719583719070        1.0000000000000000E-004   1.0000000000000000E-004
   1768.3824500000001        290.18859631580426        6.9951033205111369E-004  -1.9347573855724927        1.3468533134681957        1.0000000000000000E-004   1.0000000000000000E-004
   1742.9588600000000        289.92654216341379        6.9951037663418421E-004  -1.8671169036393369        1.2747471647781667        1.0000000000000000E-004   1.0000000000000000E-004
   1717.5362500000001        289.66481545194574        6.9953669921222659E-004  -1.8002816034749809        1.2040011262806050        1.0000000000000000E-004   1.0000000000000000E-004
   1692.1140100000000        289.42825355805445        7.0744302091699002E-004  -1.7287600625122046        1.1586964621926348        1.0000000000000000E-004   1.0000000000000000E-004
   1666.6927499999999        289.24710026777103        7.3276802902373314E-004  -1.6458862550646702        1.1680846364846982        1.0000000000000000E-004   1.0000000000000000E-004
   1641.2723400000000        289.06634377321649        7.5815030748972311E-004  -1.5637958614048708        1.1789268492071507        1.0000000000000000E-004   1.0000000000000000E-004
   1615.8527799999999        288.88577796354224        7.8356363943182935E-004  -1.4825810244369160        1.1910548166761348        1.0000000000000000E-004   1.0000000000000000E-004
   1590.4340800000000        288.72542153647856        8.1851107125123002E-004  -1.4178347761846153        1.2072767369402457        1.0000000000000000E-004   1.0000000000000000E-004
   1565.0162399999999        288.59844924316513        8.6920279430233193E-004  -1.3797457900842744        1.2294278087633286        1.0000000000000000E-004   1.0000000000000000E-004
   1539.5992400000000        288.47164779857434        9.1994503687362669E-004  -1.3425650896953567        1.2528695929626721        1.0000000000000000E-004   1.0000000000000000E-004
   1514.1834699999999        288.34469489379410        9.7053551883011756E-004  -1.3062361584707010        1.2775234914875924        1.0000000000000000E-004   1.0000000000000000E-004
   1488.7685500000000        288.13575929266716        9.7638919453742787E-004  -1.2793511324611679        1.2846653399479675        1.0000000000000000E-004   1.0000000000000000E-004
   1463.3546100000001        287.82360477100860        9.2584108401955808E-004  -1.2641582340735202        1.2693955186380907        1.0000000000000000E-004   1.0000000000000000E-004
   1437.9417699999999        287.51138025296223        8.7510751829964091E-004  -1.2498226959458747        1.2553231962850961        1.0000000000000000E-004   1.0000000000000000E-004
   1412.5300299999999        287.19939958245459        8.2463298335190842E-004  -1.2362611861715715        1.2425133834728099        1.0000000000000000E-004   1.0000000000000000E-004
   1387.1193800000001        286.88775353363957        8.5103135548150776E-004  -1.2093932848671234        1.2269777055555084        1.0000000000000000E-004   1.0000000000000000E-004
   1361.7099599999999        286.57641365605019        9.5221635234326739E-004  -1.1696021516049451        1.2088238088633274        1.0000000000000000E-004   1.0000000000000000E-004
   1336.3018800000000        286.26540905828489        1.0536452626710643E-003  -1.1305875585045586        1.1919333591942358        1.0000000000000000E-004   1.0000000000000000E-004
   1310.8949000000000        285.95503187084046        1.1550217274900361E-003  -1.0923566577801311        1.1763603127829532        1.0000000000000000E-004   1.0000000000000000E-004
   1285.4893800000000        285.75010827212424        1.2419423587360023E-003  -1.0435058747142074        1.1744683984719053        1.0000000000000000E-004   1.0000000000000000E-004
   1260.0852100000000        285.60394775921799        1.3317743068062184E-003 -0.98251146479493989        1.1837253396399257        7.1872840741226102E-002  0.17384928598950483     
   1234.6824999999999        285.46384964504784        1.4348320314798457E-003 -0.93045041109237614        1.1941825103638550        7.8194569954480025E-003   1.8787432915708075E-002
   1209.2811300000001        285.13257826100016        1.8018729359783705E-003 -0.90088598029639300        1.2198381599057710       0.19048634565545566       0.46099149526302069     
   1183.8813500000001        284.86478948417414        2.1955850855313336E-003 -0.98409591169110067        1.2735683040801287       0.60444410974262464        1.4631096535430117     
   1158.4832799999999        284.71711333068708        2.4793900687261690E-003  -1.1436768567032898        1.3453827196252512        1.2342637767873093        2.9877911159251043     
   1133.0869100000000        284.63611652762648        2.6820599343908929E-003  -1.3226842908471594        1.4217675470371127        2.0645232475452948        4.9977017294325314     
   1107.6922600000000        284.59115283714777        2.8319652094475484E-003  -1.4932105931563493        1.4961231843626766        3.0798056150077464        7.4555199105642043     
   1082.3005400000000        284.56658813402908        2.9469395138891296E-003  -1.6458981378086988        1.5660263067060125        4.2646403761728333        10.323794329439401     
   1056.9097899999999        284.55413968620672        3.0379210173085559E-003  -1.7792882709832825        1.6308806537474874        5.6037115065633021        13.565447621231321     
   1031.5210000000000        284.54918274493866        3.1118179653600586E-003  -1.8947882514372234        1.6908183887938062        7.0815749520653037        17.143092484109669     
   1006.1343400000000        284.54900897987551        3.1731580012615444E-003  -1.9946179390537682        1.7462310240871464        8.6828256639800259        21.019436041417418     
   980.75000000000000        284.55196834405638        3.2250166538410406E-003  -2.0810324211267854        1.7975761134946373        10.392061635511785        25.157192780398560     
   955.36804199999995        284.55702316135478        3.2695498498848609E-003  -2.1560550940710668        1.8452985116216833        12.193895340960294        29.519112244450689     
   929.98846400000002        284.56350461592149        3.3083112277317397E-003  -2.2214139002343578        1.8898016689799497        14.072951818552097        34.067974392000984     
   904.61157200000002        284.57097389506748        3.3424478684065369E-003  -2.2785533129832167        1.9314403015009989        16.013840897798790        38.766522363869910     
   879.23742700000003        284.57913998307890        3.3728249750308824E-003  -2.3286705710365383        1.9705218976199366        18.001198527315537        43.577562530582028     
   853.86627199999998        284.58780941690884        3.4001075756182001E-003  -2.3727557778765802        2.0073112825556740        20.019655616700156        48.463889064085087     
   828.49829099999999        284.59685468931343        3.4248155521312646E-003  -2.4116286737081030        2.0420360921492926        22.053857456373922        53.388330949736684     
   803.13348399999995        284.60619389931833        3.4473614966014851E-003  -2.4459697526161235        2.0748919300045028        24.088475104769469        58.313779552667611     
   777.77227800000003        284.61577738578819        3.4680773563919719E-003  -2.4763458612778759        2.1060469059165463        26.108157328537903        63.203072273543121     
   752.41485599999999        284.62557886454795        3.4872337041768199E-003  -2.5032311129048348        2.1356458140905494        28.097585877471676        68.019126359347695     
   727.06133999999997        284.63558946993680        3.5050537402959406E-003  -2.5270235027544734        2.1638134347957489        30.041461681143225        72.724905487896322     
   701.71209699999997        284.64581368558913        3.5217236118580742E-003  -2.5480581176487496        2.1906572405396241        31.924482823760457        77.283366448857066     
   676.36755400000004        284.65626669456378        3.5374003427358800E-003  -2.5666178975934701        2.2162697230072133        33.731362182179126        81.657501842248237     
   651.02789299999995        284.66697267176227        3.5522178754159701E-003  -2.5829421717136571        2.2407303578187867        35.446850838417198        85.810396755993636     
   625.69360400000005        284.67796372256146        3.5662916903422379E-003  -2.5972333927082354        2.2641069608501048        37.055701288541684        89.705139701139387     
   600.36511199999995        284.68927939556824        3.5797225181482223E-003  -2.6096626124019382        2.2864569170177784        38.542697308013331        93.304894910566148     
   575.04284700000005        284.70096664812684        3.5925993167958761E-003  -2.6203738057390744        2.3078280960486266        39.892651507272468        96.572896421491109     
   549.72741699999995        284.71308017609289        3.6050016794119131E-003  -2.6294872511548513        2.3282594591420027        41.090400399027324        99.472436134230378     
   524.41943400000002        284.72568315681616        3.6170018860556576E-003  -2.6371021805978931        2.3477814452486907        42.120819580115203        101.96690056479694     
   499.11962899999997        284.73884838994576        3.6286666587233315E-003  -2.6432987299084392        2.3664161810808420        42.968824092514303        104.01977171883040     
   473.82891799999999        284.75265991907122        3.6400587457583295E-003  -2.6481392863976865        2.3841773456657886        43.619375457538595        105.59464412011643     
   448.54824800000000        284.76721526709997        3.6512384331671014E-003  -2.6516692625980709        2.4010698149605800        44.057496054990210        106.65525961996967     
   423.27871699999997        284.78262837680523        3.6622650025292108E-003  -2.6539172381550289        2.4170889706993552        44.268275564382058        107.16552299026655     
   398.02175899999997        284.79903355146263        3.6731982781827584E-003  -2.6548944603808398        2.4322194657828833        44.236885186614401        107.08953635155667     
   372.77890000000002        284.81659080161216        3.6841003868125807E-003  -2.6545935375628664        2.4464335486009081        43.948597650050417        106.39164760423657     
   347.55215500000003        284.83549308490529        3.6950378249582727E-003  -2.6529861488631998        2.4596885025660913        43.388811775913162        105.03650989692878     
   322.34393299999999        284.85597639256866        3.7060841023162116E-003  -2.6500193606527054        2.4719229936065306        42.543086182152834        102.98916321754096     
   297.15716600000002        284.87833405675815        3.7173232644675167E-003  -2.6456099883995923        2.4830518280777465        41.397181842613762        100.21513742139052     
   271.99560500000001        284.90293747580881        3.7288547810776385E-003  -2.6396360429989212        2.4929579844583056        39.937128717903633        96.680613532595586     
   246.86404400000001        284.93026714359030        3.7408006951260464E-003  -2.6319235373218879        2.5014807567757185        38.149315024712472        92.352639849122156     
   221.76879900000000        284.96096070175088        3.7533165263047715E-003  -2.6222257785505252        2.5083970877530182        36.020625621510483        87.199466949774390     
   196.71839900000001        284.99589058794294        3.7666087426775057E-003  -2.6101895467286633        2.5133912409180112        33.538653389752326        81.191059410238864     
   171.72468599999999        285.03629605319117        3.7809643203656129E-003  -2.5952973531505301        2.5160028399611338        30.692035281745767        74.299909314799351     
   146.80502300000001        285.08402232926505        3.7968041605548780E-003  -2.5767625287672100        2.5155323557295293        27.471061028335527        66.502509828602925     
   121.98595400000001        285.14199087263148        3.8147880037377232E-003  -2.5533227507588108        2.5108542836799956        23.868743635345307        57.781946677826681     
   97.311340299999998        285.21522900712029        3.8360440169604875E-003  -2.5227877362632283        2.5000060123893104        19.883055450004733        48.133311265947100     
   72.861091599999995        285.31349071029450        3.8627530009826740E-003  -2.4808879267674251        2.4791355180610024        15.522037345882318        37.576069095218543     
   48.804748500000002        285.45959652529029        3.9000060656347486E-003  -2.4176104846665845        2.4391275744438725        10.818071738054597        26.188612179350422     
   25.613332700000001        285.71415861967159        3.9610638068334290E-003  -2.3062853211763246        2.3545449344147502        5.8829300816316392        14.241519174623084     
   10.000000000000000        286.29123062292098        4.0934687556239951E-003  -2.0519460960238298        2.1329969425916162        2.3331074287846207        5.6480348875579507     
   1997.2254600000001        290.87841376672776        6.1112881987540439E-004  -3.6492783815645713        1.5719514959236256       0.35186719744139977        1.0401269531466495E-002
   1971.7959000000001        290.86317251510991        6.2993815919656102E-004  -3.6395265443697471        1.5379066419124423       0.35186719744139977        1.0401269531466495E-002
   1946.3670700000000        290.84330888215459        6.5408563811554553E-004  -3.6200294539287183        1.4801148483072557       0.89568570800224756        6.0925102479098721E-002
   1920.9388400000000        290.82337028928816        6.7588471385387008E-004  -3.5943379396817123        1.4181282980447338        1.0952280184570504        8.9691682257692751E-002
   1895.5111099999999        290.79279125625271        6.9521309247656208E-004  -3.5575911589402192        1.3501156559616736        1.2147712621190649        8.5820685930960025E-002
   1870.0839800000001        290.72024190381933        6.9921891195672285E-004  -3.5062596961242773        1.2784875432319387        1.0876989571123552        4.1622083132439730E-002
   1844.6575900000000        290.64639809098759        6.9949560047817614E-004  -3.4468555272113410        1.2120968612962979        1.1290527740132035        4.3262985901847677E-002
   1819.2318100000000        290.57314116744590        6.9950974219013537E-004  -3.3854364707147226        1.1574081992898408       0.99756238387015927        3.2641299960483067E-002
   1793.8067599999999        290.45171108639727        6.9951032265763398E-004  -3.3121423160463541        1.1138982700907316       0.86955148415707406        1.8212550279916202E-002
   1768.3824500000001        290.18906878504583        6.9951033455546827E-004  -3.2263251359760452        1.0994142640904441       0.64775407145163166        6.4151187046530252E-003
   1742.9588600000000        289.92671597282305        6.9951086431247172E-004  -3.1452078220535720        1.1118175954656664       0.59232141663157856        5.1893443346291068E-003
   1717.5362500000001        289.66487527498714        6.9960191214962926E-004  -3.0733838344131450        1.1438235919859538       0.55902426521023074        4.4813672710274080E-003
   1692.1140100000000        289.42751608793031        7.0774822363127692E-004  -3.0185818058144891        1.1988740029683085       0.58586766278913482        5.0441321185918132E-003
   1666.6927499999999        289.24671578773552        7.3282542850987146E-004  -2.9871645206652455        1.2675174707200951       0.64557271498693236        6.8967030345013745E-003
   1641.2723400000000        289.06632362919430        7.5815597470165353E-004  -2.9657946160065363        1.3430552849842212       0.71426834124038519        8.2537491501315403E-003
   1615.8527799999999        288.88645433760189        7.8364972690622269E-004  -2.9516446268163286        1.4194926776556203       0.71895521685405595        8.1368268959675378E-003
   1590.4340800000000        288.72612396373836        8.1865475023052022E-004  -2.9464255726694071        1.4941833826473785       0.72277334099075574        8.4884893202273812E-003
   1565.0162399999999        288.59869885239794        8.6910802245368534E-004  -2.9517066379666268        1.5630703197288525       0.70556015497056357        8.8574220253688739E-003
   1539.5992400000000        288.47189681307725        9.1984196214190729E-004  -2.9628045005076675        1.6263398280901251       0.62905166778575605        6.8138858327905054E-003
   1514.1834699999999        288.34514601395364        9.7009911052536760E-004  -2.9753958584985414        1.6828970135944941       0.52745009419252686        4.6131418709824800E-003
   1488.7685500000000        288.13591939046250        9.7628256890661352E-004  -2.9876029066707295        1.7357872406692270       0.37461377366258447        1.7147310580822004E-003
   1463.3546100000001        287.82275987457911        9.2571874636523488E-004  -3.0144382980881548        1.7932873293997824       0.42908948914860823        1.7824838511780383E-003
   1437.9417699999999        287.44306040979467        8.7009120167322882E-004  -3.0837297766021510        1.8473401879277804       0.75695451277640402        4.9900033673269751E-003
   1412.5300299999999        287.06602750579913        9.5761108966374987E-004  -3.1819270496240923        1.8970806182260853        1.2038212121519001        1.2589225734227310E-002
   1387.1193800000001        286.23013151962425        1.6859747033120835E-003  -3.3426777921199844        1.9616096108165488        2.0398775101961282        2.3745871353301001E-002
   1361.7099599999999        285.91063581605624        2.1290211623642107E-003  -3.4623030541860436        2.0058661219706737        1.8068182813518536        2.9896177167907628E-002
   1336.3018800000000        285.74650740657842        2.4148566034807211E-003  -3.6064751587359818        2.0606835976919320        3.5885652822250886       0.17182186023180335     
   1310.8949000000000        285.65267906659574        2.6260826728792095E-003  -3.7605599036985402        2.1253206231549711        5.4287369803243237       0.53296086769909157     
   1285.4893800000000        285.59742627664286        2.8280655787534937E-003  -3.9193178538994604        2.2007098339143840        7.5837141439719566        1.3659785094505559     
   1260.0852100000000        285.57085643076971        3.0519370571031952E-003  -4.0727616158789512        2.2826900723494550        10.162707296521379        3.4608537840399518     
   1234.6824999999999        285.56550110911940        3.2113069055340784E-003  -4.1995338182537347        2.3576513681972084        13.898668642467374        11.797789853014791     
   1209.2811300000001        285.56579038764659        3.2341715075559748E-003  -4.2552368001833853        2.3939800005678826        19.982510515268142        36.962823762428840     
   1183.8813500000001        285.56617841077116        3.2431353802843486E-003  -4.2759734254620119        2.4091844015035844        22.035111569572905        33.912304776182047     
   1158.4832799999999        285.56776832361737        3.2660466207078873E-003  -4.3191304972270901        2.4419741051450319        44.687617624986963        68.961387847815146     
   1133.0869100000000        285.56979456181278        3.2868868578738099E-003  -4.3550908276540694        2.4716248115100878        54.119044256744296        78.393236999093730     
   1107.6922600000000        285.57145562992940        3.3001401481459504E-003  -4.3781999967043177        2.4925398965703520        53.297351267340090        72.152206134347409     
   1082.3005400000000        285.57331254362259        3.3123145933735259E-003  -4.3981538099759812        2.5120595728116313        58.938062775060523        76.893713126834186     
   1056.9097899999999        285.57539995890596        3.3239807289636245E-003  -4.4161953122368409        2.5310527622564272        64.354304061009628        81.742528927898519     
   1031.5210000000000        285.57770620198693        3.3352460595654230E-003  -4.4326814217544399        2.5496990408213009        69.049578003055743        85.828912127061173     
   1006.1343400000000        285.58021757733735        3.3461643127506049E-003  -4.4478241271421242        2.5680842728270941        73.064449673742914        89.190908073741369     
   980.75000000000000        285.58292254686251        3.3567765007879004E-003  -4.4617781423461107        2.5862661976331283        76.475765965636171        91.925668362462730     
   955.36804199999995        285.58581204330011        3.3671182879744660E-003  -4.4746640188556608        2.6042887618714090        79.352649101070853        94.118525808445739     
   929.98846400000002        285.58887914821440        3.3772215989368651E-003  -4.4865779812240492        2.6221867852128891        81.751819654992161        95.836870334289912     
   904.61157200000002        285.59211874704573        3.3871152152795715E-003  -4.4975976493409355        2.6399882257261402        83.718126413187051        97.131764292963837     
   879.23742700000003        285.59552721180239        3.3968250540233683E-003  -4.5077858214882394        2.6577155866657316        85.287473576575024        98.042741621070263     
   853.86627199999998        285.59910217580216        3.4063744970065824E-003  -4.5171932551576610        2.6753868233416389        86.488244988293971        98.599930594768239     
   828.49829099999999        285.60284237505294        3.4157847350319392E-003  -4.5258607603835488        2.6930162575823409        87.342907704566244        98.826506570417507     
   803.13348399999995        285.60674749477749        3.4250749938792963E-003  -4.5338206586180263        2.7106149368877799        87.870025589304348        98.741246548815070     
   777.77227800000003        285.61081811593414        3.4342629153173384E-003  -4.5410980495842281        2.7281911941368042        88.083923844862397        98.358145387258872     
   752.41485599999999        285.61505567712175        3.4433648693012620E-003  -4.5477117331255608        2.7457510909841489        87.996478721129606        97.688710422963482     
   727.06133999999997        285.61946244387508        3.4523962028289467E-003  -4.5536748469423181        2.7632986253699738        87.617818547624736        96.742728166626577     
   701.71209699999997        285.62404151451943        3.4613715115547295E-003  -4.5589953467130693        2.7808359106599592        86.956204316637638        95.528063727912482     
   676.36755400000004        285.62879688763843        3.4703049758774284E-003  -4.5636763837403445        2.7983633990394097        86.018560807381149        94.051263384112787     
   651.02789299999995        285.63373349342618        3.4792105691088125E-003  -4.5677164195577200        2.8158800740285761        84.811562099501216        92.318914356342887     
   625.69360400000005        285.63885729140412        3.4881023536740795E-003  -4.5711092686403374        2.8333833121382153        83.340999620753891        90.336652181078534     
   600.36511199999995        285.64417538283374        3.4969947635611659E-003  -4.5738439926986176        2.8508690760556625        81.612447986507178        88.110107386939134     
   575.04284700000005        285.64969614444976        3.5059028894886012E-003  -4.5759045868648442        2.8683316899561460        79.631685507844679        85.645219487553078     
   549.72741699999995        285.65542941711908        3.5148428294134448E-003  -4.5772695445257412        2.8857638217214325        77.404428318826234        82.947983990887906     
   524.41943400000002        285.66138672819733        3.5238320685093165E-003  -4.5779111801697008        2.9031562300684706        74.936893490447602        80.025032256831807     
   499.11962899999997        285.66758156817014        3.5328899266646300E-003  -4.5777946859640535        2.9204974260880725        72.235887581836394        76.883712999571046     
   473.82891799999999        285.67402976501506        3.5420381440135719E-003  -4.5768768791369574        2.9377732984501965        69.308810365392503        73.532080822946668     
   448.54824800000000        285.68074994068985        3.5513015857322667E-003  -4.5751044440610764        2.9549664983444943        66.164136482349477        69.979408840804126     
   423.27871699999997        285.68776407080975        3.5607091155371025E-003  -4.5724116093042637        2.9720554505746573        62.811600038800165        66.236348732527162     
   398.02175899999997        285.69509826071521        3.5702948209695544E-003  -4.5687169387923099        2.9890132697512488        59.262093944866727        62.314816177228813     
   372.77890000000002        285.70278369577062        3.5800995737443760E-003  -4.5639189095779891        3.0058058326899526        55.528499757865312        58.228831308740361     
   347.55215500000003        285.71085795060213        3.5901732513491016E-003  -4.5578896999557630        3.0223891894130714        51.625601747971437        53.994373879646623     
   322.34393299999999        285.71936674244961        3.6005778651903072E-003  -4.5504662743588158        3.0387057684766576        47.570713808543886        49.629998234082926     
   297.15716600000002        285.72836632734879        3.6113921000583537E-003  -4.5414372926345754        3.0546783851358810        43.384322439812642        45.157393227800831     
   271.99560500000001        285.73792687531613        3.6227181578195617E-003  -4.5305233124356343        3.0702010468550966        39.090672409473505        40.601859964074301     
   246.86404400000001        285.74813732136249        3.6346924301581991E-003  -4.5173458326552769        3.0851239240341943        34.718755289649664        35.993128447500062     
   221.76879900000000        285.75911255709332        3.6475029024734969E-003  -4.5013767809412490        3.0992280541039894        30.303400083966114        31.366205753238326     
   196.71839900000001        285.77100445853353        3.6614190546132731E-003  -4.4818518771663385        3.1121807656279028        25.886604807584796        26.762397057729320     
   171.72468599999999        285.78401932761426        3.6768464556621262E-003  -4.4576124702995310        3.1234515441944142        21.519162896326424        22.230606162989254     
   146.80502300000001        285.79844661004631        3.6944347270643197E-003  -4.4267932122433296        3.1321414410784598        17.262329908625901        17.828814181314701     
   121.98595400000001        285.81470704823124        3.7153129936827456E-003  -4.3861406566700580        3.1365996134682970        13.190296361218598        13.626780762730037     
   97.311340299999998        285.83343163260400        3.7416774222358935E-003  -4.3293132275712196        3.1334367110565107        9.3941962830731409        9.7109875334886659     
   72.861091599999995        285.85555699980893        3.7785719208043651E-003  -4.2417392346786906        3.1144468676712478        5.9910908257180138        6.1956213916033933     
   48.804748500000002        285.88203885526337        3.8412941242973535E-003  -4.0793654254248395        3.0535135246949960        3.1486500754438467        3.2511438251530600     
   25.613332700000001        285.89780372055930        3.9574794087084463E-003  -3.7572201560375351        2.8841952568176104        1.3671183503178779        1.4026555348204390     
   10.000000000000000        285.79949456672313        4.3210767020394406E-003  -2.7398783504948292        2.2218582688347244       0.39673044812721225       0.35599147530434905     
   1997.2254600000001        290.87721627269696        6.1260296748533952E-004  -5.3451620023796869      -0.85277051675335591        2.3410157609340496E-002   3.9184058255349745E-005
   1971.7959000000001        290.86083965910331        6.3270310472830229E-004  -5.3366151863889257      -0.85007840353276931        2.3410157609340496E-002   3.9184058255349745E-005
   1946.3670700000000        290.84110196386666        6.5582649232084715E-004  -5.3199514740240978      -0.84508124997923384        8.0790509666852181E-002   4.2878747563752652E-004
   1920.9388400000000        290.82102975451005        6.7503177823068463E-004  -5.2993497278610819      -0.83683332032839886       0.13207275589610201        1.1285906421729952E-003
   1895.5111099999999        290.79037081595561        6.9164761625664303E-004  -5.2747115686616937      -0.82371663249873128       0.17310535173680949        1.5292579264472143E-003
   1870.0839800000001        290.71953921694922        6.9851591247067695E-004  -5.2454883845903657      -0.80250108332360182       0.19700333673457812        1.2498279962469161E-003
   1844.6575900000000        290.64658945731054        6.9941538613919028E-004  -5.2182426501881283      -0.77288208899912114       0.24593885538398916        1.8828288544999101E-003
   1819.2318100000000        290.57270953402889        6.9950298547750349E-004  -5.1967274138510282      -0.73405380934412545       0.30323122535817776        2.7909313320689392E-003
   1793.8067599999999        290.45065080314004        6.9951002322967543E-004  -5.1836641780224495      -0.68295471307596001       0.34277983031504089        2.6792778299528316E-003
   1768.3824500000001        290.18830646150604        6.9951067665749672E-004  -5.1847360554832287      -0.61774076794035093       0.36943281253844201        2.0346661577288865E-003
   1742.9588600000000        289.92461102917292        6.9953207379001652E-004  -5.2046070459764087      -0.54932545749975181       0.44865218374057558        2.9312484262794753E-003
   1717.5362500000001        289.66146781901205        7.0025504230862004E-004  -5.2428078666833002      -0.48215001087503134       0.53915226143538186        4.1505006992831198E-003
   1692.1140100000000        289.42337055849578        7.1002265741978282E-004  -5.2962612652966170      -0.42025270232377959       0.64660546874625546        6.1643512699227632E-003
   1666.6927499999999        289.24084587129221        7.3380166918614071E-004  -5.3601302283958008      -0.36652594422440932       0.78059224459518484        1.0137473825812399E-002
   1641.2723400000000        289.05968988949257        7.5942632769933176E-004  -5.4342893885201091      -0.31897320450020622       0.89090104870109721        1.2972888036362880E-002
   1615.8527799999999        288.87977622513125        7.8801100464352734E-004  -5.5155358433252140      -0.27821421405969160       0.97264468394995307        1.5148877612691427E-002
   1590.4340800000000        288.71822693136346        8.2730693860436533E-004  -5.6064271653246447      -0.24223068254989838        1.2045432555608557        2.4209348694002646E-002
   1565.0162399999999        288.58690466333303        8.7362856000941362E-004  -5.6854529647670855      -0.21700092612639268       0.99017900828582761        1.7516842781230803E-002
   1539.5992400000000        288.44108173055349        9.2181176264471824E-004  -5.8066451068732432      -0.18664380869690195        2.1150443472892912        7.7309212809919356E-002
   1514.1834699999999        288.28654496866886        9.5258470182549748E-004  -5.8715588788007658      -0.17307757365098841       0.62441703362276646        5.8752327134637839E-003
   1488.7685500000000        287.99651461400560        9.8310658376352220E-004  -6.0552906307515046      -0.14236598535206563        3.4752659755714466       0.14111700314144590     
   1463.3546100000001        287.59494559419034        1.0681637182958002E-003  -6.1187154883592365      -0.13281393100763489       0.38873276256847233        1.2813578569866226E-003
   1437.9417699999999        287.02106207937226        1.3717151163765843E-003  -6.3635066586621738       -9.9092614294238740E-002   4.5797773015533902       0.16337027012597316     
   1412.5300299999999        286.64533907378592        1.6924506747602968E-003  -6.4153154023947678       -9.1318310363187188E-002  0.28212722053851669        6.5303435183153324E-004
   1387.1193800000001        286.30206696954292        2.0813553944801512E-003  -6.6900029801671446       -4.6726692668707499E-002   7.5145259755416527       0.56796062178446971     
   1361.7099599999999        286.17925235310116        2.2530750033520649E-003  -6.7259806581838184       -3.9239062708782663E-002  0.25222968106027027        8.7564596481000856E-004
   1336.3018800000000        285.98872188519204        2.5731022395318482E-003  -6.9982783242840254        2.5903035971699198E-002   10.199010919001458        1.3832374128709219     
   1310.8949000000000        285.92634044926785        2.6975163112639964E-003  -7.0283250010201579        3.5515609229601716E-002  0.27057211818124016        1.3590162813826975E-003
   1285.4893800000000        285.79318766491377        3.0015226719767511E-003  -7.2686254109365178       0.12582362661206253        10.543847444718628        1.6932115210299121     
   1260.0852100000000        285.73060210609765        3.1676299428504027E-003  -7.3027906651044718       0.14273836112565869       0.40813515066228395        2.9776273439472323E-003
   1234.6824999999999        285.66358471632969        3.3684893424303368E-003  -7.4309071310221109       0.21656630439406804        5.3275557839947680       0.56557932152810309     
   1209.2811300000001        285.65709791708144        3.3946670517722346E-003  -7.4771170985358877       0.25094379910608616        2.5531854813832524       0.41718087773108803     
   1183.8813500000001        285.65525779223884        3.4044477596817104E-003  -7.5191435384034113       0.28783980157479072        4.0423308108081946        1.8819852574631859     
   1158.4832799999999        285.65460007081776        3.4093378629902970E-003  -7.5531535832495802       0.32234763397333788        4.6536325708557404        3.6135613367575052     
   1133.0869100000000        285.65430045352366        3.4126399682127529E-003  -7.5831395949424323       0.35683948089453449        5.5593694213226934        6.1025671947609856     
   1107.6922600000000        285.65416567913582        3.4151188269609788E-003  -7.6095848809175566       0.39094347428633858        6.4705685332422451        9.0196768570300758     
   1082.3005400000000        285.65411864854417        3.4170616406544573E-003  -7.6324908427014009       0.42377343488714408        7.3520882129197034        12.176582867280924     
   1056.9097899999999        285.65411980747780        3.4186923544057852E-003  -7.6519570835144055       0.45454226537231401        8.3752668231461467        15.713814869356362     
   1031.5210000000000        285.65415327787338        3.4202543215399363E-003  -7.6689275383773410       0.48387239023831830        9.5642278562829723        17.486101247799557     
   1006.1343400000000        285.65421274770455        3.4217821513616961E-003  -7.6841708091228780       0.51245507273018631        10.647447318619198        18.935188390600626     
   980.75000000000000        285.65429404909474        3.4232911003886537E-003  -7.6981214475612472       0.54065766162418416        11.626833208530623        20.176317359565985     
   955.36804199999995        285.65439415948930        3.4247902746063178E-003  -7.7110584551309751       0.56871140912125273        12.504258466026233        21.243618696961565     
   929.98846400000002        285.65451076375041        3.4262857361021912E-003  -7.7231697867547231       0.59676906625243908        13.285017604219055        22.158190527164166     
   904.61157200000002        285.65464201401176        3.4277817632472445E-003  -7.7345859444582290       0.62493398677904377        13.975169436328034        22.934987099956292     
   879.23742700000003        285.65478638420228        3.4292814895402098E-003  -7.7453994814323428       0.65327721379588444        14.580514148199450        23.585419305742676     
   853.86627199999998        285.65494257849895        3.4307872965294709E-003  -7.7556769711007458       0.68184829782285306        15.105925788818128        24.118050873719746     
   828.49829099999999        285.65510947015019        3.4323010656667091E-003  -7.7654667155906489       0.71068258358565062        15.555267806956017        24.539356109960295     
   803.13348399999995        285.65528605667481        3.4338243310835280E-003  -7.7748035806770206       0.73980573448314058        15.931580937177978        24.854438056485524     
   777.77227800000003        285.65547142943717        3.4353584115855034E-003  -7.7837123628735085       0.76923717829239380        16.236894161592687        25.066836584073872     
   752.41485599999999        285.65566474898606        3.4369044967630710E-003  -7.7922100053856749       0.79899260740757094        16.472601420722047        25.179287436944254     
   727.06133999999997        285.65586522399354        3.4384637059490476E-003  -7.8003070018230503       0.82908558240639840        16.639589689601827        25.193931625151230     
   701.71209699999997        285.65607209335900        3.4400371400677603E-003  -7.8080082550094261       0.85952882359156435        16.738201000823558        25.112231731666331     
   676.36755400000004        285.65628461094474        3.4416259362319108E-003  -7.8153137013321761       0.89033550321725086        16.768356108011400        24.935176728157877     
   651.02789299999995        285.65650202710162        3.4432312932569675E-003  -7.8222183909496916       0.92152007922584278        16.729840587701990        24.663759172872592     
   625.69360400000005        285.65672357133633        3.4448545135743205E-003  -7.8287123950069075       0.95309916888927537        16.622108347660500        24.298597628787526     
   600.36511199999995        285.65694843128222        3.4464970364734915E-003  -7.8347803973493857       0.98509253680291464        16.444491581796392        23.840304011630007     
   575.04284700000005        285.65717572739624        3.4481604722179666E-003  -7.8404009078675703        1.0175239173360857        16.196267526772822        23.289557956310802     
   549.72741699999995        285.65740448196402        3.4498466438343438E-003  -7.8455451237346390        1.0504223369710879        15.876621045741643        22.647063354384368     
   524.41943400000002        285.65763357876386        3.4515576330367654E-003  -7.8501752498200643        1.0838234651206000        15.484764544647101        21.913722117751913     
   499.11962899999997        285.65786170938003        3.4532958340563070E-003  -7.8542421041787609        1.1177715129577950        15.019964695661599        21.090689248356256     
   473.82891799999999        285.65808730150530        3.4550640304584776E-003  -7.8576816844365442        1.1523218967372326        14.481530148747987        20.179353900963534     
   448.54824800000000        285.65830841810191        3.4568654887202313E-003  -7.8604102600134151        1.1875448888274991        13.868920401122816        19.181522885645361     
   423.27871699999997        285.65852261281037        3.4587040798099312E-003  -7.8623170406269649        1.2235308224854125        13.181754591711565        18.099446826188288     
   398.02175899999997        285.65872672049778        3.4605844714552729E-003  -7.8632532578232706        1.2603982434675269        12.419711491122085        16.935687942428068     
   372.77890000000002        285.65891653843386        3.4625123970883228E-003  -7.8630149943158063        1.2983065620120797        11.582601345852895        15.693263155588285     
   347.55215500000003        285.65908633112781        3.4644951255227447E-003  -7.8613153503583311        1.3374773218612122        10.669940868161962        14.375038185564986     
   322.34393299999999        285.65922802238413        3.4665423285488465E-003  -7.8577366955302681        1.3782327796422702        9.6800853257611887        12.982494449726515     
   297.15716600000002        285.65932980119931        3.4686680350505873E-003  -7.8516421684097510        1.4210738976640334        8.6067306183721701        11.510568587927580     
   271.99560500000001        285.65937347981935        3.4708967528533953E-003  -7.8419882358638802        1.4668780754463482        7.4196185320601842        9.9184599356529954     
   246.86404400000001        285.65932760427677        3.4733139166328057E-003  -7.8266810003631679        1.5180002310970220        5.9933276650063387        7.3873802264270694     
   221.76879900000000        285.65908995561750        3.4765482749862749E-003  -7.8024092807440137        1.5762012463161632        5.0020915432673903        5.0150391205550839     
   196.71839900000001        285.65839943778059        3.4810559755500000E-003  -7.7650314716488706        1.6409681845700270        4.1924007634669103        3.2705417286914584     
   171.72468599999999        285.65661875987774        3.4875803922696999E-003  -7.7090413026382896        1.7107986108996942        3.4580315388011700        1.9969708960982440     
   146.80502300000001        285.65191692960644        3.4977798659682853E-003  -7.6245918904594463        1.7851676379472337        2.8912071725237674        1.1921212141299469     
   121.98595400000001        285.63891206810518        3.5146295191131800E-003  -7.4985423825740556        1.8604201671132512        2.3573877765627285       0.66720112540408039     
   97.311340299999998        285.59867390176004        3.5449453723679124E-003  -7.3065505259289356        1.9317664499662344        1.8753234656276976       0.35495466449401086     
   72.861091599999995        285.44777593947350        3.6061996384559600E-003  -6.9983509268834974        1.9892871287532188        1.3946000795051119       0.17048048181109765     
   48.804748500000002        284.68611022918452        3.7451122499412739E-003  -6.4412771427097590        2.0051838062313014       0.90385554093285581        7.0961222309220695E-002
   25.613332700000001        281.74261907996186        3.8826806418349987E-003  -5.5173007176662434        1.8991555154170414       0.58078625578337539        4.6958830342853496E-002
   10.000000000000000        278.89658176738948        3.8423675878815565E-003  -3.7447536193902553        1.4771967433549897       0.30130558769172089       0.10809561161536975     
   1997.2254600000001        290.87694791314658        6.1293197861547754E-004  -5.4967627667426147       -3.6195503389438364       0.13965894944473969        1.4781314973782921E-003
   1971.7959000000001        290.86032024697539        6.3329856696415804E-004  -5.5131999291662197       -3.6043669090415178       0.13965894944473969        1.4781314973782921E-003
   1946.3670700000000        290.84035195564263        6.5637428608843868E-004  -5.5392977672121031       -3.5800042736320519       0.32376101125603057        7.3654057017141835E-003
   1920.9388400000000        290.81987639478871        6.7505081753555744E-004  -5.5710330021911840       -3.5526991884401413       0.44477788535481522        1.3621195397758931E-002
   1895.5111099999999        290.78850554375504        6.9077140435972286E-004  -5.6105037694718618       -3.5229591914819460       0.51544735483064263        1.4292074202039116E-002
   1870.0839800000001        290.71749981013613        6.9816530462086634E-004  -5.6616327806339655       -3.4907334686680862       0.53420618014916654        9.6720242391637717E-003
   1844.6575900000000        290.64402900608502        6.9933908531025083E-004  -5.7192549972617330       -3.4618249656261195       0.61016843680637967        1.2139220124685908E-002
   1819.2318100000000        290.56873596421372        6.9949018360658598E-004  -5.7828165332481909       -3.4376225581774436       0.68531062134383702        1.4792499625231765E-002
   1793.8067599999999        290.44475119208391        6.9950902979622643E-004  -5.8569215395966356       -3.4175633702484030       0.70430312310298127        1.1660867315859375E-002
   1768.3824500000001        290.18301336758691        6.9951854745361499E-004  -5.9453610548282922       -3.4024604806070298       0.68826701150851077        7.2785794638598276E-003
   1742.9588600000000        289.91854974954606        6.9968786979714441E-004  -6.0379944302727031       -3.3949139949953313       0.75143802044370234        8.4187759542068176E-003
   1717.5362500000001        289.65527163180553        7.0175391973462044E-004  -6.1335300709638139       -3.3946763866584746       0.81378609941179103        9.6524983288832911E-003
   1692.1140100000000        289.41773364083542        7.1355253541201963E-004  -6.2303725404525672       -3.4011349149522232       0.90199745482008276        1.2227871007496130E-002
   1666.6927499999999        289.23375548415032        7.3560982002855767E-004  -6.3231651705130165       -3.4128291062485738       0.96891195467716495        1.5751438265411141E-002
   1641.2723400000000        289.05091623560645        7.6227473873137670E-004  -6.4223014325558321       -3.4305608495717022        1.1479374997143099        2.1767434506942414E-002
   1615.8527799999999        288.86855008638150        7.9532048727063267E-004  -6.5101089546972792       -3.4500103039150933       0.94691331622006070        1.4232298568717097E-002
   1590.4340800000000        288.69241292832231        8.3970936175004486E-004  -6.6240534544892364       -3.4797933012594933        1.6541108964499527        4.4533305519483937E-002
   1565.0162399999999        288.53861592359254        8.8371081440292846E-004  -6.6947255369137268       -3.5000597070003607       0.72870154648145946        8.5697692012863813E-003
   1539.5992400000000        288.36227637585358        9.2944821831207299E-004  -6.8364035761878474       -3.5446428267122418        2.6956864818066073       0.11545873340961182     
   1514.1834699999999        288.19226077845508        9.7198985732502275E-004  -6.8950271937112655       -3.5636103526283511       0.51727049867333053        3.7995579388716595E-003
   1488.7685500000000        287.89840219926043        1.0618945927666661E-003  -7.0678334884478833       -3.6219447490017012        3.3189846203656210       0.12734475687419006     
   1463.3546100000001        287.46439250448890        1.2563613608023779E-003  -7.1333496496432218       -3.6436446506124169       0.43232493100582303        1.5277436298174931E-003
   1437.9417699999999        286.86329804950759        1.6754186568215929E-003  -7.3377000699822759       -3.7097294576086486        3.4330760361055574        8.7702057478124554E-002
   1412.5300299999999        286.52162133046306        2.0032287782972488E-003  -7.3918620346425472       -3.7255859166831815       0.34190532172043814        1.0129996267056092E-003
   1387.1193800000001        286.29995693998563        2.2634016283668164E-003  -7.6132791797593056       -3.7843951295540297        6.3163153610948886       0.50104761211491955     
   1361.7099599999999        286.19860789790994        2.4004709411853363E-003  -7.6500601865429667       -3.7920659610034066       0.28891540805367782        1.2755445325849661E-003
   1336.3018800000000        286.05022375540403        2.6250968407187862E-003  -7.8849115490511625       -3.8327223858240509        8.4265691223205330        1.0657709805802025     
   1310.8949000000000        285.99427114375777        2.7185555941634464E-003  -7.9165218117250511       -3.8357130319341559       0.28864310934071119        1.6413501625677600E-003
   1285.4893800000000        285.88725424467805        2.9120687029813054E-003  -8.1550101498337284       -3.8471598140870635        10.107255570066810        1.7412247476045197     
   1260.0852100000000        285.85758752177287        2.9699817886577051E-003  -8.1826103204637519       -3.8457504182458777       0.31069797764008716        2.5188436360036905E-003
   1234.6824999999999        285.78359622866782        3.1232670492023513E-003  -8.4155643333359755       -3.8206593493765717        11.824848716122611        2.7478995869714939     
   1209.2811300000001        285.76893762934452        3.1556297443074057E-003  -8.4395644240186840       -3.8151911442694768       0.36024142419951921        4.6917867154699982E-003
   1183.8813500000001        285.71999936077947        3.2688699806566043E-003  -8.6533143042269742       -3.7526516639522769        13.232106048054733        4.0219422368421656     
   1158.4832799999999        285.71089181126769        3.2911810494538766E-003  -8.6770813326222243       -3.7424224744207288       0.51384467810197321        1.1937154878311585E-002
   1133.0869100000000        285.67575677950305        3.3807522396449062E-003  -8.8182090098601638       -3.6724601090025395        8.4374324432621783        1.8378604231914333     
   1107.6922600000000        285.66559880329811        3.4084424060810761E-003  -8.8661620248323718       -3.6418084614222965        2.2395149961907848       0.22684537016327608     
   1082.3005400000000        285.66227169865471        3.4179511220170577E-003  -8.9145586234337717       -3.6061821130886096        3.9511358691415124        1.2483335376031850     
   1056.9097899999999        285.66068003485555        3.4227516950456321E-003  -8.9592247056243579       -3.5690449072409636        4.9914821091235808        2.6752830868145989     
   1031.5210000000000        285.65973866516873        3.4257515392129905E-003  -8.9999999667554889       -3.5313923460645467        5.6536132560257224        4.0503553083355470     
   1006.1343400000000        285.65909356859356        3.4279183306985899E-003  -9.0380040091212752       -3.4929717891920244        6.2394010424914619        5.3822679558821873     
   980.75000000000000        285.65860894767354        3.4296273019832173E-003  -9.0739312344571577       -3.4536294403841894        6.7838049049269635        6.6443749520101925     
   955.36804199999995        285.65822154917538        3.4310546128938206E-003  -9.1082032073842480       -3.4132909522820527        7.2927327658184016        7.8161682072509651     
   929.98846400000002        285.65789802816067        3.4322929653339031E-003  -9.1410440029310536       -3.3719739049488400        7.7548148018694665        8.8678254651052200     
   904.61157200000002        285.65761837550400        3.4333979921412827E-003  -9.1726077382999023       -3.3296954539377279        8.1725809844723063        9.7945598378212129     
   879.23742700000003        285.65736902377608        3.4344079605213313E-003  -9.2030614148723764       -3.2863858507858463        8.5672733355706239        10.625035080167832     
   853.86627199999998        285.65714178016714        3.4353441994755575E-003  -9.2324050003727791       -3.2421521644594917        8.8959710242420797        11.295517682532378     
   828.49829099999999        285.65692933190917        3.4362272029722688E-003  -9.2607656735808224       -3.1968784271300046        9.2108225266012020        11.885476358506692     
   803.13348399999995        285.65672681368778        3.4370690239732033E-003  -9.2881483873440160       -3.1505901593273138        9.4759103386796859        12.342960215600360     
   777.77227800000003        285.65653003102290        3.4378797843705273E-003  -9.3145665639352480       -3.1032705646779966        9.6992635812719570        12.682715638563254     
   752.41485599999999        285.65633510900665        3.4386685647067117E-003  -9.3400432724641949       -3.0548515084841847        9.8909976103761537        12.923149342882077     
   727.06133999999997        285.65613869733744        3.4394421289689874E-003  -9.3645601792330400       -3.0053043096072423        10.038955382034121        13.048809799859676     
   701.71209699999997        285.65593741760972        3.4402068001322030E-003  -9.3880963033747360       -2.9545715468775064        10.147391781557891        13.069547859762785     
   676.36755400000004        285.65572777427900        3.4409684143205097E-003  -9.4106167771280127       -2.9025845842772133        10.215868321359729        12.988222989390946     
   651.02789299999995        285.65550597219993        3.4417325978722147E-003  -9.4320716014175492       -2.8492622335313924        10.244293331969716        12.808495486349203     
   625.69360400000005        285.65526769434496        3.4425050779421291E-003  -9.4523953103919496       -2.7945052921191165        10.233376809235398        12.535504305053490     
   600.36511199999995        285.65500806017502        3.4432912942905631E-003  -9.4714909785119836       -2.7382314663867162        10.175907817632195        12.163493203151843     
   575.04284700000005        285.65472092396726        3.4440978935324153E-003  -9.4892535255354833       -2.6803011736103053        10.080901747506655        11.710481847613822     
   549.72741699999995        285.65439836216251        3.4449330691801601E-003  -9.5055604518636230       -2.6205113606815686        9.9569944385626830        11.193451771021815     
   524.41943400000002        285.65403183247611        3.4458025535247438E-003  -9.5201979349004535       -2.5588447529658915        9.7633326096569490        10.564118178970373     
   499.11962899999997        285.65360799714182        3.4467184827310727E-003  -9.5329835875912163       -2.4949822057433342        9.5549491925387464        9.9028318437482117     
   473.82891799999999        285.65310969661039        3.4476941033276137E-003  -9.5436552539232036       -2.4286420258756398        9.3174231658429161        9.1967929905665411     
   448.54824800000000        285.65251782418869        3.4487384480375604E-003  -9.5518294834139930       -2.3598936073962133        8.9889044703260961        8.3820109672657335     
   423.27871699999997        285.65179668187290        3.4498790224157558E-003  -9.5571394193602490       -2.2880120390047218        8.6936591324622494        7.6145800617587600     
   398.02175899999997        285.65090534669730        3.4511357236220721E-003  -9.5590267434561955       -2.2129239601723785        8.3238880525271792        6.7812820804489995     
   372.77890000000002        285.64978269122247        3.4525386389479655E-003  -9.5568311720291081       -2.1343732555948840        7.9081459948568131        5.9303422809784241     
   347.55215500000003        285.64832471409449        3.4541431276087237E-003  -9.5496794464053334       -2.0514616529406386        7.5191885626103474        5.1432822548339407     
   322.34393299999999        285.64639622139555        3.4559988781432331E-003  -9.5365161268754850       -1.9641876871509729        7.0473755746658417        4.3311635696519186     
   297.15716600000002        285.64375846670964        3.4582002541434925E-003  -9.5158950316495883       -1.8716955893109795        6.5833610533844213        3.5884074411993065     
   271.99560500000001        285.64002883001353        3.4608733054827473E-003  -9.4859557944257080       -1.7733256135965276        6.0989284614147445        2.9015645701431585     
   246.86404400000001        285.63455231770473        3.4642039362981973E-003  -9.4442463644944095       -1.6683347811664917        5.5955832875989842        2.2823177237597378     
   221.76879900000000        285.62616990579949        3.4684659479453104E-003  -9.3875581095019172       -1.5560117307492107        5.0668990270412264        1.7362101071862910     
   196.71839900000001        285.61254338178168        3.4741444426423808E-003  -9.3107966031626344       -1.4343800263743565        4.5713010036110422        1.2943685966487675     
   171.72468599999999        285.58929842474203        3.4818851001454823E-003  -9.2083991946065407       -1.3035122550405325        3.9861647128203037       0.90281894948317409     
   146.80502300000001        285.54553159227908        3.4931038888756615E-003  -9.0679631342613884       -1.1586117804668867        3.4910926783219023       0.62624763797568217     
   121.98595400000001        285.45553041937103        3.5099463816060791E-003  -8.8755823769065305      -0.99919199567864325        2.8685194082159162       0.38618832875161968     
   97.311340299999998        285.23709636998439        3.5372850624444179E-003  -8.5959059270083813      -0.81582928273057931        2.3080583406833735       0.22894942520319572     
   72.861091599999995        284.58014850037097        3.5839488184535909E-003  -8.1642831204124136      -0.59838665110106692        1.6765694104924789       0.11496547593118871     
   48.804748500000002        282.02329370344415        3.6507966965749258E-003  -7.4067169485511588      -0.32167653337601654        1.0702201372411988        5.2590818126876722E-002
   25.613332700000001        277.43288741754242        3.6217901139887275E-003  -6.2711333253015002       -5.9216611401346805E-002  0.72619929926822724        5.8408484820052599E-002
   10.000000000000000        275.99814275671378        3.5942343479707151E-003  -4.3593570475334920       0.15437187846292763       0.41220272703277477       0.22931254831423969     
   1997.2254600000001        290.87502074109648        6.1526845485716266E-004  -4.3182040602206317       -4.6566222963504433       0.19384590743666680        2.7777874350691503E-003
   1971.7959000000001        290.85698637424179        6.3686955067340583E-004  -4.3445375038380289       -4.6627232611508909       0.19384590743666680        2.7777874350691503E-003
   1946.3670700000000        290.83669808190564        6.5817835446049702E-004  -4.3857158905474343       -4.6745292220623353       0.45527739744543444        1.4786003124097937E-002
   1920.9388400000000        290.81547333333299        6.7406272993554377E-004  -4.4332559370281714       -4.6902298181320399       0.61476029159014256        2.6138172729967032E-002
   1895.5111099999999        290.78280502343665        6.8741265402709267E-004  -4.4880455033436073       -4.7108729341383340       0.69886012344545478        2.6277088218663175E-002
   1870.0839800000001        290.71317375306995        6.9655620597386457E-004  -4.5524323799434914       -4.7383883205183199       0.71494316225132759        1.7840380388351149E-002
   1844.6575900000000        290.63977714602260        6.9890748239797955E-004  -4.6189448977387872       -4.7702997415953741       0.79043729844935084        2.0736159580328414E-002
   1819.2318100000000        290.56252652047601        6.9939727695388174E-004  -4.6866910980813170       -4.8065994094283706       0.85594541183374639        2.3105706611221778E-002
   1793.8067599999999        290.43649085013885        6.9950080424925956E-004  -4.7598356962828019       -4.8502159933112416       0.85334414710121897        1.7174464382199293E-002
   1768.3824500000001        290.17823927755495        6.9957871134318332E-004  -4.8410864661030217       -4.9037849201120212       0.81078640641573252        1.0262639837687498E-002
   1742.9588600000000        289.91393776422393        7.0019375942424256E-004  -4.9217792178464297       -4.9618984402858581       0.85677834773066852        1.1027099452932355E-002
   1717.5362500000001        289.65148324084004        7.0402724452089960E-004  -5.0008143254875588       -5.0234485456655307       0.89328941464472811        1.1710343680979394E-002
   1692.1140100000000        289.41498814093239        7.1720854447632253E-004  -5.0784440619581472       -5.0882013075045700       0.97778544113379351        1.4470047497862591E-002
   1666.6927499999999        289.22873588376456        7.3819876799722443E-004  -5.1494153383547880       -5.1509055123457967       0.98690127828027197        1.6253701117054865E-002
   1641.2723400000000        289.04275148862490        7.6629622764198488E-004  -5.2252690594495483       -5.2215025887699165        1.2030965316598841        2.3764561357077951E-002
   1615.8527799999999        288.85376742813435        8.0304937995303736E-004  -5.2893707670267665       -5.2835016873626559       0.91626293217428068        1.3051187517643550E-002
   1590.4340800000000        288.66478923691915        8.4935983880819700E-004  -5.3728729867680824       -5.3671422035371457        1.6126977005282472        4.0695463202928710E-002
   1565.0162399999999        288.49499495515715        8.9505167828792388E-004  -5.4257576258916398       -5.4208827683027963       0.73046971334654165        8.1742546668303970E-003
   1539.5992400000000        288.31517696707840        9.4631489497780429E-004  -5.5227727851734123       -5.5210621774916602        2.3714216113426048        8.7565287682207074E-002
   1514.1834699999999        288.14755676159410        1.0006158910805898E-003  -5.5680922328924991       -5.5673430157783566       0.57395427021494050        4.7357534835491735E-003
   1488.7685500000000        287.86667428224723        1.1136023383425723E-003  -5.6812890716174733       -5.6823465426833240        2.6840929889489469        8.4001497199044400E-002
   1463.3546100000001        287.40260022633584        1.3662124329939832E-003  -5.7360468127034077       -5.7360643059701859       0.51499380576873388        2.1070016889579461E-003
   1437.9417699999999        286.75171539202171        1.8716524151946936E-003  -5.8740808797555104       -5.8656178313672580        2.5986168451873537        4.7275012468438189E-002
   1412.5300299999999        286.42062027993808        2.2091759095473284E-003  -5.9197943854506354       -5.9052606906846314       0.39799954981861468        1.4021067136525071E-003
   1387.1193800000001        286.26020642601691        2.4015620042547995E-003  -6.0771749683953251       -6.0309519271510013        5.7120716293923941       0.48386813189260158     
   1361.7099599999999        286.18175924002759        2.5061481485568410E-003  -6.1072772804114770       -6.0519732278061973       0.31214683730511328        1.7063099074741933E-003
   1336.3018800000000        286.06329116592445        2.6776001563427448E-003  -6.2912846422740341       -6.1686472572645963        7.8509994087755528        1.0380985043904989     
   1310.8949000000000        286.01712358459679        2.7492226975006041E-003  -6.3187570139413749       -6.1829618498913765       0.30143840455104115        1.9828503839381443E-003
   1285.4893800000000        285.92611143705915        2.8987200024026875E-003  -6.5251380113245174       -6.2771014605725828        9.8383051385181144        1.7931839382073196     
   1260.0852100000000        285.90095105134662        2.9423242208233011E-003  -6.5504483541808280       -6.2856270191837629       0.31425177685057687        2.8113321800628797E-003
   1234.6824999999999        285.83228125830664        3.0666069294830881E-003  -6.7759890114694183       -6.3476601667536583        12.144871962869527        3.0114308731264816     
   1209.2811300000001        285.81928015573550        3.0911986322637725E-003  -6.7991113643484127       -6.3511757247281171       0.34514237196966502        4.5779139389915159E-003
   1183.8813500000001        285.76804001038863        3.1914754947443705E-003  -7.0382690951614499       -6.3739591636402180        14.868243303193946        4.9496016715215587     
   1158.4832799999999        285.76156474800615        3.2046278303350484E-003  -7.0590690901873101       -6.3732997505481155       0.39581633441383690        8.3496781202868214E-003
   1133.0869100000000        285.72394429576576        3.2830713285526714E-003  -7.3032699182980103       -6.3530068371615531        17.985905428745024        7.8939630945536665     
   1107.6922600000000        285.72068585338661        3.2900763992008059E-003  -7.3219591233911983       -6.3489737887122946       0.47725730733601562        1.6896033471326923E-002
   1082.3005400000000        285.69351824956328        3.3495432524804033E-003  -7.5542866605974428       -6.2879579100063179        20.305569885389392        10.958510637200938     
   1056.9097899999999        285.69108706740320        3.3549821565172352E-003  -7.5743282086683061       -6.2800263730136665       0.70492735328778888        4.2366337661574716E-002
   1031.5210000000000        285.67317900509676        3.3952738002814742E-003  -7.7229407539592367       -6.2148501872236670        12.383256229544989        4.9816146671273076     
   1006.1343400000000        285.66699221916218        3.4092322977826370E-003  -7.7742716969130408       -6.1865004475437804        3.1055308482218065       0.52655333001962690     
   980.75000000000000        285.66363581949770        3.4167055853305413E-003  -7.8288546197108353       -6.1522667576426358        4.7458789324239108        1.6368054172227819     
   955.36804199999995        285.66149630744712        3.4213658793913202E-003  -7.8828245522920790       -6.1145134519045401        5.9142445698539703        2.9958333132283754     
   929.98846400000002        285.65999640138767        3.4245360469794175E-003  -7.9338365829334965       -6.0752243426848445        6.5436981056653591        4.0990068912906317     
   904.61157200000002        285.65883740368594        3.4268969944471965E-003  -7.9822011591302804       -6.0346854726398602        6.9989858246726886        5.0112674881142567     
   879.23742700000003        285.65785551641437        3.4288133629874745E-003  -8.0291734019169372       -5.9922280499440150        7.5237824949860297        5.9302895745367294     
   853.86627199999998        285.65699450755625        3.4304147784559830E-003  -8.0744730756097063       -5.9483393855351094        7.8815057593759565        6.6104038774620690     
   828.49829099999999        285.65619679033813        3.4318217004985084E-003  -8.1188942140675682       -5.9024252327778184        8.3181154197554985        7.3106972677193864     
   803.13348399999995        285.65544401751742        3.4330748711770224E-003  -8.1621550127073146       -5.8548539335877416        8.6205898882630763        7.7955592988246751     
   777.77227800000003        285.65471344270605        3.4342180795143653E-003  -8.2044499124943417       -5.8054701897464565        8.9063546222910066        8.1991397732225160     
   752.41485599999999        285.65398827825408        3.4352806099431578E-003  -8.2458749444562010       -5.7541621463739965        9.1642263339960870        8.5128487289382733     
   727.06133999999997        285.65325799631705        3.4362790508323895E-003  -8.2863274616498614       -5.7010176339415350        9.3486315977406083        8.6866363151460089     
   701.71209699999997        285.65250871672583        3.4372318989290863E-003  -8.3258830584608887       -5.6458665451490360        9.5138509887512406        8.7893675363148507     
   676.36755400000004        285.65172906836113        3.4381514234894752E-003  -8.3644970233700064       -5.5886520265467921        9.6321794194617620        8.7930314965514960     
   651.02789299999995        285.65090806101580        3.4390470925341646E-003  -8.4020775649088559       -5.5293529705173388        9.6939626136877859        8.6919765744226734     
   625.69360400000005        285.65002989212041        3.4399310801268156E-003  -8.4386448291762353       -5.4677313085645931        9.7394552453558614        8.5379438357380266     
   600.36511199999995        285.64907881995322        3.4408124266498219E-003  -8.4741156376243669       -5.4036520089373292        9.7429224754115555        8.3066003809709308     
   575.04284700000005        285.64804538338751        3.4416921961733719E-003  -8.5081486237210893       -5.3374142397275728        9.6227727227788709        7.9175175129911342     
   549.72741699999995        285.64688504751626        3.4425976386619423E-003  -8.5411619507497836       -5.2677761648520329        9.6486698507112933        7.6632945830192725     
   524.41943400000002        285.64559572518584        3.4435179357485677E-003  -8.5724044792816940       -5.1957607559431738        9.4213659877797760        7.1341308307362086     
   499.11962899999997        285.64413726884032        3.4444682846293149E-003  -8.6018377637881027       -5.1208779035180765        9.2015242330573574        6.6119298536633799     
   473.82891799999999        285.64240984930797        3.4454931324472676E-003  -8.6299406986801959       -5.0409184744854230        9.2196324223361064        6.3058482342344879     
   448.54824800000000        285.64046932691184        3.4465391202425978E-003  -8.6549890686928297       -4.9597240641905529        8.6120014373028972        5.4469962860814816     
   423.27871699999997        285.63808258251555        3.4477045612734372E-003  -8.6781474189325714       -4.8721236796387544        8.6009272399351673        5.1151691931453058     
   398.02175899999997        285.63521763197889        3.4489672444385981E-003  -8.6981513148225105       -4.7804385710585349        8.1908203575491250        4.4718747725747150     
   372.77890000000002        285.63176389010619        3.4503367795898571E-003  -8.7143215002296177       -4.6852908882736068        7.6373682283036670        3.7669246288320095     
   347.55215500000003        285.62722136165667        3.4519484608000130E-003  -8.7267425051127816       -4.5809603745725038        7.5429933689030388        3.4082644928065666     
   322.34393299999999        285.62158615397323        3.4537273232380802E-003  -8.7337089320137320       -4.4735680527737065        6.7821884052133043        2.6718420199960624     
   297.15716600000002        285.61385757501779        3.4558812932120792E-003  -8.7345184082218257       -4.3558644829549111        6.5062325705856479        2.2726764617515269     
   271.99560500000001        285.60344317072838        3.4584176140584513E-003  -8.7275583407310720       -4.2316415643727066        5.8362338210290217        1.7279608331775240     
   246.86404400000001        285.58769347222966        3.4617178918624134E-003  -8.7100491850728510       -4.0918483525272462        5.5588246556946768        1.4105435718992718     
   221.76879900000000        285.56641079400424        3.4655074023680244E-003  -8.6825777012702545       -3.9553572544705382        4.2531608943093131       0.80029841282934977     
   196.71839900000001        285.51604832248705        3.4726739273798924E-003  -8.6210738466066452       -3.7448000058428499        5.8416222464302603        1.1220632320531991     
   171.72468599999999        285.47133919292020        3.4779139676330523E-003  -8.5764411503331957       -3.6284611080722038        1.8244451856707797       0.13303296910754925     
   146.80502300000001        285.32768202242676        3.4904903602938340E-003  -8.3902652985727855       -3.2670817838987940        7.6326230157059927        1.6432531861699258     
   121.98595400000001        285.20016448284309        3.4990839897298762E-003  -8.3022183591294514       -3.1308559749159732        1.1232834081385770        4.6637402020959076E-002
   97.311340299999998        284.69569236279511        3.5219926525059246E-003  -7.9717566877376056       -2.7285803670119870        3.6619966994028377       0.37967385282709643     
   72.861091599999995        283.39050960886112        3.5513745032698329E-003  -7.6275952485603122       -2.4001131356825356        1.2123726336914129        4.0557517848149038E-002
   48.804748500000002        279.02937143448128        3.5658498839893889E-003  -6.9034881419741341       -1.8630696313127466        1.0429210381091958        3.7255377371297804E-002
   25.613332700000001        275.17229625722337        3.5236189135030497E-003  -5.9109120586161898       -1.3296479490604494       0.73059194434906394        6.4467897820352366E-002
   10.000000000000000        274.01478437032824        3.5029380571563015E-003  -4.1701686297164580      -0.69026962229247435       0.41398643753897385       0.24446571679208601     
   1997.2254600000001        290.87315552549535        6.1746503430403638E-004  -3.4569604515048304       -4.3593857770558984       0.14874306204088730        1.5492945776786012E-003
   1971.7959000000001        290.85371226224515        6.3995300733802522E-004  -3.4739220181207542       -4.3763773447608090       0.14874306204088730        1.5492945776786012E-003
   1946.3670700000000        290.83305824657384        6.5938833553630459E-004  -3.4982422029544202       -4.4053788949942225       0.35652953005348748        8.8290713999606765E-003
   1920.9388400000000        290.81109835300401        6.7330954370517049E-004  -3.5248791168580169       -4.4409883949265776       0.48341641610123953        1.5590818994186921E-002
   1895.5111099999999        290.77732035976766        6.8524516914101317E-004  -3.5539460057458974       -4.4843256329101235       0.55292529019982795        1.5885695308665928E-002
   1870.0839800000001        290.70903036798529        6.9497767449776509E-004  -3.5860027431570791       -4.5375463711802739       0.57356024309050757        1.1434078049453213E-002
   1844.6575900000000        290.63580769562765        6.9829072012144887E-004  -3.6174946441644851       -4.5953347749411284       0.63583209183909573        1.3240493154919234E-002
   1819.2318100000000        290.55692663959820        6.9921024146603751E-004  -3.6480076238559094       -4.6572239503570234       0.68963715782302071        1.4618700498472942E-002
   1793.8067599999999        290.42929370928482        6.9947779669293146E-004  -3.6791091226004484       -4.7272168627328446       0.69174045385654537        1.1064634975906571E-002
   1768.3824500000001        290.17443148543691        6.9969684121606380E-004  -3.7116561871516951       -4.8084140437619487       0.66352245075074623        6.8467842760731503E-003
   1742.9588600000000        289.91058234472268        7.0083647039605494E-004  -3.7424591957094924       -4.8925693276748445       0.70094174109454721        7.3072519587773447E-003
   1717.5362500000001        289.64891555656044        7.0599122885343056E-004  -3.7715148786413977       -4.9785833648479185       0.73937100671975520        7.9525151172709935E-003
   1692.1140100000000        289.41351887056385        7.1992858173825002E-004  -3.7988095000973745       -5.0650441465298615       0.79398378141628234        9.4522243435822880E-003
   1666.6927499999999        289.22518427563347        7.4074956532527300E-004  -3.8240102961128781       -5.1492341010319054       0.84992436557465034        1.1878244913550832E-002
   1641.2723400000000        289.03847592723650        7.6944857126005624E-004  -3.8489053244191020       -5.2358929458598533       0.91869665194263950        1.3600419536551989E-002
   1615.8527799999999        288.84581439699917        8.0760759874184095E-004  -3.8727791667600231       -5.3209485548072726       0.89168523621071827        1.2215653980679576E-002
   1590.4340800000000        288.65437011998063        8.5392355722244031E-004  -3.8984255766691072       -5.4127780650623585        1.0613701853824542        1.7037711823645423E-002
   1565.0162399999999        288.47489963035434        9.0278886769139092E-004  -3.9215324461410979       -5.4939163594434079       0.88466554246621909        1.1768130504328893E-002
   1539.5992400000000        288.29807548155821        9.5672363940866863E-004  -3.9506169979693371       -5.5924253743693972        1.3328997156121469        2.6811110544170062E-002
   1514.1834699999999        288.12598130288325        1.0186550227320923E-003  -3.9742319049404955       -5.6677231734336972       0.83154602118244725        9.9938947791248945E-003
   1488.7685500000000        287.85318317905427        1.1405217664389896E-003  -4.0117452789784211       -5.7793455058606940        1.4880109820968976        2.5201947404529447E-002
   1463.3546100000001        287.36438120292678        1.4297990184022565E-003  -4.0435565587783833       -5.8655867685138441       0.71578741710512139        4.0135486951741565E-003
   1437.9417699999999        286.67640041526386        1.9950595335755045E-003  -4.1001968508949629       -6.0023714300437074        1.5751314455734897        1.6382415165610960E-002
   1412.5300299999999        286.31915215472696        2.3770460783068179E-003  -4.1306990017896927       -6.0667577022085784       0.52851135909850999        2.4014871457914947E-003
   1387.1193800000001        286.20384061209194        2.5207303166001629E-003  -4.2080262230473640       -6.2076344463991884        4.3251714238711907       0.32440051307147416     
   1361.7099599999999        286.14277377266575        2.6033128476880105E-003  -4.2281760810303268       -6.2388431601748016       0.35974204743354316        2.5989825092959645E-003
   1336.3018800000000        286.05368058761326        2.7313789171236349E-003  -4.3379040606223107       -6.3896042033230120        6.6453206852731359       0.85633370914237739     
   1310.8949000000000        286.01422893169098        2.7909477758984759E-003  -4.3583108410553058       -6.4129900264847342       0.32597786852366906        2.5268062701208141E-003
   1285.4893800000000        285.94081575065672        2.9065579511535142E-003  -4.4995908301149887       -6.5570346360600720        8.6823294435808496        1.5538744311669626     
   1260.0852100000000        285.91809719889636        2.9437197792544678E-003  -4.5200732772198613       -6.5740250008100416       0.32743939433859032        3.2274782745622807E-003
   1234.6824999999999        285.85899442628903        3.0435512317958445E-003  -4.6929361322968433       -6.7015846487606758        11.065656684711049        2.6943962552681526     
   1209.2811300000001        285.84644784854618        3.0654140060114368E-003  -4.7130685067930553       -6.7131689706856017       0.34627778385604213        4.6967806594202192E-003
   1183.8813500000001        285.79892031530932        3.1503261824927724E-003  -4.9154076646659757       -6.8161974131607748        13.850694301291458        4.4651054626233693     
   1158.4832799999999        285.79209911358788        3.1628296480479294E-003  -4.9347550008551115       -6.8232600286073364       0.37889806341331356        7.4206462142738117E-003
   1133.0869100000000        285.75409195443086        3.2338065784141092E-003  -5.1617740825166623       -6.8952883860603515        17.048856094374507        7.0938915605283031     
   1107.6922600000000        285.75038567766848        3.2408680801137750E-003  -5.1800067401977339       -6.8986446650279092       0.42478536050489529        1.2385269680815804E-002
   1082.3005400000000        285.72038152039499        3.2987093778860457E-003  -5.4243766833401201       -6.9352531540398452        20.566579491911874        10.756544622962524     
   1056.9097899999999        285.71833050606085        3.3027151222407348E-003  -5.4413664894831708       -6.9356247599262275       0.48600970362484780        2.1445818763794880E-002
   1031.5210000000000        285.69512723673046        3.3481795372700151E-003  -5.6927015845270370       -6.9349786832929246        24.010011092838653        15.257116662385563     
   1006.1343400000000        285.69388999261889        3.3506116243839246E-003  -5.7089535139494574       -6.9329012379278501       0.58455683038556006        3.9466790888506138E-002
   980.75000000000000        285.67675653078766        3.3840270318012677E-003  -5.9375002007277384       -6.8997130368704527        23.830336637421183        16.344539897308675     
   955.36804199999995        285.67521462715132        3.3869992184842085E-003  -5.9600543608078631       -6.8939947854006682        1.0485578365923467       0.11281950378911075     
   929.98846400000002        285.66487597519222        3.4065561780688481E-003  -6.0745369542875212       -6.8621515701216254        9.3320768298982824        3.4502089305923711     
   904.61157200000002        285.66143196035569        3.4127878210026314E-003  -6.1351659857509047       -6.8408284115307687        4.8601526250701568        1.6024460343458877     
   879.23742700000003        285.65894927933454        3.4170964485875015E-003  -6.1938573078800170       -6.8170217639842132        5.4161542779536855        2.2612357555581855     
   853.86627199999998        285.65706709937592        3.4202125153259574E-003  -6.2499550399457489       -6.7915827761147920        5.7676792348278507        2.8317139574594026     
   828.49829099999999        285.65538714670657        3.4228487739135990E-003  -6.3081120998196871       -6.7626946096756981        6.6326238481137541        3.7834902282652583     
   803.13348399999995        285.65398171884311        3.4249274395424761E-003  -6.3632502663328800       -6.7329815727581455        6.6857324718674773        4.0688114491842367     
   777.77227800000003        285.65268674106494        3.4267257529517828E-003  -6.4180264807792753       -6.7013172441318201        7.0333545968100086        4.5409013814360097     
   752.41485599999999        285.65146332634913        3.4283146568744537E-003  -6.4723353378672828       -6.6678734000249937        7.2948081158449067        4.8929019734090353     
   727.06133999999997        285.65029944594085        3.4297235367252875E-003  -6.5255169103134305       -6.6331616053155313        7.3778287110045380        5.0344543417887317     
   701.71209699999997        285.64914503537176        3.4310216908662009E-003  -6.5785194977685215       -6.5966568419051574        7.5619255676079398        5.2249411173197453     
   676.36755400000004        285.64798521802101        3.4322288949647614E-003  -6.6311713608761993       -6.5584955125538222        7.6620464908071613        5.2972411599982809     
   651.02789299999995        285.64680737740412        3.4333595990762066E-003  -6.6832624330881485       -6.5188408859241314        7.6708347205582399        5.2472437123272098     
   625.69360400000005        285.64561347054621        3.4344128140561471E-003  -6.7341483299381961       -6.4781954079238631        7.5125573082302344        5.0150686818680752     
   600.36511199999995        285.64426452150184        3.4355005236821157E-003  -6.7875957209237949       -6.4334884185677712        7.9922546478656269        5.3230253155816820     
   575.04284700000005        285.64299322625862        3.4364336580849542E-003  -6.8357186320401304       -6.3911952292047598        6.9867311942977386        4.3040072856930429     
   549.72741699999995        285.64143167199114        3.4374701644050718E-003  -6.8884197827851503       -6.3426975119261497        7.7295315922430525        4.7604040228671813     
   524.41943400000002        285.63973622263956        3.4384781552785253E-003  -6.9398520926962162       -6.2929169717189497        7.3561775588827683        4.2456886404123679     
   499.11962899999997        285.63813648174579        3.4393262944640234E-003  -6.9841251941441982       -6.2476696216196030        5.9456730289823989        2.9893759231618890     
   473.82891799999999        285.63540839080082        3.4405909932142577E-003  -7.0437245800716477       -6.1836026303143239        8.3169055211836120        4.4604655250230323     
   448.54824800000000        285.63337266323020        3.4414088611529068E-003  -7.0835829340146406       -6.1377563682901615        4.7718904811109377        1.8471366623640588     
   423.27871699999997        285.62957455453648        3.4427051377367334E-003  -7.1380221651250615       -6.0711956711329611        6.6695893482261193        2.6869853652969704     
   398.02175899999997        285.62454013241233        3.4440993366278670E-003  -7.1887478983623598       -6.0038916947344187        5.5451601220154076        1.7124054450978698     
   372.77890000000002        285.61740865192138        3.4456871829616903E-003  -7.2321388057348930       -5.9406073378308006        3.8975132835913571       0.74895395252502850     
   347.55215500000003        285.58097155222788        3.4514856919497074E-003  -7.3197796132185093       -5.7972145908866626        7.8383302099387775        1.4003919301478527     
   322.34393299999999        285.56884868333145        3.4531181956947007E-003  -7.3377144930863141       -5.7633883806088058       0.75937218147668373        2.1624521295592794E-002
   297.15716600000002        285.50456801639234        3.4603003246295545E-003  -7.4925510840043943       -5.4117888386222415        23.235408406201653        9.7417818555869768     
   271.99560500000001        285.49766807931860        3.4609668249919799E-003  -7.5012149533199342       -5.3865541260543406       0.41352003224728756        9.6635418195493376E-003
   246.86404400000001        285.40308517405276        3.4686212887555705E-003  -7.6174507544339622       -4.9149617834828581        24.642675419871633        10.535593473916581     
   221.76879900000000        285.39158605510664        3.4694223263111454E-003  -7.6222321094921721       -4.8827578809843919       0.37681921780940064        7.5446541949359550E-003
   196.71839900000001        285.25649715063241        3.4772451802293318E-003  -7.6386615049024984       -4.3292102407919169        20.394069716692115        7.8202411902133111     
   171.72468599999999        285.23357136353741        3.4783643233893538E-003  -7.6350620454741449       -4.2825504280758908       0.39012149416046493        7.7572616430585254E-003
   146.80502300000001        285.04553776622481        3.4857335178808627E-003  -7.5033504777782474       -3.6910169708975262        13.866018022231358        4.5478395832134906     
   121.98595400000001        284.98322002149536        3.4876648645080005E-003  -7.4739074322703987       -3.6087981369502611       0.48056331265489216        1.1752150870412705E-002
   97.311340299999998        284.64989151041885        3.4950538692204293E-003  -7.1875843887918958       -3.0757706416770962        5.6459482119995261        1.1145810452245730     
   72.861091599999995        282.92695553594888        3.5169070189563540E-003  -6.9513361165771448       -2.7635182386699486       0.74138793544995274        1.2579227860539666E-002
   48.804748500000002        276.88887299705567        3.4946544008291705E-003  -6.2916998820753482       -2.1233987435262263       0.93595623607575429        2.4909403324185057E-002
   25.613332700000001        273.36294501432434        3.4068211695984737E-003  -5.4350323214896239       -1.5524151156552195       0.64118640750516886        5.1519729122477244E-002
   10.000000000000000        272.42931670037370        3.3642334522001678E-003  -3.8766582257959841      -0.85112514581752419       0.38670855270195365       0.23277471949503969     
   1997.2254600000001        290.87232901789372        6.1841181441455893E-004  -3.0912192737331812       -3.4288251595558603        8.9746176806404815E-002   5.4185841043618362E-004
   1971.7959000000001        290.85226727542511        6.4118323800810913E-004  -3.1014658513060160       -3.4444247617483059        8.9746176806404815E-002   5.4185841043618362E-004
   1946.3670700000000        290.83141736600345        6.5982854842149376E-004  -3.1120364295674476       -3.4711644347294550       0.20920219327459663        2.9254286130036855E-003
   1920.9388400000000        290.80908679142658        6.7306179305276655E-004  -3.1207591184451537       -3.5035946666351960       0.28019461844322840        5.0046291923859258E-003
   1895.5111099999999        290.77477560390918        6.8451694733404338E-004  -3.1271343703635268       -3.5424242923474383       0.31937582116463586        5.0714109313739729E-003
   1870.0839800000001        290.70701071336163        6.9430628079200662E-004  -3.1305695442108781       -3.5890863170784955       0.33297135615478141        3.7476846478149313E-003
   1844.6575900000000        290.63379589159092        6.9796807713918294E-004  -3.1306879947732513       -3.6387812663850205       0.36987432892663807        4.3384974470910354E-003
   1819.2318100000000        290.55408159741779        6.9909214130040346E-004  -3.1274828891179287       -3.6910321417614926       0.40289967058207649        4.8045746976771780E-003
   1793.8067599999999        290.42559906574809        6.9946049601455956E-004  -3.1204012644707144       -3.7490257973524721       0.40824324644431759        3.7307737611894892E-003
   1768.3824500000001        290.17230007167819        6.9977767595038416E-004  -3.1087888915286870       -3.8151018247643824       0.39694290834298129        2.3993981790889208E-003
   1742.9588600000000        289.90866210660704        7.0120505302514525E-004  -3.0942719535566954       -3.8826607490776910       0.42273475097349500        2.5958837262097844E-003
   1717.5362500000001        289.64738359851839        7.0695759600397331E-004  -3.0776004014801530       -3.9510197644854883       0.45059904101124848        2.8862889947103855E-003
   1692.1140100000000        289.41247270263125        7.2124345940389632E-004  -3.0596806202671134       -4.0190594815447120       0.48556990552302959        3.4529741797025798E-003
   1666.6927499999999        289.22331627958312        7.4212254740945143E-004  -3.0414295305307548       -4.0856376401445189       0.53121014408139888        4.5150771748172251E-003
   1641.2723400000000        289.03645912787931        7.7102487777264497E-004  -3.0226558317769490       -4.1530835998168323       0.56254383214544501        4.9636512117157564E-003
   1615.8527799999999        288.84355496043463        8.0937528919167525E-004  -3.0036868963012995       -4.2220575204840936       0.59198962521445087        5.2638505212891790E-003
   1590.4340800000000        288.65255587326237        8.5539180440530078E-004  -2.9852020751002262       -4.2922575073044573       0.62689911723968084        5.7800151368657899E-003
   1565.0162399999999        288.47168281774015        9.0491378260923428E-004  -2.9678783993342401       -4.3634517802912658       0.67081891835471341        6.6380131162942337E-003
   1539.5992400000000        288.29561153735580        9.5967713977996151E-004  -2.9522331899235223       -4.4359176855447693       0.71179729317273988        7.3859352273533138E-003
   1514.1834699999999        288.11867510556573        1.0253430124547781E-003  -2.9386348033650309       -4.5107220822254268       0.76369856175149153        8.2687125171857397E-003
   1488.7685500000000        287.84570422285532        1.1516155221811988E-003  -2.9269926312204007       -4.5922219848037082       0.74397012577364263        6.0619658811759654E-003
   1463.3546100000001        287.35047367011032        1.4532493950077624E-003  -2.9178779151211796       -4.6867211797879884       0.75764485958047145        4.4768631247602128E-003
   1437.9417699999999        286.65818401377788        2.0315177963087369E-003  -2.9140458177867941       -4.7827731625811625       0.67661722399301749        2.9005186292546219E-003
   1412.5300299999999        286.26219865299254        2.4645810259152977E-003  -2.9175298872024409       -4.8888696788561479        1.0953736647389838        1.0097666536380636E-002
   1387.1193800000001        286.15486964913271        2.6033332394463401E-003  -2.9238968188705754       -4.9452247038475816       0.61341547727078793        5.9341337663960598E-003
   1361.7099599999999        286.08277504562164        2.7048728969579754E-003  -2.9455575899960871       -5.0611627556231547        3.0437213793496820       0.19567287384939178     
   1336.3018800000000        286.03618748331246        2.7736557510992053E-003  -2.9555253112854576       -5.0965158877524788       0.40897166794702727        3.7887320099094209E-003
   1310.8949000000000        285.97750196595348        2.8635088112277177E-003  -3.0022598374183609       -5.2351555857174530        5.1820256525779831       0.62240039036295480     
   1285.4893800000000        285.94854080722934        2.9091339692589118E-003  -3.0146293137793760       -5.2620428007660163       0.35141324056651363        3.3735913796375545E-003
   1260.0852100000000        285.89851230564477        2.9900010840794192E-003  -3.0897783867967714       -5.4112590952051072        7.3632943697551605        1.3195382070908586     
   1234.6824999999999        285.88126299068801        3.0185168908554612E-003  -3.1037907992241198       -5.4322528802561969       0.34339258451249050        4.0062315684447946E-003
   1209.2811300000001        285.83842092124161        3.0907641344841666E-003  -3.2090158485461173       -5.5832851440226499        9.7271802721343441        2.3847066345374368     
   1183.8813500000001        285.82819929215657        3.1083244417558602E-003  -3.2240749194010290       -5.5996118200569258       0.35646582173424274        5.4146460523376710E-003
   1158.4832799999999        285.79156722188691        3.1722250659180352E-003  -3.3590748447433532       -5.7449237792559460        12.290708014754886        3.9090025566096767     
   1133.0869100000000        285.78546796544305        3.1830254080922648E-003  -3.3747024626037119       -5.7573801363672263       0.38368617733133442        7.8815415954267658E-003
   1107.6922600000000        285.75448290010979        3.2384894976665501E-003  -3.5369780429267759       -5.8901263040636689        14.998345879281139        5.9592676875545374     
   1082.3005400000000        285.75078902769218        3.2451750614966423E-003  -3.5528312017439707       -5.8993227846040357       0.42368232597311928        1.2044028377170337E-002
   1056.9097899999999        285.72504325193910        3.2920508752449741E-003  -3.7376715938693059       -6.0134509171263515        17.701952058405833        8.5126381047569541     
   1031.5210000000000        285.72275452087962        3.2962435771157813E-003  -3.7535535434865515       -6.0198793984721783       0.47786942597718440        1.9072319561769167E-002
   1006.1343400000000        285.70185546359193        3.3345356190073259E-003  -3.9541096789916992       -6.1104129647637500        20.156812661476629        11.387325532886061     
   980.75000000000000        285.70038915132159        3.3372212127559505E-003  -3.9699767597900744       -6.1144618150514845       0.55041685469614821        3.1100906519573993E-002
   955.36804199999995        285.68390700940500        3.3671952817099162E-003  -4.1766861072441133       -6.1776841333979666        21.885434480871407        14.033069272131987     
   929.98846400000002        285.68288170289577        3.3690424278761668E-003  -4.1929794229075501       -6.1797036914028025       0.66287133317940838        5.3233617727462691E-002
   904.61157200000002        285.67036257578945        3.3912159596248066E-003  -4.3858979619607164       -6.2127578759322555        20.854985322851725        13.877131031801806     
   879.23742700000003        285.66920129776048        3.3932257489009744E-003  -4.4068868348310470       -6.2132511954055589        1.0121199153189699       0.11521895210954651     
   853.86627199999998        285.66082196243525        3.4073321297919219E-003  -4.5296111139469657       -6.2186411687261520        11.037010359343210        4.9775080558154761     
   828.49829099999999        285.65784907270552        3.4120694976866360E-003  -4.5786740317028753       -6.2166296298687094        3.2787370335750357       0.75241916408965637     
   803.13348399999995        285.65512895360956        3.4161862615995483E-003  -4.6398794473147058       -6.2117135516496429        5.0755527660457043        1.8332660157468743     
   777.77227800000003        285.65316510421587        3.4189681311070806E-003  -4.6969756593369043       -6.2045896644699319        5.1428498674093186        2.1545758052143569     
   752.41485599999999        285.65145629562079        3.4212122026427449E-003  -4.7546577788465640       -6.1952172339578944        5.5785092449320395        2.6386892809732996     
   727.06133999999997        285.64990221230562        3.4230842677240359E-003  -4.8123012740132118       -6.1838383692151249        5.8364137925021664        2.9577787911043600     
   701.71209699999997        285.64847872406216        3.4246423985019683E-003  -4.8681842876605810       -6.1709575954640501        5.7746640761530310        2.9837330001513855     
   676.36755400000004        285.64698320621767        3.4261131570441144E-003  -4.9267828748722140       -6.1557746423500799        6.2085588248754862        3.3132954619480812     
   651.02789299999995        285.64565864561354        3.4272717582274244E-003  -4.9791670305879245       -6.1405215218596805        5.3982281796580747        2.6843983088061498     
   625.69360400000005        285.64367905988439        3.4287778469640354E-003  -5.0478883826849072       -6.1191389345238250        7.4633335872533220        4.0882639839515971     
   600.36511199999995        285.64235747944019        3.4296470729360011E-003  -5.0938331389021956       -6.1030189737984291        4.3601370262370009        1.7979094231884396     
   575.04284700000005        285.63944571881723        3.4312543389857703E-003  -5.1702383112502925       -6.0753257139988577        7.8237756073145102        3.7980050956149447     
   549.72741699999995        285.63661541851189        3.4325429570141921E-003  -5.2297725395622212       -6.0517347662513901        5.1421773349065303        1.7538260412311371     
   524.41943400000002        285.63425154965239        3.4334598586341063E-003  -5.2704234420551437       -6.0340204513746292        2.8186862195374869       0.59143579219078879     
   499.11962899999997        285.62420016513443        3.4365023618028291E-003  -5.4385166434815044       -5.9606462358620149        19.066340769987818        11.601188495414501     
   473.82891799999999        285.62331891875039        3.4367236413192898E-003  -5.4571370774875465       -5.9502897205939265        1.0605446916790555       0.13934325860838609     
   448.54824800000000        285.61231166498243        3.4390762062251070E-003  -5.6327214730511015       -5.8607712441746287        19.617986285075116        12.017210442028277     
   423.27871699999997        285.55879038788288        3.4475084609595953E-003  -5.7363957728431823       -5.8012600201297877        4.2065283414581005       0.28331550005271477     
   398.02175899999997        285.55584584415749        3.4478798146690918E-003  -5.7588432224864503       -5.7859915464619052       0.88836181417733140        5.5295397318730316E-002
   372.77890000000002        285.51473951501475        3.4522414684086231E-003  -6.0680140419223587       -5.5757524774801528        32.072268028733653        18.376715247480092     
   347.55215500000003        285.51168547732760        3.4525302308759708E-003  -6.0839006164005269       -5.5620251195530948       0.48303888790085175        1.6739158701733401E-002
   322.34393299999999        285.44703589489433        3.4578738906422685E-003  -6.4105493810098348       -5.2745211114983857        31.113790247844811        15.680862598378649     
   297.15716600000002        285.44135042525420        3.4582945734128526E-003  -6.4270533805177079       -5.2560768379898803       0.42982733748947188        1.0690536095423645E-002
   271.99560500000001        285.35249281945050        3.4640014261736176E-003  -6.7195602841971409       -4.8900262837861872        26.464988620970722        11.462875397116845     
   246.86404400000001        285.34230867756736        3.4645758958922412E-003  -6.7357688040113706       -4.8637088641804294       0.41081331402124294        8.5421351622769030E-003
   221.76879900000000        285.22759863290815        3.4700849612788877E-003  -6.9496231649789078       -4.4139205667915657        21.061154358881780        7.9686945529923081     
   196.71839900000001        285.20920107256541        3.4708374890294086E-003  -6.9625332554827413       -4.3740505937952605       0.42161106267437609        8.5612549535785537E-003
   171.72468599999999        285.06351865232972        3.4756632016374476E-003  -7.0366207887458092       -3.8383519879325627        15.770444896229151        5.4041990008036178     
   146.80502300000001        285.02689390024597        3.4766209732661514E-003  -7.0353115666854498       -3.7696609113778652       0.51902044050616780        1.3681083257077615E-002
   121.98595400000001        284.74750022058856        3.4793016892550725E-003  -6.8591855652275200       -3.1305085916600452        10.431976521321852        2.8289007721205781     
   97.311340299999998        284.29145214091346        3.4784634518386258E-003  -6.7575534531462589       -2.9182527628878918       0.87666166997591999        2.0793607395025095E-002
   72.861091599999995        277.46496506261593        3.3943476624067820E-003  -6.0069169036309642       -2.1087298789091768        2.8353444738309945        9.6574653058522947E-002
   48.804748500000002        276.94251883523327        3.3891168702280929E-003  -5.7786185273626449       -1.9104135267971158       0.33828196523648546        1.1180636833896118E-002
   25.613332700000001        275.07722957178868        3.3614914798160210E-003  -4.7003318768169953       -1.2562172035649988        1.1878222824709914       0.24443522422512351     
   10.000000000000000        274.57259933022181        3.3740701356131733E-003  -3.8418755671921065      -0.88513215238375931       0.17588402441574469        7.9450877963656713E-002
   1997.2254600000001        290.87222875976875        6.1852556178139796E-004  -3.0780412379931055       -1.5529968513793315        1.0000000000000000E-004   1.0000000000000000E-004
   1971.7959000000001        290.85225504617796        6.4118211458508525E-004  -3.0988781920965929       -1.5750647923931020        1.0000000000000000E-004   1.0000000000000000E-004
   1946.3670700000000        290.83139121365025        6.5982530366073930E-004  -3.1117078938545135       -1.6039300788235047        1.0000000000000000E-004   1.0000000000000000E-004
   1920.9388400000000        290.80903815887802        6.7305525486335773E-004  -3.1191046375758691       -1.6343564593083137        1.0000000000000000E-004   1.0000000000000000E-004
   1895.5111099999999        290.77468384997803        6.8450442473923256E-004  -3.1202427880404890       -1.6663967473798675        1.0000000000000000E-004   1.0000000000000000E-004
   1870.0839800000001        290.70697162018791        6.9428676293907803E-004  -3.1137044706424635       -1.7004811193175693        1.0000000000000000E-004   1.0000000000000000E-004
   1844.6575900000000        290.63375416875709        6.9795910371262871E-004  -3.1028124011602594       -1.7333235947573917        1.0000000000000000E-004   1.0000000000000000E-004
   1819.2318100000000        290.55395665004590        6.9908904490583921E-004  -3.0879253927225485       -1.7646203107874765        1.0000000000000000E-004   1.0000000000000000E-004
   1793.8067599999999        290.42533540605780        6.9946013122763992E-004  -3.0663340552893366       -1.7959358124740730        1.0000000000000000E-004   1.0000000000000000E-004
   1768.3824500000001        290.17224523676856        6.9978086515675862E-004  -3.0359063997686087       -1.8282288351610252        1.0000000000000000E-004   1.0000000000000000E-004
   1742.9588600000000        289.90863116009967        7.0121811555606329E-004  -3.0025730402287314       -1.8586347185355583        1.0000000000000000E-004   1.0000000000000000E-004
   1717.5362500000001        289.64739756346830        7.0698673126655647E-004  -2.9673423381918580       -1.8873054288501352        1.0000000000000000E-004   1.0000000000000000E-004
   1692.1140100000000        289.41252475624270        7.2127521298289777E-004  -2.9316252593554508       -1.9142419336619265        1.0000000000000000E-004   1.0000000000000000E-004
   1666.6927499999999        289.22328388978661        7.4215870949294023E-004  -2.8968430519532293       -1.9394357321189162        1.0000000000000000E-004   1.0000000000000000E-004
   1641.2723400000000        289.03640630311105        7.7106773305048669E-004  -2.8611393666068565       -1.9642001203923227        1.0000000000000000E-004   1.0000000000000000E-004
   1615.8527799999999        288.84351456782207        8.0941801384253325E-004  -2.8242361476818703       -1.9891958582699050        1.0000000000000000E-004   1.0000000000000000E-004
   1590.4340800000000        288.65252500496797        8.5542730479335697E-004  -2.7867255782374749       -2.0147828569921753        1.0000000000000000E-004   1.0000000000000000E-004
   1565.0162399999999        288.47164162413981        9.0495833597644586E-004  -2.7493328610272689       -2.0412747221620515        1.0000000000000000E-004   1.0000000000000000E-004
   1539.5992400000000        288.29553190650273        9.5976021941618632E-004  -2.7118223823460923       -2.0694195865967377        1.0000000000000000E-004   1.0000000000000000E-004
   1514.1834699999999        288.11842593218404        1.0255468849885579E-003  -2.6744514387029348       -2.0997153160173379        1.0000000000000000E-004   1.0000000000000000E-004
   1488.7685500000000        287.84507855525766        1.1521741145265939E-003  -2.6319428237282421       -2.1359876323004583        1.0000000000000000E-004   1.0000000000000000E-004
   1463.3546100000001        287.35023874329659        1.4538598325885717E-003  -2.5847527221112747       -2.1794769628492645        1.0000000000000000E-004   1.0000000000000000E-004
   1437.9417699999999        286.65775008776188        2.0325215316152959E-003  -2.5306580018222951       -2.2344121274915447        1.0000000000000000E-004   1.0000000000000000E-004
   1412.5300299999999        286.26417939061798        2.4625170517973355E-003  -2.4968947363085330       -2.2802745843383825        1.0000000000000000E-004   1.0000000000000000E-004
   1387.1193800000001        286.14968388063863        2.6106915207950378E-003  -2.4543567887985436       -2.3447454854136636        1.0000000000000000E-004   1.0000000000000000E-004
   1361.7099599999999        286.08823442625612        2.6972011292229038E-003  -2.4541176580799076       -2.3692845883669995        1.0000000000000000E-004   1.0000000000000000E-004
   1336.3018800000000        286.02553663295851        2.7899737733663153E-003  -2.4071830166945385       -2.4644456058182662        1.0000000000000000E-004   1.0000000000000000E-004
   1310.8949000000000        285.98816870875578        2.8471852081029887E-003  -2.4180910004975518       -2.4822920316449335        1.0000000000000000E-004   1.0000000000000000E-004
   1285.4893800000000        285.93483095044286        2.9313015212677107E-003  -2.3757956399430782       -2.6070725679692557        1.0000000000000000E-004   1.0000000000000000E-004
   1260.0852100000000        285.91220062695987        2.9678808633239596E-003  -2.3933585415823373       -2.6208810466208039        1.0000000000000000E-004   1.0000000000000000E-004
   1234.6824999999999        285.86655647241901        3.0433227696334644E-003  -2.3649518389807680       -2.7706609954476060        1.0000000000000000E-004   1.0000000000000000E-004
   1209.2811300000001        285.85308960827575        3.0660321926139064E-003  -2.3874607253856004       -2.7810389195445140        1.0000000000000000E-004   1.0000000000000000E-004
   1183.8813500000001        285.81388031263367        3.1333069661462001E-003  -2.3794824166250890       -2.9513046974199932        1.0000000000000000E-004   1.0000000000000000E-004
   1158.4832799999999        285.80583828565159        3.1473348042395663E-003  -2.4058784439048084       -2.9584678795106494        1.0000000000000000E-004   1.0000000000000000E-004
   1133.0869100000000        285.77237827321386        3.2064601906813890E-003  -2.4229320158293328       -3.1436390571779325        1.0000000000000000E-004   1.0000000000000000E-004
   1107.6922600000000        285.76751616468101        3.2151628659434117E-003  -2.4524463749073004       -3.1477099090673542        1.0000000000000000E-004   1.0000000000000000E-004
   1082.3005400000000        285.73938295938171        3.2659449226486478E-003  -2.4972102411572523       -3.3409718114936546        1.0000000000000000E-004   1.0000000000000000E-004
   1056.9097899999999        285.73638269994927        3.2714069089598567E-003  -2.5292690407403673       -3.3420860654568787        1.0000000000000000E-004   1.0000000000000000E-004
   1031.5210000000000        285.71321804089035        3.3137168034265358E-003  -2.6023597588205343       -3.5355230262941468        1.0000000000000000E-004   1.0000000000000000E-004
   1006.1343400000000        285.71131357774635        3.3172055971765501E-003  -2.6365607758757266       -3.5338451737265113        1.0000000000000000E-004   1.0000000000000000E-004
   980.75000000000000        285.69273063730998        3.3511439164818171E-003  -2.7363062973856653       -3.7186580534420264        1.0000000000000000E-004   1.0000000000000000E-004
   955.36804199999995        285.69146454351954        3.3534457467745264E-003  -2.7724460488484759       -3.7144533761446947        1.0000000000000000E-004   1.0000000000000000E-004
   929.98846400000002        285.67701101583538        3.3794235976758952E-003  -2.8936457728344340       -3.8793918092634478        1.0000000000000000E-004   1.0000000000000000E-004
   904.61157200000002        285.67600712333615        3.3812005013382418E-003  -2.9322363974029106       -3.8738066974584475        1.0000000000000000E-004   1.0000000000000000E-004
   879.23742700000003        285.66528809421078        3.3997391245254543E-003  -3.0555760313527731       -3.9933085213676951        1.0000000000000000E-004   1.0000000000000000E-004
   853.86627199999998        285.66332831526012        3.4030183306368142E-003  -3.1034721524695286       -3.9949384442285978        1.0000000000000000E-004   1.0000000000000000E-004
   828.49829099999999        285.65769493644200        3.4121017934011285E-003  -3.1863268331118646       -4.0348171103466495        1.0000000000000000E-004   1.0000000000000000E-004
   803.13348399999995        285.65519329599658        3.4158835597821952E-003  -3.2555350422417444       -4.0532792918858993        1.0000000000000000E-004   1.0000000000000000E-004
   777.77227800000003        285.65313662627580        3.4187883766263164E-003  -3.3276978227472416       -4.0704367428798651        1.0000000000000000E-004   1.0000000000000000E-004
   752.41485599999999        285.65143753090086        3.4210098628024641E-003  -3.4000967417429679       -4.0841127727446773        1.0000000000000000E-004   1.0000000000000000E-004
   727.06133999999997        285.64991163886424        3.4228408823704561E-003  -3.4735141146183612       -4.0954629549091495        1.0000000000000000E-004   1.0000000000000000E-004
   701.71209699999997        285.64910507617469        3.4246127476603564E-003  -3.5505317756265899       -4.1061037634653523        9.1774250770902441E-002  0.18422111095336396     
   676.36755400000004        285.65656772547931        3.4309017546914305E-003  -3.6382595696916211       -4.1120413519138603        4.0507333914048080E-002   8.1255212313703890E-002
   651.02789299999995        285.69598078159112        3.4737525633821596E-003  -3.7997140420423081       -4.0779808312807715       0.47064735790487205       0.94516039981521294     
   625.69360400000005        285.73872815391957        3.5329237599056947E-003  -4.0417621432455295       -3.9579863384139768        1.3261007748988629        2.6632768640617179     
   600.36511199999995        285.76949122411798        3.5831704104097796E-003  -4.2820235743210153       -3.7929069462094378        2.5508157273508254        5.1230285275708285     
   575.04284700000005        285.79343267502696        3.6232049348844768E-003  -4.4832134982530105       -3.6220099471953984        4.0887918443336648        8.2119427199675918     
   549.72741699999995        285.81334718348916        3.6556005275389615E-003  -4.6422365562468384       -3.4623269278015028        5.8840763110440975        11.817642283862304     
   524.41943400000002        285.83071176172285        3.6825634337913980E-003  -4.7657133494562363       -3.3181897420172151        7.8807814563195313        15.827880898100892     
   499.11962899999997        285.84640493504287        3.7056346904232864E-003  -4.8611622679948336       -3.1892880617322432        10.023087987503157        20.130549574746613     
   473.82891799999999        285.86102070513999        3.7258695619318497E-003  -4.9348125086679655       -3.0738948460307380        12.255250996388870        24.613688721570991     
   448.54824800000000        285.87500804819541        3.7440049864881360E-003  -4.9914069765868350       -2.9700337375401453        14.521629455307060        29.165547382801588     
   423.27871699999997        285.88873949143306        3.7605717859858887E-003  -5.0344621733322041       -2.8758678139042928        16.766695972085362        33.674602831235653     
   398.02175899999997        285.90254956422319        3.7759661390364542E-003  -5.0665652088660345       -2.7898013817059373        18.935045022186276        38.029577101858607     
   372.77890000000002        285.91675998944874        3.7904955183831589E-003  -5.0896132138200096       -2.7104793507511737        20.971446220122107        42.119543983619302     
   347.55215500000003        285.93169948363766        3.8044091969788182E-003  -5.1049877093002314       -2.6367541426373942        22.820851967495628        45.833944379900764     
   322.34393299999999        285.94772247609183        3.8179196248636317E-003  -5.1136757013878960       -2.5676448450284304        24.428461976825389        49.062715899916746     
   297.15716600000002        285.96523005020754        3.8312186322534110E-003  -5.1163499557096683       -2.5022974126233688        25.739786092125893        51.696419029233383     
   271.99560500000001        285.98469647460615        3.8444911608758467E-003  -5.1134172166073490       -2.4399472567530509        26.700726152818632        53.626401547397172     
   246.86404400000001        286.00670611915967        3.8579288257683665E-003  -5.1050388657109353       -2.3798830190743510        27.257705795573131        54.745059225401910     
   221.76879900000000        286.03200854699310        3.8717457496364239E-003  -5.0911235912469683       -2.3214076702269901        27.357853473705063        54.946203406681590     
   196.71839900000001        286.06160590614166        3.8862002118578006E-003  -5.0712845697857274       -2.2637913541649270        26.949285227164310        54.125628929830015     
   171.72468599999999        286.09690024769657        3.9016283530871505E-003  -5.0447419211113314       -2.2062048603491622        25.981552453300012        52.182013443240898     
   146.80502300000001        286.13995949984093        3.9185027393173495E-003  -5.0101252620054400       -2.1476115452526354        24.406409772918760        49.018459607527426     
   121.98595400000001        286.19403992251648        3.9375454663129706E-003  -4.9650674422468812       -2.0865666649733403        22.179196673665373        44.545270024543363     
   97.311340299999998        286.26473085376779        3.9599742276320701E-003  -4.9052974772557238       -2.0207904792011542        19.261621224254053        38.685538122329881     
   72.861091599999995        286.36287362086699        3.9881280079876518E-003  -4.8223109319151458       -1.9460975871513999        15.628062852322664        31.387806820002684     
   48.804748500000002        286.51388223572275        4.0274615022248741E-003  -4.6959113910622712       -1.8530257689918619        11.282867386272498        22.660804344362866     
   25.613332700000001        286.78634982759075        4.0922943884601918E-003  -4.4716383508082833       -1.7186204246914882        6.3257703024761822        12.704841997057873     
   10.000000000000000        287.42621115526265        4.2353955713122357E-003  -3.9492181024433344       -1.4598130491521000        2.5419688549364690        5.1053565846337925     
   1997.2254600000001        290.87213992496385        6.1862630953861473E-004  -4.6853509360222230       0.66266384217989915        1.0000000000000000E-004   1.0000000000000000E-004
   1971.7959000000001        290.85226446348491        6.4116303972985812E-004  -4.7023815436715122       0.61670775176887094        1.0000000000000000E-004   1.0000000000000000E-004
   1946.3670700000000        290.83138863633366        6.5981632148473621E-004  -4.7095024628612494       0.57325562227200244        1.0000000000000000E-004   1.0000000000000000E-004
   1920.9388400000000        290.80901798436543        6.7305232437766215E-004  -4.7122732167181711       0.53381195365967471        1.0000000000000000E-004   1.0000000000000000E-004
   1895.5111099999999        290.77462798816947        6.8450167746535650E-004  -4.7101526843526900       0.49895994973625757        1.0000000000000000E-004   1.0000000000000000E-004
   1870.0839800000001        290.70696208465682        6.9427659612219248E-004  -4.7019399254572392       0.46952115482923878        1.0000000000000000E-004   1.0000000000000000E-004
   1844.6575900000000        290.63374279086497        6.9795486413014622E-004  -4.6922109233848381       0.44498154388706046        1.0000000000000000E-004   1.0000000000000000E-004
   1819.2318100000000        290.55387456934420        6.9908777885125859E-004  -4.6814240380158152       0.42525501516343533        1.0000000000000000E-004   1.0000000000000000E-004
   1793.8067599999999        290.42512675815112        6.9946004946107396E-004  -4.6666989291935934       0.41145311992023431        1.0000000000000000E-004   1.0000000000000000E-004
   1768.3824500000001        290.17222613536478        6.9978273834194805E-004  -4.6459854533072837       0.40461499145421354        1.0000000000000000E-004   1.0000000000000000E-004
   1742.9588600000000        289.90863375342144        7.0122537374465207E-004  -4.6251497909630697       0.40196464798895815        1.0000000000000000E-004   1.0000000000000000E-004
   1717.5362500000001        289.64744030583330        7.0700101191605556E-004  -4.6047104081522967       0.40262777946198747        1.0000000000000000E-004   1.0000000000000000E-004
   1692.1140100000000        289.41259985334131        7.2128632713774172E-004  -4.5855426087829878       0.40551809511230036        1.0000000000000000E-004   1.0000000000000000E-004
   1666.6927499999999        289.22328696848598        7.4217224409106836E-004  -4.5685299375387434       0.40954960641055949        1.0000000000000000E-004   1.0000000000000000E-004
   1641.2723400000000        289.03639534504958        7.7108367303068629E-004  -4.5515162278370047       0.41533119776232591        1.0000000000000000E-004   1.0000000000000000E-004
   1615.8527799999999        288.84351680756333        8.0943101896225711E-004  -4.5338194048998810       0.42266759594353365        1.0000000000000000E-004   1.0000000000000000E-004
   1590.4340800000000        288.65254097577144        8.5543343214743303E-004  -4.5155286092197802       0.43087931036124166        1.0000000000000000E-004   1.0000000000000000E-004
   1565.0162399999999        288.47164874414818        9.0496740422349215E-004  -4.4968512540657866       0.43921464960540141        1.0000000000000000E-004   1.0000000000000000E-004
   1539.5992400000000        288.29552926414669        9.5977893741749096E-004  -4.4770675855507323       0.44738899317432423        1.0000000000000000E-004   1.0000000000000000E-004
   1514.1834699999999        288.11826382602663        1.0256491954721461E-003  -4.4559429507223873       0.45489929868291529        1.0000000000000000E-004   1.0000000000000000E-004
   1488.7685500000000        287.84470610112788        1.1524681161003329E-003  -4.4272746545771273       0.46342270246375433        1.0000000000000000E-004   1.0000000000000000E-004
   1463.3546100000001        287.34990479844669        1.4543253207193844E-003  -4.3903755404701332       0.47184312094403197        1.0000000000000000E-004   1.0000000000000000E-004
   1437.9417699999999        286.65824561383079        2.0322766527746785E-003  -4.3406787109001819       0.47923245237266554        1.0000000000000000E-004   1.0000000000000000E-004
   1412.5300299999999        286.26464448320144        2.4620477542037712E-003  -4.3107095582470132       0.47740429121788269        1.0000000000000000E-004   1.0000000000000000E-004
   1387.1193800000001        286.14977247837601        2.6105886599222979E-003  -4.2613992433004944       0.47153458412108817        1.0000000000000000E-004   1.0000000000000000E-004
   1361.7099599999999        286.08823219798671        2.6972118186479399E-003  -4.2689696307040430       0.45868562910079791        1.0000000000000000E-004   1.0000000000000000E-004
   1336.3018800000000        286.02557870838262        2.7899147349229481E-003  -4.1939517014672774       0.43871396746598335        1.0000000000000000E-004   1.0000000000000000E-004
   1310.8949000000000        285.98814193042381        2.8472303153334729E-003  -4.2139541757000369       0.42294217986144744        1.0000000000000000E-004   1.0000000000000000E-004
   1285.4893800000000        285.93488203718147        2.9312224499088678E-003  -4.1195923160527927       0.38261476044018500        1.0000000000000000E-004   1.0000000000000000E-004
   1260.0852100000000        285.91216211548436        2.9679459790961705E-003  -4.1472355451107372       0.36570519948935570        1.0000000000000000E-004   1.0000000000000000E-004
   1234.6824999999999        285.86627213359958        3.0455456929223607E-003  -4.0441027158816505       0.29984386490700854        1.0000000000000000E-004   1.0000000000000000E-004
   1209.2811300000001        285.85177138583902        3.0687853672522500E-003  -4.0713289810614386       0.28115451478583753        3.0259266181476001E-002   6.0179235629360006E-002
   1183.8813500000001        285.86720359930786        3.1631214058880277E-003  -3.9781651591655249       0.18262939246169207        3.9015058373679933E-002   7.7621348018640166E-002
   1158.4832799999999        286.09764332984804        3.3142016395615462E-003  -4.0173148831921628        7.2874871573829644E-002  0.31396312431561352       0.62533592652494352     
   1133.0869100000000        286.37004332102936        3.4595807045309504E-003  -4.0882005206720402       -9.2854867696489513E-002  0.83751562024212411        1.6682868388428667     
   1107.6922600000000        286.59448968369975        3.5675354680048958E-003  -4.2141504733587327      -0.22787712256043596        1.5920911184499638        3.1714507338807025     
   1082.3005400000000        286.77204473183838        3.6483817800092820E-003  -4.3491793594119832      -0.32844028975937334        2.5600644970741446        5.0997172189065134     
   1056.9097899999999        286.91417918375879        3.7109925692276461E-003  -4.4770968045508903      -0.39996916040621594        3.7239388915999925        7.4182313982429093     
   1031.5210000000000        287.03034326291004        3.7610956028784133E-003  -4.5928380807467404      -0.44952199526954001        5.0661163188171292        10.091936941133044     
   1006.1343400000000        287.12725000265448        3.8023342949789311E-003  -4.6956468547393735      -0.48292290297520291        6.5690300420563137        13.085839761976461     
   980.75000000000000        287.20959189279233        3.8370892188830320E-003  -4.7863454428422774      -0.50448223206745768        8.2151164875138338        16.364952075804222     
   955.36804199999995        287.28069230211315        3.8669681182397610E-003  -4.8662351248105713      -0.51729768536555465        9.9868266181544705        19.894315055840288     
   929.98846400000002        287.34295455523215        3.8930920333837171E-003  -4.9366637830154243      -0.52358939227397516        11.866624889708662        23.638996753779637     
   904.61157200000002        287.39815554828886        3.9162656120762364E-003  -4.9988677006516964      -0.52496003979542882        13.836961247219907        27.564036315069661     
   879.23742700000003        287.44763734467671        3.9370815171723018E-003  -5.0539257885209681      -0.52257920322035967        15.880312398855382        31.634526199052772     
   853.86627199999998        287.49243397511697        3.9559864142052602E-003  -5.1027584894065736      -0.51731055932223857        17.979150496873235        35.815549789393827     
   828.49829099999999        287.53335702563663        3.9733239467070946E-003  -5.1461430031268760      -0.50979938855188212        20.115962923265304        40.072220808380457     
   803.13348399999995        287.57105448872187        3.9893634355275594E-003  -5.1847326647062806      -0.50053302117850573        22.273264754212100        44.369708146938486     
   777.77227800000003        287.60605213779229        4.0043195473932784E-003  -5.2190759612034814      -0.48988320257184903        24.433547881226460        48.673134510598238     
   752.41485599999999        287.63878339388384        4.0183661844570848E-003  -5.2496335559056240      -0.47813600394468053        26.579339374621661        52.947692683364821     
   727.06133999999997        287.66961105123477        4.0316463834464524E-003  -5.2767925814553331      -0.46551315360061918        28.693187374698358        57.158617422034268     
   701.71209699999997        287.69884330777398        4.0442794811451173E-003  -5.3008782703246480      -0.45218767127730325        30.757637095335607        61.271137653761350     
   676.36755400000004        287.72674616550194        4.0563665516127993E-003  -5.3221637502098629      -0.43829519740318978        32.755249586060430        65.250513851335270     
   651.02789299999995        287.75355298108843        4.0679945117257062E-003  -5.3408777780497507      -0.42394229597091093        34.668627798235043        69.062089958747436     
   625.69360400000005        287.77947189549610        4.0792392377293667E-003  -5.3572109049590892      -0.40921289052742432        36.480375877903867        72.671212299847127     
   600.36511199999995        287.80469196209089        4.0901680758579874E-003  -5.3713203739126820      -0.39417289059968791        38.173132112955720        76.043295211263796     
   575.04284700000005        287.82938827238297        4.1008418758818376E-003  -5.3833339282325543      -0.37887381149268123        39.729566327390678        79.143815851611734     
   549.72741699999995        287.85372633869054        4.1113166626250679E-003  -5.3933526281042701      -0.36335553153315470        41.132373916224282        81.938302318614319     
   524.41943400000002        287.87786611992715        4.1216451090989106E-003  -5.4014528500944019      -0.34764835833453411        42.364292917029942        84.392367656743602     
   499.11962899999997        287.90196582198064        4.1318778550933190E-003  -5.4076874706136930      -0.33177456821567508        43.408104012189298        86.471709861691920     
   473.82891799999999        287.92618574088613        4.1420647726301369E-003  -5.4120862620379846      -0.31574970284959958        44.246637804323967        88.142126373497888     
   448.54824800000000        287.95069241083462        4.1522562664741145E-003  -5.4146554848175574      -0.29958327193153717        44.862791257048947        89.369546827612595     
   423.27871699999997        287.97566319262057        4.1625046339637799E-003  -5.4153765116678603      -0.28327936513082325        45.239534225051436        90.120046063229353     
   398.02175899999997        288.00129173746978        4.1728656239008498E-003  -5.4142032832798677      -0.26683713852066726        45.359923863046703        90.359872826840672     
   372.77890000000002        288.02779482634844        4.1834003352898518E-003  -5.4110583685879519      -0.25025067520277733        45.207127918044137        90.055496171974042     
   347.55215500000003        288.05542112881454        4.1941775849678922E-003  -5.4058270301819098      -0.23350903987254679        44.764449149856503        89.173654106391282     
   322.34393299999999        288.08446300310891        4.2052770592283760E-003  -5.3983485075378645      -0.21659574233581530        44.015362698808183        87.681428031004558     
   297.15716600000002        288.11527286540041        4.2167936435697122E-003  -5.3884032665730670      -0.19948788686513591        42.943561826218797        85.546333857880910     
   271.99560500000001        288.14828656409475        4.2288435592461697E-003  -5.3756940506176161      -0.18215485740837106        41.533028748671562        82.736463116679715     
   246.86404400000001        288.18405809403220        4.2415734493786101E-003  -5.3598171255290863      -0.16455624432939825        39.768130716888550        79.220674349996983     
   221.76879900000000        288.22331308534478        4.2551743486013635E-003  -5.3402173953929175      -0.14663858039184896        37.633767988728891        74.968887885149613     
   196.71839900000001        288.26703499293257        4.2699041717778807E-003  -5.3161153894401574      -0.12832995386830126        35.115600094861556        69.952536570036202     
   171.72468599999999        288.31661139582724        4.2861258668445232E-003  -5.2863827311591711      -0.10953140768869003        32.200405500358158        64.145282242301818     
   146.80502300000001        288.37409880643423        4.3043764660409649E-003  -5.2493156277949504       -9.0101601475614745E-002   28.876731171334765        57.524309708091359     
   121.98595400000001        288.44274310600241        4.3255028144692231E-003  -5.2021887214603275       -6.9827611266110687E-002   25.136036578512325        50.072605671143194     
   97.311340299999998        288.52811881705225        4.3509587473655022E-003  -5.1402758198238780       -4.8364329214272125E-002   20.975078849968888        41.783710111295669     
   72.861091599999995        288.64102859483086        4.3835615932117664E-003  -5.0543516072875851       -2.5087696906541085E-002   16.401360630821515        32.672568773211019     
   48.804748500000002        288.80672880873078        4.4298992196403512E-003  -4.9227195311799283        1.3389521091353718E-003   11.448336581682392        22.805825494327589     
   25.613332700000001        289.09207188122821        4.5072521719142292E-003  -4.6870436266981805        3.3115977896678098E-002   6.2340091141363683        12.418548697180674     
   10.000000000000000        289.73372990900936        4.6776095044586330E-003  -4.1374371260539116        7.5961408902753505E-002   2.4737831275255884        4.9279357471497720     
   1997.2254600000001        290.86987898508630        6.2117532080596509E-004  -8.4856063587157973       0.88014880544387764       0.18595123871508507        2.5824802608980266E-003
   1971.7959000000001        290.85227094391672        6.4089721492087079E-004  -8.4819923296603452       0.85409488411675583       0.18595123871508507        2.5824802608980266E-003
   1946.3670700000000        290.83154798622371        6.5938661985726640E-004  -8.4744562643356769       0.81542931459275036       0.38427960767092373        1.0291284077401205E-002
   1920.9388400000000        290.80933474698207        6.7269535707894070E-004  -8.4653302861971174       0.77405092483384408       0.43860217456665557        1.2667611307613720E-002
   1895.5111099999999        290.77489272404245        6.8434110556559369E-004  -8.4548789897443530       0.73141098783347169       0.39361831209670517        7.7876913722480373E-003
   1870.0839800000001        290.70711722139527        6.9423337884141174E-004  -8.4433489388259488       0.68923856089223123       0.29189205778476468        2.8600813296492662E-003
   1844.6575900000000        290.63379910808652        6.9794618925060983E-004  -8.4343737502867189       0.65414207797185897       0.19983179308990015        1.2283338205065410E-003
   1819.2318100000000        290.55383522070093        6.9908607269417720E-004  -8.4292912898772805       0.62662861971498651       0.11844158694676198        3.9311403370594544E-004
   1793.8067599999999        290.42495018199190        6.9945995299861756E-004  -8.4270149672332000       0.60624428511962125        5.2170892163974122E-002   5.6801882282772700E-005
   1768.3824500000001        290.17220913020878        6.9978440805942182E-004  -8.4271710207965054       0.59647327691464558        8.7882279561317805E-003   1.0893538012174786E-006
   1742.9588600000000        289.90863604758141        7.0123182902403179E-004  -8.4311180672242845       0.59154050426210703        3.6949704707588123E-003   1.8239885097384442E-007
   1717.5362500000001        289.64747803405641        7.0701370944313948E-004  -8.4383201480102912       0.58937462076355096        5.3845489993032351E-003   3.7907550747933132E-007
   1692.1140100000000        289.41266574162825        7.2129630905837000E-004  -8.4484571104433428       0.58854873558447407        1.0614825112656516E-002   1.5177756064360514E-006
   1666.6927499999999        289.22328882257773        7.4218446965892786E-004  -8.4611275211067003       0.58780221507179187        1.8802091068005605E-002   5.1875587292440097E-006
   1641.2723400000000        289.03638438013115        7.7109817318715332E-004  -8.4755394921798768       0.58907245434046307        2.5154007708569150E-002   9.1170642465982361E-006
   1615.8527799999999        288.84351736989953        8.0944305414016953E-004  -8.4911110991992942       0.59273745139717915        3.0979564152814790E-002   1.3267260744797043E-005
   1590.4340800000000        288.65255392145377        8.5543937980832698E-004  -8.5073519732811160       0.59831427808883975        3.6708095744565065E-002   1.8242794789202550E-005
   1565.0162399999999        288.47165420954059        9.0497596199581463E-004  -8.5238028024328223       0.60524753169665679        4.1711274922869385E-002   2.3581372372556096E-005
   1539.5992400000000        288.29552619622416        9.5979627411131075E-004  -8.5398427496416751       0.61386285799432305        4.5010364450718973E-002   2.7092914112375137E-005
   1514.1834699999999        288.11811502653137        1.0257431027655872E-003  -8.5549550971880421       0.62451020404687663        4.7334831951162337E-002   2.9048879738927706E-005
   1488.7685500000000        287.84436999983166        1.1527440859973712E-003  -8.5693268821206363       0.63675274073253874        4.0806602861742092E-002   1.6809903679498041E-005
   1463.3546100000001        287.76301022670344        3.5989750368213874E-003  -8.7630900506552170       0.32351163473517153        20.801187149841759        10.044219756694423     
   1437.9417699999999        287.76388746527294        3.6035249569820148E-003  -8.7643783463798481       0.32244354864063179        64.182989750922161        67.292147887358155     
   1412.5300299999999        287.77714657101103        3.6590385149166179E-003  -8.7704244874016322       0.31355934515963224        236.75058752967436        254.76297868153398     
   1387.1193800000001        287.78045852875374        3.6705411956749899E-003  -8.7723337270525636       0.31174733654245423        125.49605004831636        130.18430829409388     
   1361.7099599999999        287.78686533929778        3.6898455236181451E-003  -8.7750932987918784       0.30890814951216655        172.79090568820186        179.56492641091805     
   1336.3018800000000        287.79420125748197        3.7093184156175877E-003  -8.7779466541313784       0.30622358481094736        184.72127437557137        191.24756526366852     
   1310.8949000000000        287.80170088981481        3.7270691419288913E-003  -8.7806794613717560       0.30396151505268465        186.68119619471773        192.44013365248762     
   1285.4893800000000        287.80944052823486        3.7435821376797474E-003  -8.7833286566935840       0.30204817220025115        189.15865277684662        194.31368407735371     
   1260.0852100000000        287.81748084468217        3.7591959193035086E-003  -8.7859188832926272       0.30043633916583606        191.97537965223250        196.64144557391160     
   1234.6824999999999        287.82585138984615        3.7741174395229948E-003  -8.7884618720507586       0.29910001312608059        194.76060945412434        199.01279530871196     
   1209.2811300000001        287.83456418538617        3.7884817259719299E-003  -8.7909620939669839       0.29802450483859522        197.31392081723993        201.20666829743266     
   1183.8813500000001        287.84362128120961        3.8023823877983845E-003  -8.7934196434081855       0.29720156052559005        199.52707289455316        203.10359238470579     
   1158.4832799999999        287.85301894256031        3.8158877847551276E-003  -8.7958317784266296       0.29662670928562407        201.34265752573160        204.63995360774524     
   1133.0869100000000        287.86275012287666        3.8290501660124122E-003  -8.7981938362850354       0.29629782792167297        202.73262388395773        205.78428645475248     
   1107.6922600000000        287.87280576115830        3.8419108161589369E-003  -8.8004996782868155       0.29621442183343372        203.68812504124983        206.52585718826657     
   1082.3005400000000        287.88317644036169        3.8545043341551431E-003  -8.8027420792917415       0.29637694039844320        204.20008659763275        206.85411560950109     
   1056.9097899999999        287.89385240561802        3.8668599438927121E-003  -8.8049129223050926       0.29678669071438407        204.28298449930125        206.78300793073876     
   1031.5210000000000        287.90482418934010        3.8790031953219273E-003  -8.8070031618707656       0.29744554258650535        203.94288801332641        206.31743951606481     
   1006.1343400000000        287.91608282067926        3.8909568797155969E-003  -8.8090029512567209       0.29835588278550174        203.19079376082342        205.46711612891420     
   980.75000000000000        287.92762021187951        3.9027419076034351E-003  -8.8109016161889748       0.29952058143374366        202.04062247172766        204.24417143228382     
   955.36804199999995        287.93942923540197        3.9143777222231694E-003  -8.8126876320386422       0.30094294840841745        200.50699110076502        202.66093681290695     
   929.98846400000002        287.95150371841169        3.9258825596027915E-003  -8.8143484788527680       0.30262676439260311        198.60567682328414        200.73045865560627     
   904.61157200000002        287.96383854570189        3.9372737679948793E-003  -8.8158706015780073       0.30457635107143044        196.35054104222743        198.46362638031707     
   879.23742700000003        287.97642963993405        3.9485679674579185E-003  -8.8172392727416629       0.30679648886541899        193.75626181001954        195.87200621320585     
   853.86627199999998        287.98927400281536        3.9597812403926909E-003  -8.8184383448859673       0.30929251670520985        190.83594611238021        192.96566065560782     
   828.49829099999999        288.00236976111779        3.9709293051394794E-003  -8.8194502079134907       0.31207043420973463        187.60132682884901        189.75358451785925     
   803.13348399999995        288.01571606265941        3.9820275463000642E-003  -8.8202554574519034       0.31513680688455936        184.06469352697431        186.24553500599930     
   777.77227800000003        288.02931315399297        3.9930911977533136E-003  -8.8208326799845214       0.31849894386328836        180.23529358285029        182.44859300169759     
   752.41485599999999        288.04316241822630        4.0041354815373263E-003  -8.8211581713942113       0.32216486801439270        176.12242368672540        178.37015761996574     
   727.06133999999997        288.05726636301449        4.0151757020086259E-003  -8.8212055067188686       0.32614349249581726        171.73547743388161        174.01809473914597     
   701.71209699999997        288.07162865445986        4.0262273812626684E-003  -8.8209452156734169       0.33044456641980058        167.08287350903464        169.39944688660336     
   676.36755400000004        288.08625429480099        4.0373065074125105E-003  -8.8203441424328286       0.33507891179357269        162.17246790775448        164.52094181460944     
   651.02789299999995        288.10114965789671        4.0484296751326599E-003  -8.8193649077692644       0.34005852110844748        157.01365724925446        159.39103572217658     
   625.69360400000005        288.11632264262488        4.0596143282793928E-003  -8.8179650932013498       0.34539661852918946        151.61516440726774        154.01755935545137     
   600.36511199999995        288.13178282955772        4.0708790201865065E-003  -8.8160962619223469       0.35110794502964360        145.98636521321649        148.40914148288698     
   575.04284700000005        288.14754163986072        4.0822436984391912E-003  -8.8137027943512276       0.35720893709510770        140.13766306715365        142.57549151470903     
   549.72741699999995        288.16361256984732        4.0937300791841734E-003  -8.8107204305019824       0.36371794362218296        134.07982591897928        136.52667977218951     
   524.41943400000002        288.18001145090528        4.1053620866237711E-003  -8.8070743037185490       0.37065551137793173        127.82482502112636        130.27400661582044     
   499.11962899999997        288.19675676021825        4.1171663951672152E-003  -8.8026765921183046       0.37804482337142070        121.38582334563638        123.82997120535380     
   473.82891799999999        288.21387007014692        4.1291731633036968E-003  -8.7974233851824888       0.38591204745530155        114.77707210531305        117.20809229435331     
   448.54824800000000        288.23137657316437        4.1414169525794487E-003  -8.7911905411570181       0.39428697834998722        108.01461119127612        110.42367297640952     
   423.27871699999997        288.24930568011587        4.1539378890222732E-003  -8.7838282772449858       0.40320365658132618        101.11644488475231        103.49392055505446     
   398.02175899999997        288.26769189876637        4.1667832994150937E-003  -8.7751537246240243       0.41270126370906535        94.102191857339889        96.437581402124380     
   372.77890000000002        288.28657582537835        4.1800098406440172E-003  -8.7649408113280600       0.42282522349657059        86.994328449275486        89.276213231099106     
   347.55215500000003        288.30600551340785        4.1936865218468759E-003  -8.7529059181693629       0.43362863198496560        79.817754829723938        82.033714805812551     
   322.34393299999999        288.32603823772087        4.2078989833273482E-003  -8.7386873367331042       0.44517416355693995        72.600551022666963        74.737094948331432     
   297.15716600000002        288.34674277163185        4.2227557064418962E-003  -8.7218149035343320       0.45753662192632671        65.374602949506311        67.417120889362906     
   271.99560500000001        288.36820239676814        4.2383973420065599E-003  -8.7016639429056539       0.47080632108230797        58.176027271949039        60.108737258345919     
   246.86404400000001        288.39051884354251        4.2550111780440955E-003  -8.6773827592704595       0.48509389096558042        51.046119716006004        52.852070763341054     
   221.76879900000000        288.41381741334897        4.2728545235515888E-003  -8.6477739653129326       0.50053695032895695        44.032361589528200        45.693489028012415     
   196.71839900000001        288.43825339256159        4.2922943826371454E-003  -8.6110905778387572       0.51730955549157809        37.189783237212879        38.687071418732117     
   171.72468599999999        288.46401897660576        4.3138787086621014E-003  -8.5646648045777543       0.53563609268473900        30.582941692061578        31.896796402140051     
   146.80502300000001        288.49134735563786        4.3384744131431310E-003  -8.5041808593476169       0.55581074178450096        24.288219655322262        25.399170761857082     
   121.98595400000001        288.52049911505128        4.3675607377435107E-003  -8.4221120284090158       0.57822341250051790        18.397430342633346        19.287522456410223     
   97.311340299999998        288.55166962357299        4.4039367886629967E-003  -8.3039172098211296       0.60338184472526457        13.022304016805625        13.677814609654057     
   72.861091599999995        288.58451687530015        4.4537491538954891E-003  -8.1170492058767714       0.63184404354473234        8.2998256460185065        8.7167864358395839     
   48.804748500000002        288.61532945924569        4.5337672291875753E-003  -7.7708977818426312       0.66331204646594533        4.3908974266935532        4.5866067465290579     
   25.613332700000001        288.61376390067028        4.6722799429683203E-003  -7.0843743858766546       0.68253848359513702        2.0028829925545928        2.0441831461796793     
   10.000000000000000        288.42443157901863        5.0402858211383191E-003  -5.1340709835963363       0.62483272123648992       0.66429997203434932       0.61456705555110447     
   1997.2254600000001        290.86898451663575        6.2216756134054097E-004  -11.217575192460654       -2.3093760213345811       0.12216171826178167        1.0816831457036806E-003
   1971.7959000000001        290.85111666987541        6.4180788366634289E-004  -11.215853985066071       -2.3305608613580056       0.12216171826178167        1.0816831457036806E-003
   1946.3670700000000        290.83079143990858        6.5938260239809389E-004  -11.210408506266740       -2.3618727409812332       0.25681117877758869        4.5231638415912196E-003
   1920.9388400000000        290.80892885648143        6.7223632194206556E-004  -11.202724312444444       -2.3965726322050167       0.31551511011332489        6.4660522321572508E-003
   1895.5111099999999        290.77484211127478        6.8382319727056627E-004  -11.192772197838069       -2.4349276848692947       0.32469203206651109        5.2651213955737805E-003
   1870.0839800000001        290.70763520450998        6.9393728849988993E-004  -11.180611043438027       -2.4776476533976473       0.30219158080787262        3.0845582521188061E-003
   1844.6575900000000        290.63442616564186        6.9785184958441257E-004  -11.168642050971517       -2.5204859236572883       0.29828167443505638        2.7901918808137336E-003
   1819.2318100000000        290.55434221175420        6.9906524428634605E-004  -11.158290753573787       -2.5633998499548545       0.28875290274115600        2.4201119950796046E-003
   1793.8067599999999        290.42526498745815        6.9945764036931748E-004  -11.151080777690124       -2.6096596449823206       0.26455155176653361        1.5322399548435234E-003
   1768.3824500000001        290.17220912555592        6.9978783184610860E-004  -11.151625818059109       -2.6625085805496642       0.24894625510162333        9.2734929847547193E-004
   1742.9588600000000        289.90817028559940        7.0125575389082912E-004  -11.165045474005781       -2.7177658106909384       0.28847579347304653        1.1897383561843505E-003
   1717.5362500000001        289.64647345551492        7.0712453320978161E-004  -11.189355151805232       -2.7752481881812052       0.35618849720778251        1.7844849494537639E-003
   1692.1140100000000        289.41104152329871        7.2158904888616651E-004  -11.220551747960762       -2.8348580047647269       0.44450288351906031        2.8788700589483193E-003
   1666.6927499999999        289.22075809244330        7.4275194895016968E-004  -11.256390979358510       -2.8953988822408561       0.54958472791091462        4.8258092711057927E-003
   1641.2723400000000        289.03274895032433        7.7210993321522915E-004  -11.297843653167618       -2.9577812232668976       0.63950278804273042        6.4355537209969107E-003
   1615.8527799999999        288.83856841459425        8.1111108422171629E-004  -11.345875537519071       -3.0209462017083446       0.72178400889130523        7.8779143623252945E-003
   1590.4340800000000        288.64573063347814        8.5937987816810959E-004  -11.400986387812315       -3.0826903813575797       0.80476419497338381        9.6026356069155976E-003
   1565.0162399999999        288.45915939359924        9.3800066416073729E-004  -11.463432459450802       -3.1408389998936723       0.88805606259247016        1.1620148396174441E-002
   1539.5992400000000        288.25566355231672        1.3118204165654670E-003  -11.534563075697546       -3.1945640393241259       0.95046217388710330        1.2396147560562487E-002
   1514.1834699999999        288.06779481377328        3.4242715330370177E-003  -11.612161701216376       -3.2407283403997282        1.0359071792007573        1.4999499030248421E-002
   1488.7685500000000        288.06071466019228        3.8055190465953650E-003  -11.663160732491850       -3.2637139114644045        1.8328888151799705       0.27458209631011837     
   1463.3546100000001        288.06044056876743        3.8367581663929199E-003  -11.697715158889963       -3.2750609360539560        2.9824516774673535        2.9090117220212628     
   1437.9417699999999        288.06044688207243        3.8470415276407733E-003  -11.721781771330889       -3.2804766837364019        4.4781560962665967        8.9640378855754808     
   1412.5300299999999        288.06051577697679        3.8540515258892291E-003  -11.738245322038775       -3.2827779382309155        7.5076630428972440        13.227251042259066     
   1387.1193800000001        288.06062167035248        3.8596521167558536E-003  -11.752059812439981       -3.2837212390198887        10.227000664354156        16.591469406799217     
   1361.7099599999999        288.06075625087448        3.8644817896232126E-003  -11.764799518938148       -3.2838052340694319        12.436292039459339        19.217774098389111     
   1336.3018800000000        288.06091534369682        3.8688158444029931E-003  -11.777066156314048       -3.2832158293023923        14.244587066354663        21.330321238345466     
   1310.8949000000000        288.06109622969097        3.8727969941033235E-003  -11.789132849518422       -3.2820386055821622        15.757952623678790        23.081116868520795     
   1285.4893800000000        288.06129687243231        3.8765094025486001E-003  -11.801137257205976       -3.2803185645732196        17.049319496009360        24.563513254752863     
   1260.0852100000000        288.06151561865158        3.8800074379339126E-003  -11.813152631304860       -3.2780813721624411        18.167309486479898        25.836653490248505     
   1234.6824999999999        288.06175105851736        3.8833286859848840E-003  -11.825218204065568       -3.2753424096610071        19.144804248900620        26.939400508284162     
   1209.2811300000001        288.06200194717621        3.8865004880520191E-003  -11.837353929703646       -3.2721110217720657        20.004548901645773        27.898417029478662     
   1183.8813500000001        288.06226715946548        3.8895435737892393E-003  -11.849568196468876       -3.2683927801158812        20.762519076659867        28.732320535863298     
   1158.4832799999999        288.06254566061085        3.8924742001527264E-003  -11.861862162699538       -3.2641907348477632        21.430176975989614        29.454526342872345     
   1133.0869100000000        288.06283648578392        3.8953054763294814E-003  -11.874232343314203       -3.2595060628433892        22.015856847132596        30.074937645527868     
   1107.6922600000000        288.06313871758755        3.8980481573107823E-003  -11.886671909816348       -3.2543386103158332        22.525796062896958        30.601213156430134     
   1082.3005400000000        288.06345149363995        3.9007114096135183E-003  -11.899172101052770       -3.2486868938399742        22.963865469643903        31.037682192236332     
   1056.9097899999999        288.06377397825202        3.9033030316905251E-003  -11.911722613122135       -3.2425482984980252        23.333904460233953        31.389734793761654     
   1031.5210000000000        288.06410535913375        3.9058297954006871E-003  -11.924311670670919       -3.2359192896003370        23.637974236224860        31.659916404091796     
   1006.1343400000000        288.06444483769383        3.9082976503763125E-003  -11.936926349548882       -3.2287952391826975        23.877506153016537        31.850286346388408     
   980.75000000000000        288.06479162782142        3.9107119260006441E-003  -11.949552855263445       -3.2211703712708482        24.053498100871739        31.962443258543374     
   955.36804199999995        288.06514494765895        3.9130774422662879E-003  -11.962176453124425       -3.2130376120571227        24.166469527813970        31.997442540208787     
   929.98846400000002        288.06550401011549        3.9153985900777779E-003  -11.974781370353620       -3.2043884353022403        24.216622464939917        31.956052360689075     
   904.61157200000002        288.06586801723961        3.9176794233169625E-003  -11.987350635662262       -3.1952126762677855        24.203738041363739        31.838458281961024     
   879.23742700000003        288.06623615063165        3.9199237153947127E-003  -11.999865940508956       -3.1854982157105427        24.127435096283925        31.644789894582743     
   853.86627199999998        288.06660756294298        3.9221350199968551E-003  -12.012307366963963       -3.1752306803066612        23.987075416172850        31.374858054735409     
   828.49829099999999        288.06698136797070        3.9243167252165090E-003  -12.024653076381071       -3.1643929134222506        23.781805825422847        31.028273558441768     
   803.13348399999995        288.06735662415008        3.9264720763115485E-003  -12.036878820223828       -3.1529645111006563        23.510754484029622        30.604768392616663     
   777.77227800000003        288.06773232097055        3.9286042298801753E-003  -12.048957407359948       -3.1409211236164247        23.172718088446640        30.103655240990168     
   752.41485599999999        288.06810735975284        3.9307162947575759E-003  -12.060858049384132       -3.1282334194048524        22.766417575201363        29.524329756232358     
   727.06133999999997        288.06848052764002        3.9328113628224045E-003  -12.072545416736832       -3.1148660783371742        22.290539131355079        28.866287152108196     
   701.71209699999997        288.06885046594851        3.9348925477900795E-003  -12.083978422397687       -3.1007761106449219        21.743536292500245        28.128911513111028     
   676.36755400000004        288.06921563288313        3.9369630465031138E-003  -12.095108727015973       -3.0859108608149048        21.123693752807426        27.311545089786662     
   651.02789299999995        288.06957424871382        3.9390261774200630E-003  -12.105878579566943       -3.0702050642162511        20.429283819189454        26.413883660186972     
   625.69360400000005        288.06992422726057        3.9410854481619255E-003  -12.116217962180233       -3.0535770017595749        19.658309381878109        25.435575192817250     
   600.36511199999995        288.07026308184152        3.9431446296520952E-003  -12.126040493492418       -3.0359228082468150        18.808623586687265        24.376536392608802     
   575.04284700000005        288.07058779540648        3.9452078452414767E-003  -12.135237543921262       -3.0171085129057813        17.877958216941543        23.237045795413234     
   549.72741699999995        288.07089463945249        3.9472796889187178E-003  -12.143669563994134       -2.9969578980875715        16.863845494278671        22.017732719776514     
   524.41943400000002        288.07117891364965        3.9493653715300722E-003  -12.151152747257926       -2.9752341177802157        15.763802766286469        20.719820471294206     
   499.11962899999997        288.07143456411040        3.9514709109705554E-003  -12.157437823134227       -2.9516106669213786        14.575512370020656        19.345143574246087     
   473.82891799999999        288.07165361137078        3.9536034039702244E-003  -12.162174752653707       -2.9256235073504109        13.297099911193065        17.895691089275743     
   448.54824800000000        288.07182526865751        3.9557714879756289E-003  -12.164851413228009       -2.8965890665548475        11.927058918078043        16.370923945937832     
   423.27871699999997        288.07193453893086        3.9579866618877982E-003  -12.164680157030366       -2.8634518423107638        10.458726117090308        14.752023464563926     
   398.02175899999997        288.07195974213272        3.9602708384152158E-003  -12.160363270057131       -2.8244305661191302        8.8104476004931858        12.862329828572454     
   372.77890000000002        288.07185541522733        3.9629456511828627E-003  -12.149135507763260       -2.7746260547805837        7.6362894304425435        9.3121430471562050     
   347.55215500000003        288.07149220479556        3.9664124796014695E-003  -12.129352837003770       -2.7170404929614187        6.9550101739553707        6.6741915610444593     
   322.34393299999999        288.07065756947890        3.9707862583998046E-003  -12.099215623577757       -2.6522845152284873        6.5414122257928273        5.0143489339793570     
   297.15716600000002        288.06900242868693        3.9762475088533306E-003  -12.056600332878888       -2.5802855401335014        6.2733148834209667        3.9068187954498086     
   271.99560500000001        288.06596443632748        3.9830087032158576E-003  -11.999282527171435       -2.5011447857237532        6.0267556793735340        3.0833577969856019     
   246.86404400000001        288.06058999954917        3.9914029701510452E-003  -11.924464327627849       -2.4145977711050568        5.7744464438599268        2.4440785009212349     
   221.76879900000000        288.05087212881091        4.0022911248979564E-003  -11.826049991751004       -2.3177432628553274        5.6570278064606034        2.0076977957321480     
   196.71839900000001        288.03479681418452        4.0154905015436348E-003  -11.707683468109764       -2.2172578751665961        4.9285278641698591        1.3917033301958912     
   171.72468599999999        288.00281024783129        4.0346527668612617E-003  -11.543675861359885       -2.0970030470742498        5.0555539268384004        1.2377711984335655     
   146.80502300000001        287.94450100053206        4.0601013102646733E-003  -11.343504495137498       -1.9696671058145010        4.1778636993961618       0.77992059079083298     
   121.98595400000001        287.81868773278501        4.0994191955764508E-003  -11.068707557480964       -1.8186554025873336        3.7874512132064986       0.57277418936924684     
   97.311340299999998        287.52654673058856        4.1624492230974350E-003  -10.693169588697284       -1.6418395913471222        3.0442397691927479       0.34771026608975375     
   72.861091599999995        286.72893628697506        4.2731066990230916E-003  -10.125964111974286       -1.4171798973621839        2.3765173762549430       0.21359770640209630     
   48.804748500000002        284.54048803821445        4.4427724131630491E-003  -9.2078895121804099       -1.1210608312463437        1.5933452928757827       0.13053655571552297     
   25.613332700000001        282.59866380297126        4.4991831473384673E-003  -7.9634835013511998      -0.81516730356241551        1.2157235335580039       0.25417108547121864     
   10.000000000000000        281.27981092380503        4.5016203534518082E-003  -5.5907743685796358      -0.40177851213625526       0.60628258055187345       0.41954885678761478     
   1997.2254600000001        290.86818306946731        6.2304015790541297E-004  -11.394908676967145       -6.9165814097397176       0.10461473534405810        7.7838212568945037E-004
   1971.7959000000001        290.84991488268247        6.4273216746743838E-004  -11.388723005566918       -6.9353204813040552       0.10461473534405810        7.7838212568945037E-004
   1946.3670700000000        290.82964262873662        6.5961023624627583E-004  -11.376560836699575       -6.9641815557410220       0.24995749190732849        4.2837747520085298E-003
   1920.9388400000000        290.80768245274152        6.7199450046644593E-004  -11.361065721264549       -6.9977751937720019       0.34006621406298482        7.5303268728599123E-003
   1895.5111099999999        290.77338557174812        6.8331217623821266E-004  -11.342166947772487       -7.0372176762073639       0.39152863510130109        7.7199031783040141E-003
   1870.0839800000001        290.70651818072736        6.9347595668603956E-004  -11.319852124826090       -7.0843518937028955       0.41332418661758918        5.8857844246968738E-003
   1844.6575900000000        290.63318963951809        6.9761624601287757E-004  -11.297319346754131       -7.1355071429987627       0.46401292292227331        6.9102223473749037E-003
   1819.2318100000000        290.55234234463450        6.9897352351210972E-004  -11.275731525028945       -7.1908437635441924       0.51098637633054489        7.7751103731603819E-003
   1793.8067599999999        290.42225347416701        6.9944409664509776E-004  -11.254853128771726       -7.2540888375595669       0.52333183321362586        6.1700394712719793E-003
   1768.3824500000001        290.16949230108497        6.9986291987654103E-004  -11.235402354223210       -7.3282070210831760       0.51494514989834417        4.0899614408356931E-003
   1742.9588600000000        289.90496055596162        7.0160118587858915E-004  -11.220804715148905       -7.4063845486528992       0.55509927295910644        4.5235121760452846E-003
   1717.5362500000001        289.64310563361812        7.0805806253354075E-004  -11.212036174934170       -7.4874515699870345       0.59990942000456238        5.1780764907523695E-003
   1692.1140100000000        289.40785269660796        7.2302139446031935E-004  -11.209694218895049       -7.5694858089598362       0.65465520619328044        6.3626449080770109E-003
   1666.6927499999999        289.21683892204697        7.4449860752376059E-004  -11.213885743868987       -7.6504290968595985       0.72202616560533439        8.4309136975683346E-003
   1641.2723400000000        289.02863101970763        7.7428421602168413E-004  -11.224739519415365       -7.7320608517433183       0.76816599394524387        9.3719860624760839E-003
   1615.8527799999999        288.83470596783695        8.1456469283588148E-004  -11.242590657482884       -7.8142024485940480       0.80749007262038541        9.9271252386322756E-003
   1590.4340800000000        288.64216436817588        8.7447740209345643E-004  -11.267630860722402       -7.8955404651836778       0.85004764903742014        1.0755055840181611E-002
   1565.0162399999999        288.45511884607828        1.0333462886149896E-003  -11.300002391826421       -7.9748916957738807       0.89452049525229782        1.1779117873937374E-002
   1539.5992400000000        288.25317732450543        1.7283338003712123E-003  -11.340550211277002       -8.0525771266817365       0.92294968500266161        1.1717723936413637E-002
   1514.1834699999999        288.08182690440850        3.6256515015119107E-003  -11.387893173492897       -8.1245647613006060       0.98783583879216441        1.4282317735283628E-002
   1488.7685500000000        288.07017583895453        3.7856906483715747E-003  -11.424516727856005       -8.1686871616809693        1.5566662488130671       0.15030641801546082     
   1463.3546100000001        288.06769329516760        3.8253527974946295E-003  -11.457718191358264       -8.2009099904391434        2.0323129217430216       0.56520527903752960     
   1437.9417699999999        288.06670641462239        3.8434228598493692E-003  -11.490028325382417       -8.2264865348241454        2.4120510916318434        1.1907501072734739     
   1412.5300299999999        288.06619085489996        3.8541883495748054E-003  -11.522135922820052       -8.2473334880622389        2.7488392735155376        1.9397152420867882     
   1387.1193800000001        288.06588025772930        3.8615722220871561E-003  -11.554227292648580       -8.2644081594141259        3.0663668754048472        2.7601440324459570     
   1361.7099599999999        288.06567624549672        3.8670905334959745E-003  -11.586329005066643       -8.2782966451831470        3.3731618912928498        3.6145686214974102     
   1336.3018800000000        288.06553402314063        3.8714639237051340E-003  -11.618440154014257       -8.2894140779443912        3.6748923870549079        4.4776170923901528     
   1310.8949000000000        288.06543041194101        3.8750782664051463E-003  -11.650534633291725       -8.2980641748927546        3.9699948012811794        5.3232289715931227     
   1285.4893800000000        288.06535204225429        3.8781652764340287E-003  -11.682621007311264       -8.3044897266411937        4.2616480069638403        6.1389196553787775     
   1260.0852100000000        288.06529072361053        3.8808698955479712E-003  -11.714703506037861       -8.3088772007505511        4.5460492683508784        6.9059874891021735     
   1234.6824999999999        288.06524105778868        3.8832898507271635E-003  -11.746807424115083       -8.3113741191524628        4.8225752860641986        7.6144717422305055     
   1209.2811300000001        288.06519925079823        3.8854958525079918E-003  -11.778999816469378       -8.3120941595106697        5.0950630023124797        8.2658087127710225     
   1183.8813500000001        288.06516260600927        3.8875348545966085E-003  -11.811301399133642       -8.3111170911812309        5.3522845642128036        8.8367795504244953     
   1158.4832799999999        288.06512896298761        3.8894455836540102E-003  -11.843791122353940       -8.3084962450209652        5.6030930435825477        9.3424224696202316     
   1133.0869100000000        288.06509657412278        3.8912564721848494E-003  -11.876530813687758       -8.3042585400359190        5.8440821681462873        9.7772671918846630     
   1107.6922600000000        288.06506394018078        3.8929886466260825E-003  -11.909562451951729       -8.2984109194446845        6.0725649913908750        10.138340110794594     
   1082.3005400000000        288.06502966240276        3.8946599392508784E-003  -11.942939714154093       -8.2909386824156801        6.2921382740668097        10.434911125381108     
   1056.9097899999999        288.06499239943986        3.8962842223593018E-003  -11.976696885855766       -8.2818116559624890        6.5025620518672973        10.669779850260742     
   1031.5210000000000        288.06495081842189        3.8978720796729424E-003  -12.010841533493458       -8.2709904567774171        6.7011153280529481        10.841534149510064     
   1006.1343400000000        288.06490352399231        3.8994325744008641E-003  -12.045372015546169       -8.2584247576340815        6.8890343057392576        10.955925631899593     
   980.75000000000000        288.06484894802031        3.9009754695356127E-003  -12.080312432561666       -8.2440402520639200        7.0755331229736758        11.032410253696922     
   955.36804199999995        288.06478551037299        3.9025055882784265E-003  -12.115599489450670       -8.2277841754385985        7.2435281147930537        11.044451363235748     
   929.98846400000002        288.06471145091513        3.9040277275183481E-003  -12.151166747116536       -8.2095998935075656        7.3944347619696122        10.998099466778697     
   904.61157200000002        288.06462441059887        3.9055530879790758E-003  -12.187069005050878       -8.1893566075327691        7.5597816514297174        10.948844494209601     
   879.23742700000003        288.06452251873890        3.9070786542388164E-003  -12.223077569585231       -8.1670701825306118        7.6721529738704595        10.787857254233973     
   853.86627199999998        288.06440239043314        3.9086193799205624E-003  -12.259303590934866       -8.1425480451720951        7.8171520437052058        10.657528983376665     
   828.49829099999999        288.06426168219468        3.9101700667883016E-003  -12.295457445324962       -8.1158492189870870        7.8947545171267164        10.400872739408896     
   803.13348399999995        288.06409547765077        3.9117488611230856E-003  -12.331681081611856       -8.0867191684967299        8.0168602259345576        10.195282072521946     
   777.77227800000003        288.06390108875786        3.9133454938388972E-003  -12.367570592406171       -8.0553217830373498        8.0411888837185490        9.8280987835461602     
   752.41485599999999        288.06367043127773        3.9149883236308525E-003  -12.403406432086816       -8.0212302691141915        8.1507235582498598        9.5722622609517387     
   727.06133999999997        288.06340091446776        3.9166575032723392E-003  -12.438600391182748       -7.9848104340822861        8.1107120989613630        9.0954853515244221     
   701.71209699999997        288.06308052078418        3.9183869427194895E-003  -12.473459118050993       -7.9455344334273033        8.1679707336810488        8.7458416988137841     
   676.36755400000004        288.06270146382269        3.9201737424380528E-003  -12.507646534941429       -7.9035210296592586        8.1450553232679255        8.2845393297514729     
   651.02789299999995        288.06225493663078        3.9220151244465052E-003  -12.540833369631837       -7.8589308214630709        8.0415505966685519        7.7253110104469807     
   625.69360400000005        288.06171744351400        3.9239561955521475E-003  -12.573322032897165       -7.8110346331231462        8.0473468263345840        7.3013362657137471     
   600.36511199999995        288.06107705250975        3.9259827208656993E-003  -12.604562525034900       -7.7602642136908564        7.9107276788205150        6.7192680165798446     
   575.04284700000005        288.06031005532122        3.9281102602630093E-003  -12.634379123311406       -7.7065242705993846        7.7458369683867643        6.1246557569010180     
   549.72741699999995        288.05937506715549        3.9303820931713279E-003  -12.662818195863560       -7.6492049970191864        7.6337318418840994        5.6024527838033018     
   524.41943400000002        288.05823418447022        3.9328067007378432E-003  -12.689482758569889       -7.5884395641259177        7.4394872169957971        5.0216317622540361     
   499.11962899999997        288.05683936659273        3.9353939031077862E-003  -12.713970729310422       -7.5244006915747779        7.1659284598939319        4.4030649370602344     
   473.82891799999999        288.05508659959082        3.9382208645396093E-003  -12.736270341913606       -7.4560288581762491        6.9778996404565055        3.8902969245898715     
   448.54824800000000        288.05289286530734        3.9412808791443963E-003  -12.755696524848739       -7.3839901315630527        6.6402720845482675        3.3021530676318975     
   423.27871699999997        288.05005278979382        3.9446801662790789E-003  -12.772023443269084       -7.3070060712648992        6.3811664030735562        2.8123560114932968     
   398.02175899999997        288.04637196818703        3.9484199728787861E-003  -12.784406417409722       -7.2260557653963771        5.9455545605764417        2.2605412794850057     
   372.77890000000002        288.04139853160444        3.9526443283316587E-003  -12.792253756543490       -7.1400861579354551        5.5328137450280614        1.7788983364954036     
   347.55215500000003        288.03440696860071        3.9575010785363324E-003  -12.794591980725029       -7.0493654882107446        4.9990378319620872        1.2982676106271229     
   322.34393299999999        288.02390122687768        3.9633047364238116E-003  -12.790240496209128       -6.9546811217061766        4.3004127579245504       0.83189693404742782     
   297.15716600000002        288.00350709296970        3.9718495654284943E-003  -12.775233750281375       -6.8415941507336262        4.2485605906637174       0.61865098109958283     
   271.99560500000001        287.90605359365424        3.9975235695775199E-003  -12.715454070135461       -6.6021190836187502        8.2944646481370565        1.1631393383208051     
   246.86404400000001        287.88620144904371        4.0016194659563244E-003  -12.703401987225897       -6.5625947374023808       0.53028283575379398        1.0187014637407201E-002
   221.76879900000000        287.70662350743589        4.0294160285768502E-003  -12.430549316023603       -5.9850300267427841        27.589424387687870        10.887210717917833     
   196.71839900000001        287.68634815583960        4.0320497026663663E-003  -12.413683770477887       -5.9532526651331432       0.30262760800863658        4.1115836858621755E-003
   171.72468599999999        287.31500693899113        4.0689910702139485E-003  -11.850792268779511       -5.1849930231780226        29.900304911992080        11.865784402592942     
   146.80502300000001        287.26989278229053        4.0727456029409342E-003  -11.817642060768035       -5.1441361835689738       0.28525003029743434        3.5563251196367497E-003
   121.98595400000001        286.54881446379017        4.1187414514266335E-003  -10.882132251731313       -4.2466787358638607        23.612467847110821        8.6325997669247823     
   97.311340299999998        286.38667959942819        4.1271888433610637E-003  -10.794192927098781       -4.1719764024730432       0.36167304871193545        5.7994033421572867E-003
   72.861091599999995        284.88416238984519        4.1844787075829793E-003  -9.6269018253899752       -3.3571032346546366        8.4044888019619606        1.9371257765171128     
   48.804748500000002        281.15772342876596        4.2644463827398206E-003  -8.9709382487708460       -2.9736532526738224       0.81327520297420708        2.4277325035555554E-002
   25.613332700000001        279.68141821818176        4.2682020845741806E-003  -7.7462576318885308       -2.3792667294172678        1.4893343727343642       0.42032467607766316     
   10.000000000000000        278.72765970069025        4.2574911247532108E-003  -5.5283461218125263       -1.5022933922170223       0.64755026920093672       0.48891729614619212     
   1997.2254600000001        290.86784520127884        6.2340243712301748E-004  -9.7630186335625684       -10.595336349013500        4.0153762525035573E-002   1.0954249086162831E-004
   1971.7959000000001        290.84923158513357        6.4325189999949047E-004  -9.7512813603198971       -10.598513217417011        4.0153762525035573E-002   1.0954249086162831E-004
   1946.3670700000000        290.82877860046381        6.5986125929900553E-004  -9.7315553863288553       -10.605177327054514       0.11281629449395242        8.3254165920180285E-004
   1920.9388400000000        290.80652947416837        6.7197638027875978E-004  -9.7075279930071616       -10.614059656845853       0.16628457919737208        1.7144530372590098E-003
   1895.5111099999999        290.77185284026433        6.8305069377303494E-004  -9.6786531246415350       -10.625880520851341       0.20280688595421095        1.9831967582591816E-003
   1870.0839800000001        290.70513071772592        6.9314256977760812E-004  -9.6441457872924072       -10.641716090920964       0.22347753543533269        1.6686065001239288E-003
   1844.6575900000000        290.63169661499251        6.9741271071819676E-004  -9.6074906729591003       -10.660678026935029       0.25746827637031267        2.0607236866192024E-003
   1819.2318100000000        290.55024884567916        6.9888375431164404E-004  -9.5693584398003662       -10.683195223855824       0.28821845451245931        2.3896929463765463E-003
   1793.8067599999999        290.41951882544362        6.9942991842216298E-004  -9.5280774048664902       -10.711367836164442       0.29872116540222005        1.9507883274456012E-003
   1768.3824500000001        290.16761146589886        6.9993811310853512E-004  -9.4829823379690339       -10.747324184378305       0.29608967803012287        1.3232189905088055E-003
   1742.9588600000000        289.90317599290444        7.0190189500239587E-004  -9.4394528303365703       -10.788431160135305       0.31890708681970986        1.4582866765623860E-003
   1717.5362500000001        289.64154973680871        7.0876139514867238E-004  -9.3990984339260510       -10.834541194887869       0.34364593756738659        1.6589046818333854E-003
   1692.1140100000000        289.40656949005250        7.2399327103523313E-004  -9.3637496547836747       -10.884977183196282       0.37437842675167010        2.0294014784411180E-003
   1666.6927499999999        289.21500900021937        7.4563850118332419E-004  -9.3350698786406614       -10.938750107095839       0.41417084648422942        2.6953347294427221E-003
   1641.2723400000000        289.02655084052338        7.7580537042214984E-004  -9.3134549798240407       -10.997195442940244       0.44660728277336265        3.0807975525652298E-003
   1615.8527799999999        288.83256663005102        8.1828912647312520E-004  -9.3004992196655820       -11.060315960829106       0.48174446391732934        3.4416667669108355E-003
   1590.4340800000000        288.63983677450329        8.9320004299233596E-004  -9.2982957618886015       -11.126894493305002       0.52813393486515714        4.0489296376765190E-003
   1565.0162399999999        288.45196087971289        1.1190947072951775E-003  -9.3088209771657748       -11.195220998288171       0.58852242401835131        4.9755448502848635E-003
   1539.5992400000000        288.25057726277942        1.9553121733880499E-003  -9.3340217796858767       -11.264156229240452       0.65539191136224695        5.8111145110696988E-003
   1514.1834699999999        288.08829254195621        3.6038409460392188E-003  -9.3734329809614714       -11.327901303159777       0.77376692918174739        8.8945372988701379E-003
   1488.7685500000000        288.07281632587120        3.7825049133295764E-003  -9.4112002622222946       -11.368068410189229        1.2806007621740592        8.6048609778349563E-002
   1463.3546100000001        288.06924296715295        3.8262431620469661E-003  -9.4487916905437768       -11.396679433669414        1.8252004600245113       0.37823248227206158     
   1437.9417699999999        288.06781734211052        3.8441334833056373E-003  -9.4870096606177956       -11.418593963844263        2.3624715572933810       0.96792138972726149     
   1412.5300299999999        288.06702255694120        3.8541663469923051E-003  -9.5262717924395002       -11.436067202368278        2.8727077226201696        1.7654391067587902     
   1387.1193800000001        288.06648444497893        3.8609109609569294E-003  -9.5667227509215973       -11.450250077804915        3.3567578790485504        2.6535137813281637     
   1361.7099599999999        288.06607466661035        3.8659596187566752E-003  -9.6083827679213130       -11.461800713802997        3.8177404957477679        3.5574744050260034     
   1336.3018800000000        288.06573787422002        3.8700047670906235E-003  -9.6512245874123668       -11.471132323824612        4.2578752254092915        4.4373574933859006     
   1310.8949000000000        288.06544611630676        3.8733969582046583E-003  -9.6951996056800027       -11.478521072388173        4.6784720475889037        5.2730873492933350     
   1285.4893800000000        288.06518353330267        3.8763343898913548E-003  -9.7402517573481724       -11.484160841095667        5.0804323923375287        6.0552797349201777     
   1260.0852100000000        288.06494028379234        3.8789387519840807E-003  -9.7863242061077642       -11.488192736219068        5.4648400967519972        6.7808414979415268     
   1234.6824999999999        288.06470986402934        3.8812890385372147E-003  -9.8333518610815034       -11.490721354388526        5.8310475619882371        7.4471231240034861     
   1209.2811300000001        288.06448760279665        3.8834402351757826E-003  -9.8812830135019141       -11.491827449906030        6.1813902219634906        8.0576294779145456     
   1183.8813500000001        288.06427011019611        3.8854307628088968E-003  -9.9300494061879654       -11.491572816053674        6.5132811590508775        8.6089525627642498     
   1158.4832799999999        288.06405464164027        3.8872898741994124E-003  -9.9796012356164674       -11.490006467289758        6.8292941869177568        9.1060975562355946     
   1133.0869100000000        288.06383900084876        3.8890393618867961E-003  -10.029878938387034       -11.487166978909670        7.1274116486250101        9.5469401422349254     
   1107.6922600000000        288.06362128758673        3.8906963827651615E-003  -10.080827660782214       -11.483084934770000        7.4081578464536255        9.9334210641992211     
   1082.3005400000000        288.06339976733892        3.8922748783409467E-003  -10.132400195523530       -11.477783980713872        7.6708735210917425        10.265444598438979     
   1056.9097899999999        288.06317288943876        3.8937857475884420E-003  -10.184538334420385       -11.471283099426282        7.9137355018401241        10.541207835514433     
   1031.5210000000000        288.06293898788863        3.8952390637607011E-003  -10.237215468019329       -11.463593067909756        8.1410556861275527        10.768471897718454     
   1006.1343400000000        288.06269667602839        3.8966416622693840E-003  -10.290354457120733       -11.454726792150415        8.3423063838707989        10.931541995298216     
   980.75000000000000        288.06244426414753        3.8980008138595449E-003  -10.343924158263549       -11.444687209253050        8.5245422601213345        11.042485022114921     
   955.36804199999995        288.06217950071380        3.8993251110300748E-003  -10.397969557237108       -11.433457594645342        8.7011079974357610        11.122660565723084     
   929.98846400000002        288.06190226418050        3.9006113454949269E-003  -10.452165283718584       -11.421091622773950        8.7989841273685379        11.061577287928209     
   904.61157200000002        288.06160658889200        3.9018817420963608E-003  -10.507067064524369       -11.407448814150451        8.9878710040567089        11.116807215608530     
   879.23742700000003        288.06129656645436        3.9031133362535729E-003  -10.561680272062851       -11.392743887919959        8.9625878964292394        10.833888328460326     
   853.86627199999998        288.06095937461635        3.9043494864146539E-003  -10.617361682310836       -11.376595459556807        9.1843912755680517        10.892641103038427     
   828.49829099999999        288.06060629638694        3.9055415926939224E-003  -10.672171025462953       -11.359510852747221        8.9996613294258037        10.349583836452533     
   803.13348399999995        288.06021162957478        3.9067657270192620E-003  -10.728710607555966       -11.340658675227228        9.3061802320608393        10.478565040016758     
   777.77227800000003        288.05980179974148        3.9079304677658534E-003  -10.783422512471317       -11.321138386291796        8.8833619814421976        9.5897521160993087     
   752.41485599999999        288.05932844592138        3.9091588541221812E-003  -10.840667365058788       -11.299374757586438        9.2901091332960934        9.7954012421350143     
   727.06133999999997        288.05883174009978        3.9103314688644086E-003  -10.895823639108759       -11.276986761164785        8.7632841044255390        8.7685249825553981     
   701.71209699999997        288.05826184122361        3.9115499003646564E-003  -10.952409298536796       -11.252519785861749        8.8863277512643446        8.5564378479290770     
   676.36755400000004        288.05761735623423        3.9127903942527131E-003  -11.009278825299482       -11.226292502278353        8.7513713342186055        8.0058260625864168     
   651.02789299999995        288.05690626012597        3.9140149891659891E-003  -11.064779043158174       -11.198950004559793        8.2755025490793415        7.0643356867298666     
   625.69360400000005        288.05604567794040        3.9153296567348179E-003  -11.122251770668331       -11.168688454175923        8.3670071423405545        6.7400716826767715     
   600.36511199999995        288.05505374721525        3.9166601171348233E-003  -11.178642264285820       -11.136834371247321        7.8662592389346049        5.7864529159921441     
   575.04284700000005        288.05384817547798        3.9180628905695798E-003  -11.235169212230632       -11.102480322627953        7.5316446305524130        5.0141926990582002     
   549.72741699999995        288.05233401683597        3.9195668139700192E-003  -11.291794075366434       -11.065276326714836        7.1332135478897580        4.1974912765575771     
   524.41943400000002        288.05032493829015        3.9212330968778101E-003  -11.348838868976639       -11.024481299138362        6.7119610520158988        3.3820048914087524     
   499.11962899999997        288.04753530641352        3.9231056247895123E-003  -11.405220985829471       -10.980149005314376        6.0485988575086003        2.4502266652334499     
   473.82891799999999        288.04213021456212        3.9258565278505611E-003  -11.470791176649570       -10.922596877366122        6.4694885307618639        2.0941723968256873     
   448.54824800000000        288.02984800030760        3.9302880968757068E-003  -11.539231334320002       -10.854365687783039        5.4621285319977710        1.0257648660155880     
   423.27871699999997        287.98975865821330        3.9407033186356728E-003  -11.608948035607543       -10.774937267433588        3.8012676124395686       0.26942485933133176     
   398.02175899999997        287.92901812047648        3.9537091015753225E-003  -11.640651775117780       -10.733819986053206       0.78545880349781272        8.5032472452050614E-003
   372.77890000000002        287.81628176531621        3.9722291160423397E-003  -11.867608946692483       -10.355346574074275        29.814534931311584        10.713572067320040     
   347.55215500000003        287.80657311841867        3.9735526009974922E-003  -11.877156663468936       -10.336263999460483       0.29590270721642009        3.2843386858984564E-003
   322.34393299999999        287.61728914005880        3.9944927193412954E-003  -12.080628702988069       -9.7461458515453305        39.470037443384484        15.654623404611430     
   297.15716600000002        287.60248085432517        3.9958965979366590E-003  -12.086562036947463       -9.7237184863420261       0.24562627519240318        2.0294378600205143E-003
   271.99560500000001        287.29642913149564        4.0195256380676468E-003  -12.175189927164284       -8.9264042946543629        42.873094969610371        16.643806554473908     
   246.86404400000001        287.27473047740796        4.0209525355919176E-003  -12.176364245052895       -8.8994263147600865       0.22443482730734712        1.6469041131469454E-003
   221.76879900000000        286.80722274550976        4.0460662116524587E-003  -12.060683539020525       -7.8737455331962396        44.586933995746541        17.599002820823735     
   196.71839900000001        286.77549800856332        4.0475095297001912E-003  -12.054667411670151       -7.8403583338873899       0.21934440152388429        1.6673536836733468E-003
   171.72468599999999        286.09468414113798        4.0724887338666966E-003  -11.623070814007949       -6.6052342059337086        41.445707665880754        16.736410540788452     
   146.80502300000001        286.04238217151624        4.0740759468597034E-003  -11.603248823260877       -6.5596955061827735       0.23801515313596708        2.2576751251137048E-003
   121.98595400000001        285.08461247306718        4.0966847012890864E-003  -10.756283404683261       -5.2185324919127787        30.097431172891575        11.910992021019977     
   97.311340299999998        284.95061541597698        4.0991583865214593E-003  -10.692852606868751       -5.1360537959950232       0.32300238685015276        5.0678458062032071E-003
   72.861091599999995        283.47810338768983        4.1186583968521075E-003  -9.5244031543342729       -3.9757081835744259        10.893492878461752        3.1901032550974064     
   48.804748500000002        281.17884553410852        4.1386639509075262E-003  -9.0324508598660369       -3.5900364157579556       0.69599335928893935        2.2755310369359211E-002
   25.613332700000001        278.58938225656897        4.1482368895638380E-003  -7.6756421422596226       -2.7509543137718988        1.5934535057658492       0.37205789020125246     
   10.000000000000000        277.55052416867198        4.1472404055642852E-003  -5.5132523535716320       -1.7220466661127984       0.63722815712678282       0.47054368553724740     
   1997.2254600000001        290.86754901872951        6.2371710634267781E-004  -6.4838585421012125       -12.621125541496102       0.12656649326293401        1.1357530235602390E-003
   1971.7959000000001        290.84885176293318        6.4352052366517998E-004  -6.4818784273044550       -12.599330066428555       0.12656649326293401        1.1357530235602390E-003
   1946.3670700000000        290.82843286195333        6.5990819562093857E-004  -6.4767259710755356       -12.567437674497798       0.26446164187133586        4.7936549629318589E-003
   1920.9388400000000        290.80616215420594        6.7189900298181933E-004  -6.4686200393183961       -12.532199549972688       0.32336796048116562        6.7360396338118867E-003
   1895.5111099999999        290.77143387406380        6.8290862495031478E-004  -6.4567572984746233       -12.493643642059533       0.33317552399651595        5.4978312759394144E-003
   1870.0839800000001        290.70483694291318        6.9300676450257791E-004  -6.4401406884114030       -12.451660372925925       0.31330714265359277        3.3378317917044991E-003
   1844.6575900000000        290.63142711982749        6.9733968733129198E-004  -6.4201378934834299       -12.410735975231002       0.31200609451256023        3.0553828089980120E-003
   1819.2318100000000        290.54986603900352        6.9885451598472104E-004  -6.3968960916980739       -12.371746918560477       0.30219748728303086        2.6312247703457201E-003
   1793.8067599999999        290.41903592131303        6.9942525127025595E-004  -6.3688133154965572       -12.333629272165785       0.26866736183085710        1.5702208972632552E-003
   1768.3824500000001        290.16741177474546        6.9995627758939988E-004  -6.3345994690219758       -12.296736257019365       0.22665436227905625        7.6848379505415005E-004
   1742.9588600000000        289.90303404567430        7.0196675116211173E-004  -6.2980034329117078       -12.265543828639339       0.20742457428273336        6.0784268981898930E-004
   1717.5362500000001        289.64145600737208        7.0889753116142376E-004  -6.2601813066892884       -12.241358696616913       0.18660693098658024        4.7908046714826050E-004
   1692.1140100000000        289.40645727815922        7.2417230185651887E-004  -6.2227006836192720       -12.226221783772891       0.16378727864674189        3.7751033897847529E-004
   1666.6927499999999        289.21458164856455        7.4587539751552300E-004  -6.1878971613313585       -12.223490071277476       0.13870702403329102        2.9064223186039934E-004
   1641.2723400000000        289.02561295785915        7.7625476579676561E-004  -6.1604853154624335       -12.239275639323347       0.11786245328709123        2.0466614219217535E-004
   1615.8527799999999        288.83073322247179        8.1994262664297139E-004  -6.1531492456030872       -12.274401897580185       0.15253990935906736        3.3019046266974671E-004
   1590.4340800000000        288.63660794535258        9.0339924599115403E-004  -6.1699240673213431       -12.317534248188919       0.25819403547576408        9.3639343567440778E-004
   1565.0162399999999        288.44668829178096        1.1725949847213580E-003  -6.2062490539215007       -12.361177645245807       0.39892962360588774        2.2336948401313695E-003
   1539.5992400000000        288.24396860838294        2.1055325675161255E-003  -6.2589322879892109       -12.402680011708339       0.54818146594453199        4.0168588289983950E-003
   1514.1834699999999        288.08757315641401        3.6335690677817994E-003  -6.3222721685421819       -12.438060147552775       0.73932923217043722        8.2599495493096177E-003
   1488.7685500000000        288.07149242590782        3.8008508131452475E-003  -6.3743207032881584       -12.458690431281511        1.2961628027564325        8.6433165465751818E-002
   1463.3546100000001        288.06819875112814        3.8345211209351699E-003  -6.4203755255930837       -12.472130881770806        1.9390556880921468       0.44584246906658631     
   1437.9417699999999        288.06684344035443        3.8478860372705647E-003  -6.4645519690151900       -12.481989999520861        2.5247423659171941        1.1257548880740940     
   1412.5300299999999        288.06602398236174        3.8556204239639964E-003  -6.5085833588469937       -12.489725722500859        3.0406697986698172        1.9333860193813730     
   1387.1193800000001        288.06542697352188        3.8609890555687831E-003  -6.5530890284005832       -12.496001897281413        3.5087522432805716        2.7581354995575369     
   1361.7099599999999        288.06494511771854        3.8651045216751417E-003  -6.5983054516928217       -12.501181384270073        3.9411495900904483        3.5541604835885798     
   1336.3018800000000        288.06453099180959        3.8684559244555913E-003  -6.6443178098395084       -12.505485961766022        4.3443346237054072        4.3028011131666331     
   1310.8949000000000        288.06415990788366        3.8712960227124341E-003  -6.6911434640615610       -12.509060719000271        4.7223813872731757        4.9973417490272283     
   1285.4893800000000        288.06381748298912        3.8737705599381452E-003  -6.7387633112717449       -12.512004479664288        5.0772531602029858        5.6350759879448900     
   1260.0852100000000        288.06349451107360        3.8759711475905259E-003  -6.7871481464828198       -12.514387059933689        5.4115062705668295        6.2173970704518720     
   1234.6824999999999        288.06318481403827        3.8779580609858018E-003  -6.8362471531117723       -12.516257389439895        5.7243393852150097        6.7424833720205211     
   1209.2811300000001        288.06288377635047        3.8797742998266695E-003  -6.8860251973874052       -12.517651708979098        6.0192097722064313        7.2154226152824421     
   1183.8813500000001        288.06258805055251        3.8814499927809320E-003  -6.9364200384904704       -12.518594757212618        6.2926109953493627        7.6314025617631698     
   1158.4832799999999        288.06229475249296        3.8830088067928624E-003  -6.9873973615640033       -12.519105147400916        6.5486048780229273        7.9969449906076173     
   1133.0869100000000        288.06200158116536        3.8844682310009539E-003  -7.0389033777070260       -12.519194899546971        6.7838341464296921        8.3075678558518398     
   1107.6922600000000        288.06170649496352        3.8858420644801699E-003  -7.0908858956519500       -12.518871779767757        6.9981472437221761        8.5635825837290653     
   1082.3005400000000        288.06140727761925        3.8871427891975668E-003  -7.1433384251148180       -12.518140585329052        7.1969299365888828        8.7734355002619573     
   1056.9097899999999        288.06110247631352        3.8883777247502517E-003  -7.1961580154938689       -12.517002205128227        7.3640926822865387        8.9137192414362030     
   1031.5210000000000        288.06078968410145        3.8895565023381478E-003  -7.2493693896914344       -12.515455516637523        7.5192110278312549        9.0139269712439276     
   1006.1343400000000        288.06046615562923        3.8906879582791755E-003  -7.3030261838568942       -12.513495257038182        7.6661405306281631        9.0797753514716550     
   980.75000000000000        288.06013387107771        3.8917636454927360E-003  -7.3565468539861900       -12.511127151731914        7.6926156985872600        8.9495213760966603     
   955.36804199999995        288.05977746256679        3.8928283372705974E-003  -7.4114966902940784       -12.508299595278674        7.9711124542439213        9.1566386526649008     
   929.98846400000002        288.05942199049184        3.8938051643022456E-003  -7.4644718067144256       -12.505118578280339        7.6296141573490468        8.4709437399735030     
   904.61157200000002        288.05900964671787        3.8948429283384677E-003  -7.5216462727523190       -12.501310213447391        8.3463521848473601        9.2238894141208707     
   879.23742700000003        288.05862800954270        3.8957191533668931E-003  -7.5729915928947360       -12.497357439172379        7.2768195193644560        7.5418725231058117     
   853.86627199999998        288.05811919120168        3.8967780217316968E-003  -7.6339161633037680       -12.492339922370995        8.8652338318055204        9.3433683726038037     
   828.49829099999999        288.05770840535592        3.8975491647478926E-003  -7.6823655686874375       -12.487703721025511        6.6025827913078379        6.1886527661148234     
   803.13348399999995        288.05703273190619        3.8986820660684668E-003  -7.7487913037549863       -12.481099732224608        9.5037887452942407        9.4136889453895574     
   777.77227800000003        288.05656244633542        3.8993820182985630E-003  -7.7949402431647705       -12.475739502195085        5.9217627335749885        4.8599461386200131     
   752.41485599999999        288.05567774888186        3.9005352906234395E-003  -7.8633733744643663       -12.467538148302379        9.2738033170800165        8.1951670456444070     
   727.06133999999997        288.05499682558292        3.9013034970439213E-003  -7.9132076913579210       -12.460713491773872        6.0018156680318153        4.2948702915596702     
   701.71209699999997        288.05394319208716        3.9023181265118614E-003  -7.9742719059281262       -12.451802988212071        7.2907087606521159        5.0866676385594936     
   676.36755400000004        288.05263385096202        3.9033657237313043E-003  -8.0351544809612854       -12.442045568157349        6.7361147040118032        4.0569564254740067     
   651.02789299999995        288.05107780792378        3.9043793424623310E-003  -8.0911333922776958       -12.432115113108733        5.4843693392323116        2.5921312291692531     
   625.69360400000005        288.04782094395142        3.9060127589969447E-003  -8.1648244487035004       -12.417949794475090        6.7179890035803176        2.7386441129147228     
   600.36511199999995        288.04226479478450        3.9080848577333826E-003  -8.2340146319465735       -12.403106225012341        4.8939699472745684        1.1490232105358889     
   575.04284700000005        288.02102206101694        3.9139581886305837E-003  -8.3229302916767693       -12.382190000616697        4.4573952317996293       0.47686179096570436     
   549.72741699999995        287.99578344579299        3.9198315782525304E-003  -8.3623959267418311       -12.371489789748695       0.89901901841619902        1.5836714431245180E-002
   524.41943400000002        287.93521226655128        3.9312419706282664E-003  -8.6753444810223339       -12.276332270616962        27.805191199554525        11.030074692371365     
   499.11962899999997        287.93019271314461        3.9320599594801246E-003  -8.6911749073945366       -12.270107643809474       0.33576411669628997        5.0102216566221790E-003
   473.82891799999999        287.83234742006647        3.9455535456241640E-003  -9.1003604030917096       -12.097671114935190        37.592869479159347        16.062528907038605     
   448.54824800000000        287.82467148200823        3.9464881368903070E-003  -9.1157542182341782       -12.089473135866788       0.27207299982739452        2.6968979737221049E-003
   423.27871699999997        287.67177445605722        3.9622626359742110E-003  -9.5683782690023058       -11.815264392262003        40.254151941983018        15.579464020560835     
   398.02175899999997        287.65980067326819        3.9633475912575454E-003  -9.5836127056574139       -11.803932775469400       0.23946272051126530        1.7422394198252690E-003
   372.77890000000002        287.43091098205821        3.9809621467098606E-003  -10.053599908485211       -11.384793855592553        42.572874354022289        15.319346615790854     
   347.55215500000003        287.41326236019040        3.9821521896219641E-003  -10.067877340706715       -11.369376579683928       0.21697140838234230        1.2660513570724105E-003
   322.34393299999999        287.08309591708814        4.0010496388073217E-003  -10.510027232393211       -10.758762281067694        44.619107313107200        15.448172832590558     
   297.15716600000002        287.05861721116503        4.0022709740465002E-003  -10.522080498443401       -10.738308921973591       0.20258798411302342        1.0485427753220708E-003
   271.99560500000001        286.59971796626166        4.0216312186070061E-003  -10.863574557210832       -9.8951982168777839        45.923069099865742        15.871012608021507     
   246.86404400000001        286.56723572373789        4.0228154810570136E-003  -10.871570122577010       -9.8685619039066896       0.19629191963507286        1.0108849194524030E-003
   221.76879900000000        285.95199287231179        4.0416069093928324E-003  -11.007671518476032       -8.7725430971747151        45.317587091820521        16.133907738124929     
   196.71839900000001        285.90890927643773        4.0427267926856627E-003  -11.008655406633270       -8.7376149678912540       0.20091340496123036        1.1832340537811900E-003
   171.72468599999999        285.11115434946265        4.0597683670220508E-003  -10.808903728050169       -7.4139893508808203        40.680229502968508        15.143996177882986     
   146.80502300000001        285.04779847740906        4.0608876159355673E-003  -10.796225308009481       -7.3648630078868589       0.22650333547211288        1.8383146900641109E-003
   121.98595400000001        284.03552820774081        4.0750101421419766E-003  -10.145175402360277       -5.9294804795437752        29.154983458981675        10.985638756841899     
   97.311340299999998        283.89276484580057        4.0765597014382812E-003  -10.091102459479105       -5.8395714728419081       0.31831151216440234        4.7433006526618358E-003
   72.861091599999995        282.46975493213358        4.0876616019415099E-003  -9.0706322319301194       -4.6010380368148596        10.534497247243921        3.0364668249072722     
   48.804748500000002        280.42660073451088        4.0977942342207280E-003  -8.6221943616218475       -4.1846072361130586       0.70323514743944759        2.4734855564746677E-002
   25.613332700000001        277.89456091497510        4.1028430414159905E-003  -7.3542444740162223       -3.2608752185562500        1.5588983414986133       0.36003271002211945     
   10.000000000000000        276.85205454181647        4.1016357411432563E-003  -5.2954447404654710       -2.0945791736183605       0.62490142375004842       0.45752042982943697     
   1997.2254600000001        290.86540865991230        6.2592309973156634E-004  -2.3835091939924298       -12.047245357292994        1.0000000000000000E-004   1.0000000000000000E-004
   1971.7959000000001        290.84586443704779        6.4553081486900578E-004  -2.3929499430474297       -12.010558624215966        1.0000000000000000E-004   1.0000000000000000E-004
   1946.3670700000000        290.82578372706035        6.6027427912476950E-004  -2.4090329004056712       -11.958749803532832        1.0000000000000000E-004   1.0000000000000000E-004
   1920.9388400000000        290.80369876944422        6.7128709088787417E-004  -2.4282339723048310       -11.900302208928757        1.0000000000000000E-004   1.0000000000000000E-004
   1895.5111099999999        290.76922157904045        6.8181808239674941E-004  -2.4506265372498364       -11.834531900983563        1.0000000000000000E-004   1.0000000000000000E-004
   1870.0839800000001        290.70407605835823        6.9201853321173212E-004  -2.4763310349219907       -11.760352084614990        1.0000000000000000E-004   1.0000000000000000E-004
   1844.6575900000000        290.63138566759619        6.9683136822553749E-004  -2.5024468457841538       -11.683825341578610        1.0000000000000000E-004   1.0000000000000000E-004
   1819.2318100000000        290.54990189207297        6.9866534139540880E-004  -2.5282557991762369       -11.605809232119451        1.0000000000000000E-004   1.0000000000000000E-004
   1793.8067599999999        290.41938225050768        6.9939207076404693E-004  -2.5546210614251073       -11.523013593692804        1.0000000000000000E-004   1.0000000000000000E-004
   1768.3824500000001        290.16920252272905        7.0000583363879023E-004  -2.5816515089858889       -11.433660066670978        1.0000000000000000E-004   1.0000000000000000E-004
   1742.9588600000000        289.90516629044873        7.0209361309581260E-004  -2.6060765951307689       -11.346241961361351        1.0000000000000000E-004   1.0000000000000000E-004
   1717.5362500000001        289.64378719478242        7.0903733225589937E-004  -2.6273960210685141       -11.262722971273078        1.0000000000000000E-004   1.0000000000000000E-004
   1692.1140100000000        289.40874853768264        7.2416694113108999E-004  -2.6456735839082071       -11.185686121496499        1.0000000000000000E-004   1.0000000000000000E-004
   1666.6927499999999        289.21643394216898        7.4572073414676471E-004  -2.6625505929081790       -11.118124700861543        1.0000000000000000E-004   1.0000000000000000E-004
   1641.2723400000000        289.02592745772495        7.7625694944515804E-004  -2.6856449450694035       -11.062952439768235        1.0000000000000000E-004   1.0000000000000000E-004
   1615.8527799999999        288.82828930911535        8.2122714487683037E-004  -2.7325965232952552       -11.044502302641636        1.0000000000000000E-004   1.0000000000000000E-004
   1590.4340800000000        288.63218596804319        9.1369720628732684E-004  -2.7869686214109080       -11.050258502537865        1.0000000000000000E-004   1.0000000000000000E-004
   1565.0162399999999        288.44020932424877        1.2287765879401842E-003  -2.8491024380985586       -11.060947925121315        1.0000000000000000E-004   1.0000000000000000E-004
   1539.5992400000000        288.23666178868564        2.2426124840899983E-003  -2.9201844443642138       -11.071456493534372        1.0000000000000000E-004   1.0000000000000000E-004
   1514.1834699999999        288.08664984759042        3.6501151644104815E-003  -2.9953184481661954       -11.078450435517164        1.0000000000000000E-004   1.0000000000000000E-004
   1488.7685500000000        288.07085125520251        3.8007896011651387E-003  -3.0530400492803715       -11.078481181046728        1.0000000000000000E-004   1.0000000000000000E-004
   1463.3546100000001        288.06753061634078        3.8313936294604341E-003  -3.1021810355413622       -11.075180777893159        1.0000000000000000E-004   1.0000000000000000E-004
   1437.9417699999999        288.06608462639895        3.8441213742208594E-003  -3.1483987384626015       -11.070265510021942        1.0000000000000000E-004   1.0000000000000000E-004
   1412.5300299999999        288.06518969710703        3.8516041948420789E-003  -3.1937160651261118       -11.064450355824832        1.0000000000000000E-004   1.0000000000000000E-004
   1387.1193800000001        288.06453245870762        3.8568071130351150E-003  -3.2389004022490648       -11.058112955700919        1.0000000000000000E-004   1.0000000000000000E-004
   1361.7099599999999        288.06400126583151        3.8607789352090639E-003  -3.2842816560281296       -11.051486320412080        1.0000000000000000E-004   1.0000000000000000E-004
   1336.3018800000000        288.06354551090186        3.8639915763070856E-003  -3.3300083188786194       -11.044726491668570        1.0000000000000000E-004   1.0000000000000000E-004
   1310.8949000000000        288.06313844302372        3.8666923243141096E-003  -3.3761391773418361       -11.037942812384300        1.0000000000000000E-004   1.0000000000000000E-004
   1285.4893800000000        288.06276421150420        3.8690257246248518E-003  -3.4226922894451497       -11.031214460686693        1.0000000000000000E-004   1.0000000000000000E-004
   1260.0852100000000        288.06241271752299        3.8710823464065910E-003  -3.4696518767439755       -11.024599666983423        1.0000000000000000E-004   1.0000000000000000E-004
   1234.6824999999999        288.06207687695735        3.8729235034434023E-003  -3.5170033118819144       -11.018142093514099        1.0000000000000000E-004   1.0000000000000000E-004
   1209.2811300000001        288.06175169055621        3.8745911179196928E-003  -3.5647021372341872       -11.011875058331210        1.0000000000000000E-004   1.0000000000000000E-004
   1183.8813500000001        288.06143306281689        3.8761167920938261E-003  -3.6127264316072112       -11.005824477628096        1.0000000000000000E-004   1.0000000000000000E-004
   1158.4832799999999        288.06111778212261        3.8775234831326102E-003  -3.6610326493653735       -11.000011043716071        1.0000000000000000E-004   1.0000000000000000E-004
   1133.0869100000000        288.06080311199344        3.8788286389746245E-003  -3.7095701345314778       -10.994451990306366        1.0000000000000000E-004   1.0000000000000000E-004
   1107.6922600000000        288.06048598863651        3.8800480730078976E-003  -3.7583519290809897       -10.989163100095404        1.0000000000000000E-004   1.0000000000000000E-004
   1082.3005400000000        288.06016434483263        3.8811910966487563E-003  -3.8072804542526555       -10.984158499274663        1.0000000000000000E-004   1.0000000000000000E-004
   1056.9097899999999        288.05983582529740        3.8822660309033872E-003  -3.8562831743868413       -10.979451362697557        1.0000000000000000E-004   1.0000000000000000E-004
   1031.5210000000000        288.05949246897563        3.8832958064590382E-003  -3.9058786286209997       -10.975073472154330        1.0000000000000000E-004   1.0000000000000000E-004
   1006.1343400000000        288.05914835780959        3.8842370837643783E-003  -3.9541521545996074       -10.970986058445712        1.0000000000000000E-004   1.0000000000000000E-004
   980.75000000000000        288.05875152190583        3.8852201218341461E-003  -4.0059664765472460       -10.967387836229443        1.0000000000000000E-004   1.0000000000000000E-004
   955.36804199999995        288.05839982390506        3.8860042286696294E-003  -4.0511872557530006       -10.963889627794043        1.0000000000000000E-004   1.0000000000000000E-004
   929.98846400000002        288.05787129743851        3.8870516546202086E-003  -4.1091866813815141       -10.961457760135341        1.0000000000000000E-004   1.0000000000000000E-004
   904.61157200000002        288.05753013096472        3.8876486853337906E-003  -4.1482286336744272       -10.958398690740230        1.0000000000000000E-004   1.0000000000000000E-004
   879.23742700000003        288.05667012808868        3.8889461141563570E-003  -4.2196308909135025       -10.958021701307787        1.0000000000000000E-004   1.0000000000000000E-004
   853.86627199999998        288.05633564890536        3.8893794677416506E-003  -4.2513471506941789       -10.955230539914124        1.0000000000000000E-004   1.0000000000000000E-004
   828.49829099999999        288.05468618096222        3.8911301089513167E-003  -4.3429347500013753       -10.958290670448944        1.0000000000000000E-004   1.0000000000000000E-004
   803.13348399999995        288.05426513057716        3.8914983686506059E-003  -4.3702581905556164       -10.955857899173473        1.0000000000000000E-004   1.0000000000000000E-004
   777.77227800000003        288.05089027652753        3.8937565495207197E-003  -4.4770151891955701       -10.962906617080481        1.0000000000000000E-004   1.0000000000000000E-004
   752.41485599999999        288.04985634634301        3.8943005558797626E-003  -4.5055292321763067       -10.961391288549484        1.0000000000000000E-004   1.0000000000000000E-004
   727.06133999999997        288.04023632990601        3.8979370263343615E-003  -4.6370111254066746       -10.974831987318401        1.0000000000000000E-004   1.0000000000000000E-004
   701.71209699999997        288.02899873921365        3.9012806294069081E-003  -4.6930137073380278       -10.978485548251982        1.0000000000000000E-004   1.0000000000000000E-004
   676.36755400000004        288.01751433906759        3.9042091857874849E-003  -4.7278010914440385       -10.979208976461742        1.0000000000000000E-004   1.0000000000000000E-004
   651.02789299999995        287.98116370114258        3.9118761343236164E-003  -4.9947479069358813       -11.020361218880225        1.0000000000000000E-004   1.0000000000000000E-004
   625.69360400000005        287.97815681144397        3.9124234505771346E-003  -5.0119083798870339       -11.018439748169229        1.0000000000000000E-004   1.0000000000000000E-004
   600.36511199999995        287.92135831397570        3.9212303601544934E-003  -5.3568858407996380       -11.070497661407607        1.0000000000000000E-004   1.0000000000000000E-004
   575.04284700000005        287.91688117209662        3.9218469718536077E-003  -5.3741665466904509       -11.068353947289760        1.0000000000000000E-004   1.0000000000000000E-004
   549.72741699999995        287.82850916183833        3.9324051158108990E-003  -5.7843061878136961       -11.111663692508829        1.0000000000000000E-004   1.0000000000000000E-004
   524.41943400000002        287.82151604299855        3.9331536837315783E-003  -5.8025584110028818       -11.108782400613869        1.0000000000000000E-004   1.0000000000000000E-004
   499.11962899999997        287.69002911188784        3.9454164074947291E-003  -6.2799990341935903       -11.117698645676953        1.0000000000000000E-004   1.0000000000000000E-004
   473.82891799999999        287.67937125482518        3.9463065153118003E-003  -6.2994959738725012       -11.113306037911933        1.0000000000000000E-004   1.0000000000000000E-004
   448.54824800000000        287.49041814376960        3.9600900371403458E-003  -6.8437748268139220       -11.053216746434313        1.0000000000000000E-004   1.0000000000000000E-004
   423.27871699999997        287.47451059239279        3.9611279555917559E-003  -6.8645968256702696       -11.046302482411333        1.0000000000000000E-004   1.0000000000000000E-004
   398.02175899999997        287.21117745029937        3.9761432024720735E-003  -7.4649345213537943       -10.873281317061899        1.0000000000000000E-004   1.0000000000000000E-004
   372.77890000000002        287.18813691401999        3.9773148460372307E-003  -7.4868071311964135       -10.862556049681917        1.0000000000000000E-004   1.0000000000000000E-004
   347.55215500000003        286.83240315735674        3.9930906049403404E-003  -8.1152953659469222       -10.525601979068661        1.0000000000000000E-004   1.0000000000000000E-004
   322.34393299999999        286.80051192009512        3.9943448509169475E-003  -8.1373721546225148       -10.509530295891022        1.0000000000000000E-004   1.0000000000000000E-004
   297.15716600000002        286.33556922051491        4.0102052850021358E-003  -8.7418409859603372       -9.9566210237318362        1.0000000000000000E-004   1.0000000000000000E-004
   271.99560500000001        286.29380962950921        4.0114568189763408E-003  -8.7625259142410243       -9.9334822707360413        1.0000000000000000E-004   1.0000000000000000E-004
   246.86404400000001        285.70699992247580        4.0265499511368827E-003  -9.2604480187970513       -9.1232038771493666        1.0000000000000000E-004   1.0000000000000000E-004
   221.76879900000000        285.65462673562513        4.0277147137205670E-003  -9.2772362024008874       -9.0908439921607478        1.0000000000000000E-004   1.0000000000000000E-004
   196.71839900000001        284.93961254928473        4.0410817870530471E-003  -9.5543682502349423       -8.0116251278738613        1.0000000000000000E-004   1.0000000000000000E-004
   171.72468599999999        284.87282588215157        4.0421294086717772E-003  -9.5630513251346017       -7.9658656402527370        1.0000000000000000E-004   1.0000000000000000E-004
   146.80502300000001        284.02632266459409        4.0528027301399341E-003  -9.4852977529383420       -6.6664670508324280        1.0000000000000000E-004   1.0000000000000000E-004
   121.98595400000001        283.38661256797883        4.0581290428403560E-003  -9.2155226761443298       -6.0294123042357617        1.0000000000000000E-004   1.0000000000000000E-004
   97.311340299999998        282.95201990926051        4.0611116603755729E-003  -9.0181827055711281       -5.5969431089540818       0.31121593723303881       0.35294146939358478     
   72.861091599999995        280.50653891756281        4.0937861171621397E-003  -7.6848732489563041       -4.0301696547722212       0.54425355275332232       0.61723318761179147     
   48.804748500000002        279.28601322294293        4.1174416345746588E-003  -6.7798966259956162       -3.2718358491287090        2.4764465481492564        2.8085648619976302     
   25.613332700000001        278.85286948064544        4.1356867491341874E-003  -6.1941263184211293       -2.8679718421193385        3.1825196960359921        3.6093372697387807     
   10.000000000000000        278.56991017258065        4.1715335709073230E-003  -5.1836931069911376       -2.2798456841186741        1.6823975668118176        1.9080298598486349     
