   1997.2254600000001        290.88546800000000        6.0241116399999996E-004  0.27262861665895627        1.2594063627671803        2.2508494101970946       0.41374371172549751     
   1971.7959000000001        290.86492900000002        6.2780769100000003E-004  0.17659361961261816        1.2955802910603400        2.2508494101970946       0.41374371172549751     
   1946.3670700000000        290.84445199999999        6.5320351899999997E-004   8.0561554000944072E-002   1.3317540573945847        2.3094525324055426       0.42468111706508327     
   1920.9388400000000        290.82400500000000        6.7859870599999998E-004  -1.5468055864615082E-002   1.3679276809722558        2.3681955431088282       0.43498988830095719     
   1895.5111099999999        290.79403700000000        6.9951033199999995E-004 -0.12024325729176290        1.3971643963110170        2.3059799166281620       0.32725364902386850     
   1870.0839800000001        290.71963499999998        6.9951033199999995E-004 -0.26581886052980602        1.3940440161210823        2.7580793278162434       0.28335514913582255     
   1844.6575900000000        290.64526400000000        6.9951033199999995E-004 -0.41139004211616614        1.3909245440219720        2.8270562987164918       0.28972279485286379     
   1819.2318100000000        290.57101399999999        6.9951033199999995E-004 -0.55695763691875499        1.3878058801005251        2.8993498276675815       0.29674149985497272     
   1793.8067599999999        290.45092799999998        6.9951033199999995E-004 -0.69414214011852970        1.3630573758277220        2.2255047549735005       0.12847256484189254     
   1768.3824500000001        290.18859900000001        6.9951033199999995E-004 -0.80530477665126787        1.2711426608400263        1.7152775528323052        4.7754621751604144E-002
   1742.9588600000000        289.92654399999998        6.9951033199999995E-004 -0.91646415665433445        1.1792314829642436        1.7582095736586458        4.8817458080151463E-002
   1717.5362500000001        289.66473400000001        6.9951033199999995E-004  -1.0276190838119890        1.0873245536015312        1.8019878493792705        4.9886817102491744E-002
   1692.1140100000000        289.42806999999999        7.0738449000000002E-004  -1.1160907029961196       0.98415167886618526        1.7257145498797726        4.6735428376447868E-002
   1666.6927499999999        289.24710099999999        7.3276768700000002E-004  -1.1541232193962032       0.85592746586353874        1.9363157842400991        6.6489203307282252E-002
   1641.2723400000000        289.06634500000001        7.5815001000000004E-004  -1.1921543796450733       0.72770834080783320        1.9847883208655017        6.7980240258707511E-002
   1615.8527799999999        288.88571200000001        7.8353146099999996E-004  -1.2301840737913887       0.59949430160870831        2.0338674432238077        6.9443973886596205E-002
   1590.4340800000000        288.72531099999998        8.1845791999999998E-004  -1.2616480629073641       0.48617774750869852        1.7212449453548064        5.0842834571584998E-002
   1565.0162399999999        288.59845000000001        8.6920225299999998E-004  -1.2822328504219063       0.39754485305123149        1.2015631582195316        2.6603464689136370E-002
   1539.5992400000000        288.47164900000001        9.1994484000000002E-004  -1.3028166607994083       0.30891576304645968        1.2309005500797197        2.7162001806677542E-002
   1514.1834699999999        288.34497099999999        9.7068504000000005E-004  -1.3233994649757481       0.22029169951839003        1.2610074696201568        2.7744168914913773E-002
   1488.7685500000000        288.13610799999998        9.7657844900000002E-004  -1.3606287233497492       0.14478440644943311       0.88162865389371825        9.8888138336452481E-003
   1463.3546100000001        287.82360799999998        9.2584197399999996E-004  -1.4188785721974602        8.5839739620084898E-002  0.72373123861885524        5.1878535825145870E-003
   1437.9417699999999        287.51138300000002        8.7510765299999996E-004  -1.4771257535676539        2.6898435043173120E-002  0.74078276578162883        5.2888384989655387E-003
   1412.5300299999999        287.19940200000002        8.2437554400000002E-004  -1.5353701574336409       -3.2039540592180192E-002  0.75803303205422712        5.3892988456135148E-003
   1387.1193800000001        286.88775600000002        8.5078005199999999E-004  -1.6010075199112366      -0.10410240437226669        1.0637898446657332        1.0493328923633577E-002
   1361.7099599999999        286.57641599999999        9.5221481800000004E-004  -1.6738353774046404      -0.18893131344035621        1.4193260961307885        1.8452266749573256E-002
   1336.3018800000000        286.26541099999997        1.0536442300000000E-003  -1.7466592690912583      -0.27375492757830938        1.4514618790051128        1.8792490668466139E-002
   1310.8949000000000        285.95468099999999        1.1550692099999999E-003  -1.8194797842451327      -0.35857409466988649        1.4837747593758348        1.9126730285904506E-002
   1285.4893800000000        285.74984699999999        1.2419762800000001E-003  -1.8826707896320198      -0.45779957092497603        2.0274328980230099        4.4180711944359033E-002
   1260.0852100000000        285.62441999999999        1.3179834900000000E-003  -1.9386319622902368      -0.56783923927031177        2.8339223872548085       0.11185343263826705     
   1234.6824999999999        285.49917599999998        1.3939861700000000E-003  -1.9945896307421476      -0.67787182305853311        2.8951803769166298       0.11386748977502444     
   1209.2811300000001        285.37399299999998        1.4699850000000000E-003  -2.0505441745199851      -0.78789777059433352        2.9552256428745909       0.11569156822904322     
   1183.8813500000001        285.21560699999998        1.5459500700000001E-003  -2.1002681944592525      -0.87484106783950333        1.8197411032620239        3.6386680235603076E-002
   1158.4832799999999        285.03814699999998        1.6218934899999999E-003  -2.1464036338396801      -0.94849199303865162        1.3395669767313261        1.7745456758089962E-002
   1133.0869100000000        284.86086999999998        1.6978317900000000E-003  -2.1925355678542839       -1.0221372384556275        1.3653976892744022        1.8002736639219148E-002
   1107.6922600000000        284.68380700000000        1.7737649600000000E-003  -2.2386642565535926       -1.0957767419170132        1.3910936193304853        1.8256954712747880E-002
   1082.3005400000000        284.43383799999998        1.8320306000000001E-003  -2.2723298072895357       -1.1181787824920413       0.31010225614948955        8.0543615176651752E-004
   1056.9097899999999        284.15240499999999        1.8826196899999999E-003  -2.3005795587873825       -1.1183160877472185       0.22036310909154608        5.6918799068918875E-004
   1031.5210000000000        283.87124599999999        1.9332048299999999E-003  -2.3288270010372232       -1.1184525911994168       0.22396451640068352        5.7519241637852213E-004
   1006.1343400000000        283.59036300000002        1.9837857700000000E-003  -2.3570719040222166       -1.1185883132368424       0.22743908243952804        5.8068303281321669E-004
   980.75000000000000        283.36917099999999        2.0343505299999999E-003  -2.3622685032937798       -1.0528932884628006       0.79261309799296975        4.5626834660942280E-003
   955.36804199999995        283.16708399999999        2.0849069099999999E-003  -2.3601213243586581      -0.96622773820358021        1.4284168356664737        1.5667490350803608E-002
   929.98846400000002        283.04739400000000        2.1354507199999998E-003  -2.3527236224941621      -0.87656348069454026        1.9797858923160003        3.9734930791093130E-002
   904.61157200000002        282.94979899999998        2.1859870800000000E-003  -2.3439183297459665      -0.78610155016397021        2.2411077201616010        5.6180267511109071E-002
   879.23742700000003        282.85238600000002        2.2365094600000001E-003  -2.3582000190757699      -0.71020155514565653        1.6595685388286092        2.9671422163569234E-002
   853.86627199999998        282.75506600000000        2.2870241700000001E-003  -2.3776070224210160      -0.63754165847469979        1.5921217842958020        2.6789360188979271E-002
   828.49829099999999        282.65780599999999        2.3803175399999999E-003  -2.3978069304016065      -0.57806051597743169        1.1345139693451940        1.3121287489977958E-002
   803.13348399999995        282.56069900000000        2.4812917700000000E-003  -2.4181470574657609      -0.52095388992380676        1.0665569288688361        1.1399081015045599E-002
   777.77227800000003        282.37292500000001        2.5822159399999998E-003  -2.4318068728851898      -0.47468513275314317       0.50220542503283305        1.7070544045715628E-003
   752.41485599999999        282.17254600000001        2.6831203099999998E-003  -2.4445232828110512      -0.42994903571986193       0.45433650245547158        1.3304391631063655E-003
   727.06133999999997        282.01916499999999        2.7839725400000000E-003  -2.4770184921478196      -0.38953638937293406       0.63991965008397800        3.0406966082822716E-003
   701.71209699999997        281.87091099999998        2.8848040400000002E-003  -2.5115905118054265      -0.34958416862929126       0.67402229292438864        3.4125294772016164E-003
   676.36755400000004        281.81896999999998        2.9855794299999999E-003  -2.5677125839007111      -0.31910935818760200        1.5820709222936380        3.4100612742354201E-002
   651.02789299999995        281.77410900000001        3.0863324600000001E-003  -2.6253853258937818      -0.28932562873134826        1.7354031730245727        4.4485398798458371E-002
   625.69360400000005        281.77865600000001        3.1387275100000001E-003  -2.6575046884408620      -0.28261740969465210        75.325217377886915        86.966203364715668     
   600.36511199999995        281.78521699999999        3.1890668899999999E-003  -2.6885366157216395      -0.27688533093034606        88.636355336115443        99.535258646960415     
   575.04284700000005        281.84243800000002        3.1897926200000000E-003  -2.6768025542601750      -0.29420387851439889        267.53115495747369        275.18446745326980     
   549.72741699999995        281.89978000000002        3.1903341900000001E-003  -2.6647220214102396      -0.31197358754526489        254.08718131199089        261.32321944436194     
   524.41943400000002        281.90637199999998        3.2406228100000001E-003  -2.6779845104710529      -0.34071122392382908        77.560204816353959        86.288461426783783     
   499.11962899999997        281.91296399999999        3.2908949100000002E-003  -2.6940596983377736      -0.36945214353550698        73.411706616335010        81.707450080539132     
   473.82891799999999        281.91961700000002        3.3411390600000001E-003  -2.7882425018501302      -0.39855155996346825        70.030844433362574        88.827786418577702     
   448.54824800000000        281.92620799999997        3.3913627299999999E-003  -2.8839124312718578      -0.42733142581373057        66.353988328261579        83.727102079980767     
   423.27871699999997        281.93279999999999        3.4415549599999999E-003  -3.0045535776827172      -0.45105707569556591        64.591394130735509        83.204850491938018     
   398.02175899999997        281.93542500000001        3.4917213500000001E-003  -3.1192253829352303      -0.47407287182088448        42.727711966871752        57.424119033461288     
   372.77890000000002        281.89120500000001        3.5418504799999998E-003  -3.1643330358476405      -0.48887460761689017       0.71971358167250132        8.6488974761945274E-003
   347.55215500000003        281.83718900000002        3.5919465599999999E-003  -3.1993766044273828      -0.50286226882209695       0.39560972367524949        2.3858757778578744E-003
   322.34393299999999        281.69183299999997        3.6419970000000001E-003  -3.1410753099609257      -0.50936412978980772       0.54513164633458733        2.8973759752616416E-003
   297.15716600000002        281.54666099999997        3.6920039000000000E-003  -3.0795896112078935      -0.51607018051665765       0.55743672061123506        3.2459848244354383E-003
   271.99560500000001        281.40182499999997        3.7419516599999998E-003  -2.9927730482300228      -0.52442185722675794       0.98715307722281187        1.1410144115886169E-002
   246.86404400000001        281.23843399999998        3.7856146200000002E-003  -2.9124493385274932      -0.53288572807084367       0.72046945832005405        6.1697310539824638E-003
   221.76879900000000        280.94345099999998        3.7856146200000002E-003  -2.8769920459839504      -0.54219714208922276       0.13911052987588446        2.4782920082229383E-004
   196.71839900000001        280.62301600000001        3.7856146200000002E-003  -2.8475909311690417      -0.54686088759600560        9.6576185961704419E-002   1.6808679170343641E-004
   171.72468599999999        280.12985200000003        3.7856146200000002E-003  -2.8579195503778831      -0.52086724277123209        7.5063247297230823E-002   1.2744014264793102E-004
   146.80502300000001        279.56839000000002        3.7665839800000000E-003  -2.8678644856543314      -0.48700199284361045        7.4955423320151690E-002   1.2393180483314038E-004
   121.98595400000001        278.53469799999999        3.6187507200000002E-003  -2.8753795461338121      -0.39944872096104656       0.13874215120731925        2.2300511028477271E-004
   97.311340299999998        277.57754499999999        3.4984704100000001E-003  -2.8813387625250670      -0.31193251510522568        9.3773484118011688E-002   1.4624714647109652E-004
   72.861091599999995        277.19415299999997        3.5955710300000000E-003  -2.8749919999851485      -0.22138870033870775        8.7950655076781903E-002   3.4158564914991567E-004
   48.804748500000002        276.83398399999999        3.6877696400000001E-003  -2.8609082301186266      -0.13632466035301799        3.6247637432096413E-002   1.3542705428239008E-004
   25.613332700000001        276.79388399999999        3.7253203299999998E-003  -2.6437618058133272      -0.12557223308846183       0.23131987104191296        6.1654549823395528E-002
   10.000000000000000        276.76690700000000        3.7801002600000000E-003  -2.3269848556336581      -0.10994113058591340        7.5866163911260637E-002   4.9225717533968039E-002
   1997.2254600000001        290.87830295937715        6.2039996794493839E-004  -1.1746649803004243        1.7031051191356885       0.17883950271140950        4.7507752330557028E-003
   1971.7959000000001        290.87349494711253        6.3469867259362506E-004  -1.1882968746392912        1.6900474926314188       0.17883950271140950        4.7507752330557028E-003
   1946.3670700000000        290.84910015173199        6.5707857164739431E-004  -1.2140711972813920        1.6614423019962878       0.34139585257049038        7.3866867002687023E-003
   1920.9388400000000        290.81463361270170        6.7506225601844422E-004  -1.2437526344385168        1.6245533607047959       0.44384496104171894        1.0267301752048597E-002
   1895.5111099999999        290.76976755265014        6.8822266669088072E-004  -1.2752021878075535        1.5806528250280003       0.51867836296318370        1.1959401703977638E-002
   1870.0839800000001        290.71059639633830        6.9573964943911383E-004  -1.3071447252435031        1.5300609813013106       0.56989245270473343        1.2178169200806496E-002
   1844.6575900000000        290.63844223901060        6.9856014851428277E-004  -1.3380283399930057        1.4737235118523495       0.61123841248567357        1.2300838841246269E-002
   1819.2318100000000        290.55221769197880        6.9932128853961910E-004  -1.3667228374305964        1.4121828724530030       0.64179600856844166        1.2019634777684151E-002
   1793.8067599999999        290.42777347139184        6.9948651549444957E-004  -1.3930908126946802        1.3438046171807505       0.64280905102369468        9.6413365372505777E-003
   1768.3824500000001        290.18787438146342        6.9953725690893149E-004  -1.4172325698283086        1.2651371221147263       0.60627860142866163        5.8738688557958569E-003
   1742.9588600000000        289.92788738255774        6.9983451121976984E-004  -1.4361046275779414        1.1835475911282956       0.61881395901680059        5.7032577582785335E-003
   1717.5362500000001        289.66918942889043        7.0216911634128285E-004  -1.4492461165662198        1.1009545266165770       0.63383934200902514        5.8333605208387689E-003
   1692.1140100000000        289.43623928533333        7.1285345139621874E-004  -1.4566563650042563        1.0194403589095016       0.65434382837187433        6.3896843999039846E-003
   1666.6927499999999        289.24972016727139        7.3345212532272539E-004  -1.4588068348031380       0.94111232668898337       0.68387268860552342        7.6369047359399790E-003
   1641.2723400000000        289.06928188031452        7.5829124913161282E-004  -1.4564562882972840       0.86401619734135171       0.69022577680391373        7.6922162151492977E-003
   1615.8527799999999        288.89170595906688        7.8675793473554929E-004  -1.4502832908693333       0.78829372169589174       0.69185801795991875        7.5705741444294285E-003
   1590.4340800000000        288.73310741189886        8.2366816570039151E-004  -1.4412109085261107       0.71531922761864031       0.70156088440752407        8.0305208949263511E-003
   1565.0162399999999        288.60129876648250        8.6867567857478226E-004  -1.4302383459003474       0.64593544653499557       0.71717789040633761        8.9978470989293020E-003
   1539.5992400000000        288.47339493741987        9.1683556261597850E-004  -1.4178818381535199       0.57835822518439872       0.71353698580484526        8.7874513568237667E-003
   1514.1834699999999        288.33997356633893        9.5826228947593246E-004  -1.4046629238621777       0.51176455757746631       0.70027874850369332        8.0326530080314616E-003
   1488.7685500000000        288.13322948708742        9.6892192853837344E-004  -1.3902727000243602       0.44180185061337296       0.64383846239173492        5.2175191955809016E-003
   1463.3546100000001        287.82457415031365        9.2561459258098879E-004  -1.3752876223499642       0.36872367578799486       0.59298397371759504        3.4744453216639841E-003
   1437.9417699999999        287.51162215085554        8.7566412425007557E-004  -1.3611015596223137       0.29711060756097141       0.57786926520390203        3.1796517412533221E-003
   1412.5300299999999        287.19891273189944        8.3340907831127100E-004  -1.3480346804420997       0.22725318532013034       0.56112110623983014        2.9111987950423963E-003
   1387.1193800000001        286.88699072022604        8.5999682488419017E-004  -1.3362100985099250       0.15932627611347880       0.54153907984296190        2.6353464130142567E-003
   1361.7099599999999        286.57592627428659        9.5303264822286745E-004  -1.3256211699933858        9.3519494027634709E-002  0.51892303354927460        2.3520458365911103E-003
   1336.3018800000000        286.26535992535509        1.0541457133033832E-003  -1.3161852202631636        3.0035182286734838E-002  0.49299821357400192        2.0621349137714680E-003
   1310.8949000000000        285.96050019067803        1.1581005653723715E-003  -1.3078291797832822       -3.0715427040589469E-002  0.46488232340513463        1.7969199071139381E-003
   1285.4893800000000        285.75834785127040        1.2456265538026926E-003  -1.3009442665455873       -8.4911345981054806E-002  0.46121549435765413        2.1292666335842800E-003
   1260.0852100000000        285.62641254329787        1.3175575669476449E-003  -1.2954115570190003      -0.13285413647149191       0.45325723832776404        2.4975739807771621E-003
   1234.6824999999999        285.50115940384831        1.3914536438153027E-003  -1.2909528673179098      -0.17770845657385689       0.41514864517450900        2.0885839722923284E-003
   1209.2811300000001        285.37402528220667        1.4647972813519124E-003  -1.2879102691265980      -0.21994031551987497       0.37221571709287865        1.6158423780835440E-003
   1183.8813500000001        285.21801397759333        1.5422352969121813E-003  -1.2872213568316526      -0.26077240686307385       0.32059057214902598        1.0449123914375430E-003
   1158.4832799999999        285.04165273283178        1.6195185025749605E-003  -1.2915024175200400      -0.29930626550925127       0.28136396365224969        7.4235720114023730E-004
   1133.0869100000000        284.86409341302226        1.6957039898010669E-003  -1.3062651378255719      -0.33204088242044461       0.26559811323671578        6.9720737196921328E-004
   1107.6922600000000        284.68551430437242        1.7710340507938467E-003  -1.3391775107558321      -0.35133924631489649       0.28744437139444329        7.5061806781390249E-004
   1082.3005400000000        284.43430857201741        1.8314864670122546E-003  -1.3877933633674815      -0.34891889434710116       0.38725538269941695        1.0865553570988604E-003
   1056.9097899999999        284.15013231831756        1.8830684603079355E-003  -1.4427319796626590      -0.32850944998427134       0.53424561073595611        1.9158893594686480E-003
   1031.5210000000000        283.86672758625048        1.9341778958902683E-003  -1.5005470626013577      -0.29601763623871474       0.69242141932599066        3.1804657086212801E-003
   1006.1343400000000        283.58555162768033        1.9859379524632334E-003  -1.5606743035521218      -0.25489851245735029       0.84757602509280006        4.7182498408923253E-003
   980.75000000000000        283.36422298133260        2.0368851204564903E-003  -1.6209368259496471      -0.20884878061792170        1.0418945775931827        7.9819329845881980E-003
   955.36804199999995        283.16835929824498        2.0906079986032153E-003  -1.6828527139845668      -0.15836808252679846        1.2372072351381622        1.1856103278944180E-002
   929.98846400000002        283.04765926506388        2.1397859857761135E-003  -1.7434335744407028      -0.10711441158376041        1.5496145440599767        2.3855160569571092E-002
   904.61157200000002        282.94795052946813        2.1882930363747340E-003  -1.8060343380250747       -5.3110930805568238E-002   1.8517539123627327        3.7423461007086121E-002
   879.23742700000003        282.85053999227313        2.2399298914307585E-003  -1.8726817509812992        5.1925096433068666E-003   2.1563219683565156        5.0986033072564371E-002
   853.86627199999998        282.75316935578292        2.3009822717455883E-003  -1.9436889435347691        6.8637211134143963E-002   2.4997586323343151        6.8084434615421505E-002
   828.49829099999999        282.65480690443218        2.3834720601764491E-003  -2.0188119276098688       0.13838189391158978        2.8850364085853131        8.9707876751175697E-002
   803.13348399999995        282.54752685085134        2.4715783287933505E-003  -2.0982435593020385       0.21673188001061741        3.2793419241082398       0.11006256570855397     
   777.77227800000003        282.36681733203449        2.5917613004383978E-003  -2.1871139507565132       0.31205708911908087        3.5007818461297706        9.4003817448967256E-002
   752.41485599999999        282.18462339106219        2.9318282842515533E-003  -2.2780288942761393       0.42068619170479749        4.0987976814496978       0.12826487931348315     
   727.06133999999997        282.17673690836085        3.2346267155468423E-003  -2.3329362321315874       0.49461263294133656        6.9413508012237601        1.9567373920228333     
   701.71209699999997        282.17163388468242        3.3165421644940529E-003  -2.3729427267309298       0.55566405769886851        5.4370137773865022        1.4813326831658598     
   676.36755400000004        282.17053106898402        3.3652094428903616E-003  -2.4040468094976264       0.61098823666464019        7.4518611782435462        5.1195443489856149     
   651.02789299999995        282.15426202098422        3.3766597597428764E-003  -2.4118151057416091       0.62608392489279929       0.20891749624179284        9.7710676276571815E-004
   625.69360400000005        282.17024982646069        3.4342405833204725E-003  -2.4406504137664680       0.69015029283419171        139.63976414012876        163.91322238917570     
   600.36511199999995        282.15448192437196        3.4425073788303053E-003  -2.4445416395325599       0.70037715838237502        9.4460554960210580E-002   2.1229855957218528E-004
   575.04284700000005        282.18373231946265        3.5004837387363984E-003  -2.4644136521830751       0.76123751998835820        179.84462095915032        200.57323595793613     
   549.72741699999995        282.16912195402148        3.5084655810651475E-003  -2.4668122014162166       0.77002498810453335        7.6334029577968698E-002   1.6779849441918402E-004
   524.41943400000002        282.21620807659298        3.5741533133193362E-003  -2.4811221826183578       0.83348630826078407        209.58596670014546        228.09804141501516     
   499.11962899999997        282.20332431835709        3.5824869165179038E-003  -2.4826031915147584       0.84184111692482988        6.8036667622101352E-002   1.4598494504007155E-004
   473.82891799999999        282.27082399166983        3.6556900896298106E-003  -2.4911905966129484       0.90732812763866288        224.60345403512588        240.52546263849075     
   448.54824800000000        282.26027228905963        3.6646589295010121E-003  -2.4918784439607027       0.91555402573589928        6.2218173122428368E-002   1.3000843535206772E-004
   423.27871699999997        282.35071313821379        3.7443914994522882E-003  -2.4943061823285375       0.98149630548206857        226.67798687828869        239.69550218345373     
   398.02175899999997        282.34337329106785        3.7542975064474180E-003  -2.4942074112681323       0.98978459322153478        5.9343720677798230E-002   1.2900208751099037E-004
   372.77890000000002        282.45980370043685        3.8396610261079455E-003  -2.4901237181731202        1.0543102526492043        217.45235361153388        227.47815713133522     
   347.55215500000003        282.45902122744764        3.8520413122131265E-003  -2.4890326689889690        1.0635770610915709       0.19028824762599589        5.0071017691209726E-003
   322.34393299999999        282.51778211000510        3.8962545708666543E-003  -2.4839059757342064        1.0948200917083890        125.62930636749306        129.32268392157656     
   297.15716600000002        282.52967113507879        3.9133836552354417E-003  -2.4811362044602858        1.1059558609665168        49.989707475762529        51.120809245477474     
   271.99560500000001        282.55223820921844        3.9345131708077175E-003  -2.4770014202989268        1.1186937837108248        60.008151586374346        61.098369053196691     
   246.86404400000001        282.57971386812130        3.9565470053696478E-003  -2.4719322296179982        1.1308314764997731        56.674961786733462        57.536407305138120     
   221.76879900000000        282.61411090592946        3.9801804914548575E-003  -2.4656948061873987        1.1425320230411680        53.112071424155772        53.789314997175829     
   196.71839900000001        282.65757648142142        4.0060363803199961E-003  -2.4580070184233329        1.1537916759048872        48.671178326420161        49.193510939426147     
   171.72468599999999        282.71335841525666        4.0350316286925127E-003  -2.4484292649628490        1.1645709580051806        43.414576439121539        43.808528935120705     
   146.80502300000001        282.78666228605050        4.0686074571045228E-003  -2.4362452644037083        1.1747638603217478        37.417920757132194        37.707108827201644     
   121.98595400000001        282.88652839864136        4.1092328788029714E-003  -2.4202009414706551        1.1841302318252991        30.787882989558494        30.992732916526140     
   97.311340299999998        283.03051846149322        4.1616562486742050E-003  -2.3978529830737645        1.1921143823169886        23.681746161766334        23.819122437176098     
   72.861091599999995        283.25900014196810        4.2367029532111872E-003  -2.3635875522339171        1.1972512009574432        16.346470568759365        16.429729574349039     
   48.804748500000002        283.69480029331839        4.3670499306222108E-003  -2.3003723522517912        1.1944762400785436        9.2141880265266671        9.2546124714648759     
   25.613332700000001        284.64049193991622        4.6292240881261205E-003  -2.1667627951088928        1.1638493283930080        4.1152432955041078        4.1309135590179293     
   10.000000000000000        288.43028509170131        5.6254892752756131E-003  -1.6452383580504248       0.96081976190077167       0.94104406784491357       0.94338369329945415     
   1997.2254600000001        290.87787207772692        6.2161816115821036E-004  -1.7852739145125474        1.7826259759210841        5.8086825096651230E-002   4.5518041751200708E-004
   1971.7959000000001        290.87277098306782        6.3525966716730707E-004  -1.7899999658507919        1.7730307665214118        5.8086825096651230E-002   4.5518041751200708E-004
   1946.3670700000000        290.84821157713094        6.5722212987014670E-004  -1.7945323008376390        1.7515588248709550       0.11459369757471317        7.8124752557921730E-004
   1920.9388400000000        290.81352533281256        6.7487184884709056E-004  -1.7966674648703742        1.7245396882909514       0.15044813864942239        1.1065800460455365E-003
   1895.5111099999999        290.76846116605492        6.8776561998812585E-004  -1.7957927048232021        1.6935575310621953       0.17687685457869085        1.3062877613555844E-003
   1870.0839800000001        290.70938923581303        6.9533524651954018E-004  -1.7914252652080385        1.6594288329568114       0.19542250174689352        1.3515721946576185E-003
   1844.6575900000000        290.63730228567334        6.9837045862280534E-004  -1.7832394191435825        1.6232866862703963       0.21057794780564820        1.3792234870440550E-003
   1819.2318100000000        290.55069631760364        6.9926235852248934E-004  -1.7709853221662040        1.5859055781110767       0.22222229737943403        1.3596543028411010E-003
   1793.8067599999999        290.42573585230429        6.9947587666655431E-004  -1.7539866691287476        1.5467609604446391       0.22416036998585820        1.1113007550922905E-003
   1768.3824500000001        290.18731422119134        6.9954870097337606E-004  -1.7309060539661487        1.5045394746436722       0.21308968899339992        6.9701452959446142E-004
   1742.9588600000000        289.92775004234534        6.9992645955348296E-004  -1.7036648694274605        1.4637283953919149       0.21776444109917292        6.7741636769216070E-004
   1717.5362500000001        289.66947679630442        7.0256415741346326E-004  -1.6730455801988602        1.4255514712754436       0.22249218521078204        6.8932942537809389E-004
   1692.1140100000000        289.43693982491357        7.1347251240431585E-004  -1.6400419737356133        1.3910553319101204       0.22840115593925631        7.4575070600424388E-004
   1666.6927499999999        289.25007210896047        7.3369262882250143E-004  -1.6058154195070982        1.3610203610792422       0.23695099969983011        8.7427678618469829E-004
   1641.2723400000000        289.06966065919266        7.5846414197789573E-004  -1.5698457533739563        1.3345291595880531       0.23779747645818577        8.7137924529935042E-004
   1615.8527799999999        288.89234452538261        7.8730285233432392E-004  -1.5324658205020829        1.3115033940605247       0.23741981057410688        8.5154093870328732E-004
   1590.4340800000000        288.73391113471575        8.2437041786138552E-004  -1.4946677564390487        1.2921734203648245       0.24039347940508934        8.9958583402823152E-004
   1565.0162399999999        288.60176442749707        8.6877378776038067E-004  -1.4572320182830447        1.2764142754192205       0.24635794036007566        1.0094407135571662E-003
   1539.5992400000000        288.47370338393603        9.1618480972631812E-004  -1.4195214747049536        1.2633620035429045       0.24743987689659452        1.0060121040996420E-003
   1514.1834699999999        288.33961697337804        9.5641956051403906E-004  -1.3812491996827565        1.2523663810810295       0.24683223640689850        9.4993550518119891E-004
   1488.7685500000000        288.13288777897355        9.6750532680827295E-004  -1.3400059795460435        1.2422586943781153       0.23272592000435058        6.5491974431378585E-004
   1463.3546100000001        287.82503386955938        9.2553788546822602E-004  -1.2986083650727933        1.2335755578889180       0.23630831603940133        6.5637023184918805E-004
   1437.9417699999999        287.51214644665481        8.7591739171135696E-004  -1.2579149759770516        1.2263661111003692       0.23636655751823010        6.5410231950470063E-004
   1412.5300299999999        287.19944729789864        8.3475790588206271E-004  -1.2185705872376846        1.2206649655241153       0.23272752546062517        6.4158967492239003E-004
   1387.1193800000001        286.88752133367279        8.6107009130601854E-004  -1.1812276307561052        1.2165170418027977       0.22507271500272338        6.1807486469537881E-004
   1361.7099599999999        286.57645450957017        9.5299895893599315E-004  -1.1469395232854218        1.2140104675370054       0.21068664771819037        5.7626328289960851E-004
   1336.3018800000000        286.26601303514053        1.0539866263812136E-003  -1.1187376404229565        1.2134786284558923       0.17678486194546869        4.8155968844959627E-004
   1310.8949000000000        285.96133224880720        1.1581246457781178E-003  -1.1250046235888131        1.2249464882146086        8.3740945758639204E-002   2.2715258654003740E-004
   1285.4893800000000        285.75647447075045        1.2471632108835258E-003  -1.1881300813510958        1.2484234430908514       0.68971064370737323        4.8105324502237456E-003
   1260.0852100000000        285.62059253278471        1.3215477333363575E-003  -1.2642834172282467        1.2787062473627075        1.2493029869842103        1.9683250028560140E-002
   1234.6824999999999        285.49071736299413        1.3976243503976103E-003  -1.3516985487289463        1.3166328321793923        1.7397863092800956        3.8877279622696333E-002
   1209.2811300000001        285.35667055714669        1.4720677167157656E-003  -1.4485120870444437        1.3625398911293276        2.1899639933407089        5.9909259556098257E-002
   1183.8813500000001        285.19392061064070        1.5513113482577563E-003  -1.5554212621055472        1.4178479457006279        2.5540692324603147        7.2307154264760240E-002
   1158.4832799999999        285.01146584149291        1.6313671824114862E-003  -1.6697503323439178        1.4823157020709050        2.9159790521506745        8.7187161709293276E-002
   1133.0869100000000        284.82575942634952        1.7077241079254458E-003  -1.7883833606856567        1.5551864953469190        3.2973937278673260       0.10859775063872334     
   1107.6922600000000        284.62935577226875        1.8038661892328630E-003  -1.9106649721087965        1.6369926008626421        3.6360763658482886       0.12584479671706328     
   1082.3005400000000        284.37761323199976        2.2093973016066660E-003  -2.0387652605985842        1.7303888236830629        3.8137595199427690       0.11862839997729455     
   1056.9097899999999        284.27954075774801        3.3746427837366643E-003  -2.1454009486482088        1.8151811485433058        4.4271320929190017       0.26214157874361388     
   1031.5210000000000        284.28049542768122        3.4196423149190735E-003  -2.2078387485930988        1.8704098406462510        36.219257317375884        61.548828397998157     
   1006.1343400000000        284.27326518598056        3.4267368571209017E-003  -2.2185112371169255        1.8807099236998943       0.21665822878919372        1.9685480532142504E-003
   980.75000000000000        284.28597603709341        3.4649296683306849E-003  -2.2574255479790395        1.9211794316486295        162.18858112314237        198.51617028297167     
   955.36804199999995        284.27902244083413        3.4698400737508553E-003  -2.2625521930308512        1.9269187968425088        6.3745043120425671E-002   1.6075140246002588E-004
   929.98846400000002        284.30730369350317        3.5168946697436330E-003  -2.3002448003398461        1.9719722567671760        253.29132774529464        292.91697217359132     
   904.61157200000002        284.30100989293226        3.5214676489656932E-003  -2.3039567491904798        1.9767654602240130        5.1449899906429855E-002   1.2804773748820769E-004
   879.23742700000003        284.35555920683231        3.5833844629190688E-003  -2.3422430293381908        2.0310350520595883        352.05338487890992        395.49376002905046     
   853.86627199999998        284.35069738326763        3.5882572256188652E-003  -2.3451805905253313        2.0356292841695911        4.7194813916040301E-002   1.1581598806767167E-004
   828.49829099999999        284.46680365377546        3.6871536239112706E-003  -2.3912288999859199        2.1160376217252406        497.60756223087026        553.59872997445416     
   803.13348399999995        284.46528016092532        3.6937439290673285E-003  -2.3942813168150470        2.1218809399399463       0.10193200799005719        8.2250380107933875E-004
   777.77227800000003        284.55456444122285        3.7646369747228610E-003  -2.4243559332517961        2.1822999061307158        424.87987890614050        463.02776797530498     
   752.41485599999999        284.55746749150552        3.7736855259121968E-003  -2.4277663410531347        2.1898111367922519        76.807156098125191        81.440359558745314     
   727.06133999999997        284.57394656610836        3.7914130582136119E-003  -2.4340139559988776        2.2042586505969868        179.74877616698268        188.26193811141377     
   701.71209699999997        284.58631104315737        3.8060224256235382E-003  -2.4388610730702434        2.2161123034440919        151.06175653031900        157.61193502401477     
   676.36755400000004        284.60224269661450        3.8224665763481498E-003  -2.4439456245399369        2.2292804277794276        165.65536981087971        172.44584148281496     
   651.02789299999995        284.61795205155272        3.8383339249176184E-003  -2.4484893157689460        2.2418271329388393        158.57934097362985        164.60499647592425     
   625.69360400000005        284.63519654427023        3.8546749313996178E-003  -2.4527781259894295        2.2545442020854343        159.62011223604972        165.28567953919276     
   600.36511199999995        284.65281206237000        3.8707734349377764E-003  -2.4566044937100129        2.2668560218573268        154.51682303945225        159.58794960582426     
   575.04284700000005        284.67135484976291        3.8869293426427674E-003  -2.4600252978114545        2.2789612125108163        151.28088647591781        155.87123733627311     
   549.72741699999995        284.69050123927548        3.9029373101045388E-003  -2.4629782430346761        2.2906758488856709        146.13331936782851        150.20531547045672     
   524.41943400000002        284.71044012653869        3.9188766777057413E-003  -2.4654596282055841        2.3020209613265550        141.16066367973005        144.75789514509236     
   499.11962899999997        284.73114923416927        3.9347100420734030E-003  -2.4674420578688832        2.3129277840381373        135.54548811545905        138.68354200486746     
   473.82891799999999        284.75274425209875        3.9504705112657981E-003  -2.4689072032312258        2.3233704796200363        129.74419153311581        132.45508382858102     
   448.54824800000000        284.77533194701499        3.9661841498616303E-003  -2.4698334227039749        2.3333107164541791        123.67301050834759        125.98735444665978     
   423.27871699999997        284.79907900354056        3.9819041302551986E-003  -2.4701992349365822        2.3427191039313877        117.43647661211595        119.38898818452381     
   398.02175899999997        284.82419962388769        3.9977033700696243E-003  -2.4699814202882786        2.3515681629898437        111.06027882899271        112.68726283292341     
   372.77890000000002        284.85097740058586        4.0136830880068419E-003  -2.4691536520883139        2.3598345321318313        104.58101299110606        105.92022127880591     
   347.55215500000003        284.87978140231490        4.0299774219030990E-003  -2.4676837194010544        2.3674971223731869        98.015137839684485        99.104754543047747     
   322.34393299999999        284.91109236141091        4.0467611997294910E-003  -2.4655292602712602        2.3745347235424368        91.366067484603647        92.243823557492263     
   297.15716600000002        284.94553890812614        4.0642602793897553E-003  -2.4626314198082260        2.3809214592956240        84.622953126497691        85.325202277457109     
   271.99560500000001        284.98395165844585        4.0827671423301999E-003  -2.4589055597007405        2.3866196108957185        77.762985566262302        78.323796685875337     
   246.86404400000001        285.02744724804120        4.1026657016218762E-003  -2.4542274139217755        2.3915685897368251        70.755803383664272        71.206015521158974     
   221.76879900000000        285.07756532936554        4.1244727245917864E-003  -2.4484115458919860        2.3956677222969094        63.569360031205683        63.935486064300228     
   196.71839900000001        285.13650390094011        4.1489102264466605E-003  -2.4411756490559906        2.3987479535497784        56.176872707889238        56.479875502450248     
   171.72468599999999        285.20754848087427        4.1770387605709761E-003  -2.4320767780184522        2.4005215496423515        48.564761357092955        48.819077765089062     
   146.80502300000001        285.29591693812631        4.2105209081578897E-003  -2.4203868953892944        2.4004837862251369        40.741586033742301        40.954991911730311     
   121.98595400000001        285.41059381770066        4.2521939496782723E-003  -2.4048229340352458        2.3976974232619117        32.750943348645485        32.925561362145210     
   97.311340299999998        285.56889405390962        4.3074941188230732E-003  -2.3828737881182671        2.3902465920579088        24.691454163232724        24.825699875125224     
   72.861091599999995        285.81029858861268        4.3887704960992166E-003  -2.3487529651550783        2.3735410798422283        16.754599526127031        16.845838489499322     
   48.804748500000002        286.25376399945145        4.5331304713514880E-003  -2.2848796679951220        2.3330729851973215        9.3150981201060237        9.3633168424892546     
   25.613332700000001        287.18018198532735        4.8268276281566713E-003  -2.1482911765740860        2.2271285355173465        4.1327140530117950        4.1523917946687297     
   10.000000000000000        290.70757603887495        5.9253345893605300E-003  -1.6171626186203514        1.7468287750108575       0.95626726458425793       0.95922973518133403     
   1997.2254600000001        290.87783218572054        6.2172421018737568E-004  -3.2569510509564807        1.3914830907227822        3.2811679964405337E-002   1.4136275357464869E-004
   1971.7959000000001        290.87269864668059        6.3529972812528303E-004  -3.2648335133274893        1.3901303100365012        3.2811679964405337E-002   1.4136275357464869E-004
   1946.3670700000000        290.84812939386740        6.5723014206116033E-004  -3.2710562162669072        1.3830572890252568        3.3074803004767429E-002   9.7220944259808684E-005
   1920.9388400000000        290.81342794236423        6.7485774465165995E-004  -3.2721662658396649        1.3746295753485640        3.0586613632091853E-002   8.9687138907406435E-005
   1895.5111099999999        290.76834239159558        6.8773319613009746E-004  -3.2683667422902620        1.3667681307116502        3.2200814716210273E-002   9.4184749470954636E-005
   1870.0839800000001        290.70926402852717        6.9530403400818895E-004  -3.2599432152039367        1.3606489784636431        3.9355259691111547E-002   1.1481789284947222E-004
   1844.6575900000000        290.63715840096495        6.9835432996559010E-004  -3.2472118575532876        1.3571566336329712        5.1148774930562385E-002   1.4883755434767331E-004
   1819.2318100000000        290.55043780842072        6.9925676184265481E-004  -3.2306227387480306        1.3569385239333951        6.5886239942590061E-002   1.9121380611828115E-004
   1793.8067599999999        290.42504019057225        6.9947474794320212E-004  -3.2108446615780717        1.3604035541679271        8.1735996415269463E-002   2.3657079276938943E-004
   1768.3824500000001        290.18705942914994        6.9955099939002002E-004  -3.1887112152334831        1.3678596435301569        9.7450546131848281E-002   2.8127460809014343E-004
   1742.9588600000000        289.92766870569534        6.9994402583192479E-004  -3.1651298341667293        1.3795887628908441       0.11264015163707923        3.2419956056661868E-004
   1717.5362500000001        289.66959540586345        7.0263110061583760E-004  -3.1409962879790587        1.3958179309118817       0.12748720689437101        3.6587468933053040E-004
   1692.1140100000000        289.43720617187603        7.1355764484024085E-004  -3.1171132660658789        1.4166791347444918       0.14247600845441066        4.0768695952804826E-004
   1666.6927499999999        289.25007725500876        7.3373874580907287E-004  -3.0940991843701604        1.4422450230086832       0.15839865900403766        4.5188483305868838E-004
   1641.2723400000000        289.06962463636353        7.5851079674434780E-004  -3.0722762956825083        1.4728268964671827       0.17729751478719979        5.0424431814153042E-004
   1615.8527799999999        288.89231447876369        7.8742683950230104E-004  -3.0522115064715249        1.5090340498781147       0.21152655794339290        6.7330900038956021E-004
   1590.4340800000000        288.73370688972426        8.2461143589177010E-004  -3.0367533864366294        1.5515859437935984       0.27254312314001933        1.1609087243387758E-003
   1565.0162399999999        288.60120439869422        8.6904536041061730E-004  -3.0340600986705333        1.6025711248852934       0.38484741922792115        2.5046059163852082E-003
   1539.5992400000000        288.47226755314625        9.1642658757848405E-004  -3.0563119751403462        1.6600801350819017       0.57657993083674575        5.6486160237755574E-003
   1514.1834699999999        288.33586690539886        9.5564989889154880E-004  -3.1057297405612485        1.7169336261042445       0.84740391530724579        1.1751482647600845E-002
   1488.7685500000000        288.12501391628683        9.6503685055294628E-004  -3.1805186799362115        1.7743791577135393        1.0931837952436436        1.5311865599289451E-002
   1463.3546100000001        287.81333451869324        9.2341204140076625E-004  -3.2771610556997244        1.8335340423633042        1.3296981978802820        1.8098512186687208E-002
   1437.9417699999999        287.49437017029396        8.7530089945332744E-004  -3.3870265675651003        1.8935672918649447        1.6317600642063750        2.6470604749172615E-002
   1412.5300299999999        287.17432907578728        8.4696688040000430E-004  -3.5067359518503896        1.9567118244927184        1.9362532424839871        3.6527125954352764E-002
   1387.1193800000001        286.85392784252684        8.8366649551496117E-004  -3.6338102101705796        2.0249357693927701        2.2363338417590533        4.7752408370138652E-002
   1361.7099599999999        286.53334376320441        9.7355523985022310E-004  -3.7661448722068909        2.0998199439146528        2.5294982036305336        5.9832064175083299E-002
   1336.3018800000000        286.21358112985433        1.0986409168362891E-003  -3.9017648121619013        2.1825603129773428        2.8150816549583952        7.2644818520226501E-002
   1310.8949000000000        285.91271909616410        1.3727898898209660E-003  -4.0376064329272801        2.2732448316855161        3.1181407698504078        9.0151997896607647E-002
   1285.4893800000000        285.70762908849639        2.1583830181885039E-003  -4.1653718633542898        2.3675080509761641        3.5870345690614522       0.14398585383016635     
   1260.0852100000000        285.59713375327578        3.4930972159820314E-003  -4.2799745850267747        2.4615282640978227        4.2294156126193245       0.27518981285233435     
   1234.6824999999999        285.59453397412051        3.5791636164338525E-003  -4.3455512275469257        2.5216453217982893        7.6146846884290227        5.4268043459771365     
   1209.2811300000001        285.59467777557330        3.5980788775092794E-003  -4.3803053137242278        2.5571580725349565        14.446518543386366        26.857913512295376     
   1183.8813500000001        285.59522134049644        3.6115785171701507E-003  -4.3989671893858500        2.5783170817920738        26.531175198047578        40.182833995740069     
   1158.4832799999999        285.59601507127809        3.6229882298345760E-003  -4.4121255190648867        2.5947837406443486        36.798753677401201        50.131984499955102     
   1133.0869100000000        285.59701647204474        3.6333662455191504E-003  -4.4226311018458562        2.6092315780571713        44.823769018533156        57.596553649702813     
   1107.6922600000000        285.59820543185356        3.6431375973416395E-003  -4.4315201812593141        2.6226221997585211        51.271713277941267        63.476778476075708     
   1082.3005400000000        285.59956986461839        3.6525111750599351E-003  -4.4392784737357189        2.6353948115655119        56.598579829262761        68.268552314999610     
   1056.9097899999999        285.60110167892100        3.6616041504702337E-003  -4.4461730780045956        2.6477824115618334        61.086647112276836        72.257454553815421     
   1031.5210000000000        285.60279523102810        3.6704888035449142E-003  -4.4523672156489953        2.6599212912034362        64.913125905154459        75.615034555925348     
   1006.1343400000000        285.60464654693573        3.6792129630945792E-003  -4.4579681515708005        2.6718965524009564        68.195596002555504        78.452846990255807     
   980.75000000000000        285.60665293717898        3.6878102856946395E-003  -4.4630501989340683        2.6837639583005726        71.015390302146628        80.847195291093016     
   955.36804199999995        285.60881274588951        3.6963056923124222E-003  -4.4676667813705020        2.6955612168786600        73.430335549232552        82.851936272956621     
   929.98846400000002        285.61112518625788        3.7047184847908711E-003  -4.4718572942122750        2.7073143126647405        75.482833818197662        84.506517944222679     
   904.61157200000002        285.61359025857155        3.7130643400959044E-003  -4.4756512891139462        2.7190413952317600        77.203916045284203        85.839634508238774     
   879.23742700000003        285.61620868885899        3.7213565330713482E-003  -4.4790710888485750        2.7307551584488916        78.617299955625299        86.873376695826948     
   853.86627199999998        285.61898190972016        3.7296067967541656E-003  -4.4821335086501275        2.7424644278215005        79.740857996583458        87.624386369325606     
   828.49829099999999        285.62191206500648        3.7378259317163470E-003  -4.4848510062772364        2.7541752462835372        80.588181902832417        88.105363476561763     
   803.13348399999995        285.62500199956526        3.7460241594719926E-003  -4.4872324256432305        2.7658914921351667        81.170277551045828        88.326801962173377     
   777.77227800000003        285.62825530457826        3.7542114969642279E-003  -4.4892835316982467        2.7776154338062047        81.495009804715380        88.296116155447692     
   752.41485599999999        285.63167636845219        3.7623980309636836E-003  -4.4910073488236026        2.7893480991645063        81.568693045518259        88.019398999056335     
   727.06133999999997        285.63527042677947        3.7705941089275826E-003  -4.4924043477094520        2.8010894679953111        81.396556573796047        87.501838200051921     
   701.71209699999997        285.63904363438354        3.7788105310623309E-003  -4.4934725335295695        2.8128386054968324        80.982439927991805        86.747280537663613     
   676.36755400000004        285.64300318842191        3.7870588056140172E-003  -4.4942074501668383        2.8245938321098745        80.329167578647969        85.758618590121799     
   651.02789299999995        285.64715743147019        3.7953513098103269E-003  -4.4946020751957692        2.8363527142124312        79.439609036056936        84.538960623289896     
   625.69360400000005        285.65151601024928        3.8037015332457714E-003  -4.4946466371374276        2.8481120712067143        78.315794228870161        83.090573031455378     
   600.36511199999995        285.65609006111362        3.8121243363201870E-003  -4.4943283334554369        2.8598679376282004        76.959635279391534        81.415690998048845     
   575.04284700000005        285.66089242945571        3.8206362364873138E-003  -4.4936309329170081        2.8716154406279411        75.373177164409498        79.516768967281294     
   549.72741699999995        285.66593795293193        3.8292557789083590E-003  -4.4925342445757250        2.8833486597755709        73.558324082212707        77.396163019072247     
   524.41943400000002        285.67124380369364        3.8380039756572954E-003  -4.4910134143149172        2.8950603969418602        71.517328456767544        75.056663924591547     
   499.11962899999997        285.67682991257556        3.8469048510108178E-003  -4.4890380001326102        2.9067418516238979        69.252844768026137        72.501543659002536     
   473.82891799999999        285.68271952253019        3.8559861675774142E-003  -4.4865707486521433        2.9183822199250180        66.767884602133449        69.734498540169938     
   448.54824800000000        285.68893988029100        3.8652803414608982E-003  -4.4835659676114679        2.9299681098617274        64.066274765159690        66.760141319410323     
   423.27871699999997        285.69552310270831        3.8748256092453162E-003  -4.4799673546190357        2.9414826859743322        61.152814332435142        63.584154916883897     
   398.02175899999997        285.70250734764107        3.8846676527961362E-003  -4.4757050244116705        2.9529045657579140        58.033150685519210        60.213142684159465     
   372.77890000000002        285.70993830503340        3.8948617240505234E-003  -4.4706914246971623        2.9642061415868373        54.714601025963034        56.655486632016483     
   347.55215500000003        285.71787123039792        3.9054756416643291E-003  -4.4648155659817617        2.9753512179185009        51.206043990911525        52.921185061633714     
   322.34393299999999        285.72637370571658        3.9165940155164560E-003  -4.4579347190255971        2.9862914925736841        47.518549239787895        49.022461078980399     
   297.15716600000002        285.73552945876719        3.9283243507163930E-003  -4.4498621686152360        2.9969611630824371        43.666021601585442        44.974339357766674     
   271.99560500000001        285.74544379008665        3.9408061639844899E-003  -4.4403486061053394        3.0072684802251839        39.665791593630438        40.795107748658609     
   246.86404400000001        285.75625147709189        3.9542250530609016E-003  -4.4290528846675459        3.0170820245251200        35.539644834709890        36.507162423796430     
   221.76879900000000        285.76812867264658        3.9688353436048195E-003  -4.4154941255166129        3.0262075292800308        31.314989312798836        32.137903530187963     
   196.71839900000001        285.78131151002157        3.9849984038134046E-003  -4.3989692970286907        3.0343468082518266        27.026320401080003        27.720872170309597     
   171.72468599999999        285.79612642919017        4.0032514166776223E-003  -4.3784025060507634        3.0410203857662803        22.717159190529152        23.297403698177543     
   146.80502300000001        285.81304235826451        4.0244407540071889E-003  -4.3520470106948741        3.0454103367805856        18.442373452376827        18.918883172115599     
   121.98595400000001        285.83276538607254        4.0500066088450604E-003  -4.3168341072138023        3.0460069092118132        14.272028219353770        14.651021193022563     
   97.311340299999998        285.85641979104707        4.0826751334311160E-003  -4.2667440246255870        3.0396972123243819        10.297789737365756        10.581355146443517     
   72.861091599999995        285.88589263794921        4.1284838516544783E-003  -4.1878629419781603        3.0189050422925123        6.6455027660516226        6.8337815717236543     
   48.804748500000002        285.92413572650690        4.2046336714777139E-003  -4.0382239293700204        2.9594363014506215        3.5029179415573877        3.5996370204504040     
   25.613332700000001        285.95456107174834        4.3399614419635229E-003  -3.7226200332116388        2.7923636653394990        1.5145028343101310        1.5503932914545147     
   10.000000000000000        285.81068065804385        4.7583860907357096E-003  -2.6470091171195320        2.0965659173150644       0.40051361116922046       0.34665069813304589     
   1997.2254600000001        290.87776560643800        6.2189953270925635E-004  -5.1150641075017544      -0.61590062042883464        6.1382616100686370E-002   5.0948956565730530E-004
   1971.7959000000001        290.87266195870649        6.3527457734507823E-004  -5.1260314257436868      -0.61499319935226238        6.1382616100686370E-002   5.0948956565730530E-004
   1946.3670700000000        290.84813236849465        6.5720167845754063E-004  -5.1444313067462710      -0.61549216928194350        8.1310863216198015E-002   3.8804858857040351E-004
   1920.9388400000000        290.81343307467176        6.7484136333943669E-004  -5.1633732503945060      -0.61497425954845764        7.4673283336312943E-002   2.6509597177465919E-004
   1895.5111099999999        290.76830122408330        6.8772872425970318E-004  -5.1805054927222391      -0.60921772429058552        6.6653264264635137E-002   1.9495534667406147E-004
   1870.0839800000001        290.70917242445165        6.9529906703179865E-004  -5.1953750230689453      -0.59518705366548652        7.7278238450467829E-002   2.2545714528738697E-004
   1844.6575900000000        290.63699470609617        6.9834982862035779E-004  -5.2102445516300424      -0.57314563601381630       0.10984523243096209        3.6581440961701989E-004
   1819.2318100000000        290.55004806716136        6.9925433448296667E-004  -5.2275111492244619      -0.54344525523713283       0.17018042279219397        7.8724299831189578E-004
   1793.8067599999999        290.42399201116683        6.9947403759685071E-004  -5.2512883190843276      -0.50589941577902131       0.24164898183193526        1.2894717656852200E-003
   1768.3824500000001        290.18581782644878        6.9955525294203356E-004  -5.2876731484719901      -0.46051203816359748       0.30930013688406949        1.4890801485305909E-003
   1742.9588600000000        289.92564635734226        6.9999454408821253E-004  -5.3374689927902246      -0.41434890658922668       0.41112097425990907        2.4693408279701321E-003
   1717.5362500000001        289.66650001945931        7.0296967588634354E-004  -5.4001915739084865      -0.37104582565429206       0.52867721632386955        4.0192252507819208E-003
   1692.1140100000000        289.43282629659979        7.1452026211654999E-004  -5.4732766557833354      -0.33277712594300202       0.66346240775474741        6.5629308988366377E-003
   1666.6927499999999        289.24360545477037        7.3501930827287820E-004  -5.5532586855167647      -0.30031116827625892       0.81922831859871259        1.0985498884667488E-002
   1641.2723400000000        289.06098868756737        7.6057523638266918E-004  -5.6404599324690263      -0.27221920539993433       0.95725679494825178        1.4977544689844684E-002
   1615.8527799999999        288.88178024041031        7.9202560012668285E-004  -5.7337154691110159      -0.24774292178833002        1.0915497827387466        1.9254348907980522E-002
   1590.4340800000000        288.72132376259856        8.3181021521881802E-004  -5.8304952733437867      -0.22637773489585444        1.2406675249946246        2.5825951996602377E-002
   1565.0162399999999        288.58548393327726        8.7437156182322583E-004  -5.9289299466840681      -0.20739079250857795        1.4018987282477753        3.5281481134861722E-002
   1539.5992400000000        288.45309991465314        9.1359651184787834E-004  -6.0304029926568861      -0.18954675389956230        1.5308346270707065        4.1670730789308691E-002
   1514.1834699999999        288.30910390816013        9.4005194053622509E-004  -6.1360894839465239      -0.17181087937683898        1.6266310853278352        4.3864377382761055E-002
   1488.7685500000000        288.09481374499910        9.4577645044431841E-004  -6.2510581764784616      -0.15252761618053137        1.6316132707109354        3.4668591039894892E-002
   1463.3546100000001        287.78803460655627        9.1848334533359494E-004  -6.3747733154602546      -0.13079550234124704        1.6339203111301404        2.7898988294653849E-002
   1437.9417699999999        287.46980931622363        8.8756944074418426E-004  -6.5006981361307412      -0.10663858280877564        1.7102524200543348        2.9197484804426261E-002
   1412.5300299999999        287.15071901127141        8.8433539392732347E-004  -6.6275984414793649       -7.9256021741457502E-002   1.7896381160985921        3.1097699837426176E-002
   1387.1193800000001        286.83181234354532        9.3735706795764157E-004  -6.7548203992695397       -4.7801677540603632E-002   1.8644823537215187        3.2885487478871232E-002
   1361.7099599999999        286.51343181232818        1.0874446844533769E-003  -6.8817199549437635       -1.1478029205462544E-002   1.9344778579806314        3.4509058931043467E-002
   1336.3018800000000        286.19888095015619        1.4607837766177760E-003  -7.0074194110768984        3.0391558488488808E-002   2.0029803273783369        3.6270358099505684E-002
   1310.8949000000000        285.91434160084611        2.2653421017529659E-003  -7.1294827546218702        7.7802832227361979E-002   2.0963348881675765        4.0865153248989684E-002
   1285.4893800000000        285.73770177587522        3.2027025879433797E-003  -7.2404831312856208       0.12808257460427866        2.3210319186776625        6.3286312126562910E-002
   1260.0852100000000        285.69026396687212        3.5376998207530515E-003  -7.3287095754709597       0.17457127950977272        2.9120046807078976       0.19991660337227216     
   1234.6824999999999        285.67929158639106        3.6295042569366850E-003  -7.3973869305750251       0.21637839177032697        3.6989303496267363       0.69427884826259467     
   1209.2811300000001        285.67537963646822        3.6678082841206539E-003  -7.4544678104326447       0.25616687433628571        4.3752342648037486        1.5843912993387592     
   1183.8813500000001        285.67356252365704        3.6888011562640978E-003  -7.5036986907745948       0.29513343488625093        4.9631073001387769        2.7766040924668749     
   1158.4832799999999        285.67259671635742        3.7022116016748440E-003  -7.5469012688875665       0.33368268806731372        5.5090661863587691        4.2061643702223916     
   1133.0869100000000        285.67204955617581        3.7116094078898203E-003  -7.5851067705185402       0.37188311149875214        6.0439076517320460        5.8455729446879969     
   1107.6922600000000        285.67173429152245        3.7186071303146970E-003  -7.6189794059663782       0.40964602704673680        6.5898624408502107        7.6896389289974012     
   1082.3005400000000        285.67155780780018        3.7240423861072888E-003  -7.6489914397885981       0.44679877761194953        7.1672361172553742        9.7497518416729481     
   1056.9097899999999        285.67146874764569        3.7283924044856399E-003  -7.6754917291256524       0.48309875093601135        7.8028508880806564        12.060919979020326     
   1031.5210000000000        285.67143646803385        3.7319463656159389E-003  -7.6987335869338445       0.51821786678015291        8.5394143410656227        14.694242108385865     
   1006.1343400000000        285.67144145447674        3.7349348907849949E-003  -7.7188795153122411       0.55169796283391026        9.4570649330532763        17.520680379525917     
   980.75000000000000        285.67147434279838        3.7377243217771921E-003  -7.7365440050986525       0.58388275446971405        10.374461913242126        18.807222578643248     
   955.36804199999995        285.67153065785533        3.7403676862289379E-003  -7.7522583789078832       0.61517267521448515        11.223976853316589        19.868759664139862     
   929.98846400000002        285.67160708068502        3.7428952226593861E-003  -7.7663939058636711       0.64584072320345420        12.008858409931310        20.783242410897877     
   904.61157200000002        285.67170102047521        3.7453282891697628E-003  -7.7792250357760553       0.67609432330155494        12.724618367809432        21.571218341322211     
   879.23742700000003        285.67181039207679        3.7476831022018892E-003  -7.7909576332759451       0.70609418116079270        13.368168519191283        22.242184847080434     
   853.86627199999998        285.67193347414008        3.7499724519171138E-003  -7.8017473152627579       0.73596559977378484        13.938164435404499        22.801947051659024     
   828.49829099999999        285.67206881183057        3.7522066878957045E-003  -7.8117123178273706       0.76580685740490051        14.434484199392346        23.254720767674620     
   803.13348399999995        285.67221514589210        3.7543943328658415E-003  -7.8209425696146138       0.79569541511951525        14.857785211359685        23.604031652315154     
   777.77227800000003        285.67237136266391        3.7565425498772061E-003  -7.8295063564728258       0.82569327034666617        15.208786590473036        23.852421410756396     
   752.41485599999999        285.67253645547379        3.7586574674673850E-003  -7.8374550242256085       0.85585104829454639        15.488243357887223        24.002001030904303     
   727.06133999999997        285.67270949329287        3.7607444120881990E-003  -7.8448262614134290       0.88621109802817088        15.696812242915170        24.054549121543221     
   701.71209699999997        285.67288959500468        3.7628080938783668E-003  -7.8516463984129663       0.91681004666912591        15.834846857793787        24.011342524168327     
   676.36755400000004        285.67307590792876        3.7648527671294255E-003  -7.8579319858368066       0.94768113166982104        15.902413239883009        23.873291186292832     
   651.02789299999995        285.67326758473354        3.7668823297709419E-003  -7.8636906403536591       0.97885581778298825        15.899501180884354        23.641354203714382     
   625.69360400000005        285.67346376173987        3.7689004257127059E-003  -7.8689214262297709        1.0103654863487213        15.825806227304115        23.316183962442537     
   600.36511199999995        285.67366353420221        3.7709105235133049E-003  -7.8736147155009393        1.0422429640710482        15.680904913153167        22.898435479942496     
   575.04284700000005        285.67386592699665        3.7729159801791526E-003  -7.8777515133062641        1.0745240068765176        15.464320864329688        22.388872092632177     
   549.72741699999995        285.67406985951754        3.7749201062260811E-003  -7.8813022060653104        1.1072490543128468        15.175475039781661        21.788279934932063     
   524.41943400000002        285.67427410018934        3.7769262210414108E-003  -7.8842245492284810        1.1404652049517192        14.813817258948703        21.097678253730734     
   499.11962899999997        285.67447720647039        3.7789377066066495E-003  -7.8864606481923776        1.1742286976787792        14.378853339550044        20.318357708870622     
   473.82891799999999        285.67467744444014        3.7809580718127372E-003  -7.8879325218740748        1.2086083310047477        13.870147131654701        19.451879926406374     
   448.54824800000000        285.67487267597363        3.7829910167856743E-003  -7.8885355449603551        1.2436900854350661        13.287441568440698        18.500263868709958     
   423.27871699999997        285.67506019707821        3.7850405042667164E-003  -7.8881286318372181        1.2795836815409165        12.630691424893286        17.466025842496247     
   398.02175899999997        285.67523650305600        3.7871108768115168E-003  -7.8865192370278727        1.3164327843879899        11.899998086652824        16.352060837546595     
   372.77890000000002        285.67539693223222        3.7892070208882340E-003  -7.8834396565005278        1.3544307986904764        11.095697813361054        15.161729207438180     
   347.55215500000003        285.67553511298195        3.7913347225367617E-003  -7.8785079816083465        1.3938480428275342        10.217952618478648        13.898126669247814     
   322.34393299999999        285.67564206395519        3.7935015693538023E-003  -7.8711595915714447        1.4350833195460522        9.2656273540708334        12.562095669780160     
   297.15716600000002        285.67570462344679        3.7957201019160141E-003  -7.8605122324746910        1.4787860753379953        8.2309395122527338        11.143061355611621     
   271.99560500000001        285.67570204189212        3.7980412912449356E-003  -7.8449537330036083        1.5264813262590269        7.0405339155561464        9.4672868640596928     
   246.86404400000001        285.67557598475355        3.8009906966144005E-003  -7.8217178207912870        1.5802034885927327        5.8484317310051743        6.5870903077688467     
   221.76879900000000        285.67517876558725        3.8048200771035566E-003  -7.7879014046850958        1.6392779589725388        4.9390134932538823        4.4857780212305256     
   196.71839900000001        285.67417228059588        3.8099798364637670E-003  -7.7392787432700976        1.7030870273170013        4.1889276533181068        2.9542023616494548     
   171.72468599999999        285.67173133150715        3.8172451240882348E-003  -7.6698060357429254        1.7705508897253606        3.5498107379527881        1.8749660571361810     
   146.80502300000001        285.66569322555375        3.8279807487876312E-003  -7.5706751577154350        1.8397391045353946        2.9907951422027192        1.1465101658527657     
   121.98595400000001        285.64979609960943        3.8447498780582214E-003  -7.4281454235931852        1.9074477596387971        2.4815448548159642       0.67214997400892207     
   97.311340299999998        285.60279534192392        3.8729561056763530E-003  -7.2177758603308604        1.9682834856796199        1.9886095705187112       0.36955141423258886     
   72.861091599999995        285.43218601688244        3.9256131555390119E-003  -6.8872718554913881        2.0112701520934282        1.4823361933731078       0.18115251618019243     
   48.804748500000002        284.58079628560949        4.0297445509279908E-003  -6.2970635403595114        2.0046452146879643       0.95866263871020596        7.5516669965153729E-002
   25.613332700000001        281.33333774552000        4.0602416696534221E-003  -5.3256026535537684        1.8643705597902904       0.61515005150507263        5.0155491548664784E-002
   10.000000000000000        278.71498698410204        3.9446393410889641E-003  -3.5119195763050590        1.3908056065899885       0.32532867696858370       0.12762105646387811     
   1997.2254600000001        290.87734965391166        6.2292474043388680E-004  -5.5977028715645831       -3.3671270760443099       0.18866545861653655        4.9119187632016420E-003
   1971.7959000000001        290.87179338820624        6.3571429644379042E-004  -5.6177878806151318       -3.3677141840020881       0.18866545861653655        4.9119187632016420E-003
   1946.3670700000000        290.84703041187458        6.5734395803298932E-004  -5.6575466046077931       -3.3695861388482560       0.36132673902990442        8.2392344048432386E-003
   1920.9388400000000        290.81193689766894        6.7477729206154714E-004  -5.7068125330799866       -3.3719927602450057       0.47607749144123823        1.1754757154280052E-002
   1895.5111099999999        290.76620386456250        6.8742647662654085E-004  -5.7637645831999738       -3.3751237697771295       0.57090696182150791        1.4434827197622482E-002
   1870.0839800000001        290.70638105052535        6.9493548629411591E-004  -5.8278418867302317       -3.3796098809113380       0.64969363373972622        1.5872857860706514E-002
   1844.6575900000000        290.63335820999271        6.9811847044400717E-004  -5.8979595841854282       -3.3861980282552793       0.72496166940765316        1.7387837296468971E-002
   1819.2318100000000        290.54498217002282        6.9915530785265810E-004  -5.9736770903465590       -3.3956488752240288       0.79386844571934156        1.8402780481567620E-002
   1793.8067599999999        290.41657214951226        6.9945237671306779E-004  -6.0570794300374917       -3.4089774301762885       0.83267996613796169        1.6165255190073322E-002
   1768.3824500000001        290.17853476936114        6.9962301917185770E-004  -6.1519466306922901       -3.4275614571492667       0.83137732238429585        1.1280984835171893E-002
   1742.9588600000000        289.91765602803753        7.0049457369548550E-004  -6.2507629434728900       -3.4502643242204432       0.89499224807697697        1.2145870473284482E-002
   1717.5362500000001        289.65828890870745        7.0494943546898668E-004  -6.3517666172235270       -3.4764544046214430       0.97188288948926715        1.4016446860312181E-002
   1692.1140100000000        289.42496606864972        7.1798670268275171E-004  -6.4531433750197431       -3.5051656092936683        1.0657466225791168        1.7403715484998725E-002
   1666.6927499999999        289.23420364563759        7.3836051168806071E-004  -6.5532190746997925       -3.5352814623861595        1.1797795959993460        2.3192176612918305E-002
   1641.2723400000000        289.05122399887233        7.6505732799781226E-004  -6.6544310417278156       -3.5669151788155937        1.2670226887480827        2.6676464638598497E-002
   1615.8527799999999        288.87301586217347        7.9890383907889188E-004  -6.7569754138727074       -3.5995217200396308        1.3512785700399246        3.0004591419343474E-002
   1590.4340800000000        288.71350231622802        8.3759650449410829E-004  -6.8594707188193862       -3.6320410066354065        1.4543550649078147        3.5979983699085422E-002
   1565.0162399999999        288.57631033865255        8.7414283217045847E-004  -6.9612629777461139       -3.6636869066566233        1.5692397712835242        4.4319457281480866E-002
   1539.5992400000000        288.44234961904272        9.0504635231673531E-004  -7.0643611497262011       -3.6945543234743004        1.6546108113735800        4.8639515308696410E-002
   1514.1834699999999        288.29337551450959        9.2587564983201680E-004  -7.1709001659600027       -3.7247112534822309        1.7047715205737994        4.7466331404744780E-002
   1488.7685500000000        288.07878947544464        9.3231450720998859E-004  -7.2855371142846703       -3.7547261547503417        1.6825850359612613        3.6915322889717099E-002
   1463.3546100000001        287.77802578008556        9.1719582931309356E-004  -7.4083856766583791       -3.7835955956872751        1.6637340560366147        2.9264498634763322E-002
   1437.9417699999999        287.46111309220544        9.0187937557977330E-004  -7.5342206046325346       -3.8090197682485543        1.7175325770946159        2.9518651933303712E-002
   1412.5300299999999        287.14256256349205        9.1848891991891976E-004  -7.6620762716352191       -3.8298980852596141        1.7838166631107177        3.0916978759611514E-002
   1387.1193800000001        286.82408115104420        1.0081588922624823E-003  -7.7917236039974700       -3.8453472010732734        1.8522925603080107        3.2466602152873746E-002
   1361.7099599999999        286.50635895700719        1.2449837940458456E-003  -7.9229128895747021       -3.8545267055770820        1.9226841913597403        3.4114716351539572E-002
   1336.3018800000000        286.19470971667630        1.7554875025045046E-003  -8.0549948783856173       -3.8566331963569942        2.0002849412515320        3.6350678021770222E-002
   1310.8949000000000        285.92101186734089        2.5761634045831767E-003  -8.1852809387968239       -3.8510618504851375        2.1173440876216976        4.2591809734357347E-002
   1285.4893800000000        285.76230396996385        3.2569806366396083E-003  -8.3052788135256286       -3.8383549644094175        2.3914399594077511        7.1307146541475533E-002
   1260.0852100000000        285.71383145536328        3.4989112379675215E-003  -8.4051871426066551       -3.8211313531668711        2.9751375970273100       0.20661858027475846     
   1234.6824999999999        285.69726756921909        3.5892206529569708E-003  -8.4899268538191599       -3.8007746184994824        3.6192839643198322       0.53537823422535935     
   1209.2811300000001        285.68980330083610        3.6326769684858892E-003  -8.5648529810884284       -3.7776879893026298        4.2093930105189514        1.0700327670331260     
   1183.8813500000001        285.68567133952956        3.6580784487942634E-003  -8.6330520474734271       -3.7520757048361251        4.7405596607465146        1.7622909145399639     
   1158.4832799999999        285.68305750056652        3.6749300441852616E-003  -8.6962293597709355       -3.7241280694199297        5.2292791272520072        2.5605958096115953     
   1133.0869100000000        285.68125116806158        3.6870829671084402E-003  -8.7553934025588251       -3.6940346470469452        5.6885200365812789        3.4256713148545157     
   1107.6922600000000        285.67992330493934        3.6963688553458556E-003  -8.8111897721120371       -3.6619762581749580        6.1259825739991793        4.3280777323328810     
   1082.3005400000000        285.67890144420096        3.7037700508976159E-003  -8.8640680744158171       -3.6281148433621180        6.5450993082986821        5.2438751069818066     
   1056.9097899999999        285.67808679281563        3.7098602962146046E-003  -8.9143535694957645       -3.5925955403946461        6.9481724582083944        6.1550266509907381     
   1031.5210000000000        285.67741852848064        3.7149989921750797E-003  -8.9622951797816075       -3.5555435853296120        7.3354230926330199        7.0457977963816916     
   1006.1343400000000        285.67685708702550        3.7194233865803588E-003  -9.0080891182526148       -3.5170657050271972        7.7064102004297963        7.9032302895549433     
   980.75000000000000        285.67637553135353        3.7232969459977672E-003  -9.0518942325401905       -3.4772507261733892        8.0602752850856376        8.7166118085950561     
   955.36804199999995        285.67595479680546        3.7267363544751459E-003  -9.0938411125016199       -3.4361709112623022        8.3958314579216680        9.4769364403118939     
   929.98846400000002        285.67558092449497        3.7298273964588681E-003  -9.1340377240318649       -3.3938835333780832        8.7117514814195971        10.176715154632349     
   904.61157200000002        285.67524335945700        3.7326348466539231E-003  -9.1725739600403209       -3.3504314332882927        9.0064585169178510        10.809425198583805     
   879.23742700000003        285.67493387746333        3.7352087195602433E-003  -9.2095239831130069       -3.3058442579735363        9.2784017721835479        11.369688459824820     
   853.86627199999998        285.67464586827572        3.7375884622568140E-003  -9.2449482160437242       -3.2601389130771894        9.5259423041228768        11.852882945320172     
   828.49829099999999        285.67437384379184        3.7398058066614834E-003  -9.2788945683253896       -3.2133199026044639        9.7474140881141409        12.255091630745705     
   803.13348399999995        285.67411309178516        3.7418867185744285E-003  -9.3113985089104752       -3.1653803096489703        9.9413005873218747        12.573292662456605     
   777.77227800000003        285.67385940647665        3.7438528741840470E-003  -9.3424836971925647       -3.1163013342342443        10.105953328093007        12.804819066679874     
   752.41485599999999        285.67360887990367        3.7457227020541561E-003  -9.3721616466939146       -3.0660523380186451        10.239859599401893        12.947760116136529     
   727.06133999999997        285.67335772470221        3.7475121621817343E-003  -9.4004308737019127       -3.0145909800687480        10.341665181580021        13.000976689643863     
   701.71209699999997        285.67310210651630        3.7492353744303622E-003  -9.4272759339925756       -2.9618627687019883        10.410047174208097        12.963892016411735     
   676.36755400000004        285.67283797253754        3.7509051343555381E-003  -9.4526661846550581       -2.9078000420540300        10.443764249876994        12.836593016889781     
   651.02789299999995        285.67256086883884        3.7525333052639658E-003  -9.4765534778006177       -2.8523217780759644        10.441875434765926        12.620209422399535     
   625.69360400000005        285.67226571643937        3.7541312055173913E-003  -9.4988697566850284       -2.7953322342552305        10.403507602688627        12.316584430461372     
   600.36511199999995        285.67194653317637        3.7557099547298389E-003  -9.5195237006577305       -2.7367197495674955        10.328015040702230        11.928580772132765     
   575.04284700000005        285.67159606955647        3.7572808155433659E-003  -9.5383963918933059       -2.6763554299892611        10.215029464735075        11.460215594243307     
   549.72741699999995        285.67120531035442        3.7588555778303515E-003  -9.5553359766940282       -2.6140911705853327        10.064385972715941        10.916609833348250     
   524.41943400000002        285.67076278154786        3.7604469847415064E-003  -9.5701507254999783       -2.5497576731551161        9.8762377575198919        10.304225125051694     
   499.11962899999997        285.67025355858311        3.7620692497172311E-003  -9.5826002037278446       -2.4831621298744344        9.6510617916289885        9.6309231107839022     
   473.82891799999999        285.66965781223723        3.7637387213885864E-003  -9.5923840412284189       -2.4140852151375904        9.3896402188113210        8.9059775613435939     
   448.54824800000000        285.66894863935801        3.7654747375659050E-003  -9.5991273574532006       -2.3422780663796994        9.0931577716745817        8.1402148826485590     
   423.27871699999997        285.66808875139509        3.7673007663124487E-003  -9.6023618876597308       -2.2674591595867435        8.7632120815289767        7.3459747013579175     
   398.02175899999997        285.66702528108902        3.7692460056934136E-003  -9.6015014811146280       -2.1893100756716897        8.4017282927813746        6.5368750846889281     
   372.77890000000002        285.66568147847920        3.7713475746360007E-003  -9.5958097792220372       -2.1074719264806965        8.0110904260929008        5.7277542064838221     
   347.55215500000003        285.66394300834918        3.7736536777605600E-003  -9.5843572733080169       -2.0215404030317741        7.5939700171134348        4.9340917687890489     
   322.34393299999999        285.66163469936350        3.7762281739200966E-003  -9.5659632083672168       -1.9310600427085998        7.1532864017816982        4.1714624511435714     
   297.15716600000002        285.65847974234390        3.7791572973095611E-003  -9.5391152475706580       -1.8355165792146984        6.6920675300132038        3.4547247260570346     
   271.99560500000001        285.65402522531116        3.7825597893959987E-003  -9.5018547377444751       -1.7343243864807010        6.2131629845080152        2.7969765377380971     
   246.86404400000001        285.64749992837613        3.7866025017459499E-003  -9.4516058123001461       -1.6268044095994918        5.7189249212636195        2.2085274581463641     
   221.76879900000000        285.63752718704086        3.7915252243323071E-003  -9.3849064327747467       -1.5121422835522726        5.2107557486736304        1.6959677809024749     
   196.71839900000001        285.62150356379925        3.7976817281621085E-003  -9.2969566555899554       -1.3893072968747953        4.6885981445289255        1.2616346494598309     
   171.72468599999999        285.59413181324118        3.8056101222914735E-003  -9.1808033033031506       -1.2568961417496112        4.1505034173090110       0.90372894591930963     
   146.80502300000001        285.54354577504137        3.8161555459528384E-003  -9.0257418637344848       -1.1128248454436360        3.5923967585976175       0.61713380404932949     
   121.98595400000001        285.43948809414252        3.8306619565223175E-003  -8.8138816306585390      -0.95370955227109300        3.0086914031187879       0.39494102627945904     
   97.311340299999998        285.18982995005251        3.8510260894518873E-003  -8.5118616168892007      -0.77355183981192266        2.3946264356933114       0.23021335018591926     
   72.861091599999995        284.43998854730484        3.8769259137782222E-003  -8.0478659412325069      -0.56085308704678971        1.7535605634980447       0.11754946721846971     
   48.804748500000002        281.55247698981071        3.8739140961168298E-003  -7.2404673595130973      -0.29424114022562220        1.1201963046178927        5.4131017989132335E-002
   25.613332700000001        277.11245865563274        3.7738560204059958E-003  -6.0610681823838535       -5.3539617177300401E-002  0.78026070143007975        6.8814239415902118E-002
   10.000000000000000        275.73753910412785        3.7369006461558788E-003  -4.0756975058541505       0.12966065500462909       0.44235325998042424       0.25892225961306486     
   1997.2254600000001        290.87553195919202        6.2627178608004846E-004  -4.5374851017507973       -4.7154437947771886       0.22001804928772087        5.6083937818870869E-003
   1971.7959000000001        290.86767065945975        6.3817854973559167E-004  -4.5569269546500566       -4.7289187650421685       0.22001804928772087        5.6083937818870869E-003
   1946.3670700000000        290.84204478066397        6.5796270148260518E-004  -4.5924084058984649       -4.7564105073178036       0.44768362555998858        1.2601335653228867E-002
   1920.9388400000000        290.80629738810848        6.7417659166981283E-004  -4.6349684529746051       -4.7917785870218443       0.58810603988555088        1.8024078694365783E-002
   1895.5111099999999        290.75996033137750        6.8601569602425179E-004  -4.6826468987096916       -4.8338184437847644       0.69794891875392284        2.1725363896138664E-002
   1870.0839800000001        290.69983800669331        6.9353970207370534E-004  -4.7346268283770145       -4.8821256206171109       0.78409440285478160        2.3359476001953965E-002
   1844.6575900000000        290.62640012614020        6.9727675879906800E-004  -4.7899089842092106       -4.9359614465132839       0.86109450108130170        2.4748013028964705E-002
   1819.2318100000000        290.53648871107816        6.9879415034336176E-004  -4.8481886303617694       -4.9950986750024793       0.92575448509297975        2.5056608294068323E-002
   1793.8067599999999        290.40542858187445        6.9937938137468896E-004  -4.9110083492891237       -5.0611153750946274       0.95444009670254726        2.1195226831924405E-002
   1768.3824500000001        290.17038394143918        6.9986967589983316E-004  -4.9808683470598067       -5.1365535173114694       0.94198372968644550        1.4686033368234399E-002
   1742.9588600000000        289.91026449459542        7.0165663365071886E-004  -5.0529572135122054       -5.2156708649717158       0.99502793327919403        1.5128730885327910E-002
   1717.5362500000001        289.65195275544477        7.0798665449651034E-004  -5.1262746696264019       -5.2965562301486120        1.0624648514142028        1.6875793931186059E-002
   1692.1140100000000        289.41981787388863        7.2221661854650961E-004  -5.1999123841794024       -5.3773479523961338        1.1467488395186887        2.0295425589525396E-002
   1666.6927499999999        289.22748282259431        7.4277807985285689E-004  -5.2731782332016577       -5.4564915803898382        1.2485289721523314        2.5955266933226546E-002
   1641.2723400000000        289.04436160411285        7.7025094577991748E-004  -5.3479168379267374       -5.5352660665787790        1.3255561095107946        2.9272779623358017E-002
   1615.8527799999999        288.86734386355755        8.0425528805435145E-004  -5.4245661451748353       -5.6133891104382805        1.4002253009749517        3.2409654081082734E-002
   1590.4340800000000        288.70849464033847        8.3998384195035816E-004  -5.5024771720619086       -5.6894915351540440        1.4931114781265431        3.8076118717894035E-002
   1565.0162399999999        288.56958715226898        8.7149100608922305E-004  -5.5815295681860668       -5.7628605123874319        1.5956355915464946        4.5572310542100342E-002
   1539.5992400000000        288.43329192515432        8.9707152824344458E-004  -5.6633255096880317       -5.8344075844211742        1.6724103775169112        4.9270649621508011E-002
   1514.1834699999999        288.27949813891559        9.1493096292010996E-004  -5.7499264975959639       -5.9052000372584059        1.7131095089559345        4.7136982591571362E-002
   1488.7685500000000        288.06419009577991        9.2293770213744246E-004  -5.8448617054457044       -5.9770355684998124        1.6949131469725904        3.7408283236747664E-002
   1463.3546100000001        287.76842719207826        9.1871242422105848E-004  -5.9487503445898691       -6.0489188830113125        1.6801594032724909        3.0130163365175489E-002
   1437.9417699999999        287.45238836640692        9.2130995591703816E-004  -6.0581006188668116       -6.1170551221854685        1.7316725090387044        3.0065695115186454E-002
   1412.5300299999999        287.13363409690106        9.6675239917937432E-004  -6.1721265588049361       -6.1799126973150242        1.8006560580358526        3.1511106255691423E-002
   1387.1193800000001        286.81476049468421        1.1087187444796069E-003  -6.2907280295473686       -6.2365387187884487        1.8748184238154557        3.3264827284212678E-002
   1361.7099599999999        286.49703644357419        1.4279590518220552E-003  -6.4137452018794185       -6.2860493713031049        1.9536736909423749        3.5259810716123254E-002
   1336.3018800000000        286.18831974839179        2.0041514564347121E-003  -6.5404585953824856       -6.3274665064387943        2.0446773626797126        3.8229173838216786E-002
   1310.8949000000000        285.92643331093643        2.7528291403115580E-003  -6.6677434338896013       -6.3594105106497496        2.1871136253969969        4.6628985215383653E-002
   1285.4893800000000        285.78191484366306        3.2724100011278629E-003  -6.7867925341996020       -6.3802741998249743        2.5024161621601761        8.2376518326099921E-002
   1260.0852100000000        285.73076159593927        3.4762309352051302E-003  -6.8904787588858127       -6.3907333561935076        3.0599217808213317       0.21278497509272093     
   1234.6824999999999        285.71031066583652        3.5625149766507842E-003  -6.9823923005700896       -6.3934263070390518        3.6586830004041135       0.48974123774819361     
   1209.2811300000001        285.70019215492800        3.6067931705463688E-003  -7.0663646809762612       -6.3901627967832999        4.2250155329393468       0.92400878359886662     
   1183.8813500000001        285.69424809079180        3.6334490373640766E-003  -7.1448459488290883       -6.3820309826488657        4.7479496269934236        1.4848761939085187     
   1158.4832799999999        285.69030795269356        3.6514047800215613E-003  -7.2192856472112998       -6.3697302243975145        5.2346775160390342        2.1324866075844890     
   1133.0869100000000        285.68746531467855        3.6644811785536855E-003  -7.2905633027316572       -6.3537525446634824        5.6931645309598835        2.8326954004023142     
   1107.6922600000000        285.68528452278576        3.6745489473385576E-003  -7.3592389339386290       -6.3344681924531399        6.1288115968317589        3.5587028158467811     
   1082.3005400000000        285.68353154047259        3.6826275058607499E-003  -7.4256956299216856       -6.3121650108164502        6.5440099399195768        4.2886722572650298     
   1056.9097899999999        285.68206995337931        3.6893173061424292E-003  -7.4901999385580655       -6.2870738888369218        6.9406906104098747        5.0065642746926438     
   1031.5210000000000        285.68081445026792        3.6949965084362721E-003  -7.5529479326276441       -6.2593807850326000        7.3190104963084632        5.6988142445682168     
   1006.1343400000000        285.67970868987766        3.6999155720775609E-003  -7.6140869956265220       -6.2292362606014429        7.6786757275183710        6.3547246691009178     
   980.75000000000000        285.67871367591260        3.7042474516137082E-003  -7.6737305931245254       -6.1967613454672730        8.0191128543421435        6.9658890871665760     
   955.36804199999995        285.67780127246971        3.7081158148481652E-003  -7.7319669137317542       -6.1620521267771977        8.3395146734723156        7.5256293225573989     
   929.98846400000002        285.67695039473972        3.7116117038215792E-003  -7.7888640458263527       -6.1251834410217745        8.6390036755528037        8.0287739800450577     
   904.61157200000002        285.67614462503343        3.7148039660425962E-003  -7.8444745860235523       -6.0862109628783463        8.9164945786395453        8.4711071239575748     
   879.23742700000003        285.67537070198415        3.7177458293617197E-003  -7.8988376836623617       -6.0451733832855172        9.1709631914890188        8.8495191160821278     
   853.86627199999998        285.67461748280772        3.7204793382999268E-003  -7.9519810765942234       -6.0020935174925443        9.4013093608932365        9.1616183597864591     
   828.49829099999999        285.67387521195081        3.7230383713429635E-003  -8.0039223672478030       -5.9569790270894245        9.6064059144132692        9.4056708191097442     
   803.13348399999995        285.67313499518372        3.7254506878213970E-003  -8.0546688198083096       -5.9098235917924509        9.7852675304739254        9.5807659532440468     
   777.77227800000003        285.67238834887064        3.7277395089229080E-003  -8.1042183432096415       -5.8606064752020481        9.9367436250599770        9.6862892776655780     
   752.41485599999999        285.67162683361857        3.7299246137525413E-003  -8.1525592140383729       -5.8092924874085412        10.059780931234029        9.7222823291501221     
   727.06133999999997        285.67084171538238        3.7320231556867527E-003  -8.1996692289674602       -5.7558319196712997        10.153435944078041        9.6894400684313986     
   701.71209699999997        285.67002360652589        3.7340503320223827E-003  -8.2455149972658486       -5.7001597432524731        10.216727939141681        9.5888870940042086     
   676.36755400000004        285.66916206489185        3.7360199313996602E-003  -8.2900511524397924       -5.6421940820552017        10.248677917110976        9.4222458965659310     
   651.02789299999995        285.66824514876242        3.7379447289787831E-003  -8.3332181412715656       -5.5818354848032037        10.248525239472212        9.1919608469422016     
   625.69360400000005        285.66725883321328        3.7398368958288181E-003  -8.3749404208910541       -5.5189647104424759        10.215471864832239        8.9009473286258753     
   600.36511199999995        285.66618627388027        3.7417083471827516E-003  -8.4151236420633886       -5.4534405235003174        10.148839578193840        8.5528382297249070     
   575.04284700000005        285.66500683472054        3.7435710757917971E-003  -8.4536509397568942       -5.3850971242694383        10.048110196855900        8.1520532892525122     
   549.72741699999995        285.66369474904189        3.7454375279614054E-003  -8.4903785589769925       -5.3137404615912844        9.9128365100230269        7.7036891665705420     
   524.41943400000002        285.66221727530802        3.7473209976805312E-003  -8.5251299593145955       -5.2391441026052012        9.7427548028210396        7.2136746505141760     
   499.11962899999997        285.66053208279351        3.7492360929855372E-003  -8.5576883049158567       -5.1610440868990048        9.5377805901955774        6.6887462472494370     
   473.82891799999999        285.65858345943116        3.7511993254789018E-003  -8.5877869573429635       -5.0791320621138984        9.2979800590913140        6.1363788688508674     
   448.54824800000000        285.65629674662858        3.7532298311161913E-003  -8.6150968150923699       -4.9930471980848150        9.0236717899131129        5.5648436112735915     
   423.27871699999997        285.65356997976613        3.7553503009708097E-003  -8.6392095802450743       -4.9023662529615191        8.7154398298799070        4.9831080565885761     
   398.02175899999997        285.65026096895912        3.7575882657244330E-003  -8.6596158574358348       -4.8065898181854694        8.3740556579175589        4.4005925667337973     
   372.77890000000002        285.64616703575166        3.7599777524685561E-003  -8.6756751105201921       -4.7051261004759315        8.0006511299287055        3.8271378529056990     
   347.55215500000003        285.64099210630701        3.7625616165580566E-003  -8.6865748822223132       -4.5972682631073223        7.5965930996357036        3.2725771642810995     
   322.34393299999999        285.63429184623493        3.7653947313408941E-003  -8.6912737400889828       -4.4821644381544701        7.1635373537601552        2.7464346228327421     
   297.15716600000002        285.62537901127183        3.7685483962095544E-003  -8.6884198426744774       -4.3587766305964291        6.7034227684847556        2.2574869827361863     
   271.99560500000001        285.61315347310472        3.7721165006476239E-003  -8.6762317103837834       -4.2258213492294576        6.2183632951140426        1.8132098764841980     
   246.86404400000001        285.59578270559410        3.7762240263961161E-003  -8.6523175249798054       -4.0816810932901664        5.7105570729236703        1.4192716043929141     
   221.76879900000000        285.57006633135035        3.7810385310948725E-003  -8.6133893574104068       -3.9242644561051949        5.1820845778458402        1.0790620357464935     
   196.71839900000001        285.53008159880955        3.7867843817768932E-003  -8.5547861128436438       -3.7507716611017559        4.6346322027660172       0.79341381461631522     
   171.72468599999999        285.46403613704604        3.7937544449012941E-003  -8.4696231222694500       -3.5572783584712733        4.0692244100336783       0.56065534185382226     
   146.80502300000001        285.34610934751686        3.8022903514436687E-003  -8.3471482568119129       -3.3379413868966323        3.4860162405383837       0.37702563699755032     
   121.98595400000001        285.11220814096049        3.8125824782817680E-003  -8.1692498433410048       -3.0833810253390888        2.8848053935826057       0.23752021494485381     
   97.311340299999998        284.57477586033394        3.8234904488768126E-003  -7.9021517762802418       -2.7771152375236841        2.2672057846779299       0.13690019477687493     
   72.861091599999995        283.06943112278810        3.8256632086463667E-003  -7.4741150182148157       -2.3872891837910957        1.6439353740458906        7.0667392737283535E-002
   48.804748500000002        278.29510849006232        3.7684476225432117E-003  -6.7148555783581596       -1.8525862977761640        1.0589971941015321        3.6594090826793879E-002
   25.613332700000001        274.98615161924795        3.7013423546573250E-003  -5.6852958642297731       -1.3266993406980268       0.81387980097716550        8.6927185011914238E-002
   10.000000000000000        273.90456457865145        3.6704817932818878E-003  -3.8683120892675049      -0.69119062619086602       0.44822719000690092       0.28062754352526531     
   1997.2254600000001        290.87392531475120        6.2843233775385684E-004  -3.4725072767443121       -4.5866147843650911       0.16140704064002687        2.6229390016397217E-003
   1971.7959000000001        290.86406550392809        6.4031838565877311E-004  -3.4823300807711144       -4.6054642541392381       0.16140704064002687        2.6229390016397217E-003
   1946.3670700000000        290.83758308176391        6.5860238204873140E-004  -3.4975477643547124       -4.6418406217838912       0.34410309526386457        7.1868034421102168E-003
   1920.9388400000000        290.80119622585977        6.7377316993957729E-004  -3.5141537692264149       -4.6876998521259070       0.45827506721529587        1.0656244407738462E-002
   1895.5111099999999        290.75429590791538        6.8500218675934571E-004  -3.5312930312100215       -4.7412972416905594       0.54991991308251587        1.3180332196959450E-002
   1870.0839800000001        290.69387384485884        6.9245714970533488E-004  -3.5486579518597967       -4.8019263687369236       0.62440281184983548        1.4544178423169858E-002
   1844.6575900000000        290.62002445445387        6.9651999212982506E-004  -3.5660256593822672       -4.8686195331259032       0.69190103512094037        1.5693882107906346E-002
   1819.2318100000000        290.52877610673988        6.9841150242569677E-004  -3.5835003075811618       -4.9411487225513779       0.74920284321931363        1.6051171567754222E-002
   1793.8067599999999        290.39560172192603        6.9930426796937497E-004  -3.6017677846655567       -5.0213667406030025       0.77843886352461555        1.3797930138642339E-002
   1768.3824500000001        290.16313705861921        7.0021101212366574E-004  -3.6218433742789595       -5.1119952749078843       0.77714709665763260        9.9430964379188212E-003
   1742.9588600000000        289.90388557461955        7.0289262461285492E-004  -3.6430541787022444       -5.2067390783614229       0.82539852491472221        1.0317153319215757E-002
   1717.5362500000001        289.64659632979510        7.1060428791219960E-004  -3.6657146004523962       -5.3034385691199555       0.88677706578257864        1.1657073092262856E-002
   1692.1140100000000        289.41541755829746        7.2572845812706930E-004  -3.6901140589306696       -5.4001336513384581       0.96259381583279935        1.4180636528156246E-002
   1666.6927499999999        289.22184751469439        7.4676348123345977E-004  -3.7165097624701038       -5.4953564064588063        1.0521066649450268        1.8169633498367924E-002
   1641.2723400000000        289.03855622999657        7.7446255711397828E-004  -3.7458722621819511       -5.5906115675180148        1.1241390539261200        2.0818824440793537E-002
   1615.8527799999999        288.86238654922761        8.0756688722455740E-004  -3.7787457826856548       -5.6857543311033369        1.1952512450941570        2.3430843422863914E-002
   1590.4340800000000        288.70382934707294        8.4067620221705251E-004  -3.8152019907731933       -5.7794221432531607        1.2815087047463185        2.7787893504168167E-002
   1565.0162399999999        288.56335030722130        8.6892938626049435E-004  -3.8554480556057693       -5.8710193564407227        1.3752662646303182        3.3305138866441000E-002
   1539.5992400000000        288.42468922553206        8.9152773981564606E-004  -3.9004471429051186       -5.9617116146093085        1.4495225789291240        3.6307947201830469E-002
   1514.1834699999999        288.26692772280251        9.0804373327674562E-004  -3.9516373552349409       -6.0530701845808421        1.4929536125011706        3.4981986916972393E-002
   1488.7685500000000        288.05064845049941        9.1817739191451316E-004  -4.0113152129362470       -6.1472880174539624        1.4922669659904038        2.8687713619822447E-002
   1463.3546100000001        287.75850261264480        9.2384216888460641E-004  -4.0804526088780868       -6.2435326069918879        1.4938948600794131        2.3801817135224123E-002
   1437.9417699999999        287.44312269282642        9.4540984536554116E-004  -4.1574510150394204       -6.3375494773082943        1.5487087162628390        2.3909928111771620E-002
   1412.5300299999999        287.12393581342525        1.0228789821384746E-003  -4.2419031048335025       -6.4274677581483397        1.6218015190043562        2.5379457367880238E-002
   1387.1193800000001        286.80443532253781        1.2142707800028051E-003  -4.3338108370077144       -6.5122270292567590        1.7014720229511333        2.7205257145447460E-002
   1361.7099599999999        286.48663292640197        1.5894903855044214E-003  -4.4330606880247316       -6.5908483980793049        1.7872648140768554        2.9342038516488495E-002
   1336.3018800000000        286.18110741313387        2.1824512293433765E-003  -4.5389010426670247       -6.6620793850257662        1.8880791849073331        3.2614345097626375E-002
   1310.8949000000000        285.93040626778998        2.8541215219122281E-003  -4.6481683017562609       -6.7236329775753951        2.0455395288984706        4.1565351243662854E-002
   1285.4893800000000        285.79545036890806        3.2812042802559055E-003  -4.7529914394378645       -6.7720843486727933        2.3667027316565190        7.6132186922842737E-002
   1260.0852100000000        285.74224239711737        3.4628995857674959E-003  -4.8482555901679119       -6.8073098748558492        2.8670342651187095       0.18197422151183137     
   1234.6824999999999        285.71898527263801        3.5454125626898161E-003  -4.9358124607353959       -6.8323630122036807        3.4067749429258480       0.39481767090650799     
   1209.2811300000001        285.70685711160399        3.5892641894803633E-003  -5.0180688241485516       -6.8496936251951199        3.9302489479463163       0.72674657545139243     
   1183.8813500000001        285.69949675649843        3.6160645750523031E-003  -5.0967288627279945       -6.8608953053347230        4.4228337923172045        1.1605110431697800     
   1158.4832799999999        285.69449536888328        3.6342482779804430E-003  -5.1728616430503891       -6.8670009962159524        4.8853611588821151        1.6670174527100541     
   1133.0869100000000        285.69080576281425        3.6475523677783014E-003  -5.2471288999905124       -6.8687139084760744        5.3218793170222023        2.2181792153122477     
   1107.6922600000000        285.68791340344779        3.6578366767595610E-003  -5.3199478661476185       -6.8665390290476038        5.7358658452520892        2.7908097780469268     
   1082.3005400000000        285.68553817117891        3.6661223083251883E-003  -5.3915986117057404       -6.8608545205735290        6.1288932699210701        3.3658167272537587     
   1056.9097899999999        285.68351544765693        3.6730122208979222E-003  -5.4622675144918436       -6.8519521013947005        6.5025944275821734        3.9293310455930142     
   1031.5210000000000        285.68174153769684        3.6788865063543952E-003  -5.5320863171207746       -6.8400610565459630        6.8571348136438077        4.4698490742581871     
   1006.1343400000000        285.68014749497308        3.6839968816328918E-003  -5.6011495504121864       -6.8253636973085472        7.1923739559787281        4.9785353953147995     
   980.75000000000000        285.67868524569627        3.6885170974274664E-003  -5.6695269640975807       -6.8080052984042352        7.5079636092114805        5.4486534272871783     
   955.36804199999995        285.67731980007596        3.6925713456417561E-003  -5.7372706560286817       -6.7881010559645025        7.8033554495923374        5.8750224419004775     
   929.98846400000002        285.67602466237008        3.6962510287199108E-003  -5.8044191709091253       -6.7657412233292726        8.0779392658524802        6.2537929527561147     
   904.61157200000002        285.67477892943094        3.6996252810330222E-003  -5.8710016138626857       -6.7409943783765556        8.3308950666455086        6.5819346236567027     
   879.23742700000003        285.67356545661875        3.7027475698539168E-003  -5.9370391628986869       -6.7139101421754015        8.5614463553808715        6.8573619694402739     
   853.86627199999998        285.67236957783649        3.7056601618656866E-003  -6.0025469392481545       -6.6845207758264280        8.7687227571712469        7.0785846258773324     
   828.49829099999999        285.67117819369935        3.7083971564091903E-003  -6.0675352247829135       -6.6528421782913592        8.9518036670473649        7.2446502488068987     
   803.13348399999995        285.66997911621939        3.7109865267904688E-003  -6.1320090389493522       -6.6188749813946339        9.1098805018320483        7.3552927452155039     
   777.77227800000003        285.66876047486318        3.7134517234397465E-003  -6.1959694604118836       -6.5826043079698646        9.2419584388987115        7.4104622058563807     
   752.41485599999999        285.66751023273304        3.7158127676493007E-003  -6.2594135047592587       -6.5439996135334848        9.3471092540885881        7.4106426891195953     
   727.06133999999997        285.66621572782088        3.7180870641359319E-003  -6.3223334626907004       -6.5030143741166890        9.4244845354647850        7.3568498270207492     
   701.71209699999997        285.66486316547849        3.7202900793316777E-003  -6.3847166483892028       -6.4595850436061291        9.4731736159987285        7.2504285856213997     
   676.36755400000004        285.66343703821940        3.7224358970906449E-003  -6.4465452929862428       -6.4136292583386512        9.4922405372776115        7.0931075352662294     
   651.02789299999995        285.66191948512926        3.7245376044613863E-003  -6.5077947544443306       -6.3650444948398084        9.4809359693071595        6.8872824194479518     
   625.69360400000005        285.66028942481239        3.7266077139519512E-003  -6.5684326773277455       -6.3137052867700030        9.4384499070023473        6.6356967458093061     
   600.36511199999995        285.65852146355564        3.7286585135159118E-003  -6.6284171266134528       -6.2594601702978032        9.3640671934238302        6.3416550358389037     
   575.04284700000005        285.65658444848287        3.7307024008582626E-003  -6.6876939652753622       -6.2021279978154613        9.2572068663764728        6.0090709295628901     
   549.72741699999995        285.65443946189788        3.7327522675622859E-003  -6.7461939503437778       -6.1414928620556157        9.1173432552258422        5.6423681023985184     
   524.41943400000002        285.65203705928127        3.7348218945482650E-003  -6.8038284293499833       -6.0772981117993057        8.9441180352279179        5.2466036440994408     
   499.11962899999997        285.64931334509095        3.7369264186266488E-003  -6.8604837105623684       -6.0092387933438554        8.7373457197353606        4.8274413527442013     
   473.82891799999999        285.64618426335909        3.7390829219619620E-003  -6.9160138932567818       -5.9369516734526542        8.4969990844824430        4.3910878135918345     
   448.54824800000000        285.64253721285053        3.7413111342546944E-003  -6.9702307086769979       -5.8600030248657839        8.2233238705087750        3.9443372053658976     
   423.27871699999997        285.63821842641784        3.7436343218753281E-003  -7.0228895307699730       -5.7778732703482820        7.9168731373380101        3.4944793147009783     
   398.02175899999997        285.63301340798961        3.7460804964548444E-003  -7.0736708110109738       -5.6899361783416449        7.5784662043175510        3.0490927274923152     
   372.77890000000002        285.62661623506739        3.7486838858010038E-003  -7.1221530529804458       -5.5954333564989511        7.2093939192455077        2.6160060414684860     
   347.55215500000003        285.61857961979678        3.7514869197737052E-003  -7.1677754321604823       -5.4934395478111933        6.8113512086517494        2.2029256829165784     
   322.34393299999999        285.60823165766993        3.7545427255908205E-003  -7.2097837293511988       -5.3828170186996891        6.3865473490633677        1.8171546886723868     
   297.15716600000002        285.59453246493666        3.7579181652714539E-003  -7.2471512749863463       -5.2621543666255279        5.9377667078662437        1.4651895534209720     
   271.99560500000001        285.57581754561232        3.7616973579578860E-003  -7.2784617274083931       -5.1296812834544339        5.4683166757185386        1.1522089645259375     
   246.86404400000001        285.54931791219263        3.7659850590286148E-003  -7.3017306046083954       -4.9831463575207504        4.9819615161484503       0.88161323392419411     
   221.76879900000000        285.51021198817455        3.7709081664089737E-003  -7.3141250434467695       -4.8196314127022832        4.4826851831806822       0.65463571322911740     
   196.71839900000001        285.44961942764826        3.7766099346489158E-003  -7.3115029341614806       -4.6352494721712096        3.9742883183657622       0.47019466768618690     
   171.72468599999999        285.34997668073839        3.7832184625248132E-003  -7.2876049479652432       -4.4246170322695146        3.4598930988879699       0.32511699961213825     
   146.80502300000001        285.17316430125231        3.7907209395465981E-003  -7.2325152598724687       -4.1798532142848384        2.9414363253105544       0.21472320662392003     
   121.98595400000001        284.82576141846641        3.7984496156250104E-003  -7.1294172913516825       -3.8885458173135441        2.4197965548885674       0.13371389938104353     
   97.311340299999998        284.04061568525503        3.8027169138112483E-003  -6.9469167189627345       -3.5293085990345059        1.8964444302156582        7.7065669740967818E-002
   72.861091599999995        281.92306960557426        3.7840089934172254E-003  -6.6186833296293122       -3.0618629939660722        1.3798092112368121        4.0806921398972483E-002
   48.804748500000002        276.00697984063288        3.6455468802917257E-003  -5.9921225628426029       -2.4145397882658801       0.90806732960127112        2.3609726955555521E-002
   25.613332700000001        273.44038398723086        3.5196702407767383E-003  -5.1407375565853197       -1.8006866236839312       0.75503648889544173        8.4761988700099739E-002
   10.000000000000000        272.53132029840583        3.4556737349477999E-003  -3.5460447704872928       -1.0090459180428746       0.41604721656075061       0.26173179833498283     
   1997.2254600000001        290.87322682773924        6.2924335353892527E-004  -2.8869606437242381       -3.5927598377825749        8.4915977548182614E-002   6.8843973511234600E-004
   1971.7959000000001        290.86301128808475        6.4123303071496600E-004  -2.8898438805557882       -3.6078784023731489        8.4915977548182614E-002   6.8843973511234600E-004
   1946.3670700000000        290.83595202862676        6.5894132064036270E-004  -2.8899232343134997       -3.6367835675425946       0.18707277792899860        2.0262988179600007E-003
   1920.9388400000000        290.79906190010968        6.7366408305601577E-004  -2.8865548652583968       -3.6728021651805802       0.25608044805827873        3.1880698920939200E-003
   1895.5111099999999        290.75163441406050        6.8461733605790784E-004  -2.8797434257670749       -3.7145079646998957       0.31523573918561992        4.1598369885280330E-003
   1870.0839800000001        290.69088275221765        6.9200047385491929E-004  -2.8696161981884591       -3.7613506850073906       0.36710453846381963        4.8513724876088783E-003
   1844.6575900000000        290.61653521573777        6.9616340041251735E-004  -2.8565040730955351       -3.8127339184374955       0.41641128770759439        5.4902277958065607E-003
   1819.2318100000000        290.52404422826220        6.9821159823772283E-004  -2.8407259298649188       -3.8687147125626411       0.46078113512518731        5.8530859929295754E-003
   1793.8067599999999        290.38935140652671        6.9927123665524380E-004  -2.8222640857031003       -3.9309196484999411       0.48944723935126516        5.2796731554730410E-003
   1768.3824500000001        290.15863669912773        7.0044615837755344E-004  -2.8010949130243796       -4.0016517316153202       0.50012964491554479        4.0411154509830041E-003
   1742.9588600000000        289.89993366115965        7.0365233736827061E-004  -2.7795097936824851       -4.0766591942535504       0.54087210852146994        4.3395948880814586E-003
   1717.5362500000001        289.64332087776143        7.1210341882710587E-004  -2.7589521687392846       -4.1545576657590884       0.59166891103171093        5.0870442732311423E-003
   1692.1140100000000        289.41279563994203        7.2777409456937971E-004  -2.7406888687470397       -4.2340970942410454       0.65379673084577072        6.4136475994976639E-003
   1666.6927499999999        289.21824562472756        7.4917977206525514E-004  -2.7256768349763876       -4.3144117312248609       0.72708029066603486        8.4703516065269442E-003
   1641.2723400000000        289.03470779438362        7.7693521352532630E-004  -2.7143297567447378       -4.3968597207714533       0.79330629211816095        1.0147239487726731E-002
   1615.8527799999999        288.85916647557804        8.0934941122802104E-004  -2.7073496759132336       -4.4815625920740141       0.86414500972239483        1.2029822879051350E-002
   1590.4340800000000        288.70076711811765        8.4097509394800247E-004  -2.7055038813253458       -4.5676426298010764       0.95209675777161862        1.5060583977502016E-002
   1565.0162399999999        288.55863230471033        8.6756205446140262E-004  -2.7094417179809676       -4.6548667240101809        1.0534129823578164        1.9082502283006422E-002
   1539.5992400000000        288.41716154839844        8.8874834209935261E-004  -2.7199684395984778       -4.7444354288055637        1.1506946394294051        2.2292445176531353E-002
   1514.1834699999999        288.25536728620699        9.0485517365725891E-004  -2.7383547863878679       -4.8379942498270188        1.2327793811923031        2.3238584561779255E-002
   1488.7685500000000        288.03783588875370        9.1702786931024559E-004  -2.7665665041615708       -4.9375151207021624        1.2876696112113386        2.1098553309619416E-002
   1463.3546100000001        287.74831516371466        9.3070132648347137E-004  -2.8063258039821020       -5.0421114121692652        1.3430586248480827        1.9207218611660120E-002
   1437.9417699999999        287.43315640207720        9.6900251273009401E-004  -2.8575321550433976       -5.1471867471034756        1.4372354902271847        2.0507762830375739E-002
   1412.5300299999999        287.11306491176532        1.0751463483468613E-003  -2.9197039521543489       -5.2500920489174261        1.5413369913263637        2.2819159213178536E-002
   1387.1193800000001        286.79249842140121        1.3075803390803593E-003  -2.9920334117984262       -5.3492140685606104        1.6386503942978139        2.5131480310576472E-002
   1361.7099599999999        286.47526442577168        1.7323454282606981E-003  -3.0732582045735017       -5.4431926341004591        1.7239936117862111        2.7267417545806971E-002
   1336.3018800000000        286.19738429828300        2.4683465465156328E-003  -3.1603441824227931       -5.5293743623322413        1.8250721768448108        3.1983276852463785E-002
   1310.8949000000000        286.11157852390551        3.1283963177449257E-003  -3.2379634151318650       -5.5954857008619490        2.2410102754025250        8.9183143025839934E-002
   1285.4893800000000        286.06875236402760        3.3298879070827658E-003  -3.3114201747022691       -5.6494743983503701        2.5208290855533488       0.16101415177154565     
   1260.0852100000000        286.03906821148098        3.4247181536277054E-003  -3.3836667481186398       -5.6952353235303050        2.6787463714420676       0.21646467254612806     
   1234.6824999999999        286.01553526487942        3.4847084310992604E-003  -3.4554608456977860       -5.7342424991650125        2.7760130746748102       0.25697127548250248     
   1209.2811300000001        285.99551763912035        3.5278803138848315E-003  -3.5269525351014819       -5.7672977212329988        2.8361332606516312       0.28523318266814168     
   1183.8813500000001        285.97771681707587        3.5604399347844372E-003  -3.5981007832713154       -5.7949764677979871        2.8706197052035201       0.30332296898927097     
   1158.4832799999999        285.96136715000182        3.5855581924024659E-003  -3.6688200304086505       -5.8177725888297296        2.8864459373807749       0.31285948329309554     
   1133.0869100000000        285.94595359452774        3.6052832678141423E-003  -3.7390403600141555       -5.8361448396646640        2.8885478602585644       0.31525181514997830     
   1107.6922600000000        285.93109499740291        3.6210402711775416E-003  -3.8087286480739406       -5.8505241862993849        2.8808205014252111       0.31185127720782274     
   1082.3005400000000        285.91649212604290        3.6338400890122118E-003  -3.8778973824836074       -5.8613079979556577        2.8663203180970882       0.30401145363501703     
   1056.9097899999999        285.90190136475462        3.6444062829842322E-003  -3.9465895252926440       -5.8688485902014120        2.8479644010870664       0.29309144381287294     
   1031.5210000000000        285.88712676486119        3.6532620715046837E-003  -4.0148671498526518       -5.8734478629469473        2.8280652386856637       0.28038667377775278     
   1006.1343400000000        285.87201699464100        3.6607909210887553E-003  -4.0827955349932239       -5.8753568691953584        2.8086014395563983       0.26704874123827832     
   980.75000000000000        285.85646543141183        3.6672783991903652E-003  -4.1504307980275996       -5.8747804277668090        2.7911056272793822       0.25400406108225543     
   955.36804199999995        285.84041160193442        3.6729411435255958E-003  -4.2178089720186165       -5.8718848542821647        2.7765362822911341       0.24190942760415518     
   929.98846400000002        285.82384015084148        3.6779459375171084E-003  -4.2849389252296470       -5.8668070827500962        2.7651977793214195       0.23113813278819623     
   904.61157200000002        285.80677130350745        3.6824141641198498E-003  -4.3518041079411542       -5.8596631246061843        2.7565991349698629       0.22175684517757224     
   879.23742700000003        285.78924085477075        3.6864511789635201E-003  -4.4183710550297830       -5.8505541989386156        2.7495062373560581       0.21353931136040738     
   853.86627199999998        285.77128787595484        3.6901374078521462E-003  -4.4845948426466942       -5.8395707960005048        2.7422959223942707       0.20614767374947315     
   828.49829099999999        285.75295302662886        3.6935362580994995E-003  -4.5504213347404585       -5.8267949356068636        2.7334967341894085       0.19930252840142054     
   803.13348399999995        285.73427822279172        3.6966987144178526E-003  -4.6157928330892881       -5.8122996304770878        2.7222642991156065       0.19284750219026112     
   777.77227800000003        285.71530434942741        3.6996662309782282E-003  -4.6806616685105960       -5.7961436876977830        2.7087165436088978       0.18677365170033350     
   752.41485599999999        285.69606243672507        3.7024727113576603E-003  -4.7450104388225558       -5.7783606046809304        2.6942739439971817       0.18121208350004273     
   727.06133999999997        285.67653225160478        3.7051451554221742E-003  -4.8088912480836177       -5.7589371656490451        2.6813640093748057       0.17622299931384316     
   701.71209699999997        285.65645435240953        3.7077001064409060E-003  -4.8725398887007083       -5.7377626125065611        2.6710378893394267       0.17083368153837011     
   676.36755400000004        285.63462865991465        3.7101266089695916E-003  -4.9367200012235593       -5.7144848271534698        2.6553306106510379       0.16033961361394050     
   651.02789299999995        285.60618393247131        3.7123202731441035E-003  -5.0036568189987634       -5.6880910536169091        2.5976401724569840       0.13227769082721069     
   625.69360400000005        285.53957616333673        3.7135656978236572E-003  -5.0807469725731806       -5.6551303873930667        2.3595503200201411        6.8413338968985993E-002
   600.36511199999995        285.51282526262634        3.7157539949839885E-003  -5.1483512352510594       -5.6236889216152628        2.8015490332681705       0.15977298313214283     
   575.04284700000005        285.49231402588214        3.7180572983741057E-003  -5.2143191940475777       -5.5904084967311949        3.0482344888262869       0.22034547920992081     
   549.72741699999995        285.47355949518334        3.7203693387991002E-003  -5.2806476956888471       -5.5542185202752297        3.2468513679125248       0.26519897219523847     
   524.41943400000002        285.45539534183064        3.7226738102582426E-003  -5.3479260510591526       -5.5145529853919601        3.4289616784048373       0.30499029267002609     
   499.11962899999997        285.43746778981676        3.7249770755295405E-003  -5.4162226777694391       -5.4709848153646741        3.6006526037956492       0.34434707901918638     
   473.82891799999999        285.41964517930512        3.7272919957256506E-003  -5.4853898907199596       -5.4230989489539771        3.7602696581699799       0.38442116238442064     
   448.54824800000000        285.40184754432880        3.7296339828764330E-003  -5.5551702634379243       -5.3704487662761951        3.9040781171037460       0.42487041136842096     
   423.27871699999997        285.38399845926125        3.7320206940611384E-003  -5.6252277948332816       -5.3125407163641158        4.0280974472733657       0.46481086709959107     
   398.02175899999997        285.36600732228840        3.7344729030036818E-003  -5.6951535400532176       -5.2488215548333805        4.1284768925076341       0.50310118004380411     
   372.77890000000002        285.34775258064985        3.7370159425673950E-003  -5.7644606631323905       -5.1786577285969475        4.2015053759627916       0.53832186237626800     
   347.55215500000003        285.32905790996779        3.7396815863054217E-003  -5.8325718127257966       -5.1013003766412153        4.2434708274600323       0.56866164362848293     
   322.34393299999999        285.30965672750870        3.7425101558761597E-003  -5.8987932980690463       -5.0158323599522170        4.2506101003976822       0.59182973886431123     
   297.15716600000002        285.28913602491491        3.7455529331992398E-003  -5.9622675919955581       -4.9210910579062270        4.2190474089356584       0.60502222478917611     
   271.99560500000001        285.26683550042071        3.7488777977260895E-003  -6.0218924051325375       -4.8155527579114974        4.1445933054108499       0.60489942661405582     
   246.86404400000001        285.24163964767479        3.7525766211876396E-003  -6.0761860787454491       -4.6971469741191303        4.0222917823266595       0.58749922860648529     
   221.76879900000000        285.21148815432264        3.7567857307972256E-003  -6.1230588207156060       -4.5629255723779654        3.8453781402753529       0.54801439727101908     
   196.71839900000001        285.17201444159116        3.7617572094486738E-003  -6.1593933711950246       -4.4083890072234206        3.6029317828600256       0.48043560511708611     
   171.72468599999999        285.11170435442205        3.7681107103740680E-003  -6.1801538074438644       -4.2258456691728199        3.2741907361037832       0.37752985319522753     
   146.80502300000001        284.98652376676478        3.7776295361439589E-003  -6.1759192839390025       -3.9993957949680756        2.8149439301538224       0.23549353074385848     
   121.98595400000001        284.58093913541791        3.7859759459030139E-003  -6.1248844951474259       -3.6975872568448027        2.2243007352443538       0.10327503071423146     
   97.311340299999998        283.59279507472252        3.7819805026551830E-003  -5.9886350080040467       -3.3091657352339330        1.7846931239503530        5.9979165622368713E-002
   72.861091599999995        280.96482578961235        3.7284923642597902E-003  -5.6890462448276375       -2.7941384731403405        1.3567004222543866        3.5027197312889807E-002
   48.804748500000002        274.28776588181756        3.4654931112989384E-003  -5.0532831558189812       -2.0836106432253696       0.95573350389223233        2.4535778631868260E-002
   25.613332700000001        273.51360113550709        3.4536763246484827E-003  -4.2783873073617578       -1.5152198318987535        1.0229410388336437       0.27290281465829663     
   10.000000000000000        273.90790326094293        3.5224627610017847E-003  -3.0703429733646184      -0.91247869074361632       0.68868607948408445       0.69368528919802674     
   1997.2254600000001        290.87307179460367        6.2943009999327684E-004  -2.8017102422968807       -1.5301914257493672        4.4327400023845706E-002   1.8595498246079268E-004
   1971.7959000000001        290.86320853200749        6.4142270837459824E-004  -2.8052676683080917       -1.5405384811061575        4.4327400023845706E-002   1.8595498246079268E-004
   1946.3670700000000        290.83595090453048        6.5903163803759989E-004  -2.8028479029919122       -1.5594512666852867        8.2826670632963714E-002   3.8146555500865242E-004
   1920.9388400000000        290.79883248323409        6.7366209986399273E-004  -2.7941113430404814       -1.5812488653582801       0.11008856666244665        5.6437627891362343E-004
   1895.5111099999999        290.75110752405254        6.8454812852739575E-004  -2.7794996207179756       -1.6047376515364498       0.13784094473474426        7.6165919846339462E-004
   1870.0839800000001        290.69013896169582        6.9189869178210332E-004  -2.7594497320839921       -1.6296562551307956       0.16691260905521765        9.6326039407638466E-004
   1844.6575900000000        290.61541419743980        6.9607262869691934E-004  -2.7345471176299347       -1.6560098504792813       0.19836839162111641        1.1980645120706216E-003
   1819.2318100000000        290.52205306067742        6.9815588956790697E-004  -2.7051628240837760       -1.6842986961234077       0.23010617723272325        1.4038829855579763E-003
   1793.8067599999999        290.38641063987365        6.9926586802030702E-004  -2.6709359745300025       -1.7158852739385708       0.25572234830983986        1.3931237993496839E-003
   1768.3824500000001        290.15659302590541        7.0054315390387096E-004  -2.6313017230708082       -1.7526283708114503       0.27240538956740201        1.1709001378839737E-003
   1742.9588600000000        289.89809883170193        7.0396474896623610E-004  -2.5896279220851839       -1.7932368064772408       0.30486880961085205        1.3462211280299873E-003
   1717.5362500000001        289.64181202526538        7.1273800997733469E-004  -2.5478276965536719       -1.8376180970193798       0.34364699584188069        1.6767761921878494E-003
   1692.1140100000000        289.41166079194278        7.2869502759242109E-004  -2.5075894712047941       -1.8855005517869114       0.38965173814880572        2.2259473418410058E-003
   1666.6927499999999        289.21642845029493        7.5035581183115229E-004  -2.4701342447213634       -1.9365795544928466       0.44253118517789408        3.0557508067970015E-003
   1641.2723400000000        289.03267504246281        7.7820972723160835E-004  -2.4355377453592717       -1.9916654875074804       0.49145776099106325        3.7970160951067461E-003
   1615.8527799999999        288.85762880211843        8.1032209853688984E-004  -2.4043855308065583       -2.0507294954557320       0.54213486050342896        4.6253743194448714E-003
   1590.4340800000000        288.69938007697004        8.4123072201018503E-004  -2.3774594435778873       -2.1129911613157049       0.60050796019416597        5.8420575215358522E-003
   1565.0162399999999        288.55585202831577        8.6703318868057520E-004  -2.3550930221529547       -2.1780780347315236       0.66231798222747584        7.3043270802356621E-003
   1539.5992400000000        288.41188463477471        8.8759324199081204E-004  -2.3372198423327264       -2.2466271103083444       0.71641356716764681        8.3233855084746799E-003
   1514.1834699999999        288.24698779756363        9.0367020775222978E-004  -2.3238608269462540       -2.3197760080109227       0.75620447710111249        8.4110506650225438E-003
   1488.7685500000000        288.02900264372539        9.1731379342959308E-004  -2.3153373106742241       -2.3990512650929552       0.77749330290038010        7.4683584461287004E-003
   1463.3546100000001        287.74226224648328        9.3607187313586462E-004  -2.3125199257227300       -2.4842960262607940       0.79714680061096066        6.6128247432849924E-003
   1437.9417699999999        287.42831964600038        9.8443550792089011E-004  -2.3163140369495703       -2.5726690377102841       0.83886916855132188        6.8016346901103994E-003
   1412.5300299999999        287.10870442668357        1.1063694288945404E-003  -2.3272486142755446       -2.6625613021381747       0.89071597083817800        7.4032069525576455E-003
   1387.1193800000001        286.78878748313144        1.3644241423985738E-003  -2.3457244039671039       -2.7530608605319133       0.94639850639588941        8.1427691677683472E-003
   1361.7099599999999        286.47608043819764        1.8587105150283422E-003  -2.3719968654110639       -2.8431023594539750        1.0079138728096122        9.1145716906147981E-003
   1336.3018800000000        286.23144629424945        2.6376557863558706E-003  -2.4050911576480685       -2.9288186730368446        1.1112431908208791        1.2321677645746850E-002
   1310.8949000000000        286.14522303947837        3.0364858285789301E-003  -2.4398918800682377       -3.0001477057159360        1.3883558302013117        3.2982863508205167E-002
   1285.4893800000000        286.09690706987294        3.2481272058357863E-003  -2.4776365399929441       -3.0636930576748895        1.6099188046625579        5.9467126327599075E-002
   1260.0852100000000        286.06269027365795        3.3720285268248502E-003  -2.5187586223356848       -3.1221298919369254        1.7990477423843851        8.7722378971238663E-002
   1234.6824999999999        286.03542795316855        3.4505055812727066E-003  -2.5633067903322164       -3.1766249097119563        1.9734190203289463       0.11692793661862796     
   1209.2811300000001        286.01216538551216        3.5036942634445148E-003  -2.6112116846567153       -3.2277895891633333        2.1415068826764969       0.14693193507897767     
   1183.8813500000001        285.99141237620483        3.5418600958273985E-003  -2.6623862286839182       -3.2759934119688010        2.3083189634489156       0.17780870716917904     
   1158.4832799999999        285.97231207812439        3.5705219554290255E-003  -2.7167719141600370       -3.3214830647870817        2.4780426542423495       0.20988160420801802     
   1133.0869100000000        285.95432390477549        3.5928103218416350E-003  -2.7743686795002453       -3.3644314532529243        2.6553802407002349       0.24384973359754783     
   1107.6922600000000        285.93708255568964        3.6106063560550150E-003  -2.8352602429709219       -3.4049522917586326        2.8464516000885025       0.28096447130248819     
   1082.3005400000000        285.92032760232541        3.6251106564368753E-003  -2.8996490120682012       -3.4430952849912226        3.0592102102865399       0.32322350887781665     
   1056.9097899999999        285.90386449684809        3.6371315974924015E-003  -2.9678818232030606       -3.4788058610747772        3.3045384289274287       0.37368769763666321     
   1031.5210000000000        285.88754303337743        3.6472395358868818E-003  -3.0404810580274209       -3.5118587277861000        3.5958517815015236       0.43673852927757656     
   1006.1343400000000        285.87124245066997        3.6558515404311273E-003  -3.1181489401527447       -3.5417574808817562        3.9489659602573397       0.51837393817497379     
   980.75000000000000        285.85485998302306        3.6632811332326385E-003  -3.2017191550806605       -3.5676321371022204        4.3805350141592809       0.62625671627708157     
   955.36804199999995        285.83830501487154        3.6697751802508886E-003  -3.2920433369800630       -3.5882043479503545        4.9073762470743967       0.77003526583224147     
   929.98846400000002        285.82153900749609        3.6756007358380955E-003  -3.3899218392860715       -3.6018899943207039        5.5602800746971948       0.96802793819860111     
   904.61157200000002        285.80494194522714        3.6815289758390110E-003  -3.4961213580626533       -3.6069727180569773        6.4445150220244551        1.2890247284266199     
   879.23742700000003        285.79080704921955        3.6905685136506858E-003  -3.6081487525740421       -3.6020626837137373        7.6348556901808040        1.9316263441135397     
   853.86627199999998        285.78316289596978        3.7070619871972413E-003  -3.7207836061742769       -3.5871792579525841        9.9700495139244953        4.2804342179652668     
   828.49829099999999        285.77577906195512        3.7228309194660019E-003  -3.8183014277333980       -3.5665426774413143        8.0970696434057885        2.8775957848879470     
   803.13348399999995        285.77262811246675        3.7419779302306096E-003  -3.9346507217473943       -3.5320681613497054        15.442755964294758        12.843429626841246     
   777.77227800000003        285.76023789571485        3.7508134287298342E-003  -4.0061220078636008       -3.5056257508867796        4.1262604412010537       0.55958950271417429     
   752.41485599999999        285.76138540647986        3.7717042542307288E-003  -4.1218626085902246       -3.4533034880900071        47.487490747383674        77.763973699605842     
   727.06133999999997        285.74566140863936        3.7765409778513924E-003  -4.1569429844018462       -3.4350789039443330        1.1001745093540862        3.1153590819469581E-002
   701.71209699999997        285.75409809575496        3.8010117125731602E-003  -4.2725959083340896       -3.3654196364665134        102.71261427608310        143.86655130647992     
   676.36755400000004        285.73842460654396        3.8052862126612499E-003  -4.2961467092223806       -3.3491263677711003       0.59276883222283794        8.5625554947971992E-003
   651.02789299999995        285.75463665538831        3.8325368199214724E-003  -4.3977161692640756       -3.2690649807473404        137.88614254854983        178.45940147008065     
   625.69360400000005        285.73946993793840        3.8366806034390937E-003  -4.4143947620221642       -3.2541525318383262       0.36906965974436368        3.2661367479442198E-003
   600.36511199999995        285.76665164948042        3.8682155295984180E-003  -4.5045070114556562       -3.1632956914678503        170.97893553943561        209.53951639494957     
   575.04284700000005        285.75241284002902        3.8725155266142786E-003  -4.5172223764775303       -3.1488528517995555       0.27723856730418406        1.8844001620137761E-003
   549.72741699999995        285.79349092665836        3.9092261341858560E-003  -4.5965345286287587       -3.0472925916671900        196.86432153755945        232.31616382974252     
   524.41943400000002        285.78060165841589        3.9138836144136614E-003  -4.6065450225625471       -3.0327965161234416       0.23603924617245864        1.4503842157336353E-003
   499.11962899999997        285.83839109715382        3.9563154226341345E-003  -4.6739545668619131       -2.9217721977985467        213.63138452609820        245.01195023914127     
   473.82891799999999        285.82736033275881        3.9615233841107621E-003  -4.6818407927069110       -2.9068800204747847       0.22121687241527105        1.4202629120954285E-003
   448.54824800000000        285.90485777066044        4.0101557363760709E-003  -4.7360128871186857       -2.7881385325184422        220.70081831147445        247.39401762328799     
   423.27871699999997        285.89638685633486        4.0161509231308769E-003  -4.7420467001430442       -2.7725315597112439       0.22996949202447783        1.8554631523870861E-003
   398.02175899999997        285.99690002081888        4.0714692578025886E-003  -4.7816591449611678       -2.6482002982963064        217.84368669215254        239.55299914110830     
   372.77890000000002        285.99206616668874        4.0785957546646476E-003  -4.7858783091045769       -2.6315060681358977       0.28625173480513377        4.2198557692692375E-003
   347.55215500000003        286.09486634656463        4.1311150279566044E-003  -4.8069026659039684       -2.5234608409985908        184.27947739725562        198.54606188703039     
   322.34393299999999        286.09633783519018        4.1402481556708564E-003  -4.8090751168171648       -2.5039426337375397        20.059712035768275        22.168856116215796     
   297.15716600000002        286.11977610238927        4.1577658960589891E-003  -4.8108638174662097       -2.4695968557934740        70.056074460497257        73.357217207913678     
   271.99560500000001        286.14102096103113        4.1738765748988212E-003  -4.8101898719308460       -2.4402103502952857        58.253454371869317        60.590724898386391     
   246.86404400000001        286.16787114265861        4.1915736280954737E-003  -4.8071515994205205       -2.4100606699776530        56.186383504637838        58.130446624644776     
   221.76879900000000        286.20142384321400        4.2111731876911173E-003  -4.8014121463600636       -2.3789191895500044        52.736678295050524        54.324619461994317     
   196.71839900000001        286.24374694719876        4.2333063939615631E-003  -4.7924092022072182       -2.3462272516191427        48.416651740332178        49.694253962551642     
   171.72468599999999        286.29794982194346        4.2589122248507432E-003  -4.7792376834549604       -2.3112259071229433        43.279799189778217        44.285901182319826     
   146.80502300000001        286.36900320306250        4.2894815792407521E-003  -4.7603951879616817       -2.2727787988509816        37.399275836019740        38.167519459614155     
   121.98595400000001        286.46551039702456        4.3275829211089035E-003  -4.7332227852686000       -2.2290126899630787        30.876477785429312        31.436655654968067     
   97.311340299999998        286.60410481495512        4.3781652054809472E-003  -4.6925079806795429       -2.1764504574626304        23.860140663915082        24.239767072513722     
   72.861091599999995        286.82273873055237        4.4524893051270959E-003  -4.6262451671276663       -2.1074594878515809        16.584831389513781        16.811456273377100     
   48.804748500000002        287.23536339358924        4.5842757669045794E-003  -4.4981147829566979       -2.0000892865902107        9.4650740570459195        9.5701773143784266     
   25.613332700000001        288.10691970075521        4.8501282828145465E-003  -4.2201195682251411       -1.8148011891296616        4.3532319673681261        4.3905816833873130     
   10.000000000000000        291.36201276564071        5.8138588467595391E-003  -3.1623626717187148       -1.2493825877599003        1.0722729230267538        1.0771002877180345     
   1997.2254600000001        290.87298256817888        6.2953840287399980E-004  -4.5008778408731791       0.88792614624685096        5.3514477649011002E-002   2.7335707879235958E-004
   1971.7959000000001        290.86314656987827        6.4145183308586410E-004  -4.5068106661964640       0.87745204862404280        5.3514477649011002E-002   2.7335707879235958E-004
   1946.3670700000000        290.83590011565241        6.5902294939364475E-004  -4.5106109820419933       0.85955150269821834        7.6434753168394903E-002   3.2395955715727888E-004
   1920.9388400000000        290.79875509594979        6.7365192154547658E-004  -4.5089142281357066       0.84075145998294454        7.1717102910012848E-002   2.3574137592434233E-004
   1895.5111099999999        290.75097367020555        6.8453656362991772E-004  -4.5011584307154990       0.82440226327253474        6.6734549217775926E-002   1.9519309851403178E-004
   1870.0839800000001        290.68993745785707        6.9188326543422030E-004  -4.4879953967502857       0.81169598398207887        6.9155394286529892E-002   2.0175896979145378E-004
   1844.6575900000000        290.61510392968393        6.9605777740557723E-004  -4.4699379640865198       0.80213907309840915        7.9156319658558572E-002   2.3033656319504300E-004
   1819.2318100000000        290.52152561154270        6.9814601700042285E-004  -4.4470778940778386       0.79467929689042427        9.5495868185006133E-002   2.7714631219106828E-004
   1793.8067599999999        290.38549145269087        6.9926693585910260E-004  -4.4193864147222195       0.78808141784707764       0.11587796535609393        3.3538885351709955E-004
   1768.3824500000001        290.15587308303293        7.0057210837369435E-004  -4.3869686395057617       0.78097843591844285       0.13847115596535170        3.9967369780819016E-004
   1742.9588600000000        289.89743204547301        7.0405673630211812E-004  -4.3498460268515382       0.77173883164586499       0.16361084165770054        4.7090280151842795E-004
   1717.5362500000001        289.64097625366492        7.1293995503637247E-004  -4.3077176843851852       0.75804368301994585       0.19418599287290672        5.5729309273817287E-004
   1692.1140100000000        289.41061212255215        7.2902991753022906E-004  -4.2626349996952859       0.73720208057768055       0.24795526716054245        8.8560044891697028E-004
   1666.6927499999999        289.21484907892034        7.5086568282580716E-004  -4.2175489039632108       0.70602666791404611       0.33324196274856893        1.7096242006102243E-003
   1641.2723400000000        289.03040115768209        7.7891340450517664E-004  -4.1755382121351978       0.66062279726392859       0.44477594347281896        3.0895618553585806E-003
   1615.8527799999999        288.85446567425873        8.1112469740638382E-004  -4.1420526134903497       0.59918258130941093       0.59230235989534452        5.5305811001086572E-003
   1590.4340800000000        288.69477452575359        8.4192122464705587E-004  -4.1225803527682512       0.52346046146763392       0.78737540088421898        1.0142676144797958E-002
   1565.0162399999999        288.54867870420026        8.6741308872547362E-004  -4.1202275226021712       0.43679168481428704        1.0261196369549270        1.7814475752615751E-002
   1539.5992400000000        288.40060216525251        8.8755805448025374E-004  -4.1363050443348186       0.34155995964541336        1.2851144461856265        2.7332318557932177E-002
   1514.1834699999999        288.22948270786281        9.0377394327994598E-004  -4.1718866271049171       0.23909388366985881        1.5385197167012545        3.5642937017152515E-002
   1488.7685500000000        288.00443210279434        9.2049110467024985E-004  -4.2285581871071019       0.13012759122955300        1.7630309498391052        3.9631343822948389E-002
   1463.3546100000001        287.71191774084565        9.5329159907484181E-004  -4.3070691604408164        1.7574516899133225E-002   1.9793346744866016        4.2505586727146862E-002
   1437.9417699999999        287.39056319556477        1.0599423272191716E-003  -4.4052332687912843       -9.2757556453883852E-002   2.2329854733361119        5.0370562020637555E-002
   1412.5300299999999        287.06509478734893        1.6208628312878142E-003  -4.5205727681838184      -0.19679139476162943        2.5017565338823107        6.1468860904185248E-002
   1387.1193800000001        286.93735985178245        3.5865103636943999E-003  -4.6306558830331292      -0.27724161000185982        3.0430675635926931       0.14812218032728766     
   1361.7099599999999        286.93779493847018        3.6262258593267194E-003  -4.6852838549155686      -0.30818721583109726        20.067736187660305        37.205214103801616     
   1336.3018800000000        286.93055478273288        3.6331449689755275E-003  -4.6947195739837015      -0.31253606492367503        8.4541675523161539E-002   3.9964676380335463E-004
   1310.8949000000000        286.94246400241241        3.6711999454120980E-003  -4.7330348537544431      -0.32668273353883592        170.56353937532606        211.20969427162530     
   1285.4893800000000        286.93527662119516        3.6756746482254129E-003  -4.7381169201478954      -0.32815771310474012        3.4656123525344286E-002   9.3602273695753089E-005
   1260.0852100000000        286.96050847508036        3.7212650115255237E-003  -4.7806262432293316      -0.33786922543077369        269.13768324231796        316.07301917170412     
   1234.6824999999999        286.95372383083520        3.7253724370832956E-003  -4.7849114935754047      -0.33859087315876274        2.9693007207603189E-002   7.9480632612180947E-005
   1209.2811300000001        286.99115379381033        3.7774130887803683E-003  -4.8311558496235945      -0.34421370066165918        335.57090639884575        385.15559134457783     
   1183.8813500000001        286.98475151696920        3.7813910406732727E-003  -4.8350904382537419      -0.34449542782755921        2.8072035665742148E-002   7.4432770272227412E-005
   1158.4832799999999        287.03267642907485        3.8378199436610032E-003  -4.8836873097525126      -0.34611088768076315        382.08698577534983        431.99017191743809     
   1133.0869100000000        287.02660721281205        3.8417022418760125E-003  -4.8873901416942944      -0.34606966897298252        2.7389013443492542E-002   7.1897431239459269E-005
   1107.6922600000000        287.08292321099412        3.9002476340802951E-003  -4.9367693986342127      -0.34387044247035653        413.18408663709823        461.53139591500315     
   1082.3005400000000        287.07713548199143        3.9040229064607555E-003  -4.9402738781829321      -0.34356899220026477        2.6973733545766623E-002   7.0059535895167815E-005
   1056.9097899999999        287.13951552242082        3.9625515711993404E-003  -4.9888749166959778      -0.33788984613107909        431.14655864288767        476.41841911377617     
   1031.5210000000000        287.13396213641482        3.9662014151962471E-003  -4.9921835155008720      -0.33736848893428589        2.6556149841929298E-002   6.8202303841568749E-005
   1006.1343400000000        287.20019921329867        4.0229999056491765E-003  -5.0386108539022674      -0.32862720795556355        438.11458326054003        479.20915216535280     
   980.75000000000000        287.19484895698946        4.0265118901424389E-003  -5.0417109211704911      -0.32791185009389001        2.5995722968338093E-002   6.5968314496657818E-005
   955.36804199999995        287.26386804722540        4.0807771806149022E-003  -5.0849809980723890      -0.31638474910078501        438.64901813273701        475.05945566157084     
   929.98846400000002        287.25874987151019        4.0841610917509222E-003  -5.0878453432015922      -0.31547900081384406        2.5201389167166369E-002   6.3142088704062433E-005
   904.61157200000002        287.33269085047721        4.1368685391818807E-003  -5.1276912191000914      -0.30080693616022047        442.75096011631138        474.83047414587759     
   879.23742700000003        287.32797624723355        4.1401882238109276E-003  -5.1302766321451534      -0.29967586041166200        2.4200362168370803E-002   5.9814185600428141E-005
   853.86627199999998        287.41210386290589        4.1938652834621866E-003  -5.1668851786899195      -0.28083793906048055        457.22416193954683        485.89868624302528     
   828.49829099999999        287.40802532641879        4.1972294131506936E-003  -5.1691697995765118      -0.27944132763617069        2.3356719948724881E-002   5.6894396385423252E-005
   803.13348399999995        287.50364047233887        4.2526203339317515E-003  -5.2018911134883075      -0.25638895220038643        467.80588728517006        493.25448800084263     
   777.77227800000003        287.50016608149207        4.2560484641882800E-003  -5.2038640504480069      -0.25476417976856780        2.2545754398939612E-002   5.4067947089855064E-005
   752.41485599999999        287.59711954797336        4.3087534672869464E-003  -5.2302419639022535      -0.23020683269410000        448.43780413998502        469.17917176615600     
   727.06133999999997        287.59381902546585        4.3120792819422230E-003  -5.2318211442987268      -0.22848862683924717        2.0678849144704532E-002   4.8765071298540312E-005
   701.71209699999997        287.67239518983536        4.3536581697284048E-003  -5.2487962374795760      -0.20750643349893066        381.44214152825310        395.40314478796290     
   676.36755400000004        287.66845591721079        4.3565330134307505E-003  -5.2498358334756769      -0.20592183842441908        1.6737502160346619E-002   3.8762332158749960E-005
   651.02789299999995        287.71863713415615        4.3834303079251478E-003  -5.2575385450943930      -0.19146324366615106        285.07892589992866        292.61444090008280     
   625.69360400000005        287.71952041236102        4.3882138754437749E-003  -5.2584529614865820      -0.18874486932983309        35.983120621581982        37.197160569551627     
   600.36511199999995        287.72516505974636        4.3949992966315007E-003  -5.2595901637009099      -0.18492255788883133        88.133757666169700        89.737610075001996     
   575.04284700000005        287.73419820401057        4.4031716875558629E-003  -5.2607455705268853      -0.18034531996554998        106.24244032131901        108.00069931087241     
   549.72741699999995        287.74587480802495        4.4123906059879061E-003  -5.2617791163591647      -0.17521172150472378        114.59769645676349        116.39400764544180     
   524.41943400000002        287.75971828758213        4.4224341466273303E-003  -5.2625813699705057      -0.16965664348260975        117.88603319687812        119.65038552298590     
   499.11962899999997        287.77550063216188        4.4331879225865409E-003  -5.2630628690966992      -0.16375821408280300        118.38467797147331        120.08020612931591     
   473.82891799999999        287.79313437654730        4.4445975932203572E-003  -5.2631414121084470      -0.15756483826508522        117.11186026209981        118.71935087474820     
   448.54824800000000        287.81262888760398        4.4566492291015442E-003  -5.2627350289345838      -0.15110683225480748        114.60757173453175        116.11834413058942     
   423.27871699999997        287.83406256730689        4.4693568331194301E-003  -5.2617573065790850      -0.14440417059147628        111.16365236665824        112.57521759335937     
   398.02175899999997        287.85757829150378        4.4827596654871205E-003  -5.2601136935341586      -0.13746909027250376        106.96553029189674        108.27930670864680     
   372.77890000000002        287.88338958972690        4.4969239185638438E-003  -5.2576973715812585      -0.13030668421613029        102.14412939516227        103.36389141521465     
   347.55215500000003        287.91179617131206        4.5119479121369307E-003  -5.2543836359933493      -0.12291422533620265        96.798530964423790        97.929154503162437     
   322.34393299999999        287.94320808641294        4.5279703292136937E-003  -5.2500217404922802      -0.11527982352668176        91.004829507354557        92.051216803429938     
   297.15716600000002        287.97818134304356        4.5451823725116223E-003  -5.2444228027102655      -0.10738054183190653        84.820219522695567        85.786414280390645     
   271.99560500000001        288.01747133843998        4.5638460105833561E-003  -5.2373415089042030       -9.9179784991291320E-002   78.285716250685937        79.174256370244834     
   246.86404400000001        288.06211592273746        4.5843224181879097E-003  -5.2284476315581161       -9.0623483618934214E-002   71.429832459014563        72.241388358383020     
   221.76879900000000        288.11357044007065        4.6071183454634897E-003  -5.2172798816539201       -8.1634144618695087E-002   64.273085176623610        65.006376292820590     
   196.71839900000001        288.17393863980709        4.6329655899331936E-003  -5.2031672371611757       -7.2101012889404972E-002   56.833639774581080        57.485600881514905     
   171.72468599999999        288.24639165532318        4.6629653892838966E-003  -5.1850862119685841       -6.1862905768329042E-002   49.134484825458195        49.700659558902935     
   146.80502300000001        288.33598902500705        4.6988715716072132E-003  -5.1613805116569802       -5.0675953457671223E-002   41.212112542386073        41.687272841003725     
   121.98595400000001        288.45145367635917        4.7437028004353125E-003  -5.1291518737700308       -3.8147511411812558E-002   33.129284526715267        33.508366668558295     
   97.311340299999998        288.60956614336169        4.8032580462778595E-003  -5.0827417151594556       -2.3583027077336761E-002   24.994765025878735        25.274306702479482     
   72.861091599999995        288.84839432638779        4.8906777655696801E-003  -5.0091209167791293       -5.5623437412425430E-003   17.000731137760827        17.181218781439128     
   48.804748500000002        289.28146398872173        5.0451103745988201E-003  -4.8688048085630777        1.9597377489630356E-002   9.5121684329468756        9.6021565644428488     
   25.613332700000001        290.16395346651854        5.3537133080998073E-003  -4.5660320600845523        5.4234154674486987E-002   4.2997637997711067        4.3339403050389036     
   10.000000000000000        293.34190100961246        6.4510430449522703E-003  -3.4135840851295769       0.11643286722049771        1.0474137017968290        1.0520650186063092     
   1997.2254600000001        290.87278492232457        6.2977641310930791E-004  -8.5606955852775641        1.2382671365386517        8.4556110001126700E-002   6.9690331899144309E-004
   1971.7959000000001        290.86296931320214        6.4151739975853452E-004  -8.5655535333178747        1.2238547635113382        8.4556110001126700E-002   6.9690331899144309E-004
   1946.3670700000000        290.83586420675886        6.5896118313017390E-004  -8.5707433696140356        1.1996099787731642       0.13872468887979950        1.0968683113816173E-003
   1920.9388400000000        290.79880863597151        6.7358508821858270E-004  -8.5742694318891122        1.1728993725423773       0.14411156479331105        9.7895782683189931E-004
   1895.5111099999999        290.75100937520318        6.8450539204600131E-004  -8.5755871380663571        1.1463902127036611       0.12703327780873117        6.4426486690467865E-004
   1870.0839800000001        290.68991981848137        6.9187092064498844E-004  -8.5743039766812785        1.1223984935631386        9.5185865489656643E-002   3.0650363102665011E-004
   1844.6575900000000        290.61502805424055        6.9605204691315333E-004  -8.5699873387996490        1.1052858880391103        6.8378235744852855E-002   1.9897347282879795E-004
   1819.2318100000000        290.52123623450274        6.9814419870216739E-004  -8.5591727805848734        1.0952424291477254        5.8612260003737621E-002   1.7010339837687802E-004
   1793.8067599999999        290.38464700542295        6.9927031239987137E-004  -8.5370704710514822        1.0836817073093892       0.10153514777948563        2.9387603329764631E-004
   1768.3824500000001        290.15466391940623        7.0060024478644850E-004  -8.5043523646442161        1.0541977201134600       0.18376805450593395        5.3041557551365898E-004
   1742.9588600000000        289.89479798164996        7.0420822245296382E-004  -8.4735760043879864        1.0031962874779230       0.31839025967721418        1.4666574023929119E-003
   1717.5362500000001        289.63589528773650        7.1349951234051803E-004  -8.4522260494229133       0.93489597289122728       0.46769428069292673        3.1293646425249559E-003
   1692.1140100000000        289.40288118018179        7.3037625804705218E-004  -8.4435869036534736       0.85495839813972374       0.63194678428699314        5.9480317197444328E-003
   1666.6927499999999        289.20364248361028        7.5337624006868449E-004  -8.4486499416679433       0.76828421589954865       0.80870840880789208        1.0409090027790297E-002
   1641.2723400000000        289.01545668420988        7.8255410697440685E-004  -8.4678195370498983       0.67692725131190712       0.97865584156224850        1.5426747465702722E-002
   1615.8527799999999        288.83607634781856        8.1491902485933865E-004  -8.5016756289287478       0.58350204374298476        1.1562514759955635        2.1670245488550725E-002
   1590.4340800000000        288.67250637790005        8.4553295935005900E-004  -8.5507429822753203       0.49110253803412351        1.3640966877988296        3.1093987687580423E-002
   1565.0162399999999        288.52062372472153        8.8879045288779419E-004  -8.6158345063694473       0.40204050315271106        1.5994972297602106        4.3660270755004282E-002
   1539.5992400000000        288.36455584244703        1.1734159234761347E-003  -8.6977451517889808       0.31782814347031818        1.8245924421039672        5.4877105727093582E-002
   1514.1834699999999        288.20510729336951        3.9673311656503382E-003  -8.7943531191378135       0.24134003009331909        2.0273628638757750        6.5562693166548475E-002
   1488.7685500000000        288.20536394381986        3.9819766700197193E-003  -8.8089311719049874       0.23250612821274791        16.159726278084889        25.507134334112539     
   1463.3546100000001        288.20589073319866        3.9938783952487549E-003  -8.8161343977813686       0.22919950199911168        35.702464818997420        44.837611188668404     
   1437.9417699999999        288.20661942644563        4.0059170159041819E-003  -8.8218931893878896       0.22729087565774589        47.522770056785326        55.792409495825410     
   1412.5300299999999        288.20752461612238        4.0182794340796217E-003  -8.8269964372420020       0.22619311989735144        56.108229069702759        63.680917341324601     
   1387.1193800000001        288.20859121570260        4.0308775886925760E-003  -8.8317018185205978       0.22569548650641014        62.890192523899103        69.913222347778571     
   1361.7099599999999        288.20980900624033        4.0435768167185974E-003  -8.8361256205336929       0.22569235297770301        68.484474577189260        75.070537445919854     
   1336.3018800000000        288.21117058162963        4.0562457608543604E-003  -8.8403300397800102       0.22612048707444340        73.216230461146722        79.453254172007192     
   1310.8949000000000        288.21267032674945        4.0687706796852076E-003  -8.8443518160855437       0.22693754963930762        77.282000690142056        83.239767267296855     
   1285.4893800000000        288.21430386615083        4.0810596485718305E-003  -8.8482139594731883       0.22811289235063245        80.810444778124122        86.544184692698437     
   1260.0852100000000        288.21606771466156        4.0930426838227552E-003  -8.8519312206625926       0.22962301893962028        83.892327073181150        89.445324748484310     
   1234.6824999999999        288.21795907231149        4.1046703333795145E-003  -8.8555129614513604       0.23144912817065288        86.593726502584616        91.999160480976329     
   1209.2811300000001        288.21997566447970        4.1159113046630195E-003  -8.8589647307492836       0.23357565995897162        88.964743281405646        94.247414394591374     
   1183.8813500000001        288.22211565563691        4.1267499621739385E-003  -8.8622892475253927       0.23598942515747587        91.043091714857567        96.220847469745522     
   1158.4832799999999        288.22437759339783        4.1371837352782046E-003  -8.8654870212733314       0.23867905495647637        92.857773750101941        97.942879078585463     
   1133.0869100000000        288.22676037103963        4.1472205841611874E-003  -8.8685567542189645       0.24163464572525495        94.431361641871689        99.431733788360006     
   1107.6922600000000        288.22926314166119        4.1568764147194319E-003  -8.8714955373130753       0.24484744641827011        95.782174541398405        100.70252039655074     
   1082.3005400000000        288.23188547117473        4.1661736703846623E-003  -8.8742992322196610       0.24830988605741525        96.919851088263613        101.76202486706346     
   1056.9097899999999        288.23462716817369        4.1751388177045136E-003  -8.8769623984435686       0.25201527392444589        97.858473792115007        102.62300824361760     
   1031.5210000000000        288.23748833182810        4.1838010328284041E-003  -8.8794784200839256       0.25595775524612269        98.604026635182322        103.29008852078294     
   1006.1343400000000        288.24046933027944        4.1921909177205837E-003  -8.8818395472785117       0.26013220849413327        99.161551610937295        103.76750577632670     
   980.75000000000000        288.24357085729076        4.2003396525830145E-003  -8.8840369489626916       0.26453426181494805        99.535049642722512        104.05884587209245     
   955.36804199999995        288.24679393170163        4.2082781991579846E-003  -8.8860606860796736       0.26916023480940510        99.727186827476572        104.16660197235886     
   929.98846400000002        288.25013988948479        4.2160366995798136E-003  -8.8878996547761595       0.27400707622525933        99.740028443615046        104.09288689827325     
   904.61157200000002        288.25361041807213        4.2236441581987583E-003  -8.8895415360145780       0.27907236290580972        99.574124463275382        103.83836466482833     
   879.23742700000003        288.25720756575049        4.2311281992445295E-003  -8.8909726978100210       0.28435426260232904        99.230080217464689        103.40390231717545     
   853.86627199999998        288.26093377606543        4.2385149936483967E-003  -8.8921780735762095       0.28985154004488994        98.707764911817677        102.78966610518047     
   828.49829099999999        288.26479192884460        4.2458292847182390E-003  -8.8931410144251473       0.29556357484588747        98.006638540203625        101.99544505860395     
   803.13348399999995        288.26878534173409        4.2530944040413601E-003  -8.8938430796796624       0.30149031646201796        97.126696170881871        101.02163884422143     
   777.77227800000003        288.27291783145625        4.2603324580576694E-003  -8.8942638071896010       0.30763233293452347        96.066876788611324        99.867517122421674     
   752.41485599999999        288.27719376631359        4.2675645272718362E-003  -8.8943804222904657       0.31399084143460426        94.826491015807832        98.532742742284299     
   727.06133999999997        288.28161810384859        4.2748108622789466E-003  -8.8941674749425044       0.32056772381217952        93.405282686232553        97.017423993695644     
   701.71209699999997        288.28619644434053        4.2820911287029329E-003  -8.8935964142227206       0.32736555165521930        91.802737219102582        95.321345283810786     
   676.36755400000004        288.29093513225945        4.2894247395413266E-003  -8.8926350556594151       0.33438768940879121        90.018300216272493        93.444195061364738     
   651.02789299999995        288.29584131588786        4.2968311251205581E-003  -8.8912469391580657       0.34163832924744375        88.052415011528495        91.386666047057346     
   625.69360400000005        288.30092305550136        4.3043300897846228E-003  -8.8893905323172220       0.34912258521858669        85.905340886299186        89.149162698650557     
   600.36511199999995        288.30618944013207        4.3119421918489213E-003  -8.8870182468072532       0.35684660380872241        83.577887035189065        86.732579879310606     
   575.04284700000005        288.31165071550475        4.3196891565394444E-003  -8.8840752166630281       0.36481767779345309        81.071586661569214        84.138468663341840     
   549.72741699999995        288.31731845061910        4.3275943729074286E-003  -8.8804977601013793       0.37304440487565438        78.388329424255190        81.368619892469397     
   524.41943400000002        288.32320572638997        4.3356834634729153E-003  -8.8762114268176600       0.38153687007035536        75.530837608641022        78.425556900533550     
   499.11962899999997        288.32932735815291        4.3439849649530519E-003  -8.8711285048403319       0.39030686894839683        72.502664853450739        75.312511403358883     
   473.82891799999999        288.33570018482669        4.3525311959653219E-003  -8.8651447697065056       0.39936820501341319        69.308104278748488        72.033297930177753     
   448.54824800000000        288.34234340567752        4.3613593300019637E-003  -8.8581352147444985       0.40873705155837464        65.952617285839324        68.592753637900245     
   423.27871699999997        288.34927896539295        4.3705127447789486E-003  -8.8499483874181077       0.41843236680120244        62.442932313736321        64.996817515374531     
   398.02175899999997        288.35653206899804        4.3800428613653209E-003  -8.8403986689481009       0.42847648896811608        58.786852163035277        61.252296087765806     
   372.77890000000002        288.36413175498046        4.3900115405735261E-003  -8.8292556872420693       0.43889582796688742        54.994004299581995        57.367648788278103     
   347.55215500000003        288.37211162727345        4.4004944313119328E-003  -8.8162293686912783       0.44972181480228340        51.075614398567041        53.352716870634879     
   322.34393299999999        288.38051072507335        4.4115856730865648E-003  -8.8009484209250299       0.46099214301919833        47.044996955079931        49.219229988885047     
   297.15716600000002        288.38937452136793        4.4234046731657893E-003  -8.7829285336252063       0.47275240416096098        42.918003517842990        44.981271593431202     
   271.99560500000001        288.39875601271268        4.4361062019532757E-003  -8.7615239273681915       0.48505829340746076        38.713369587354272        40.655636652982452     
   246.86404400000001        288.40871670118315        4.4498959275527002E-003  -8.7358508952010094       0.49797861082494299        34.453446030001352        36.262618218942805     
   221.76879900000000        288.41932693900509        4.4650553131862737E-003  -8.7046619921653523       0.51159937392163357        30.165041860903283        31.826930124189964     
   196.71839900000001        288.43066417597817        4.4819834673911329E-003  -8.6661283945555141       0.52602942947268672        25.880594875027285        27.379016147480478     
   171.72468599999999        288.44280500694384        4.5012715810463224E-003  -8.6174399357089992       0.54140777662731332        21.639912852495875        22.957037299596092     
   146.80502300000001        288.45579940166124        4.5238455926537927E-003  -8.5540111414937154       0.55791195776922131        17.492398774284819        18.609485888372312     
   121.98595400000001        288.46958995490633        4.5512663485141021E-003  -8.4677422030780907       0.57576181953381655        13.500590827223327        14.399447686654693     
   97.311340299999998        288.48374237639968        4.5864481795775619E-003  -8.3426644703277937       0.59519003455523045        9.7449726278529436        10.410710184433112     
   72.861091599999995        288.49639721464376        4.6357411732010608E-003  -8.1416811834614187       0.61622901439857825        6.3298600184643901        6.7562473847002051     
   48.804748500000002        288.49881258820534        4.7178690121193355E-003  -7.7477473467112743       0.63745482900334205        3.3588676208891313        3.5575821071285856     
   25.613332700000001        288.43336018277927        4.8946288042309959E-003  -6.9436609722271356       0.63938959903002868        1.6864452546404010        1.3309751184867420     
   10.000000000000000        288.04741267574417        5.2723111242501492E-003  -4.8635620641493569       0.54476862448048091       0.65024696733792164       0.56223880170957752     
   1997.2254600000001        290.87226492309844        6.3038496299118831E-004  -11.644276196040256       -2.1218918802998901       0.14310281152846233        2.0281635434307812E-003
   1971.7959000000001        290.86222935405868        6.4185283558694365E-004  -11.645247996551173       -2.1419239687838956       0.14310281152846233        2.0281635434307812E-003
   1946.3670700000000        290.83533647554464        6.5892387771193726E-004  -11.643641262195768       -2.1769634673600002       0.27277210977086824        4.4148324037485351E-003
   1920.9388400000000        290.79845829162900        6.7341288901992926E-004  -11.638404930275277       -2.2183790572334212       0.33773026941150902        5.6357223803156567E-003
   1895.5111099999999        290.75070290999088        6.8433954483157087E-004  -11.628547177560151       -2.2641745017087405       0.38340040729759639        6.2012022713039449E-003
   1870.0839800000001        290.68942797610657        6.9175630820333055E-004  -11.613440721380922       -2.3134241768546278       0.42039282415144813        6.3829372035816030E-003
   1844.6575900000000        290.61402311682497        6.9598434331303118E-004  -11.593480335597810       -2.3656124225039838       0.45764623692831474        6.6177369509988239E-003
   1819.2318100000000        290.51925497475509        6.9810924210232011E-004  -11.569861317235178       -2.4214158663709417       0.49317250158431869        6.6446549387871885E-003
   1793.8067599999999        290.38110488171719        6.9927924987443215E-004  -11.543816541914971       -2.4832380485213972       0.51591751562467847        5.8045745545576939E-003
   1768.3824500000001        290.15002343243219        7.0074727370802114E-004  -11.516928086352200       -2.5539900781163549       0.52450017195396104        4.4509304870591999E-003
   1742.9588600000000        289.88921497644338        7.0472932605786871E-004  -11.493409773491667       -2.6303677453626193       0.56413396971638452        4.7102877865207960E-003
   1717.5362500000001        289.62988077530400        7.1465953275937609E-004  -11.475846324299901       -2.7108360595615419       0.61452538856420869        5.4674271143617193E-003
   1692.1140100000000        289.39681932819877        7.3216900806188348E-004  -11.466031262139639       -2.7934283141848688       0.67484226283254611        6.8049178138235933E-003
   1666.6927499999999        289.19719100977159        7.5558940817299495E-004  -11.464998416543171       -2.8764324343016856       0.74072409887258694        8.6811126792423997E-003
   1641.2723400000000        289.00918342380567        7.8479110229091084E-004  -11.473458932256611       -2.9597978259481441       0.79480735612289033        1.0057735674686463E-002
   1615.8527799999999        288.83052457165110        8.1943660278784329E-004  -11.492112000092861       -3.0421399434949117       0.84614096847911591        1.1412523783982328E-002
   1590.4340800000000        288.66742316182473        8.8053647130756742E-004  -11.521236033170394       -3.1212610147252589       0.90193474606737001        1.3264015799736203E-002
   1565.0162399999999        288.51545388455872        1.1294090201172079E-003  -11.560936576653480       -3.1956436708821685       0.95481426862478991        1.5038808583140585E-002
   1539.5992400000000        288.36342186794775        2.2542711758079641E-003  -11.611393314299248       -3.2642629534597760       0.99723528143667306        1.5974048904421050E-002
   1514.1834699999999        288.28330692828115        4.0993417768297891E-003  -11.666170937379883       -3.3194069738368297        1.1507189905058726        2.9340256413821635E-002
   1488.7685500000000        288.28127124227461        4.1658609930094312E-003  -11.702534483195913       -3.3465293340492734        2.0713622533801250       0.66551179392548965     
   1463.3546100000001        288.28102549405099        4.1804201596850133E-003  -11.732985523484546       -3.3632843379559207        2.8681790051026028        2.8263508226025134     
   1437.9417699999999        288.28100898690724        4.1860322276925169E-003  -11.758375735095930       -3.3733832273575599        3.9057566315028627        7.1225772427799239     
   1412.5300299999999        288.28104808533749        4.1896796606416421E-003  -11.777595450155603       -3.3786963397428620        5.8351080495400822        10.998086470263903     
   1387.1193800000001        288.28111881375986        4.1926558294137590E-003  -11.793867515209934       -3.3816085778251423        7.7582309721938438        13.554572070996130     
   1361.7099599999999        288.28121258516353        4.1952502168932553E-003  -11.808768537926797       -3.3830830095561333        9.4413993510352299        15.674444806358157     
   1336.3018800000000        288.28132523516058        4.1976051364603960E-003  -11.823039961566435       -3.3835307028236947        10.862442463238056        17.428163961282188     
   1310.8949000000000        288.28145424588558        4.1997977861805823E-003  -11.837045557495319       -3.3831480500165241        12.065258512708620        18.900169490497642     
   1285.4893800000000        288.28159782516889        4.2018739832648793E-003  -11.850973231592395       -3.3820394411064618        13.095988185477212        20.155365613864255     
   1260.0852100000000        288.28175455696447        4.2038630220953997E-003  -11.864922876582629       -3.3802652036537815        13.990395851817061        21.239128064982122     
   1234.6824999999999        288.28192324869525        4.2057847938376169E-003  -11.878947236305724       -3.3778624049723369        14.774197114056580        22.182576459964924     
   1209.2811300000001        288.28210285208485        4.2076534450966726E-003  -11.893072196100585       -3.3748548029768286        15.465666540951608        23.007453305031927     
   1183.8813500000001        288.28229241987032        4.2094794301847814E-003  -11.907307691332226       -3.3712579847187798        16.077695500764456        23.728974219292262     
   1158.4832799999999        288.28249107899234        4.2112707212950042E-003  -11.921653866557421       -3.3670821756316918        16.619452392450697        24.358029718327327     
   1133.0869100000000        288.28269801238014        4.2130335573355247E-003  -11.936104684310276       -3.3623338313762199        17.097495922506301        24.902557127278904     
   1107.6922600000000        288.28291244039019        4.2147728872752050E-003  -11.950649777271009       -3.3570166861623703        17.516606011157936        25.368591650518109     
   1082.3005400000000        288.28313362485221        4.2164928187707696E-003  -11.965276552075576       -3.3511320344363487        17.879530205737137        25.759310671924410     
   1056.9097899999999        288.28336084638852        4.2181967263966169E-003  -11.979970374288420       -3.3446792101677931        18.189032124197720        26.078842094888582     
   1031.5210000000000        288.28359340130646        4.2198874547964057E-003  -11.994715101463715       -3.3376557129992221        18.446289547152205        26.328847995747566     
   1006.1343400000000        288.28383059290456        4.2215674309235224E-003  -12.009493310292815       -3.3300572588468116        18.652001502755766        26.510593488451079     
   980.75000000000000        288.28407172885045        4.2232387854087778E-003  -12.024286688715515       -3.3218775489323149        18.806448548996791        26.624944370488961     
   955.36804199999995        288.28431611340727        4.2249034171842467E-003  -12.039075969890913       -3.3131080909420016        18.909494499359404        26.672304088241589     
   929.98846400000002        288.28456303846474        4.2265630396453877E-003  -12.053840757687468       -3.3037379479788607        18.960724719712204        26.652834576772747     
   904.61157200000002        288.28481177698188        4.2282192386357562E-003  -12.068559411630584       -3.2937533069068237        18.959323139012032        26.566197430940594     
   879.23742700000003        288.28506157295931        4.2298735069914543E-003  -12.083208771308776       -3.2831369574465805        18.904325401063552        26.412017454309620     
   853.86627199999998        288.28531163149944        4.2315272851768141E-003  -12.097763844505582       -3.2718675709806595        18.794499215943436        26.189656893815414     
   828.49829099999999        288.28556110675436        4.2331819987634408E-003  -12.112197396542179       -3.2599187444424818        18.628396520891179        25.898323551782049     
   803.13348399999995        288.28580908385345        4.2348390732720852E-003  -12.126479253580159       -3.2472578805996917        18.404504793781221        25.537359799738613     
   777.77227800000003        288.28605456104287        4.2364999749545914E-003  -12.140575596525686       -3.2338445560119009        18.120979214115266        25.105791164827988     
   752.41485599999999        288.28629642511845        4.2381662415598067E-003  -12.154447971441089       -3.2196283668686227        17.775879633894583        24.602784383230976     
   727.06133999999997        288.28653341831392        4.2398395035307948E-003  -12.168051864702612       -3.2045461155946002        17.367183901721216        24.027705499759577     
   701.71209699999997        288.28676409627042        4.2415215095733903E-003  -12.181334788985934       -3.1885179237974701        16.892683634341886        23.379980276061524     
   676.36755400000004        288.28698677430407        4.2432141629180214E-003  -12.194233721029526       -3.1714417160489088        16.350069665695095        22.659265483023770     
   651.02789299999995        288.28719945114472        4.2449195264324278E-003  -12.206671203230696       -3.1531856361210560        15.737209804549673        21.865912652289730     
   625.69360400000005        288.28739970786103        4.2466398283397804E-003  -12.218549687530507       -3.1335771098458238        15.052138236220278        21.000839140711317     
   600.36511199999995        288.28758456754525        4.2483774329707142E-003  -12.229742860981085       -3.1123870590678755        14.293572425741660        20.066084045561524     
   575.04284700000005        288.28775030024440        4.2501347598986007E-003  -12.240082017757713       -3.0893069273556488        13.461627806319560        19.065255882304069     
   549.72741699999995        288.28789215424064        4.2519141573332340E-003  -12.249334285170589       -3.0639149148592706        12.558876762803783        18.003674151941063     
   524.41943400000002        288.28800398969673        4.2537178318675364E-003  -12.257167423463583       -3.0356260729148357        11.591852128620246        16.887507239332116     
   499.11962899999997        288.28807778756101        4.2555486194887455E-003  -12.263093693222091       -3.0036129646530410        10.570844466704973        15.716489351811406     
   473.82891799999999        288.28810289595521        4.2574172651973045E-003  -12.266382776431778       -2.9666158080609457        9.4935835903921912        14.436539171191301     
   448.54824800000000        288.28805845875257        4.2596065842438443E-003  -12.265878353959607       -2.9223453180022196        8.3183210870879787        11.432231952882605     
   423.27871699999997        288.28788736541674        4.2623287207514283E-003  -12.260007283951428       -2.8712971655346053        7.6436176234522710        8.6903899766849584     
   398.02175899999997        288.28750282575191        4.2656340757563594E-003  -12.247321850052085       -2.8139833519807644        7.2372204420758237        6.8449090958087266     
   372.77890000000002        288.28677630708978        4.2695930227148919E-003  -12.226397042169403       -2.7506585761330635        6.9636608779372207        5.5251989732895508     
   347.55215500000003        288.28551540841232        4.2742984728856943E-003  -12.195752003148931       -2.6814588148057110        6.7600911414697267        4.5375657242980143     
   322.34393299999999        288.28342731478631        4.2798754116692697E-003  -12.153768043882131       -2.6064159890829335        6.5883457874767357        3.7672291146578725     
   297.15716600000002        288.28005538687006        4.2864964291942252E-003  -12.098575849732160       -2.5254349514233243        6.4212453937200671        3.1424262458938297     
   271.99560500000001        288.27466409590642        4.2944060957229363E-003  -12.027892244845791       -2.4382520237452088        6.2373108649940541        2.6172190891923091     
   246.86404400000001        288.26602075451461        4.3039598864747629E-003  -11.938778531638990       -2.3443774783827962        6.0184663518388533        2.1623622085957201     
   221.76879900000000        288.25195836614807        4.3156896318543754E-003  -11.827266405891733       -2.2430113968874439        5.7488815789874019        1.7598897558887543     
   196.71839900000001        288.22843974840299        4.3304195139818522E-003  -11.687743506921715       -2.1329094806227973        5.4143873099993636        1.3997128536477952     
   171.72468599999999        288.18738499621196        4.3494826213865126E-003  -11.511875061860257       -2.0121542286472316        5.0023581343457373        1.0774274427856412     
   146.80502300000001        288.11109782992077        4.3751484144782292E-003  -11.286557938647396       -1.8777352290765232        4.5020214968486600       0.79277408481357725     
   121.98595400000001        287.95612235612197        4.4114939922937947E-003  -10.989687681978284       -1.7247301163906685        3.9058712751802389       0.54861341666660679     
   97.311340299999998        287.59953877581427        4.4660350606453856E-003  -10.580462759814409       -1.5445946687970242        3.2134824289016515       0.35023017128624040     
   72.861091599999995        286.64347094012817        4.5499701046709086E-003  -9.9750026924665693       -1.3216025945936718        2.4430932693935996       0.20552913394363562     
   48.804748500000002        284.05757424937087        4.6437041976014684E-003  -8.9898891130431142       -1.0292708784993987        1.6685858290205400       0.13137069727718295     
   25.613332700000001        282.21563002985937        4.6359766180185539E-003  -7.7049923727910539      -0.74470911944111295        1.2986712205626409       0.29550440569190028     
   10.000000000000000        280.92305102595174        4.6053821221784400E-003  -5.2388142549657850      -0.36868858284287542       0.64306872809077498       0.45782610570930726     
   1997.2254600000001        290.87127410666943        6.3146317016958640E-004  -11.810324026142478       -7.1561973870950011       0.12453776033850200        1.4553697098041198E-003
   1971.7959000000001        290.86032018792713        6.4280436896840647E-004  -11.801427905233384       -7.1730596721273336       0.12453776033850200        1.4553697098041198E-003
   1946.3670700000000        290.83324453299252        6.5917018043073193E-004  -11.782727354337078       -7.2021321752044756       0.26435971375609657        4.1241321026523111E-003
   1920.9388400000000        290.79627468777630        6.7318948196052036E-004  -11.758052937603448       -7.2365182056616462       0.34639171516045969        5.9298087090733850E-003
   1895.5111099999999        290.74844046798728        6.8390770150570258E-004  -11.728400800641474       -7.2747794158680330       0.40810234734432366        7.0465068473385675E-003
   1870.0839800000001        290.68712984434870        6.9131335101651190E-004  -11.694470056251660       -7.3164058264490475       0.45540018895810541        7.5237946947155805E-003
   1844.6575900000000        290.61158980829981        6.9566231890210556E-004  -11.657163236085433       -7.3610811578536879       0.49475862228732592        7.7627698829127864E-003
   1819.2318100000000        290.51635722217253        6.9794162680457568E-004  -11.617105674142673       -7.4091910980212843       0.52403082111442767        7.5089154199488055E-003
   1793.8067599999999        290.37757207835989        6.9926831629236563E-004  -11.574179938496936       -7.4624002525377549       0.53402773090516487        6.2157306951424497E-003
   1768.3824500000001        290.14741486974140        7.0097321869843124E-004  -11.528456139372345       -7.5228283144281116       0.52668562674941144        4.4984207288889348E-003
   1742.9588600000000        289.88704139832248        7.0534043183415117E-004  -11.484134931949599       -7.5877662985818990       0.54690593610764282        4.4242637959125922E-003
   1717.5362500000001        289.62815589863470        7.1569970906147651E-004  -11.443669618557365       -7.6563226493822745       0.57564838747639602        4.7865953414680867E-003
   1692.1140100000000        289.39538949907927        7.3344743780409563E-004  -11.409078735983723       -7.7274717500636685       0.61268074894663949        5.5852567813808075E-003
   1666.6927499999999        289.19547698891461        7.5695770079187662E-004  -11.381695157487622       -7.8004230900627212       0.65478958628626749        6.7341489414139170E-003
   1641.2723400000000        289.00749239678180        7.8684877497963519E-004  -11.362055444940198       -7.8757108586907503       0.68856176949897108        7.4900425521606823E-003
   1615.8527799999999        288.82905834613047        8.2962065666627169E-004  -11.351040323221854       -7.9527144911249996       0.72252452827675839        8.2540273282760233E-003
   1590.4340800000000        288.66588097016023        9.3911414543728419E-004  -11.349438192653249       -8.0300180467431677       0.76284200418210468        9.3955247573029085E-003
   1565.0162399999999        288.51358713489935        1.3539783582767367E-003  -11.357763426057611       -8.1067204592061604       0.80367828138703368        1.0536148765419103E-002
   1539.5992400000000        288.36503469841796        2.6706980812344606E-003  -11.376520861186052       -8.1820259404695719       0.84244248231955932        1.1427119695334855E-002
   1514.1834699999999        288.29441056299203        3.9685918990003599E-003  -11.402898622013101       -8.2466357927054030       0.99189902592021206        2.3085116271229746E-002
   1488.7685500000000        288.28771354561502        4.1073654470075984E-003  -11.428057175737322       -8.2891186098134551        1.4929626205059581       0.18542718763404370     
   1463.3546100000001        288.28599344054476        4.1464718042189949E-003  -11.453838414714108       -8.3214153720375172        1.9186677175685425       0.60467918200385895     
   1437.9417699999999        288.28526191817787        4.1645854387820759E-003  -11.480765931715293       -8.3475337091877986        2.2885952409505701        1.2308778264479903     
   1412.5300299999999        288.28486421519602        4.1752688418789903E-003  -11.508816737879739       -8.3691107184987050        2.6344961512577267        1.9882407507340945     
   1387.1193800000001        288.28461558909629        4.1824871871116382E-003  -11.537843536686241       -8.3870164534661686        2.9696027946908918        2.8181557779401092     
   1361.7099599999999        288.28444525388420        4.1878055635301325E-003  -11.567699413178525       -8.4018008174148164        3.2980773944890940        3.6749363771765324     
   1336.3018800000000        288.28432043947970        4.1919666344189021E-003  -11.598269565946614       -8.4138458588323619        3.6204576815307381        4.5237175438576189     
   1310.8949000000000        288.28422386781688        4.1953691382273593E-003  -11.629474561233341       -8.4234290327904873        3.9359585484057740        5.3391360468702969     
   1285.4893800000000        288.28414547942282        4.1982472811810520E-003  -11.661266685221607       -8.4307547537409633        4.2432313345178709        6.1033316588038771     
   1260.0852100000000        288.28407891826947        4.2007482584611013E-003  -11.693622830289510       -8.4359716581017761        4.5410007730172444        6.8046871697068765     
   1234.6824999999999        288.28401985957817        4.2029696943947413E-003  -11.726537737093606       -8.4391834418620597        4.8282056663169515        7.4363119900250458     
   1209.2811300000001        288.28396514473587        4.2049791659624315E-003  -11.760016694942799       -8.4404561553538411        5.1042221572809510        7.9951443406504250     
   1183.8813500000001        288.28391229701691        4.2068251738200451E-003  -11.794069693561509       -8.4398237762500692        5.3687864342309677        8.4808367121537032     
   1158.4832799999999        288.28385923310242        4.2085436041524229E-003  -11.828706195914739       -8.4372926647017223        5.6220211922775087        8.8950901726990157     
   1133.0869100000000        288.28380407926176        4.2101617251653328E-003  -11.863930810970260       -8.4328453130993086        5.8643644430215431        9.2409979099084332     
   1107.6922600000000        288.28374504732307        4.2117007185400899E-003  -11.899738911433031       -8.4264437750760859        6.0965277286917159        9.5225909790395136     
   1082.3005400000000        288.28368033414142        4.2131775959871791E-003  -11.936117944336956       -8.4180318777349878        6.3187503668419813        9.7431994017538983     
   1056.9097899999999        288.28360805371102        4.2146061523589519E-003  -11.973041308969755       -8.4075382155980574        6.5321096628026591        9.9077041480434840     
   1031.5210000000000        288.28352616323281        4.2159979447728693E-003  -12.010469542821012       -8.3948777705167981        6.7369335861849073        10.019519099739137     
   1006.1343400000000        288.28343239664633        4.2173628813250924E-003  -12.048348930606803       -8.3799537750806188        6.9335347218774963        10.081917853239858     
   980.75000000000000        288.28332419104254        4.2187096941789584E-003  -12.086611422647707       -8.3626589127663973        7.1221456924055158        10.097904956625097     
   955.36804199999995        288.28319860506230        4.2200462839270684E-003  -12.125173964129145       -8.3428764860052507        7.3028533692516993        10.070123596542176     
   929.98846400000002        288.28305222485125        4.2213799776034304E-003  -12.163937596273264       -8.3204816241180843        7.4756775608964681        10.001036459582075     
   904.61157200000002        288.28288104808536        4.2227177695521598E-003  -12.202787319699119       -8.2953420000968592        7.6404411314676040        9.8927526554189189     
   879.23742700000003        288.28268034661926        4.2240664900612306E-003  -12.241591139861711       -8.2673188629929459        7.7969773001871507        9.7474385297106299     
   853.86627199999998        288.28244449436005        4.2254329738785172E-003  -12.280199551880365       -8.2362676965565811        7.9450209192947483        9.5671781648526206     
   828.49829099999999        288.28216675352894        4.2268242103803482E-003  -12.318444896762150       -8.2020388282589174        8.0842509935629927        9.3540925026100794     
   803.13348399999995        288.28183901437995        4.2282474515619199E-003  -12.356139916855035       -8.1644785685107149        8.2144266117153819        9.1105906175989944     
   777.77227800000003        288.28145145662154        4.2297103737588462E-003  -12.393077340423217       -8.1234294047734430        8.3351363012693547        8.8389934471582752     
   752.41485599999999        288.28099212805739        4.2312212085217705E-003  -12.429028757231524       -8.0787305545934966        8.4460021717108766        8.5418794076451832     
   727.06133999999997        288.28044641234169        4.2327888705191294E-003  -12.463743193083204       -8.0302186324156963        8.5466821318973931        8.2220811908492202     
   701.71209699999997        288.27979634094095        4.2344231228971397E-003  -12.496945904788971       -7.9777278159819094        8.6367301006020352        7.8824709752616791     
   676.36755400000004        288.27901969862012        4.2361347763630579E-003  -12.528337193215258       -7.9210893245048490        8.7156008043289503        7.5259648307629732     
   651.02789299999995        288.27808888427535        4.2379358607244474E-003  -12.557590215461891       -7.8601316210389207        8.7828109680024706        7.1557278236465196     
   625.69360400000005        288.27696938953471        4.2398398925315595E-003  -12.584349070100313       -7.7946791385760914        8.8376848293920336        6.7747907178777611     
   600.36511199999995        288.27561779665319        4.2418621668915335E-003  -12.608226046084363       -7.7245508670008762        8.8794507532329696        6.3861692300216264     
   575.04284700000005        288.27397910550917        4.2440201061663624E-003  -12.628798026920443       -7.6495584139986255        8.9072347324859162        5.9928266442634675     
   549.72741699999995        288.27198308732619        4.2463337324430781E-003  -12.645602027348145       -7.5695026308869373        8.9199334736629368        5.5975007787061282     
   524.41943400000002        288.26953929288499        4.2488262423475004E-003  -12.658129107237386       -7.4841694896072530        8.9162608247336639        5.2027600133655785     
   499.11962899999997        288.26653008895670        4.2515247574467716E-003  -12.665816312241736       -7.3933244779676146        8.8946933176405327        4.8109441512666837     
   473.82891799999999        288.26280074122508        4.2544613508667334E-003  -12.668035920425604       -7.2967045770894705        8.8533788799107516        4.4240887592985612     
   448.54824800000000        288.25814512252066        4.2576743829726383E-003  -12.664080768936499       -7.1940082884965575        8.7901746355147825        4.0440077018484688     
   423.27871699999997        288.25228466935482        4.2612103062672959E-003  -12.653144359301130       -7.0848827999780530        8.7026017116358574        3.6722954951706108     
   398.02175899999997        288.24483649874725        4.2651262575538777E-003  -12.634293500370298       -6.9689055417921457        8.5877010852157447        3.3102652047189101     
   372.77890000000002        288.23526437472236        4.2694935436341057E-003  -12.606430499154975       -6.8455614897261539        8.4421600518146462        2.9591509695272062     
   347.55215500000003        288.22280052085426        4.2744027612830020E-003  -12.568239804790130       -6.7142104993397016        8.2621363622128108        2.6200439348900497     
   322.34393299999999        288.20631747008684        4.2799711884662032E-003  -12.518111646729638       -6.5740426084679111        8.0432887146775709        2.2940250619519365     
   297.15716600000002        288.18411042620085        4.2863536934385190E-003  -12.454030504481956       -6.4240149949314977        7.7807910936319002        1.9822666877840740     
   271.99560500000001        288.15351172340979        4.2937593440420183E-003  -12.373407484776273       -6.2627591904319013        7.4692847561542468        1.6860797589589631     
   246.86404400000001        288.11017535816103        4.3024770657626487E-003  -12.272820897934757       -6.0884415299665342        7.1029510713379302        1.4070191315752112     
   221.76879900000000        288.04667327667045        4.3129161827660896E-003  -12.147598994303699       -5.8985441931553098        6.6756097483596841        1.1469490124313273     
   196.71839900000001        287.94955628022677        4.3256711522487307E-003  -11.991118078491791       -5.6895066249071675        6.1809487882493759       0.90809881416711358     
   171.72468599999999        287.79271650605079        4.3416224640092588E-003  -11.793559702025989       -5.4561114802861441        5.6130764090410370       0.69312480780766461     
   146.80502300000001        287.52102861980325        4.3620743450295263E-003  -11.539566434870940       -5.1903696329774336        4.9675748808823448       0.50512722536414867     
   121.98595400000001        287.00637674851538        4.3888062444803174E-003  -11.203528410182784       -4.8794084352873197        4.2443105816512388       0.34781387670130953     
   97.311340299999998        285.92597486738396        4.4231089033576164E-003  -10.739654385701341       -4.5014841151008493        3.4548338173762332       0.22603754225181641     
   72.861091599999995        283.56008820619218        4.4586343187640589E-003  -10.063340813940103       -4.0208444518138853        2.6453826211723417       0.14895536125900100     
   48.804748500000002        280.36082945570195        4.4661175257717321E-003  -9.0552055102348348       -3.4062402990257410        1.9595567055248699       0.16233648765833086     
   25.613332700000001        279.45333305032841        4.4608200846880742E-003  -7.8752736460062227       -2.8062819379197510        1.6875482738894374       0.64166368701951981     
   10.000000000000000        278.52541362913763        4.4511866437067296E-003  -5.4154694150745408       -1.7675693122106266       0.76852023754414478       0.61647030572853467     
   1997.2254600000001        290.87094376954502        6.3179947637182973E-004  -9.8375596463582031       -11.092896594755157        5.0711535298116353E-002   2.2692450143245010E-004
   1971.7959000000001        290.85954645728992        6.4319768496516291E-004  -9.8255331618238486       -11.091230542998286        5.0711535298116353E-002   2.2692450143245010E-004
   1946.3670700000000        290.83225614030817        6.5933301388794484E-004  -9.8027087110737199       -11.090106798484280       0.11794854000906503        7.8431364942496880E-004
   1920.9388400000000        290.79513841165868        6.7314727197510262E-004  -9.7740087883402236       -11.089191509366405       0.16303704247988260        1.2588841759357686E-003
   1895.5111099999999        290.74720218726736        6.8374412131098623E-004  -9.7405400405897780       -11.088510037893728       0.19956626458276872        1.6190289000420619E-003
   1870.0839800000001        290.68585440580398        6.9111743727783622E-004  -9.7028837789307705       -11.088326412065463       0.22885128475294647        1.8303786419435837E-003
   1844.6575900000000        290.61026474398233        6.9550730691121849E-004  -9.6616849046116471       -11.089079958762328       0.25319476634272953        1.9613137932636489E-003
   1819.2318100000000        290.51484545654245        6.9785677177057763E-004  -9.6171547551128054       -11.091393327758864       0.27098200673388079        1.9387781601619279E-003
   1793.8067599999999        290.37582763636885        6.9926352606165679E-004  -9.5685609395935192       -11.096174134860970       0.27719385673572877        1.6214458784736317E-003
   1768.3824500000001        290.14626156907985        7.0108902144124983E-004  -9.5151673732484365       -11.104675417160401       0.27274649644985927        1.1745338487193589E-003
   1742.9588600000000        289.88622405929783        7.0563662178756582E-004  -9.4608296711474988       -11.117533334475040       0.28040528112804008        1.1318153586986224E-003
   1717.5362500000001        289.62762622368996        7.1617784572629978E-004  -9.4076992812953026       -11.135476152392338       0.29048458671659377        1.1849739904469161E-003
   1692.1140100000000        289.39499814268879        7.3401619997126805E-004  -9.3578592004384369       -11.159112352900985       0.30316357770889307        1.3267012604463678E-003
   1666.6927499999999        289.19488365242756        7.5761736857785837E-004  -9.3131522110351241       -11.189046295751181       0.31793995103499434        1.5356359480819958E-003
   1641.2723400000000        289.00675847285328        7.8833971368204943E-004  -9.2749689901074017       -11.226420839753411       0.33098117908822239        1.6721961713119691E-003
   1615.8527799999999        288.82816650120947        8.3750066706370281E-004  -9.2461920035375211       -11.271726125045008       0.35069523993581081        1.8782553355172879E-003
   1590.4340800000000        288.66453979505735        9.7697749008820458E-004  -9.2307894088953333       -11.324087897854115       0.38705846255021720        2.3361614491721411E-003
   1565.0162399999999        288.51150048859580        1.4739896722784738E-003  -9.2326374119283159       -11.381160857492555       0.44703691055585970        3.1554785909626488E-003
   1539.5992400000000        288.36414240964569        2.8420294417707088E-003  -9.2542747677361046       -11.438732629410147       0.53877324274354166        4.5834930600041571E-003
   1514.1834699999999        288.29679651500589        3.9587489916053480E-003  -9.2909727449453161       -11.485816883645560       0.75125793738626712        1.3339007655405719E-002
   1488.7685500000000        288.28840097171422        4.1081583829190860E-003  -9.3286286625543493       -11.515130057552314        1.2742886739812402       0.11840067128510870     
   1463.3546100000001        288.28629381318490        4.1446229462582833E-003  -9.3664533832508621       -11.534940232395439        1.8787635104856313       0.52453296785457382     
   1437.9417699999999        288.28533265221085        4.1601865067451950E-003  -9.4053484818442925       -11.549248191706976        2.4607721471247879        1.2515490490802648     
   1412.5300299999999        288.28470951388573        4.1694406734034102E-003  -9.4458740460961792       -11.559761902314207        2.9962663729301324        2.1010157063386066     
   1387.1193800000001        288.28422508058651        4.1759552614341160E-003  -9.4881924029729596       -11.567250480097941        3.4953494554832205        2.9550753744151486     
   1361.7099599999999        288.28380743498053        4.1809976053645273E-003  -9.5323189468836436       -11.572105350748148        3.9655230302410871        3.7656928912557266     
   1336.3018800000000        288.28342339770165        4.1851363603099944E-003  -9.5782116851538639       -11.574537273454643        4.4116671897983428        4.5161359420933538     
   1310.8949000000000        288.28305481379482        4.1886689747012160E-003  -9.6258019994145627       -11.574658623132253        4.8372978986557307        5.2027782182313880     
   1285.4893800000000        288.28269033865689        4.1917688668844742E-003  -9.6750086586264494       -11.572523410880258        5.2448699601575646        5.8267898454134395     
   1260.0852100000000        288.28232206730695        4.1945454907421778E-003  -9.7257430543651484       -11.568148658669164        5.6362682826917911        6.3911441253817252     
   1234.6824999999999        288.28194393660709        4.1970723584947630E-003  -9.7779127521676497       -11.561526676425270        6.0128285950754616        6.8989923408585661     
   1209.2811300000001        288.28155090041889        4.1994012956000628E-003  -9.8314222646166129       -11.552632628545183        6.3755629300485062        7.3533199125958770     
   1183.8813500000001        288.28113844562239        4.2015703822395646E-003  -9.8861744534010256       -11.541429167396437        6.7250929564986741        7.7565321729706440     
   1158.4832799999999        288.28070229112620        4.2036085828731137E-003  -9.9420710473868557       -11.527869412481630        7.0617914124867447        8.1105769982891687     
   1133.0869100000000        288.28023818280707        4.2055385860896490E-003  -9.9990127076440150       -11.511898860262072        7.3858669757719646        8.4170658096285216     
   1107.6922600000000        288.27974175639804        4.2073785647547112E-003  -10.056897114718073       -11.493457202784308        7.6975046524223005        8.6775204242334354     
   1082.3005400000000        288.27920832855665        4.2091436917664838E-003  -10.115625209122797       -11.472477154904006        7.9960332520923325        8.8920131312252799     
   1056.9097899999999        288.27863287636364        4.2108465895022229E-003  -10.175092954363761       -11.448887180340856        8.2818675711186973        9.0624291896153917     
   1031.5210000000000        288.27800984939375        4.2124981696767677E-003  -10.235195264078291       -11.422610347005000        8.5544443071051042        9.1890778993554463     
   1006.1343400000000        288.27733305169210        4.2141080261625498E-003  -10.295824512007188       -11.393564741097522        8.8132825587686803        9.2724986352154826     
   980.75000000000000        288.27659548605430        4.2156847782189415E-003  -10.356870808736636       -11.361662878513259        9.0579232119524011        9.3133798037551205     
   955.36804199999995        288.27578918111334        4.2172363237925649E-003  -10.418221200598740       -11.326811393918296        9.2878400902111693        9.3124451095658749     
   929.98846400000002        288.27490499662576        4.2187700261648777E-003  -10.479758357889724       -11.288910911781072        9.5025295916692567        9.2706195275816778     
   904.61157200000002        288.27393236163147        4.2202929170715980E-003  -10.541360549507379       -11.247855054275474        9.7013225461134045        9.1887699046371818     
   879.23742700000003        288.27285898856627        4.2218118214612989E-003  -10.602900160646437       -11.203530091928059        9.8836408980865045        9.0681195955168903     
   853.86627199999998        288.27167049852693        4.2233335042861798E-003  -10.664243008561856       -11.155813955853523        10.048836809559267        8.9100215569788013     
   828.49829099999999        288.27034996044688        4.2248648032147985E-003  -10.725247345176561       -11.104575103218723        10.196237033800967        8.7160437664712926     
   803.13348399999995        288.26887735916381        4.2264127115055053E-003  -10.785761525907157       -11.049672280566316        10.325319193500494        8.4882282009193730     
   777.77227800000003        288.26722885561855        4.2279845429167278E-003  -10.845623320039913       -10.990952652311085        10.435375928595048        8.2286181757543115     
   752.41485599999999        288.26537590389722        4.2295880494560541E-003  -10.904657896313184       -10.928250592339456        10.525796009265836        7.9396602389241542     
   727.06133999999997        288.26328414466741        4.2312315389895164E-003  -10.962675215555960       -10.861386676472542        10.596071450701135        7.6241896939780078     
   701.71209699999997        288.26091195142737        4.2329240411639723E-003  -11.019467703705539       -10.790165933916771        10.645633059319143        7.2851985010965432     
   676.36755400000004        288.25820853349063        4.2346755070142633E-003  -11.074807887181905       -10.714375294419808        10.673876865354481        6.9258564504552469     
   651.02789299999995        288.25511158094139        4.2364969645545562E-003  -11.128444248926598       -10.633782292411787        10.680395381255757        6.5497627768909581     
   625.69360400000005        288.25154405097805        4.2384007860720926E-003  -11.180097717880011       -10.548131862473010        10.664672382051767        6.1605263352821105     
   600.36511199999995        288.24740998085258        4.2404009632577965E-003  -11.229456894038359       -10.457143291384801        10.626235329408976        5.7619123558870271     
   575.04284700000005        288.24258892012887        4.2425134264353973E-003  -11.276172239001918       -10.360506811324544        10.564669477253904        5.3577961653798205     
   549.72741699999995        288.23692831573379        4.2447564761405408E-003  -11.319849534317012       -10.257878580761682        10.479482678094971        4.9519613969610861     
   524.41943400000002        288.23023315935927        4.2471512822902747E-003  -11.360041562506220       -10.148875090780106        10.370184238720212        4.5481319428639555     
   499.11962899999997        288.22225159696831        4.2497225193514751E-003  -11.396237899448266       -10.033065936694264        10.236229075611051        4.1498595223819565     
   473.82891799999999        288.21265449442780        4.2524992184396586E-003  -11.427852405034820       -9.9099636725882920        10.076918175657992        3.7603915609651346     
   448.54824800000000        288.20100619924739        4.2555158321616431E-003  -11.454206863088112       -9.7790112936295799        9.8914455177609888        3.3826888543565294     
   423.27871699999997        288.18672173860068        4.2588136391323809E-003  -11.474509678494599       -9.6395659197010044        9.6788344148274543        3.0193531851220317     
   398.02175899999997        288.16900219247452        4.2624427537690896E-003  -11.487827934679304       -9.4908747348272229        9.4377539558301677        2.6724992379153107     
   372.77890000000002        288.14673610571708        4.2664647261632114E-003  -11.493048891636493       -9.3320447462697551        9.1666472750163255        2.3438938551035200     
   347.55215500000003        288.11834290701444        4.2709563529256828E-003  -11.488826777627557       -9.1619980856831944        8.8634953920617807        2.0348433810908650     
   322.34393299999999        288.08151787772312        4.2760150438168497E-003  -11.473506708624335       -8.9794095370311826        8.5258273025617068        1.7462955347501372     
   297.15716600000002        288.03280190320146        4.2817665200432465E-003  -11.445013306825063       -8.7826169451051062        8.1507058873084333        1.4789224267425944     
   271.99560500000001        287.96682464813273        4.2883761632729143E-003  -11.400683034202881       -8.5694878433402408        7.7346462493825614        1.2331703041273951     
   246.86404400000001        287.87491316306608        4.2960656121768725E-003  -11.337003656420984       -8.3372178630309914        7.2736874819972872        1.0093820036273962     
   221.76879900000000        287.74239572948142        4.3051368902864073E-003  -11.249194475867522       -8.0820147897529289        6.7635064050629303       0.80789208856588290     
   196.71839900000001        287.54305967516541        4.3160055059380149E-003  -11.130501233231712       -7.7985855842215956        6.1997174445091083       0.62912734911307489     
   171.72468599999999        287.22701181694003        4.3292357528351968E-003  -10.970956539701103       -7.4792754512937023        5.5786180466992326       0.47372971314450391     
   146.80502300000001        286.69242620501626        4.3455304835859571E-003  -10.755088997575562       -7.1125704914471708        4.8987350308802053       0.34268515025733487     
   121.98595400000001        285.71890150742166        4.3654243441246183E-003  -10.457549971474098       -6.6805415022715451        4.1650357325606349       0.23770263143044740     
   97.311340299999998        283.84798156751799        4.3875428941907244E-003  -10.035225662527871       -6.1554354370940683        3.4005664418717103       0.16249092864368256     
   72.861091599999995        280.68414654366825        4.4026321636737456E-003  -9.4209826346317396       -5.5039894486093459        2.6815076619338400       0.13048168327662588     
   48.804748500000002        278.45016668503155        4.4010352393046466E-003  -8.5613783662654335       -4.7349143119717443        2.1661838599634375       0.23913997521033192     
   25.613332700000001        277.75223675026450        4.3977656040031171E-003  -7.5066379973546722       -3.9533243711626369        1.8168002348576953       0.80058696163448728     
   10.000000000000000        276.94949723616219        4.3919261272055447E-003  -5.2075850631269658       -2.5334338146899573       0.80483263731933830       0.66715617629909940     
   1997.2254600000001        290.87050343609724        6.3223250227626966E-004  -6.1678645468356237       -12.991601313170865       0.15639972536057759        2.2480109301039886E-003
   1971.7959000000001        290.85883091325695        6.4352963694858014E-004  -6.1674704450325626       -12.969825847159132       0.15639972536057759        2.2480109301039886E-003
   1946.3670700000000        290.83156029888886        6.5938835455925545E-004  -6.1657714435460402       -12.932671083442960       0.30341113528887048        5.4573526127094270E-003
   1920.9388400000000        290.79449828334310        6.7304427825734981E-004  -6.1624258284546096       -12.888939298006541       0.37058509922700328        6.8064003426035564E-003
   1895.5111099999999        290.74664313247592        6.8358374571194725E-004  -6.1571500178221630       -12.840830215088156       0.40787571677615436        7.0367857147450308E-003
   1870.0839800000001        290.68541292008797        6.9096795538531048E-004  -6.1497185463272634       -12.789611715802659       0.42432819348217021        6.5090475374125715E-003
   1844.6575900000000        290.60993304695643        6.9540592763931060E-004  -6.1399790685333100       -12.736529826829726       0.42774071351638526        5.7556355278401729E-003
   1819.2318100000000        290.51456644109385        6.9780700956395363E-004  -6.1276908252621922       -12.682231976665554       0.41729790448613951        4.6980632248757115E-003
   1793.8067599999999        290.37560635528558        6.9925671992626204E-004  -6.1122783463252963       -12.626311077774721       0.38791054316067786        3.2244101812011600E-003
   1768.3824500000001        290.14641435395100        7.0112545092749742E-004  -6.0930346296327311       -12.568506053026610       0.34484321429099929        1.8964116317271196E-003
   1742.9588600000000        289.88659695785753        7.0571323309609729E-004  -6.0710431522163804       -12.513247352930184       0.31743191142933275        1.4577941276359336E-003
   1717.5362500000001        289.62816072544348        7.1626517597155016E-004  -6.0470859483178927       -12.462833683803378       0.28791785455700791        1.1641285283911407E-003
   1692.1140100000000        289.39555537804540        7.3407611366920356E-004  -6.0221322834408282       -12.419586014895181       0.24937156704177404        8.9142569926357049E-004
   1666.6927499999999        289.19519355458630        7.5768057085541355E-004  -5.9975877610679991       -12.386647436723372       0.18915500287148357        5.3962752861826460E-004
   1641.2723400000000        289.00661301108840        7.8863378953643304E-004  -5.9811078924513463       -12.376756420684551        9.0703284322738303E-002   2.5796535169379911E-004
   1615.8527799999999        288.82583588113800        8.4111633507068446E-004  -6.0134499055247481       -12.405711302759384       0.23003947140259259        7.9053131358249333E-004
   1590.4340800000000        288.65908647297624        1.0088722003344049E-003  -6.0691133739118941       -12.432176605838292       0.48621349018253068        3.6876787798082919E-003
   1565.0162399999999        288.50260584293233        1.6220662286470821E-003  -6.1400904583403682       -12.454647964276473       0.74066429026460023        8.7816063411579170E-003
   1539.5992400000000        288.35495193209158        3.0986614375850610E-003  -6.2228022581264977       -12.471962864548745       0.99576894733707910        1.6177598921001155E-002
   1514.1834699999999        288.29383729387115        3.9909307203022572E-003  -6.3037362349120967       -12.481967464571737        1.4252037751031568        5.2845945733020747E-002
   1488.7685500000000        288.28623409208689        4.0938686106193785E-003  -6.3683819889967106       -12.485513978517583        2.3234490054831327       0.43023363597705327     
   1463.3546100000001        288.28360491091013        4.1255428472150536E-003  -6.4280381846232277       -12.485723078406071        3.1191201630623633        1.2775738600213145     
   1437.9417699999999        288.28202876641774        4.1421684048168475E-003  -6.4869603351897638       -12.483602677514199        3.7802341193042985        2.2480869618670583     
   1412.5300299999999        288.28083607003146        4.1531053262926212E-003  -6.5465258588149524       -12.479563552944354        4.3641686828749631        3.1843902516383369     
   1387.1193800000001        288.27982071229280        4.1611800373359507E-003  -6.6072722638130230       -12.473814406105614        4.8975951835633458        4.0455976411155357     
   1361.7099599999999        288.27889569693070        4.1675621085895103E-003  -6.6694226648038084       -12.466468770629117        5.3938540214653257        4.8255152834616881     
   1336.3018800000000        288.27801641896156        4.1728358265608377E-003  -6.7330595898089003       -12.457586361890282        5.8605769493241056        5.5278706994134916     
   1310.8949000000000        288.27715669113820        4.1773316665607374E-003  -6.7981936888991346       -12.447193225287295        6.3026759963202634        6.1588587198949893     
   1285.4893800000000        288.27629938465577        4.1812539938273618E-003  -6.8647980795759702       -12.435292480755974        6.7232468811330763        6.7241968721270098     
   1260.0852100000000        288.27543225374353        4.1847377317986842E-003  -6.9328242510638285       -12.421870947043944        7.1244665789661612        7.2289004019851681     
   1234.6824999999999        288.27454580072026        4.1878766810753438E-003  -7.0022121702924816       -12.406903064308914        7.5077442769507385        7.6769023022098271     
   1209.2811300000001        288.27363212463530        4.1907387125947968E-003  -7.0728945673500450       -12.390353734066895        7.8740773315094366        8.0714084688153811     
   1183.8813500000001        288.27268420264488        4.1933746539220993E-003  -7.1448009017885274       -12.372179887273075        8.2239901981920074        8.4147439728403217     
   1158.4832799999999        288.27169543481529        4.1958236606136848E-003  -7.2178594123316975       -12.352331553730989        8.5577372363632378        8.7086926648119558     
   1133.0869100000000        288.27065932947437        4.1981166261497024E-003  -7.2919981063107437       -12.330752538105065        8.8754027992375963        8.9546931018511717     
   1107.6922600000000        288.26956930710878        4.2002783562033021E-003  -7.3671429012959546       -12.307381546033188        9.1770749713363298        9.1541591423999336     
   1082.3005400000000        288.26841831118298        4.2023294956202778E-003  -7.4432264099802987       -12.282149747492896        9.4618253500759550        9.3068990108338543     
   1056.9097899999999        288.26719887309577        4.2042871058963196E-003  -7.5201773336845603       -12.254983852564866        9.7300753634334747        9.4149018708131944     
   1031.5210000000000        288.26590276571505        4.2061657757012701E-003  -7.5979261410521195       -12.225804122988466        9.9810735695818416        9.4783890390833019     
   1006.1343400000000        288.26452084071690        4.2079781456810248E-003  -7.6764034300131581       -12.194524499933264        10.214195783843724        9.4979124320775750     
   980.75000000000000        288.26304279628334        4.2097353658320262E-003  -7.7555405788448208       -12.161051663827163        10.428857151586323        9.4742312792230834     
   955.36804199999995        288.26145692233348        4.2114474397439280E-003  -7.8352690512755467       -12.125284418640659        10.624405111263840        9.4081752743561644     
   929.98846400000002        288.25974982209732        4.2131234786295562E-003  -7.9155190374588900       -12.087113215337736        10.800227940390631        9.3008313484906360     
   904.61157200000002        288.25790601286485        4.2147719722003098E-003  -7.9962198335228587       -12.046418751404616        10.955525987105402        9.1532320979045618     
   879.23742700000003        288.25590751496730        4.2164009536718302E-003  -8.0772983212628358       -12.003071207149128        11.089623759565443        8.9668354306373761     
   853.86627199999998        288.25373328964497        4.2180181902506221E-003  -8.1586785189069442       -11.956928726031817        11.201774419156321        8.7432528173240787     
   828.49829099999999        288.25135855017396        4.2196313495061243E-003  -8.2402808112691925       -11.907835737591478        11.291220851758370        8.4843568200255834     
   803.13348399999995        288.24875398167575        4.2212481047221194E-003  -8.3220193607560500       -11.855622035158444        11.357398478606108        8.1925582580355201     
   777.77227800000003        288.24588460835918        4.2228763334962267E-003  -8.4038018266548153       -11.800100143064260        11.399557771110675        7.8703004882969676     
   752.41485599999999        288.24270846066122        4.2245242562165518E-003  -8.4855273073444319       -11.741063251228248        11.417093040983730        7.5204987733417425     
   727.06133999999997        288.23917489885349        4.2262005720542983E-003  -8.5670834788360413       -11.678283196628024        11.409558452674153        7.1465294559066121     
   701.71209699999997        288.23522237378756        4.2279146502614065E-003  -8.6483441634872786       -11.611507581465535        11.376491631063230        6.7519835333523002     
   676.36755400000004        288.23077548997799        4.2296767524980490E-003  -8.7291669069124023       -11.540455992696728        11.317463489884069        6.3407034985830748     
   651.02789299999995        288.22574137121319        4.2314982024742017E-003  -8.8093880080913642       -11.464817304481336        11.232345097096202        5.9170343921710904     
   625.69360400000005        288.22000463730262        4.2333916757758480E-003  -8.8888185740834427       -11.384244997009448        11.120990490998482        5.4853877889056388     
   600.36511199999995        288.21342086231277        4.2353714869343018E-003  -8.9672388072535565       -11.298352541547686        10.983426196448217        5.0503803048785008     
   575.04284700000005        288.20580786688180        4.2374539110486562E-003  -9.0443908497850209       -11.206708358884251        10.819884053071560        4.6167567878759836     
   549.72741699999995        288.19693379494532        4.2396576056130406E-003  -9.1199709066953609       -11.108829227460047        10.630679379040156        4.1891577211052935     
   524.41943400000002        288.18650096011049        4.2420040701200198E-003  -9.1936190506452924       -11.004173182221336        10.416313880274215        3.7721002151150631     
   499.11962899999997        288.17412348483140        4.2445182011283363E-003  -9.2649069369164039       -10.892130966923611        10.177430771459443        3.3698083603586868     
   473.82891799999999        288.15929569705594        4.2472290095150545E-003  -9.3333233338291830       -10.772014807962009        9.9147163293475735        2.9860191558304932     
   448.54824800000000        288.14134725005903        4.2501704606659379E-003  -9.3982556550909457       -10.643045091386853        9.6289453185103557        2.6239300116590183     
   423.27871699999997        288.11937788658378        4.2533825399796634E-003  -9.4589668178733337       -10.504333458300474        9.3208937061998682        2.2860664065071306     
   398.02175899999997        288.09215944139959        4.2569127880865264E-003  -9.5145668519771931       -10.354858071963728        8.9911125709362931        1.9741220008864551     
   372.77890000000002        288.05798737250194        4.2608182109634771E-003  -9.5639745422796025       -10.193432366636102        8.6400056514125243        1.6890639986304585     
   347.55215500000003        288.01444580349784        4.2651681480388387E-003  -9.6058670820035470       -10.018658016774552        8.2675214116874720        1.4310527708980061     
   322.34393299999999        287.95802637628259        4.2700482887204211E-003  -9.6386094716488149       -9.8288577920600684        7.8730887658514819        1.1995834031151840     
   297.15716600000002        287.88348783239076        4.2755663513354882E-003  -9.6601523082314333       -9.6219772887492425        7.4555267805928560       0.99363724461880698     
   271.99560500000001        287.78273483091562        4.2818602036565814E-003  -9.6678787065775147       -9.3954363057114936        7.0129029385364676       0.81182797685838559     
   246.86404400000001        287.64277111968920        4.2891088321733569E-003  -9.6583657064397475       -9.1459020922845671        6.5425570201418326       0.65260587693391037     
   221.76879900000000        287.44177649324348        4.2975456965613354E-003  -9.6269984545914209       -8.8689335342004778        6.0412026074750873       0.51443472999896545     
   196.71839900000001        287.14118604129897        4.3074690494182173E-003  -9.5673207935024127       -8.5584081105923442        5.5052534013544960       0.39595436537466705     
   171.72468599999999        286.66889372976567        4.3192230159363586E-003  -9.4698971149221975       -8.2055819087996333        4.9316785357938731       0.29614757210968284     
   146.80502300000001        285.88265062910102        4.3330397163490525E-003  -9.3202434485443568       -7.7975375095796231        4.3198574635443858       0.21451704126109744     
   121.98595400000001        284.49725398288183        4.3482771816779368E-003  -9.0950628789276031       -7.3148801459553097        3.6765843513477972       0.15151939499172670     
   97.311340299999998        282.04129791345514        4.3603500499731418E-003  -8.7564899503887421       -6.7303828140993733        3.0296694600033365       0.11011721402560852     
   72.861091599999995        278.69215638202513        4.3552798128894069E-003  -8.2534093373106412       -6.0227976770380938        2.4640035499305428       0.10579310015056395     
   48.804748500000002        276.98377341424015        4.3379096034953796E-003  -7.5532402738411601       -5.2193697616633665        2.0864537753071488       0.25351838416296169     
   25.613332700000001        276.42550640738801        4.3268794226456724E-003  -6.6581900184863096       -4.3861370736361991        1.7362691650227056       0.79952253445165655     
   10.000000000000000        275.76474301829785        4.3088388403094320E-003  -4.6499836237732861       -2.8396583258543293       0.76431136052773785       0.64080238619090613     
   1997.2254600000001        290.86791408247507        6.3459314045663127E-004  -1.9171731319045948       -12.029501099717733       0.29577753921272076        8.8996646683745049E-003
   1971.7959000000001        290.85749567321301        6.4555437573623326E-004  -1.9275556665374656       -12.001850981392746       0.29577753921272076        8.8996646683745049E-003
   1946.3670700000000        290.82893080693185        6.5986324528843443E-004  -1.9480786023089172       -11.953205733453910       0.58069900528321061        2.0378913693547201E-002
   1920.9388400000000        290.79124782869019        6.7248958532024580E-004  -1.9739030936895059       -11.895642041101315       0.73694240563465363        2.7966303356283213E-002
   1895.5111099999999        290.74328075181023        6.8261496018718422E-004  -2.0040405388174864       -11.831701241953933       0.84092897029202118        3.1380242922678540E-002
   1870.0839800000001        290.68263089563936        6.9003539015494251E-004  -2.0381045278098728       -11.762841108800336       0.90844625199606976        3.1541038553855684E-002
   1844.6575900000000        290.60754347193057        6.9476165675774379E-004  -2.0760554830300144       -11.690382405114828       0.95262582805039109        3.0145227521888914E-002
   1819.2318100000000        290.51194862893294        6.9748453831173086E-004  -2.1187498756624183       -11.615045071096105       0.97554537308753875        2.7024335073076500E-002
   1793.8067599999999        290.37328640792742        6.9920218873021766E-004  -2.1688750970400452       -11.536462393572434       0.97113758674596817        2.1316941413823620E-002
   1768.3824500000001        290.14709524843795        7.0132698595117406E-004  -2.2311229969897459       -11.455000643120931       0.95358685873300963        1.5369963012305598E-002
   1742.9588600000000        289.88804151228658        7.0618297038312864E-004  -2.3072271932479289       -11.378686811983695        1.0102595116333171        1.5642883542672636E-002
   1717.5362500000001        289.62943186699607        7.1702081446167558E-004  -2.3993137961709627       -11.313995533054314        1.1259231188472487        1.9006385422629921E-002
   1692.1140100000000        289.39535002249642        7.3533257327903633E-004  -2.5055579356069844       -11.265055896797636        1.3011238430118004        2.6219808557776617E-002
   1666.6927499999999        289.19046987035796        7.6136913529661942E-004  -2.6215989440104863       -11.230995658062040        1.5104933350514496        3.7198192690663892E-002
   1641.2723400000000        288.99641116946475        8.1750371343653557E-004  -2.7448412267625555       -11.207750740025370        1.7004411795528969        4.7499597561404323E-002
   1615.8527799999999        288.82311439021061        1.1343738298348217E-003  -2.8709613827998099       -11.191653741675854        1.8822226628632812        6.0466791414813321E-002
   1590.4340800000000        288.73597909684179        2.1979340120709904E-003  -2.9866968697879712       -11.180537160453270        2.2130851960935414       0.11890880824796918     
   1565.0162399999999        288.69018143465388        2.8366464335005648E-003  -3.0922338369330458       -11.171896739384202        2.5187581152139047       0.21360177552827164     
   1539.5992400000000        288.65803982762662        3.2449335201585978E-003  -3.1919640200359161       -11.164112954267958        2.7007086811223280       0.28986923088152883     
   1514.1834699999999        288.63262636650103        3.5128494284848290E-003  -3.2873238422234454       -11.156385376431306        2.8132191855419970       0.34729757548797208     
   1488.7685500000000        288.61118259928242        3.6935360601551329E-003  -3.3790221736033876       -11.148263652689254        2.8818962507009767       0.38814626559183218     
   1463.3546100000001        288.59226355798643        3.8186116029604342E-003  -3.4676079749456048       -11.139495848837111        2.9233644342155407       0.41509439923246355     
   1437.9417699999999        288.57499182709438        3.9071013395532280E-003  -3.5536104623734084       -11.129955557195887        2.9509217367401077       0.43158423607383173     
   1412.5300299999999        288.55880692729403        3.9708855324164481E-003  -3.6375483149718639       -11.119594515500923        2.9757795009416861       0.44172186121717810     
   1387.1193800000001        288.54336139397827        4.0176731857326925E-003  -3.7199022632981804       -11.108407862109035        3.0070216855034198       0.44972697903944170     
   1361.7099599999999        288.52846097494984        4.0526032724345429E-003  -3.8010896609623543       -11.096409695693158        3.0512064152710212       0.45924006772301379     
   1336.3018800000000        288.51401560478894        4.0791579454477920E-003  -3.8814519205443001       -11.083618509287811        3.1119870858865268       0.47279811808663719     
   1310.8949000000000        288.49999427772258        4.0997225306441927E-003  -3.9612509654384378       -11.070050969812444        3.1900475849032883       0.49161556880180340     
   1285.4893800000000        288.48638701085054        4.1159472970599209E-003  -4.0406768459622029       -11.055720179008119        3.2832907992527076       0.51560245646240532     
   1260.0852100000000        288.47317625513688        4.1289864851008053E-003  -4.1198606810467524       -11.040635798271895        3.3876656642634484       0.54353973900420027     
   1234.6824999999999        288.46032141453338        4.1396572850170964E-003  -4.1988928275771515       -11.024803792328790        3.4980756496777259       0.57337933498018712     
   1209.2811300000001        288.44775454473040        4.1485456327308911E-003  -4.2778391398548559       -11.008225685566027        3.6093835247549459       0.60264077665323590     
   1183.8813500000001        288.43538129051041        4.1560767469608845E-003  -4.3567583374664265       -10.990896124734707        3.7170447054220550       0.62876545096438841     
   1158.4832799999999        288.42307794936289        4.1625623469340144E-003  -4.4357232093376302       -10.972797685421455        3.8174955398302659       0.64928203582075295     
   1133.0869100000000        288.41067825982782        4.1682325497737292E-003  -4.5148503735192360       -10.953891633680858        3.9082092989750903       0.66175122942744768     
   1107.6922600000000        288.39794831740198        4.1732576565898906E-003  -4.5943336868533731       -10.934105867221728        3.9875154008725286       0.66366879747522434     
   1082.3005400000000        288.38455662685880        4.1777635068487142E-003  -4.6744748097045150       -10.913322720624571        4.0538624738735178       0.65271468463433679     
   1056.9097899999999        288.37005981098218        4.1818411833549852E-003  -4.7556502368864173       -10.891383899702646        4.1062408950227631       0.62796320647408721     
   1031.5210000000000        288.35398587380865        4.1855482622699808E-003  -4.8381759232163635       -10.868127478378504        4.1446539465010783       0.59255832109498352     
   1006.1343400000000        288.33617655086306        4.1889000802365992E-003  -4.9219900603468822       -10.843484909586936        4.1753355730734913       0.55740475705438552     
   980.75000000000000        288.31731503611257        4.1919316088759049E-003  -5.0063501927939598       -10.817591896634688        4.2140209860862754       0.53936012412190859     
   955.36804199999995        288.29843198936055        4.1947706770286046E-003  -5.0903497911067079       -10.790663538390952        4.2670343994107851       0.54173976163839876     
   929.98846400000002        288.27972818634663        4.1974840965660334E-003  -5.1737763484819652       -10.762725262828647        4.3179717031998370       0.54697061257965507     
   904.61157200000002        288.26057364200227        4.2000855639293105E-003  -5.2570645666539795       -10.733590511702822        4.3485176016054181       0.53772976152638652     
   879.23742700000003        288.23997178177297        4.2025669644510932E-003  -5.3408528815835155       -10.702978152321382        4.3491131260463645       0.50828618264691927     
   853.86627199999998        288.21717307949120        4.2049150610144019E-003  -5.4254534285773994       -10.670694519863211        4.3245971178266984       0.46806504825031109     
   828.49829099999999        288.19285480280968        4.2071381982468443E-003  -5.5102364765960488       -10.636891628501649        4.3046961862960726       0.44096375459518172     
   803.13348399999995        288.16847425965051        4.2093014554052434E-003  -5.5942980161855225       -10.601853786831986        4.3101618947834712       0.43518051527734902     
   777.77227800000003        288.14445758398608        4.2114336377915033E-003  -5.6775224144407526       -10.565554830767470        4.3344166110910605       0.43803885656395497     
   752.41485599999999        288.11940386202582        4.2135136024068626E-003  -5.7610228696526073       -10.527384893558112        4.3599650587600767       0.42851749669509753     
   727.06133999999997        288.08790146028628        4.2154278060458662E-003  -5.8479561125496708       -10.485650070926738        4.3391391230749843       0.37166789035748421     
   701.71209699999997        288.02466137708961        4.2166778445307295E-003  -5.9463243020946290       -10.435961830662626        4.1196619666599661       0.22758364040161033     
   676.36755400000004        287.99494094263702        4.2186224046734970E-003  -6.0355443975201473       -10.388318727348192        4.8401200694406068       0.47374776880185854     
   651.02789299999995        287.97101731773500        4.2206974595795990E-003  -6.1240644151751047       -10.338258317411711        5.3248171759424876       0.64449186923432766     
   625.69360400000005        287.94832771891947        4.2228096494474447E-003  -6.2142590182593374       -10.284160647431110        5.7436122238801790       0.77263796260612527     
   600.36511199999995        287.92568847499388        4.2249448525118272E-003  -6.3066675599829951       -10.225226527140904        6.1335718144944691       0.88522131611691945     
   575.04284700000005        287.90281074243575        4.2271122972970757E-003  -6.4011216679438183       -10.160942852126089        6.4996226460635791       0.99399029933182037     
   549.72741699999995        287.87965370447154        4.2293294415045590E-003  -6.4971807462528171       -10.090880033838271        6.8378250559159977        1.1016678013972416     
   524.41943400000002        287.85620912045113        4.2316174925863623E-003  -6.5943082587196411       -10.014608376536209        7.1422858860287572        1.2067184762089269     
   499.11962899999997        287.83242120365350        4.2340005841764164E-003  -6.6919435868402086       -9.9316553649524018        7.4070849301316590        1.3055058174077443     
   473.82891799999999        287.80815432361806        4.2365066464519806E-003  -6.7895265323011253       -9.8414762531187492        7.6266393539406492        1.3932691751891189     
   448.54824800000000        287.78317749853210        4.2391695993901132E-003  -6.8864943646267722       -9.7434295698530065        7.7957255102271938        1.4647685597215867     
   423.27871699999997        287.75714710992236        4.2420330816952609E-003  -6.9822628253027155       -9.6367504885035693        7.9092873990476180        1.5146877164255186     
   398.02175899999997        287.72956886735017        4.2451563368789344E-003  -7.0762005243103303       -9.5205105981912492        7.9620314008645048        1.5376874882998617     
   372.77890000000002        287.69971187619507        4.2486230900182706E-003  -7.1675998636051768       -9.3935505845493150        7.9479745256296495        1.5281010122530703     
   347.55215500000003        287.66642356504400        4.2525543753248480E-003  -7.2556471018653852       -9.2543599513411259        7.8594653911740302        1.4793333814162428     
   322.34393299999999        287.62771576514950        4.2571278472723923E-003  -7.3393877677837649       -9.1008586668316909        7.6855896392506704        1.3831642094029566     
   297.15716600000002        287.57974010330747        4.2626159291394520E-003  -7.4176788383672418       -8.9299765704303304        7.4090396588052609        1.2293733409323546     
   271.99560500000001        287.51380856960247        4.2694876051213616E-003  -7.4891019519347450       -8.7367661838018318        7.0000456281581975        1.0072955757372957     
   246.86404400000001        287.40593071419249        4.2786107225432782E-003  -7.5517015999830450       -8.5124523707038193        6.4097107207731217       0.71713161311388096     
   221.76879900000000        287.18955000131473        4.2894769583417570E-003  -7.6013642053153623       -8.2437316646849474        5.6464222106202691       0.43004581564454669     
   196.71839900000001        286.82097028200093        4.2998466091959450E-003  -7.6279602765780128       -7.9290206827292549        5.0365406238769506       0.29512522574020600     
   171.72468599999999        286.23170186833869        4.3104388317138660E-003  -7.6192540960824751       -7.5628789563760961        4.4884386881725327       0.21615353839871526     
   146.80502300000001        285.25505197444073        4.3208302823605155E-003  -7.5583291990586696       -7.1324214870621399        3.9323403783093895       0.15689013521632736     
   121.98595400000001        283.56923610288385        4.3267106894689881E-003  -7.4193076381295127       -6.6183128218378515        3.3707989628668065       0.11365402630275354     
   97.311340299999998        280.74262383406142        4.3136571177311437E-003  -7.1621686504639444       -5.9954312587880247        2.8313534133194378        8.8505100546860005E-002
   72.861091599999995        277.44546175507463        4.2748175518471498E-003  -6.7375914503260415       -5.2540314359366009        2.4028256773040444       0.10101205072379706     
   48.804748500000002        276.70951556058083        4.2955223223068205E-003  -6.1664027123923875       -4.4981592691221826        2.3470479314240902       0.48406273729920812     
   25.613332700000001        276.69916952130296        4.3161477159989244E-003  -5.5516589593323671       -3.8657182945986670        2.4450191260589418        2.4254066585626095     
   10.000000000000000        277.17571605818171        4.3928849907018163E-003  -3.9992843235188369       -2.5763070406832669       0.94403207312432835       0.95132466752792111     
