   1997.2254600000001        290.88546800000000        6.0241116399999996E-004  0.23497513144089072        1.2897261096517052        1.0000000000000000E-004   1.0000000000000000E-004
   1971.7959000000001        290.86492900000002        6.2780769100000003E-004  0.13787277328649641        1.3240410292382394        1.0000000000000000E-004   1.0000000000000000E-004
   1946.3670700000000        290.84445199999999        6.5320351899999997E-004   4.0777428976942066E-002   1.3583790312194486        1.0000000000000000E-004   1.0000000000000000E-004
   1920.9388400000000        290.82400500000000        6.7859870599999998E-004  -5.6311379169808752E-002   1.3927401116161722        1.0000000000000000E-004   1.0000000000000000E-004
   1895.5111099999999        290.79403700000000        6.9951033199999995E-004 -0.16197045016349068        1.4199822094911487        1.0000000000000000E-004   1.0000000000000000E-004
   1870.0839800000001        290.71963499999998        6.9951033199999995E-004 -0.30762703512499556        1.4139328470660026        1.0000000000000000E-004   1.0000000000000000E-004
   1844.6575900000000        290.64526400000000        6.9951033199999995E-004 -0.45327514454932105        1.4079076378208677        1.0000000000000000E-004   1.0000000000000000E-004
   1819.2318100000000        290.57101399999999        6.9951033199999995E-004 -0.59891560953853595        1.4019064844542350        1.0000000000000000E-004   1.0000000000000000E-004
   1793.8067599999999        290.45092799999998        6.9951033199999995E-004 -0.73565607634289232        1.3745121694920230        1.0000000000000000E-004   1.0000000000000000E-004
   1768.3824500000001        290.18859900000001        6.9951033199999995E-004 -0.84477812402269936        1.2806375956529177        1.0000000000000000E-004   1.0000000000000000E-004
   1742.9588600000000        289.92654399999998        6.9951033199999995E-004 -0.95389292208487209        1.1867897741199369        1.0000000000000000E-004   1.0000000000000000E-004
   1717.5362500000001        289.66473400000001        6.9951033199999995E-004  -1.0629992950512952        1.0929694564114290        1.0000000000000000E-004   1.0000000000000000E-004
   1692.1140100000000        289.42806999999999        7.0738449000000002E-004  -1.1491620424776476       0.98845606119320395        1.0000000000000000E-004   1.0000000000000000E-004
   1666.6927499999999        289.24710099999999        7.3276768700000002E-004  -1.1843118190226358       0.86013679340741911        1.0000000000000000E-004   1.0000000000000000E-004
   1641.2723400000000        289.06634500000001        7.5815001000000004E-004  -1.2194562854425315       0.73184579400933414        1.0000000000000000E-004   1.0000000000000000E-004
   1615.8527799999999        288.88571200000001        7.8353146099999996E-004  -1.2545953324131749       0.60358302927260143        1.0000000000000000E-004   1.0000000000000000E-004
   1590.4340800000000        288.72531099999998        8.1845791999999998E-004  -1.2835251280441826       0.49038924158686514        1.0000000000000000E-004   1.0000000000000000E-004
   1565.0162399999999        288.59845000000001        8.6920225299999998E-004  -1.3021690098901020       0.40214805050532326        1.0000000000000000E-004   1.0000000000000000E-004
   1539.5992400000000        288.47164900000001        9.1994484000000002E-004  -1.3208079309805494       0.31393380171870200        1.0000000000000000E-004   1.0000000000000000E-004
   1514.1834699999999        288.34497099999999        9.7068504000000005E-004  -1.3394418893924458       0.22574771727465520        1.0000000000000000E-004   1.0000000000000000E-004
   1488.7685500000000        288.13610799999998        9.7657844900000002E-004  -1.3750223593736379       0.15029525718232126        1.0000000000000000E-004   1.0000000000000000E-004
   1463.3546100000001        287.82360799999998        9.2584197399999996E-004  -1.4320033730389781        9.0915490837694124E-002   1.0000000000000000E-004   1.0000000000000000E-004
   1437.9417699999999        287.51138300000002        8.7510765299999996E-004  -1.4889777264585764        3.1562253806956479E-002   1.0000000000000000E-004   1.0000000000000000E-004
   1412.5300299999999        287.19940200000002        8.2437554400000002E-004  -1.5459453090398858       -2.7764478822208373E-002   1.0000000000000000E-004   1.0000000000000000E-004
   1387.1193800000001        286.88775600000002        8.5078005199999999E-004  -1.6099831899664006      -0.10036218527196740        1.0000000000000000E-004   1.0000000000000000E-004
   1361.7099599999999        286.57641599999999        9.5221481800000004E-004  -1.6808976157785254      -0.18586740547759184        1.0000000000000000E-004   1.0000000000000000E-004
   1336.3018800000000        286.26541099999997        1.0536442300000000E-003  -1.7518041317802024      -0.27134415104671344        1.0000000000000000E-004   1.0000000000000000E-004
   1310.8949000000000        285.95468099999999        1.1550692099999999E-003  -1.8227033062890929      -0.35679326597284372        1.0000000000000000E-004   1.0000000000000000E-004
   1285.4893800000000        285.74984699999999        1.2419762800000001E-003  -1.8836297334858536      -0.45638655537797945        1.0000000000000000E-004   1.0000000000000000E-004
   1260.0852100000000        285.62441999999999        1.3179834900000000E-003  -1.9370676583389888      -0.56659147365744011        1.0000000000000000E-004   1.0000000000000000E-004
   1234.6824999999999        285.49917599999998        1.3939861700000000E-003  -1.9904981810996931      -0.67676613963385046        1.0000000000000000E-004   1.0000000000000000E-004
   1209.2811300000001        285.37399299999998        1.4699850000000000E-003  -2.0439216668062579      -0.78691103908885907        1.0000000000000000E-004   1.0000000000000000E-004
   1183.8813500000001        285.21560699999998        1.5459500700000001E-003  -2.0916668356483288      -0.87381476151376558        1.0000000000000000E-004   1.0000000000000000E-004
   1158.4832799999999        285.03814699999998        1.6218934899999999E-003  -2.1361396919724873      -0.94732505268007827        1.0000000000000000E-004   1.0000000000000000E-004
   1133.0869100000000        284.86086999999998        1.6978317900000000E-003  -2.1806051101645822       -1.0208065469272782        1.0000000000000000E-004   1.0000000000000000E-004
   1107.6922600000000        284.68380700000000        1.7737649600000000E-003  -2.2250633518641356       -1.0942591770921932        1.0000000000000000E-004   1.0000000000000000E-004
   1082.3005400000000        284.43383799999998        1.8320306000000001E-003  -2.2582883638233309       -1.1161834177921421        1.0000000000000000E-004   1.0000000000000000E-004
   1056.9097899999999        284.15240499999999        1.8826196899999999E-003  -2.2866297256385031       -1.1157034155511223        1.0000000000000000E-004   1.0000000000000000E-004
   1031.5210000000000        283.87124599999999        1.9332048299999999E-003  -2.3149647315038009       -1.1151995489434641        1.0000000000000000E-004   1.0000000000000000E-004
   1006.1343400000000        283.59036300000002        1.9837857700000000E-003  -2.3432931506355028       -1.1146718495963477        1.0000000000000000E-004   1.0000000000000000E-004
   980.75000000000000        283.36917099999999        2.0343505299999999E-003  -2.3501588127051845       -1.0477777157512345        1.0000000000000000E-004   1.0000000000000000E-004
   955.36804199999995        283.16708399999999        2.0849069099999999E-003  -2.3501830059022053      -0.95972672357605660        1.0000000000000000E-004   1.0000000000000000E-004
   929.98846400000002        283.04739400000000        2.1354507199999998E-003  -2.3450275108291327      -0.86853014718914601        1.0000000000000000E-004   1.0000000000000000E-004
   904.61157200000002        282.94979899999998        2.1859870800000000E-003  -2.3384802908270617      -0.77647974031469458        1.0000000000000000E-004   1.0000000000000000E-004
   879.23742700000003        282.85238600000002        2.2365094600000001E-003  -2.3546536899505841      -0.69951238333397547        1.0000000000000000E-004   1.0000000000000000E-004
   853.86627199999998        282.75506600000000        2.2870241700000001E-003  -2.3758677341954404      -0.62588299967876304        1.0000000000000000E-004   1.0000000000000000E-004
   828.49829099999999        282.65780599999999        2.3803175399999999E-003  -2.3975546580259057      -0.56542064601348196        1.0000000000000000E-004   1.0000000000000000E-004
   803.13348399999995        282.56069900000000        2.4812917700000000E-003  -2.4193208129694330      -0.50731188037558250        1.0000000000000000E-004   1.0000000000000000E-004
   777.77227800000003        282.37292500000001        2.5822159399999998E-003  -2.4341471067744980      -0.45985179059007203        1.0000000000000000E-004   1.0000000000000000E-004
   752.41485599999999        282.17254600000001        2.6831203099999998E-003  -2.4479898035564172      -0.41387804197992806        1.0000000000000000E-004   1.0000000000000000E-004
   727.06133999999997        282.01916499999999        2.7839725400000000E-003  -2.4814920080077445      -0.37267587391103191        1.0000000000000000E-004   1.0000000000000000E-004
   701.71209699999997        281.87091099999998        2.8848040400000002E-003  -2.5170547111943131      -0.33196080173959508        1.0000000000000000E-004   1.0000000000000000E-004
   676.36755400000004        281.81896999999998        2.9855794299999999E-003  -2.5739237460382043      -0.30121068922582672        1.0000000000000000E-004   1.0000000000000000E-004
   651.02789299999995        281.77410900000001        3.0863324600000001E-003  -2.6323219310117016      -0.27116565301526996        1.0000000000000000E-004   1.0000000000000000E-004
   625.69360400000005        281.77865600000001        3.1387275100000001E-003  -2.6646254316900566      -0.26354806085727955        1.0000000000000000E-004   1.0000000000000000E-004
   600.36511199999995        281.78521699999999        3.1890668899999999E-003  -2.6958147243118660      -0.25685737844124801        1.0000000000000000E-004   1.0000000000000000E-004
   575.04284700000005        281.84243800000002        3.1897926200000000E-003  -2.6837075323482087      -0.27215728678898859        1.0000000000000000E-004   1.0000000000000000E-004
   549.72741699999995        281.89978000000002        3.1903341900000001E-003  -2.6712392284179347      -0.28787729574759646        1.0000000000000000E-004   1.0000000000000000E-004
   524.41943400000002        281.90637199999998        3.2406228100000001E-003  -2.6838323056848510      -0.31514296108027062        1.0000000000000000E-004   1.0000000000000000E-004
   499.11962899999997        281.91296399999999        3.2908949100000002E-003  -2.6992322930619101      -0.34245686796247410        1.0000000000000000E-004   1.0000000000000000E-004
   473.82891799999999        281.91961700000002        3.3411390600000001E-003  -2.7926809426780688      -0.37197661346776256        1.0000000000000000E-004   1.0000000000000000E-004
   448.54824800000000        281.92620799999997        3.3913627299999999E-003  -2.8876194527158461      -0.40119040240329867        1.0000000000000000E-004   1.0000000000000000E-004
   423.27871699999997        281.93279999999999        3.4415549599999999E-003  -3.0076313321362185      -0.42592867962233549        1.0000000000000000E-004   1.0000000000000000E-004
   398.02175899999997        281.93542500000001        3.4917213500000001E-003  -3.1216903811288979      -0.44979268328177407        1.0000000000000000E-004   1.0000000000000000E-004
   372.77890000000002        281.89120500000001        3.5418504799999998E-003  -3.1664191659694607      -0.46376038081112325        1.0000000000000000E-004   1.0000000000000000E-004
   347.55215500000003        281.83718900000002        3.5919465599999999E-003  -3.2011053144699173      -0.47665195209776451        1.0000000000000000E-004   1.0000000000000000E-004
   322.34393299999999        281.69183299999997        3.6419970000000001E-003  -3.1426771746773108      -0.47980618590190371        1.0000000000000000E-004   1.0000000000000000E-004
   297.15716600000002        281.54666099999997        3.6920039000000000E-003  -3.0810576410039694      -0.48306716327807830        1.0000000000000000E-004   1.0000000000000000E-004
   271.99560500000001        281.40182499999997        3.7419516599999998E-003  -2.9940788953481148      -0.48734564869432628        1.0000000000000000E-004   1.0000000000000000E-004
   246.86404400000001        281.23843399999998        3.7856146200000002E-003  -2.9135825005056950      -0.49187141487913105        1.0000000000000000E-004   1.0000000000000000E-004
   221.76879900000000        280.94345099999998        3.7856146200000002E-003  -2.8779016752603903      -0.49829860529015246        1.0000000000000000E-004   1.0000000000000000E-004
   196.71839900000001        280.62301600000001        3.7856146200000002E-003  -2.8483807789434072      -0.50020697830801764        1.0000000000000000E-004   1.0000000000000000E-004
   171.72468599999999        280.12985200000003        3.7856146200000002E-003  -2.8592960851769753      -0.47240946066928541        1.0000000000000000E-004   1.0000000000000000E-004
   146.80502300000001        279.56839000000002        3.7665839800000000E-003  -2.8700125459309240      -0.43671965624196829        1.0000000000000000E-004   1.0000000000000000E-004
   121.98595400000001        278.53469799999999        3.6187507200000002E-003  -2.8795820749760668      -0.34730178949610691        1.4456876274348247        1.4692240193265396     
   97.311340299999998        277.57754499999999        3.4984704100000001E-003  -2.8875921648526814      -0.25787403646644946        3.9043402510460519E-002   3.9674293480522718E-002
   72.861091599999995        277.19415299999997        3.5955710300000000E-003  -2.8833726413810248      -0.16512349345502178        1.5729521837732952        1.5985610829049399     
   48.804748500000002        276.83398399999999        3.6877696400000001E-003  -2.8712865549877460       -7.7677306480796335E-002   3.5632190534449926        3.6212376915482740     
   25.613332700000001        276.79388399999999        3.7253203299999998E-003  -2.6544775473420570       -5.9693179728936160E-002   3.7594675235036563        3.8206832325598548     
   10.000000000000000        276.76690700000000        3.7801002600000000E-003  -2.3382279471847940       -3.5103835386039187E-002   1.8851727565188499        1.9158693656668357     
   1997.2254600000001        290.88537665476036        6.0252411291701938E-004 -0.81853441226688295        2.0085335983727690        1.0000000000000000E-004   1.0000000000000000E-004
   1971.7959000000001        290.86494031709151        6.2779382419313136E-004 -0.92154880109517190        1.9655079936269522        1.0000000000000000E-004   1.0000000000000000E-004
   1946.3670700000000        290.84445196584096        6.5320359912829330E-004  -1.0252643149328868        1.9230597785331405        1.0000000000000000E-004   1.0000000000000000E-004
   1920.9388400000000        290.82398896081418        6.7859129115663210E-004  -1.1290999181125481        1.8814727622842402        1.0000000000000000E-004   1.0000000000000000E-004
   1895.5111099999999        290.79396267338853        6.9947549633001850E-004  -1.2329367235638495        1.8296517155453720        1.0000000000000000E-004   1.0000000000000000E-004
   1870.0839800000001        290.71963467190704        6.9951030215429570E-004  -1.3361501382109304        1.7273552602232833        1.0000000000000000E-004   1.0000000000000000E-004
   1844.6575900000000        290.64526381989731        6.9951033198248553E-004  -1.4395343498539093        1.6258271845799350        1.0000000000000000E-004   1.0000000000000000E-004
   1819.2318100000000        290.57093692171640        6.9951033199999204E-004  -1.5430545094435342        1.5251417407449905        1.0000000000000000E-004   1.0000000000000000E-004
   1793.8067599999999        290.45068971759474        6.9951033200000385E-004  -1.6246993615089664        1.4188417785413205        1.0000000000000000E-004   1.0000000000000000E-004
   1768.3824500000001        290.18859785479367        6.9951033200666075E-004  -1.6383715256573652        1.2934019402727734        1.0000000000000000E-004   1.0000000000000000E-004
   1742.9588600000000        289.92654304720111        6.9951034332256393E-004  -1.6521049664005549        1.1687834686434384        1.0000000000000000E-004   1.0000000000000000E-004
   1717.5362500000001        289.66477471795764        6.9952351312892809E-004  -1.6659754479704931        1.0450392279978382        1.0000000000000000E-004   1.0000000000000000E-004
   1692.1140100000000        289.42816189872457        7.0741379321563938E-004  -1.6575170578326628       0.93315074586354196        1.0000000000000000E-004   1.0000000000000000E-004
   1666.6927499999999        289.24710055723625        7.3276783375176733E-004  -1.5993422806794693       0.84651231491866308        1.0000000000000000E-004   1.0000000000000000E-004
   1641.2723400000000        289.06634435827601        7.5815014538717503E-004  -1.5412615976308623       0.76076836463415776        1.0000000000000000E-004   1.0000000000000000E-004
   1615.8527799999999        288.88574499114071        7.8354755474518035E-004  -1.4833705812050726       0.67590124980887711        1.0000000000000000E-004   1.0000000000000000E-004
   1590.4340800000000        288.72536633341389        8.1848452638803512E-004  -1.4333766983970750       0.60599618172293523        1.0000000000000000E-004   1.0000000000000000E-004
   1565.0162399999999        288.59844957533664        8.6920250183667455E-004  -1.3963300653172737       0.56028191645506809        1.0000000000000000E-004   1.0000000000000000E-004
   1539.5992400000000        288.47164851417591        9.1994500093841604E-004  -1.3594810601016394       0.51545880698163449        1.0000000000000000E-004   1.0000000000000000E-004
   1514.1834699999999        288.34483286257796        9.7061023354145571E-004  -1.3228430678343801       0.47147987901419608        1.0000000000000000E-004   1.0000000000000000E-004
   1488.7685500000000        288.13593347130046        9.7648372629955576E-004  -1.3066644358338813       0.42320289165876890        1.0000000000000000E-004   1.0000000000000000E-004
   1463.3546100000001        287.82360652939076        9.2584160728456958E-004  -1.3162544992905956       0.36927984261293345        1.0000000000000000E-004   1.0000000000000000E-004
   1437.9417699999999        287.51138162653700        8.7510747809823209E-004  -1.3260618624814975       0.31619853590739316        1.0000000000000000E-004   1.0000000000000000E-004
   1412.5300299999999        287.19940079137524        8.2450437375530740E-004  -1.3360342005219297       0.26394701118736003        1.0000000000000000E-004   1.0000000000000000E-004
   1387.1193800000001        286.88775476675823        8.5090580579146860E-004  -1.3403509199339407       0.19886602099235853        1.0000000000000000E-004   1.0000000000000000E-004
   1361.7099599999999        286.57641482791377        9.5221548110351701E-004  -1.3391707569771421       0.12132842144871059        1.0000000000000000E-004   1.0000000000000000E-004
   1336.3018800000000        286.26540988143256        1.0536447664730977E-003  -1.3381561755382170        4.4622648219307934E-002   1.0000000000000000E-004   1.0000000000000000E-004
   1310.8949000000000        285.95485661924164        1.1550454434772783E-003  -1.3372881270235966       -3.1231637187924453E-002   1.0000000000000000E-004   1.0000000000000000E-004
   1285.4893800000000        285.74997900767102        1.2419584390920269E-003  -1.3195332945893683      -0.10736141650230849        1.0000000000000000E-004   1.0000000000000000E-004
   1260.0852100000000        285.62441985299546        1.3179838103856165E-003  -1.2891323057159665      -0.18348662512638234        1.0000000000000000E-004   1.0000000000000000E-004
   1234.6824999999999        285.49917548841728        1.3939865070443575E-003  -1.2588867765300615      -0.25875886586812419        1.0000000000000000E-004   1.0000000000000000E-004
   1209.2811300000001        285.37393683111191        1.4699852949464159E-003  -1.2288416184483597      -0.33314627810198200        1.0000000000000000E-004   1.0000000000000000E-004
   1183.8813500000001        285.21557427076692        1.5459503972058385E-003  -1.2132826987757586      -0.38794492852264739        1.0000000000000000E-004   1.0000000000000000E-004
   1158.4832799999999        285.03814641992074        1.6218938491066525E-003  -1.2061547082781172      -0.43108278138238959        1.0000000000000000E-004   1.0000000000000000E-004
   1133.0869100000000        284.86086939145247        1.6978321251107621E-003  -1.1992157309286218      -0.47335016878398839        1.0000000000000000E-004   1.0000000000000000E-004
   1107.6922600000000        284.68368395887904        1.7737357482159786E-003  -1.1925066747096349      -0.51469775756054070        1.0000000000000000E-004   1.0000000000000000E-004
   1082.3005400000000        284.43378384687310        1.8320180300888114E-003  -1.2185545383227225      -0.51467759480956121        1.0000000000000000E-004   1.0000000000000000E-004
   1056.9097899999999        284.15240387020293        1.8826199499072883E-003  -1.2589794203799867      -0.49614666389565421        1.0000000000000000E-004   1.0000000000000000E-004
   1031.5210000000000        283.87124499922487        1.9332051017638507E-003  -1.2995997207817021      -0.47673891278141012        1.0000000000000000E-004   1.0000000000000000E-004
   1006.1343400000000        283.59046154603402        1.9837860133221112E-003  -1.3404546167537852      -0.45638737873940177        1.0000000000000000E-004   1.0000000000000000E-004
   980.75000000000000        283.36920208976687        2.0343507748501076E-003  -1.4191141847282343      -0.37763541729506572        1.0000000000000000E-004   1.0000000000000000E-004
   955.36804199999995        283.16722117769808        2.0849071329174509E-003  -1.5099878109110130      -0.27960729799491213        1.0000000000000000E-004   1.0000000000000000E-004
   929.98846400000002        283.04743061295159        2.1354509363542638E-003  -1.6002450012490714      -0.17479923399944086        1.0000000000000000E-004   1.0000000000000000E-004
   904.61157200000002        282.94979890066810        2.1859872825765593E-003  -1.6904550071736311       -6.7604884386949587E-002   1.0000000000000000E-004   1.0000000000000000E-004
   879.23742700000003        282.85238571974287        2.2365097354586656E-003  -1.7833142600612411        1.3641456714780807E-002   1.0000000000000000E-004   1.0000000000000000E-004
   853.86627199999998        282.75506566606879        2.2870961620312250E-003  -1.8768765226394510        8.9720050835414428E-002   1.0000000000000000E-004   1.0000000000000000E-004
   828.49829099999999        282.65780569247084        2.3803309036186694E-003  -1.9607842915871641       0.15809695849662198        1.0000000000000000E-004   1.0000000000000000E-004
   803.13348399999995        282.56054582046232        2.4812925320863723E-003  -2.0430540718191281       0.22576332325777865        1.0000000000000000E-004   1.0000000000000000E-004
   777.77227800000003        282.36184118859455        2.5898609927083711E-003  -2.1159404190185147       0.29564806285307638       0.19114175206782058       0.31228210356056424     
   752.41485599999999        282.15393276964153        2.7170730802245787E-003  -2.1955153578272957       0.36963763237088360        3.0943470201952556E-002   5.0394983414622993E-002
   727.06133999999997        282.09667328737572        2.9472007568898599E-003  -2.3060729511522795       0.46271992554571134       0.58771592631436076       0.96058913359277032     
   701.71209699999997        282.16314680048731        3.1687789718223241E-003  -2.4158577056702448       0.58362519946263580        1.7871858940331211        2.9214450573899482     
   676.36755400000004        282.25125346518843        3.3086545708842234E-003  -2.4803536103540185       0.68785941686121654        3.5551129302282756        5.8115968510693996     
   651.02789299999995        282.32436305706835        3.3992113205761811E-003  -2.5142708191851479       0.77199588741309799        5.8173245459814584        9.5097897002565244     
   625.69360400000005        282.38220454076082        3.4618054159093279E-003  -2.5315352816050170       0.83939967079070676        8.4996845741457996        13.894828168208438     
   600.36511199999995        282.42835969526573        3.5076240952716521E-003  -2.5396315308687192       0.89417457178080739        11.528126388036599        18.845630500681235     
   575.04284700000005        282.46592130724764        3.5427377895162621E-003  -2.5424106910449664       0.93954155246212678        14.828660726539166        24.241241418163092     
   549.72741699999995        282.49715472743856        3.5706546069111489E-003  -2.5419351675158306       0.97781664175900695        18.327363431596826        29.960812069487176     
   524.41943400000002        282.52369069867200        3.5935248923665945E-003  -2.5393638288699849        1.0106436048612044        21.950409952511428        35.883656438371546     
   499.11962899999997        282.54672428351324        3.6127352036244894E-003  -2.5353753012126150        1.0391998414622725        25.624076229293884        41.889252787472145     
   473.82891799999999        282.56715770624339        3.6292190670796504E-003  -2.5303792317306968        1.0643421683679628        29.274748317027136        47.857259391961563     
   448.54824800000000        282.58569669102843        3.6436289474662247E-003  -2.5246269127007857        1.0867047153266485        32.828969517972666        53.667591589606388     
   423.27871699999997        282.60291563085292        3.6564362571366344E-003  -2.5182717545762556        1.1067641611710559        36.213452494748367        59.200441582974136     
   398.02175899999997        282.61930313838059        3.6679922163712153E-003  -2.5114034955545179        1.1248834078078291        39.355092866740236        64.336300666355797     
   372.77890000000002        282.63529561866898        3.6785664384823059E-003  -2.5040678426450711        1.1413413119439118        42.181049621814310        68.956090680296711     
   347.55215500000003        282.65130403378822        3.6883723749398445E-003  -2.4962776516981160        1.1563528769385532        44.618758995837197        72.941186701277644     
   322.34393299999999        282.66773762730674        3.6975848753196096E-003  -2.4880186949344969        1.1700832219870227        46.596032572384559        76.173577411969475     
   297.15716600000002        282.68502784262455        3.7063529866430390E-003  -2.4792515767532435        1.1826568246725533        48.041153112147867        78.536021760012588     
   271.99560500000001        282.70365579403898        3.7148100159089558E-003  -2.4699103876475292        1.1941631859107407        48.883003151241013        79.912259186279755     
   246.86404400000001        282.72418784992556        3.7230824037047358E-003  -2.4598977664218538        1.2046595702757270        49.051264988782265        80.187336558039576     
   221.76879900000000        282.74732642097871        3.7312988136864542E-003  -2.4490752715848001        1.2141703946815516        48.476706306818052        79.248075091023026     
   196.71839900000001        282.77398855181292        3.7396012165672749E-003  -2.4372462679753575        1.2226826236710961        47.091621218260194        76.983791360112562     
   171.72468599999999        282.80543670988277        3.7481608466631892E-003  -2.4241257360368325        1.2301346557957948        44.830529362450562        73.287440157818324     
   146.80502300000001        282.84351341969926        3.7572047292202086E-003  -2.4092846703257131        1.2363935332976979        41.631386879537622        68.057594155320118     
   121.98595400000001        282.89110076699529        3.7670658129535977E-003  -2.3920399960601109        1.2412074458306994        37.437757884855088        61.201993757387243     
   97.311340299999998        282.95312570267356        3.7782909650929089E-003  -2.3712127879859377        1.2440988456721163        32.203219771839670        52.644748746487025     
   72.861091599999995        283.03912113481664        3.7919143778695741E-003  -2.3445118599443759        1.2440881582327892        25.901358868429863        42.342678852505735     
   48.804748500000002        283.17139706026683        3.8103267260215620E-003  -2.3065690553194917        1.2388018649905599        18.553302231888658        30.330321822963594     
   25.613332700000001        283.41007017108154        3.8397069163215026E-003  -2.2432524679713826        1.2213287654577663        10.332293778841841        16.890891028372280     
   10.000000000000000        283.96891571034860        3.9027135057254536E-003  -2.1030371417985156        1.1657678792477637        4.1400394925506987        6.7679992874838772     
   1997.2254600000001        290.88528576567950        6.0263649835401087E-004  -1.8010395721330530        2.3185731778250260        1.0000000000000000E-004   1.0000000000000000E-004
   1971.7959000000001        290.86495138786722        6.2778026148912905E-004  -1.8509350696704296        2.2209875747642589        1.0000000000000000E-004   1.0000000000000000E-004
   1946.3670700000000        290.84445192359482        6.5320364375141739E-004  -1.9019904397192164        2.1235316411344862        1.0000000000000000E-004   1.0000000000000000E-004
   1920.9388400000000        290.82397285115331        6.7858384308229415E-004  -1.9538037928307721        2.0274457459915722        1.0000000000000000E-004   1.0000000000000000E-004
   1895.5111099999999        290.79388856725507        6.9944076437004324E-004  -1.9977596835126001        1.9258569298827652        1.0000000000000000E-004   1.0000000000000000E-004
   1870.0839800000001        290.71963422091187        6.9951021447825631E-004  -2.0026528817833391        1.7943771455095532        1.0000000000000000E-004   1.0000000000000000E-004
   1844.6575900000000        290.64526351089796        6.9951033186574254E-004  -2.0082339928949415        1.6640742785661389        1.0000000000000000E-004   1.0000000000000000E-004
   1819.2318100000000        290.57085970268901        6.9951033199988296E-004  -2.0145736574669981        1.5350942557402938        1.0000000000000000E-004   1.0000000000000000E-004
   1793.8067599999999        290.45045209951212        6.9951033200004711E-004  -2.0030293380911739        1.4203719583719070        1.0000000000000000E-004   1.0000000000000000E-004
   1768.3824500000001        290.18859631580426        6.9951033205111369E-004  -1.9347573855724927        1.3468533134681957        1.0000000000000000E-004   1.0000000000000000E-004
   1742.9588600000000        289.92654216341379        6.9951037663418421E-004  -1.8671169036393369        1.2747471647781667        1.0000000000000000E-004   1.0000000000000000E-004
   1717.5362500000001        289.66481545194574        6.9953669921222659E-004  -1.8002816034749809        1.2040011262806050        1.0000000000000000E-004   1.0000000000000000E-004
   1692.1140100000000        289.42825355805445        7.0744302091699002E-004  -1.7287600625122046        1.1586964621926348        1.0000000000000000E-004   1.0000000000000000E-004
   1666.6927499999999        289.24710026777103        7.3276802902373314E-004  -1.6458862550646702        1.1680846364846982        1.0000000000000000E-004   1.0000000000000000E-004
   1641.2723400000000        289.06634377321649        7.5815030748972311E-004  -1.5637958614048708        1.1789268492071507        1.0000000000000000E-004   1.0000000000000000E-004
   1615.8527799999999        288.88577796354224        7.8356363943182935E-004  -1.4825810244369160        1.1910548166761348        1.0000000000000000E-004   1.0000000000000000E-004
   1590.4340800000000        288.72542153647856        8.1851107125123002E-004  -1.4178347761846153        1.2072767369402457        1.0000000000000000E-004   1.0000000000000000E-004
   1565.0162399999999        288.59844924316513        8.6920279430233193E-004  -1.3797457900842744        1.2294278087633286        1.0000000000000000E-004   1.0000000000000000E-004
   1539.5992400000000        288.47164779857434        9.1994503687362669E-004  -1.3425650896953567        1.2528695929626721        1.0000000000000000E-004   1.0000000000000000E-004
   1514.1834699999999        288.34469489379410        9.7053551883011756E-004  -1.3062361584707010        1.2775234914875924        1.0000000000000000E-004   1.0000000000000000E-004
   1488.7685500000000        288.13575929266716        9.7638919453742787E-004  -1.2793511324611679        1.2846653399479675        1.0000000000000000E-004   1.0000000000000000E-004
   1463.3546100000001        287.82360477100860        9.2584108401955808E-004  -1.2641582340735202        1.2693955186380907        1.0000000000000000E-004   1.0000000000000000E-004
   1437.9417699999999        287.51138025296223        8.7510751829964091E-004  -1.2498226959458747        1.2553231962850961        1.0000000000000000E-004   1.0000000000000000E-004
   1412.5300299999999        287.19939958245459        8.2463298335191211E-004  -1.2362611861715704        1.2425133834728097        1.0000000000000000E-004   1.0000000000000000E-004
   1387.1193800000001        286.88775353346477        8.5103135554300848E-004  -1.2093932848508397        1.2269777055485882        1.0000000000000000E-004   1.0000000000000000E-004
   1361.7099599999999        286.57641108190802        9.5221726114092084E-004  -1.1696019122460342        1.2088237075461368        1.0000000000000000E-004   1.0000000000000000E-004
   1336.3018800000000        286.23550501342339        1.0643041646870742E-003  -1.1278195288757891        1.1907747013042624       0.17313436334397156       0.25357006990777914     
   1310.8949000000000        285.94148633008842        1.1768185089053834E-003  -1.0915688195453126        1.1787960892498008        3.5920012711266368E-003   5.1240718946697593E-003
   1285.4893800000000        285.57943658943094        1.5044287741666498E-003  -1.0839691077075351        1.2123355282379660       0.27211586676202665       0.39861676222839126     
   1260.0852100000000        285.31000162758420        1.9003405509998629E-003  -1.1952439758533475        1.3045022161587461       0.95304393930168718        1.3964432307797070     
   1234.6824999999999        285.15193076441687        2.1940676207334070E-003  -1.3577830014222589        1.4060640030935703        2.0207186566105539        2.9610051004792575     
   1209.2811300000001        285.06083055867134        2.4034834757314118E-003  -1.5131671594975378        1.4980507435759314        3.4494990786334796        5.0547283523283166     
   1183.8813500000001        285.00735567800569        2.5571731228468805E-003  -1.6472095814346965        1.5779383960491802        5.2137311707227987        7.6400197786160495     
   1158.4832799999999        284.97577755350733        2.6739582704169780E-003  -1.7597443437077196        1.6470752054957942        7.2877686636584453        10.679297551023401     
   1133.0869100000000        284.95752098926692        2.7654897163961684E-003  -1.8538700963911749        1.7073479739026467        9.6459825206142789        14.135005093439005     
   1107.6922600000000        284.94769432869271        2.8391240280644684E-003  -1.9329382948505325        1.7604247527858841        12.262751190687911        17.969596799560684     
   1082.3005400000000        284.94337926359026        2.8996694039282564E-003  -1.9998237958131262        1.8076439533529807        15.112324089052972        22.145337977808929     
   1056.9097899999999        284.94276617203087        2.9503776818849328E-003  -2.0568340133468008        1.8500519489741585        18.169317450223240        26.625031470707544     
   1031.5210000000000        284.94469643737563        2.9935173505632245E-003  -2.1057831670216718        1.8884640434231954        21.408031548894670        31.371017115804786     
   1006.1343400000000        284.94840840117575        3.0307151704678662E-003  -2.1480932680675093        1.9235193746422847        24.802862019130600        36.345774489492449     
   980.75000000000000        284.95339108880944        3.0631670913113217E-003  -2.1848843999512977        1.9557244532420031        28.328210342866804        41.511791737581774     
   955.36804199999995        284.95929654402778        3.0917711130077734E-003  -2.2170449156518988        1.9854847875081543        31.958506618567093        46.831598940309036     
   929.98846400000002        284.96588559778809        3.1172142431113992E-003  -2.2452851735353132        2.0131283143290064        35.668203724517184        52.267759559273870     
   904.61157200000002        284.97299338373347        3.1400309135184270E-003  -2.2701780794916586        2.0389228440477170        39.431723019606146        57.782790867795420     
   879.23742700000003        284.98050688374997        3.1606431674494561E-003  -2.2921896080297617        2.0630891733050443        43.223536117494525        63.339283782126657     
   853.86627199999998        284.98835001831418        3.1793888189053294E-003  -2.3117017727434441        2.0858108265372994        47.018103750072058        68.899813272450089     
   828.49829099999999        284.99647356317553        3.1965416230590447E-003  -2.3290300898063161        2.1072415330265795        50.789913278514710        74.426993331282148     
   803.13348399999995        285.00484822830458        3.2123259047843250E-003  -2.3444368541862342        2.1275108795139617        54.513498615865416        79.883506167867637     
   777.77227800000003        285.01345985928799        3.2269273639357354E-003  -2.3581413777801736        2.1467286240726815        58.163352105531942        85.231973075618896     
   752.41485599999999        285.02230614885343        3.2405012914040595E-003  -2.3703280417357209        2.1649882585142497        61.714026318297329        90.435103604655154     
   727.06133999999997        285.03139436619597        3.2531787589945476E-003  -2.3811525123474766        2.1823696449187175        65.140107526934528        95.455656691712335     
   701.71209699999997        285.04073977189785        3.2650713298050943E-003  -2.3907466010484462        2.1989411175571414        68.416177039279489        100.25638399792311     
   676.36755400000004        285.05036465663062        3.2762748395748268E-003  -2.3992221967122309        2.2147611644984049        71.516843407119268        104.80007710746577     
   651.02789299999995        285.06029780173964        3.2868723606243157E-003  -2.4066743572763034        2.2298798474038350        74.416782209148678        109.04962582520770     
   625.69360400000005        285.07057423688087        3.2969365146315460E-003  -2.4131837208907929        2.2443397486394852        77.090673077090116        112.96792589525170     
   600.36511199999995        285.08123533411020        3.3065313965308287E-003  -2.4188184705213098        2.2581768293030811        79.513251220167504        116.51795450450567     
   575.04284700000005        285.09232919212991        3.3157141532891760E-003  -2.4236358587423981        2.2714210602290059        81.659303073046473        119.66276390520363     
   549.72741699999995        285.10391127628941        3.3245362838317505E-003  -2.4276833744486335        2.2840968467551379        83.503659311547196        122.36547118016814     
   524.41943400000002        285.11604539741518        3.3330447749932482E-003  -2.4309996366160926        2.2962232937102334        85.021220289698448        124.58929551807515     
   499.11962899999997        285.12880504061837        3.3412830867982279E-003  -2.4336150026588226        2.3078143924583037        86.186957894975563        126.29756093208891     
   473.82891799999999        285.14227514611952        3.3492920563391771E-003  -2.4355519223260642        2.3188789517365276        86.975929208872046        127.45371627793779     
   448.54824800000000        285.15655449136352        3.3571107718803408E-003  -2.4368250419160091        2.3294204071244446        87.363299958493656        128.02136961970194     
   423.27871699999997        285.17175878053871        3.3647774156768733E-003  -2.4374410099090480        2.3394364557694884        87.324357480118536        127.96430722648796     
   398.02175899999997        285.18802474883813        3.3723301620511500E-003  -2.4373979691934458        2.3489183154023205        86.834539186501715        127.24653528814787     
   372.77890000000002        285.20551570583967        3.3798082003971709E-003  -2.4366846234225568        2.3578497643398291        85.869464108577489        125.83232613625660     
   347.55215500000003        285.22442902404657        3.3872529291529216E-003  -2.4352787930964981        2.3662056357179524        84.404983383835415        123.68629222929131     
   322.34393299999999        285.24500655828808        3.3947094802077552E-003  -2.4331451946379543        2.3739496693098796        82.417238669915861        120.77347175143129     
   297.15716600000002        285.26754941540997        3.4022287422456354E-003  -2.4302321423464548        2.3810314616691000        79.882739988930652        117.05944268494417     
   271.99560500000001        285.29243934369509        3.4098701562996735E-003  -2.4264666259705212        2.3873817567144617        76.778489708939517        112.51050449154420     
   246.86404400000001        285.32017075132262        3.4177057959604512E-003  -2.4217467623786453        2.3929055245359856        73.082145388045831        107.09391674271173     
   221.76879900000000        285.35140028657770        3.4258265775238862E-003  -2.4159300278351696        2.3974710293855184        68.772274875837752        100.77827294310485     
   196.71839900000001        285.38702695124960        3.4343521984583204E-003  -2.4088140617859191        2.4008921109716761        63.828745298629130        93.534070546120688     
   171.72468599999999        285.42832830455097        3.4434479350248632E-003  -2.4001039575635552        2.4028978413711397        58.233341580674342        85.334617329460144     
   146.80502300000001        285.47720720360223        3.4533549748679278E-003  -2.3893528489582283        2.4030774749586636        51.970891971975206        76.157680733674198     
   121.98595400000001        285.53667691095677        3.4644499610011811E-003  -2.3758450069786563        2.4007717695834603        45.031242915121510        65.988381814690243     
   97.311340299999998        285.61192320164889        3.4773752227786718E-003  -2.3583397251640466        2.3948342833443039        37.413396151261090        54.825257722497589     
   72.861091599999995        285.71300749046759        3.4933699704014186E-003  -2.3344193009084964        2.3830216233569312        29.134966719377950        42.694121370042758     
   48.804748500000002        285.86346726933169        3.5153224927801513E-003  -2.2984136432390305        2.3600431294891009        20.258638484757100        29.686829131593271     
   25.613332700000001        286.12580720821938        3.5506985808754265E-003  -2.2352173589188662        2.3112384710807166        10.994335130109331        16.111001312299045     
   10.000000000000000        286.72038757421637        3.6262139678494266E-003  -2.0911041007362750        2.1835471381088567        4.3563633013086198        6.3837762168559129     
   1997.2254600000001        290.87897729133982        6.1043352152837275E-004  -3.6569199478352163        1.5958332664319215       0.53100620672463650        2.4324662817975268E-002
   1971.7959000000001        290.86362984894987        6.2938779388872648E-004  -3.6455786584585477        1.5532631007960274       0.53100620672463650        2.4324662817975268E-002
   1946.3670700000000        290.84389157295971        6.5353961888438034E-004  -3.6274935966377844        1.4928826322357394       0.95511320840065017        6.9859779840303712E-002
   1920.9388400000000        290.82371676580550        6.7627187121893260E-004  -3.6020383885010356        1.4233562193478093        1.3083253953993332       0.12888124984154789     
   1895.5111099999999        290.79328053010403        6.9614195230317051E-004  -3.5655107768315295        1.3504558022128945        1.3446833886671257       0.10624879517215596     
   1870.0839800000001        290.71994139072888        6.9933101546557313E-004  -3.5087441318515555        1.2725470491206103        1.2829588366826645        5.8289915525168309E-002
   1844.6575900000000        290.64623806795618        6.9950224165109091E-004  -3.4471066552386675        1.2046110481666699        1.1944156203573475        4.8670659083281512E-002
   1819.2318100000000        290.57255385973764        6.9951006461782203E-004  -3.3809981036224692        1.1445111369359049        1.1646281439716963        4.4857876315220570E-002
   1793.8067599999999        290.45148881258359        6.9951032797422555E-004  -3.3091114603637233        1.1004363362872966       0.85293084969347355        1.7529110876321669E-002
   1768.3824500000001        290.18884529290420        6.9951033331621748E-004  -3.2216284090071294        1.0912929245701204       0.66123811942057953        6.6920481638718171E-003
   1742.9588600000000        289.92663573298677        6.9951067420469454E-004  -3.1416099746426740        1.1068302847138412       0.58481547039959381        5.0569493854201513E-003
   1717.5362500000001        289.66483969784878        6.9958441880591546E-004  -3.0690672827867664        1.1377315282247220       0.56208417888461804        4.5321414013260904E-003
   1692.1140100000000        289.42763699677982        7.0767781928002271E-004  -3.0142433543071530        1.1917735870820505       0.57588351327678144        4.8712846336170183E-003
   1666.6927499999999        289.24672976771126        7.3282236516894266E-004  -2.9845817331826341        1.2650461143718976       0.70563030196604026        8.2764690709080518E-003
   1641.2723400000000        289.06638105415431        7.5814701468550425E-004  -2.9652869722600919        1.3426575276483503       0.74050601928076221        8.8899224449097824E-003
   1615.8527799999999        288.88631639251713        7.8362673009334651E-004  -2.9549934037438361        1.4261079542964623       0.83646547348285016        1.1100642453436635E-002
   1590.4340800000000        288.72538068839953        8.1885094370674630E-004  -2.9696825409813883        1.5177736408833360        1.0926727531357789        1.9838126105315396E-002
   1565.0162399999999        288.59295178762954        8.7156410407762230E-004  -3.0364449646926457        1.6176487071956442        2.0016535816533501        7.4799752355428906E-002
   1539.5992400000000        288.38080627127971        9.6196251087723669E-004  -3.1423926109855929        1.7063915735890793        2.1640945091538777        6.6298731205382710E-002
   1514.1834699999999        288.02505446794692        1.1502337130545799E-003  -3.2092710421994575        1.7467571350037503       0.57842168526976789        3.2470107013721035E-003
   1488.7685500000000        287.18510095016524        1.6852271185937408E-003  -3.4529791591304675        1.8698065567217981        4.4497822596409771       0.13301875808618094     
   1463.3546100000001        286.75092596485865        2.0469483213819990E-003  -3.5978187307994443        1.9353580953134539        2.1868808170198211        4.2261181773749684E-002
   1437.9417699999999        286.52924251750954        2.2723411056058446E-003  -3.7117490034092882        1.9878490916745319        1.9338523818802686        4.5554364051255701E-002
   1412.5300299999999        286.40898945080755        2.4164389501834327E-003  -3.8158464744022216        2.0386421255457661        2.2423056518774356        8.3443686106873000E-002
   1387.1193800000001        286.33145618885777        2.5236027709772588E-003  -3.9159229737056727        2.0915207648647196        2.6688470373874256       0.14739721825354787     
   1361.7099599999999        286.27910086465971        2.6067769856878780E-003  -4.0073601168517925        2.1450347134327052        2.8628137843565598       0.20474584075261801     
   1336.3018800000000        286.24341630294151        2.6720146749569245E-003  -4.0834657639970349        2.1955517516815219        2.6206809367105413       0.20362163802408673     
   1310.8949000000000        286.21850392077602        2.7244986481596055E-003  -4.1425669410655335        2.2408802333337046        2.1392015734336955       0.15760929650576552     
   1285.4893800000000        286.20070355767473        2.7679105775397449E-003  -4.1877413825582561        2.2811659843328878        1.7171854257867367       0.11639204085957802     
   1260.0852100000000        286.18782590080536        2.8046201043336362E-003  -4.2231389378761763        2.3177062698517723        1.4594193895173773        9.6157155748164719E-002
   1234.6824999999999        286.17849361909037        2.8362097556194174E-003  -4.2520653048687302        2.3522057988095963        1.3640940424162433        9.6729568299438434E-002
   1209.2811300000001        286.17179445827850        2.8638834554841649E-003  -4.2771173049553584        2.3875038303156422        1.4922248700401595       0.13558481373194664     
   1183.8813500000001        286.16725256369421        2.8899274236399478E-003  -4.3013320901472598        2.4304463239764300        2.2729153182695532       0.38644870338202669     
   1158.4832799999999        286.16684564453561        2.9319137673370476E-003  -4.3293419465502270        2.4960074686788296        10.038747324895983        13.736335595721547     
   1133.0869100000000        286.17594569808369        3.0124353035046411E-003  -4.3601400181522036        2.5855566038197328        115.78394508695528        166.27153923446204     
   1107.6922600000000        286.17630621929789        3.0147624392877874E-003  -4.3621324108323245        2.5930843078079229        29.075876448954126        35.289683655478953     
   1082.3005400000000        286.17672672128930        3.0170474321899727E-003  -4.3637569517613848        2.6000513195861652        32.399634127406564        38.275921196811815     
   1056.9097899999999        286.17797171790824        3.0228896572562004E-003  -4.3670256669534684        2.6146390284043899        53.232966728060966        64.396917613453468     
   1031.5210000000000        286.17931788584366        3.0284631480112637E-003  -4.3697054863040465        2.6284479587083140        56.206068624407827        66.760831666663179     
   1006.1343400000000        286.18075523934397        3.0338040760573021E-003  -4.3719105069566790        2.6417236750974351        58.509466443225385        68.530595203795471     
   980.75000000000000        286.18229006201955        3.0389911328299948E-003  -4.3737225768719483        2.6546766080930202        60.568635864160640        70.152739727382709     
   955.36804199999995        286.18392802257165        3.0440781815991693E-003  -4.3751911434024890        2.6674392634518780        62.417123545099976        71.624755810201762     
   929.98846400000002        286.18567325864973        3.0490994279011628E-003  -4.3763457988426628        2.6800940529831929        64.051340412392562        72.917579130601183     
   904.61157200000002        286.18752872714299        3.0540762104279691E-003  -4.3772038600658130        2.6926921552877126        65.464525305029696        74.008315152962339     
   879.23742700000003        286.18949657279546        3.0590215859456395E-003  -4.3777747795010074        2.7052648765999812        66.651858497493805        74.882356057089183     
   853.86627199999998        286.19157841468433        3.0639432813521533E-003  -4.3780627826311544        2.7178304132112916        67.610130594063904        75.530485714740394     
   828.49829099999999        286.19377556042616        3.0688456049510200E-003  -4.3780684800733258        2.7303982904181701        68.337292053622647        75.947179020555168     
   803.13348399999995        286.19608914875238        3.0737306585233450E-003  -4.3777898472309102        2.7429719672475952        68.832847051476392        76.130156134430436     
   777.77227800000003        286.19852027983933        3.0785991925150373E-003  -4.3772228644223041        2.7555506899277811        69.096368126144327        76.078093436689059     
   752.41485599999999        286.20107012292510        3.0834511891417535E-003  -4.3763618967793096        2.7681307887568787        69.128285673672110        75.791305078210868     
   727.06133999999997        286.20374000024111        3.0882862477369754E-003  -4.3751999003934374        2.7807064569020858        68.929899464567157        75.271478795139259     
   701.71209699999997        286.20653146307416        3.0931038586010538E-003  -4.3737285162395478        2.7932702587595255        68.502747810123296        74.520766484389583     
   676.36755400000004        286.20944638847544        3.0979036406159058E-003  -4.3719380816125355        2.8058135159122033        67.848701049679050        73.541785913428825     
   651.02789299999995        286.21248705278521        3.1026854800990603E-003  -4.3698175345023351        2.8183266848359558        66.970655523462199        72.338476742309993     
   625.69360400000005        286.21565622140150        3.1074496577530968E-003  -4.3673542811016306        2.8307992647703686        65.871700632481279        70.914874027166718     
   600.36511199999995        286.21895724630190        3.1121969540003399E-003  -4.3645339929309044        2.8432200416673794        64.555514095858129        69.275729410957922     
   575.04284700000005        286.22239417220902        3.1169287370839166E-003  -4.3613402969795487        2.8555769194776093        63.026594440355247        67.426616185494183     
   549.72741699999995        286.22597186421160        3.1216470568527070E-003  -4.3577544169768840        2.8678569194182004        61.289856137965003        65.373529305162691     
   524.41943400000002        286.22969615652011        3.1263547418426997E-003  -4.3537546892923755        2.8800459822709343        59.351034835279798        63.123293539433028     
   499.11962899999997        286.23357402918180        3.1310555072314871E-003  -4.3493159444314902        2.8921287068898800        57.216659270122683        60.683528724605196     
   473.82891799999999        286.23761383705721        3.1357541015468440E-003  -4.3444087286669708        2.9040880580888362        54.893952525436795        58.062534993601389     
   448.54824800000000        286.24182559161051        3.1404564849900796E-003  -4.3389982435015977        2.9159049194126307        52.391194329751549        55.269686606068973     
   423.27871699999997        286.24622130370784        3.1451700447031883E-003  -4.3330430230178916        2.9275573770457632        49.717809336409744        52.315498165612993     
   398.02175899999997        286.25081544941429        3.1499039103916040E-003  -4.3264931103283146        2.9390199815083391        46.884177380255430        49.211430014955354     
   372.77890000000002        286.25562555875968        3.1546693582388714E-003  -4.3192876052960116        2.9502624424165251        43.902327641155189        45.970598794344191     
   347.55215500000003        286.26067301985103        3.1594803922438135E-003  -4.3113512542275254        2.9612479171398789        40.785744812926715        42.607544573267603     
   322.34393299999999        286.26598417768827        3.1643545732590573E-003  -4.3025895833483752        2.9719306033013124        37.549835032837215        39.138708990310285     
   297.15716600000002        286.27159186876059        3.1693142305510638E-003  -4.2928817740070517        2.9822519470254258        34.212377414041505        35.582852887303602     
   271.99560500000001        286.27753762984776        3.1743882997661496E-003  -4.2820698635026471        2.9921349530278243        30.793889143305275        31.961391165408799     
   246.86404400000001        286.28387497983260        3.1796152203462406E-003  -4.2699417216647655        3.0014749130228195        27.318348606246779        28.299070270661574     
   221.76879900000000        286.29067448198435        3.1850477210323019E-003  -4.2562028433087882        3.0101237890338610        23.814017272969728        24.624734970114968     
   196.71839900000001        286.29803190967380        3.1907611895674770E-003  -4.2404268585711113        3.0178624243690724        20.314554898853565        20.972378219683463     
   171.72468599999999        286.30608208105849        3.1968693381078605E-003  -4.2219621601180082        3.0243467047843002        16.860597734701475        17.382650302492721     
   146.80502300000001        286.31502386960221        3.2035562985454130E-003  -4.1997390477572090        3.0289940852441237        13.501685889439786        13.904724998412712     
   121.98595400000001        286.32516876414212        3.2111502537095125E-003  -4.1718221860339622        3.0307135387414426        10.299262577902025        10.599283703615953     
   97.311340299999998        286.33704335825934        3.2203204149573962E-003  -4.1341976785363643        3.0271529095976235        7.3308643491527015        7.5427158286560454     
   72.861091599999995        286.35161932381908        3.2327285829694945E-003  -4.0767006540758182        3.0120914222089472        4.6963460842685478        4.8333140593797719     
   48.804748500000002        286.37069714509846        3.2539305368629234E-003  -3.9645608635904011        2.9631597463055175        2.5236264445717720        2.5967949031928512     
   25.613332700000001        286.38870590671542        3.3012008762638586E-003  -3.6820090674390022        2.7959248927542593        1.3024026565864824        1.3349146336345210     
   10.000000000000000        286.36428102756207        3.4487628458705209E-003  -2.7580527493599893        2.1681307300032531       0.41209416911117885       0.40170885933346262     
   1997.2254600000001        290.87734142711651        6.1244919915750358E-004  -5.3488234766695957      -0.85260542881066970        2.4261453633201990E-002   4.2077396439234546E-005
   1971.7959000000001        290.86093032534467        6.3260050377080587E-004  -5.3400454654804932      -0.85009797958291755        2.4261453633201990E-002   4.2077396439234546E-005
   1946.3670700000000        290.84118812802711        6.5577664733660257E-004  -5.3231993390947583      -0.84542463773850285        8.1559889545068681E-002   4.3710782428259471E-004
   1920.9388400000000        290.82112982371297        6.7507411713840391E-004  -5.3025462007340058      -0.83764469831763100       0.13071146689423532        1.1052954820230177E-003
   1895.5111099999999        290.79050232658255        6.9178399176707370E-004  -5.2780520447966248      -0.82518338163403893       0.16803326794837420        1.4396467757347366E-003
   1870.0839800000001        290.71962819518302        6.9855713148453055E-004  -5.2493458473013543      -0.80479242453099797       0.18746581347507077        1.1289911410417531E-003
   1844.6575900000000        290.64667899497323        6.9942220826489871E-004  -5.2234987963066049      -0.77571260670691955       0.23025520015064044        1.6453761871112345E-003
   1819.2318100000000        290.57281151702051        6.9950381476408820E-004  -5.2056489060080642      -0.73672078781495653       0.28355271206394711        2.4326242247015655E-003
   1793.8067599999999        290.45067811753052        6.9951007412202653E-004  -5.2011928050626510      -0.68534414346835226       0.32799183856456865        2.4472806312298644E-003
   1768.3824500000001        290.18789170189967        6.9951072380422226E-004  -5.2184049728544482      -0.62241868364894648       0.36929395091195544        2.0313239305882170E-003
   1742.9588600000000        289.92346056150404        6.9953676403529885E-004  -5.2587549973256147      -0.56153368505562429       0.47039770864688324        3.2243469236685014E-003
   1717.5362500000001        289.65930612737156        7.0038816891731311E-004  -5.3181450159768495      -0.50698874965522867       0.58465008189948187        4.8895411351353351E-003
   1692.1140100000000        289.42012000194410        7.1070565253989707E-004  -5.3912967449846692      -0.46044752963642538       0.72265878424128216        7.7255552275694002E-003
   1666.6927499999999        289.23625612727199        7.3454622657443021E-004  -5.4702239708029881      -0.42323447702195527       0.84781192547524209        1.1968871905654651E-002
   1641.2723400000000        289.05130754857714        7.6133168835277351E-004  -5.5630169273056005      -0.38969246851221601        1.0978051844036714        1.9731091072573637E-002
   1615.8527799999999        288.86236176089636        7.9563102251382749E-004  -5.6465858139065768      -0.36541031027881404       0.87408630468421911        1.1846410092481984E-002
   1590.4340800000000        288.66443390002985        8.5652193489009140E-004  -5.7731060292585523      -0.33555659511688757        1.8939869141191954        5.5376497620639238E-002
   1565.0162399999999        288.46993825714173        9.4354287102771947E-004  -5.8428824280533327      -0.32108879092569098       0.61413983653225290        5.3317587878327485E-003
   1539.5992400000000        288.15940929224911        1.1119569015570461E-003  -6.0258061884969969      -0.28720026012055533        3.2060797191931232       0.12203616691065412     
   1514.1834699999999        287.86557097657152        1.2956530442586195E-003  -6.0875009050921145      -0.27582563498230361       0.41258359849180576        1.7997971753102465E-003
   1488.7685500000000        287.13382708610914        1.8155619797184787E-003  -6.3297182852734339      -0.23001970986563186        3.8984172007489959       0.10887815276509136     
   1463.3546100000001        286.84738633243109        2.0538424380449061E-003  -6.3810026037744532      -0.21889594003197860       0.30811299632059147        9.5001210979400264E-004
   1437.9417699999999        286.63501030196119        2.2603718975596388E-003  -6.6401069694601107      -0.15489604829734549        8.1521587778789080       0.92174993668878136     
   1412.5300299999999        286.55996624604290        2.3455910205671749E-003  -6.6747186304081545      -0.14427192550087381       0.29649675010712273        1.6629302241200463E-003
   1387.1193800000001        286.42045159730293        2.5371497473154797E-003  -6.9218019698698452       -5.7530684407097653E-002   9.8173653050620739        1.5950910533304377     
   1361.7099599999999        286.34169279546728        2.6761331207192473E-003  -6.9645801341411451       -3.8891398469893965E-002  0.49724614182960819        4.4158549433181123E-003
   1336.3018800000000        286.25162016042492        2.9014888015109360E-003  -7.0950491367121424        2.5292736913887295E-002   4.1787674396498646       0.32599073508294918     
   1310.8949000000000        286.23552897106396        2.9655898826032819E-003  -7.1703905994729933        7.0027323200903074E-002   3.4706551309538480       0.54118306127164229     
   1285.4893800000000        286.23034590466881        2.9916836886998673E-003  -7.2223767470500855       0.10543415346020180        3.0785799227412176       0.74162022413387463     
   1260.0852100000000        286.22764078280409        3.0080596689997527E-003  -7.2767611739242088       0.14677826175212605        4.6711885769657613        2.2339530321355832     
   1234.6824999999999        286.22636732636840        3.0174066053428577E-003  -7.3222596908084592       0.18527813824741718        4.9510270575519364        3.3354319869179307     
   1209.2811300000001        286.22559414343573        3.0243154198992170E-003  -7.3651013365590705       0.22521087863230332        5.8201722746911715        5.1840761596238227     
   1183.8813500000001        286.22513996498100        3.0293445368545320E-003  -7.4029794343061477       0.26392866651380703        6.1955208194230318        6.6429424583919374     
   1158.4832799999999        286.22485178903491        3.0334074833478918E-003  -7.4380309489638829       0.30298180610260239        6.8734381424234794        8.6091472297074194     
   1133.0869100000000        286.22467530424547        3.0367273183227808E-003  -7.4698963288615960       0.34155703648453228        7.4158440307842888        10.471576993491050     
   1107.6922600000000        286.22457232967855        3.0395288976105008E-003  -7.4990051456047766       0.37972466337798805        8.0292461496282233        12.518782572025129     
   1082.3005400000000        286.22452067330670        3.0419287003881079E-003  -7.5254484244001949       0.41719292559316107        8.6546155342616231        14.642712037745561     
   1056.9097899999999        286.22450533479093        3.0440148048217651E-003  -7.5493930415994921       0.45378126065360702        9.3594540068923937        16.953249429397850     
   1031.5210000000000        286.22451670817173        3.0459568964819532E-003  -7.5709608900255470       0.48925479673542988        10.145510715387150        18.871217617836407     
   1006.1343400000000        286.22455042420307        3.0478117647842976E-003  -7.5906267993690326       0.52398457128883724        10.907771589595304        19.950123847273055     
   980.75000000000000        286.22460340867548        3.0495964235570162E-003  -7.6086997860168459       0.55817905824711600        11.613783363145929        20.867409434619102     
   955.36804199999995        286.22467323352197        3.0513223801204286E-003  -7.6254135822464910       0.59199316451067441        12.267996988265537        21.664945293134998     
   929.98846400000002        286.22475791547794        3.0529982798439032E-003  -7.6409504145753910       0.62554854043580932        12.869885921664999        22.357782790116225     
   904.61157200000002        286.22485579663061        3.0546309789530510E-003  -7.6554542857417358       0.65894284064324360        13.418145102985362        22.953060393647846     
   879.23742700000003        286.22496546298203        3.0562260813479093E-003  -7.6690397679373588       0.69225516643644902        13.911705795981472        23.455008374932454     
   853.86627199999998        286.22508568709378        3.0577882793046008E-003  -7.6817984032109106       0.72555014143475438        14.349648331030146        23.866171681459850     
   828.49829099999999        286.22521538548426        3.0593215793278008E-003  -7.6938035482680052       0.75888126239068754        14.731194987276295        24.188183744802252     
   803.13348399999995        286.22535358440393        3.0608294443543833E-003  -7.7051137815927877       0.79229311975650685        15.055763389090421        24.422326253633944     
   777.77227800000003        286.22549939489670        3.0623149274570873E-003  -7.7157756931617376       0.82582369361983909        15.322576913797525        24.569121243977335     
   752.41485599999999        286.22565199128394        3.0637807615950742E-003  -7.7258258913587365       0.85950620542036660        15.530881768525102        24.628933445624657     
   727.06133999999997        286.22581059202116        3.0652294244647655E-003  -7.7352924050440057       0.89337042203970940        15.679914942299046        24.602026781959662     
   701.71209699999997        286.22597444284406        3.0666631972523588E-003  -7.7441956552640603       0.92744389373713487        15.768740697237693        24.488359500726972     
   676.36755400000004        286.22614280174889        3.0680842234437396E-003  -7.7525492339909530       0.96175332770730870        15.796283405794986        24.287704420828650     
   651.02789299999995        286.22631492104415        3.0694945374974891E-003  -7.7603601159661988       0.99632549102635748        15.761544176975695        24.000062570297040     
   625.69360400000005        286.22649003002937        3.0708961071922772E-003  -7.7676287088638345        1.0311882751707100        15.663340200258455        23.625225731222873     
   600.36511199999995        286.22666731404269        3.0722908643068879E-003  -7.7743485500381766        1.0663718566958353        15.500480315873258        23.163110299383977     
   575.04284700000005        286.22684588924517        3.0736807327841308E-003  -7.7805055933308713        1.1019097210519646        15.271793031717467        22.613798406264003     
   549.72741699999995        286.22702477163131        3.0750676598286686E-003  -7.7860771047523230        1.1378402207658638        14.976069374258161        21.977470605583800     
   524.41943400000002        286.22720283677648        3.0764536457332540E-003  -7.7910299640387919        1.1742081956661199        14.612157881845670        21.254557906494487     
   499.11962899999997        286.22737876634346        3.0778407747501400E-003  -7.7953181817881578        1.2110671996337121        14.178975936980619        20.445776865871910     
   473.82891799999999        286.22755097642346        3.0792312579706041E-003  -7.7988792833522282        1.2484826202154538        13.675478934672480        19.552087726010363     
   448.54824800000000        286.22771751692642        3.0806274804620727E-003  -7.8016290706424245        1.2865359548980395        13.100748524660748        18.574847644268395     
   423.27871699999997        286.22787592744595        3.0820320599421443E-003  -7.8034537293070798        1.3253309746941471        12.453970391339663        17.515787295548545     
   398.02175899999997        286.22802302769225        3.0834479489578355E-003  -7.8041979541847972        1.3650035398348515        11.734279631899851        16.376786735155079     
   372.77890000000002        286.22815459826944        3.0848785879664881E-003  -7.8036460783700461        1.4057373056231086        10.940715012009420        15.159815120310309     
   347.55215500000003        286.22826488129704        3.0863282340051466E-003  -7.8014909714912468        1.4477916205123385        10.071477904989925        13.865780615716435     
   322.34393299999999        286.22834575378295        3.0878027545056296E-003  -7.7972790465026476        1.4915569871092544        9.1219431003459945        12.491362204343480     
   297.15716600000002        286.22838523968824        3.0893121824215166E-003  -7.7903009685421480        1.5376891429294026        8.0745589136178335        11.012587736516190     
   271.99560500000001        286.22836415503093        3.0908854327710107E-003  -7.7792952290001498        1.5876463460109980        6.7908652029806671        8.8552322358715561     
   246.86404400000001        286.22823328066653        3.0927671555330250E-003  -7.7621011112823561        1.6432773611404843        5.7686403144749727        6.4490501974230119     
   221.76879900000000        286.22787289889737        3.0951421086992722E-003  -7.7360575292352118        1.7043879400329058        4.8835243381856470        4.5040740806262152     
   196.71839900000001        286.22700165914790        3.0982929137408207E-003  -7.6968734015327431        1.7713172193276692        4.1479389715975268        3.0294196203189441     
   171.72468599999999        286.22496485472078        3.1026025863616085E-003  -7.6393398659352663        1.8423798933994850        3.4285842602824617        1.8830462423711010     
   146.80502300000001        286.21989999284307        3.1089437634638103E-003  -7.5536889361930060        1.9171940387929085        2.8692535403121640        1.1425268301350120     
   121.98595400000001        286.20645652268854        3.1186810287118843E-003  -7.4270361486413776        1.9919497739267340        2.3374022526040794       0.64736020316244736     
   97.311340299999998        286.16609883273861        3.1345911665070598E-003  -7.2352532291250942        2.0615171265019074        1.8613344560991287       0.34954968354943977     
   72.861091599999995        286.01887441868280        3.1623176601919844E-003  -6.9295329004886970        2.1149168377095875        1.3838267274534621       0.17010679320800223     
   48.804748500000002        285.29337625351940        3.2091017545163095E-003  -6.3803661857027469        2.1222313173049669       0.89856678311928584        7.2000146334100776E-002
   25.613332700000001        282.47623611964201        3.2079977436698767E-003  -5.4713056966891811        2.0014334958741404       0.57686646566664779        4.7441430658795400E-002
   10.000000000000000        279.54918973079896        3.1566737475154935E-003  -3.7138491507594025        1.5475062197513156       0.29663089472902610       0.10407124601624516     
   1997.2254600000001        290.87708932718817        6.1275844501328699E-004  -5.4983579510922347       -3.6245071289737232       0.13900634410791629        1.4630844687214160E-003
   1971.7959000000001        290.86044202280351        6.3316206230605760E-004  -5.5153855950231101       -3.6100624113226019       0.13900634410791629        1.4630844687214160E-003
   1946.3670700000000        290.84047334448223        6.5630695632525689E-004  -5.5429637179048417       -3.5874431575198082       0.32316122332146047        7.3371658340390788E-003
   1920.9388400000000        290.82000895016085        6.7510783006956732E-004  -5.5771088284391812       -3.5631228256515151       0.44601868790010130        1.3704022482234134E-002
   1895.5111099999999        290.78863684904331        6.9093659984929790E-004  -5.6200786191036833       -3.5382339835692243       0.52016224566022662        1.4563671446563991E-002
   1870.0839800000001        290.71746421153784        6.9822050104796174E-004  -5.6759187331757053       -3.5136446449732435       0.54347385116916336        1.0008787997474134E-002
   1844.6575900000000        290.64379022719748        6.9934886963205162E-004  -5.7384796961929032       -3.4944948181079654       0.62692562579396194        1.2818620006235669E-002
   1819.2318100000000        290.56815619614423        6.9949141643329486E-004  -5.8067299283287115       -3.4817767400832040       0.71137351266721782        1.5939824606878681E-002
   1793.8067599999999        290.44353239545865        6.9950926869926028E-004  -5.8852632308863120       -3.4753411146791056       0.73875785606011790        1.2832161494788828E-002
   1768.3824500000001        290.18106685650275        6.9952325678908855E-004  -5.9777184534691763       -3.4761114063512402       0.72863602927619997        8.1701353718871082E-003
   1742.9588600000000        289.91556783156176        6.9975959832755980E-004  -6.0736996056375903       -3.4841772625163214       0.80379313017123644        9.6480620174830643E-003
   1717.5362500000001        289.65125859188521        7.0228302288126150E-004  -6.1714508676114521       -3.4984776364108403       0.86673426666703868        1.0964929226415765E-002
   1692.1140100000000        289.41234404927576        7.1496682778557667E-004  -6.2719112754280362       -3.5182364696611361       0.99736042748402276        1.4991774520279149E-002
   1666.6927499999999        289.22535309228056        7.3767919591576569E-004  -6.3640145991114112       -3.5398470534912203       0.98310846346926883        1.6091313786085078E-002
   1641.2723400000000        289.03165801980435        7.6929228311819879E-004  -6.4731116643216389       -3.5688337074308811        1.3915697111938314        3.1410450790709241E-002
   1615.8527799999999        288.82535048710355        8.1891909562994177E-004  -6.5565023514691125       -3.5925314847618992       0.83270750739557542        1.0234961153171365E-002
   1590.4340800000000        288.59435864661526        9.0588756875409251E-004  -6.6945816730797283       -3.6337921100151989        2.1492690426078975        6.6236289401146800E-002
   1565.0162399999999        288.36736109075616        1.0199892454762734E-003  -6.7636113460402472       -3.6543916657203499       0.58296141910088650        4.4187620757384343E-003
   1539.5992400000000        288.04074850903362        1.2172052034614802E-003  -6.9417387983654821       -3.7073277375258948        3.1271314411699240       0.11276408697302934     
   1514.1834699999999        287.72580706133363        1.4371210661567135E-003  -7.0049633467193981       -3.7249445419251903       0.43593088432400379        1.9418943730309380E-003
   1488.7685500000000        286.95548128514395        2.0538953217573001E-003  -7.2299844304986971       -3.7834621614533006        3.4048046452408576        8.0030012968299633E-002
   1463.3546100000001        286.80170115009116        2.1996828983154694E-003  -7.2759553026877892       -3.7934400299828979       0.33524639948207896        1.5566252063287384E-003
   1437.9417699999999        286.65390106672220        2.3590075651162470E-003  -7.5130397642902649       -3.8372804817650046        7.8725603612992963        1.0402604792341490     
   1412.5300299999999        286.60080728952329        2.4230401856236922E-003  -7.5469384971167859       -3.8413760894581563       0.31180009517742235        2.2081505642542075E-003
   1387.1193800000001        286.49268001472387        2.5673609464572844E-003  -7.7974839364936503       -3.8621481284152246        10.115944566353036        1.9373103188966059     
   1361.7099599999999        286.46395321015609        2.6096061007248347E-003  -7.8269574006234341       -3.8621867029746522       0.32767080985617225        3.1897887268351873E-003
   1336.3018800000000        286.38305999474090        2.7387214531326798E-003  -8.0808398075422332       -3.8508350311868802        12.119591761958484        3.0679325179850889     
   1310.8949000000000        286.36717688207415        2.7662944449369465E-003  -8.1070935052587849       -3.8470735706353318       0.36849991591818820        5.2519580932411771E-003
   1285.4893800000000        286.30738692915151        2.8769992481647438E-003  -8.3450277215565496       -3.8003685013390327        13.111074641995724        3.9593898564806045     
   1260.0852100000000        286.28918031710936        2.9132505862585058E-003  -8.3775524210302343       -3.7904787052593933       0.58240468078055363        1.1886967390638298E-002
   1234.6824999999999        286.24300603542218        3.0105748914167588E-003  -8.5090397531613444       -3.7432135458737341        5.6149896188112178       0.76925837836408095     
   1209.2811300000001        286.23617585664971        3.0265770825303479E-003  -8.5737687484603526       -3.7130678737378360        3.6897275020897515       0.85937635639438914     
   1183.8813500000001        286.23350059718069        3.0333417472152729E-003  -8.6269779386151697       -3.6839618396820435        4.0522504530449224        1.5953935759024411     
   1158.4832799999999        286.23188683308729        3.0377318158758960E-003  -8.6796644829611065       -3.6514503964930292        5.1591094394247436        3.0679781656584351     
   1133.0869100000000        286.23085443786397        3.0407507595925391E-003  -8.7284582099978021       -3.6180645276307244        5.6875220882509598        4.2585618766535269     
   1107.6922600000000        286.23009823962860        3.0431181011547374E-003  -8.7753677146765039       -3.5830051401504597        6.3331724188685516        5.5978366438544320     
   1082.3005400000000        286.22952015422203        3.0450464455250253E-003  -8.8199946939680931       -3.5469348466499824        6.7997821200713346        6.7290275287564603     
   1056.9097899999999        286.22905102288854        3.0467049257371006E-003  -8.8630996268779434       -3.5095611430118132        7.3124879751746787        7.8884438795470739     
   1031.5210000000000        286.22865912836971        3.0481650227396290E-003  -8.9046857609937540       -3.4711028618173927        7.7542963649116956        8.9157981990934072     
   1006.1343400000000        286.22832163597428        3.0494824332409610E-003  -8.9449940475145748       -3.4315209327272456        8.1874219524040939        9.8876854621972328     
   980.75000000000000        286.22802483729106        3.0506888521930732E-003  -8.9840714738620822       -3.3909075261644590        8.5779824641410833        10.751880306726934     
   955.36804199999995        286.22775847565089        3.0518090259665470E-003  -9.0220183459400456       -3.3492696738522918        8.9455819885203880        11.535327144736456     
   929.98846400000002        286.22751520537230        3.0528603526937745E-003  -9.0588948040294301       -3.3066248260799340        9.2855985627404518        12.230772238840069     
   904.61157200000002        286.22728980176373        3.0538542781902585E-003  -9.0946960144594442       -3.2630413233039586        9.5820075855397686        12.813169136245536     
   879.23742700000003        286.22707721966589        3.0548036238115632E-003  -9.1295325059688217       -3.2184293285323533        9.8741010201806549        13.345001849758916     
   853.86627199999998        286.22687449809638        3.0557133923434007E-003  -9.1633303579147789       -3.1729051727747803        10.104524513619324        13.736769457831620     
   828.49829099999999        286.22667798231765        3.0565925462639493E-003  -9.1961725946723014       -3.1263680012621049        10.327967781949145        14.076134226049721     
   803.13348399999995        286.22648508635831        3.0574457188282875E-003  -9.2280322123850844       -3.0788420464603781        10.508456516926429        14.307540984231762     
   777.77227800000003        286.22629322023221        3.0582776752842806E-003  -9.2589019442489633       -3.0303085350647239        10.654264632451214        14.445674138542460     
   752.41485599999999        286.22609973211604        3.0590932271123360E-003  -9.2887842526024063       -2.9807123835298479        10.771582792146873        14.501903310548458     
   727.06133999999997        286.22590209393172        3.0598961406145143E-003  -9.3176515049638660       -2.9300223979712676        10.850931375478515        14.463284917178893     
   701.71209699999997        286.22569757384940        3.0606902333249432E-003  -9.3454749770989149       -2.8781846230970665        10.894735474480456        14.335767633729203     
   676.36755400000004        286.22548317782315        3.0614792482364693E-003  -9.3722156153780016       -2.8251332658668766        10.902174539565713        14.120486824618192     
   651.02789299999995        286.22525551872104        3.0622669534258232E-003  -9.3978217374523041       -2.7707902071949992        10.872606610034119        13.819216201105069     
   625.69360400000005        286.22501062022963        3.0630573548614563E-003  -9.4222293452993853       -2.7150577822962227        10.806653317924939        13.435993196145715     
   600.36511199999995        286.22474385456201        3.0638543414480742E-003  -9.4453467053716871       -2.6578450949078940        10.698658806763762        12.966256797974484     
   575.04284700000005        286.22444946485928        3.0646624670797192E-003  -9.4670674604751301       -2.5990292284163257        10.551849229297972        12.419059155920282     
   549.72741699999995        286.22411988736752        3.0654877583503716E-003  -9.4872768585951448       -2.5384136431857076        10.377156314667857        11.814171894020326     
   524.41943400000002        286.22374635073425        3.0663350020821421E-003  -9.5057842440492042       -2.4758995301114268        10.149640446066037        11.123193310088542     
   499.11962899999997        286.22331725400562        3.0672104509835482E-003  -9.5223717201390077       -2.4113386679511337        9.8762224343628553        10.363324358719501     
   473.82891799999999        286.22281381820983        3.0681278651886537E-003  -9.5368533575619114       -2.3441947561695207        9.6212749458397511        9.6221162269274707     
   448.54824800000000        286.22222061838949        3.0690866539357922E-003  -9.5487669152103543       -2.2748483535814641        9.2212465118674434        8.7082280332181927     
   423.27871699999997        286.22149793986927        3.0701150314272085E-003  -9.5578489152572814       -2.2021304889832889        8.9267483544321973        7.9287180039897365     
   398.02175899999997        286.22061392356710        3.0712140931305888E-003  -9.5634586424661414       -2.1265668211391162        8.4688286951706822        6.9869901204270830     
   372.77890000000002        286.21949801269409        3.0724162225882457E-003  -9.5649851308674627       -2.0471684434607109        8.0655354383553330        6.1352337822461962     
   347.55215500000003        286.21805934926283        3.0737468286814056E-003  -9.5615523857251805       -1.9636503539055832        7.6118397965001154        5.2734492953768202     
   322.34393299999999        286.21615893861434        3.0752406247908540E-003  -9.5520689511803241       -1.8756672443262550        7.1173424080856948        4.4288609234132004     
   297.15716600000002        286.21356013098182        3.0769563915956197E-003  -9.5350615469394384       -1.7823298214021714        6.6341412287161434        3.6586308576631037     
   271.99560500000001        286.20989672941926        3.0789600398823821E-003  -9.5086942566781012       -1.6832623289012845        6.1098312804849844        2.9331169838235343     
   246.86404400000001        286.20449658173681        3.0813662342161750E-003  -9.4703201070957306       -1.5772537607551851        5.6075512864191079        2.3061599559223223     
   221.76879900000000        286.19625558661153        3.0842982610716986E-003  -9.4169154701324729       -1.4642967342115658        5.0407553727729493        1.7335848731001819     
   196.71839900000001        286.18277173764352        3.0880277979268545E-003  -9.3428795293119560       -1.3415947338558114        4.5633323709311506        1.2972978051828092     
   171.72468599999999        286.15984212276834        3.0927988313697997E-003  -9.2432034634402029       -1.2104231709139521        3.9494126965810437       0.89317251988559165     
   146.80502300000001        286.11647828820202        3.0992691196378933E-003  -9.1046071750306616       -1.0650755098488223        3.4767047012209478       0.62451352659501758     
   121.98595400000001        286.02756275513735        3.1081803960634887E-003  -8.9140805978819948      -0.90639293867019743        2.8452019947607270       0.38257473710849865     
   97.311340299999998        285.81193236642099        3.1212811892946317E-003  -8.6354722566374900      -0.72472726381578179        2.2989902164064269       0.22886182323575149     
   72.861091599999995        285.16513149128889        3.1413956803464059E-003  -8.2049416558516963      -0.51135409880922233        1.6708700531923397       0.11521802847991568     
   48.804748500000002        282.63782627576228        3.1719717217347462E-003  -7.4477852182726041      -0.24282744862461020        1.0685856644644030        5.2804368758759504E-002
   25.613332700000001        277.86672786198358        3.1978517924428438E-003  -6.3043357414629098        8.3300053727916323E-003  0.72103179895353320        5.6447405581550772E-002
   10.000000000000000        276.33482364080726        3.2118607501321161E-003  -4.3753367174122957       0.20181228517578262       0.40913027991504836       0.22244373090275943     
   1997.2254600000001        290.87514029268362        6.1512304964823970E-004  -4.3115637604084354       -4.6796860006139367       0.19388027420813414        2.7734976278069460E-003
   1971.7959000000001        290.85704066058565        6.3681510568309335E-004  -4.3371334369127785       -4.6885331655349640       0.19388027420813414        2.7734976278069460E-003
   1946.3670700000000        290.83669255021715        6.5820049350840922E-004  -4.3768609581340270       -4.7049398501632478       0.45759995108579898        1.4919159707463532E-002
   1920.9388400000000        290.81537288773899        6.7412649808676101E-004  -4.4225145234486067       -4.7261988283943692       0.62039831867237805        2.6574292221655270E-002
   1895.5111099999999        290.78252185013196        6.8746293335950255E-004  -4.4748895121753325       -4.7534816848678698       0.70858073778222719        2.6959923100811849E-002
   1870.0839800000001        290.71262370195967        6.9655768615424214E-004  -4.5361494391971098       -4.7889870935057042       0.72909600306523958        1.8540557298948088E-002
   1844.6575900000000        290.63885807284191        6.9890099115172007E-004  -4.5992398981389462       -4.8292609235160056       0.81079354770971346        2.1797743984492562E-002
   1819.2318100000000        290.56093335690468        6.9939406767770751E-004  -4.6634067907176124       -4.8740917941227586       0.88286338121403474        2.4520582673252782E-002
   1793.8067599999999        290.43385228016336        6.9950309133980342E-004  -4.7327076231780660       -4.9268183284981033       0.88722551850438802        1.8530404634177992E-002
   1768.3824500000001        290.17504464608675        6.9961465334874857E-004  -4.8096772468285520       -4.9900527465653024       0.84729100515629929        1.1222528147859390E-002
   1742.9588600000000        289.90957387441227        7.0044424363098533E-004  -4.8869659128975558       -5.0576517049501986       0.90967464747311388        1.2443891365340297E-002
   1717.5362500000001        289.64599198285555        7.0505191608526510E-004  -4.9623899994791003       -5.1269783001651561       0.93096972739688921        1.2720094365172838E-002
   1692.1140100000000        289.40684506527390        7.1961628339430451E-004  -5.0399768389466058       -5.2010855429239706        1.0910797840256703        1.8029189178028138E-002
   1666.6927499999999        289.21392198297718        7.4342694344393370E-004  -5.1074498882786523       -5.2671025004265273       0.96487029118796241        1.5227790850876969E-002
   1641.2723400000000        289.00911032738770        7.8262799089628575E-004  -5.1911516811488587       -5.3504938082667488        1.4803497696174892        3.4645757261741170E-002
   1615.8527799999999        288.78625116298912        8.4780249156347258E-004  -5.2520003357430012       -5.4111887106959360       0.78974628900843058        8.8129992623097522E-003
   1590.4340800000000        288.53565957406465        9.5417541635977601E-004  -5.3550042869067500       -5.5135709725084308        2.1020361896401054        6.0551820851744272E-002
   1565.0162399999999        288.29232139420560        1.0868436993004716E-003  -5.4078879050866506       -5.5647853800586562       0.58836499828918343        4.3416874858969376E-003
   1539.5992400000000        287.96517671329894        1.2995720999118287E-003  -5.5365131060494486       -5.6859963248537433        2.8405679466771900        9.2299369638536660E-002
   1514.1834699999999        287.63074863215178        1.5508940935787510E-003  -5.5881186705359065       -5.7320184302905570       0.46905016037417196        2.1850466203774139E-003
   1488.7685500000000        286.84637213678735        2.2218995393726662E-003  -5.7545633309051567       -5.8721606681159235        2.9732402813349168        5.9892618158045884E-002
   1463.3546100000001        286.75980911155142        2.3070650221943250E-003  -5.7886739835450074       -5.8979681467172194       0.36613045488951562        2.5137902413610810E-003
   1437.9417699999999        286.65077554652379        2.4252963402107671E-003  -5.9698232829029889       -6.0247411170962915        7.6224653051127307        1.1433909235129465     
   1412.5300299999999        286.60962061606909        2.4736001982424258E-003  -5.9981388860549636       -6.0417383310306585       0.32964219876106904        2.8279801679405208E-003
   1387.1193800000001        286.52065038033447        2.5852837821175975E-003  -6.2043970456707900       -6.1542144509747594        9.6833792256912563        1.9607565668425435     
   1361.7099599999999        286.49639546761910        2.6176899894682199E-003  -6.2306977192280035       -6.1657449171092100       0.33734474477855786        3.7018722733062562E-003
   1336.3018800000000        286.42532917192256        2.7177698960330530E-003  -6.4583784047302473       -6.2531945179603072        11.850930850979410        3.1305757054156347     
   1310.8949000000000        286.41164445035844        2.7380813279916450E-003  -6.4828310224034249       -6.2598639336616397       0.36184399871956413        5.4743134223100790E-003
   1285.4893800000000        286.35610283548715        2.8240767885632681E-003  -6.7273461744577929       -6.3138387844363395        14.282567889056761        4.8590982495366690     
   1260.0852100000000        286.34863435686259        2.8361724417150114E-003  -6.7499014521649805       -6.3162223094206942       0.40341980526734150        8.9523313568308695E-003
   1234.6824999999999        286.30627537336824        2.9070961934391949E-003  -7.0038843577036198       -6.3305954952451238        16.979782492534135        7.3487777959148115     
   1209.2811300000001        286.30218921638556        2.9142001062116328E-003  -7.0247933456669305       -6.3292901293769832       0.47510079153609580        1.6441172201982841E-002
   1183.8813500000001        286.27112872793697        2.9695122447845595E-003  -7.2660133293638696       -6.3033770901822734        18.266843501936432        9.2571832481007768     
   1158.4832799999999        286.26719772665655        2.9767232728522626E-003  -7.2916403474307057       -6.2976918231484387       0.76966565437155632        4.3374321381300485E-002
   1133.0869100000000        286.24381462401817        3.0202567118645801E-003  -7.4298770537175223       -6.2611430076312979        8.3408124755098640        2.2075817346747053     
   1107.6922600000000        286.23783778960433        3.0315468954318549E-003  -7.4960504793758727       -6.2373834894017950        4.0874964210960654        1.0241195457012793     
   1082.3005400000000        286.23486727887183        3.0371553085734816E-003  -7.5547794650740698       -6.2122503688296744        4.5982932548407964        1.7725511592367234     
   1056.9097899999999        286.23286318862040        3.0409158701510922E-003  -7.6140752404549437       -6.1833260346442671        5.7227134623520417        3.1257434332719121     
   1031.5210000000000        286.23144315840364        3.0435501760278888E-003  -7.6705612107094829       -6.1525479921295494        6.2975317419648107        4.1917970158553439     
   1006.1343400000000        286.23032422954560        3.0455917649870063E-003  -7.7254678227978522       -6.1196767576120337        6.8841361081885015        5.2593609329129141     
   980.75000000000000        286.22939922808052        3.0472435552282087E-003  -7.7785819821268616       -6.0851386479766756        7.3236867047747136        6.1399277505436993     
   955.36804199999995        286.22859391098768        3.0486442924695083E-003  -7.8304449433689634       -6.0488302882679328        7.7610648611729625        6.9650767369744493     
   929.98846400000002        286.22786393983642        3.0498752669560576E-003  -7.8814701441612804       -6.0106178683751157        8.2052739262641232        7.7470819330637521     
   904.61157200000002        286.22719481843887        3.0509643535724896E-003  -7.9311363653423443       -5.9710044250129419        8.4851478261040310        8.2743758764805992     
   879.23742700000003        286.22655204124760        3.0519697282730377E-003  -7.9804688479703563       -5.9292582233165785        8.9267935989824618        8.9504860599477833     
   853.86627199999998        286.22593970332110        3.0528862648870315E-003  -8.0284587769133875       -5.8862550541122376        9.1022654841749855        9.2382122158665361     
   828.49829099999999        286.22533249545398        3.0537524806341161E-003  -8.0760269888259693       -5.8412105874758735        9.4455403696392910        9.6917311238022528     
   803.13348399999995        286.22473033858637        3.0545679786465395E-003  -8.1226317005563260       -5.7946053961332806        9.6237586376873505        9.8869224880178663     
   777.77227800000003        286.22412196991303        3.0553472283038809E-003  -8.1684677274333559       -5.7462240051504683        9.8143340138299262        10.054978459393165     
   752.41485599999999        286.22349916050007        3.0560989859018273E-003  -8.2135523119185052       -5.6959864169254644        9.9782983838217074        10.148571923770358     
   727.06133999999997        286.22285601711070        3.0568279672620814E-003  -8.2577593041390926       -5.6439479108585076        10.079754337701187        10.125421717445443     
   701.71209699999997        286.22218322082227        3.0575416357462464E-003  -8.3011245593978344       -5.5899602438193492        10.164622751781105        10.047523454345512     
   676.36755400000004        286.22147214133264        3.0582451689626566E-003  -8.3435911303437411       -5.5339521413229127        10.210277353883439        9.8900323433813586     
   651.02789299999995        286.22071375679809        3.0589427384950904E-003  -8.3850589614803717       -5.4758826841456552        10.206827810949589        9.6455554405419743     
   625.69360400000005        286.21989533193073        3.0596403164096213E-003  -8.4255070158902488       -5.4155698660839553        10.180935274664938        9.3508290747240324     
   600.36511199999995        286.21900180751368        3.0603437264628626E-003  -8.4648858452029287       -5.3528185391479104        10.129108876245706        9.0055120126196488     
   575.04284700000005        286.21802220318028        3.0610536611789764E-003  -8.5028961586884471       -5.2877896212011040        9.9780094300947830        8.5333999368595705     
   549.72741699999995        286.21692901469174        3.0617804998925311E-003  -8.5396189579967299       -5.2199640442327455        9.8539633202612436        8.0813905091514275     
   524.41943400000002        286.21568148696332        3.0625386534800080E-003  -8.5751908694662813       -5.1485385452716796        9.7887338467745924        7.6797817532990571     
   499.11962899999997        286.21431956595433        3.0632926370428070E-003  -8.6079232169754007       -5.0764052334951382        9.1762097742734863        6.7362880502625826     
   473.82891799999999        286.21261107949317        3.0641501230849666E-003  -8.6408323978607466       -4.9959953709685001        9.6495125713272589        6.8354088864200619     
   448.54824800000000        286.21082231768651        3.0649611176194842E-003  -8.6688581348497067       -4.9187434059658290        8.3754384701850135        5.3492989842452454     
   423.27871699999997        286.20841860608567        3.0659399445786481E-003  -8.6970314859384192       -4.8295592577323267        9.0559370246151207        5.5799092444211809     
   398.02175899999997        286.20578445856449        3.0668982041192239E-003  -8.7201691240637551       -4.7426904231284546        7.8461690904007737        4.2833464068363183     
   372.77890000000002        286.20232091508910        3.0680168197506161E-003  -8.7409333580735424       -4.6462793884745839        7.9211918856339052        4.0189128665083063     
   347.55215500000003        286.19802615785670        3.0692377791958548E-003  -8.7571796515380154       -4.5455829141550605        7.3189452216445909        3.3037235039930479     
   322.34393299999999        286.19252850440233        3.0706020304609094E-003  -8.7682471401338766       -4.4394909050837610        6.7436787777875908        2.6737878627730400     
   297.15716600000002        286.18488871296330        3.0722356772244952E-003  -8.7733055891288618       -4.3224578651081904        6.4839156750532307        2.2713150826752280     
   271.99560500000001        286.17494366255113        3.0740446263296684E-003  -8.7706040590408119       -4.2032716779679999        5.5140194498127792        1.5839928357750157     
   246.86404400000001        286.15843575918012        3.0765351359382069E-003  -8.7568750799605315       -4.0596560218232804        5.6972115198202635        1.4483406368344303     
   221.76879900000000        286.13807613935609        3.0790579984299724E-003  -8.7349647222787947       -3.9344412694827673        3.6812262828109037       0.61357247490591582     
   196.71839900000001        286.08037331826802        3.0844079665242586E-003  -8.6709596991430935       -3.7000503166498162        6.6492791976249013        1.3576448472250324     
   171.72468599999999        286.04077456268851        3.0873334897900447E-003  -8.6344052859023463       -3.6007476703908772        1.4215445335427133        8.4781882150402957E-002
   146.80502300000001        285.89290000658468        3.0953331426079177E-003  -8.4344353531815504       -3.2076773431320249        8.7194541445441569        2.1020195923285572     
   121.98595400000001        285.78011240521437        3.1000207148657549E-003  -8.3560939536654484       -3.0864362431770673       0.95352075983651929        3.5485874600532430E-002
   97.311340299999998        285.27945730703772        3.1148392308858346E-003  -8.0122008102376778       -2.6717745919357476        3.9106513329550991       0.43619960718467443     
   72.861091599999995        283.97785295212645        3.1394072007403999E-003  -7.6762861801720232       -2.3561714895321577        1.1447325969096973        3.6086412251235565E-002
   48.804748500000002        279.56698956608369        3.1989468123566366E-003  -6.9472589182238353       -1.8246055625112672        1.0401374620772641        3.6858583509859523E-002
   25.613332700000001        275.37806954228904        3.2617749244443547E-003  -5.9426396945482143       -1.2949311421042593       0.71679469653544292        5.9409352164366221E-002
   10.000000000000000        274.15129421401485        3.2859790078942400E-003  -4.1882542592295273      -0.66500194219328579       0.41019381037146463       0.23728573034460748     
   1997.2254600000001        290.87328834424869        6.1730511559310243E-004  -3.4167119018275445       -4.3780891806665814       0.14747527993065479        1.5177642917213192E-003
   1971.7959000000001        290.85373385235289        6.3992896470799383E-004  -3.4318128799985024       -4.3966603695725448       0.14747527993065479        1.5177642917213192E-003
   1946.3670700000000        290.83293531423459        6.5945772891329519E-004  -3.4529849238023864       -4.4281186562868742       0.35665750293854676        8.8027960079701886E-003
   1920.9388400000000        290.81075795874955        6.7339753996263022E-004  -3.4758299135297661       -4.4666033964702541       0.48715264116250379        1.5758066405981232E-002
   1895.5111099999999        290.77662111442601        6.8528429175489312E-004  -3.5004146550920576       -4.5132739353383826       0.56175414007970026        1.6322738668335356E-002
   1870.0839800000001        290.70795015726009        6.9494278486946818E-004  -3.5271806418768272       -4.5703521012496973       0.58834675168738282        1.2015269687929582E-002
   1844.6575900000000        290.63419775751896        6.9825747502880262E-004  -3.5532798478668361       -4.6321888685231150       0.65809942562752577        1.4161450941382357E-002
   1819.2318100000000        290.55434065865666        6.9919491581641228E-004  -3.5785088058516554       -4.6983194089186693       0.72003796231190087        1.5876668538571601E-002
   1793.8067599999999        290.42530363065379        6.9948493259153037E-004  -3.6042893819693287       -4.7729527287383915       0.72984765850230071        1.2285808337969923E-002
   1768.3824500000001        290.16996726960372        6.9979214889760212E-004  -3.6315222603261073       -4.8592272083648851       0.70764264740836147        7.8063098442431155E-003
   1742.9588600000000        289.90487687475940        7.0131742145155553E-004  -3.6579655300757303       -4.9487502154625833       0.75696376914027363        8.5355480837797267E-003
   1717.5362500000001        289.64175279623447        7.0757710275069026E-004  -3.6837304706224545       -5.0398651642017018       0.80005280745775575        9.3234663321599860E-003
   1692.1140100000000        289.40312857293634        7.2363815418121573E-004  -3.7094331349139145       -5.1326080818002513       0.88543817771962052        1.1741960710329413E-002
   1666.6927499999999        289.20507716361539        7.4965748044673788E-004  -3.7340656819189513       -5.2211597233096363       0.90538109374778075        1.3172911717212365E-002
   1641.2723400000000        288.99613617446136        7.9387889000439812E-004  -3.7615921834309414       -5.3180569082515436        1.0796563622279771        1.7867712612110846E-002
   1615.8527799999999        288.76213613627874        8.6874599385442235E-004  -3.7876948826653010       -5.4061452121934774       0.87836610909672697        1.0686532718807205E-002
   1590.4340800000000        288.50551546014810        9.8378662471681967E-004  -3.8224538701779247       -5.5166849657211507        1.3489982967355814        2.3905045900230428E-002
   1565.0162399999999        288.24613624040768        1.1315993201886556E-003  -3.8501046522433038       -5.5979228479697314       0.76918380599561054        7.2697285006548956E-003
   1539.5992400000000        287.92226625773941        1.3513421207691522E-003  -3.8981681821559420       -5.7270058187491752        1.7717561342512838        3.4946956261809062E-002
   1514.1834699999999        287.55628349719910        1.6381848132400586E-003  -3.9294906046881204       -5.8026304421445811       0.62482221801379434        3.7428766190424536E-003
   1488.7685500000000        286.76768505892028        2.3372293762060560E-003  -4.0055184894542020       -5.9660659154197022        2.0638623089067991        2.8135085806297224E-002
   1463.3546100000001        286.70534285125206        2.4002253636760508E-003  -4.0262234241477977       -6.0043917373774427       0.44297158756998878        4.4110306846722779E-003
   1437.9417699999999        286.63030022732534        2.4823739255795123E-003  -4.1220326263047831       -6.1629463764045616        6.4387252962908583       0.98432252795333863     
   1412.5300299999999        286.59717116291165        2.5208385815840080E-003  -4.1411009717746223       -6.1897799532107438       0.36278645997220044        3.8579260216823688E-003
   1387.1193800000001        286.52833111871661        2.6048470384446971E-003  -4.2674043499704402       -6.3505483963998923        8.3542972938596041        1.6581059849454243     
   1361.7099599999999        286.50649037312024        2.6327000690485295E-003  -4.2870979958753868       -6.3715400139540206       0.35589908437065249        4.3675847611237759E-003
   1336.3018800000000        286.44738090435055        2.7110205388287956E-003  -4.4438599868958653       -6.5227524084464799        10.409215475728361        2.6478272601255131     
   1310.8949000000000        286.43405661515249        2.7293320765460496E-003  -4.4638153625930288       -6.5384861415646931       0.36820658699380171        5.7556252938953728E-003
   1285.4893800000000        286.38473375401946        2.7992190204277558E-003  -4.6503600574086139       -6.6712956622169290        12.763223574658825        4.1249587615201166     
   1260.0852100000000        286.37690467975182        2.8106599791507406E-003  -4.6701493009788884       -6.6823393449680779       0.39419704888500695        8.3228391186173784E-003
   1234.6824999999999        286.33653882431378        2.8710789362835182E-003  -4.8834377609317556       -6.7890346348549144        15.442309204045323        6.2621662201574999     
   1209.2811300000001        286.33203657028758        2.8779913301877754E-003  -4.9026468719067839       -6.7959778865435077       0.43342796051091698        1.2903275724907364E-002
   1183.8813500000001        286.29970536368864        2.9284968559176038E-003  -5.1368220129541218       -6.8703637710923147        18.400942300550224        9.2224742665705204     
   1158.4832799999999        286.29712069075583        2.9326125284105460E-003  -5.1551982256157327       -6.8738233452822559       0.48909839057337889        2.1199669871198857E-002
   1133.0869100000000        286.27184120326496        2.9732595241755127E-003  -5.4002200563810012       -6.9117576980668014        21.237945998238583        12.777389431101112     
   1107.6922600000000        286.27020052057588        2.9759266475880273E-003  -5.4184096865191131       -6.9123483789297246       0.58920703130116814        3.7900395375259167E-002
   1082.3005400000000        286.25133167545096        3.0066063167027935E-003  -5.6409671788078244       -6.9137880138489285        20.312402709397610        12.749039379158086     
   1056.9097899999999        286.24875481525743        3.0107921298199451E-003  -5.6697369707750012       -6.9110736898016958        1.1863660257989908       0.12100130571304640     
   1031.5210000000000        286.23792706554769        3.0281994060456694E-003  -5.7705027020606101       -6.8982307377659167        6.5702232659338753        1.8363541445051481     
   1006.1343400000000        286.23394597426443        3.0344311095495996E-003  -5.8417162046355040       -6.8844788555888199        5.4024515975319565        1.9831902043705418     
   980.75000000000000        286.23155440210792        3.0380632798294870E-003  -5.9029336110434745       -6.8693541683553283        5.1954040526137844        2.2799377512902184     
   955.36804199999995        286.22972681190868        3.0407468683514901E-003  -5.9629369198037629       -6.8518275814615306        5.7260641810167767        3.0197059196121527     
   929.98846400000002        286.22812907432734        3.0430031826518844E-003  -6.0252781571767642       -6.8310980276172630        6.6270114202305859        4.0924348095795011     
   904.61157200000002        286.22690825628109        3.0446546266287840E-003  -6.0814392528091679       -6.8102182830453408        6.2997976745874338        4.0892753357901599     
   879.23742700000003        286.22566091455957        3.0462646938995597E-003  -6.1431308444478043       -6.7851854351644585        7.5523476705710291        5.4883478828134029     
   853.86627199999998        286.22467718983359        3.0474723762022272E-003  -6.1974093055446433       -6.7612404453370418        6.8078528352904710        4.9327275427804418     
   828.49829099999999        286.22363063575227        3.0486910320356429E-003  -6.2566047788751256       -6.7333215908660771        7.9223719560197488        6.1699563842455190     
   803.13348399999995        286.22270882676804        3.0497058074042552E-003  -6.3116016322779345       -6.7056191286720077        7.5148938263130791        5.8252013334534718     
   777.77227800000003        286.22177876953515        3.0506714570992981E-003  -6.3676699133384247       -6.6757114944240836        7.9343075071200611        6.2913614597656675     
   752.41485599999999        286.22086295562804        3.0515654748914768E-003  -6.4231687026900302       -6.6444498902914058        8.0323780965046527        6.3888035407339414     
   727.06133999999997        286.21995670107441        3.0523949334142313E-003  -6.4777660843748546       -6.6120679653214998        8.0254323518637918        6.3420751266474991     
   701.71209699999997        286.21903176539371        3.0531862217060522E-003  -6.5322826544278119       -6.5781130229719569        8.1237447100886442        6.3743159975375132     
   676.36755400000004        286.21808474545378        3.0539408501182811E-003  -6.5863703033595415       -6.5427829708089522        8.1178845458470068        6.2705611321428911     
   651.02789299999995        286.21710284029245        3.0546668318143272E-003  -6.6400777560905802       -6.5060276447819847        8.0795360015329170        6.1084000134435845     
   625.69360400000005        286.21609128294176        3.0553578269204742E-003  -6.6926729180190598       -6.4683199364471227        7.8664750685079321        5.7539858932929890     
   600.36511199999995        286.21498749231574        3.0560505107834674E-003  -6.7460386074511431       -6.4282635019370886        7.9590841043358251        5.6766853379067950     
   575.04284700000005        286.21378953484458        3.0567363898241586E-003  -6.7993352667182636       -6.3863290531094998        7.8516525104875292        5.3828511496664051     
   549.72741699999995        286.21269170541177        3.0573064380378105E-003  -6.8455332144756733       -6.3480557535448403        6.4741810931723451        3.9867657361806934     
   524.41943400000002        286.21068293880899        3.0582352828285001E-003  -6.9130294009698119       -6.2896430137199832        10.076088334595653        6.8825906723770824     
   499.11962899999997        286.20978793779773        3.0586035193753153E-003  -6.9449034135102572       -6.2600075919408331        3.8498340428478146        1.7189869963098423     
   473.82891799999999        286.20573020806540        3.0600301746573763E-003  -7.0383471030102402       -6.1697292951959604        14.144455871369745        9.6865184316099899     
   448.54824800000000        286.20475231391976        3.0603251767664808E-003  -7.0628765326602112       -6.1436638729962887        2.4916503868885767       0.74602622433127164     
   423.27871699999997        286.19806754553457        3.0619761133871466E-003  -7.1589273487704048       -6.0368794641906645        13.139462816484683        7.3056732685363279     
   398.02175899999997        286.19556352332154        3.0624795325912640E-003  -7.1865382728815419       -6.0026268241226521        2.2954655704830311       0.42270429911802448     
   372.77890000000002        286.18287332120866        3.0644863427987273E-003  -7.2740079088877110       -5.8842919665590241        9.8730205223077991        3.4968153339199826     
   347.55215500000003        286.14570189376377        3.0688141946374810E-003  -7.3407011346923854       -5.7812898820431302        4.4009330775805688       0.42764948037958161     
   322.34393299999999        286.13544539311624        3.0698146543140649E-003  -7.3597075720811445       -5.7477991255134819       0.82750524881477461        2.8307674168412695E-002
   297.15716600000002        286.07410038594992        3.0748037382521461E-003  -7.5317059517280880       -5.3856875360073984        25.429506449469070        11.701065378274953     
   271.99560500000001        286.06800814386685        3.0752340792959869E-003  -7.5407169199082613       -5.3613668534575103       0.41475232000562384        1.0405566309909907E-002
   246.86404400000001        285.97597368587668        3.0807108284876803E-003  -7.6683150772990887       -4.8900080157345265        25.128724792061067        11.041671528463981     
   221.76879900000000        285.96492982713215        3.0812806237068323E-003  -7.6736375306151130       -4.8580259628165097       0.38103524984599579        7.8972071570009433E-003
   196.71839900000001        285.83270376830046        3.0871092317162475E-003  -7.6975144108276528       -4.3089696485672970        20.296446469285598        7.8267544536336038     
   171.72468599999999        285.80997126455986        3.0879803918258944E-003  -7.6943012866200764       -4.2621573772177435       0.39390429511564468        7.9576198495027815E-003
   146.80502300000001        285.62559577869496        3.0940209286220021E-003  -7.5669318929277027       -3.6776677516842886        13.664698793072374        4.4667599915534746     
   121.98595400000001        285.56338140381933        3.0957698355308654E-003  -7.5373683495097312       -3.5950091312657295       0.48605213753336607        1.2054890726534925E-002
   97.311340299999998        285.23374616492822        3.1035749440959394E-003  -7.2535566355412158       -3.0690869172399546        5.5511829286227483        1.0848968464177517     
   72.861091599999995        283.51006648207039        3.1367756387283030E-003  -7.0151441823725040       -2.7565393391084534       0.74743127146312138        1.2802169527481725E-002
   48.804748500000002        277.35396604987886        3.2230655134631025E-003  -6.3527630965807553       -2.1196009564996063       0.92822438754188108        2.4251858293750064E-002
   25.613332700000001        273.30405621509703        3.2411267503089179E-003  -5.4759754834458629       -1.5405901439402505       0.62865870450092032        4.5999677250143450E-002
   10.000000000000000        272.28892160105806        3.2286766031830740E-003  -3.8991398473289793      -0.83938232294953830       0.38299540682928046       0.22427984854849117     
   1997.2254600000001        290.87248114399597        6.1823002434522733E-004  -3.0406042706119765       -3.4083648731887370        8.5070693579545387E-002   4.8396375143160554E-004
   1971.7959000000001        290.85227407874891        6.4116963400763602E-004  -3.0487732934580345       -3.4246194168877473        8.5070693579545387E-002   4.8396375143160554E-004
   1946.3670700000000        290.83120909279097        6.5993058977473716E-004  -3.0557883898505716       -3.4521717178655140       0.20372085850215682        2.7549602106866312E-003
   1920.9388400000000        290.80856177690220        6.7317779557405429E-004  -3.0602194064763499       -3.4854738091873219       0.27857840070580536        4.9084492861668286E-003
   1895.5111099999999        290.77375205315161        6.8456341407899799E-004  -3.0615542364562351       -3.5252599390997119       0.32441911350309305        5.1978576807976684E-003
   1870.0839800000001        290.70550637638593        6.9424929180665856E-004  -3.0591473352687490       -3.5729998590001175       0.34592427241062207        4.0381567839265498E-003
   1844.6575900000000        290.63162920685454        6.9791194852425638E-004  -3.0533199325348468       -3.6239962287099821       0.39211713427150263        4.8684045201630556E-003
   1819.2318100000000        290.55069522927460        6.9906430403635078E-004  -3.0442477339079965       -3.6779276133588166       0.43538442790417847        5.5896656564702468E-003
   1793.8067599999999        290.42050983885957        6.9947140962721584E-004  -3.0312443941508369       -3.7381582089726790       0.44990630204403742        4.5220201070702492E-003
   1768.3824500000001        290.16679269031636        6.9992379786623193E-004  -3.0137317260786443       -3.8072443411970882       0.44632188432122283        3.0463709735340399E-003
   1742.9588600000000        289.90184127109785        7.0186768358851143E-004  -2.9940938845230574       -3.8787076669271392       0.48346805405082410        3.4065870038992242E-003
   1717.5362500000001        289.63901586718038        7.0898776692269918E-004  -2.9732924932442049       -3.9519544739135002       0.52412314557262563        3.9194992454921543E-003
   1692.1140100000000        289.40085514853166        7.2592207580076285E-004  -2.9524040425422604       -4.0259405942893025       0.57326169809470662        4.8155688932392995E-003
   1666.6927499999999        289.20124112625598        7.5316740531648969E-004  -2.9323474489973256       -4.0998409541685925       0.63343780103759484        6.2963080156539300E-003
   1641.2723400000000        288.99199757091174        7.9917955720467738E-004  -2.9129412824951486       -4.1763028682386860       0.67247618375281071        6.7441079762225586E-003
   1615.8527799999999        288.75616338006824        8.7655590375678577E-004  -2.8944932117782551       -4.2567609662077226       0.71110972226980940        6.8973724787862126E-003
   1590.4340800000000        288.50016867849678        9.9251120509913512E-004  -2.8780514046651633       -4.3399950262548694       0.73914134997955383        6.9455801951625032E-003
   1565.0162399999999        288.23385706821756        1.1456306382082453E-003  -2.8640906633663148       -4.4278439064747381       0.81452147026463417        8.0632690763283443E-003
   1539.5992400000000        287.91031532698997        1.3676674440826432E-003  -2.8538287298552460       -4.5171699244315349       0.77701039208238132        6.4190948665365771E-003
   1514.1834699999999        287.51809217798564        1.6801283228053846E-003  -2.8471774767037319       -4.6206302214423518       0.95808762313905238        8.6572142113513269E-003
   1488.7685500000000        286.72460513957691        2.3965895777304934E-003  -2.8462103618997849       -4.7183768133458415       0.62485131786754322        2.4315237981257973E-003
   1463.3546100000001        286.64231797378920        2.4830126257391941E-003  -2.8535816994036409       -4.8295100739586383        2.3532006980890019       0.11990199531698180     
   1437.9417699999999        286.60553754589222        2.5247569992813677E-003  -2.8593259546117764       -4.8687490925134860       0.48395413095189926        6.7920733519699662E-003
   1412.5300299999999        286.55634962031365        2.5833599892326423E-003  -2.8864125622585721       -5.0072540765929991        4.7734672826565525       0.64620047962877214     
   1387.1193800000001        286.52995181684963        2.6159286415124950E-003  -2.8954301341312747       -5.0379879291302849       0.39152831632111046        4.9449590741686544E-003
   1361.7099599999999        286.48277084031957        2.6759811469002429E-003  -2.9469223468971251       -5.1927566182659843        6.6170433840496647        1.2201986774000269     
   1336.3018800000000        286.46483670921646        2.6994260404452214E-003  -2.9584465535403419       -5.2180131087821158       0.37207374525857534        5.1653016243504010E-003
   1310.8949000000000        286.42239414180619        2.7562770671130023E-003  -3.0372475854699039       -5.3794883170321963        8.5946715088012215        2.0738284742823083     
   1285.4893800000000        286.41087263164070        2.7720590914147667E-003  -3.0506104893237551       -5.4000788245667524       0.37653367749748434        6.3343553717618807E-003
   1260.0852100000000        286.37366979277044        2.8240168531832124E-003  -3.1579541104392321       -5.5603626836531470        10.728747125453808        3.2747192390208646     
   1234.6824999999999        286.36640488912946        2.8343555214384625E-003  -3.1726001664553065       -5.5768801949205891       0.39618554815415036        8.5194313021292219E-003
   1209.2811300000001        286.33447386712993        2.8804795157260166E-003  -3.3075297132418204       -5.7285410824180731        12.978822997548924        4.8743203555848851     
   1183.8813500000001        286.32990943643921        2.8871731784037872E-003  -3.3230031439148298       -5.7414795457625170       0.42909621448660756        1.2219292843216512E-002
   1158.4832799999999        286.30313558726851        2.9268453329586177E-003  -3.4821433229136800       -5.8776221319328297        15.239209792289387        6.8709874828404338     
   1133.0869100000000        286.30024662569213        2.9311727527826406E-003  -3.4981143539292159       -5.8874235515160995       0.47631795456174664        1.8423965045811563E-002
   1107.6922600000000        286.27840667732733        2.9640617841716153E-003  -3.6755208256643574       -6.0019493487345601        17.298422229096776        9.1297009733495162     
   1082.3005400000000        286.27653202847290        2.9669005867330547E-003  -3.6918524965257880       -6.0090256569921543       0.54274667038682001        2.9023407189930350E-002
   1056.9097899999999        286.25927473233173        2.9930186365889947E-003  -3.8781048592007381       -6.0966634927043444        18.660142054213043        11.122179239041907     
   1031.5210000000000        286.25792368648143        2.9950606210150644E-003  -3.8953704522315742       -6.1015413893851775       0.65672444791387585        4.9069647779189582E-002
   1006.1343400000000        286.24486775871554        3.0146374246875782E-003  -4.0680094706327745       -6.1561363878516877        17.081619363288066        10.223454883007030     
   980.75000000000000        286.24307876594366        3.0172893441677761E-003  -4.0923407834720171       -6.1603536916201787        1.0848987412641282       0.11428258571607218     
   955.36804199999995        286.23409094480604        3.0303872292021927E-003  -4.2002119399252376       -6.1793703251446335        8.4259692339410641        3.0813472759722655     
   929.98846400000002        286.23144353798006        3.0341157030541461E-003  -4.2469665226340805       -6.1836037255324348        3.0473692908303489       0.73721243538684611     
   904.61157200000002        286.22843579484027        3.0381975727280055E-003  -4.3199602473784413       -6.1875997832926544        6.4121582257293319        2.9059674591232021     
   879.23742700000003        286.22723660202968        3.0397561667023115E-003  -4.3619794832108552       -6.1873527859058113        3.4729041492425883        1.3484560118815578     
   853.86627199999998        286.22518836840158        3.0422895421771358E-003  -4.4361094823960832       -6.1854913181481423        7.7009195862275552        4.6393273233749772     
   828.49829099999999        286.22425127279490        3.0433828586149455E-003  -4.4801411609401480       -6.1821288300808304        4.2189389777972526        2.1078505415165218     
   803.13348399999995        286.22285244994544        3.0449169835794956E-003  -4.5444945648431823       -6.1760620124963514        7.0697972037720698        4.5043862128865984     
   777.77227800000003        286.22188020880185        3.0459091062825013E-003  -4.5950991388306868       -6.1694379109480098        5.3990030332100325        3.1749568993791222     
   752.41485599999999        286.22079706010231        3.0469321630352706E-003  -4.6513002952134457       -6.1608010304038494        6.2682351270422050        3.9286457587102990     
   727.06133999999997        286.21974281789898        3.0478435083846319E-003  -4.7064689848304608       -6.1509078092561751        6.1836747471372826        3.8387451620630335     
   701.71209699999997        286.21868664392110        3.0486705763546366E-003  -4.7606791501283148       -6.1398779271713453        6.0406788230711781        3.6497339612184332     
   676.36755400000004        286.21750112266920        3.0494999004073379E-003  -4.8175753810130129       -6.1271093645828625        6.3275565075281062        3.7629177032552086     
   651.02789299999995        286.21627371842783        3.0502556824475338E-003  -4.8720912225799502       -6.1136233413372274        5.8330758899411679        3.1907786547835051     
   625.69360400000005        286.21478359597552        3.0510484754479360E-003  -4.9292980987228567       -6.0983722924949957        5.9144066025770172        3.0123481987105007     
   600.36511199999995        286.21245350177395        3.0520909766296200E-003  -4.9979192786715831       -6.0790702380990806        6.8595533533213278        3.2758412842119782     
   575.04284700000005        286.21115862735030        3.0525876938133508E-003  -5.0331824506853025       -6.0675920793787101        2.6908537383780269       0.71707496135361892     
   549.72741699999995        286.20319946465332        3.0549687560913730E-003  -5.1931603977884784       -6.0184100945177734        18.507315873376783        11.909080355641565     
   524.41943400000002        286.20247941301250        3.0551498718796376E-003  -5.2109811467509424       -6.0108524716362624        1.0200701343076950       0.13892076731880848     
   499.11962899999997        286.18752837950746        3.0581539826388549E-003  -5.4556231469315817       -5.9234472052137219        29.891950370653468        21.699507400853008     
   473.82891799999999        286.18662097178782        3.0583068916241202E-003  -5.4709710252525028       -5.9156283754908205       0.71039064067024971        6.0180294293796344E-002
   448.54824800000000        286.16242647149602        3.0616507216777557E-003  -5.7578184912731754       -5.7889467339189471        32.760966375105546        21.842913215377891     
   423.27871699999997        286.16087123465331        3.0618345965263082E-003  -5.7734700290489984       -5.7793843635045219       0.59002827823353576        3.2253835696243176E-002
   398.02175899999997        286.12265634317140        3.0656515338339401E-003  -6.0607724662139555       -5.6139421851913633        28.288523011835530        14.804520737355434     
   372.77890000000002        286.09723015071989        3.0678760501083261E-003  -6.1069242303671043       -5.5816748894663286        1.2907276207538581        3.9246737223512594E-002
   347.55215500000003        286.08210348577774        3.0690307411609277E-003  -6.1417043200225372       -5.5543835142804907       0.96911380767684885        3.0064593072350654E-002
   322.34393299999999        286.01711302839135        3.0733402742206570E-003  -6.4485903783711107       -5.2861617745850262        27.793452126083430        12.799123269730448     
   297.15716600000002        286.01133386293435        3.0736801031376248E-003  -6.4653163983162516       -5.2676077060339841       0.43458568094779237        1.0852137341395720E-002
   271.99560500000001        285.92458358649463        3.0781759220262837E-003  -6.7547064742870155       -4.9079851659008771        26.032737051340501        11.242905104858810     
   246.86404400000001        285.91457964542354        3.0786392033432691E-003  -6.7710150639199629       -4.8817322262869460       0.41441056515885411        8.7898995273674660E-003
   221.76879900000000        285.80214703816313        3.0832399733451954E-003  -6.9832936794252216       -4.4353938391868910        20.950246710686233        7.9643124793530928     
   196.71839900000001        285.78402025900732        3.0838998048440449E-003  -6.9961281043740291       -4.3953270369807260       0.42794796320112100        8.9091552096468019E-003
   171.72468599999999        285.63880239595875        3.0884944286282100E-003  -7.0574443702392067       -3.8483087140956447        16.288744468590281        5.7497005371426315     
   146.80502300000001        285.60320733442234        3.0894726290104616E-003  -7.0533872371805870       -3.7777871516299064       0.55434422926837967        1.5943413602304266E-002
   121.98595400000001        285.23212594248326        3.0952573575930122E-003  -6.8074759058596479       -3.0809116226597761        11.348850600947385        2.9226169345721154     
   97.311340299999998        284.42083056341318        3.1034578812615910E-003  -6.6753720168998845       -2.8470596467216058       0.87024826337897543        1.5037255479637289E-002
   72.861091599999995        277.47941330350085        3.1615519052033154E-003  -5.7455615776221265       -1.9790460831143253        3.6670154387672977       0.16328383226645121     
   48.804748500000002        276.89261888790065        3.1667242244833508E-003  -5.4818104129200131       -1.7701997357770334       0.39253990578541637        1.4303601708581106E-002
   25.613332700000001        276.08905698815516        3.1857882904159124E-003  -4.8659502830386820       -1.4151283371444019       0.59605145698304796        9.4868964187862642E-002
   10.000000000000000        275.79398265456865        3.2065994862277292E-003  -4.3869911946258719       -1.2051675209858053        7.9234871073267030E-002   2.4000355303269563E-002
   1997.2254600000001        290.87238160602038        6.1834297136242249E-004  -3.0621936859858931       -1.5011079622003567        1.0000000000000000E-004   1.0000000000000000E-004
   1971.7959000000001        290.85226251106297        6.4116777436302324E-004  -3.0812400272527642       -1.5220466371339192        1.0000000000000000E-004   1.0000000000000000E-004
   1946.3670700000000        290.83118167316775        6.5992794286818493E-004  -3.0912059284312159       -1.5487361513933762        1.0000000000000000E-004   1.0000000000000000E-004
   1920.9388400000000        290.80850934890924        6.7317218114987818E-004  -3.0952245875386404       -1.5764535581950077        1.0000000000000000E-004   1.0000000000000000E-004
   1895.5111099999999        290.77365349560318        6.8455145864554237E-004  -3.0924468357973689       -1.6052604411448437        1.0000000000000000E-004   1.0000000000000000E-004
   1870.0839800000001        290.70545747881869        6.9422972551463663E-004  -3.0813961774681209       -1.6355748518548474        1.0000000000000000E-004   1.0000000000000000E-004
   1844.6575900000000        290.63157378613931        6.9790260342952122E-004  -3.0657531474762152       -1.6647087035478956        1.0000000000000000E-004   1.0000000000000000E-004
   1819.2318100000000        290.55055083238955        6.9906095960938592E-004  -3.0458735730605295       -1.6925971799112878        1.0000000000000000E-004   1.0000000000000000E-004
   1793.8067599999999        290.42022221488656        6.9947127450331993E-004  -3.0188304212806742       -1.7208200108671323        1.0000000000000000E-004   1.0000000000000000E-004
   1768.3824500000001        290.16671147374797        6.9992868568059601E-004  -2.9823732235618019       -1.7505357106580288        1.0000000000000000E-004   1.0000000000000000E-004
   1742.9588600000000        289.90178273661797        7.0188605071408461E-004  -2.9428117735318593       -1.7795300905084417        1.0000000000000000E-004   1.0000000000000000E-004
   1717.5362500000001        289.63899886701944        7.0902875944992656E-004  -2.9012221602032859       -1.8081708755862618        1.0000000000000000E-004   1.0000000000000000E-004
   1692.1140100000000        289.40086377355533        7.2598093993947888E-004  -2.8590441999245995       -1.8366437346412599        1.0000000000000000E-004   1.0000000000000000E-004
   1666.6927499999999        289.20115099958468        7.5326291988389127E-004  -2.8175313322887781       -1.8651089492859221        1.0000000000000000E-004   1.0000000000000000E-004
   1641.2723400000000        288.99185140001441        7.9933504806877040E-004  -2.7743911850482190       -1.8951823735931355        1.0000000000000000E-004   1.0000000000000000E-004
   1615.8527799999999        288.75605603292513        8.7674641686262664E-004  -2.7293148743623563       -1.9277180776640903        1.0000000000000000E-004   1.0000000000000000E-004
   1590.4340800000000        288.49997775015208        9.9277219661661237E-004  -2.6823630358101189       -1.9635478145553986        1.0000000000000000E-004   1.0000000000000000E-004
   1565.0162399999999        288.23378815291449        1.1458369989341523E-003  -2.6361456569873098       -2.0020823815699358        1.0000000000000000E-004   1.0000000000000000E-004
   1539.5992400000000        287.90959468423767        1.3684057923799293E-003  -2.5852146373774474       -2.0476490665237459        1.0000000000000000E-004   1.0000000000000000E-004
   1514.1834699999999        287.51809585921313        1.6803604260857243E-003  -2.5391938260741638       -2.0948625903226730        1.0000000000000000E-004   1.0000000000000000E-004
   1488.7685500000000        286.72249090476862        2.3991253736647747E-003  -2.4710773647447790       -2.1666795897749651        1.0000000000000000E-004   1.0000000000000000E-004
   1463.3546100000001        286.64637308394504        2.4787809466807857E-003  -2.4592804848318379       -2.1966523243373781        1.0000000000000000E-004   1.0000000000000000E-004
   1437.9417699999999        286.59643777649399        2.5356105876686592E-003  -2.4043459413124277       -2.2784566689647003        1.0000000000000000E-004   1.0000000000000000E-004
   1412.5300299999999        286.56547722804731        2.5724942962328861E-003  -2.4098659743915887       -2.2978547754910084        1.0000000000000000E-004   1.0000000000000000E-004
   1387.1193800000001        286.51749589917819        2.6317895501573297E-003  -2.3514842836008372       -2.4102415878153729        1.0000000000000000E-004   1.0000000000000000E-004
   1361.7099599999999        286.49520679543696        2.6601588501200097E-003  -2.3637104845715760       -2.4267600840695271        1.0000000000000000E-004   1.0000000000000000E-004
   1336.3018800000000        286.45092906594806        2.7180607380326394E-003  -2.3132111403868105       -2.5646922225454718        1.0000000000000000E-004   1.0000000000000000E-004
   1310.8949000000000        286.43626715976836        2.7376996708431793E-003  -2.3307870741319259       -2.5785142386422768        1.0000000000000000E-004   1.0000000000000000E-004
   1285.4893800000000        286.39692418960078        2.7915446276240551E-003  -2.2958549364719749       -2.7383432086069788        1.0000000000000000E-004   1.0000000000000000E-004
   1260.0852100000000        286.38757402736371        2.8046026745397901E-003  -2.3178863277818684       -2.7494521380341395        1.0000000000000000E-004   1.0000000000000000E-004
   1234.6824999999999        286.35336825283269        2.8531912902342903E-003  -2.3044427531889689       -2.9264950437664181        1.0000000000000000E-004   1.0000000000000000E-004
   1209.2811300000001        286.34745835074898        2.8617275638030079E-003  -2.3302151600165573       -2.9348450337208174        1.0000000000000000E-004   1.0000000000000000E-004
   1183.8813500000001        286.31836611994163        2.9042812253072541E-003  -2.3423877405003073       -3.1229379138143298        1.0000000000000000E-004   1.0000000000000000E-004
   1158.4832799999999        286.31461851028052        2.9098337066298433E-003  -2.3713094628263907       -3.1285155151382167        1.0000000000000000E-004   1.0000000000000000E-004
   1133.0869100000000        286.29049782786359        2.9458559417100782E-003  -2.4111695447733252       -3.3200129476583919        1.0000000000000000E-004   1.0000000000000000E-004
   1107.6922600000000        286.28808478136744        2.9494892374568823E-003  -2.4427736315834343       -3.3228810515568208        1.0000000000000000E-004   1.0000000000000000E-004
   1082.3005400000000        286.26866856803173        2.9788012313500837E-003  -2.5100079714149244       -3.5086643056581672        1.0000000000000000E-004   1.0000000000000000E-004
   1056.9097899999999        286.26704359850834        2.9812599977748775E-003  -2.5440176277464066       -3.5091015568969626        1.0000000000000000E-004   1.0000000000000000E-004
   1031.5210000000000        286.25195138119682        3.0040089618811267E-003  -2.6345741444391897       -3.6762868526060899        1.0000000000000000E-004   1.0000000000000000E-004
   1006.1343400000000        286.25058219865798        3.0060610069558807E-003  -2.6715469915800427       -3.6760662966348123        1.0000000000000000E-004   1.0000000000000000E-004
   980.75000000000000        286.23942850842474        3.0225707470659924E-003  -2.7672899681034377       -3.7935991519628915        1.0000000000000000E-004   1.0000000000000000E-004
   955.36804199999995        286.23644679528888        3.0268993506373334E-003  -2.8141555372164651       -3.8040916630362633        1.0000000000000000E-004   1.0000000000000000E-004
   929.98846400000002        286.23096212152711        3.0346646442954294E-003  -2.8880741517961557       -3.8523106017440378        1.0000000000000000E-004   1.0000000000000000E-004
   904.61157200000002        286.22920432898553        3.0370554205506406E-003  -2.9441102539164952       -3.8679521756293487        1.0000000000000000E-004   1.0000000000000000E-004
   879.23742700000003        286.22666866685273        3.0403503345013488E-003  -3.0208934432498546       -3.9057892829642693        1.0000000000000000E-004   1.0000000000000000E-004
   853.86627199999998        286.22566510350703        3.0415878219701036E-003  -3.0774806690766079       -3.9149257351616358        1.0000000000000000E-004   1.0000000000000000E-004
   828.49829099999999        286.22395776992425        3.0435775359091422E-003  -3.1542981857465029       -3.9432402961316555        1.0000000000000000E-004   1.0000000000000000E-004
   803.13348399999995        286.22301769003400        3.0446029984914154E-003  -3.2167523408562682       -3.9531477218776558        1.0000000000000000E-004   1.0000000000000000E-004
   777.77227800000003        286.22180219759201        3.0458388412123861E-003  -3.2895732677771616       -3.9705490331329059        1.0000000000000000E-004   1.0000000000000000E-004
   752.41485599999999        286.22289710562950        3.0469872382913026E-003  -3.3636794334202698       -3.9824560828087301       0.27962086133695507       0.35093550151836128     
   727.06133999999997        286.22538095212803        3.0494379480923892E-003  -3.4398427786364736       -3.9874266085439980        2.6864314632739354E-002   3.3646567056807512E-002
   701.71209699999997        286.30547420865918        3.0770953311059935E-003  -3.6715347399399079       -3.8860610212598874       0.69004173818192416       0.86614275078780278     
   676.36755400000004        286.40762885207556        3.1199570783900085E-003  -3.9705506569024878       -3.6588417250663561        2.1712342578943056        2.7255050978226407     
   651.02789299999995        286.48643661921744        3.1557185175029516E-003  -4.2123416442024855       -3.4366372993738654        4.3726007880333375        5.4889123020923138     
   625.69360400000005        286.54411444996708        3.1831118788470569E-003  -4.3842133921098014       -3.2538131227360858        7.1963544451657029        9.0336110984349958     
   600.36511199999995        286.58775004380271        3.2044714046148663E-003  -4.5057579598022830       -3.1068475731845404        10.544793212197744        13.236954755599937     
   575.04284700000005        286.62205873611833        3.2216789261945438E-003  -4.5932321402492882       -2.9873375889454654        14.320312634466875        17.976419013830714     
   549.72741699999995        286.64997421046104        3.2359844591407479E-003  -4.6573454144063797       -2.8882798055222190        18.425392827658410        23.129585775709302     
   524.41943400000002        286.67338897709857        3.2482092898189533E-003  -4.7049809728964513       -2.8045577945260871        22.762638794054382        28.574193715720327     
   499.11962899999997        286.69358935853717        3.2589065477359866E-003  -4.7406326246379171       -2.7325120949495778        27.234783075450245        34.188141610487328     
   473.82891799999999        286.71149782648962        3.2684612166421364E-003  -4.7673059639664039       -2.6695035830654459        31.744697555856661        39.849503154862965     
   448.54824800000000        286.72781208908725        3.2771506090921504E-003  -4.7870592246089805       -2.6135951209577248        36.195451904124205        45.436600325792554     
   423.27871699999997        286.74308902455869        3.2851814945422694E-003  -4.8013297626468381       -2.5633352413944031        40.490329777634813        50.828023723026590     
   398.02175899999997        286.75779856114320        3.2927136238391462E-003  -4.8111350618110800       -2.5176127041246059        44.532845222364088        55.902653156329080     
   372.77890000000002        286.77236096113438        3.2998752174736310E-003  -4.8171989572864096       -2.4755573383846521        48.226844230570229        60.539785132301333     
   347.55215500000003        286.78717529385051        3.3067736468386714E-003  -4.8200319380689081       -2.4364714458079555        51.476520745438791        64.619152945193207     
   322.34393299999999        286.80264406185995        3.3135032990023123E-003  -4.8199821077109304       -2.3997805065067168        54.186540012172976        68.021081521274056     
   297.15716600000002        286.81919784766887        3.3201519065437632E-003  -4.8172663145558898       -2.3649965631219301        56.262158667054578        70.626638168308148     
   271.99560500000001        286.83732372205111        3.3268062875992611E-003  -4.8119864411269502       -2.3316890720410846        57.609384190848466        72.317832739622901     
   246.86404400000001        286.85760230614034        3.3335584098872638E-003  -4.8041328411198503       -2.2994597423166265        58.135224754958017        72.977931269479683     
   221.76879900000000        286.88076102686301        3.3405128613953504E-003  -4.7935741374190828       -2.2679173052968160        57.748044352248954        72.491901773739102     
   196.71839900000001        286.90775691098094        3.3477974244315927E-003  -4.7800285917713179       -2.2366481834135943        56.358111341034643        70.747102844765053     
   171.72468599999999        286.93991475961872        3.3555798464958543E-003  -4.7630059209233631       -2.2051757153909386        53.878467643901274        67.634374768813402     
   146.80502300000001        286.97917542868987        3.3640972344968056E-003  -4.7416938823147303       -2.1728941017873113        50.226429071528202        63.049922903368710     
   121.98595400000001        287.02858247692882        3.3737130307782280E-003  -4.7147283443777352       -2.1389455244446594        45.326279024047139        56.898699117926647     
   97.311340299999998        287.09334740368405        3.3850411313205266E-003  -4.6796829519987657       -2.1019578778961017        39.114720142814917        49.101245328178308     
   72.861091599999995        287.18356443393986        3.3992615842054858E-003  -4.6317616610508123       -2.0593847757535699        31.553235241319427        39.609210344193812     
   48.804748500000002        287.32287561955883        3.4191266622627570E-003  -4.5596182777516310       -2.0054196287431072        22.662090106469545        28.448034058635137     
   25.613332700000001        287.57509063882020        3.4518557570950401E-003  -4.4328032359420151       -1.9256549548815340        12.649307308944861        15.878850058862021     
   10.000000000000000        288.16769180630655        3.5239559235108442E-003  -4.1397177119791433       -1.7678524049090045        5.0734029412819392        6.3687127809366331     
   1997.2254600000001        290.87229212435250        6.1844446722221773E-004  -4.7154474820264243       0.70709603705700974        1.0000000000000000E-004   1.0000000000000000E-004
   1971.7959000000001        290.85227188804970        6.4114852196255317E-004  -4.7322367085984354       0.66321159339022184        1.0000000000000000E-004   1.0000000000000000E-004
   1946.3670700000000        290.83117892395308        6.5991878947184814E-004  -4.7392536102405591       0.62331490156150005        1.0000000000000000E-004   1.0000000000000000E-004
   1920.9388400000000        290.80848886863237        6.7316911001954387E-004  -4.7420115466405957       0.58815378214909331        1.0000000000000000E-004   1.0000000000000000E-004
   1895.5111099999999        290.77359766070964        6.8454865407863521E-004  -4.7399478443074603       0.55832404982810291        1.0000000000000000E-004   1.0000000000000000E-004
   1870.0839800000001        290.70544763557444        6.9421973293940723E-004  -4.7318341471370005       0.53469866697205626        1.0000000000000000E-004   1.0000000000000000E-004
   1844.6575900000000        290.63156147025927        6.9789841057713736E-004  -4.7220088888692331       0.51611887583863569        1.0000000000000000E-004   1.0000000000000000E-004
   1819.2318100000000        290.55046794151440        6.9905971192623761E-004  -4.7107445562207086       0.50235209293734517        1.0000000000000000E-004   1.0000000000000000E-004
   1793.8067599999999        290.42001570531642        6.9947135629063015E-004  -4.6950137571688186       0.49466713643282334        1.0000000000000000E-004   1.0000000000000000E-004
   1768.3824500000001        290.16669087664803        6.9993120156198086E-004  -4.6725390667990130       0.49406947353896818        1.0000000000000000E-004   1.0000000000000000E-004
   1742.9588600000000        289.90178492359729        7.0189474091020764E-004  -4.6489217730931438       0.49708924927104292        1.0000000000000000E-004   1.0000000000000000E-004
   1717.5362500000001        289.63903872724228        7.0904520869582207E-004  -4.6245560957096483       0.50266526583625160        1.0000000000000000E-004   1.0000000000000000E-004
   1692.1140100000000        289.40092678190859        7.2599832553220454E-004  -4.6001929052118653       0.50957450683274774        1.0000000000000000E-004   1.0000000000000000E-004
   1666.6927499999999        289.20113400339363        7.5329451190876185E-004  -4.5764813491300478       0.51675526610507772        1.0000000000000000E-004   1.0000000000000000E-004
   1641.2723400000000        288.99180602277841        7.9938773335986213E-004  -4.5507625996400618       0.52496352841723848        1.0000000000000000E-004   1.0000000000000000E-004
   1615.8527799999999        288.75602086752264        8.7681144721529802E-004  -4.5221852121295694       0.53390845522285790        1.0000000000000000E-004   1.0000000000000000E-004
   1590.4340800000000        288.49995940519341        9.9283486066327952E-004  -4.4901501713324548       0.54302463371962040        1.0000000000000000E-004   1.0000000000000000E-004
   1565.0162399999999        288.23368965689616        1.1459541828742039E-003  -4.4567129496502496       0.55067644890553591        1.0000000000000000E-004   1.0000000000000000E-004
   1539.5992400000000        287.90947966334863        1.3685571758134596E-003  -4.4152020351311840       0.55835523678703025        1.0000000000000000E-004   1.0000000000000000E-004
   1514.1834699999999        287.51741808677548        1.6810423317175430E-003  -4.3756365909606574       0.56202494332163822        1.0000000000000000E-004   1.0000000000000000E-004
   1488.7685500000000        286.72368813298596        2.3980620349037759E-003  -4.3038734555268618       0.56815449070178625        1.0000000000000000E-004   1.0000000000000000E-004
   1463.3546100000001        286.64641758522185        2.4787421837009181E-003  -4.2991435687660964       0.55775873223516848        1.0000000000000000E-004   1.0000000000000000E-004
   1437.9417699999999        286.59646930535945        2.5355774758747799E-003  -4.2284428198203239       0.54910684414892152        1.0000000000000000E-004   1.0000000000000000E-004
   1412.5300299999999        286.56544871394476        2.5725318369885387E-003  -4.2429773184791095       0.53346716962784302        1.0000000000000000E-004   1.0000000000000000E-004
   1387.1193800000001        286.51753860280047        2.6317381607729611E-003  -4.1471995086503135       0.51006293647929246        1.0000000000000000E-004   1.0000000000000000E-004
   1361.7099599999999        286.49517002034423        2.6602082432208652E-003  -4.1685020832368478       0.49254672163348656        1.0000000000000000E-004   1.0000000000000000E-004
   1336.3018800000000        286.45097823152042        2.7179973520999870E-003  -4.0585008357849830       0.44882351097119505        1.0000000000000000E-004   1.0000000000000000E-004
   1310.8949000000000        286.43503505752625        2.7407607822335718E-003  -4.0806889189841131       0.42729561883188538       0.12132938937346935       0.15240540084744156     
   1285.4893800000000        286.42959069803533        2.8024187547553239E-003  -3.9824131419255062       0.35182334340834287        2.6441835373344741E-002   3.3154122259443058E-002
   1260.0852100000000        286.66578131041069        2.9035364572343380E-003  -4.0604115432424059       0.22658965790006633       0.43750368311174803       0.54976192869844720     
   1234.6824999999999        287.00003784191438        3.0150583553340523E-003  -4.1905488110466314        6.6768413380180136E-002   1.3240496691928416        1.6639411719603816     
   1209.2811300000001        287.28054866075502        3.0949026815075228E-003  -4.3441521830275338       -4.1966730091491031E-002   2.6556307548348554        3.3374245943538203     
   1183.8813500000001        287.49982533220503        3.1526916772686869E-003  -4.4789143662994517      -0.11243326461723527        4.4017876203909365        5.5319320175629549     
   1158.4832799999999        287.67265725023071        3.1961533258191991E-003  -4.5909250643853676      -0.15777670867280849        6.5320678672336703        8.2091919613597621     
   1133.0869100000000        287.81181824808658        3.2300659451380458E-003  -4.6833381345775944      -0.18680702093370366        9.0160376743475474        11.330956293192031     
   1107.6922600000000        287.92632469354993        3.2573674115357575E-003  -4.7599898984528100      -0.20503622258212356        11.823272479408372        14.858988516497636     
   1082.3005400000000        288.02239361213771        3.2799247475476432E-003  -4.8241327429705709      -0.21593116504165816        14.923207366609684        18.754875743478557     
   1056.9097899999999        288.10436582729528        3.2989698916147023E-003  -4.8783087910562628      -0.22172331123950823        18.285677514994354        22.980707911222801     
   1031.5210000000000        288.17533856956925        3.3153448521424621E-003  -4.9244644790406644      -0.22388796276306505        21.880176183916731        27.498145244388688     
   1006.1343400000000        288.23757311580351        3.3296434615677551E-003  -4.9640895784463162      -0.22342589398765406        25.676300005021389        32.268977882226409     
   980.75000000000000        288.29275862619789        3.3422965301182633E-003  -4.9983333078218752      -0.22103200876356816        29.643652284409214        37.255004352200849     
   955.36804199999995        288.34218262457210        3.3536241985688011E-003  -5.0280907133775790      -0.21719875988767010        33.751868841350031        42.418064043161351     
   929.98846400000002        288.38684484360101        3.3638694709651712E-003  -5.0540661768384121      -0.21228152324032309        37.970611935936475        47.720029573834722     
   904.61157200000002        288.42753489496158        3.3732203254611044E-003  -5.0768197287279619      -0.20654080625974891        42.269508370524797        53.122729000927961     
   879.23742700000003        288.46488637507417        3.3818246859916782E-003  -5.0968009740949904      -0.20017016790027420        46.618242431610007        58.588062625154294     
   853.86627199999998        288.49941521737145        3.3898007725866939E-003  -5.1143740190996478      -0.19331512842360160        50.986486255911856        64.077915477818067     
   828.49829099999999        288.53154745238311        3.3972444312708300E-003  -5.1298360303522132      -0.18608621607210057        55.343942714942429        69.554211216606419     
   803.13348399999995        288.56163954334113        3.4042343977857509E-003  -5.1434310670373700      -0.17856804031696169        59.660368782424598        74.978941492927291     
   777.77227800000003        288.58999358156285        3.4108361529414134E-003  -5.1553606134435963      -0.17082584313758348        63.905473429397830        80.314037630120907     
   752.41485599999999        288.61686902676342        3.4171048468782132E-003  -5.1657916613881580      -0.16291019309881558        68.049035428990805        85.521518676292871     
   727.06133999999997        288.64249169158956        3.4230874928330426E-003  -5.1748629181244157      -0.15486035876303456        72.060872987956543        90.563453238312292     
   701.71209699999997        288.66706068182333        3.4288246271791758E-003  -5.1826895089184282      -0.14670695047921328        75.910798414597167        95.401902510072574     
   676.36755400000004        288.69075416228168        3.4343516576889168E-003  -5.1893667855511723      -0.13847379922262032        79.568655465616786        99.998967208681762     
   651.02789299999995        288.71373403675233        3.4396999289013149E-003  -5.1949731627826026      -0.13017930246004245        83.004366397952140        104.31684670752972     
   625.69360400000005        288.73614975523589        3.4448975576343703E-003  -5.1995723507136775      -0.12183764827467591        86.187857614065905        108.31774558993365     
   600.36511199999995        288.75814169612835        3.4499701497841505E-003  -5.2032150146504454      -0.11345954562646066        89.089120341185577        111.96394990864518     
   575.04284700000005        288.77984418967606        3.4549414099281158E-003  -5.2059400129719053      -0.10505290216800561        91.678205536351243        115.21782078269355     
   549.72741699999995        288.80138827814926        3.4598336650575974E-003  -5.2077752270182298       -9.6623327404839088E-002   93.925215132791109        118.04178339613313     
   524.41943400000002        288.82290446284594        3.4646683563460648E-003  -5.2087380394253424       -8.8174495362466840E-002   95.800332234635093        120.39836494568446     
   499.11962899999997        288.84452548751358        3.4694665024288759E-003  -5.2088354582639305       -7.9708380728222158E-002   97.273822865207023        122.25019683791680     
   473.82891799999999        288.86638935433751        3.4742491700037077E-003  -5.2080638671635322       -7.1225575884164685E-002   98.316051512572471        123.56003422632747     
   448.54824800000000        288.88864278201157        3.4790379843071839E-003  -5.2064083910094778       -6.2725289572126752E-002   98.897509176180876        124.29079125936359     
   423.27871699999997        288.91144521059078        3.4838556833698946E-003  -5.2038417764769607       -5.4205442339615426E-002   98.988827971108606        124.40555943450008     
   398.02175899999997        288.93497374317798        3.4887267760246345E-003  -5.2003226234694777       -4.5662827660739397E-002   98.560813266754252        123.86764798897971     
   372.77890000000002        288.95942949309790        3.4936783649395652E-003  -5.1957928748602633       -3.7092842291622505E-002   97.584481788618234        122.64063178477747     
   347.55215500000003        288.98504585162084        3.4987411891925315E-003  -5.1901741838755013       -2.8489568269162463E-002   96.031118232573107        120.68842245934499     
   322.34393299999999        289.01209975279431        3.5039510289856333E-003  -5.1833626889785007       -1.9845488076458556E-002   93.872343863327899        117.97535463769850     
   297.15716600000002        289.04092741047674        3.5093506488344172E-003  -5.1752215027092054       -1.1151147113260346E-002   91.080206547300065        114.46629908248008     
   271.99560500000001        289.07194688925875        3.5149925623385214E-003  -5.1655696351033384       -2.3946813758315144E-003   87.627323480920737        110.12684206972857     
   246.86404400000001        289.10569171109353        3.5209431356325203E-003  -5.1541652679012433        6.4388992938469863E-003   83.487069679198271        104.92352227450169     
   221.76879900000000        289.14286271362846        3.5272889033456244E-003  -5.1406797615304454        1.5368837619619755E-002   78.633872403491452        98.824200797060939     
   196.71839900000001        289.18441167813756        3.5341467411287024E-003  -5.1246554412470875        2.4420576396361554E-002   73.043660328110306        91.798625659226644     
   171.72468599999999        289.23168333704393        3.5416811247872210E-003  -5.1054337622760038        3.3628644935491288E-002   66.694577717838584        83.819329356883500     
   146.80502300000001        289.28667245125371        3.5501353613181319E-003  -5.0820247167623682        4.3041975478208649E-002   59.568282408783062        74.863260115395335     
   121.98595400000001        289.35252905160678        3.5598929588686033E-003  -5.0528499738384740        5.2734151042656809E-002   51.652224685778002        64.914645900372790     
   97.311340299999998        289.43466434266116        3.5716119382742145E-003  -5.0151795627567406        6.2824451220863040E-002   42.944417516383538        53.970989475333667     
   72.861091599999995        289.54356476092170        3.5865665564852375E-003  -4.9636961980017151        7.3529448740600703E-002   33.464340395684246        42.056771959692163     
   48.804748500000002        289.70374305738386        3.6077337764983744E-003  -4.8859201172293565        8.5315836796953329E-002   23.283428708641381        29.261770757119784     
   25.613332700000001        289.98007496880246        3.6428977986837810E-003  -4.7485109103636765        9.8879426462127690E-002   12.642780490539218        15.888989156313810     
   10.000000000000000        290.60143839403122        3.7198817733681143E-003  -4.4319918308254636       0.11585195428725660        5.0107309307514614        6.2973053794158389     
   1997.2254600000001        290.87026437461157        6.2073324079401130E-004  -8.5436757106356875       0.90067357948176985       0.24451016905215045        4.5212616900119481E-003
   1971.7959000000001        290.85252704567608        6.4068379151230694E-004  -8.5401158400025619       0.87051425431277318       0.24451016905215045        4.5212616900119481E-003
   1946.3670700000000        290.83142255057345        6.5954443870001780E-004  -8.5329739625923811       0.82756115218253345       0.46135621753776035        1.4879947170084161E-002
   1920.9388400000000        290.80872052152381        6.7295991109191198E-004  -8.5248900615375511       0.78209968310696265       0.51156222223533154        1.7220981162326902E-002
   1895.5111099999999        290.77370074808965        6.8448244511507353E-004  -8.5169261875840192       0.73864966522615072       0.39527100640210638        7.7861124980441654E-003
   1870.0839800000001        290.70547976506577        6.9420208350590477E-004  -8.5097415264319682       0.70071858802672327       0.22843580657376183        1.7250763040705052E-003
   1844.6575900000000        290.63156510691869        6.9789333350429904E-004  -8.5061822448254247       0.67199740999652302       0.12826206101637971        4.9528759913205491E-004
   1819.2318100000000        290.55039804301464        6.9905839591050340E-004  -8.5060328404374488       0.64967967821350092        7.5361592973243699E-002   1.5580071050313223E-004
   1793.8067599999999        290.41982235076063        6.9947143140493067E-004  -8.5083562371487140       0.63507210394374736        2.7116347712565280E-002   1.5070558079685647E-005
   1768.3824500000001        290.16667115254705        6.9993358363775056E-004  -8.5125024435093373       0.63152263148493637        2.7481046107216663E-003   1.0575219339774344E-007
   1742.9588600000000        289.90178687745316        7.0190295504059350E-004  -8.5191091516856403       0.63233908955955587        4.0914849801700123E-003   2.2319508370235225E-007
   1717.5362500000001        289.63907609118053        7.0906075939822049E-004  -8.5276095102363225       0.63625839943592144        8.3051419771370868E-003   9.0152052463737237E-007
   1692.1140100000000        289.40098584405644        7.2601483258627811E-004  -8.5375248991426780       0.64193102255881851        1.3286183797831761E-002   2.3656039896920134E-006
   1666.6927499999999        289.20111745128236        7.5332454620102005E-004  -8.5484479324516744       0.64828949676356373        1.8153762659821378E-002   4.7041276939246982E-006
   1641.2723400000000        288.99176225701660        7.9943793530552190E-004  -8.5593028017675596       0.65776501335100579        2.3589639170553033E-002   7.5649218137642698E-006
   1615.8527799999999        288.75598607624357        8.7687384260714673E-004  -8.5693367274229519       0.67085444776937131        2.9806889918682546E-002   1.1087270781613848E-005
   1590.4340800000000        288.49994107796488        9.9289508903358296E-004  -8.5777900653287098       0.68735986610748456        3.7001643190155489E-002   1.5974182752823857E-005
   1565.0162399999999        288.23356230599842        1.1461384913041778E-003  -8.5877259442119200       0.69905511900766482        2.5508816618514295E-002   7.2018223562859943E-006
   1539.5992400000000        288.63081457545530        2.9030595545178209E-003  -8.6859254999264355       0.50224681758255652        958.59432786531761        1222.7625895840658     
   1514.1834699999999        288.72383019908943        3.0511063688955626E-003  -8.6991331685296114       0.47318221562091378        619.97688080390594        678.43642020824996     
   1488.7685500000000        288.72560588337336        3.0534856237788175E-003  -8.6999910654972421       0.47275333186731139        96.632120925977276        98.674988414963849     
   1463.3546100000001        288.76116882578123        3.0988058014585949E-003  -8.7032584985648800       0.46717945112050291        423.04147247390517        436.02755985286285     
   1437.9417699999999        288.78603887812585        3.1287981852056277E-003  -8.7056463907888890       0.46374660819789665        356.28412176885837        364.55887532842138     
   1412.5300299999999        288.80635502573443        3.1519077532818551E-003  -8.7076267230191142       0.46134493700229706        322.53969978682244        328.55654930244071     
   1387.1193800000001        288.82419028707437        3.1710099554761182E-003  -8.7093545082606436       0.45960190627650077        301.92354982693683        306.54077961817455     
   1361.7099599999999        288.84051950272573        3.1874698686104510E-003  -8.7108992396010567       0.45834446911559790        288.13637592897885        291.77512636328078     
   1336.3018800000000        288.85588340769232        3.2020543453005084E-003  -8.7122964927778650       0.45747849622920583        278.37404462978009        281.28485111454142     
   1310.8949000000000        288.87061135299825        3.2152395639651441E-003  -8.7135652853397971       0.45694807496280498        271.12767093399771        273.48421740730123     
   1285.4893800000000        288.88491530276661        3.2273413884039968E-003  -8.7147154128479851       0.45671805608059768        265.47126030165640        267.41323721364802     
   1260.0852100000000        288.89893900006007        3.2385818356177932E-003  -8.7157512279504150       0.45676553070502784        260.82220532259254        262.47829856491984     
   1234.6824999999999        288.91278735452312        3.2491265910212590E-003  -8.7166734595722026       0.45707544504733477        256.82542894905401        258.32179698266913     
   1209.2811300000001        288.92653983260288        3.2591032943238064E-003  -8.7174801789267935       0.45763830359328245        253.25195156276405        254.70638219892780     
   1183.8813500000001        288.94025635809351        3.2686111943048763E-003  -8.7181672432633519       0.45844883048519031        249.94396389699031        251.45195206201240     
   1158.4832799999999        288.95398083827274        3.2777275526524817E-003  -8.7187286420199648       0.45950477298689935        246.78851097401761        248.41547506238618     
   1133.0869100000000        288.96774398558597        3.2865125143107308E-003  -8.7191568788582838       0.46080592722642055        243.69559703736104        245.48002800295060     
   1107.6922600000000        288.98156574802636        3.2950129193699135E-003  -8.7194432455164179       0.46235347689305845        240.59280866513862        242.55416037618494     
   1082.3005400000000        288.99545852511415        3.3032659544856664E-003  -8.7195779871711956       0.46414940910204017        237.40812105028263        239.55325701928152     
   1056.9097899999999        289.00942832299643        3.3113010128774157E-003  -8.7195505656387766       0.46619631062123557        234.10360865108731        236.43209448720941     
   1031.5210000000000        289.02347627849417        3.3191414825628181E-003  -8.7193495754779899       0.46849704189458818        230.63568817946259        233.14223695720131     
   1006.1343400000000        289.03759961155293        3.3268059699442590E-003  -8.7189628957342826       0.47105461581262575        226.97264829332462        229.64895430231471     
   980.75000000000000        289.05179266511237        3.3343093823488025E-003  -8.7183776468738827       0.47387211940880725        223.09147701025682        225.92727677162253     
   955.36804199999995        289.06604744013526        3.3416636084205747E-003  -8.7175802166434302       0.47695258320055955        218.97496349038116        221.95863201912124     
   929.98846400000002        289.08035398699133        3.3488780378483581E-003  -8.7165561819179853       0.48029892522831535        214.61184604076303        217.73087459611600     
   904.61157200000002        289.09470084820890        3.3559600427384086E-003  -8.7152903189132047       0.48391395053607317        209.99328147521709        213.23451491619994     
   879.23742700000003        289.10907534383898        3.3629153255919121E-003  -8.7137665440006469       0.48780019254676527        205.11585801518800        208.46563466346853     
   853.86627199999998        289.12346386697499        3.3697482319518151E-003  -8.7119677377599167       0.49195994611820831        199.97858099012186        203.42292268978679     
   828.49829099999999        289.13785214778312        3.3764620153934428E-003  -8.7098757817605161       0.49639530165534684        194.58319419717597        198.10788565679417     
   803.13348399999995        289.15222534700223        3.3830589967511321E-003  -8.7074713477293653       0.50110797036405530        188.93581751779934        192.52649025216380     
   777.77227800000003        289.16656828179953        3.3895407679934860E-003  -8.7047337849027979       0.50609938919409658        183.04279116000413        186.68496598294433     
   752.41485599999999        289.18086561081901        3.3959083596898049E-003  -8.7016409646116912       0.51137061362508762        176.91372225296399        180.59282265853068     
   727.06133999999997        289.19510193560234        3.4021623571988350E-003  -8.6981690117046817       0.51692240186410510        170.56108290249568        174.26259083259089     
   701.71209699999997        289.20926190183388        3.4083030088822158E-003  -8.6942921774777187       0.52275504926345417        163.99869884547618        167.70805694955061     
   676.36755400000004        289.22333041758270        3.4143303774033240E-003  -8.6899824040338878       0.52886851345519370        157.24183862085988        160.94454447695395     
   651.02789299999995        289.23729273020115        3.4202444220965537E-003  -8.6852090750290962       0.53526237123556697        150.30918186156444        153.99084772845092     
   625.69360400000005        289.25113456683903        3.4260451053048729E-003  -8.6799385420237147       0.54193571631313187        143.22020215231845        146.86651096955731     
   600.36511199999995        289.26484227767395        3.4317324971333742E-003  -8.6741335677175790       0.54888726088939566        135.99638986526125        139.59318248286132     
   575.04284700000005        289.27840296514165        3.4373068729925968E-003  -8.6677526950304848       0.55611529996696218        128.66138015016949        132.19469232931547     
   549.72741699999995        289.29180464672305        3.4427688263776132E-003  -8.6607494578719564       0.56361767439531785        121.24005228052954        124.69611059130585     
   524.41943400000002        289.30503642438083        3.4481193876464223E-003  -8.6530712609194751       0.57139176118253476        113.75911213847179        117.12441001372206     
   499.11962899999997        289.31808866320654        3.4533601530351205E-003  -8.6446581202603312       0.57943455605169469        106.24680136347848        109.50815717762291     
   473.82891799999999        289.33095323742850        3.4584934517858136E-003  -8.6354409297456431       0.58774259125339012        98.732479815351695        101.87705632768089     
   448.54824800000000        289.34362379449760        3.4635225372435545E-003  -8.6253391520873848       0.59631205191980896        91.246953137887658        94.262364236423650     
   423.27871699999997        289.35609601773672        3.4684518038461914E-003  -8.6142578575087274       0.60513873788323347        83.822229880228818        86.696614883786566     
   398.02175899999997        289.36836801142675        3.4732870936230510E-003  -8.6020835548609096       0.61421812174928858        76.490781724001081        79.212878857542265     
   372.77890000000002        289.38044069921784        3.4780360713084794E-003  -8.5886785492038182       0.62354538571736862        69.286192769004487        71.845476155069520     
   347.55215500000003        289.39231835813615        3.4827087536566026E-003  -8.5738727969314787       0.63311544264404918        62.242232304091253        64.629027073835744     
   322.34393299999999        289.40400929166407        3.4873182571814412E-003  -8.5574520897553796       0.64292296046010955        55.392956118348160        57.598593782354747     
   297.15716600000002        289.41552667959814        3.4918818902025688E-003  -8.5391401947659809       0.65296233766304257        48.772609263569144        50.789629523891364     
   271.99560500000001        289.42688970118883        3.4964228312578545E-003  -8.5185710524712679       0.66322745621017642        42.415322645648580        44.237688434255027     
   246.86404400000001        289.43812503793265        3.5009728299531177E-003  -8.4952433609604441       0.67371123579505254        36.355221226007131        37.978603467961712     
   221.76879900000000        289.44926890905873        3.5055767974341385E-003  -8.4684427267166260       0.68440441087458270        30.626572326222139        32.048680786062846     
   196.71839900000001        289.46036980443256        3.5103011190198382E-003  -8.4370997210584378       0.69529254696443199        25.264284272270121        26.485253912678726     
   171.72468599999999        289.47149182388051        3.5152498500650854E-003  -8.3995113411572326       0.70634918747610909        20.305056627246323        21.327884982964935     
   146.80502300000001        289.48271753678358        3.5205993722491643E-003  -8.3527417440848399       0.71751758446019931        15.789165339545502        16.620092035331581     
   121.98595400000001        289.49414375417695        3.5266815034179937E-003  -8.2911763705881985       0.72865941155361402        11.763981308292264        12.412630657271126     
   97.311340299999998        289.50583667077996        3.5342145300335747E-003  -8.2024799654064768       0.73938859989680150        8.2891608049308569        8.7678816372419064     
   72.861091599999995        289.51755455687015        3.5450793414091631E-003  -8.0539532616836933       0.74842147434305395        5.4405752254300639        5.7618364440857661     
   48.804748500000002        289.52689600717457        3.5655470929499620E-003  -7.7357388547423263       0.75037843599605702        3.2693025764380366        3.4406447874685524     
   25.613332700000001        289.51774012645996        3.6117797228900246E-003  -6.9610064360859063       0.72380731989920333        2.1362083826751053        2.1114693831940139     
   10.000000000000000        289.45135896761514        3.7154026671512813E-003  -5.2422721967170061       0.62772343252996188       0.63024453935361902       0.61158540870222056     
   1997.2254600000001        290.86925444209078        6.2185741613368737E-004  -11.265530061900265       -2.3476561451951325       0.12713547234474040        1.1698557892891375E-003
   1971.7959000000001        290.85126989371844        6.4167118401824662E-004  -11.264196695056457       -2.3693449065002739       0.12713547234474040        1.1698557892891375E-003
   1946.3670700000000        290.83065883438917        6.5948211323252110E-004  -11.259505173827641       -2.4019011538801269       0.27259832634904180        5.0774967274191674E-003
   1920.9388400000000        290.80840120438774        6.7242364744018925E-004  -11.252928919449666       -2.4387748763266228       0.34608844795491367        7.7526488486892985E-003
   1895.5111099999999        290.77369915646881        6.8395372584169464E-004  -11.244923353807019       -2.4809609930755845       0.37587795782830108        7.0525390166555537E-003
   1870.0839800000001        290.70582053701111        6.9391947772236035E-004  -11.236936307268785       -2.5304783190017925       0.38066609015631092        4.9298361770010639E-003
   1844.6575900000000        290.63171351136702        6.9780019947837701E-004  -11.233479648928034       -2.5837933331975673       0.42311236052909784        5.6833513531259934E-003
   1819.2318100000000        290.54995823655617        6.9903290753989549E-004  -11.238801668586166       -2.6409092176668536       0.47524022218640893        6.6574568728090810E-003
   1793.8067599999999        290.41831143624358        6.9947066790130967E-004  -11.257017498163750       -2.7041513510710269       0.50853969197031312        5.7807322086201708E-003
   1768.3824500000001        290.16400769715631        6.9998024887097960E-004  -11.291795241450702       -2.7739377572484565       0.53113827200120833        4.3437375730735429E-003
   1742.9588600000000        289.89747984200619        7.0218818279325738E-004  -11.340449387469185       -2.8419596370694347       0.60998090986237286        5.4656281512771515E-003
   1717.5362500000001        289.63288319477948        7.1110684268068671E-004  -11.400966570237834       -2.9063231563546763       0.69758012219645182        7.0160527193872113E-003
   1692.1140100000000        289.39247744891281        7.6327026805225425E-004  -11.470818028648354       -2.9650747964129831       0.79640751689517486        9.4063288082081274E-003
   1666.6927499999999        289.18803127856677        1.2996455486154080E-003  -11.547569369608427       -3.0168106700637338       0.90429421334572624        1.2922137143267370E-002
   1641.2723400000000        289.09148709812223        3.1327542018341264E-003  -11.622367760036276       -3.0571420564822480        1.1113671534823875        2.8629993814814791E-002
   1615.8527799999999        289.09093745060608        3.1538332413469225E-003  -11.660035025589188       -3.0732809214336876        2.4953400125946761        1.9017331629428631     
   1590.4340800000000        289.09095016068284        3.1586089403728970E-003  -11.683671311775445       -3.0812759120506183        4.2116558716228472        8.5651287301970367     
   1565.0162399999999        289.09104227009340        3.1615836024647594E-003  -11.698564339339491       -3.0852670676919947        8.0360705325849544        14.021843964028617     
   1539.5992400000000        289.09117897286404        3.1639308134870921E-003  -11.711058807427101       -3.0878690261309409        11.300267573430977        18.137185251819631     
   1514.1834699999999        289.09135072384151        3.1659703238984455E-003  -11.722703328474342       -3.0896823449141690        13.878008761704368        21.254439792296079     
   1488.7685500000000        289.09155272389819        3.1678278566564968E-003  -11.734030795309241       -3.0909105452626031        15.977691201122875        23.744403048148243     
   1463.3546100000001        289.09178179225182        3.1695659881939395E-003  -11.745269869272065       -3.0916407973442972        17.745058402873006        25.814511757981833     
   1437.9417699999999        289.09203552165854        3.1712207195089639E-003  -11.756530741691954       -3.0919153215179187        19.270172528427846        27.582454734668687     
   1412.5300299999999        289.09231195384319        3.1728148420581384E-003  -11.767869263101970       -3.0917558012579658        20.609933858466292        29.119635435637029     
   1387.1193800000001        289.09260942246425        3.1743637780889977E-003  -11.779313429146198       -3.0911734452139115        21.801674669991478        30.472029175464861     
   1361.7099599999999        289.09292646660805        3.1758784874582491E-003  -11.790875865657251       -3.0901736658633250        22.870688172744391        31.670575086655731     
   1336.3018800000000        289.09326178012839        3.1773670645464320E-003  -11.802560319275065       -3.0887585461733438        23.834595034574331        32.736844036672068     
   1310.8949000000000        289.09361417322964        3.1788356513317143E-003  -11.814365112891220       -3.0869281013525991        24.706128242113628        33.686690108983896     
   1285.4893800000000        289.09398255071324        3.1802890285915100E-003  -11.826285204621310       -3.0846810632423463        25.494365628287138        34.531420073148155     
   1260.0852100000000        289.09436589301845        3.1817309874996131E-003  -11.838313511141168       -3.0820152819108801        26.206047877602771        35.279737553609493     
   1234.6824999999999        289.09476324462679        3.1831645913423952E-003  -11.850441544829312       -3.0789280332988520        26.846187517942202        35.938145173500438     
   1209.2811300000001        289.09517369990010        3.1845923407154255E-003  -11.862659903577589       -3.0754161199120014        27.418538117670138        36.511775059487512     
   1183.8813500000001        289.09559639571773        3.1860163072219725E-003  -11.874958545983633       -3.0714759719753415        27.925774964510495        37.004358269547168     
   1158.4832799999999        289.09603050529375        3.1874382318205770E-003  -11.887326977300921       -3.0671036906440619        28.369858718266016        37.418758223969938     
   1133.0869100000000        289.09647523240528        3.1888595971812706E-003  -11.899754393587326       -3.0622949838762334        28.752202820915954        37.757226845627642     
   1107.6922600000000        289.09692979497515        3.1902816483284479E-003  -11.912229481558427       -3.0570452716728145        29.073961137192750        38.021819271631252     
   1082.3005400000000        289.09739344938811        3.1917055290557345E-003  -11.924740894158507       -3.0513493948433656        29.334970985330944        38.212330207702848     
   1056.9097899999999        289.09786545735057        3.1931322256046552E-003  -11.937277000133017       -3.0452016424867034        29.536324067407069        38.331157004083323     
   1031.5210000000000        289.09834508856125        3.1945626190410014E-003  -11.949825556786834       -3.0385958334370362        29.677749647617606        38.378194784882773     
   1006.1343400000000        289.09883161305117        3.1959975014103480E-003  -11.962373751693612       -3.0315250600567332        29.758906184307985        38.353492859918887     
   980.75000000000000        289.09932430439983        3.1974376197548928E-003  -11.974908288579698       -3.0239815802442997        29.779440333284089        38.257096924979805     
   955.36804199999995        289.09982243229382        3.1988836869526519E-003  -11.987415184434317       -3.0159566359830694        29.738815660492818        38.088827912956191     
   929.98846400000002        289.10032525317814        3.2003363871760801E-003  -11.999879580037456       -3.0074402831988087        29.636427314145340        37.848493820927899     
   904.61157200000002        289.10083200623160        3.2017963978923500E-003  -12.012285518138434       -2.9984212041656710        29.471412444784768        37.535484302903008     
   879.23742700000003        289.10134190398168        3.2032643983595809E-003  -12.024615763008129       -2.9888864054208071        29.242921801228931        37.149331110184441     
   853.86627199999998        289.10185412459674        3.2047410864086872E-003  -12.036851503830819       -2.9788209472839511        28.949967731851434        36.689367521992949     
   828.49829099999999        289.10236780271117        3.2062271960217382E-003  -12.048972031947280       -2.9682074631913880        28.591450622973205        36.154835159441660     
   803.13348399999995        289.10288201189610        3.2077234977421951E-003  -12.060954254539778       -2.9570257656726895        28.166375320122228        35.545228654387309     
   777.77227800000003        289.10339575196508        3.2092308221894185E-003  -12.072772176621974       -2.9452522506063765        27.673464184089919        34.859661409820191     
   752.41485599999999        289.10390793000431        3.2107500778248005E-003  -12.084396276617426       -2.9328590072293674        27.111454045169815        34.097421523814539     
   727.06133999999997        289.10441733383232        3.2122822631942866E-003  -12.095792615105706       -2.9198130161851776        26.479140727349037        33.257981378222638     
   701.71209699999997        289.10492260026558        3.2138284856025696E-003  -12.106921701616832       -2.9060747614702405        25.775141741191174        32.340742361002107     
   676.36755400000004        289.10542217903441        3.2153899969651922E-003  -12.117737125315012       -2.8915966594332780        24.997979294562917        31.345112618495840     
   651.02789299999995        289.10591427788592        3.2169682141673455E-003  -12.128183597703035       -2.8763207317587538        24.146262139486481        30.270931238775976     
   625.69360400000005        289.10639679578310        3.2185647597756223E-003  -12.138194412911121       -2.8601756804944092        23.218394895238305        29.118011421120070     
   600.36511199999995        289.10686723171062        3.2201815073205505E-003  -12.147687864002609       -2.8430725892370279        22.212717705949533        27.886473934869457     
   575.04284700000005        289.10732255993020        3.2218206359417466E-003  -12.156562207682130       -2.8248991223275399        21.127536976736629        26.576832125464875     
   549.72741699999995        289.10775905887385        3.2234847044645344E-003  -12.164688439459278       -2.8055108147803520        19.961002506314486        25.189943983860697     
   524.41943400000002        289.10817206848168        3.2251767425806330E-003  -12.171899500546058       -2.7847182950335725        18.711250927944842        23.727264484020633     
   499.11962899999997        289.10855564025456        3.2269003680475547E-003  -12.177973696261667       -2.7622677061790024        17.376469823760729        22.190928611028408     
   473.82891799999999        289.10890202245452        3.2286599467961203E-003  -12.182608118763723       -2.7378093854400389        15.955039411196262        20.583740519668165     
   448.54824800000000        289.10920087977394        3.2304608125694914E-003  -12.185374491521417       -2.7108464130777024        14.445859228229409        18.908817044612377     
   423.27871699999997        289.10943808001963        3.2323096449480069E-003  -12.185641503945494       -2.6806450636244894        12.848029484690345        17.166796528336356     
   398.02175899999997        289.10959374805833        3.2342156204542196E-003  -12.182429198754924       -2.6460657018612270        11.154962456943244        15.340432314617253     
   372.77890000000002        289.10963880865228        3.2361970404874521E-003  -12.174097918392931       -2.6051624322763107        9.2888302479898002        13.269377134893666     
   347.55215500000003        289.10951211938766        3.2385526716424565E-003  -12.156886080652994       -2.5522535372137281        7.8050719525096657        9.3324706501719827     
   322.34393299999999        289.10902039390413        3.2417322883697354E-003  -12.129076528008873       -2.4906319541717532        7.0212370602457446        6.4148062876541907     
   297.15716600000002        289.10783186713223        3.2458514099458209E-003  -12.088664139033973       -2.4212550741206806        6.5354961262602664        4.6515901424293515     
   271.99560500000001        289.10537938929247        3.2510920968314228E-003  -12.033034289914839       -2.3440261691558115        6.2109452597694252        3.5163448547086560     
   246.86404400000001        289.10070854439340        3.2576574520907565E-003  -11.959383226110265       -2.2590158632110504        5.9020441471854674        2.6920476125755348     
   221.76879900000000        289.09252109743312        3.2654914353626449E-003  -11.867388523098494       -2.1690063615256179        5.3383539176224426        1.9426569124137376     
   196.71839900000001        289.07512023400255        3.2767397886879473E-003  -11.733817779117004       -2.0577036866718066        5.8356072194704112        1.8532727058800040     
   171.72468599999999        289.04933282896951        3.2882927430942913E-003  -11.594445595562895       -1.9570618853781707        4.0864058063000908       0.90707293448716764     
   146.80502300000001        288.98499740189339        3.3072630422481212E-003  -11.363431973775887       -1.8140805441103902        5.1201937284550132        1.1115116914999679     
   121.98595400000001        288.87034028395902        3.3290080815988107E-003  -11.111174579784693       -1.6793941500534035        3.3354399759095190       0.46564887630698876     
   97.311340299999998        288.57640086041800        3.3622344460061582E-003  -10.721812505056912       -1.5023569784203750        3.2097702143496689       0.38659010900584861     
   72.861091599999995        287.79687049776663        3.4069760115436384E-003  -10.155669667399316       -1.2872483492198794        2.3703213205275016       0.21538709051600555     
   48.804748500000002        285.69595971068566        3.4511649185954519E-003  -9.2405361168273537       -1.0062540859633053        1.6000878486113499       0.13476649903745513     
   25.613332700000001        283.81728719107593        3.4526590802622611E-003  -7.9963279103982652      -0.71858225816717736        1.2251986574406042       0.26243969687074298     
   10.000000000000000        282.46455065659086        3.4445497799252354E-003  -5.6101678205108225      -0.33525887908195096       0.60593115079942617       0.41725236373514735     
   1997.2254600000001        290.86796299550946        6.2325587395347206E-004  -11.375655141194384       -7.0175826532803844       0.14836532603040359        1.5660625433993017E-003
   1971.7959000000001        290.84910194432888        6.4331545610147309E-004  -11.369906424950976       -7.0406791078293391       0.14836532603040359        1.5660625433993017E-003
   1946.3670700000000        290.82826074739785        6.6003675618958222E-004  -11.359920770244949       -7.0773411669191688       0.35773010916478587        8.8478688945873695E-003
   1920.9388400000000        290.80547369606523        6.7213914176604236E-004  -11.348570215638048       -7.1209435452893457       0.48739321564488242        1.5546434202612331E-002
   1895.5111099999999        290.77000927266766        6.8309462979687739E-004  -11.336454449541344       -7.1727443646860483       0.56109939315192192        1.5954126016360485E-002
   1870.0839800000001        290.70257815047131        6.9301419723060808E-004  -11.324424654184648       -7.2345645502798606       0.59216404974403480        1.2295302001168228E-002
   1844.6575900000000        290.62815140028971        6.9728725883831547E-004  -11.314985034379662       -7.3011781844469859       0.65835154980876032        1.4103954161505625E-002
   1819.2318100000000        290.54485456675098        6.9881871139956678E-004  -11.309253294431237       -7.3721681933378189       0.71469443572749936        1.5286644607614258E-002
   1793.8067599999999        290.41153387716139        6.9945532480617824E-004  -11.308090305082203       -7.4513080814017201       0.72216920942303753        1.1814246943972533E-002
   1768.3824500000001        290.15897070306528        7.0029406214388353E-004  -11.313231368228973       -7.5410080076653792       0.70179384615400142        7.7185000016221118E-003
   1742.9588600000000        289.89254622448527        7.0432457373251613E-004  -11.325876774694159       -7.6326102235960613       0.74149523870033862        8.1594600508903426E-003
   1717.5362500000001        289.62851184188162        7.3139956452113099E-004  -11.346633498134016       -7.7241667714324276       0.78559640321989255        8.9641991987685458E-003
   1692.1140100000000        289.38889814218527        9.2676097330003789E-004  -11.375553648414739       -7.8132971025088613       0.83928617221520552        1.0495232859638864E-002
   1666.6927499999999        289.18951019904847        1.8701423326908508E-003  -11.412190532746637       -7.8977344836405772       0.90515163350207894        1.3121688423378510E-002
   1641.2723400000000        289.10795020897359        3.0012029642857009E-003  -11.451641663694444       -7.9681753209643222        1.0882708898479319        3.0002202776461796E-002
   1615.8527799999999        289.10166908418108        3.1012280595660458E-003  -11.483549178174709       -8.0132026656573814        1.6671494886218785       0.27844513543866767     
   1590.4340800000000        289.10002883176884        3.1308326922183075E-003  -11.513837350740902       -8.0479126711412690        2.1017067866679500       0.84527912014305440     
   1565.0162399999999        289.09933499976700        3.1451622955959782E-003  -11.543921647420877       -8.0764272823808447        2.4608862342756210        1.6189893213717630     
   1539.5992400000000        289.09897554109358        3.1538034633959845E-003  -11.574091527169015       -8.1003373692083915        2.7926819735536630        2.5284685632115615     
   1514.1834699999999        289.09877034317657        3.1596825932556903E-003  -11.604328050457021       -8.1204774420606345        3.1158001035400047        3.5331494967477206     
   1488.7685500000000        289.09864787116805        3.1640024831962599E-003  -11.634534984321251       -8.1373940470158299        3.4412216632695234        4.6085553254561624     
   1463.3546100000001        289.09857431009146        3.1673488915169609E-003  -11.664575444909399       -8.1514801735392730        3.7719000036387307        5.7308953453358829     
   1437.9417699999999        289.09853154102080        3.1700478683038959E-003  -11.694345329130190       -8.1630654591168756        4.1160751068573012        6.8926231462788818     
   1412.5300299999999        289.09850911908603        3.1722908637809122E-003  -11.723716816451869       -8.1724158385131513        4.4713688127385192        8.0717874477583891     
   1387.1193800000001        289.09850053534808        3.1742045582604738E-003  -11.752635718735577       -8.1797847485268740        4.8503089094208844        9.2771770532592939     
   1361.7099599999999        289.09850163314411        3.1759200330770073E-003  -11.781013611191520       -8.1853857072741452        5.2461521231171959        10.422205441443948     
   1336.3018800000000        289.09851012349640        3.1775111341876437E-003  -11.809084658557104       -8.1894634267353794        5.6452273438838967        11.118808402868289     
   1310.8949000000000        289.09852439610250        3.1790009067033816E-003  -11.837025645441958       -8.1921897080360608        6.0144943005426876        11.737441276008749     
   1285.4893800000000        289.09854314850270        3.1804058294752327E-003  -11.864964940622819       -8.1936835317228844        6.3562771984558042        12.298414171533103     
   1260.0852100000000        289.09856528446181        3.1817384438085862E-003  -11.892999254166133       -8.1940265510157548        6.6713264510114945        12.809098232480329     
   1234.6824999999999        289.09858985119160        3.1830085961618237E-003  -11.921202758268343       -8.1932727768513356        6.9604020798131545        13.273806811265269     
   1209.2811300000001        289.09861599655210        3.1842241505552964E-003  -11.949632896959688       -8.1914551800376199        7.2244551992990829        13.695776262050522     
   1183.8813500000001        289.09864293930190        3.1853914836148449E-003  -11.978335067319849       -8.1885900880953422        7.4644076255000824        14.077404738391483     
   1158.4832799999999        289.09866994733864        3.1865158245223597E-003  -12.007346041377755       -8.1846801986973432        7.6811677202950062        14.420608222800013     
   1133.0869100000000        289.09869632119211        3.1876014964013332E-003  -12.036696464309182       -8.1797165538697918        7.8756149641955790        14.726946398942301     
   1107.6922600000000        289.09872138037605        3.1886520649895681E-003  -12.066411903647758       -8.1736799198937788        8.0486640398090472        14.997808415437936     
   1082.3005400000000        289.09874445529272        3.1896705723140082E-003  -12.096516738470925       -8.1665410797941895        8.2005524931119158        15.233045283728099     
   1056.9097899999999        289.09876487550019        3.1906595283880419E-003  -12.127032404359371       -8.1582615400512530        8.3323757379633054        15.433863007928823     
   1031.5210000000000        289.09878196307608        3.1916210572882535E-003  -12.157979501898383       -8.1487934465362226        8.4443282101169128        15.599346647706776     
   1006.1343400000000        289.09879502489611        3.1925569739256832E-003  -12.189378347502487       -8.1380791392306051        8.5364602621249617        15.727667214050289     
   980.75000000000000        289.09880334465856        3.1934689046891947E-003  -12.221250935787685       -8.1260503009547449        8.6082757586708247        15.814725117465871     
   955.36804199999995        289.09880617206130        3.1943584617288466E-003  -12.253623814588828       -8.1126258578009196        8.6573642055241233        15.849400483551959     
   929.98846400000002        289.09880270359594        3.1952277242096581E-003  -12.286537676798925       -8.0977064510724954        8.6788963511567019        15.617668878520773     
   904.61157200000002        289.09879188204690        3.1960923192864543E-003  -12.320054452159651       -8.0811679796253628        8.7270213773200922        15.255624596168554     
   879.23742700000003        289.09877233189053        3.1969596747726007E-003  -12.354023632481953       -8.0629796664465747        8.7468272852213786        14.825623743845091     
   853.86627199999998        289.09874241610453        3.1978340215772626E-003  -12.388444143787675       -8.0430330178987770        8.7793095245560746        14.404815927371320     
   828.49829099999999        289.09870025503108        3.1987176709312101E-003  -12.423235907574481       -8.0212541535249002        8.8014534355755458        13.954088937125917     
   803.13348399999995        289.09864372323949        3.1996118548953201E-003  -12.458267830445234       -7.9975987058672207        8.7977259995361710        13.449493260123505     
   777.77227800000003        289.09857008570077        3.2005213485422636E-003  -12.493510840895267       -7.9719500720520760        8.7959062041373741        12.940252545602535     
   752.41485599999999        289.09847614176766        3.2014496168329652E-003  -12.528870916183237       -7.9442241217464362        8.7768755635189262        12.396123658999301     
   727.06133999999997        289.09835810840838        3.2023996961000191E-003  -12.564219400531112       -7.9143559020401399        8.7303859648543458        11.803987490973755     
   701.71209699999997        289.09821115945255        3.2033766123431952E-003  -12.599463796967024       -7.8822407573389013        8.6668632858265724        11.183833891207854     
   676.36755400000004        289.09802924470148        3.2043861022168869E-003  -12.634499753975138       -7.8477659843064327        8.5833891999588854        10.534368047189520     
   651.02789299999995        289.09780467364976        3.2054348432954231E-003  -12.669211428528760       -7.8108067466300346        8.4781666180726063        9.8568202856948748     
   625.69360400000005        289.09752796496787        3.2065290234541614E-003  -12.703426946570213       -7.7712721946544185        8.3370509078825101        9.1367562353759091     
   600.36511199999995        289.09718592783275        3.2076792590409802E-003  -12.737033338943318       -7.7289700855284469        8.1808131940802049        8.4079929812086025     
   575.04284700000005        289.09676230290387        3.2088941031898637E-003  -12.769804519626259       -7.6838003233956931        7.9813143959751436        7.6408382449428798     
   549.72741699999995        289.09623307440722        3.2101896117461086E-003  -12.801598927826140       -7.6354859030749864        7.7708882306739229        6.8821204625826793     
   524.41943400000002        289.09556736567214        3.2115795192581716E-003  -12.832129502706856       -7.5838733631707145        7.5162990118825048        6.1010402328056514     
   499.11962899999997        289.09471917613297        3.2130855874629959E-003  -12.861137037940296       -7.5286514613415578        7.2396762393523888        5.3313605110764142     
   473.82891799999999        289.09362144479121        3.2147343014190233E-003  -12.888278121132023       -7.4694833922753405        6.9340985952288028        4.5743894323345016     
   448.54824800000000        289.09217601349707        3.2165552175134103E-003  -12.913067179438151       -7.4061126500143608        6.5787080249525882        3.8230962320747177     
   423.27871699999997        289.09022582823718        3.2185908643016033E-003  -12.934936851726688       -7.3381872919474036        6.1783646924367268        3.0964467940935907     
   398.02175899999997        289.08751738078257        3.2208934106707429E-003  -12.953113810577385       -7.2655253602572367        5.7055213567100660        2.3928664819345995     
   372.77890000000002        289.08357117175632        3.2235585816369696E-003  -12.966692212909434       -7.1875016570975339        5.1948729028432439        1.7545428740420261     
   347.55215500000003        289.07709259990582        3.2268892739230818E-003  -12.974553811295568       -7.0997743682187142        4.8883363909993633        1.2906066776852938     
   322.34393299999999        289.06239040206458        3.2321060787975815E-003  -12.973453602272579       -6.9850763572695103        5.3041908474863346        1.0712944794962334     
   297.15716600000002        288.99231416808431        3.2471939192913152E-003  -12.953846685926219       -6.8183700146693473        5.1824638225429043       0.48793372026617743     
   271.99560500000001        288.96282643583231        3.2520070192963214E-003  -12.945243290216405       -6.7717016625898347       0.64541717916429298        1.1232224642936784E-002
   246.86404400000001        288.81812051205304        3.2685841296371618E-003  -12.763623080977776       -6.2440859748850226        26.963782326143971        10.471469084607293     
   221.76879900000000        288.80327349172114        3.2699154329059229E-003  -12.751996746457054       -6.2151234798295212       0.31110482515630200        4.4542300784048798E-003
   196.71839900000001        288.51915685417248        3.2884523271751601E-003  -12.318789150072529       -5.4847057074016670        32.680105229420185        13.657131010562791     
   171.72468599999999        288.49146642949501        3.2898990829691504E-003  -12.296370036653023       -5.4506183944877042       0.27685984629271071        3.4696407545842124E-003
   146.80502300000001        287.96438154043477        3.3104988206205388E-003  -11.520196846443390       -4.5638154818226164        30.141456958586566        12.320207585659308     
   121.98595400000001        287.89923247119071        3.3125361688100194E-003  -11.471899756844612       -4.5143117939986226       0.30366216029137194        4.4555175602055521E-003
   97.311340299999998        286.98689493050426        3.3337818199081840E-003  -10.341911843602627       -3.5951576317405776        18.017368608000858        6.4288158754113240     
   72.861091599999995        286.59148616759728        3.3407822323133197E-003  -10.155408534733297       -3.4645504478614479       0.51517453616942033        1.3109063294320872E-002
   48.804748500000002        282.23632416043267        3.3938567661068856E-003  -8.8266071633236525       -2.6932710086169958        2.7965240051042959       0.28715093458789998     
   25.613332700000001        280.65119571499753        3.4035655881317953E-003  -7.8052194736247547       -2.2210516004467959        1.0414971664785189       0.20635301742195147     
   10.000000000000000        279.55577975067337        3.4072763833923022E-003  -5.5270416909462359       -1.3707264033429241       0.64455356231055971       0.47386777413746933     
   1997.2254600000001        290.86720704802514        6.2404993559717591E-004  -9.6407299645954723       -10.676638649252753        6.1222060146570771E-002   2.5147573820114748E-004
   1971.7959000000001        290.84761270560671        6.4437650945000085E-004  -9.6285873842172744       -10.685886132167761        6.1222060146570771E-002   2.5147573820114748E-004
   1946.3670700000000        290.82642662789277        6.6048094705257836E-004  -9.6090123032337189       -10.702320006744081       0.16530359515205861        1.7878818604370736E-003
   1920.9388400000000        290.80311969148840        6.7206038910336578E-004  -9.5859184933747326       -10.723218943285453       0.23755149243815551        3.4818101594928947E-003
   1895.5111099999999        290.76703560252383        6.8260385235351280E-004  -9.5591724989724778       -10.749569285205707       0.28494798465005228        3.9046197682244144E-003
   1870.0839800000001        290.70000531920255        6.9238034373235587E-004  -9.5286588838841784       -10.782746755319486       0.31132826624997761        3.2834572279115850E-003
   1844.6575900000000        290.62550852622678        6.9688492917538316E-004  -9.4977494373520077       -10.820490362202316       0.35396085829311147        3.9276987003959429E-003
   1819.2318100000000        290.54131201734214        6.9863668537486373E-004  -9.4674158022243677       -10.863025324957862       0.39115423592972748        4.3927297098930946E-003
   1793.8067599999999        290.40714403796915        6.9945006451605223E-004  -9.4371375775575110       -10.913208744250218       0.40244824585874400        3.5415681110124468E-003
   1768.3824500000001        290.15623653640353        7.0070485089505138E-004  -9.4077487652712382       -10.973464170924141       0.39817035498142539        2.4264730415460146E-003
   1742.9588600000000        289.89014184202784        7.0770617337175955E-004  -9.3840898483805262       -11.038902451438338       0.42662110408826076        2.6320306930429993E-003
   1717.5362500000001        289.62651548055254        7.5718802106508447E-004  -9.3685852995779459       -11.108462222624222       0.45999507407884194        2.9965306653516586E-003
   1692.1140100000000        289.38728405401093        1.0501700242017266E-003  -9.3636620845253002       -11.180314536450581       0.50379246350577422        3.6880272151269514E-003
   1666.6927499999999        289.19093342878358        2.0807995667570579E-003  -9.3712969891573774       -11.251820377587352       0.56517749691987906        5.0281994824991350E-003
   1641.2723400000000        289.11406738900206        2.9635155248557759E-003  -9.3904178966527514       -11.313173868462476       0.72216868703858716        1.3269133017839477E-002
   1615.8527799999999        289.10466840371913        3.0863065401463339E-003  -9.4138586456055737       -11.355734752393055        1.1138489751592031        9.7697991306104501E-002
   1590.4340800000000        289.10208127659610        3.1227828073159382E-003  -9.4405474394210991       -11.388682694440728        1.5184417858068462       0.35435401358590729     
   1565.0162399999999        289.10098195995289        3.1390657968187047E-003  -9.4698141145818227       -11.415574880677653        1.9330433352226870       0.84433263659103364     
   1539.5992400000000        289.10037481776101        3.1483490194592375E-003  -9.5012217541216852       -11.438180910641467        2.3502793512773250        1.5368007072030703     
   1514.1834699999999        289.09997807878995        3.1545300521313730E-003  -9.5344809730745492       -11.457516874534466        2.7641680284381849        2.3529635161997584     
   1488.7685500000000        289.09968840146024        3.1590793975192970E-003  -9.5693851101628020       -11.474215484588555        3.1716097500044933        3.2230990162480175     
   1463.3546100000001        289.09946011531025        3.1626591018369416E-003  -9.6057783059250532       -11.488696161989466        3.5706547252961363        4.1005679341734433     
   1437.9417699999999        289.09927003036722        3.1656091024246614E-003  -9.6435390159106831       -11.501251036735322        3.9601815042648698        4.9579373360309935     
   1412.5300299999999        289.09910507025762        3.1681219408303623E-003  -9.6825668303850794       -11.512090522501479        4.3393191169374008        5.7799208514319194     
   1387.1193800000001        289.09895721329571        3.1703154727472900E-003  -9.7227774241993732       -11.521370998378067        4.7078248176730257        6.5591891781224057     
   1361.7099599999999        289.09882120457183        3.1722661712132783E-003  -9.7640948086679682       -11.529210760919849        5.0651936651456380        7.2919077561644414     
   1336.3018800000000        289.09869338471037        3.1740263513539788E-003  -9.8064526065902271       -11.535701783313618        5.4115422665971327        7.9773972203154999     
   1310.8949000000000        289.09857109555981        3.1756329921440235E-003  -9.8497859224477864       -11.540915638960936        5.7463527847005214        8.6150240509161833     
   1285.4893800000000        289.09845229569629        3.1771134231318582E-003  -9.8940374014116070       -11.544909805244066        6.0699066086958862        9.2060179551917294     
   1260.0852100000000        289.09833537070585        3.1784881853657819E-003  -9.9391496447643277       -11.547730116709525        6.3815681782146800        9.7502397703340460     
   1234.6824999999999        289.09821898134942        3.1797732460123358E-003  -9.9850692026427001       -11.549413745646342        6.6812056241833959        10.248456567022712     
   1209.2811300000001        289.09810197614132        3.1809812674073795E-003  -10.031745311531985       -11.549990975383707        6.9686432288182427        10.701317701320304     
   1183.8813500000001        289.09798333804241        3.1821223967021181E-003  -10.079126882431275       -11.549486262199029        7.2429683007213175        11.108101473191772     
   1158.4832799999999        289.09786211998681        3.1832050670837645E-003  -10.127168240263410       -11.547919427738391        7.5041864934843048        11.469595718599459     
   1133.0869100000000        289.09773742934425        3.1842362397596076E-003  -10.175822936479474       -11.545306128777973        7.7511823566539721        11.784557261031450     
   1107.6922600000000        289.09760839643633        3.1852217629275512E-003  -10.225044425424327       -11.541658548479175        7.9832694431328637        12.052438419491160     
   1082.3005400000000        289.09747411032436        3.1861668944485558E-003  -10.274798606705758       -11.536984973491522        8.2004191827840529        12.273701916429435     
   1056.9097899999999        289.09733366995789        3.1870759158956177E-003  -10.325040592257579       -11.531291132100751        8.4004406631009942        12.445179572212364     
   1031.5210000000000        289.09718612369784        3.1879525806362287E-003  -10.375726281343418       -11.524580168446256        8.5817270208733198        12.564650700186299     
   1006.1343400000000        289.09703029639212        3.1888010275511361E-003  -10.426853146224060       -11.516846914743670        8.7511429406574610        12.644137640873838     
   980.75000000000000        289.09686528720192        3.1896229864710724E-003  -10.478317054725883       -11.508097103366547        8.8866170023416622        12.647347951033538     
   955.36804199999995        289.09668933826293        3.1904235112474640E-003  -10.530200595546457       -11.498304631598446        9.0244265929450815        12.634819447766704     
   929.98846400000002        289.09650158201725        3.1912024471997258E-003  -10.582323620250973       -11.487484125080078        9.1091866928379357        12.516639366629002     
   904.61157200000002        289.09629951793744        3.1919654774426164E-003  -10.634833329846716       -11.475585380887187        9.2064927557618486        12.399477340752936     
   879.23742700000003        289.09608185458723        3.1927121787518366E-003  -10.687545716009270       -11.462620045872827        9.2459519588835875        12.171903582691225     
   853.86627199999998        289.09584568137598        3.1934466494503155E-003  -10.740536914957490       -11.448538756133146        9.2796740182917734        11.917135362365359     
   828.49829099999999        289.09558802745920        3.1941712647815478E-003  -10.793788135465643       -11.433305312150502        9.2857921138631454        11.601754953245315     
   803.13348399999995        289.09530578405776        3.1948871134072957E-003  -10.847201870957559       -11.416899333394126        9.2460874463790432        11.200566190772436     
   777.77227800000003        289.09499379424147        3.1955984364178814E-003  -10.900863689519246       -11.399238846443719        9.1962313284380226        10.767638437341931     
   752.41485599999999        289.09464664467407        3.1963072483602519E-003  -10.954715384454213       -11.380272457903851        9.1041078447744805        10.258218506576991     
   727.06133999999997        289.09425709440711        3.1970163922074822E-003  -11.008731079490044       -11.359926865780391        8.9742223562433754        9.6820130666374489     
   701.71209699999997        289.09381455969589        3.1977308296026086E-003  -11.062985775860044       -11.338073476843247        8.8240090320801627        9.0648238156090866     
   676.36755400000004        289.09330692964761        3.1984530021902605E-003  -11.117361487373742       -11.314635981487786        8.6122725779431804        8.3573773281711574     
   651.02789299999995        289.09271275017943        3.1991921099647847E-003  -11.172077014394180       -11.289368646767413        8.4003494568727515        7.6395662338988712     
   625.69360400000005        289.09200998143780        3.1999492680051082E-003  -11.226784520723175       -11.262241680530723        8.0778132444986568        6.7890891820659354     
   600.36511199999995        289.09114845099384        3.2007436079619410E-003  -11.282003416330957       -11.232759466883648        7.7964765033358958        5.9817135436435533     
   575.04284700000005        289.09007240356118        3.2015796559727839E-003  -11.337201383709665       -11.200887238577032        7.3631500234247742        5.0283153660813662     
   549.72741699999995        289.08863432817492        3.2025013346433985E-003  -11.393427726367579       -11.165582385935606        7.0242204267305945        4.1710796846189897     
   524.41943400000002        289.08655681341622        3.2035669268175209E-003  -11.451231680408670       -11.125804115047966        6.6456654741542662        3.2807421070345719     
   499.11962899999997        289.08308259455293        3.2049374421153909E-003  -11.512383446229352       -11.079261529681229        6.2964664482978758        2.4022084437753706     
   473.82891799999999        289.07638283654080        3.2069087350449937E-003  -11.575204659461205       -11.025954359705416        5.3939026943968136        1.3278774974066971     
   448.54824800000000        289.06347849761727        3.2097727964306476E-003  -11.628005161880925       -10.975811670993060        3.2098586706822414       0.33882449325904251     
   423.27871699999997        289.00237171783118        3.2199392081258041E-003  -11.680342483055375       -10.919642570392057        1.7360876051025869        4.2283597602484110E-002
   398.02175899999997        288.91311599082638        3.2306547333733429E-003  -11.884741935889684       -10.640379068231978        22.439861643522605        6.7143810276402451     
   372.77890000000002        288.90390153504984        3.2316231552360249E-003  -11.896109450330439       -10.622236964308900       0.32456979727432017        3.9004731689109401E-003
   347.55215500000003        288.75096866246662        3.2443712877393755E-003  -12.131054056317774       -10.119949022423743        37.327644567798302        14.835004287023505     
   322.34393299999999        288.73869750659736        3.2452264225573727E-003  -12.138768884423349       -10.099461837464865       0.26035206060830429        2.3642038345279056E-003
   297.15716600000002        288.49104680046349        3.2591304888440254E-003  -12.292929879215784       -9.4043402559871847        41.470876437069911        16.125424096037808     
   271.99560500000001        288.47290083124244        3.2599930036356639E-003  -12.296598893650730       -9.3798002495311614       0.23176624647481295        1.7573318610579697E-003
   246.86404400000001        288.08647408830035        3.2750211587386467E-003  -12.291837718025100       -8.4614456384256478        44.572209474556182        17.461812917897614     
   221.76879900000000        288.06044293502441        3.2758836073351269E-003  -12.289727468812133       -8.4317335826471833       0.21896445305056061        1.6014382452873314E-003
   196.71839900000001        287.48572225672063        3.2916756687918548E-003  -12.021996258544943       -7.2860190998272323        44.392116808139299        17.853842081603300     
   171.72468599999999        287.44630796511728        3.2926034217212307E-003  -12.010281621534288       -7.2479686689836997       0.22393562497847458        1.8540323661531892E-003
   146.80502300000001        286.62525274703586        3.3089033394890104E-003  -11.363369702563968       -5.9286641256244739        37.498801680257337        15.263591302346573     
   121.98595400000001        286.54975813319140        3.3101988235539398E-003  -11.329168935309575       -5.8713772833128948       0.26440456254300482        3.0859200722471720E-003
   97.311340299999998        285.38657193528553        3.3274203224779413E-003  -10.258890698798945       -4.5587375488315862        21.353219349309359        7.9075729506601853     
   72.861091599999995        285.03107023061614        3.3320383088982883E-003  -10.111676034381532       -4.4121791054679340       0.45307988594242199        1.0600576785029500E-002
   48.804748500000002        281.81317786212992        3.3694638597984348E-003  -8.8095182214352601       -3.3878624477928585        3.6065793620558551       0.55812268528152975     
   25.613332700000001        279.62198535017899        3.3925279242215472E-003  -7.8263705786882394       -2.7981349524163113       0.94935656670520208       0.14692805072464013     
   10.000000000000000        278.42973183959833        3.4046624603841042E-003  -5.5490800309216644       -1.7219957581955116       0.66455865561120930       0.48603054688676622     
   1997.2254600000001        290.86697820393482        6.2428648482448258E-004  -6.3323916020990243       -12.592193986220446       0.10383627257069079        7.3706265589964961E-004
   1971.7959000000001        290.84728474932751        6.4459242348582338E-004  -6.3272511771965823       -12.572843996728141       0.10383627257069079        7.3706265589964961E-004
   1946.3670700000000        290.82607715399450        6.6053774188465895E-004  -6.3162048634340140       -12.546311020211698       0.20737084339984108        2.8472514954697762E-003
   1920.9388400000000        290.80269281513620        6.7202442426126622E-004  -6.3008622867429782       -12.518715676547535       0.24350985995278460        3.6575415436417031E-003
   1895.5111099999999        290.76650131362084        6.8250601521612885E-004  -6.2805678026852201       -12.490826889627032       0.24145255887710423        2.7736204327354474E-003
   1870.0839800000001        290.69955559317214        6.9225962626007491E-004  -6.2546118007664475       -12.463557867131158       0.21946894401924588        1.6051229612027214E-003
   1844.6575900000000        290.62504291166221        6.9680793108775271E-004  -6.2256096701453130       -12.440105102491634       0.20991861019599789        1.3469222380798958E-003
   1819.2318100000000        290.54065566137410        6.9860154810211564E-004  -6.1941702652187507       -12.421587492990827       0.19422499068118235        1.0468680580595191E-003
   1793.8067599999999        290.40628444399755        6.9945138836528949E-004  -6.1591645028202997       -12.409288462767133       0.16453572472455771        5.7013572569212286E-004
   1768.3824500000001        290.15562688866709        7.0081583372913492E-004  -6.1210292367703261       -12.406571464984880       0.13224868955775215        2.5795759833123423E-004
   1742.9588600000000        289.88938857173395        7.0866846670409591E-004  -6.0869367580624294       -12.417716306928824       0.11600819262696968        1.8640536855247294E-004
   1717.5362500000001        289.62532052989087        7.6463516812845522E-004  -6.0662965490421108       -12.446731074985541       0.11762165519191729        1.8707051324880452E-004
   1692.1140100000000        289.38517831059193        1.0882997487965541E-003  -6.0713957139024197       -12.488491642752955       0.17536094191895391        4.2881349910400054E-004
   1666.6927499999999        289.18861402369157        2.1581661662137632E-003  -6.1017834730548195       -12.530392347870386       0.29734066962076650        1.3524921655723612E-003
   1641.2723400000000        289.11294917632421        2.9930739470179881E-003  -6.1450196390512328       -12.562299818487610       0.51516116522953270        6.6729380536618152E-003
   1615.8527799999999        289.10312006142732        3.1124222171379887E-003  -6.1858959176587716       -12.581533275911998       0.95397572095766392        6.9144356871023230E-002
   1590.4340800000000        289.10098154378340        3.1381427731266868E-003  -6.2242288650303967       -12.594248045017496        1.5008843279249526       0.38132872750627561     
   1565.0162399999999        289.10013401908265        3.1479860843954079E-003  -6.2618598064421835       -12.603666211276458        2.0412607365213220        1.0531395688743088     
   1539.5992400000000        289.09962438952232        3.1536484524481039E-003  -6.3000572446047300       -12.611240880413757        2.5270167260431822        1.8747534257012788     
   1514.1834699999999        289.09925059321824        3.1576003905542643E-003  -6.3392461801638236       -12.617607680077743        2.9726275227217225        2.7168526112324201     
   1488.7685500000000        289.09894591536215        3.1606541408612391E-003  -6.3795561863957095       -12.623098527380549        3.3883838795689445        3.5313147650293222     
   1463.3546100000001        289.09868141309977        3.1631602258390379E-003  -6.4210072349896707       -12.627908276453947        3.7801385647563470        4.3012365890028716     
   1437.9417699999999        289.09844215518621        3.1652981181675348E-003  -6.4635737015720975       -12.632159539034607        4.1515303605751930        5.0216629585011674     
   1412.5300299999999        289.09821946174554        3.1671709784195498E-003  -6.5072093788281631       -12.635932610950501        4.5049532320525643        5.6922038701043292     
   1387.1193800000001        289.09800781100000        3.1688433070824308E-003  -6.5518594122224014       -12.639281310889528        4.8421328095440730        6.3142302871590834     
   1361.7099599999999        289.09780343606531        3.1703580157544822E-003  -6.5974646558952283       -12.642241939098506        5.1640736639781100        6.8891891693309448     
   1336.3018800000000        289.09760359399201        3.1717451958466589E-003  -6.6439672155465157       -12.644838928609788        5.4716566505199724        7.4188134480978762     
   1310.8949000000000        289.09740619519704        3.1730266771868268E-003  -6.6913079927290129       -12.647088091744937        5.7651651649113660        7.9040631084792938     
   1285.4893800000000        289.09720954525409        3.1742189633905738E-003  -6.7394321863699993       -12.648999393517428        6.0449976614709469        8.3460716459837325     
   1260.0852100000000        289.09701222040530        3.1753347801363593E-003  -6.7882859979383712       -12.650578159435032        6.3110001249638223        8.7450408341252004     
   1234.6824999999999        289.09681296071204        3.1763842231516508E-003  -6.8378189708411758       -12.651826399656404        6.5630152614739492        9.1010935406764286     
   1209.2811300000001        289.09661059761942        3.1773754927860711E-003  -6.8879849827803437       -12.652743597757350        6.8010647751275357        9.4145882633931119     
   1183.8813500000001        289.09640402365216        3.1783152812089794E-003  -6.9387381329967477       -12.653327070474251        7.0241968441185687        9.6842059751686538     
   1158.4832799999999        289.09619212335133        3.1792092538400355E-003  -6.9900383334777283       -12.653572643841457        7.2322272555153910        9.9098489225717969     
   1133.0869100000000        289.09597373861220        3.1800622728019893E-003  -7.0418509059907475       -12.653474713341506        7.4248687366391355        10.091214970999015     
   1107.6922600000000        289.09574769013801        3.1808783656971551E-003  -7.0941357549059001       -12.653026246612402        7.6002846960131452        10.225504115593759     
   1082.3005400000000        289.09551266151510        3.1816611833030135E-003  -7.1468623888169027       -12.652219278247417        7.7574336584531274        10.311112429300406     
   1056.9097899999999        289.09526698426339        3.1824145969388319E-003  -7.2000407038020819       -12.651044449191112        7.9030624823081466        10.358937541624773     
   1031.5210000000000        289.09500969490381        3.1831394809289284E-003  -7.2535290936316787       -12.649491763060208        8.0080093022261067        10.323418769317076     
   1006.1343400000000        289.09473723771771        3.1838429745264666E-003  -7.3075777001264521       -12.647546312893358        8.1408744566935596        10.310998387167313     
   980.75000000000000        289.09445047625303        3.1845197471981751E-003  -7.3616851684441178       -12.645203072493102        8.1636562238034980        10.110973905788255     
   955.36804199999995        289.09414166246648        3.1851838767010055E-003  -7.4165947652636994       -12.642428083919134        8.3000773537802033        10.060727879191550     
   929.98846400000002        289.09381458888919        3.1858227082559140E-003  -7.4713126543598118       -12.639234825736473        8.2318291318452435        9.6890208312599793     
   904.61157200000002        289.09345687977270        3.1864548002986499E-003  -7.5269457172356242       -12.635559900429794        8.3382099759644941        9.5486236575114489     
   879.23742700000003        289.09307142710992        3.1870683335409955E-003  -7.5825179487404464       -12.631424319922051        8.2381628705032899        9.0960992669323630     
   853.86627199999998        289.09264646485900        3.1876746338285185E-003  -7.6386693718423624       -12.626767679493378        8.2206269524018385        8.7379682119271465     
   828.49829099999999        289.09217425013759        3.1882749943184553E-003  -7.6953246133484781       -12.621560067157764        8.1518816466462791        8.2893113577429656     
   803.13348399999995        289.09164709685899        3.1888682824916560E-003  -7.7521982887707521       -12.615786775294717        7.9922299012452021        7.7062007867032394     
   777.77227800000003        289.09104312419271        3.1894652908068121E-003  -7.8098590733830253       -12.609355193767174        7.8826027731407979        7.1657072570314773     
   752.41485599999999        289.09034262926650        3.1900677679413216E-003  -7.8681333952291519       -12.602224538972045        7.6878424372624927        6.5059845442593121     
   727.06133999999997        289.08951456186020        3.1906807774758701E-003  -7.9269753123621980       -12.594336116897450        7.4226990706083305        5.7570075540460506     
   701.71209699999997        289.08848544218102        3.1913280111578735E-003  -7.9874787591639755       -12.585472163096812        7.2450690104902638        5.0804939469154320     
   676.36755400000004        289.08721436850379        3.1919978178370188E-003  -8.0477327612062339       -12.575791263211284        6.6954684867505847        4.0647975860705916     
   651.02789299999995        289.08547046906449        3.1927555288441575E-003  -8.1104322506438997       -12.564774158510739        6.4021119988047950        3.2880717200973431     
   625.69360400000005        289.08309991640408        3.1935907196882457E-003  -8.1718436888301085       -12.552869351901011        5.5113890907995495        2.1727599079851028     
   600.36511199999995        289.07868511277064        3.1948107412510438E-003  -8.2443695890368929       -12.537389563549789        5.8183468567850678        1.8090812665486471     
   575.04284700000005        289.06667984130206        3.1972157815306607E-003  -8.3401966674393151       -12.514529180076625        6.4512270435526720        1.3639659535738597     
   549.72741699999995        289.01192192662046        3.2051226482232519E-003  -8.4578140533201189       -12.483024403822698        5.0037126690503309       0.36825200429982746     
   524.41943400000002        288.99467464270225        3.2072560159396770E-003  -8.4872061418189642       -12.473715265111251       0.61144056291039961        8.8492607663553206E-003
   499.11962899999997        288.91133153862256        3.2159152462501368E-003  -8.8693850961401495       -12.339602258907457        35.016568872931558        14.926902703494505     
   473.82891799999999        288.90554654206386        3.2164355930593257E-003  -8.8847123583804510       -12.332708368271428       0.29909135792249275        3.7305764503782141E-003
   448.54824800000000        288.78067755970267        3.2258624544115751E-003  -9.3344166942826785       -12.110327870782557        41.132233183190834        17.384222398767609     
   423.27871699999997        288.77175651007138        3.2264510292174448E-003  -9.3495960976998180       -12.100971018893715       0.25502224555819503        2.2440957327294355E-003
   398.02175899999997        288.58082050384564        3.2371975379515360E-003  -9.8311395360385223       -11.754553997413275        43.277504732529025        16.620169384330641     
   372.77890000000002        288.56671532255575        3.2378979584378629E-003  -9.8459606514671716       -11.741532874770865       0.22698656071647588        1.4924351027009054E-003
   347.55215500000003        288.28547372873487        3.2499045181569397E-003  -10.321263879875577       -11.225342021358133        44.874556142383753        16.051415669116555     
   322.34393299999999        288.26484859746301        3.2506835585917665E-003  -10.334607815704645       -11.207681540922040       0.20823845628580190        1.1365172815206025E-003
   297.15716600000002        287.86617421567081        3.2637683788602273E-003  -10.745059708703131       -10.475582032409877        46.289890774028549        16.094938336828488     
   271.99560500000001        287.83795416631426        3.2645928175188566E-003  -10.755339723974867       -10.452303334260282       0.19749731042702448        1.0025348392816988E-003
   246.86404400000001        287.29336338668429        3.2785817410294375E-003  -11.012132362685247       -9.4707332447615116        46.692958127439837        16.425994570976133     
   221.76879900000000        287.25608191841889        3.2794404516098296E-003  -11.017066753423967       -9.4404262287067677       0.19590081593152428        1.0535861501097805E-003
   196.71839900000001        286.53815874833998        3.2941698013384852E-003  -11.000652881990538       -8.2079658289821342        44.340161432964337        16.226415411954225     
   171.72468599999999        286.48706745062179        3.2951179459606858E-003  -10.996100667492955       -8.1673146466986406       0.20869568164789379        1.3961765951586091E-003
   146.80502300000001        285.56881620478708        3.3105063110068301E-003  -10.574505504508366       -6.7473779167639609        36.489197950696671        13.871869712931652     
   121.98595400000001        285.48223278197662        3.3118313916630825E-003  -10.548319487310140       -6.6848415296092627       0.25555688429914442        2.6690061027943098E-003
   97.311340299999998        284.30548521204798        3.3283093818137263E-003  -9.6653764539505200       -5.2752342565100641        20.588577031838700        7.3564329792077841     
   72.861091599999995        283.94597891357000        3.3329468038848934E-003  -9.5338414033319605       -5.1134912751137902       0.45312575299984381        1.0517558000315636E-002
   48.804748500000002        280.98590281522718        3.3683679764919751E-003  -8.3731616940130564       -4.0094945769128456        3.5045078484887173       0.54845639966947335     
   25.613332700000001        278.84872793720893        3.3918496584657153E-003  -7.4532608253524621       -3.3487962097958781       0.93704850943283258       0.14473791270419883     
   10.000000000000000        277.66272034876192        3.4041192400702880E-003  -5.3011945419840023       -2.1182778809876810       0.64920099966234657       0.47075575987930662     
   1997.2254600000001        290.86519524168426        6.2608417591053294E-004  -2.2781914023687371       -11.924740259773779        1.0000000000000000E-004   1.0000000000000000E-004
   1971.7959000000001        290.84499409635185        6.4601037987580651E-004  -2.2842950885547268       -11.891427133212785        1.0000000000000000E-004   1.0000000000000000E-004
   1946.3670700000000        290.82426089027234        6.6063220753612704E-004  -2.2947992903840673       -11.842804371637648        1.0000000000000000E-004   1.0000000000000000E-004
   1920.9388400000000        290.80126971220085        6.7147700485596662E-004  -2.3070796252322121       -11.787925506163694        1.0000000000000000E-004   1.0000000000000000E-004
   1895.5111099999999        290.76555927452421        6.8174615536401126E-004  -2.3209389650731840       -11.726427887702155        1.0000000000000000E-004   1.0000000000000000E-004
   1870.0839800000001        290.69976268474602        6.9162811719665322E-004  -2.3361104452495023       -11.657808675915717        1.0000000000000000E-004   1.0000000000000000E-004
   1844.6575900000000        290.62585861937595        6.9649821070561402E-004  -2.3506165290019307       -11.588243052970448        1.0000000000000000E-004   1.0000000000000000E-004
   1819.2318100000000        290.54173394889011        6.9849496169584354E-004  -2.3639515238987547       -11.518971750879635        1.0000000000000000E-004   1.0000000000000000E-004
   1793.8067599999999        290.40771123516231        6.9943752136778631E-004  -2.3766786981257573       -11.447991458290513        1.0000000000000000E-004   1.0000000000000000E-004
   1768.3824500000001        290.15746605417752        7.0085076269412892E-004  -2.3902083397259872       -11.375619256294739        1.0000000000000000E-004   1.0000000000000000E-004
   1742.9588600000000        289.89060904476440        7.0875665997988525E-004  -2.4097544313996164       -11.311692250003452        1.0000000000000000E-004   1.0000000000000000E-004
   1717.5362500000001        289.62354606070943        7.6792246800131585E-004  -2.4540931624130233       -11.270160023939553        1.0000000000000000E-004   1.0000000000000000E-004
   1692.1140100000000        289.38096739745663        1.1219660555602791E-003  -2.5161937924759799       -11.258761592429336        1.0000000000000000E-004   1.0000000000000000E-004
   1666.6927499999999        289.18369216990493        2.2466252925124257E-003  -2.5857804203447139       -11.253891171143414        1.0000000000000000E-004   1.0000000000000000E-004
   1641.2723400000000        289.11032959430105        3.0291575299360601E-003  -2.6525406500720163       -11.247193671520868        1.0000000000000000E-004   1.0000000000000000E-004
   1615.8527799999999        289.10186564482922        3.1206031297305570E-003  -2.7049708146175551       -11.238579249190979        1.0000000000000000E-004   1.0000000000000000E-004
   1590.4340800000000        289.10010941263721        3.1387359543680912E-003  -2.7498245933482086       -11.229180469808634        1.0000000000000000E-004   1.0000000000000000E-004
   1565.0162399999999        289.09927705166427        3.1468474525399416E-003  -2.7927889572629665       -11.219300844807954        1.0000000000000000E-004   1.0000000000000000E-004
   1539.5992400000000        289.09872682548371        3.1518774339808170E-003  -2.8355515413089005       -11.209182846065231        1.0000000000000000E-004   1.0000000000000000E-004
   1514.1834699999999        289.09830254310606        3.1555021182699127E-003  -2.8787074404492956       -11.199011900864253        1.0000000000000000E-004   1.0000000000000000E-004
   1488.7685500000000        289.09794628484696        3.1583392023945673E-003  -2.9224951348652923       -11.188922683643556        1.0000000000000000E-004   1.0000000000000000E-004
   1463.3546100000001        289.09763091160607        3.1606762096425749E-003  -2.9670067176059138       -11.179012759563118        1.0000000000000000E-004   1.0000000000000000E-004
   1437.9417699999999        289.09734165958997        3.1626682090932418E-003  -3.0122653052438535       -11.169352813069125        1.0000000000000000E-004   1.0000000000000000E-004
   1412.5300299999999        289.09706960662686        3.1644077333356402E-003  -3.0582585719643229       -11.159993593833835        1.0000000000000000E-004   1.0000000000000000E-004
   1387.1193800000001        289.09680890715003        3.1659542411122295E-003  -3.1049557543594326       -11.150971222290494        1.0000000000000000E-004   1.0000000000000000E-004
   1361.7099599999999        289.09655547138391        3.1673481412764081E-003  -3.1523158761156926       -11.142310680246224        1.0000000000000000E-004   1.0000000000000000E-004
   1336.3018800000000        289.09630625511073        3.1686182079296104E-003  -3.2002945510430982       -11.134028367819553        1.0000000000000000E-004   1.0000000000000000E-004
   1310.8949000000000        289.09605888415928        3.1697855949433160E-003  -3.2488441947787670       -11.126134338429180        1.0000000000000000E-004   1.0000000000000000E-004
   1285.4893800000000        289.09581139075260        3.1708664135102326E-003  -3.2979187016196079       -11.118633722119124        1.0000000000000000E-004   1.0000000000000000E-004
   1260.0852100000000        289.09556206873066        3.1718732100164491E-003  -3.3474729513526951       -11.111527858248197        1.0000000000000000E-004   1.0000000000000000E-004
   1234.6824999999999        289.09530936668148        3.1728159648223915E-003  -3.3974632863774712       -11.104815471242233        1.0000000000000000E-004   1.0000000000000000E-004
   1209.2811300000001        289.09505179439753        3.1737028144657128E-003  -3.4478498331083514       -11.098493245074208        1.0000000000000000E-004   1.0000000000000000E-004
   1183.8813500000001        289.09478786614949        3.1745404811818197E-003  -3.4985952681514743       -11.092556657076418        1.0000000000000000E-004   1.0000000000000000E-004
   1158.4832799999999        289.09451604986481        3.1753345848909076E-003  -3.5496634992152742       -11.087000496935786        1.0000000000000000E-004   1.0000000000000000E-004
   1133.0869100000000        289.09423471906626        3.1760898675082055E-003  -3.6010186393014130       -11.081819459575151        1.0000000000000000E-004   1.0000000000000000E-004
   1107.6922600000000        289.09394172822749        3.1768112769982198E-003  -3.6526758153385850       -11.077006500414283        1.0000000000000000E-004   1.0000000000000000E-004
   1082.3005400000000        289.09363614731927        3.1774997694415008E-003  -3.7044509278125952       -11.072562400712895        1.0000000000000000E-004   1.0000000000000000E-004
   1056.9097899999999        289.09331211271916        3.1781659860342969E-003  -3.7567674991415085       -11.068470585895264        1.0000000000000000E-004   1.0000000000000000E-004
   1031.5210000000000        289.09297449129235        3.1787974771946923E-003  -3.8086379214644777       -11.064750838108504        1.0000000000000000E-004   1.0000000000000000E-004
   1006.1343400000000        289.09260399635849        3.1794254395977623E-003  -3.8618911818876387       -11.061371401097537        1.0000000000000000E-004   1.0000000000000000E-004
   980.75000000000000        289.09222313597786        3.1800079633567801E-003  -3.9135283130204601       -11.058367903595377        1.0000000000000000E-004   1.0000000000000000E-004
   955.36804199999995        289.09178424638168        3.1806103473313485E-003  -3.9678624203827306       -11.055721300951305        1.0000000000000000E-004   1.0000000000000000E-004
   929.98846400000002        289.09133562476416        3.1811595731655682E-003  -4.0195389329452844       -11.053439353513420        1.0000000000000000E-004   1.0000000000000000E-004
   904.61157200000002        289.09080111347083        3.1817387064053643E-003  -4.0743437711574870       -11.051570145213592        1.0000000000000000E-004   1.0000000000000000E-004
   879.23742700000003        289.09022951047842        3.1822816749452719E-003  -4.1271821083537032       -11.050073534015658        1.0000000000000000E-004   1.0000000000000000E-004
   853.86627199999998        289.08955024517041        3.1828410131953685E-003  -4.1816373054643723       -11.049038944954539        1.0000000000000000E-004   1.0000000000000000E-004
   828.49829099999999        289.08874619579160        3.1834060768245621E-003  -4.2364913577995944       -11.048481610176665        1.0000000000000000E-004   1.0000000000000000E-004
   803.13348399999995        289.08776089125899        3.1839856804371314E-003  -4.2917247744105307       -11.048453194243203        1.0000000000000000E-004   1.0000000000000000E-004
   777.77227800000003        289.08642923480255        3.1846232963718617E-003  -4.3492930402417205       -11.049130734510820        1.0000000000000000E-004   1.0000000000000000E-004
   752.41485599999999        289.08441210925963        3.1853803485654051E-003  -4.4103905408301918       -11.050743802996314        1.0000000000000000E-004   1.0000000000000000E-004
   727.06133999999997        289.08107082877211        3.1863327661602872E-003  -4.4721720842625228       -11.053274868576615        1.0000000000000000E-004   1.0000000000000000E-004
   701.71209699999997        289.07230393627077        3.1881952466193816E-003  -4.5424702865245843       -11.057606938499356        1.0000000000000000E-004   1.0000000000000000E-004
   676.36755400000004        289.05190198036536        3.1916712930261572E-003  -4.5898379923515646       -11.060515778448208        1.0000000000000000E-004   1.0000000000000000E-004
   651.02789299999995        289.01175776908292        3.1970861628857331E-003  -4.8334410055402612       -11.089256190941299        1.0000000000000000E-004   1.0000000000000000E-004
   625.69360400000005        289.00786739681308        3.1975512144509651E-003  -4.8503861941969122       -11.089231091187287        1.0000000000000000E-004   1.0000000000000000E-004
   600.36511199999995        288.94519424979620        3.2039638422182450E-003  -5.2073506890224133       -11.134499145451683        1.0000000000000000E-004   1.0000000000000000E-004
   575.04284700000005        288.94053971837712        3.2043857396334106E-003  -5.2232903884460882       -11.134183579106477        1.0000000000000000E-004   1.0000000000000000E-004
   549.72741699999995        288.84690095005493        3.2117238928235313E-003  -5.6486174430175176       -11.172657386433489        1.0000000000000000E-004   1.0000000000000000E-004
   524.41943400000002        288.84007223069909        3.2122011105061108E-003  -5.6652773749459637       -11.171608705157412        1.0000000000000000E-004   1.0000000000000000E-004
   499.11962899999997        288.70309771479020        3.2205600771779436E-003  -6.1592618303582176       -11.176489811946990        1.0000000000000000E-004   1.0000000000000000E-004
   473.82891799999999        288.69282106702502        3.2211225841726611E-003  -6.1770628622482686       -11.173923683627439        1.0000000000000000E-004   1.0000000000000000E-004
   448.54824800000000        288.49756210883095        3.2305395611902567E-003  -6.7369527502182365       -11.109196044765170        1.0000000000000000E-004   1.0000000000000000E-004
   423.27871699999997        288.48211538016653        3.2312112882750721E-003  -6.7560331365825368       -11.104061493090896        1.0000000000000000E-004   1.0000000000000000E-004
   398.02175899999997        288.21118440102617        3.2416852502694517E-003  -7.3691175065563108       -10.924706288201078        1.0000000000000000E-004   1.0000000000000000E-004
   372.77890000000002        288.18849128968702        3.2424805240944439E-003  -7.3892149915125032       -10.915656887427868        1.0000000000000000E-004   1.0000000000000000E-004
   347.55215500000003        287.82356298688052        3.2539478465326253E-003  -8.0259788183415477       -10.570321330354101        1.0000000000000000E-004   1.0000000000000000E-004
   322.34393299999999        287.79172494467969        3.2548595411801308E-003  -8.0462076511101532       -10.555776870997548        1.0000000000000000E-004   1.0000000000000000E-004
   297.15716600000002        287.31603003909345        3.2671782392550085E-003  -8.6532784127568423       -9.9931403463684259        1.0000000000000000E-004   1.0000000000000000E-004
   271.99560500000001        287.27393710785560        3.2681769320359118E-003  -8.6719710173829387       -9.9713797635447055        1.0000000000000000E-004   1.0000000000000000E-004
   246.86404400000001        286.67532938448062        3.2811291144673534E-003  -9.1660770255319655       -9.1517938346580827        1.0000000000000000E-004   1.0000000000000000E-004
   221.76879900000000        286.62223340118550        3.2821873532427946E-003  -9.1806515364638948       -9.1207090680642633        1.0000000000000000E-004   1.0000000000000000E-004
   196.71839900000001        285.89519745842523        3.2955046581151369E-003  -9.4461888781902541       -8.0339330997306924        1.0000000000000000E-004   1.0000000000000000E-004
   171.72468599999999        285.82733702767160        3.2966550972495763E-003  -9.4522579359592029       -7.9893603600736336        1.0000000000000000E-004   1.0000000000000000E-004
   146.80502300000001        284.96796821889228        3.3101454992422084E-003  -9.3334963905957231       -6.6654422787491212        1.0000000000000000E-004   1.0000000000000000E-004
   121.98595400000001        284.86312047373201        3.3116768288514778E-003  -9.3174220831290597       -6.5916691889152403        1.0000000000000000E-004   1.0000000000000000E-004
   97.311340299999998        283.13488349348313        3.3393984023439589E-003  -8.4458544025037980       -4.9372991183526214        1.0000000000000000E-004   1.0000000000000000E-004
   72.861091599999995        281.52711231075017        3.3843672449040177E-003  -7.5220991551097987       -4.0569539250747191        2.6621257062674664        2.6722321407786196     
   48.804748500000002        280.58986155726166        3.4055910318832854E-003  -7.0214402906582132       -3.6123676719475375        1.7473219119318537        1.7539550300734086     
   25.613332700000001        280.01333488076682        3.4302536931019867E-003  -6.3022849834711954       -3.0816463545835973        7.4247936909297874        7.4529833142021404     
   10.000000000000000        279.79596943704991        3.4509362952751285E-003  -5.6460423369876267       -2.6713525786823555        4.8705386243553024        4.8890307068709529     
