   2.5000000000000001E-002   276.84637500000002       0.16186422514922810        1.1200463929873505        1.0114042566464135E-008
   5.0000000000000003E-002   276.84637500000002       0.16186422514922810        1.1200463929873505        1.0114042566464135E-008
  0.10000000000000001        276.84637500000002       0.16186422514922810        1.1200463929873505        1.0114042566464135E-008
  0.14999999999999999        276.84637500000002       0.16186422514922810        1.1200463929873505        1.0114042566464135E-008
  0.20000000000000001        276.84637500000002       0.16186422514922810        1.1200463929873505        1.0114042566464135E-008
  0.25000000000000000        276.84637500000002       0.16186422514922810        1.1200463929873505        1.0114042566464135E-008
  0.29999999999999999        276.84637500000002       0.16186422514922810        1.1200463929873505        1.0114042566464135E-008
  0.34999999999999998        276.84637500000002       0.16186422514922810        1.1200463929873505        1.0114042566464135E-008
  0.40000000000000002        276.84637500000002       0.16186422514922810        1.1200463929873505        1.0114042566464135E-008
  0.50000000000000000        276.84637500000002       0.16186422514922810        1.1200463929873505        1.0114042566464135E-008
  0.59999999999999998        276.84637500000002       0.16186422514922810        1.1200463929873505        1.0114042566464135E-008
  0.69999999999999996        276.84637500000002       0.16186422514922810        1.1200463929873505        1.0114042566464135E-008
  0.80000000000000004        276.84637500000002       0.16186422514922810        1.1200463929873505        1.0114042566464135E-008
   1.0000000000000000        276.84637500000002       0.16186422514922810        1.1200463929873505        1.0114042566464135E-008
   2.5000000000000001E-002   276.90155388323120       0.16186073565551598        1.1200330817457251        1.0112275704989969E-008
   5.0000000000000003E-002   276.85290431023600       0.16186422152288671        1.1200463791542858        1.0114040730171084E-008
  0.10000000000000001        276.84664428876863       0.16186422514927445        1.1200463929875275        1.0114042566487602E-008
  0.14999999999999999        276.84638471408044       0.16186422514922916        1.1200463929873548        1.0114042566464664E-008
  0.20000000000000001        276.84637530950118       0.16186422514922727        1.1200463929873474        1.0114042566463708E-008
  0.25000000000000000        276.84637500860589       0.16186422514922727        1.1200463929873474        1.0114042566463708E-008
  0.29999999999999999        276.84637500019790       0.16186422514922727        1.1200463929873474        1.0114042566463708E-008
  0.34999999999999998        276.84637500000338       0.16186422514922727        1.1200463929873474        1.0114042566463708E-008
  0.40000000000000002        276.84637500000042       0.16186422514922810        1.1200463929873505        1.0114042566464135E-008
  0.50000000000000000        276.84637500000002       0.16186422514922852        1.1200463929873523        1.0114042566464350E-008
  0.59999999999999998        276.84637499999917       0.16186422514922894        1.1200463929873536        1.0114042566464552E-008
  0.69999999999999996        276.84637499999917       0.16186422514922894        1.1200463929873536        1.0114042566464552E-008
  0.80000000000000004        276.84637499999906       0.16186422514922810        1.1200463929873505        1.0114042566464135E-008
   1.0000000000000000        276.84637500000002       0.16186422514922810        1.1200463929873505        1.0114042566464135E-008
   2.5000000000000001E-002   277.09711591980943       0.16184375693145417        1.1199683080135354        1.0103682601085026E-008
   5.0000000000000003E-002   276.89873877168588       0.16186416014597257        1.1200461450254577        1.0114009650405662E-008
  0.10000000000000001        276.85038323168754       0.16186422508900600        1.1200463927576270        1.0114042535969086E-008
  0.14999999999999999        276.84664080317287       0.16186422514918189        1.1200463929871745        1.0114042566440732E-008
  0.20000000000000001        276.84639073363400       0.16186422514922644        1.1200463929873443        1.0114042566463293E-008
  0.25000000000000000        276.84637584824071       0.16186422514922644        1.1200463929873443        1.0114042566463293E-008
  0.29999999999999999        276.84637504224969       0.16186422514922644        1.1200463929873443        1.0114042566463293E-008
  0.34999999999999998        276.84637500196368       0.16186422514922644        1.1200463929873443        1.0114042566463293E-008
  0.40000000000000002        276.84637500006068       0.16186422514922810        1.1200463929873505        1.0114042566464135E-008
  0.50000000000000000        276.84637500000071       0.16186422514922894        1.1200463929873536        1.0114042566464552E-008
  0.59999999999999998        276.84637499999832       0.16186422514922977        1.1200463929873570        1.0114042566464979E-008
  0.69999999999999996        276.84637499999877       0.16186422514922977        1.1200463929873570        1.0114042566464979E-008
  0.80000000000000004        276.84637499999820       0.16186422514922810        1.1200463929873505        1.0114042566464135E-008
   1.0000000000000000        276.84637500000002       0.16186422514922810        1.1200463929873505        1.0114042566464135E-008
   2.5000000000000001E-002   277.39797880146398       0.16181258336002402        1.1198493567155887        1.0087922005683804E-008
   5.0000000000000003E-002   277.00123838464413       0.16186397890265797        1.1200454536526647        1.0113917873720716E-008
  0.10000000000000001        276.86317582692044       0.16186422479742341        1.1200463916453542        1.0114042388318591E-008
  0.14999999999999999        276.84793552236346       0.16186422514880777        1.1200463929857472        1.0114042566251288E-008
  0.20000000000000001        276.84650298931979       0.16186422514922522        1.1200463929873397        1.0114042566462676E-008
  0.25000000000000000        276.84638447237859       0.16186422514922560        1.1200463929873412        1.0114042566462864E-008
  0.29999999999999999        276.84637564272964       0.16186422514922560        1.1200463929873412        1.0114042566462864E-008
  0.34999999999999998        276.84637504042979       0.16186422514922560        1.1200463929873412        1.0114042566462864E-008
  0.40000000000000002        276.84637500167969       0.16186422514922810        1.1200463929873505        1.0114042566464135E-008
  0.50000000000000000        276.84637500002464       0.16186422514922935        1.1200463929873554        1.0114042566464765E-008
  0.59999999999999998        276.84637499999798       0.16186422514923060        1.1200463929873601        1.0114042566465396E-008
  0.69999999999999996        276.84637499999883       0.16186422514923060        1.1200463929873601        1.0114042566465396E-008
  0.80000000000000004        276.84637499999735       0.16186422514922810        1.1200463929873505        1.0114042566464135E-008
   1.0000000000000000        276.84637500000002       0.16186422514922810        1.1200463929873505        1.0114042566464135E-008
   2.5000000000000001E-002   277.78186777278114       0.16176090987808373        1.1196521130462735        1.0061844622809129E-008
   5.0000000000000003E-002   277.16343650697479       0.16186358963722466        1.1200439687527550        1.0113720762760507E-008
  0.10000000000000001        276.89028080582352       0.16186422396577391        1.1200463884729388        1.0114041967191041E-008
  0.14999999999999999        276.85156146320946       0.16186422514737589        1.1200463929802853        1.0114042565526221E-008
  0.20000000000000001        276.84691308833874       0.16186422514922233        1.1200463929873288        1.0114042566461213E-008
  0.25000000000000000        276.84642508768599       0.16186422514922477        1.1200463929873379        1.0114042566462449E-008
  0.29999999999999999        276.84637925083570       0.16186422514922477        1.1200463929873379        1.0114042566462449E-008
  0.34999999999999998        276.84637533254653       0.16186422514922477        1.1200463929873379        1.0114042566462449E-008
  0.40000000000000002        276.84637501730992       0.16186422514922827        1.1200463929873512        1.0114042566464209E-008
  0.50000000000000000        276.84637500032551       0.16186422514922977        1.1200463929873570        1.0114042566464979E-008
  0.59999999999999998        276.84637500000281       0.16186422514923143        1.1200463929873634        1.0114042566465822E-008
  0.69999999999999996        276.84637499999900       0.16186422514923143        1.1200463929873634        1.0114042566465822E-008
  0.80000000000000004        276.84637499999650       0.16186422514922810        1.1200463929873505        1.0114042566464135E-008
   1.0000000000000000        276.84637500000002       0.16186422514922810        1.1200463929873505        1.0114042566464135E-008
   2.5000000000000001E-002   278.23742816712956       0.16168703430389814        1.1193699710735396        1.0024665434444265E-008
   5.0000000000000003E-002   277.38375350260020       0.16186288964398499        1.1200412985318362        1.0113366318132808E-008
  0.10000000000000001        276.93581303752291       0.16186422210717125        1.1200463813831012        1.0114041026038863E-008
  0.14999999999999999        276.85908847529856       0.16186422514340637        1.1200463929651430        1.0114042563516143E-008
  0.20000000000000001        276.84795970399978       0.16186422514921481        1.1200463929873001        1.0114042566457402E-008
  0.25000000000000000        276.84655172856634       0.16186422514922394        1.1200463929873348        1.0114042566462021E-008
  0.29999999999999999        276.84639291014270       0.16186422514922394        1.1200463929873348        1.0114042566462021E-008
  0.34999999999999998        276.84637666653276       0.16186422514922394        1.1200463929873348        1.0114042566462021E-008
  0.40000000000000002        276.84637510409141       0.16186422514922869        1.1200463929873528        1.0114042566464426E-008
  0.50000000000000000        276.84637500235743       0.16186422514923018        1.1200463929873585        1.0114042566465179E-008
  0.59999999999999998        276.84637500004607       0.16186422514923227        1.1200463929873665        1.0114042566466238E-008
  0.69999999999999996        276.84637500000002       0.16186422514923227        1.1200463929873665        1.0114042566466238E-008
  0.80000000000000004        276.84637499999570       0.16186422514922810        1.1200463929873505        1.0114042566464135E-008
   1.0000000000000000        276.84637500000002       0.16186422514922810        1.1200463929873505        1.0114042566464135E-008
   2.5000000000000001E-002   278.75203468484705       0.16158941220890544        1.1189968659273049        9.9757201331247318E-009
   5.0000000000000003E-002   277.65848296704621       0.16186176930987617        1.1200370248295870        1.0112799054734475E-008
  0.10000000000000001        277.00272175120170       0.16186421854234198        1.1200463677846808        1.0114039220894329E-008
  0.14999999999999999        276.87216784637059       0.16186422513433196        1.1200463929305278        1.0114042558921085E-008
  0.20000000000000001        276.85010834795594       0.16186422514919516        1.1200463929872249        1.0114042566447456E-008
  0.25000000000000000        276.84685803189558       0.16186422514922311        1.1200463929873317        1.0114042566461606E-008
  0.29999999999999999        276.84643169554261       0.16186422514922311        1.1200463929873317        1.0114042566461606E-008
  0.34999999999999998        276.84638109393762       0.16186422514922311        1.1200463929873317        1.0114042566461606E-008
  0.40000000000000002        276.84637544392677       0.16186422514922910        1.1200463929873543        1.0114042566464640E-008
  0.50000000000000000        276.84637501176240       0.16186422514923060        1.1200463929873601        1.0114042566465396E-008
  0.59999999999999998        276.84637500028543       0.16186422514923310        1.1200463929873699        1.0114042566466666E-008
  0.69999999999999996        276.84637500000588       0.16186422514923310        1.1200463929873699        1.0114042566466666E-008
  0.80000000000000004        276.84637499999485       0.16186422514922810        1.1200463929873505        1.0114042566464135E-008
   1.0000000000000000        276.84637500000002       0.16186422514922810        1.1200463929873505        1.0114042566464135E-008
   2.5000000000000001E-002   279.30987973174132       0.16146703405800764        1.1185287074578851        9.9146587524215689E-009
   5.0000000000000003E-002   277.98159030791362       0.16186011376686821        1.1200307094088848        1.0111960847864284E-008
  0.10000000000000001        277.09279966210431       0.16186421238918294        1.1200463443127999        1.0114036105081995E-008
  0.14999999999999999        276.89238434143414       0.16186422511614040        1.1200463928611342        1.0114042549709309E-008
  0.20000000000000001        276.85392387938992       0.16186422514914980        1.1200463929870519        1.0114042566424480E-008
  0.25000000000000000        276.84748234892442       0.16186422514922208        1.1200463929873274        1.0114042566461076E-008
  0.29999999999999999        276.84652226488191       0.16186422514922227        1.1200463929873283        1.0114042566461177E-008
  0.34999999999999998        276.84639290349486       0.16186422514922227        1.1200463929873283        1.0114042566461177E-008
  0.40000000000000002        276.84637649020260       0.16186422514922952        1.1200463929873563        1.0114042566464853E-008
  0.50000000000000000        276.84637504527819       0.16186422514923102        1.1200463929873619        1.0114042566465609E-008
  0.59999999999999998        276.84637500126689       0.16186422514923393        1.1200463929873730        1.0114042566467081E-008
  0.69999999999999996        276.84637500003254       0.16186422514923393        1.1200463929873730        1.0114042566467081E-008
  0.80000000000000004        276.84637499999440       0.16186422514922810        1.1200463929873505        1.0114042566464135E-008
   1.0000000000000000        276.84637500000002       0.16186422514922810        1.1200463929873505        1.0114042566464135E-008
   2.5000000000000001E-002   279.89565725840555       0.16131958471595204        1.1179639917521065        9.8415233231078330E-009
   5.0000000000000003E-002   278.34530648554778       0.16185780622553655        1.1200219066539436        1.0110792633701489E-008
  0.10000000000000001        277.20669863240107       0.16186420255751613        1.1200463068088566        1.0114031126563190E-008
  0.14999999999999999        276.92114063244628       0.16186422508300602        1.1200463927347395        1.0114042532930842E-008
  0.20000000000000001        276.86003441159585       0.16186422514905632        1.1200463929866953        1.0114042566377144E-008
  0.25000000000000000        276.84860792069145       0.16186422514922102        1.1200463929873237        1.0114042566460548E-008
  0.29999999999999999        276.84670592237717       0.16186422514922144        1.1200463929873252        1.0114042566460762E-008
  0.34999999999999998        276.84641978339374       0.16186422514922175        1.1200463929873263        1.0114042566460912E-008
  0.40000000000000002        276.84637919283597       0.16186422514922993        1.1200463929873576        1.0114042566465055E-008
  0.50000000000000000        276.84637514389573       0.16186422514923143        1.1200463929873634        1.0114042566465822E-008
  0.59999999999999998        276.84637500454176       0.16186422514923476        1.1200463929873761        1.0114042566467510E-008
  0.69999999999999996        276.84637500013281       0.16186422514923476        1.1200463929873761        1.0114042566467510E-008
  0.80000000000000004        276.84637499999553       0.16186422514922810        1.1200463929873505        1.0114042566464135E-008
   1.0000000000000000        276.84637500000002       0.16186422514922810        1.1200463929873505        1.0114042566464135E-008
   2.5000000000000001E-002   280.50694731234995       0.16114524130988131        1.1172953602766404        9.7556588513710033E-009
   5.0000000000000003E-002   278.74321521456750       0.16185472543716892        1.1200101538654688        1.0109233140485365E-008
  0.10000000000000001        277.34417823663438       0.16186418774534722        1.1200462503062505        1.0114023626042370E-008
  0.14999999999999999        276.95958192884763       0.16186422502691311        1.1200463925207671        1.0114042504526720E-008
  0.20000000000000001        276.86909239341247       0.16186422514887977        1.1200463929860218        1.0114042566287749E-008
  0.25000000000000000        276.85045861851199       0.16186422514922050        1.1200463929873214        1.0114042566460284E-008
  0.29999999999999999        276.84704075409991       0.16186422514922089        1.1200463929873230        1.0114042566460472E-008
  0.34999999999999998        276.84647404022508       0.16186422514922158        1.1200463929873257        1.0114042566460825E-008
  0.40000000000000002        276.84638530128677       0.16186422514923035        1.1200463929873592        1.0114042566465268E-008
  0.50000000000000000        276.84637539459197       0.16186422514923185        1.1200463929873650        1.0114042566466024E-008
  0.59999999999999998        276.84637501386652       0.16186422514923560        1.1200463929873792        1.0114042566467925E-008
  0.69999999999999996        276.84637500045142       0.16186422514923560        1.1200463929873792        1.0114042566467925E-008
  0.80000000000000004        276.84637500000161       0.16186422514922810        1.1200463929873505        1.0114042566464135E-008
   1.0000000000000000        276.84637500000002       0.16186422514922810        1.1200463929873505        1.0114042566464135E-008
   2.5000000000000001E-002   281.12084493188195       0.16094633280955972        1.1165313057361073        9.6584986537285105E-009
   5.0000000000000003E-002   279.16697120723461       0.16185075326120624        1.1199950001010257        1.0107222738602333E-008
  0.10000000000000001        277.50430251590876       0.16186416643506468        1.1200461690158803        1.0114012835043955E-008
  0.14999999999999999        277.00857174190094       0.16186422493727431        1.1200463921788306        1.0114042459135765E-008
  0.20000000000000001        276.88173945179551       0.16186422514856738        1.1200463929848303        1.0114042566129564E-008
  0.25000000000000000        276.85329136544004       0.16186422514921991        1.1200463929873192        1.0114042566459981E-008
  0.29999999999999999        276.84760259504156       0.16186422514922089        1.1200463929873230        1.0114042566460472E-008
  0.34999999999999998        276.84657373521645       0.16186422514922158        1.1200463929873257        1.0114042566460825E-008
  0.40000000000000002        276.84639773303149       0.16186422514923063        1.1200463929873603        1.0114042566465407E-008
  0.50000000000000000        276.84637596253896       0.16186422514923227        1.1200463929873665        1.0114042566466238E-008
  0.59999999999999998        276.84637503729340       0.16186422514923643        1.1200463929873825        1.0114042566468354E-008
  0.69999999999999996        276.84637500133573       0.16186422514923643        1.1200463929873825        1.0114042566468354E-008
  0.80000000000000004        276.84637500002248       0.16186422514922810        1.1200463929873505        1.0114042566464135E-008
   1.0000000000000000        276.84637500000019       0.16186422514922810        1.1200463929873505        1.0114042566464135E-008
   2.5000000000000001E-002   281.72984889323868       0.16072423059080934        1.1156766278713892        9.5510124171148330E-009
   5.0000000000000003E-002   279.60801614892347       0.16184578212180672        1.1199760345931045        1.0104707234061189E-008
  0.10000000000000001        277.68535612159241       0.16186413691258195        1.1200460563991632        1.0113997885607778E-008
  0.14999999999999999        277.06866111110202       0.16186422480056553        1.1200463916573402        1.0114042389909688E-008
  0.20000000000000001        276.89857553352783       0.16186422514804422        1.1200463929828346        1.0114042565864634E-008
  0.25000000000000000        276.85738649267131       0.16186422514921850        1.1200463929873139        1.0114042566459265E-008
  0.29999999999999999        276.84848478776865       0.16186422514922089        1.1200463929873230        1.0114042566460472E-008
  0.34999999999999998        276.84674361652498       0.16186422514922158        1.1200463929873257        1.0114042566460825E-008
  0.40000000000000002        276.84642098519146       0.16186422514923063        1.1200463929873603        1.0114042566465407E-008
  0.50000000000000000        276.84637713492560       0.16186422514923268        1.1200463929873681        1.0114042566466453E-008
  0.59999999999999998        276.84637509047866       0.16186422514923726        1.1200463929873858        1.0114042566468769E-008
  0.69999999999999996        276.84637500353705       0.16186422514923726        1.1200463929873858        1.0114042566468769E-008
  0.80000000000000004        276.84637500008000       0.16186422514922810        1.1200463929873505        1.0114042566464135E-008
   1.0000000000000000        276.84637500000076       0.16186422514922810        1.1200463929873505        1.0114042566464135E-008
   2.5000000000000001E-002   282.32764016925830       0.16048063050498693        1.1147373612759579        9.4343293611532652E-009
   5.0000000000000003E-002   280.05922002478263       0.16183971273700434        1.1199528780589763        1.0101636737568869E-008
  0.10000000000000001        277.88515141320943       0.16186409728329218        1.1200459052288882        1.0113977818371402E-008
  0.14999999999999999        277.14008543560271       0.16186422459999933        1.1200463908922591        1.0114042288347719E-008
  0.20000000000000001        276.92013220574893       0.16186422514720769        1.1200463929796436        1.0114042565441043E-008
  0.25000000000000000        276.86303684386229       0.16186422514921583        1.1200463929873039        1.0114042566457916E-008
  0.29999999999999999        276.84979680709159       0.16186422514922089        1.1200463929873230        1.0114042566460472E-008
  0.34999999999999998        276.84701575756981       0.16186422514922158        1.1200463929873257        1.0114042566460825E-008
  0.40000000000000002        276.84646156091395       0.16186422514923063        1.1200463929873603        1.0114042566465407E-008
  0.50000000000000000        276.84637937654628       0.16186422514923310        1.1200463929873699        1.0114042566466666E-008
  0.59999999999999998        276.84637520153836       0.16186422514923809        1.1200463929873890        1.0114042566469196E-008
  0.69999999999999996        276.84637500854376       0.16186422514923809        1.1200463929873890        1.0114042566469196E-008
  0.80000000000000004        276.84637500022416       0.16186422514922810        1.1200463929873505        1.0114042566464135E-008
   1.0000000000000000        276.84637500000230       0.16186422514922810        1.1200463929873505        1.0114042566464135E-008
   2.5000000000000001E-002   282.90876285726881       0.16021765998906434        1.1137212135567847        9.3097723487557166E-009
   5.0000000000000003E-002   280.51452316497318       0.16183245627588702        1.1199251909047527        1.0097966773713877E-008
  0.10000000000000001        278.10125445908051       0.16186404549020028        1.1200457076583783        1.0113951591756214E-008
  0.14999999999999999        277.22279235705025       0.16186422431522704        1.1200463898059647        1.0114042144145796E-008
  0.20000000000000001        276.94685334551548       0.16186422514592111        1.1200463929747360        1.0114042564789548E-008
  0.25000000000000000        276.87053657819848       0.16186422514921106        1.1200463929872857        1.0114042566455499E-008
  0.29999999999999999        276.85166190520084       0.16186422514922089        1.1200463929873230        1.0114042566460472E-008
  0.34999999999999998        276.84742984488230       0.16186422514922158        1.1200463929873257        1.0114042566460825E-008
  0.40000000000000002        276.84652837969185       0.16186422514923063        1.1200463929873603        1.0114042566465407E-008
  0.50000000000000000        276.84638339626935       0.16186422514923351        1.1200463929873714        1.0114042566466868E-008
  0.59999999999999998        276.84637541774049       0.16186422514923893        1.1200463929873918        1.0114042566469613E-008
  0.69999999999999996        276.84637501909731       0.16186422514923893        1.1200463929873918        1.0114042566469613E-008
  0.80000000000000004        276.84637500055328       0.16186422514922810        1.1200463929873505        1.0114042566464135E-008
   1.0000000000000000        276.84637500000593       0.16186422514922810        1.1200463929873505        1.0114042566464135E-008
   2.5000000000000001E-002   283.46827176919237       0.15993786022284295        1.1126375274548543        9.1788292248135134E-009
   5.0000000000000003E-002   280.96862627450020       0.16182393638013209        1.1198926809168754        1.0093659318080853E-008
  0.10000000000000001        278.33111979874809       0.16186397933572452        1.1200454553046464        1.0113918093012968E-008
  0.14999999999999999        277.31648144943290       0.16186422392207989        1.1200463883062635        1.0114041945065429E-008
  0.20000000000000001        276.97908369332265       0.16186422514400808        1.1200463929674382        1.0114042563820841E-008
  0.25000000000000000        276.88017061061709       0.16186422514920318        1.1200463929872555        1.0114042566451509E-008
  0.29999999999999999        276.85421400925173       0.16186422514922089        1.1200463929873230        1.0114042566460472E-008
  0.34999999999999998        276.84803309416975       0.16186422514922158        1.1200463929873257        1.0114042566460825E-008
  0.40000000000000002        276.84663314172218       0.16186422514923063        1.1200463929873603        1.0114042566465407E-008
  0.50000000000000000        276.84639022250411       0.16186422514923393        1.1200463929873730        1.0114042566467081E-008
  0.59999999999999998        276.84637581425545       0.16186422514923976        1.1200463929873949        1.0114042566470039E-008
  0.69999999999999996        276.84637503995111       0.16186422514923976        1.1200463929873949        1.0114042566470039E-008
  0.80000000000000004        276.84637500125456       0.16186422514922810        1.1200463929873505        1.0114042566464135E-008
   1.0000000000000000        276.84637500001463       0.16186422514922810        1.1200463929873505        1.0114042566464135E-008
   2.5000000000000001E-002   284.00210161462536       0.15964401487465779        1.1114966482074899        9.0430537129741104E-009
   5.0000000000000003E-002   281.41687950067353       0.16181409062363222        1.1198551088168132        1.0088683545192593E-008
  0.10000000000000001        278.57217317667369       0.16186389650660429        1.1200451393433968        1.0113876150841578E-008
  0.14999999999999999        277.42064538862610       0.16186422339235429        1.1200463862855687        1.0114041676824976E-008
  0.20000000000000001        277.01706404947652       0.16186422514124357        1.1200463929568929        1.0114042562420952E-008
  0.25000000000000000        276.89220534115617       0.16186422514919158        1.1200463929872115        1.0114042566445643E-008
  0.29999999999999999        276.85759414089421       0.16186422514922089        1.1200463929873230        1.0114042566460472E-008
  0.34999999999999998        276.84887980688995       0.16186422514922158        1.1200463929873257        1.0114042566460825E-008
  0.40000000000000002        276.84679062024702       0.16186422514923063        1.1200463929873603        1.0114042566465407E-008
  0.50000000000000000        276.84640128496881       0.16186422514923435        1.1200463929873745        1.0114042566467297E-008
  0.59999999999999998        276.84637650508768       0.16186422514924059        1.1200463929873983        1.0114042566470456E-008
  0.69999999999999996        276.84637507892251       0.16186422514924059        1.1200463929873983        1.0114042566470456E-008
  0.80000000000000004        276.84637500266189       0.16186422514922810        1.1200463929873505        1.0114042566464135E-008
   1.0000000000000000        276.84637500003305       0.16186422514922810        1.1200463929873505        1.0114042566464135E-008
   2.5000000000000001E-002   284.50687731273166       0.15933903401285160        1.1103094968614475        8.9039979573188627E-009
   5.0000000000000003E-002   281.85522942964013       0.16180287123613635        1.1198122910159902        1.0083016198410202E-008
  0.10000000000000001        278.82187230929350       0.16186379460051173        1.1200447506105273        1.0113824548875249E-008
  0.14999999999999999        277.53460921408521       0.16186422269364595        1.1200463836202716        1.0114041323015690E-008
  0.20000000000000001        277.06093155026355       0.16186422513734716        1.1200463929420295        1.0114042560447910E-008
  0.25000000000000000        276.90688101300498       0.16186422514917337        1.1200463929871418        1.0114042566436415E-008
  0.29999999999999999        276.86194662032085       0.16186422514922053        1.1200463929873217        1.0114042566460297E-008
  0.34999999999999998        276.85003060673608       0.16186422514922158        1.1200463929873257        1.0114042566460825E-008
  0.40000000000000002        276.84701886175128       0.16186422514923063        1.1200463929873603        1.0114042566465407E-008
  0.50000000000000000        276.84641849945871       0.16186422514923476        1.1200463929873761        1.0114042566467510E-008
  0.59999999999999998        276.84637765620033       0.16186422514924143        1.1200463929874014        1.0114042566470883E-008
  0.69999999999999996        276.84637514830490       0.16186422514924143        1.1200463929874014        1.0114042566470883E-008
  0.80000000000000004        276.84637500534296       0.16186422514922810        1.1200463929873505        1.0114042566464135E-008
   1.0000000000000000        276.84637500007022       0.16186422514922810        1.1200463929873505        1.0114042566464135E-008
   2.5000000000000001E-002   284.97979563889373       0.15902585302056774        1.1090871941986455        8.7631575613526008E-009
   5.0000000000000003E-002   282.28014640558467       0.16179024530264557        1.1197641003793570        1.0076641688532654E-008
  0.10000000000000001        279.07774877095522       0.16186367115330477        1.1200442797060730        1.0113762039490819E-008
  0.14999999999999999        277.65756627308372       0.16186422178923085        1.1200463801702840        1.0114040865041419E-008
  0.20000000000000001        277.11072364256700       0.16186422513197693        1.1200463929215443        1.0114042557728552E-008
  0.25000000000000000        276.92440580642511       0.16186422514914647        1.1200463929870392        1.0114042566422793E-008
  0.29999999999999999        276.86741528236354       0.16186422514922011        1.1200463929873201        1.0114042566460082E-008
  0.34999999999999998        276.85155141353295       0.16186422514922158        1.1200463929873257        1.0114042566460825E-008
  0.40000000000000002        276.84733928096688       0.16186422514923063        1.1200463929873603        1.0114042566465407E-008
  0.50000000000000000        276.84644435198987       0.16186422514923518        1.1200463929873776        1.0114042566467712E-008
  0.59999999999999998        276.84637950072010       0.16186422514924226        1.1200463929874045        1.0114042566471298E-008
  0.69999999999999996        276.84637526667944       0.16186422514924226        1.1200463929874045        1.0114042566471298E-008
  0.80000000000000004        276.84637501022013       0.16186422514922810        1.1200463929873505        1.0114042566464135E-008
   1.0000000000000000        276.84637500014190       0.16186422514922810        1.1200463929873505        1.0114042566464135E-008
   2.5000000000000001E-002   285.41856533943917       0.15870737847862618        1.1078408603021834        8.6219430536091497E-009
   5.0000000000000003E-002   282.68856768026257       0.16177619458363551        1.1197104655512056        1.0069551994419990E-008
  0.10000000000000001        279.33743598350571       0.16186352366609688        1.1200437170974511        1.0113687357527665E-008
  0.14999999999999999        277.78861006050982       0.16186422063800079        1.1200463757787944        1.0114040282085945E-008
  0.20000000000000001        277.16638458578501       0.16186422512472085        1.1200463928938651        1.0114042554054234E-008
  0.25000000000000000        276.94495162040056       0.16186422514910814        1.1200463929868931        1.0114042566403393E-008
  0.29999999999999999        276.87413988482155       0.16186422514921997        1.1200463929873197        1.0114042566460019E-008
  0.34999999999999998        276.85351222123501       0.16186422514922158        1.1200463929873257        1.0114042566460825E-008
  0.40000000000000002        276.84777664484244       0.16186422514923063        1.1200463929873603        1.0114042566465407E-008
  0.50000000000000000        276.84648197865221       0.16186422514923568        1.1200463929873796        1.0114042566467975E-008
  0.59999999999999998        276.84638235599994       0.16186422514924309        1.1200463929874078        1.0114042566471727E-008
  0.69999999999999996        276.84637546117727       0.16186422514924309        1.1200463929874078        1.0114042566471727E-008
  0.80000000000000004        276.84637501873937       0.16186422514922810        1.1200463929873505        1.0114042566464135E-008
   1.0000000000000000        276.84637500027537       0.16186422514922810        1.1200463929873505        1.0114042566464135E-008
   2.5000000000000001E-002   285.82127682663912       0.15838647629187994        1.1065815740168685        8.4816737462795274E-009
   5.0000000000000003E-002   283.07783905465431       0.16176071519412438        1.1196513697514032        1.0061746486036542E-008
  0.10000000000000001        279.59868713860033       0.16186334963172061        1.1200430532203896        1.0113599233700789E-008
  0.14999999999999999        277.92676182637769       0.16186421919444280        1.1200463702721890        1.0114039551102618E-008
  0.20000000000000001        277.22777354146172       0.16186422511508822        1.1200463928571205        1.0114042549176507E-008
  0.25000000000000000        276.96865139802873       0.16186422514905421        1.1200463929866875        1.0114042566376075E-008
  0.29999999999999999        276.88225283968495       0.16186422514921975        1.1200463929873188        1.0114042566459905E-008
  0.34999999999999998        276.85598574845920       0.16186422514922158        1.1200463929873257        1.0114042566460825E-008
  0.40000000000000002        276.84835894631556       0.16186422514923063        1.1200463929873603        1.0114042566465407E-008
  0.50000000000000000        276.84653523766917       0.16186422514923651        1.1200463929873830        1.0114042566468392E-008
  0.59999999999999998        276.84638664219568       0.16186422514924392        1.1200463929874109        1.0114042566472142E-008
  0.69999999999999996        276.84637577021317       0.16186422514924392        1.1200463929874109        1.0114042566472142E-008
  0.80000000000000004        276.84637503309040       0.16186422514922810        1.1200463929873505        1.0114042566464135E-008
   1.0000000000000000        276.84637500051383       0.16186422514922810        1.1200463929873505        1.0114042566464135E-008
   2.5000000000000001E-002   286.18622329320010       0.15806597795602462        1.1053204003513493        8.3435816555382306E-009
   5.0000000000000003E-002   283.44563505477618       0.16174381727559334        1.1195868495533419        1.0053231737712746E-008
  0.10000000000000001        279.85938303532157       0.16186314656049647        1.1200422785772057        1.0113496407663232E-008
  0.14999999999999999        278.07099391473980       0.16186421740866916        1.1200463634601654        1.0114038646829508E-008
  0.20000000000000001        277.29467351600186       0.16186422510250287        1.1200463928091122        1.0114042542803588E-008
  0.25000000000000000        276.99559780050055       0.16186422514897983        1.1200463929864035        1.0114042566338407E-008
  0.29999999999999999        276.89187635210646       0.16186422514921933        1.1200463929873172        1.0114042566459691E-008
  0.34999999999999998        276.85904602621457       0.16186422514922158        1.1200463929873257        1.0114042566460825E-008
  0.40000000000000002        276.84911717435398       0.16186422514923063        1.1200463929873603        1.0114042566465407E-008
  0.50000000000000000        276.84660877055660       0.16186422514923735        1.1200463929873861        1.0114042566468819E-008
  0.59999999999999998        276.84639290193996       0.16186422514924476        1.1200463929874143        1.0114042566472571E-008
  0.69999999999999996        276.84637624670819       0.16186422514924476        1.1200463929874143        1.0114042566472571E-008
  0.80000000000000004        276.84637505649249       0.16186422514922810        1.1200463929873505        1.0114042566464135E-008
   1.0000000000000000        276.84637500092498       0.16186422514922810        1.1200463929873505        1.0114042566464135E-008
   2.5000000000000001E-002   286.51178012630277       0.15774868057397337        1.1040683908569462        8.2088141932450475E-009
   5.0000000000000003E-002   283.78987128794859       0.16172552467833098        1.1195169937104510        1.0044021340680272E-008
  0.10000000000000001        280.11752986795682       0.16186291200532935        1.1200413838325187        1.0113377640728607E-008
  0.14999999999999999        278.22024868096037       0.16186421522649186        1.1200463551360174        1.0114037541827159E-008
  0.20000000000000001        277.36680056125033       0.16186422508629503        1.1200463927472857        1.0114042534596314E-008
  0.25000000000000000        277.02584301087393       0.16186422514887905        1.1200463929860194        1.0114042566287381E-008
  0.29999999999999999        276.90312001265283       0.16186422514921867        1.1200463929873146        1.0114042566459352E-008
  0.34999999999999998        276.86276698010596       0.16186422514922158        1.1200463929873257        1.0114042566460825E-008
  0.40000000000000002        276.85008499110228       0.16186422514923063        1.1200463929873603        1.0114042566465407E-008
  0.50000000000000000        276.84670804978566       0.16186422514923818        1.1200463929873892        1.0114042566469234E-008
  0.59999999999999998        276.84640182061611       0.16186422514924559        1.1200463929874174        1.0114042566472986E-008
  0.69999999999999996        276.84637696179476       0.16186422514924559        1.1200463929874174        1.0114042566472986E-008
  0.80000000000000004        276.84637509355218       0.16186422514922810        1.1200463929873505        1.0114042566464135E-008
   1.0000000000000000        276.84637500161267       0.16186422514922810        1.1200463929873505        1.0114042566464135E-008
   2.5000000000000001E-002   286.79637195989960       0.15743732439861385        1.1028364922847491        8.0784289522250859E-009
   5.0000000000000003E-002   284.10863512886903       0.16170587457073884        1.1194419417120522        1.0034135673228269E-008
  0.10000000000000001        280.37125000149189       0.16186264358607708        1.1200403599061846        1.0113241728225330E-008
  0.14999999999999999        278.37345303751613       0.16186421258954339        1.1200463450770966        1.0114036206539718E-008
  0.20000000000000001        277.44381274893288       0.16186422506569492        1.1200463926687045        1.0114042524164918E-008
  0.25000000000000000        277.05939944102550       0.16186422514874449        1.1200463929855058        1.0114042566219235E-008
  0.29999999999999999        276.91607885597745       0.16186422514921781        1.1200463929873115        1.0114042566458924E-008
  0.34999999999999998        276.86722105486206       0.16186422514922158        1.1200463929873257        1.0114042566460825E-008
  0.40000000000000002        276.85129832999979       0.16186422514923063        1.1200463929873603        1.0114042566465407E-008
  0.50000000000000000        276.84683941095983       0.16186422514923901        1.1200463929873923        1.0114042566469662E-008
  0.59999999999999998        276.84641424669360       0.16186422514924642        1.1200463929874205        1.0114042566473414E-008
  0.69999999999999996        276.84637800898599       0.16186422514924642        1.1200463929874205        1.0114042566473414E-008
  0.80000000000000004        276.84637515070256       0.16186422514922810        1.1200463929873505        1.0114042566464135E-008
   1.0000000000000000        276.84637500273067       0.16186422514922810        1.1200463929873505        1.0114042566464135E-008
   2.5000000000000001E-002   287.03848655204405       0.15713455102247520        1.1016353743271938        7.9533825648650796E-009
   5.0000000000000003E-002   284.40014400019868       0.16168491687217298        1.1193618816724278        1.0023601577241205E-008
  0.10000000000000001        280.61877010517691       0.16186233901294031        1.1200391980624973        1.0113087511355278E-008
  0.14999999999999999        278.52952911992850       0.16186420943543706        1.1200463330454211        1.0114034609376130E-008
  0.20000000000000001        277.52531856559352       0.16186422503982489        1.1200463925700206        1.0114042511064946E-008
  0.25000000000000000        277.09624112069525       0.16186422514856738        1.1200463929848303        1.0114042566129564E-008
  0.29999999999999999        276.93083187341517       0.16186422514921664        1.1200463929873068        1.0114042566458333E-008
  0.34999999999999998        276.87247791873938       0.16186422514922158        1.1200463929873257        1.0114042566460825E-008
  0.40000000000000002        276.85279493051246       0.16186422514923060        1.1200463929873601        1.0114042566465396E-008
  0.50000000000000000        276.84701006815754       0.16186422514923984        1.1200463929873954        1.0114042566470077E-008
  0.59999999999999998        276.84643121157723       0.16186422514924725        1.1200463929874238        1.0114042566473830E-008
  0.69999999999999996        276.84637950876845       0.16186422514924725        1.1200463929874238        1.0114042566473830E-008
  0.80000000000000004        276.84637523673217       0.16186422514922810        1.1200463929873505        1.0114042566464135E-008
   1.0000000000000000        276.84637500450094       0.16186422514922810        1.1200463929873505        1.0114042566464135E-008
   2.5000000000000001E-002   287.23669758088647       0.15684285517050781        1.1004752268906746        7.8345193079704354E-009
   5.0000000000000003E-002   284.66272545993945       0.16166271345651345        1.1192770473495266        1.0012451915873289E-008
  0.10000000000000001        280.85840990619943       0.16186199610849025        1.1200378899941974        1.0112913888362111E-008
  0.14999999999999999        278.68740187860487       0.16186420569797155        1.1200463187884599        1.0114032716813798E-008
  0.20000000000000001        277.61088452226761       0.16186422500769296        1.1200463924474497        1.0114042494794090E-008
  0.25000000000000000        277.13630556662383       0.16186422514833684        1.1200463929839508        1.0114042566012824E-008
  0.29999999999999999        276.94744094813160       0.16186422514921509        1.1200463929873010        1.0114042566457539E-008
  0.34999999999999998        276.87860327508628       0.16186422514922158        1.1200463929873257        1.0114042566460825E-008
  0.40000000000000002        276.85461382575920       0.16186422514923060        1.1200463929873601        1.0114042566465396E-008
  0.50000000000000000        276.84722811172355       0.16186422514924068        1.1200463929873985        1.0114042566470494E-008
  0.59999999999999998        276.84645394840777       0.16186422514924809        1.1200463929874269        1.0114042566474256E-008
  0.69999999999999996        276.84638161356241       0.16186422514924809        1.1200463929874269        1.0114042566474256E-008
  0.80000000000000004        276.84637536340887       0.16186422514922810        1.1200463929873505        1.0114042566464135E-008
   1.0000000000000000        276.84637500723835       0.16186422514922810        1.1200463929873505        1.0114042566464135E-008
   2.5000000000000001E-002   287.38963614534839       0.15656454833002426        1.0993655997631024        7.7225665165581324E-009
   5.0000000000000003E-002   284.89480373158256       0.16163933714765999        1.1191877143719065        1.0000725024672413E-008
  0.10000000000000001        281.08857275550685       0.16186161282792913        1.1200364278997359        1.0112719824803668E-008
  0.14999999999999999        278.84600443938206       0.16186420130736995        1.1200463020400404        1.0114030493519482E-008
  0.20000000000000001        277.70004190546092       0.16186422496818659        1.1200463922967485        1.0114042474789001E-008
  0.25000000000000000        277.17949595967332       0.16186422514804105        1.1200463929828226        1.0114042565863036E-008
  0.29999999999999999        276.96595016918172       0.16186422514921298        1.1200463929872928        1.0114042566456469E-008
  0.34999999999999998        276.88565779879997       0.16186422514922158        1.1200463929873257        1.0114042566460825E-008
  0.40000000000000002        276.85679479903473       0.16186422514923060        1.1200463929873601        1.0114042566465396E-008
  0.50000000000000000        276.84750248838304       0.16186422514924151        1.1200463929874016        1.0114042566470921E-008
  0.59999999999999998        276.84648390929198       0.16186422514924828        1.1200463929874276        1.0114042566474346E-008
  0.69999999999999996        276.84638451298702       0.16186422514924836        1.1200463929874278        1.0114042566474397E-008
  0.80000000000000004        276.84637554620537       0.16186422514922810        1.1200463929873505        1.0114042566464135E-008
   1.0000000000000000        276.84637501138042       0.16186422514922810        1.1200463929873505        1.0114042566464135E-008
   2.5000000000000001E-002   287.49595806603043       0.15630173811045578        1.0983153017835019        7.6181374019976907E-009
   5.0000000000000003E-002   285.09487362083195       0.16161487061430674        1.1190941960816445        9.9884641117501574E-009
  0.10000000000000001        281.30773624896648       0.16186118727733034        1.1200348045528405        1.0112504362799964E-008
  0.14999999999999999        279.00428178112935       0.16186419619055392        1.1200462825213979        1.0114027902488329E-008
  0.20000000000000001        277.79229267963586       0.16186422492006639        1.1200463921131889        1.0114042450422085E-008
  0.25000000000000000        277.22568349215493       0.16186422514766530        1.1200463929813893        1.0114042565672761E-008
  0.29999999999999999        276.98638547458864       0.16186422514921026        1.1200463929872826        1.0114042566455096E-008
  0.34999999999999998        276.89369620707561       0.16186422514922158        1.1200463929873257        1.0114042566460825E-008
  0.40000000000000002        276.85937782421775       0.16186422514923060        1.1200463929873601        1.0114042566465396E-008
  0.50000000000000000        276.84784296407940       0.16186422514924234        1.1200463929874049        1.0114042566471338E-008
  0.59999999999999998        276.84652278047190       0.16186422514924831        1.1200463929874278        1.0114042566474372E-008
  0.69999999999999996        276.84638843933709       0.16186422514924834        1.1200463929874280        1.0114042566474384E-008
  0.80000000000000004        276.84637580512185       0.16186422514922810        1.1200463929873505        1.0114042566464135E-008
   1.0000000000000000        276.84637501752343       0.16186422514922810        1.1200463929873505        1.0114042566464135E-008
   2.5000000000000001E-002   287.55447895439642       0.15605627285697526        1.0973321589127176        7.5217205766086009E-009
   5.0000000000000003E-002   285.26151355817296       0.16158940505943503        1.1189968385911728        9.9757165562429001E-009
  0.10000000000000001        281.51444497762219       0.16186071772960228        1.1200330133633927        1.0112266629126477E-008
  0.14999999999999999        279.16119313057561       0.16186419027144744        1.1200462599423309        1.0114024905197522E-008
  0.20000000000000001        277.88711458283785       0.16186422486196167        1.1200463918915422        1.0114042420999226E-008
  0.25000000000000000        277.27470977890152       0.16186422514719326        1.1200463929795885        1.0114042565433741E-008
  0.29999999999999999        277.00875457194650       0.16186422514920670        1.1200463929872690        1.0114042566453297E-008
  0.34999999999999998        276.90276646698106       0.16186422514922158        1.1200463929873257        1.0114042566460825E-008
  0.40000000000000002        276.86240250354194       0.16186422514923060        1.1200463929873601        1.0114042566465396E-008
  0.50000000000000000        276.84826007038254       0.16186422514924317        1.1200463929874080        1.0114042566471765E-008
  0.59999999999999998        276.84657249500111       0.16186422514924828        1.1200463929874276        1.0114042566474346E-008
  0.69999999999999996        276.84639367318863       0.16186422514924836        1.1200463929874278        1.0114042566474397E-008
  0.80000000000000004        276.84637616561707       0.16186422514922810        1.1200463929873505        1.0114042566464135E-008
   1.0000000000000000        276.84637502646677       0.16186422514922810        1.1200463929873505        1.0114042566464135E-008
   2.5000000000000001E-002   287.56411670077733       0.15582972939672016        1.0964229429136800        7.4336869908751499E-009
   5.0000000000000003E-002   285.39339356187588       0.16156303877651224        1.1188960153264045        9.9625331430467616E-009
  0.10000000000000001        281.70730718040477       0.16186020263782727        1.1200310484283025        1.0112005841976210E-008
  0.14999999999999999        279.31571378019174       0.16186418347130616        1.1200462340024611        1.0114021461773200E-008
  0.20000000000000001        277.98396551205997       0.16186422479236603        1.1200463916260623        1.0114042385757656E-008
  0.25000000000000000        277.32638925449908       0.16186422514660490        1.1200463929773441        1.0114042565135804E-008
  0.29999999999999999        277.03304708672579       0.16186422514920212        1.1200463929872515        1.0114042566450980E-008
  0.34999999999999998        276.91290913708974       0.16186422514922158        1.1200463929873257        1.0114042566460825E-008
  0.40000000000000002        276.86590751438877       0.16186422514923060        1.1200463929873601        1.0114042566465396E-008
  0.50000000000000000        276.84876503566915       0.16186422514924401        1.1200463929874112        1.0114042566472180E-008
  0.59999999999999998        276.84663524255666       0.16186422514924831        1.1200463929874278        1.0114042566474372E-008
  0.69999999999999996        276.84640054902940       0.16186422514924834        1.1200463929874280        1.0114042566474384E-008
  0.80000000000000004        276.84637665963686       0.16186422514922810        1.1200463929873505        1.0114042566464135E-008
   1.0000000000000000        276.84637503926649       0.16186422514922810        1.1200463929873505        1.0114042566464135E-008
   2.5000000000000001E-002   287.52386199791687       0.15562340886714546        1.0955933330545444        7.3542991316914791E-009
   5.0000000000000003E-002   285.48926622239759       0.16153587570212100        1.1187921215498142        9.9489673003123912E-009
  0.10000000000000001        281.88499183132939       0.16185964064591674        1.1200289045721461        1.0111721316359980E-008
  0.14999999999999999        279.46683659625654       0.16186417570906469        1.1200462043925548        1.0114017531166256E-008
  0.20000000000000001        278.08228732187445       0.16186422470963199        1.1200463913104644        1.0114042343863096E-008
  0.25000000000000000        277.38051150694946       0.16186422514587839        1.1200463929745730        1.0114042564767920E-008
  0.29999999999999999        277.05923489266593       0.16186422514919663        1.1200463929872306        1.0114042566448197E-008
  0.34999999999999998        276.92415683654707       0.16186422514922158        1.1200463929873257        1.0114042566460825E-008
  0.40000000000000002        276.86993007481107       0.16186422514923060        1.1200463929873601        1.0114042566465396E-008
  0.50000000000000000        276.84936970254728       0.16186422514924484        1.1200463929874145        1.0114042566472609E-008
  0.59999999999999998        276.84671347608543       0.16186422514924828        1.1200463929874276        1.0114042566474346E-008
  0.69999999999999996        276.84640946081106       0.16186422514924836        1.1200463929874278        1.0114042566474397E-008
  0.80000000000000004        276.84637732673770       0.16186422514922810        1.1200463929873505        1.0114042566464135E-008
   1.0000000000000000        276.84637505729631       0.16186422514922810        1.1200463929873505        1.0114042566464135E-008
   2.5000000000000001E-002   287.43277853927361       0.15543833499359686        1.0948478892358848        7.2837198981513557E-009
   5.0000000000000003E-002   285.54795865358346       0.16150802397602290        1.1186855689039126        9.9350743463012427E-009
  0.10000000000000001        282.04622547566487       0.16185903059660131        1.1200265773776421        1.0111412468154525E-008
  0.14999999999999999        279.61357320519005       0.16186416690170227        1.1200461707959202        1.0114013071337553E-008
  0.20000000000000001        278.18150913141545       0.16186422461196934        1.1200463909379201        1.0114042294409052E-008
  0.25000000000000000        277.43684351825669       0.16186422514498802        1.1200463929711764        1.0114042564317060E-008
  0.29999999999999999        277.08727258437796       0.16186422514918938        1.1200463929872029        1.0114042566444523E-008
  0.34999999999999998        276.93653383245140       0.16186422514922158        1.1200463929873257        1.0114042566460825E-008
  0.40000000000000002        276.87450543554007       0.16186422514923060        1.1200463929873601        1.0114042566465396E-008
  0.50000000000000000        276.85008643318326       0.16186422514924567        1.1200463929874176        1.0114042566473024E-008
  0.59999999999999998        276.84680991506247       0.16186422514924831        1.1200463929874278        1.0114042566474372E-008
  0.69999999999999996        276.84642086731935       0.16186422514924834        1.1200463929874280        1.0114042566474384E-008
  0.80000000000000004        276.84637821530390       0.16186422514922810        1.1200463929873505        1.0114042566464135E-008
   1.0000000000000000        276.84637508231970       0.16186422514922810        1.1200463929873505        1.0114042566464135E-008
   2.5000000000000001E-002   287.29002004076170       0.15527525795258842        1.0941900498628678        7.2220221415345771E-009
   5.0000000000000003E-002   285.56837062655222       0.16147959453181976        1.1185767800623889        9.9209107580417941E-009
  0.10000000000000001        282.18978941858137       0.16185837153679439        1.1200240632061114        1.0111078816817468E-008
  0.14999999999999999        279.75495489313448       0.16186415696461581        1.1200461328898277        1.0114008039446839E-008
  0.20000000000000001        278.28105020972561       0.16186422449744106        1.1200463905010398        1.0114042236414649E-008
  0.25000000000000000        277.49513179475809       0.16186422514390511        1.1200463929670454        1.0114042563768696E-008
  0.29999999999999999        277.11709805817810       0.16186422514918045        1.1200463929871689        1.0114042566440001E-008
  0.34999999999999998        276.95005573503778       0.16186422514922141        1.1200463929873252        1.0114042566460749E-008
  0.40000000000000002        276.87966640438998       0.16186422514923060        1.1200463929873601        1.0114042566465396E-008
  0.50000000000000000        276.85092800428879       0.16186422514924650        1.1200463929874209        1.0114042566473452E-008
  0.59999999999999998        276.84692754519943       0.16186422514924828        1.1200463929874276        1.0114042566474346E-008
  0.69999999999999996        276.84643529725014       0.16186422514924836        1.1200463929874278        1.0114042566474397E-008
  0.80000000000000004        276.84637938384162       0.16186422514922810        1.1200463929873505        1.0114042566464135E-008
   1.0000000000000000        276.84637511657314       0.16186422514922810        1.1200463929873505        1.0114042566464135E-008
   2.5000000000000001E-002   287.09486028150889       0.15513466838290887        1.0936221735340714        7.1692004017098681E-009
   5.0000000000000003E-002   285.54948037739098       0.16145069975754597        1.1184661836385248        9.9065334819628362E-009
  0.10000000000000001        282.31451804295466       0.16185766272044255        1.1200213592083583        1.0110719986826752E-008
  0.14999999999999999        279.89003334493566       0.16186414581199959        1.1200460903469613        1.0114002392045030E-008
  0.20000000000000001        278.38032250224489       0.16186422436396269        1.1200463899918722        1.0114042168824372E-008
  0.25000000000000000        277.55510437839638       0.16186422514259804        1.1200463929620597        1.0114042563106827E-008
  0.29999999999999999        277.14863317274597       0.16186422514916915        1.1200463929871260        1.0114042566434287E-008
  0.34999999999999998        276.96472928959577       0.16186422514922100        1.1200463929873237        1.0114042566460535E-008
  0.40000000000000002        276.88544290729698       0.16186422514923060        1.1200463929873601        1.0114042566465396E-008
  0.50000000000000000        276.85190749358435       0.16186422514924734        1.1200463929874240        1.0114042566473868E-008
  0.59999999999999998        276.84706961451667       0.16186422514924831        1.1200463929874278        1.0114042566474372E-008
  0.69999999999999996        276.84645335389951       0.16186422514924834        1.1200463929874280        1.0114042566474384E-008
  0.80000000000000004        276.84638090234438       0.16186422514922810        1.1200463929873505        1.0114042566464135E-008
   1.0000000000000000        276.84637516286085       0.16186422514922810        1.1200463929873505        1.0114042566464135E-008
   2.5000000000000001E-002   286.84672829883164       0.15501683497509205        1.0931456794327330        7.1251897035065230E-009
   5.0000000000000003E-002   285.49035767889268       0.16142145230613725        1.1183542096565717        9.8919993264488684E-009
  0.10000000000000001        282.41929891117479       0.16185690360906985        1.1200184633267551        1.0110335707949127E-008
  0.14999999999999999        280.01788141381871       0.16186413335722780        1.1200460428368766        1.0113996085267946E-008
  0.20000000000000001        278.47873286609166       0.16186422420929947        1.1200463894018930        1.0114042090506589E-008
  0.25000000000000000        277.61647273716221       0.16186422514103052        1.1200463929560800        1.0114042562313073E-008
  0.29999999999999999        277.18178446623915       0.16186422514915560        1.1200463929870741        1.0114042566427426E-008
  0.34999999999999998        276.98055225407148       0.16186422514922091        1.1200463929873232        1.0114042566460497E-008
  0.40000000000000002        276.89186158876379       0.16186422514923060        1.1200463929873601        1.0114042566465396E-008
  0.50000000000000000        276.85303815952585       0.16186422514924817        1.1200463929874271        1.0114042566474294E-008
  0.59999999999999998        276.84723962576362       0.16186422514924828        1.1200463929874276        1.0114042566474346E-008
  0.69999999999999996        276.84647571935915       0.16186422514924836        1.1200463929874278        1.0114042566474397E-008
  0.80000000000000004        276.84638285371466       0.16186422514922810        1.1200463929873505        1.0114042566464135E-008
   1.0000000000000000        276.84637522465897       0.16186422514922810        1.1200463929873505        1.0114042566464135E-008
   2.5000000000000001E-002   286.54517736036115       0.15492192541184210        1.0927615289877095        7.0899134339412767E-009
   5.0000000000000003E-002   285.39017329632935       0.16139196429725236        1.1182412865113465        9.8773645557605446E-009
  0.10000000000000001        282.50307452783386       0.16185609387051497        1.1200153742904415        1.0109925814590482E-008
  0.14999999999999999        280.13759411046368       0.16186411951323182        1.1200459900274389        1.0113989075027411E-008
  0.20000000000000001        278.57568508998770       0.16186422403106787        1.1200463887220098        1.0114042000254350E-008
  0.25000000000000000        277.67893353983254       0.16186422513916207        1.1200463929489526        1.0114042561366927E-008
  0.29999999999999999        277.21644391124238       0.16186422514913859        1.1200463929870093        1.0114042566418801E-008
  0.34999999999999998        276.99751335176262       0.16186422514922094        1.1200463929873232        1.0114042566460510E-008
  0.40000000000000002        276.89894545324154       0.16186422514923060        1.1200463929873601        1.0114042566465396E-008
  0.50000000000000000        276.85433331604366       0.16186422514924834        1.1200463929874280        1.0114042566474384E-008
  0.59999999999999998        276.84744132521820       0.16186422514924798        1.1200463929874263        1.0114042566474194E-008
  0.69999999999999996        276.84650315813673       0.16186422514924834        1.1200463929874280        1.0114042566474384E-008
  0.80000000000000004        276.84638533522866       0.16186422514922810        1.1200463929873505        1.0114042566464135E-008
   1.0000000000000000        276.84637530623507       0.16186422514922810        1.1200463929873505        1.0114042566464135E-008
   2.5000000000000001E-002   286.18853373837317       0.15485093500781624        1.0924739846439200        7.0636276863367258E-009
   5.0000000000000003E-002   285.24805545113156       0.16136234853078676        1.1181278456257406        9.8626854863064958E-009
  0.10000000000000001        282.56483774093442       0.16185523337777238        1.1200120916109217        1.0109490245195591E-008
  0.14999999999999999        280.24828953847538       0.16186410419287628        1.1200459315862588        1.0113981317201647E-008
  0.20000000000000001        278.67058175621918       0.16186422382673454        1.1200463879425584        1.0114041896784811E-008
  0.25000000000000000        277.74217032549308       0.16186422513694906        1.1200463929405109        1.0114042560246319E-008
  0.29999999999999999        277.25248969330454       0.16186422514911816        1.1200463929869313        1.0114042566408466E-008
  0.34999999999999998        277.01559228927016       0.16186422514922094        1.1200463929873232        1.0114042566460510E-008
  0.40000000000000002        276.90671354793227       0.16186422514923060        1.1200463929873601        1.0114042566465396E-008
  0.50000000000000000        276.85580620393966       0.16186422514924834        1.1200463929874280        1.0114042566474384E-008
  0.59999999999999998        276.84767868796126       0.16186422514924756        1.1200463929874247        1.0114042566473980E-008
  0.69999999999999996        276.84653652011099       0.16186422514924836        1.1200463929874278        1.0114042566474397E-008
  0.80000000000000004        276.84638846002468       0.16186422514922810        1.1200463929873505        1.0114042566464135E-008
   1.0000000000000000        276.84637541277766       0.16186422514922810        1.1200463929873505        1.0114042566464135E-008
   2.5000000000000001E-002   285.74999938010234       0.15480871222714468        1.0923028782559738        7.0480343286468650E-009
   5.0000000000000003E-002   285.05906252652869       0.16133273271744902        1.1180143759908248        9.8480255203261005E-009
  0.10000000000000001        282.60338823894637       0.16185432222267901        1.1200086156343048        1.0109029049158633E-008
  0.14999999999999999        280.34909679857265       0.16186408730934090        1.1200458671821483        1.0113972767828696E-008
  0.20000000000000001        278.76282532456196       0.16186422359361652        1.1200463870533051        1.0114041778739384E-008
  0.25000000000000000        277.80585504873090       0.16186422513434123        1.1200463929305631        1.0114042558925778E-008
  0.29999999999999999        277.28978700124071       0.16186422514909296        1.1200463929868352        1.0114042566395701E-008
  0.34999999999999998        277.03475983077101       0.16186422514922094        1.1200463929873232        1.0114042566460510E-008
  0.40000000000000002        276.91518068670757       0.16186422514923060        1.1200463929873601        1.0114042566465396E-008
  0.50000000000000000        276.85746986049128       0.16186422514924834        1.1200463929874280        1.0114042566474384E-008
  0.59999999999999998        276.84795589975948       0.16186422514924714        1.1200463929874231        1.0114042566473778E-008
  0.69999999999999996        276.84657674275473       0.16186422514924834        1.1200463929874280        1.0114042566474384E-008
  0.80000000000000004        276.84639235860203       0.16186422514922810        1.1200463929873505        1.0114042566464135E-008
   1.0000000000000000        276.84637555053843       0.16186422514922810        1.1200463929873505        1.0114042566464135E-008
   2.5000000000000001E-002   285.21969933202541       0.15479294020873191        1.0922389465316218        7.0422172871482339E-009
   5.0000000000000003E-002   284.81337832844849       0.16130324935638138        1.1179013854431865        9.8334500961959426E-009
  0.10000000000000001        282.61660602107861       0.16185336074028625        1.1200049476343126        1.0108542399136741E-008
  0.14999999999999999        280.43907064684606       0.16186406877654758        1.1200457964867510        1.0113963383322721E-008
  0.20000000000000001        278.85181246413174       0.16186422332888400        1.1200463860434546        1.0114041644685139E-008
  0.25000000000000000        277.86964905352335       0.16186422513128526        1.1200463929189057        1.0114042557378305E-008
  0.29999999999999999        277.32818879146902       0.16186422514906293        1.1200463929867206        1.0114042566380492E-008
  0.34999999999999998        277.05497791897648       0.16186422514922094        1.1200463929873232        1.0114042566460510E-008
  0.40000000000000002        276.92435721412636       0.16186422514923060        1.1200463929873601        1.0114042566465396E-008
  0.50000000000000000        276.85933698867592       0.16186422514924834        1.1200463929874280        1.0114042566474384E-008
  0.59999999999999998        276.84827733573616       0.16186422514924673        1.1200463929874216        1.0114042566473565E-008
  0.69999999999999996        276.84662485255711       0.16186422514924836        1.1200463929874278        1.0114042566474397E-008
  0.80000000000000004        276.84639718030820       0.16186422514922810        1.1200463929873505        1.0114042566464135E-008
   1.0000000000000000        276.84637572698711       0.16186422514922810        1.1200463929873505        1.0114042566464135E-008
   2.5000000000000001E-002   284.65067227818815       0.15479538363098555        1.0922488514954329        7.0431181954299738E-009
   5.0000000000000003E-002   284.51384072325516       0.16127399962293065        1.1177892622390706        9.8190088579720297E-009
  0.10000000000000001        282.60237630956146       0.16185234947470092        1.1200010896820074        1.0108030573733328E-008
  0.14999999999999999        280.51714274151777       0.16186404850957237        1.1200457191761115        1.0113953120682603E-008
  0.20000000000000001        278.93691953482568       0.16186422302956208        1.1200463849016593        1.0114041493115628E-008
  0.25000000000000000        277.93320241164986       0.16186422512772214        1.1200463929053137        1.0114042555574023E-008
  0.29999999999999999        277.36753638371664       0.16186422514902685        1.1200463929865829        1.0114042566362226E-008
  0.34999999999999998        277.07619982316277       0.16186422514922091        1.1200463929873232        1.0114042566460497E-008
  0.40000000000000002        276.93424880743004       0.16186422514923060        1.1200463929873601        1.0114042566465396E-008
  0.50000000000000000        276.86141982728481       0.16186422514924834        1.1200463929874280        1.0114042566474384E-008
  0.59999999999999998        276.84864753603375       0.16186422514924631        1.1200463929874200        1.0114042566473351E-008
  0.69999999999999996        276.84668196559915       0.16186422514924834        1.1200463929874280        1.0114042566474384E-008
  0.80000000000000004        276.84640309479863       0.16186422514922810        1.1200463929873505        1.0114042566464135E-008
   1.0000000000000000        276.84637595097797       0.16186422514922810        1.1200463929873505        1.0114042566464135E-008
   2.5000000000000001E-002   284.11751232759718       0.15480649374699923        1.0922938861992506        7.0472158535215357E-009
   5.0000000000000003E-002   284.18225192375866       0.16124503848340774        1.1176782178178593        9.8047284252376132E-009
  0.10000000000000001        282.56081515612550       0.16185128910193783        1.1199970443515117        1.0107493918426172E-008
  0.14999999999999999        280.58231964726423       0.16186402642494047        1.1200456349318026        1.0113941937641420E-008
  0.20000000000000001        279.01750350479398       0.16186422269253395        1.1200463836160297        1.0114041322452597E-008
  0.25000000000000000        277.99615255435651       0.16186422512358764        1.1200463928895426        1.0114042553480414E-008
  0.29999999999999999        277.40765976571606       0.16186422514898371        1.1200463929864184        1.0114042566340382E-008
  0.34999999999999998        277.09837027990108       0.16186422514922094        1.1200463929873232        1.0114042566460510E-008
  0.40000000000000002        276.94485631212331       0.16186422514923060        1.1200463929873601        1.0114042566465396E-008
  0.50000000000000000        276.86373002299405       0.16186422514924834        1.1200463929874280        1.0114042566474384E-008
  0.59999999999999998        276.84907117870387       0.16186422514924589        1.1200463929874185        1.0114042566473136E-008
  0.69999999999999996        276.84674928723325       0.16186422514924836        1.1200463929874278        1.0114042566474397E-008
  0.80000000000000004        276.84641029344522       0.16186422514922810        1.1200463929873505        1.0114042566464135E-008
   1.0000000000000000        276.84637623292758       0.16186422514922810        1.1200463929873505        1.0114042566464135E-008
   2.5000000000000001E-002   283.63670652792780       0.15482191670101583        1.0923563957051587        7.0529076463773185E-009
   5.0000000000000003E-002   283.84285235248831       0.16121638864831564        1.1175683400975414        9.7906194103979921E-009
  0.10000000000000001        282.49501333575773       0.16185018035612631        1.1199928144385147        1.0106932808200989E-008
  0.14999999999999999        280.63402301476225       0.16186400244077417        1.1200455434414884        1.0113929792741309E-008
  0.20000000000000001        279.09294066238931       0.16186422231454384        1.1200463821741462        1.0114041131047409E-008
  0.25000000000000000        278.05812620905141       0.16186422511881188        1.1200463928713245        1.0114042551062078E-008
  0.29999999999999999        277.44837787826265       0.16186422514893267        1.1200463929862239        1.0114042566314536E-008
  0.34999999999999998        277.12142561182247       0.16186422514922091        1.1200463929873232        1.0114042566460497E-008
  0.40000000000000002        276.95617560498783       0.16186422514923060        1.1200463929873601        1.0114042566465396E-008
  0.50000000000000000        276.86627850520591       0.16186422514924834        1.1200463929874280        1.0114042566474384E-008
  0.59999999999999998        276.84955305006935       0.16186422514924548        1.1200463929874169        1.0114042566472935E-008
  0.69999999999999996        276.84682811084036       0.16186422514924834        1.1200463929874280        1.0114042566474384E-008
  0.80000000000000004        276.84641899067947       0.16186422514922810        1.1200463929873505        1.0114042566464135E-008
   1.0000000000000000        276.84637658500327       0.16186422514922810        1.1200463929873505        1.0114042566464135E-008
   2.5000000000000001E-002   283.19458454067245       0.15484082746173841        1.0924330298875582        7.0598921028978027E-009
   5.0000000000000003E-002   283.50798382724469       0.16118806414610992        1.1174596837631379        9.7766881090925847E-009
  0.10000000000000001        282.40934804092893       0.16184902399843243        1.1199884028417295        1.0106347631810051E-008
  0.14999999999999999        280.67224232038950       0.16186397647685355        1.1200454443991563        1.0113916645364286E-008
  0.20000000000000001        279.16268662436943       0.16186422189220051        1.1200463805630727        1.0114040917182798E-008
  0.25000000000000000        278.11874766997579       0.16186422511331863        1.1200463928503703        1.0114042548280427E-008
  0.29999999999999999        277.48949955983596       0.16186422514887230        1.1200463929859936        1.0114042566283970E-008
  0.34999999999999998        277.14529388041399       0.16186422514922091        1.1200463929873232        1.0114042566460497E-008
  0.40000000000000002        276.96819748150415       0.16186422514923060        1.1200463929873601        1.0114042566465396E-008
  0.50000000000000000        276.86907536425019       0.16186422514924834        1.1200463929874280        1.0114042566474384E-008
  0.59999999999999998        276.85009801280864       0.16186422514924506        1.1200463929874154        1.0114042566472721E-008
  0.69999999999999996        276.84691981564498       0.16186422514924836        1.1200463929874278        1.0114042566474397E-008
  0.80000000000000004        276.84642942524579       0.16186422514922810        1.1200463929873505        1.0114042566464135E-008
   1.0000000000000000        276.84637702132216       0.16186422514922810        1.1200463929873505        1.0114042566464135E-008
   2.5000000000000001E-002   282.78164227759146       0.15486282619596989        1.0925221619200141        7.0680246928908496E-009
   5.0000000000000003E-002   283.18228094767881       0.16116007650935471        1.1173522939641001        9.7629395651848681E-009
  0.10000000000000001        282.30802508566893       0.16184782080983701        1.1199838125353556        1.0105738788106260E-008
  0.14999999999999999        280.69744408768958       0.16186394845464872        1.1200453375052406        1.0113902455748599E-008
  0.20000000000000001        279.22632175340914       0.16186422142198195        1.1200463787693740        1.0114040679075320E-008
  0.25000000000000000        278.17765176099465       0.16186422510702667        1.1200463928263689        1.0114042545094321E-008
  0.29999999999999999        277.53082569742520       0.16186422514880153        1.1200463929857234        1.0114042566248128E-008
  0.34999999999999998        277.16989519482007       0.16186422514922089        1.1200463929873230        1.0114042566460472E-008
  0.40000000000000002        276.98090757395732       0.16186422514923060        1.1200463929873601        1.0114042566465396E-008
  0.50000000000000000        276.87212973358697       0.16186422514924834        1.1200463929874280        1.0114042566474384E-008
  0.59999999999999998        276.85071097201893       0.16186422514924464        1.1200463929874138        1.0114042566472508E-008
  0.69999999999999996        276.84702586357002       0.16186422514924834        1.1200463929874280        1.0114042566474384E-008
  0.80000000000000004        276.84644186134733       0.16186422514922810        1.1200463929873505        1.0114042566464135E-008
   1.0000000000000000        276.84637755815760       0.16186422514922810        1.1200463929873505        1.0114042566464135E-008
   2.5000000000000001E-002   282.39297188122316       0.15488751137516543        1.0926221582519884        7.0771601965768918E-009
   5.0000000000000003E-002   282.86719548296878       0.16113243531492821        1.1172462083750765        9.7493778441665493E-009
  0.10000000000000001        282.19459514688521       0.16184657158733384        1.1199790465545925        1.0105106684108837E-008
  0.14999999999999999        280.71040694637429       0.16186391829734653        1.1200452224667223        1.0113887185002255E-008
  0.20000000000000001        279.28356886228954       0.16186422090023705        1.1200463767791227        1.0114040414876137E-008
  0.25000000000000000        278.23449742936737       0.16186422509984766        1.1200463927989839        1.0114042541459042E-008
  0.29999999999999999        277.57215258396258       0.16186422514871901        1.1200463929854088        1.0114042566206346E-008
  0.34999999999999998        277.19514229680397       0.16186422514922080        1.1200463929873228        1.0114042566460436E-008
  0.40000000000000002        276.99428631697606       0.16186422514923060        1.1200463929873601        1.0114042566465396E-008
  0.50000000000000000        276.87544967705645       0.16186422514924834        1.1200463929874280        1.0114042566474384E-008
  0.59999999999999998        276.85139683952229       0.16186422514924423        1.1200463929874123        1.0114042566472293E-008
  0.69999999999999996        276.84714779513547       0.16186422514924836        1.1200463929874278        1.0114042566474397E-008
  0.80000000000000004        276.84645658966826       0.16186422514922810        1.1200463929873505        1.0114042566464135E-008
   1.0000000000000000        276.84637821415521       0.16186422514922810        1.1200463929873505        1.0114042566464135E-008
   2.5000000000000001E-002   282.02535627688297       0.15491452939340355        1.0927315799517936        7.0871709012044535E-009
   5.0000000000000003E-002   282.56300082767490       0.16110514824726690        1.1171414574287388        9.7360060707827538E-009
  0.10000000000000001        282.07192604347614       0.16184527714031080        1.1199741079818448        1.0104451733161860E-008
  0.14999999999999999        280.71207772597018       0.16186388592986897        1.1200450989972019        1.0113870795112404E-008
  0.20000000000000001        279.33428900188159       0.16186422032319070        1.1200463745779181        1.0114040122673626E-008
  0.25000000000000000        278.28897888420596       0.16186422509168674        1.1200463927678528        1.0114042537326551E-008
  0.29999999999999999        277.61327604942875       0.16186422514862264        1.1200463929850411        1.0114042566157537E-008
  0.34999999999999998        277.22094147922729       0.16186422514922058        1.1200463929873219        1.0114042566460322E-008
  0.40000000000000002        277.00830898261506       0.16186422514923060        1.1200463929873601        1.0114042566465396E-008
  0.50000000000000000        276.87904208287750       0.16186422514924834        1.1200463929874280        1.0114042566474384E-008
  0.59999999999999998        276.85216049671129       0.16186422514924381        1.1200463929874105        1.0114042566472091E-008
  0.69999999999999996        276.84728722440582       0.16186422514924834        1.1200463929874280        1.0114042566474384E-008
  0.80000000000000004        276.84647392824934       0.16186422514922810        1.1200463929873505        1.0114042566464135E-008
   1.0000000000000000        276.84637901055356       0.16186422514922810        1.1200463929873505        1.0114042566464135E-008
   2.5000000000000001E-002   281.67595543681495       0.15494362148001353        1.0928493727375990        7.0979639655465455E-009
   5.0000000000000003E-002   282.26938312783238       0.16107822152834103        1.1170380659575470        9.7228266456032759E-009
  0.10000000000000001        281.94228995360243       0.16184393828749580        1.1199689999350870        1.0103774353379268E-008
  0.14999999999999999        280.70346864049765       0.16186385127888520        1.1200449668169428        1.0113853248951400E-008
  0.20000000000000001        279.37846487376675       0.16186421968694642        1.1200463721508962        1.0114039800494694E-008
  0.25000000000000000        278.34083298447882       0.16186422508244314        1.1200463927325921        1.0114042532645807E-008
  0.29999999999999999        277.65399580018510       0.16186422514851070        1.1200463929846141        1.0114042566100859E-008
  0.34999999999999998        277.24719381803556       0.16186422514922016        1.1200463929873203        1.0114042566460107E-008
  0.40000000000000002        277.02294580508425       0.16186422514923060        1.1200463929873601        1.0114042566465396E-008
  0.50000000000000000        276.88291256672704       0.16186422514924834        1.1200463929874280        1.0114042566474384E-008
  0.59999999999999998        276.85300675628736       0.16186422514924340        1.1200463929874089        1.0114042566471877E-008
  0.69999999999999996        276.84744583300136       0.16186422514924836        1.1200463929874278        1.0114042566474397E-008
  0.80000000000000004        276.84649422320416       0.16186422514922810        1.1200463929873505        1.0114042566464135E-008
   1.0000000000000000        276.84637997141203       0.16186422514922810        1.1200463929873505        1.0114042566464135E-008
   2.5000000000000001E-002   281.34258193517934       0.15497457398085904        1.0929746655015402        7.1094630547319815E-009
   5.0000000000000003E-002   281.98575118746714       0.16105166026223611        1.1169360545100564        9.7098414181663103E-009
  0.10000000000000001        281.80746372213861       0.16184255585466961        1.1199637255591501        1.0103074966478221E-008
  0.14999999999999999        280.68558913687150       0.16186381427282034        1.1200448256529063        1.0113834510281376E-008
  0.20000000000000001        279.41617905847875       0.16186421898749043        1.1200463694827472        1.0114039446306869E-008
  0.25000000000000000        278.38984284578351       0.16186422507200857        1.1200463926927886        1.0114042527361989E-008
  0.29999999999999999        277.69411947746164       0.16186422514838103        1.1200463929841193        1.0114042566035194E-008
  0.34999999999999998        277.27379663974210       0.16186422514921944        1.1200463929873177        1.0114042566459743E-008
  0.40000000000000002        277.03816220754396       0.16186422514923060        1.1200463929873601        1.0114042566465396E-008
  0.50000000000000000        276.88706538663752       0.16186422514924834        1.1200463929874280        1.0114042566474384E-008
  0.59999999999999998        276.85394032330390       0.16186422514924298        1.1200463929874074        1.0114042566471664E-008
  0.69999999999999996        276.84762536320528       0.16186422514924834        1.1200463929874280        1.0114042566474384E-008
  0.80000000000000004        276.84651784925825       0.16186422514922810        1.1200463929873505        1.0114042566464135E-008
   1.0000000000000000        276.84638112383999       0.16186422514922810        1.1200463929873505        1.0114042566464135E-008
   2.5000000000000001E-002   281.02359581745651       0.15500719315263289        1.0931066682406128        7.1215989947404990E-009
   5.0000000000000003E-002   281.71147651156349       0.16102546855987379        1.1168354398245559        9.6970517514785587E-009
  0.10000000000000001        281.66883279313049       0.16184113067274253        1.1199582880183974        1.0102353996797066E-008
  0.14999999999999999        280.65940435267436       0.16186377484185901        1.1200446752387654        1.0113814543755987E-008
  0.20000000000000001        279.44759152126937       0.16186421822069549        1.1200463665577260        1.0114039058020238E-008
  0.25000000000000000        278.43583825904562       0.16186422506026821        1.1200463926480035        1.0114042521416956E-008
  0.29999999999999999        277.73346610285972       0.16186422514823137        1.1200463929835485        1.0114042565959408E-008
  0.34999999999999998        277.30064511802652       0.16186422514921844        1.1200463929873139        1.0114042566459238E-008
  0.40000000000000002        277.05391913320278       0.16186422514923060        1.1200463929873601        1.0114042566465396E-008
  0.50000000000000000        276.89150337249310       0.16186422514924834        1.1200463929874280        1.0114042566474384E-008
  0.59999999999999998        276.85496575600251       0.16186422514924256        1.1200463929874058        1.0114042566471451E-008
  0.69999999999999996        276.84782761020710       0.16186422514924836        1.1200463929874278        1.0114042566474397E-008
  0.80000000000000004        276.84654521009696       0.16186422514922810        1.1200463929873505        1.0114042566464135E-008
   1.0000000000000000        276.84638249822899       0.16186422514922810        1.1200463929873505        1.0114042566464135E-008
   2.5000000000000001E-002   280.71752537750200       0.15504131729250645        1.0932447211335110        7.1343142893803357E-009
   5.0000000000000003E-002   281.44593718617614       0.16099964968368161        1.1167362353801811        9.6844585956851181E-009
  0.10000000000000001        281.52747994161075       0.16183966357606586        1.1199526904902937        1.0101611870432454E-008
  0.14999999999999999        280.62581290457717       0.16186373291794703        1.1200445153149092        1.0113793314921322E-008
  0.20000000000000001        279.47291895397848       0.16186421738232443        1.1200463633596704        1.0114038633489173E-008
  0.25000000000000000        278.47869373588435       0.16186422504709960        1.1200463925977706        1.0114042514748681E-008
  0.29999999999999999        277.77186873923426       0.16186422514805940        1.1200463929828925        1.0114042565872327E-008
  0.34999999999999998        277.32763389037143       0.16186422514921725        1.1200463929873092        1.0114042566458634E-008
  0.40000000000000002        277.07017347304122       0.16186422514923060        1.1200463929873601        1.0114042566465396E-008
  0.50000000000000000        276.89622787259333       0.16186422514924834        1.1200463929874280        1.0114042566474384E-008
  0.59999999999999998        276.85608742698741       0.16186422514924215        1.1200463929874043        1.0114042566471247E-008
  0.69999999999999996        276.84805441353990       0.16186422514924834        1.1200463929874280        1.0114042566474384E-008
  0.80000000000000004        276.84657673850819       0.16186422514922810        1.1200463929873505        1.0114042566464135E-008
   1.0000000000000000        276.84638412848557       0.16186422514922810        1.1200463929873505        1.0114042566464135E-008
   2.5000000000000001E-002   280.42314445135111       0.15507680580280636        1.0933882502277439        7.1475590804023747E-009
   5.0000000000000003E-002   281.18853406426257       0.16097420618483035        1.1166384519203549        9.6720625575204811E-009
  0.10000000000000001        281.38425204131471       0.16183815540102503        1.1199469361600503        1.0100849014519311E-008
  0.14999999999999999        280.58563693750438       0.16186368843478804        1.1200443456284321        1.0113770790214238E-008
  0.20000000000000001        279.49241708767249       0.16186421646803287        1.1200463598720078        1.0114038170513793E-008
  0.25000000000000000        278.51832498537368       0.16186422503237360        1.1200463925415967        1.0114042507291790E-008
  0.29999999999999999        277.80917632579411       0.16186422514786217        1.1200463929821403        1.0114042565772455E-008
  0.34999999999999998        277.35465860014534       0.16186422514921567        1.1200463929873035        1.0114042566457840E-008
  0.40000000000000002        277.08687857463741       0.16186422514923060        1.1200463929873601        1.0114042566465396E-008
  0.50000000000000000        276.90123871916887       0.16186422514924834        1.1200463929874280        1.0114042566474384E-008
  0.59999999999999998        276.85730948531915       0.16186422514924173        1.1200463929874027        1.0114042566471034E-008
  0.69999999999999996        276.84830764778400       0.16186422514924836        1.1200463929874278        1.0114042566474397E-008
  0.80000000000000004        276.84661289631117       0.16186422514922810        1.1200463929873505        1.0114042566464135E-008
   1.0000000000000000        276.84638605225894       0.16186422514922810        1.1200463929873505        1.0114042566464135E-008
   2.5000000000000001E-002   280.13930347710703       0.15511341459113170        1.0935362636932509        7.1612445555152182E-009
   5.0000000000000003E-002   280.93871042859729       0.16094913986400997        1.1165420972986666        9.6598638833796549E-009
  0.10000000000000001        281.23981340333751       0.16183660698477334        1.1199410282158058        1.0100065856582385E-008
  0.14999999999999999        280.53961980836613       0.16186364132784134        1.1200441659331244        1.0113746936961294E-008
  0.20000000000000001        279.50636623266064       0.16186421547337393        1.1200463560777754        1.0114037666842324E-008
  0.25000000000000000        278.55468449798315       0.16186422501595285        1.1200463924789581        1.0114042498976712E-008
  0.29999999999999999        277.84525473590276       0.16186422514763701        1.1200463929812814        1.0114042565658448E-008
  0.34999999999999998        277.38161729262879       0.16186422514921361        1.1200463929872955        1.0114042566456796E-008
  0.40000000000000002        277.10398481151475       0.16186422514923060        1.1200463929873601        1.0114042566465396E-008
  0.50000000000000000        276.90653421396513       0.16186422514924834        1.1200463929874280        1.0114042566474384E-008
  0.59999999999999998        276.85863582012291       0.16186422514924131        1.1200463929874012        1.0114042566470820E-008
  0.69999999999999996        276.84858921262463       0.16186422514924834        1.1200463929874280        1.0114042566474384E-008
  0.80000000000000004        276.84665417406160       0.16186422514922810        1.1200463929873505        1.0114042566464135E-008
   1.0000000000000000        276.84638831116865       0.16186422514922810        1.1200463929873505        1.0114042566464135E-008
   2.5000000000000001E-002   279.86416805225718       0.15514976925598439        1.0936832030372934        7.1748577577420489E-009
   5.0000000000000003E-002   280.69576615968140       0.16092444827702784        1.1164471630388135        9.6478607637006579E-009
  0.10000000000000001        281.09467369248426       0.16183501916085971        1.1199349698319536        1.0099262822317355E-008
  0.14999999999999999        280.48842764609697       0.16186359153431110        1.1200439759894318        1.0113721723373283E-008
  0.20000000000000001        279.51505984662799       0.16186421439380116        1.1200463519596300        1.0114037120172545E-008
  0.25000000000000000        278.58775675198996       0.16186422499769262        1.1200463924093025        1.0114042489730168E-008
  0.29999999999999999        277.87998715797818       0.16186422514738086        1.1200463929803042        1.0114042565528728E-008
  0.34999999999999998        277.40841161852336       0.16186422514921109        1.1200463929872859        1.0114042566455512E-008
  0.40000000000000002        277.12144019024180       0.16186422514923060        1.1200463929873601        1.0114042566465396E-008
  0.50000000000000000        276.91211113419229       0.16186422514924834        1.1200463929874280        1.0114042566474384E-008
  0.59999999999999998        276.86007002629310       0.16186422514924090        1.1200463929873994        1.0114042566470607E-008
  0.69999999999999996        276.84890102236415       0.16186422514924836        1.1200463929874278        1.0114042566474397E-008
  0.80000000000000004        276.84670109052706       0.16186422514922810        1.1200463929873505        1.0114042566464135E-008
   1.0000000000000000        276.84639095102466       0.16186422514922810        1.1200463929873505        1.0114042566464135E-008
   2.5000000000000001E-002   279.59698857907119       0.15518557041152717        1.0938278597598097        7.1882858594240800E-009
   5.0000000000000003E-002   280.45902374789364       0.16090012494533265        1.1163536251271360        9.6360494463130305E-009
  0.10000000000000001        280.94920528365407       0.16183339274988187        1.1199287641334899        1.0098440330857511E-008
  0.14999999999999999        280.43265125746143       0.16186353899312483        1.1200437755643720        1.0113695118534418E-008
  0.20000000000000001        279.51879553385970       0.16186421322467179        1.1200463474998612        1.0114036528153480E-008
  0.25000000000000000        278.61755338915071       0.16186422497744019        1.1200463923320474        1.0114042479474806E-008
  0.29999999999999999        277.91327392170103       0.16186422514709067        1.1200463929791971        1.0114042565381786E-008
  0.34999999999999998        277.43494782130438       0.16186422514920804        1.1200463929872744        1.0114042566453976E-008
  0.40000000000000002        277.13919097266165       0.16186422514923060        1.1200463929873601        1.0114042566465396E-008
  0.50000000000000000        276.91796475834184       0.16186422514924834        1.1200463929874280        1.0114042566474384E-008
  0.59999999999999998        276.86161537282527       0.16186422514924048        1.1200463929873981        1.0114042566470407E-008
  0.69999999999999996        276.84924499500335       0.16186422514924834        1.1200463929874280        1.0114042566474384E-008
  0.80000000000000004        276.84675419192985       0.16186422514922810        1.1200463929873505        1.0114042566464135E-008
   1.0000000000000000        276.84639402203891       0.16186422514922810        1.1200463929873505        1.0114042566464135E-008
   2.5000000000000001E-002   279.33717576575225       0.15522088766030145        1.0939705170748342        7.2015540404874203E-009
   5.0000000000000003E-002   280.22797225019264       0.16087616362518795        1.1162614604196608        9.6244263163275619E-009
  0.10000000000000001        280.80368698662687       0.16183172855771860        1.1199224141892723        1.0097598793874992E-008
  0.14999999999999999        280.37281105906709       0.16186348364489841        1.1200435644314026        1.0113667092384573E-008
  0.20000000000000001        279.51786810659297       0.16186421196125131        1.1200463426804093        1.0114035888387700E-008
  0.25000000000000000        278.64410857241899       0.16186422495503477        1.1200463922465795        1.0114042468129238E-008
  0.29999999999999999        277.94503189177072       0.16186422514676255        1.1200463929779456        1.0114042565215633E-008
  0.34999999999999998        277.46113750307768       0.16186422514920434        1.1200463929872599        1.0114042566452100E-008
  0.40000000000000002        277.15718229254315       0.16186422514923060        1.1200463929873601        1.0114042566465396E-008
  0.50000000000000000        276.92408891067930       0.16186422514924834        1.1200463929874280        1.0114042566474384E-008
  0.59999999999999998        276.86327477424845       0.16186422514924007        1.1200463929873963        1.0114042566470190E-008
  0.69999999999999996        276.84962304101742       0.16186422514924836        1.1200463929874278        1.0114042566474397E-008
  0.80000000000000004        276.84681405095580       0.16186422514922810        1.1200463929873505        1.0114042566464135E-008
   1.0000000000000000        276.84639757902738       0.16186422514922810        1.1200463929873505        1.0114042566464135E-008
   2.5000000000000001E-002   279.08413079894194       0.15525578072496812        1.0941114179321694        7.2146839400168579E-009
   5.0000000000000003E-002   280.00218116685437       0.16085255845130783        1.1161706471963997        9.6129879645293514E-009
  0.10000000000000001        280.65833226766563       0.16183002737629631        1.1199159230149556        1.0096738615964212E-008
  0.14999999999999999        280.30936446477540       0.16186342543190632        1.1200433423703071        1.0113637615704313E-008
  0.20000000000000001        279.51256462543398       0.16186421059871514        1.1200463374828697        1.0114035198432149E-008
  0.25000000000000000        278.66747468471493       0.16186422493030764        1.1200463921522552        1.0114042455608011E-008
  0.29999999999999999        277.97519354342910       0.16186422514639232        1.1200463929765334        1.0114042565028153E-008
  0.34999999999999998        277.48689817695981       0.16186422514920024        1.1200463929872444        1.0114042566450022E-008
  0.40000000000000002        277.17535874889938       0.16186422514923060        1.1200463929873601        1.0114042566465396E-008
  0.50000000000000000        276.93047602265682       0.16186422514924834        1.1200463929874280        1.0114042566474384E-008
  0.59999999999999998        276.86505076554744       0.16186422514923965        1.1200463929873947        1.0114042566469977E-008
  0.69999999999999996        276.85003705194970       0.16186422514924834        1.1200463929874280        1.0114042566474384E-008
  0.80000000000000004        276.84688126553419       0.16186422514922810        1.1200463929873505        1.0114042566464135E-008
   1.0000000000000000        276.84640168160041       0.16186422514922810        1.1200463929873505        1.0114042566464135E-008
   2.5000000000000001E-002   278.83727896011499       0.15529030069561581        1.0942507701231792        7.2276940925837703E-009
   5.0000000000000003E-002   279.78126313812146       0.16082930388929773        1.1160811649804678        9.6017311628788415E-009
  0.10000000000000001        280.51330479865203       0.16182828998426677        1.1199092935755786        1.0095860194980489E-008
  0.14999999999999999        280.24271336987550       0.16186336429804835        1.1200431091670673        1.0113606660097999E-008
  0.20000000000000001        279.50316108821897       0.16186420913215357        1.1200463318885139        1.0114034455800687E-008
  0.25000000000000000        278.68771847348597       0.16186422490308155        1.1200463920483985        1.0114042441821369E-008
  0.29999999999999999        278.00370582330066       0.16186422514597607        1.1200463929749453        1.0114042564817384E-008
  0.34999999999999998        277.51215362337410       0.16186422514919549        1.1200463929872262        1.0114042566447618E-008
  0.40000000000000002        277.19366496174172       0.16186422514923049        1.1200463929873599        1.0114042566465344E-008
  0.50000000000000000        276.93711720908215       0.16186422514924834        1.1200463929874280        1.0114042566474384E-008
  0.59999999999999998        276.86694548086973       0.16186422514923923        1.1200463929873932        1.0114042566469763E-008
  0.69999999999999996        276.85048888896085       0.16186422514924836        1.1200463929874278        1.0114042566474397E-008
  0.80000000000000004        276.84695645739293       0.16186422514922810        1.1200463929873505        1.0114042566464135E-008
   1.0000000000000000        276.84640639433866       0.16186422514922810        1.1200463929873505        1.0114042566464135E-008
   2.5000000000000001E-002   278.59608042756560       0.15532449121744607        1.0943887511336210        7.2406003479212266E-009
   5.0000000000000003E-002   279.56485874423333       0.16080639469447280        1.1159929943814655        9.5906528432909124E-009
  0.10000000000000001        280.36872837890570       0.16182651714760352        1.1199025287878492        1.0094963922337747E-008
  0.14999999999999999        280.17321092778661       0.16186330018882242        1.1200428646137601        1.0113574197980105E-008
  0.20000000000000001        279.48992036178555       0.16186420755657366        1.1200463258782960        1.0114033657965007E-008
  0.25000000000000000        278.70491768322933       0.16186422487317126        1.1200463919343027        1.0114042426675503E-008
  0.29999999999999999        278.03052888427948       0.16186422514550847        1.1200463929731614        1.0114042564580592E-008
  0.34999999999999998        277.53683407350195       0.16186422514918958        1.1200463929872038        1.0114042566444622E-008
  0.40000000000000002        277.21204607971111       0.16186422514923007        1.1200463929873583        1.0114042566465129E-008
  0.50000000000000000        276.94400235662783       0.16186422514924834        1.1200463929874280        1.0114042566474384E-008
  0.59999999999999998        276.86896063621879       0.16186422514923882        1.1200463929873914        1.0114042566469561E-008
  0.69999999999999996        276.85098037146128       0.16186422514924834        1.1200463929874280        1.0114042566474384E-008
  0.80000000000000004        276.84704027039675       0.16186422514922810        1.1200463929873505        1.0114042566464135E-008
   1.0000000000000000        276.84641178695466       0.16186422514922810        1.1200463929873505        1.0114042566464135E-008
   2.5000000000000001E-002   278.36003311754058       0.15535838952395736        1.0945255123621960        7.2534162374065904E-009
   5.0000000000000003E-002   279.35263013754104       0.16078382587641415        1.1159061169606999        9.5797500793518052E-009
  0.10000000000000001        280.22469407750509       0.16182470962012757        1.1198956315221544        1.0094050183270603E-008
  0.14999999999999999        280.10116746993299       0.16186323305129452        1.1200426085084436        1.0113540202559994E-008
  0.20000000000000001        279.47309101023342       0.16186420586690370        1.1200463194328696        1.0114032802356950E-008
  0.25000000000000000        278.71915817162966       0.16186422484038299        1.1200463918092280        1.0114042410072304E-008
  0.29999999999999999        278.05563476596791       0.16186422514498489        1.1200463929711646        1.0114042564315474E-008
  0.34999999999999998        277.56087624599064       0.16186422514918250        1.1200463929871767        1.0114042566441047E-008
  0.40000000000000002        277.23044823254361       0.16186422514922966        1.1200463929873568        1.0114042566464916E-008
  0.50000000000000000        276.95112022213624       0.16186422514924834        1.1200463929874280        1.0114042566474384E-008
  0.59999999999999998        276.87109751623444       0.16186422514923840        1.1200463929873898        1.0114042566469348E-008
  0.69999999999999996        276.85151326595604       0.16186422514924836        1.1200463929874278        1.0114042566474397E-008
  0.80000000000000004        276.84713336868037       0.16186422514922810        1.1200463929873505        1.0114042566464135E-008
   1.0000000000000000        276.84641793443438       0.16186422514922810        1.1200463929873505        1.0114042566464135E-008
   2.5000000000000001E-002   278.12870698307790       0.15539206565040928        1.0946613372987373        7.2661678131714691E-009
   5.0000000000000003E-002   279.14426158426085       0.16076159271200735        1.1158205152828820        9.5690200915656836E-009
  0.10000000000000001        280.08126593317087       0.16182286814399144        1.1198886046044121        1.0093119357075490E-008
  0.14999999999999999        280.02685563402622       0.16186316283407287        1.1200423406550561        1.0113504647828855E-008
  0.20000000000000001        279.45290675574847       0.16186420405799454        1.1200463125325921        1.0114031886369101E-008
  0.25000000000000000        278.73053147733850       0.16186422480451396        1.1200463916724019        1.0114042391909079E-008
  0.29999999999999999        278.07900607508327       0.16186422514440071        1.1200463929689362        1.0114042564019662E-008
  0.34999999999999998        277.58422326344328       0.16186422514917417        1.1200463929871449        1.0114042566436830E-008
  0.40000000000000002        277.24881892451094       0.16186422514922924        1.1200463929873550        1.0114042566464714E-008
  0.50000000000000000        276.95845853818508       0.16186422514924834        1.1200463929874280        1.0114042566474384E-008
  0.59999999999999998        276.87335696507785       0.16186422514923798        1.1200463929873883        1.0114042566469133E-008
  0.69999999999999996        276.85208927522149       0.16186422514924834        1.1200463929874280        1.0114042566474384E-008
  0.80000000000000004        276.84723643459171       0.16186422514922810        1.1200463929873505        1.0114042566464135E-008
   1.0000000000000000        276.84642491716238       0.16186422514922810        1.1200463929873505        1.0114042566464135E-008
   2.5000000000000001E-002   277.90179330405448       0.15542574201572323        1.0947971234300498        7.2789391265099051E-009
   5.0000000000000003E-002   278.93948503400031       0.16073969137717897        1.1157361753505965        9.5584605507570860E-009
  0.10000000000000001        279.93848799059094       0.16182099345080353        1.1198814508203674        1.0092171817675689E-008
  0.14999999999999999        279.95051497166008       0.16186308948728106        1.1200420608633161        1.0113467508546128E-008
  0.20000000000000001        279.42958638922880       0.16186420212462446        1.1200463051575451        1.0114030907357343E-008
  0.25000000000000000        278.73913279450625       0.16186422476535303        1.1200463915230185        1.0114042372078908E-008
  0.29999999999999999        278.10063470504190       0.16186422514374987        1.1200463929664535        1.0114042563690089E-008
  0.34999999999999998        277.60682447394657       0.16186422514916435        1.1200463929871074        1.0114042566431844E-008
  0.40000000000000002        277.26710736766660       0.16186422514922882        1.1200463929873534        1.0114042566464501E-008
  0.50000000000000000        276.96600412347607       0.16186422514924834        1.1200463929874280        1.0114042566474384E-008
  0.59999999999999998        276.87573938134420       0.16186422514923757        1.1200463929873867        1.0114042566468919E-008
  0.69999999999999996        276.85271002792729       0.16186422514924836        1.1200463929874278        1.0114042566474397E-008
  0.80000000000000004        276.84735016645936       0.16186422514922810        1.1200463929873505        1.0114042566464135E-008
   1.0000000000000000        276.84643282102400       0.16186422514922810        1.1200463929873505        1.0114042566464135E-008
   2.5000000000000001E-002   277.67887242029639       0.15545943873691004        1.0949329518501127        7.2917378505903845E-009
   5.0000000000000003E-002   278.73804081948367       0.16071811855767476        1.1156530851087094        9.5480693882302600E-009
  0.10000000000000001        279.79638890959126       0.16181908626314062        1.1198741729213681        1.0091207934382331E-008
  0.14999999999999999        279.87235622357838       0.16186301296253552        1.1200417689486353        1.0113428760228132E-008
  0.20000000000000001        279.40333402547679       0.16186420006150101        1.1200462972875400        1.0114029862641713E-008
  0.25000000000000000        278.74505930802007       0.16186422472268050        1.1200463913602394        1.0114042350470550E-008
  0.29999999999999999        278.12052062156135       0.16186422514302676        1.1200463929636950        1.0114042563323918E-008
  0.34999999999999998        277.62863520054862       0.16186422514915377        1.1200463929870672        1.0114042566426493E-008
  0.40000000000000002        277.28526475589570       0.16186422514922841        1.1200463929873519        1.0114042566464287E-008
  0.50000000000000000        276.97374299577780       0.16186422514924834        1.1200463929874280        1.0114042566474384E-008
  0.59999999999999998        276.87824471686775       0.16186422514923715        1.1200463929873852        1.0114042566468718E-008
  0.69999999999999996        276.85337706880091       0.16186422514924834        1.1200463929874280        1.0114042566474384E-008
  0.80000000000000004        276.84747527620237       0.16186422514922810        1.1200463929873505        1.0114042566464135E-008
   1.0000000000000000        276.84644173748728       0.16186422514922810        1.1200463929873505        1.0114042566464135E-008
   2.5000000000000001E-002   277.45954137792870       0.15549317072832730        1.0950688825956816        7.3045697251059598E-009
   5.0000000000000003E-002   278.53966872159515       0.16069687103318070        1.1155712328442919        9.5378445942670767E-009
  0.10000000000000001        279.65498229690343       0.16181714729487309        1.1198667736256123        1.0090228072055413E-008
  0.14999999999999999        279.79256475408778       0.16186293321292383        1.1200414647320356        1.0113388379137083E-008
  0.20000000000000001        279.37433957833463       0.16186419786326398        1.1200462889021296        1.0114028749507945E-008
  0.25000000000000000        278.74840884369354       0.16186422467626702        1.1200463911831904        1.0114042326967875E-008
  0.29999999999999999        278.13867073157797       0.16186422514222429        1.1200463929606339        1.0114042562917575E-008
  0.34999999999999998        277.64961643877581       0.16186422514914153        1.1200463929870204        1.0114042566420301E-008
  0.40000000000000002        277.30324448242033       0.16186422514922799        1.1200463929873503        1.0114042566464072E-008
  0.50000000000000000        276.98166048537541       0.16186422514924834        1.1200463929874280        1.0114042566474384E-008
  0.59999999999999998        276.88087247920885       0.16186422514923673        1.1200463929873836        1.0114042566468504E-008
  0.69999999999999996        276.85409184942557       0.16186422514924836        1.1200463929874278        1.0114042566474397E-008
  0.80000000000000004        276.84761248680235       0.16186422514922810        1.1200463929873505        1.0114042566464135E-008
   1.0000000000000000        276.84645176366189       0.16186422514922810        1.1200463929873505        1.0114042566464135E-008
   2.5000000000000001E-002   277.24335173568574       0.15552695616674966        1.0952049887738646        7.3174417688679820E-009
   5.0000000000000003E-002   278.34409577435292       0.16067594570788682        1.1154906073050546        9.5277842323336415E-009
  0.10000000000000001        279.51426664698909       0.16181517725140310        1.1198592556190601        1.0089232591220841E-008
  0.14999999999999999        279.71130324274742       0.16186285019298435        1.1200411480400718        1.0113346342270844E-008
  0.20000000000000001        279.34277933749058       0.16186419552448947        1.1200462799806232        1.0114027565209529E-008
  0.25000000000000000        278.74927878464081       0.16186422462587483        1.1200463909909639        1.0114042301450460E-008
  0.29999999999999999        278.15509784491167       0.16186422514133633        1.1200463929572466        1.0114042562467923E-008
  0.34999999999999998        277.66973451928573       0.16186422514912782        1.1200463929869682        1.0114042566413351E-008
  0.40000000000000002        277.32100230459361       0.16186422514922758        1.1200463929873488        1.0114042566463870E-008
  0.50000000000000000        276.98974134723755       0.16186422514924834        1.1200463929874280        1.0114042566474384E-008
  0.59999999999999998        276.88362173757247       0.16186422514923632        1.1200463929873821        1.0114042566468289E-008
  0.69999999999999996        276.85485571974652       0.16186422514924834        1.1200463929874280        1.0114042566474384E-008
  0.80000000000000004        276.84776252965963       0.16186422514922810        1.1200463929873505        1.0114042566464135E-008
   1.0000000000000000        276.84646300233254       0.16186422514922810        1.1200463929873505        1.0114042566464135E-008
   2.5000000000000001E-002   277.02988716372897       0.15556075515050649        1.0953411095370977        7.3303388649638112E-009
   5.0000000000000003E-002   278.15104523559643       0.16065533953059194        1.1154111973921721        9.5178864001877847E-009
  0.10000000000000001        279.37422536064287       0.16181317682987947        1.1198516215562602        1.0088221848175931E-008
  0.14999999999999999        279.62871374939886       0.16186276385868456        1.1200408187047486        1.0113302627351891E-008
  0.20000000000000001        279.30881656783225       0.16186419303969099        1.1200462705020930        1.0114026306968274E-008
  0.25000000000000000        278.74776520635368       0.16186422457125677        1.1200463907826175        1.0114042273793172E-008
  0.29999999999999999        278.16981973173921       0.16186422514035531        1.1200463929535043        1.0114042561971163E-008
  0.34999999999999998        277.68896074974060       0.16186422514911256        1.1200463929869098        1.0114042566405620E-008
  0.40000000000000002        277.33849646058098       0.16186422514922716        1.1200463929873472        1.0114042566463657E-008
  0.50000000000000000        276.99796987036677       0.16186422514924834        1.1200463929874280        1.0114042566474384E-008
  0.59999999999999998        276.88649113187228       0.16186422514923629        1.1200463929873818        1.0114042566468276E-008
  0.69999999999999996        276.85566992033978       0.16186422514924836        1.1200463929874278        1.0114042566474397E-008
  0.80000000000000004        276.84792614185187       0.16186422514922810        1.1200463929873505        1.0114042566464135E-008
   1.0000000000000000        276.84647556197007       0.16186422514922810        1.1200463929873505        1.0114042566464135E-008
   2.5000000000000001E-002   276.81873635972022       0.15559441806553032        1.0954766425692810        7.3432038414878189E-009
   5.0000000000000003E-002   277.96023125163026       0.16063504886938917        1.1153329897503410        9.5081489295809508E-009
  0.10000000000000001        279.23482715159446       0.16181114671863911        1.1198438740582208        1.0087196194704262E-008
  0.14999999999999999        279.54491940883855       0.16186267416740235        1.1200404765634497        1.0113257212817973E-008
  0.20000000000000001        279.27260209354296       0.16186419040332378        1.1200462604453876        1.0114024971976471E-008
  0.25000000000000000        278.74396218799654       0.16186422451215715        1.1200463905571758        1.0114042243866530E-008
  0.29999999999999999        278.18285827421914       0.16186422513927401        1.1200463929493798        1.0114042561423616E-008
  0.34999999999999998        277.70727104713421       0.16186422514909521        1.1200463929868436        1.0114042566396832E-008
  0.40000000000000002        277.35568774295535       0.16186422514922674        1.1200463929873454        1.0114042566463443E-008
  0.50000000000000000        277.00632998307077       0.16186422514924834        1.1200463929874280        1.0114042566474384E-008
  0.59999999999999998        276.88947888461809       0.16186422514923629        1.1200463929873818        1.0114042566468276E-008
  0.69999999999999996        276.85653557549847       0.16186422514924834        1.1200463929874280        1.0114042566474384E-008
  0.80000000000000004        276.84810406331860       0.16186422514922810        1.1200463929873505        1.0114042566464135E-008
   1.0000000000000000        276.84648955671582       0.16186422514922810        1.1200463929873505        1.0114042566464135E-008
   2.5000000000000001E-002   276.60963632171132       0.15562796560303604        1.0956116716380870        7.3560444105391859E-009
   5.0000000000000003E-002   277.77139904072220       0.16061506999086986        1.1152559706136755        9.4985696169094888E-009
  0.10000000000000001        279.09602922646707       0.16180908759651863        1.1198360157097875        1.0086155977725265E-008
  0.14999999999999999        279.46002597315652       0.16186258107790150        1.1200401214588438        1.0113210077809603E-008
  0.20000000000000001        279.23427485634136       0.16186418760978546        1.1200462497891355        1.0114023557397224E-008
  0.25000000000000000        278.73796126492607       0.16186422444831008        1.1200463903136244        1.0114042211535890E-008
  0.29999999999999999        278.19423870755719       0.16186422513808413        1.1200463929448408        1.0114042560821094E-008
  0.34999999999999998        277.72464556922557       0.16186422514907609        1.1200463929867708        1.0114042566387153E-008
  0.40000000000000002        277.37253953436004       0.16186422514922633        1.1200463929873439        1.0114042566463228E-008
  0.50000000000000000        277.01480535314289       0.16186422514924834        1.1200463929874280        1.0114042566474384E-008
  0.59999999999999998        276.89258281530437       0.16186422514923629        1.1200463929873818        1.0114042566468276E-008
  0.69999999999999996        276.85745368716329       0.16186422514924836        1.1200463929874278        1.0114042566474397E-008
  0.80000000000000004        276.84829703399708       0.16186422514922810        1.1200463929873505        1.0114042566464135E-008
   1.0000000000000000        276.84650510634032       0.16186422514922810        1.1200463929873505        1.0114042566464135E-008
   2.5000000000000001E-002   276.40233606020797       0.15566141105413517        1.0957462506396634        7.3688654940380335E-009
   5.0000000000000003E-002   277.58432260995016       0.16059539929309227        1.1151801267040633        9.4891463347030293E-009
  0.10000000000000001        278.95778216033000       0.16180700013308794        1.1198280490605375        1.0085101539410023E-008
  0.14999999999999999        279.37412364601954       0.16186248455031121        1.1200397532388058        1.0113161202159811E-008
  0.20000000000000001        279.19396248990523       0.16186418465342139        1.1200462385117669        1.0114022060367210E-008
  0.25000000000000000        278.72985099792066       0.16186422437944128        1.1200463900509170        1.0114042176662367E-008
  0.29999999999999999        278.20398894429007       0.16186422513677698        1.1200463929398545        1.0114042560159176E-008
  0.34999999999999998        277.74106835153424       0.16186422514905494        1.1200463929866902        1.0114042566376439E-008
  0.40000000000000002        277.38901781032229       0.16186422514922577        1.1200463929873419        1.0114042566462952E-008
  0.50000000000000000        277.02337948217632       0.16186422514924834        1.1200463929874280        1.0114042566474384E-008
  0.59999999999999998        276.89580035695781       0.16186422514923629        1.1200463929873818        1.0114042566468276E-008
  0.69999999999999996        276.85842512971630       0.16186422514924834        1.1200463929874280        1.0114042566474384E-008
  0.80000000000000004        276.84850579092307       0.16186422514922810        1.1200463929873505        1.0114042566464135E-008
   1.0000000000000000        276.84652233617805       0.16186422514922810        1.1200463929873505        1.0114042566464135E-008
   2.5000000000000001E-002   276.19660633126841       0.15569476576662145        1.0958804255902928        7.3816712984872866E-009
   5.0000000000000003E-002   277.39879739075246       0.16057603327829406        1.1151054451267104        9.4798770180184389E-009
  0.10000000000000001        278.82003263700204       0.16180488498887982        1.1198199766256589        1.0084033217295002E-008
  0.14999999999999999        279.28728896484569       0.16186238454610477        1.1200393717563382        1.0113110566383257E-008
  0.20000000000000001        279.15178194006609       0.16186418152852580        1.1200462265915163        1.0114020477997180E-008
  0.25000000000000000        278.71971664499955       0.16186422430526662        1.1200463897679698        1.0114042139102081E-008
  0.29999999999999999        278.21213897561415       0.16186422513534351        1.1200463929343862        1.0114042559433303E-008
  0.34999999999999998        277.75652695460161       0.16186422514903107        1.1200463929865989        1.0114042566364354E-008
  0.40000000000000002        277.40509111406129       0.16186422514922522        1.1200463929873397        1.0114042566462676E-008
  0.50000000000000000        277.03203579345376       0.16186422514924834        1.1200463929874280        1.0114042566474384E-008
  0.59999999999999998        276.89912857450884       0.16186422514923629        1.1200463929873818        1.0114042566468276E-008
  0.69999999999999996        276.85945064565288       0.16186422514924836        1.1200463929874278        1.0114042566474397E-008
  0.80000000000000004        276.84873106532723       0.16186422514922810        1.1200463929873505        1.0114042566464135E-008
   1.0000000000000000        276.84654137703473       0.16186422514922810        1.1200463929873505        1.0114042566464135E-008
   2.5000000000000001E-002   275.99223900167289       0.15572803951781872        1.0960142361373910        7.3944654526562161E-009
   5.0000000000000003E-002   277.21463684464197       0.16055696854358453        1.1150319133349105        9.4707596595123880E-009
  0.10000000000000001        278.68272520916594       0.16180274281559764        1.1198118008867470        1.0082951344384968E-008
  0.14999999999999999        279.19958655510885       0.16186228102807701        1.1200389768694805        1.0113058151664938E-008
  0.20000000000000001        279.10784012160588       0.16186417822934440        1.1200462140064338        1.0114018807373364E-008
  0.25000000000000000        278.70763992479613       0.16186422422549279        1.1200463894636641        1.0114042098706512E-008
  0.29999999999999999        278.21872034412360       0.16186422513377391        1.1200463929283990        1.0114042558638492E-008
  0.34999999999999998        277.77101212492886       0.16186422514900481        1.1200463929864988        1.0114042566351059E-008
  0.40000000000000002        277.42073050782443       0.16186422514922480        1.1200463929873379        1.0114042566462462E-008
  0.50000000000000000        277.04075771303536       0.16186422514924834        1.1200463929874280        1.0114042566474384E-008
  0.59999999999999998        276.90256418466470       0.16186422514923629        1.1200463929873818        1.0114042566468276E-008
  0.69999999999999996        276.86053084211568       0.16186422514924834        1.1200463929874280        1.0114042566474384E-008
  0.80000000000000004        276.84897357973966       0.16186422514922810        1.1200463929873505        1.0114042566464135E-008
   1.0000000000000000        276.84656236507044       0.16186422514922810        1.1200463929873505        1.0114042566464135E-008
   2.5000000000000001E-002   275.78904572012954       0.15576124080247353        1.0961477167262628        7.4072511138700764E-009
   5.0000000000000003E-002   277.03167036269798       0.16053820177323380        1.1149595191009232        9.4617923053132033E-009
  0.10000000000000001        278.54580352184416       0.16180057425630742        1.1198035242925395        1.0081856249248083E-008
  0.14999999999999999        279.11107070854769       0.16186217396032437        1.1200385684412377        1.0113003939850007E-008
  0.20000000000000001        279.06223459306506       0.16186417475007664        1.1200462007343914        1.0114017045558535E-008
  0.25000000000000000        278.69369886047986       0.16186422413981691        1.1200463891368446        1.0114042055322277E-008
  0.29999999999999999        278.22376568271267       0.16186422513205900        1.1200463929218571        1.0114042557770109E-008
  0.34999999999999998        277.78451747202911       0.16186422514897530        1.1200463929863864        1.0114042566336129E-008
  0.40000000000000002        277.43590950491136       0.16186422514922438        1.1200463929873363        1.0114042566462246E-008
  0.50000000000000000        277.04952874384082       0.16186422514924834        1.1200463929874280        1.0114042566474384E-008
  0.59999999999999998        276.90610357696238       0.16186422514923629        1.1200463929873818        1.0114042566468276E-008
  0.69999999999999996        276.86166618828776       0.16186422514924836        1.1200463929874278        1.0114042566474397E-008
  0.80000000000000004        276.84923404512909       0.16186422514922810        1.1200463929873505        1.0114042566464135E-008
   1.0000000000000000        276.84658544165876       0.16186422514922810        1.1200463929873505        1.0114042566464135E-008
   2.5000000000000001E-002   275.58685659920337       0.15579437703762075        1.0962808974311022        7.4200310432897243E-009
   5.0000000000000003E-002   276.84974181146418       0.16051972973214773        1.1148882504913820        9.4529730514898673E-009
  0.10000000000000001        278.40921121157038       0.16179837994561894        1.1197951492596097        1.0080748256105603E-008
  0.14999999999999999        279.02178678111051       0.16186206330822545        1.1200381463395035        1.0112947913434023E-008
  0.20000000000000001        279.01505423200240       0.16186417108487935        1.1200461867531011        1.0114015189593891E-008
  0.25000000000000000        278.67796769303152       0.16186422404792655        1.1200463887863188        1.0114042008791187E-008
  0.29999999999999999        278.22730831454498       0.16186422513018772        1.1200463929147191        1.0114042556822539E-008
  0.34999999999999998        277.79703916329106       0.16186422514894275        1.1200463929862621        1.0114042566319635E-008
  0.40000000000000002        277.45060398616187       0.16186422514922397        1.1200463929873348        1.0114042566462032E-008
  0.50000000000000000        277.05833253265365       0.16186422514924834        1.1200463929874280        1.0114042566474384E-008
  0.59999999999999998        276.90974283571154       0.16186422514923629        1.1200463929873818        1.0114042566468276E-008
  0.69999999999999996        276.86285701361487       0.16186422514924834        1.1200463929874280        1.0114042566474384E-008
  0.80000000000000004        276.84951315808888       0.16186422514922810        1.1200463929873505        1.0114042566464135E-008
   1.0000000000000000        276.84661075321912       0.16186422514922810        1.1200463929873505        1.0114042566464135E-008
   2.5000000000000001E-002   275.38551916390122       0.15582745469409348        1.0964138044897904        7.4328076535716296E-009
   5.0000000000000003E-002   276.66870847245445       0.16050154926016444        1.1148180958458347        9.4443000409400865E-009
  0.10000000000000001        278.27289259699103       0.16179616050985268        1.1197866781730086        1.0079627684914575E-008
  0.14999999999999999        278.93177242349827       0.16186194903841952        1.1200377104369788        1.0112890055552043E-008
  0.20000000000000001        278.96637989704914       0.16186416722786817        1.1200461720401149        1.0114013236499799E-008
  0.25000000000000000        278.66051685294559       0.16186422394949979        1.1200463884108596        1.0114041958950215E-008
  0.29999999999999999        278.22938190905865       0.16186422512814921        1.1200463929069429        1.0114042555790282E-008
  0.34999999999999998        277.80857563774833       0.16186422514890669        1.1200463929861246        1.0114042566301381E-008
  0.40000000000000002        277.46479210430749       0.16186422514922380        1.1200463929873341        1.0114042566461958E-008
  0.50000000000000000        277.06715293010063       0.16186422514924834        1.1200463929874280        1.0114042566474384E-008
  0.59999999999999998        276.91347776254389       0.16186422514923629        1.1200463929873818        1.0114042566468276E-008
  0.69999999999999996        276.86410350682985       0.16186422514924836        1.1200463929874278        1.0114042566474397E-008
  0.80000000000000004        276.84981159809240       0.16186422514922810        1.1200463929873505        1.0114042566464135E-008
   1.0000000000000000        276.84663845102784       0.16186422514922810        1.1200463929873505        1.0114042566464135E-008
   2.5000000000000001E-002   275.18489772633438       0.15586047936124020        1.0965464605694615        7.4455830311437450E-009
   5.0000000000000003E-002   276.48844029207066       0.16048365726684721        1.1147490437571643        9.4357714605388832E-009
  0.10000000000000001        278.13679323360481       0.16179391656719808        1.1197781133868678        1.0078494851446124E-008
  0.14999999999999999        278.84105866321505       0.16186183111878846        1.1200372606111026        1.0112830349969450E-008
  0.20000000000000001        278.91628506726249       0.16186416317312052        1.1200461565728415        1.0114011183277256E-008
  0.25000000000000000        278.64141298013925       0.16186422384420524        1.1200463880092022        1.0114041905631557E-008
  0.29999999999999999        278.23002018900752       0.16186422512593207        1.1200463928984854        1.0114042554667570E-008
  0.34999999999999998        277.81912733934530       0.16186422514886695        1.1200463929859730        1.0114042566281250E-008
  0.40000000000000002        277.47845417919598       0.16186422514922338        1.1200463929873326        1.0114042566461744E-008
  0.50000000000000000        277.07597404374962       0.16186422514924834        1.1200463929874280        1.0114042566474384E-008
  0.59999999999999998        276.91730389931655       0.16186422514923629        1.1200463929873818        1.0114042566468276E-008
  0.69999999999999996        276.86540571574017       0.16186422514924834        1.1200463929874280        1.0114042566474384E-008
  0.80000000000000004        276.85013002483026       0.16186422514922810        1.1200463929873505        1.0114042566464135E-008
   1.0000000000000000        276.84666869100658       0.16186422514922810        1.1200463929873505        1.0114042566464135E-008
   2.5000000000000001E-002   275.02248632709797       0.15589150165703772        1.0966710387341900        7.4576013335159158E-009
   5.0000000000000003E-002   276.31564044044649       0.16046604553718441        1.1146810630207338        9.4273830677291849E-009
  0.10000000000000001        278.00128306697587       0.16179164872366855        1.1197694572089645        1.0077350065242381E-008
  0.14999999999999999        278.74969323944924       0.16186170951843387        1.1200367967439659        1.0112768781070463E-008
  0.20000000000000001        278.86483750965476       0.16186415891467762        1.1200461403285495        1.0114009026908920E-008
  0.25000000000000000        278.62071902857514       0.16186422373170195        1.1200463875800466        1.0114041848662564E-008
  0.29999999999999999        278.22925668547509       0.16186422512352372        1.1200463928892987        1.0114042553448048E-008
  0.34999999999999998        277.82869646996454       0.16186422514882307        1.1200463929858056        1.0114042566259031E-008
  0.40000000000000002        277.49157258654935       0.16186422514922297        1.1200463929873310        1.0114042566461529E-008
  0.50000000000000000        277.08478028455193       0.16186422514924834        1.1200463929874280        1.0114042566474384E-008
  0.59999999999999998        276.92121655113408       0.16186422514923629        1.1200463929873818        1.0114042566468276E-008
  0.69999999999999996        276.86676354773647       0.16186422514924836        1.1200463929874278        1.0114042566474397E-008
  0.80000000000000004        276.85046907564265       0.16186422514922810        1.1200463929873505        1.0114042566464135E-008
   1.0000000000000000        276.84670163348846       0.16186422514922810        1.1200463929873505        1.0114042566464135E-008
   2.5000000000000001E-002   274.85934378128013       0.15592308485096826        1.0967978348813703        7.4698543988130504E-009
   5.0000000000000003E-002   276.15093442517968       0.16044870879908307        1.1146141337672630        9.4191320377353481E-009
  0.10000000000000001        277.86725007972115       0.16178935756770652        1.1197607118801280        1.0076193626893294E-008
  0.14999999999999999        278.65781931868514       0.16186158420764163        1.1200363187221747        1.0112705333840150E-008
  0.20000000000000001        278.81210869257370       0.16186415444654625        1.1200461232843779        1.0114006764360079E-008
  0.25000000000000000        278.59849506466708       0.16186422361163874        1.1200463871220525        1.0114041787865413E-008
  0.29999999999999999        278.22712457989581       0.16186422512091139        1.1200463928793334        1.0114042552125217E-008
  0.34999999999999998        277.83728676474482       0.16186422514877460        1.1200463929856208        1.0114042566234495E-008
  0.40000000000000002        277.50413164266780       0.16186422514922255        1.1200463929873294        1.0114042566461316E-008
  0.50000000000000000        277.09355640691604       0.16186422514924834        1.1200463929874280        1.0114042566474384E-008
  0.59999999999999998        276.92521080928339       0.16186422514923629        1.1200463929873818        1.0114042566468276E-008
  0.69999999999999996        276.86817677097554       0.16186422514924834        1.1200463929874280        1.0114042566474384E-008
  0.80000000000000004        276.85082936306463       0.16186422514922810        1.1200463929873505        1.0114042566464135E-008
   1.0000000000000000        276.84673744296350       0.16186422514922810        1.1200463929873505        1.0114042566464135E-008
   2.5000000000000001E-002   274.69753691416156       0.15595534700021374        1.0969273209366530        7.4823890902313894E-009
   5.0000000000000003E-002   275.99133804989981       0.16043164764929521        1.1145482587699804        9.4110183487018417E-009
  0.10000000000000001        277.73502176935295       0.16178704368439065        1.1197518796284684        1.0075025835207875E-008
  0.14999999999999999        278.56562112306204       0.16186145515786174        1.1200358264367745        1.0112639993854197E-008
  0.20000000000000001        278.75818143857305       0.16186414976270250        1.1200461054173474        1.0114004392580399E-008
  0.25000000000000000        278.57480009053847       0.16186422348365570        1.1200463866338475        1.0114041723057834E-008
  0.29999999999999999        278.22365674413311       0.16186422511808185        1.1200463928685400        1.0114042550692406E-008
  0.34999999999999998        277.84490330312468       0.16186422514872145        1.1200463929854181        1.0114042566207580E-008
  0.40000000000000002        277.51611748795847       0.16186422514922191        1.1200463929873272        1.0114042566461000E-008
  0.50000000000000000        277.10228754276574       0.16186422514924834        1.1200463929874280        1.0114042566474384E-008
  0.59999999999999998        276.92928157389326       0.16186422514923629        1.1200463929873818        1.0114042566468276E-008
  0.69999999999999996        276.86964501618763       0.16186422514924836        1.1200463929874278        1.0114042566474397E-008
  0.80000000000000004        276.85121147249026       0.16186422514922810        1.1200463929873505        1.0114042566464135E-008
   1.0000000000000000        276.84677628780594       0.16186422514922810        1.1200463929873505        1.0114042566464135E-008
   2.5000000000000001E-002   274.53779042689035       0.15598824087549812        1.0970593051493052        7.4951882033170396E-009
   5.0000000000000003E-002   275.83548784875103       0.16041486236377936        1.1144834395572714        9.4030418307146157E-009
  0.10000000000000001        277.60464100663563       0.16178470765711911        1.1197429626758060        1.0073846988061467E-008
  0.14999999999999999        278.47326425280602       0.16186132234170059        1.1200353197832198        1.0112572747275080E-008
  0.20000000000000001        278.70314696121926       0.16186414485709247        1.1200460867043645        1.0114001908504419E-008
  0.25000000000000000        278.54969351032412       0.16186422334738243        1.1200463861140189        1.0114041654052301E-008
  0.29999999999999999        278.21888596072017       0.16186422511502110        1.1200463928568642        1.0114042549142516E-008
  0.34999999999999998        277.85155237193317       0.16186422514866308        1.1200463929851951        1.0114042566178018E-008
  0.40000000000000002        277.52751797330689       0.16186422514922108        1.1200463929873239        1.0114042566460573E-008
  0.50000000000000000        277.11095923002483       0.16186422514924834        1.1200463929874280        1.0114042566474384E-008
  0.59999999999999998        276.93342357616018       0.16186422514923629        1.1200463929873818        1.0114042566468276E-008
  0.69999999999999996        276.87116777905766       0.16186422514924834        1.1200463929874280        1.0114042566474384E-008
  0.80000000000000004        276.85161595996533       0.16186422514922810        1.1200463929873505        1.0114042566464135E-008
   1.0000000000000000        276.84681833998320       0.16186422514922810        1.1200463929873505        1.0114042566464135E-008
   2.5000000000000001E-002   274.38029724185463       0.15602172633973008        1.0971936243874065        7.5082372145394889E-009
   5.0000000000000003E-002   275.68268146649092       0.16039835303565453        1.1144196769445884        9.3952022318628688E-009
  0.10000000000000001        277.47604687773855       0.16178235006724850        1.1197339632362944        1.0072657382211109E-008
  0.14999999999999999        278.38088142648371       0.16186118573291397        1.1200347986613481        1.0112503580848464E-008
  0.20000000000000001        278.64709928061075       0.16186413972363520        1.1200460671222321        1.0113999309052976E-008
  0.25000000000000000        278.52323564183314       0.16186422320243898        1.1200463855611167        1.0114041580656383E-008
  0.29999999999999999        278.21284518296665       0.16186422511171439        1.1200463928442506        1.0114042547468079E-008
  0.34999999999999998        277.85724138002200       0.16186422514859949        1.1200463929849527        1.0114042566145816E-008
  0.40000000000000002        277.53832255341251       0.16186422514922036        1.1200463929873210        1.0114042566460208E-008
  0.50000000000000000        277.11955743608723       0.16186422514924834        1.1200463929874280        1.0114042566474384E-008
  0.59999999999999998        276.93763140000908       0.16186422514923629        1.1200463929873818        1.0114042566468276E-008
  0.69999999999999996        276.87274442312662       0.16186422514924836        1.1200463929874278        1.0114042566474397E-008
  0.80000000000000004        276.85204335012247       0.16186422514922810        1.1200463929873505        1.0114042566464135E-008
   1.0000000000000000        276.84686377474873       0.16186422514922810        1.1200463929873505        1.0114042566464135E-008
   2.5000000000000001E-002   274.22507651946478       0.15605576475612673        1.0973301216850826        7.5215221132688068E-009
   5.0000000000000003E-002   275.53251798590327       0.16038211959011275        1.1143569710915395        9.3874992256255544E-009
  0.10000000000000001        277.34914645347442       0.16177997149378531        1.1197248835152482        1.0071457313137560E-008
  0.14999999999999999        278.28857391995376       0.16186104530639822        1.1200342629753461        1.0112432481898772E-008
  0.20000000000000001        278.59013063846442       0.16186413435622521        1.1200460466476614        1.0113996591134496E-008
  0.25000000000000000        278.49548750722391       0.16186422304843609        1.1200463849736564        1.0114041502672975E-008
  0.29999999999999999        278.20556772785835       0.16186422510814680        1.1200463928306417        1.0114042545661530E-008
  0.34999999999999998        277.86197880892553       0.16186422514853011        1.1200463929846882        1.0114042566110679E-008
  0.40000000000000002        277.54852218974548       0.16186422514921955        1.1200463929873181        1.0114042566459806E-008
  0.50000000000000000        277.12806857689679       0.16186422514924834        1.1200463929874280        1.0114042566474384E-008
  0.59999999999999998        276.94189950308061       0.16186422514923629        1.1200463929873818        1.0114042566468276E-008
  0.69999999999999996        276.87437418315903       0.16186422514924834        1.1200463929874280        1.0114042566474384E-008
  0.80000000000000004        276.85249413425748       0.16186422514922810        1.1200463929873505        1.0114042566464135E-008
   1.0000000000000000        276.84691277031891       0.16186422514922810        1.1200463929873505        1.0114042566464135E-008
   2.5000000000000001E-002   274.07209019848824       0.15609031832356682        1.0974686435772441        7.5350291421077402E-009
   5.0000000000000003E-002   275.38474483915076       0.16036616179077856        1.1142953215259994        9.3799324141574115E-009
  0.10000000000000001        277.22384318210834       0.16177757251309349        1.1197157257080292        1.0070247074895753E-008
  0.14999999999999999        278.19641732065935       0.16186090103818149        1.1200337126337159        1.0112359438324727E-008
  0.20000000000000001        278.53232854915086       0.16186412874873343        1.1200460252572713        1.0113993751645445E-008
  0.25000000000000000        278.46651025362235       0.16186422288497426        1.1200463843501138        1.0114041419899802E-008
  0.29999999999999999        278.19708735999774       0.16186422510430179        1.1200463928159745        1.0114042543714511E-008
  0.34999999999999998        277.86577417997051       0.16186422514845406        1.1200463929843980        1.0114042566072169E-008
  0.40000000000000002        277.55810926379877       0.16186422514921872        1.1200463929873146        1.0114042566459377E-008
  0.50000000000000000        277.13647953227377       0.16186422514924834        1.1200463929874280        1.0114042566474384E-008
  0.59999999999999998        276.94622223697172       0.16186422514923629        1.1200463929873818        1.0114042566468276E-008
  0.69999999999999996        276.87605616892500       0.16186422514924836        1.1200463929874278        1.0114042566474397E-008
  0.80000000000000004        276.85296876855540       0.16186422514922810        1.1200463929873505        1.0114042566464135E-008
   1.0000000000000000        276.84696550753654       0.16186422514922810        1.1200463929873505        1.0114042566464135E-008
   2.5000000000000001E-002   273.92128494734339       0.15612535014432094        1.0976090403729404        7.5487448221698599E-009
   5.0000000000000003E-002   275.23918859044937       0.16035047924542914        1.1142347271657942        9.3725013312448539E-009
  0.10000000000000001        277.10004744999145       0.16177515369861570        1.1197064919989841        1.0069026959972162E-008
  0.14999999999999999        278.10446758460608       0.16186075290541452        1.1200331475492400        1.0112284438594718E-008
  0.20000000000000001        278.47377424174618       0.16186412289501034        1.1200460029276036        1.0113990787471955E-008
  0.25000000000000000        278.43636446655279       0.16186422271164486        1.1200463836889303        1.0114041332129911E-008
  0.29999999999999999        278.18743826986218       0.16186422510016310        1.1200463928001871        1.0114042541618774E-008
  0.34999999999999998        277.86863802158081       0.16186422514837104        1.1200463929840814        1.0114042566030133E-008
  0.40000000000000002        277.56707749965466       0.16186422514921756        1.1200463929873106        1.0114042566458798E-008
  0.50000000000000000        277.14477765805663       0.16186422514924834        1.1200463929874280        1.0114042566474384E-008
  0.59999999999999998        276.95059386667430       0.16186422514923629        1.1200463929873818        1.0114042566468276E-008
  0.69999999999999996        276.87778936934671       0.16186422514924834        1.1200463929874280        1.0114042566474384E-008
  0.80000000000000004        276.85346767247182       0.16186422514922810        1.1200463929873505        1.0114042566464135E-008
   1.0000000000000000        276.84702216952422       0.16186422514922810        1.1200463929873505        1.0114042566464135E-008
   2.5000000000000001E-002   273.77260747431404       0.15616082437529988        1.0977511667620492        7.5626560117401355E-009
   5.0000000000000003E-002   275.09572186561388       0.16033507141223607        1.1141751863424414        9.3652054454834267E-009
  0.10000000000000001        276.97767980871748       0.16177271562060586        1.1196971845604275        1.0067797259148264E-008
  0.14999999999999999        278.01276616650347       0.16186060088636134        1.1200325676389462        1.0112207471742077E-008
  0.20000000000000001        278.41454207908771       0.16186411678888726        1.1200459796351276        1.0113987695490489E-008
  0.25000000000000000        278.40510953021953       0.16186422252802865        1.1200463829885068        1.0114041239151029E-008
  0.29999999999999999        278.17665497107299       0.16186422509571308        1.1200463927832118        1.0114042539365397E-008
  0.34999999999999998        277.87058182654812       0.16186422514828039        1.1200463929837354        1.0114042565984231E-008
  0.40000000000000002        277.57542189391506       0.16186422514921681        1.1200463929873075        1.0114042566458408E-008
  0.50000000000000000        277.15295079553687       0.16186422514924834        1.1200463929874280        1.0114042566474384E-008
  0.59999999999999998        276.95500858918001       0.16186422514923629        1.1200463929873818        1.0114042566468276E-008
  0.69999999999999996        276.87957265696281       0.16186422514924836        1.1200463929874278        1.0114042566474397E-008
  0.80000000000000004        276.85399122726875       0.16186422514922810        1.1200463929873505        1.0114042566464135E-008
   1.0000000000000000        276.84708294132400       0.16186422514922810        1.1200463929873505        1.0114042566464135E-008
   2.5000000000000001E-002   273.62600995156515       0.15619670633819180        1.0978948822555119        7.5767499496949783E-009
   5.0000000000000003E-002   274.95424660620961       0.16031993760648722        1.1141166968267853        9.3580441636569589E-009
  0.10000000000000001        276.85667127565557       0.16177025884587429        1.1196878055516710        1.0066558261370336E-008
  0.14999999999999999        277.92134401622582       0.16186044496038859        1.1200319728240666        1.0112128527359680E-008
  0.20000000000000001        278.35469959129813       0.16186411042417950        1.1200459553562505        1.0113984472569355E-008
  0.25000000000000000        278.37280310666085       0.16186422233369749        1.1200463822472098        1.0114041140746361E-008
  0.29999999999999999        278.16477214678883       0.16186422509093365        1.1200463927649802        1.0114042536945209E-008
  0.34999999999999998        277.87161799483022       0.16186422514818133        1.1200463929833577        1.0114042565934076E-008
  0.40000000000000002        277.58313865074211       0.16186422514921597        1.1200463929873044        1.0114042566457992E-008
  0.50000000000000000        277.16098727855388       0.16186422514924834        1.1200463929874280        1.0114042566474384E-008
  0.59999999999999998        276.95946055123397       0.16186422514923629        1.1200463929873818        1.0114042566468276E-008
  0.69999999999999996        276.88140479265940       0.16186422514924834        1.1200463929874280        1.0114042566474384E-008
  0.80000000000000004        276.85453977470610       0.16186422514922810        1.1200463929873505        1.0114042566464135E-008
   1.0000000000000000        276.84714800952923       0.16186422514922810        1.1200463929873505        1.0114042566464135E-008
   2.5000000000000001E-002   273.48145176325875       0.15623296257390545        1.0980400514010893        7.5910142777595067E-009
   5.0000000000000003E-002   274.81468505958821       0.16030507700754093        1.1140592558555702        9.3510168342011002E-009
  0.10000000000000001        276.73696256801270       0.16176778393754793        1.1196783571181086        1.0065310253627151E-008
  0.14999999999999999        277.83022457265628       0.16186028510795583        1.1200313630300003        1.0112047595595023E-008
  0.20000000000000001        278.29430785917293       0.16186410379468771        1.1200459300673244        1.0113981115569479E-008
  0.25000000000000000        278.33950075467158       0.16186422212821300        1.1200463814633674        1.0114041036693908E-008
  0.29999999999999999        278.15182447242404       0.16186422508580622        1.1200463927454212        1.0114042534348795E-008
  0.34999999999999998        277.87175976178554       0.16186422514807350        1.1200463929829465        1.0114042565879464E-008
  0.40000000000000002        277.59022511991702       0.16186422514921495        1.1200463929873006        1.0114042566457476E-008
  0.50000000000000000        277.16887593851158       0.16186422514924834        1.1200463929874280        1.0114042566474384E-008
  0.59999999999999998        276.96394386622700       0.16186422514923629        1.1200463929873818        1.0114042566468276E-008
  0.69999999999999996        276.88328443063097       0.16186422514924836        1.1200463929874278        1.0114042566474397E-008
  0.80000000000000004        276.85511361589232       0.16186422514922810        1.1200463929873505        1.0114042566464135E-008
   1.0000000000000000        276.84721756191090       0.16186422514922810        1.1200463929873505        1.0114042566464135E-008
   2.5000000000000001E-002   273.33889990112868       0.15626956085199706        1.0981865438178886        7.6054370455539659E-009
   5.0000000000000003E-002   274.67697462690188       0.16029048866579146        1.1140028601580956        9.3441227506472170E-009
  0.10000000000000001        276.61850304604496       0.16176529145484342        1.1196688413903544        1.0064053520834245E-008
  0.14999999999999999        277.73942596460427       0.16186012131060368        1.1200307381862684        1.0111964667144236E-008
  0.20000000000000001        278.23342207145470       0.16186409689419951        1.1200459037446513        1.0113977621345217E-008
  0.25000000000000000        278.30525568166468       0.16186422191112718        1.1200463806352705        1.0114040926766809E-008
  0.29999999999999999        278.13784643567521       0.16186422508031159        1.1200463927244615        1.0114042531566454E-008
  0.34999999999999998        277.87102111441749       0.16186422514795643        1.1200463929824997        1.0114042565820182E-008
  0.40000000000000002        277.59667973627387       0.16186422514921375        1.1200463929872959        1.0114042566456871E-008
  0.50000000000000000        277.17660610750340       0.16186422514924834        1.1200463929874280        1.0114042566474384E-008
  0.59999999999999998        276.96845263022988       0.16186422514923629        1.1200463929873818        1.0114042566468276E-008
  0.69999999999999996        276.88521012352697       0.16186422514924834        1.1200463929874280        1.0114042566474384E-008
  0.80000000000000004        276.85571301028864       0.16186422514922810        1.1200463929873505        1.0114042566464135E-008
   1.0000000000000000        276.84729178703458       0.16186422514922810        1.1200463929873505        1.0114042566464135E-008
   2.5000000000000001E-002   273.19816687259282       0.15630647535327807        1.0983342549270656        7.6200087597777960E-009
   5.0000000000000003E-002   274.54104599286308       0.16027617151707391        1.1139475060116768        9.3373611585547446E-009
  0.10000000000000001        276.50124886753133       0.16176278195285784        1.1196592604834432        1.0062788345727364E-008
  0.14999999999999999        277.64896258423278       0.16185995355094249        1.1200300982264715        1.0111879733246331E-008
  0.20000000000000001        278.17209214527725       0.16186408971649199        1.1200458763644927        1.0113973986745564E-008
  0.25000000000000000        278.27011860907447       0.16186422168198233        1.1200463797611730        1.0114040810733324E-008
  0.29999999999999999        278.12287216822330       0.16186422507442896        1.1200463927020217        1.0114042528587631E-008
  0.34999999999999998        277.86941669947726       0.16186422514782919        1.1200463929820144        1.0114042565755762E-008
  0.40000000000000002        277.60250195937374       0.16186422514921250        1.1200463929872910        1.0114042566456229E-008
  0.50000000000000000        277.18416761966438       0.16186422514924834        1.1200463929874280        1.0114042566474384E-008
  0.59999999999999998        276.97298093716438       0.16186422514923629        1.1200463929873818        1.0114042566468276E-008
  0.69999999999999996        276.88718032774761       0.16186422514924836        1.1200463929874278        1.0114042566474397E-008
  0.80000000000000004        276.85633817487002       0.16186422514922810        1.1200463929873505        1.0114042566464135E-008
   1.0000000000000000        276.84737087387379       0.16186422514922810        1.1200463929873505        1.0114042566464135E-008
   2.5000000000000001E-002   273.05862395418040       0.15634370467328271        1.0984831779189983        7.6347295282311730E-009
   5.0000000000000003E-002   274.40671176682139       0.16026212446825674        1.1138931895724393        9.3307312959956713E-009
  0.10000000000000001        276.38515185181245       0.16176025598245747        1.1196496164964098        1.0061515008805394E-008
  0.14999999999999999        277.55884552063799       0.16185978181264166        1.1200294430882476        1.0111792785677811E-008
  0.20000000000000001        278.11036330259230       0.16186408225533364        1.1200458479030777        1.0113970208615171E-008
  0.25000000000000000        278.23413772578505       0.16186422144031151        1.1200463788392940        1.0114040688356975E-008
  0.29999999999999999        278.10693529759953       0.16186422506813761        1.1200463926780224        1.0114042525401826E-008
  0.34999999999999998        277.86696172753335       0.16186422514769153        1.1200463929814892        1.0114042565686043E-008
  0.40000000000000002        277.60769221282681       0.16186422514921092        1.1200463929872853        1.0114042566455436E-008
  0.50000000000000000        277.19155081084392       0.16186422514924834        1.1200463929874280        1.0114042566474384E-008
  0.59999999999999998        276.97752289312518       0.16186422514923629        1.1200463929873818        1.0114042566468276E-008
  0.69999999999999996        276.88919340885570       0.16186422514924834        1.1200463929874280        1.0114042566474384E-008
  0.80000000000000004        276.85698928343567       0.16186422514922810        1.1200463929873505        1.0114042566464135E-008
   1.0000000000000000        276.84745501142186       0.16186422514922810        1.1200463929873505        1.0114042566464135E-008
   2.5000000000000001E-002   272.91983407407281       0.15638124665212402        1.0986333029617574        7.6495991627145265E-009
   5.0000000000000003E-002   274.27370816251164       0.16024834644570349        1.1138399070627663        9.3242324163732007E-009
  0.10000000000000001        276.27014665210294       0.16175771409031020        1.1196399115124109        1.0060233788345848E-008
  0.14999999999999999        277.46908118172507       0.16185960608041780        1.1200287727132279        1.0111703816746648E-008
  0.20000000000000001        278.04827641256952       0.16186407450448692        1.1200458183366127        1.0113966283795680E-008
  0.25000000000000000        278.19735869114271       0.16186422118563748        1.1200463778678127        1.0114040559396108E-008
  0.29999999999999999        278.09006882208388       0.16186422506141582        1.1200463926523814        1.0114042521998075E-008
  0.34999999999999998        277.86367187668117       0.16186422514754273        1.1200463929809217        1.0114042565610696E-008
  0.40000000000000002        277.61225182307442       0.16186422514920928        1.1200463929872790        1.0114042566454606E-008
  0.50000000000000000        277.19874651666487       0.16186422514924834        1.1200463929874280        1.0114042566474384E-008
  0.59999999999999998        276.98207262984960       0.16186422514923629        1.1200463929873818        1.0114042566468276E-008
  0.69999999999999996        276.89124764707009       0.16186422514924836        1.1200463929874278        1.0114042566474397E-008
  0.80000000000000004        276.85766646606902       0.16186422514922810        1.1200463929873505        1.0114042566464135E-008
   1.0000000000000000        276.84754438829981       0.16186422514922810        1.1200463929873505        1.0114042566464135E-008
   2.5000000000000001E-002   272.78148460722844       0.15641909549340899        1.0987846056908241        7.6646160323220091E-009
   5.0000000000000003E-002   274.14177486888946       0.16023483637428626        1.1137876546902568        9.3178637784284125E-009
  0.10000000000000001        276.15615193167622       0.16175515681891331        1.1196301475988344        1.0058944960418084E-008
  0.14999999999999999        277.37966980991257       0.16185942634002304        1.1200280870469923        1.0111612819286332E-008
  0.20000000000000001        277.98586805461008       0.16186406645770832        1.1200457876412806        1.0113962209125688E-008
  0.25000000000000000        278.15982464314328       0.16186422091747352        1.1200463768448727        1.0114040423604267E-008
  0.29999999999999999        278.07230500575889       0.16186422505424053        1.1200463926250104        1.0114042518364686E-008
  0.34999999999999998        277.85956319858030       0.16186422514738191        1.1200463929803084        1.0114042565529269E-008
  0.40000000000000002        277.61618295775725       0.16186422514920734        1.1200463929872713        1.0114042566453623E-008
  0.50000000000000000        277.20574606903403       0.16186422514924834        1.1200463929874280        1.0114042566474384E-008
  0.59999999999999998        276.98662431734743       0.16186422514923629        1.1200463929873818        1.0114042566468276E-008
  0.69999999999999996        276.89334124281299       0.16186422514924834        1.1200463929874280        1.0114042566474384E-008
  0.80000000000000004        276.85836980874461       0.16186422514922810        1.1200463929873505        1.0114042566464135E-008
   1.0000000000000000        276.84763919236343       0.16186422514922810        1.1200463929873505        1.0114042566464135E-008
   2.5000000000000001E-002   272.64331760411409       0.15645724380582093        1.0989370553906395        7.6797778629389240E-009
   5.0000000000000003E-002   274.01067149892430       0.16022159316815862        1.1137364286121190        9.3116246418225433E-009
  0.10000000000000001        276.04307541694732       0.16175258470659412        1.1196203268073033        1.0057648798882979E-008
  0.14999999999999999        277.29060488663663       0.16185924257823381        1.1200273860390255        1.0111519786650272E-008
  0.20000000000000001        277.92317045054239       0.16186405810875198        1.1200457557932555        1.0113957981442617E-008
  0.25000000000000000        278.12157618902512       0.16186422063532352        1.1200463757685817        1.0114040280730232E-008
  0.29999999999999999        278.05367528779334       0.16186422504658871        1.1200463925958219        1.0114042514489983E-008
  0.34999999999999998        277.85465202823968       0.16186422514720802        1.1200463929796447        1.0114042565441205E-008
  0.40000000000000002        277.61948856395566       0.16186422514920529        1.1200463929872637        1.0114042566452579E-008
  0.50000000000000000        277.21254129117841       0.16186422514924834        1.1200463929874280        1.0114042566474384E-008
  0.59999999999999998        276.99117217569597       0.16186422514923629        1.1200463929873818        1.0114042566468276E-008
  0.69999999999999996        276.89547232228006       0.16186422514924836        1.1200463929874278        1.0114042566474397E-008
  0.80000000000000004        276.85909935307177       0.16186422514922810        1.1200463929873505        1.0114042566464135E-008
   1.0000000000000000        276.84773961031283       0.16186422514922810        1.1200463929873505        1.0114042566464135E-008
   2.5000000000000001E-002   272.50511558198843       0.15649568274639122        1.0990906155780693        7.6950817884567789E-009
   5.0000000000000003E-002   273.88018038544874       0.16020861572433431        1.1136862249103923        9.3055142640556554E-009
  0.10000000000000001        275.93081844938928       0.16174999828749712        1.1196104511736256        1.0056345575385828E-008
  0.14999999999999999        277.20187326676955       0.16185905478283921        1.1200266696426744        1.0111424712705820E-008
  0.20000000000000001        277.86021139661329       0.16186404945137087        1.1200457227687073        1.0113953597583323E-008
  0.25000000000000000        278.08265137850145       0.16186422033868142        1.1200463746370091        1.0114040130517748E-008
  0.29999999999999999        278.03421020066850       0.16186422503843628        1.1200463925647235        1.0114042510361785E-008
  0.34999999999999998        277.84895489796753       0.16186422514702004        1.1200463929789277        1.0114042565346020E-008
  0.40000000000000002        277.62217230660906       0.16186422514920287        1.1200463929872544        1.0114042566451358E-008
  0.50000000000000000        277.21912449127774       0.16186422514924834        1.1200463929874280        1.0114042566474384E-008
  0.59999999999999998        276.99571048600819       0.16186422514923629        1.1200463929873818        1.0114042566468276E-008
  0.69999999999999996        276.89763894301279       0.16186422514924834        1.1200463929874280        1.0114042566474384E-008
  0.80000000000000004        276.85985509617797       0.16186422514922810        1.1200463929873505        1.0114042566464135E-008
   1.0000000000000000        276.84784582730396       0.16186422514922810        1.1200463929873505        1.0114042566464135E-008
   2.5000000000000001E-002   272.36669785878189       0.15653440189232801        1.0992452435010756        7.7105242940903033E-009
   5.0000000000000003E-002   273.75010701683465       0.16019590291605382        1.1136370395663346        9.2995318972953364E-009
  0.10000000000000001        275.81927959680741       0.16174739809156247        1.1196005227177146        1.0055035559345024E-008
  0.14999999999999999        277.11345576165843       0.16185886294263097        1.1200259378151078        1.0111327591829162E-008
  0.20000000000000001        277.79701426141935       0.16186404047931865        1.1200456885438086        1.0113949054385005E-008
  0.25000000000000000        278.04308567031268       0.16186422002703232        1.1200463734481902        1.0114039972706082E-008
  0.29999999999999999        278.01393929430026       0.16186422502975806        1.1200463925316193        1.0114042505967335E-008
  0.34999999999999998        277.84248845534222       0.16186422514681773        1.1200463929781561        1.0114042565243582E-008
  0.40000000000000002        277.62423850739884       0.16186422514919996        1.1200463929872433        1.0114042566449884E-008
  0.50000000000000000        277.22548845477769       0.16186422514924834        1.1200463929874280        1.0114042566474384E-008
  0.59999999999999998        277.00023360058719       0.16186422514923629        1.1200463929873818        1.0114042566468276E-008
  0.69999999999999996        276.89983909944380       0.16186422514924836        1.1200463929874278        1.0114042566474397E-008
  0.80000000000000004        276.86063699071980       0.16186422514922810        1.1200463929873505        1.0114042566464135E-008
   1.0000000000000000        276.84795802656095       0.16186422514922810        1.1200463929873505        1.0114042566464135E-008
   2.5000000000000001E-002   272.22793540073388       0.15657338867677964        1.0994008878980126        7.7261009846477908E-009
   5.0000000000000003E-002   273.62028128576804       0.16018345358528377        1.1135888684314408        9.2936767848073920E-009
  0.10000000000000001        275.70835752574055       0.16174478464448877        1.1195905434434463        1.0053719017932836E-008
  0.14999999999999999        277.02532796816485       0.16185866704739030        1.1200251905172685        1.0111228418898763E-008
  0.20000000000000001        277.73359807236631       0.16186403118635095        1.1200456530947389        1.0113944348685871E-008
  0.25000000000000000        278.00291190449366       0.16186421969985079        1.1200463722001215        1.0114039807029154E-008
  0.29999999999999999        277.99289106521320       0.16186422502052808        1.1200463924964106        1.0114042501293491E-008
  0.34999999999999998        277.83526938493964       0.16186422514659987        1.1200463929773250        1.0114042565133261E-008
  0.40000000000000002        277.62569208431495       0.16186422514919682        1.1200463929872313        1.0114042566448299E-008
  0.50000000000000000        277.23162643546561       0.16186422514924834        1.1200463929874280        1.0114042566474384E-008
  0.59999999999999998        277.00473595227260       0.16186422514923629        1.1200463929873818        1.0114042566468276E-008
  0.69999999999999996        276.90207072839740       0.16186422514924834        1.1200463929874280        1.0114042566474384E-008
  0.80000000000000004        276.86144494502196       0.16186422514922810        1.1200463929873505        1.0114042566464135E-008
   1.0000000000000000        276.84807638899508       0.16186422514922810        1.1200463929873505        1.0114042566464135E-008
   2.5000000000000001E-002   272.09251369379109       0.15661248759230509        1.0995569272056414        7.7417501728652025E-009
   5.0000000000000003E-002   273.49095084875103       0.16017126634233708        1.1135417064520028        9.2879480667564055E-009
  0.10000000000000001        275.59796924097333       0.16174215846758308        1.1195805153380891        1.0052396215999599E-008
  0.14999999999999999        276.93746183998633       0.16185846708787799        1.1200244277138329        1.0111127189290221E-008
  0.20000000000000001        277.66997771386991       0.16186402156622814        1.1200456163976966        1.0113939477326565E-008
  0.25000000000000000        277.96216029145455       0.16186421935660231        1.1200463708907633        1.0114039633216314E-008
  0.29999999999999999        277.97109289152780       0.16186422501071912        1.1200463924589934        1.0114042496326468E-008
  0.34999999999999998        277.82731433365137       0.16186422514636536        1.1200463929764304        1.0114042565014506E-008
  0.40000000000000002        277.62653849208823       0.16186422514919355        1.1200463929872189        1.0114042566446637E-008
  0.50000000000000000        277.23753214539624       0.16186422514924834        1.1200463929874280        1.0114042566474384E-008
  0.59999999999999998        277.00921206299751       0.16186422514923629        1.1200463929873818        1.0114042566468276E-008
  0.69999999999999996        276.90433171452207       0.16186422514924836        1.1200463929874278        1.0114042566474397E-008
  0.80000000000000004        276.86227882333435       0.16186422514922810        1.1200463929873505        1.0114042566464135E-008
   1.0000000000000000        276.84820109282771       0.16186422514922810        1.1200463929873505        1.0114042566464135E-008
   2.5000000000000001E-002   272.00235269809843       0.15664957253718950        1.0997048802021046        7.7566189461489479E-009
   5.0000000000000003E-002   273.36932502785766       0.16015933493165510        1.1134955297325753        9.2823426038051466E-009
  0.10000000000000001        275.48849073058597       0.16173952007373643        1.1195704403569329        1.0051067414046683E-008
  0.14999999999999999        276.84985260730133       0.16185826305581896        1.1200236493731550        1.0111023898868496E-008
  0.20000000000000001        277.60616558064282       0.16186401161271691        1.1200455784289032        1.0113934437150907E-008
  0.25000000000000000        277.92085849385404       0.16186421899674339        1.1200463695180434        1.0114039450992358E-008
  0.29999999999999999        277.94857097861808       0.16186422500030384        1.1200463924192634        1.0114042491052419E-008
  0.34999999999999998        277.81863983980890       0.16186422514611259        1.1200463929754663        1.0114042564886511E-008
  0.40000000000000002        277.62678366364895       0.16186422514918999        1.1200463929872053        1.0114042566444835E-008
  0.50000000000000000        277.24319974375425       0.16186422514924834        1.1200463929874280        1.0114042566474384E-008
  0.59999999999999998        277.01365655156599       0.16186422514923629        1.1200463929873818        1.0114042566468276E-008
  0.69999999999999996        276.90661989563915       0.16186422514924834        1.1200463929874280        1.0114042566474384E-008
  0.80000000000000004        276.86313844620150       0.16186422514922810        1.1200463929873505        1.0114042566464135E-008
   1.0000000000000000        276.84833231322079       0.16186422514922810        1.1200463929873505        1.0114042566464135E-008
   2.5000000000000001E-002   272.00689235525067       0.15668045709061323        1.0998280600695804        7.7690208441029095E-009
   5.0000000000000003E-002   273.27502176019607       0.16014763697562845        1.1134502519566749        9.2768496988505277E-009
  0.10000000000000001        275.38211650319982       0.16173686994615299        1.1195603203420630        1.0049732857516588E-008
  0.14999999999999999        276.76267172508830       0.16185805494386432        1.1200228554671188        1.0110918543968664E-008
  0.20000000000000001        277.54218488563544       0.16186400131959108        1.1200455391646083        1.0113929225006367E-008
  0.25000000000000000        277.87903261646454       0.16186421861972056        1.1200463680798498        1.0114039260076998E-008
  0.29999999999999999        277.92535037322722       0.16186422498925374        1.1200463923771116        1.0114042485456915E-008
  0.34999999999999998        277.80926226989260       0.16186422514584078        1.1200463929744293        1.0114042564748873E-008
  0.40000000000000002        277.62643395291155       0.16186422514918608        1.1200463929871904        1.0114042566442860E-008
  0.50000000000000000        277.24862382473742       0.16186422514924834        1.1200463929874280        1.0114042566474384E-008
  0.59999999999999998        277.01806414066937       0.16186422514923629        1.1200463929873818        1.0114042566468276E-008
  0.69999999999999996        276.90893306798881       0.16186422514924836        1.1200463929874278        1.0114042566474397E-008
  0.80000000000000004        276.86402359094257       0.16186422514922810        1.1200463929873505        1.0114042566464135E-008
   1.0000000000000000        276.84847022191309       0.16186422514922810        1.1200463929873505        1.0114042566464135E-008
   2.5000000000000001E-002   272.11741401930584       0.15670187666207680        1.0999134705001101        7.7776322203147539E-009
   5.0000000000000003E-002   273.22575809304971       0.16013613422671150        1.1134057253326981        9.2714512342207885E-009
  0.10000000000000001        275.28291992716225       0.16173420850770565        1.1195501569053221        1.0048392761371072E-008
  0.14999999999999999        276.67647671628634       0.16185784274549869        1.1200220459707877        1.0110811121349018E-008
  0.20000000000000001        277.47810551709415       0.16186399068063353        1.1200454985810955        1.0113923837745023E-008
  0.25000000000000000        277.83671134051184       0.16186421822497155        1.1200463665740377        1.0114039060185530E-008
  0.29999999999999999        277.90145530621953       0.16186422497753905        1.1200463923324244        1.0114042479524873E-008
  0.34999999999999998        277.79919778688179       0.16186422514555002        1.1200463929733202        1.0114042564601640E-008
  0.40000000000000002        277.62549608039672       0.16186422514918156        1.1200463929871731        1.0114042566440569E-008
  0.50000000000000000        277.25379940457810       0.16186422514924834        1.1200463929874280        1.0114042566474384E-008
  0.59999999999999998        277.02242966315481       0.16186422514923629        1.1200463929873818        1.0114042566468276E-008
  0.69999999999999996        276.91126899135935       0.16186422514924834        1.1200463929874280        1.0114042566474384E-008
  0.80000000000000004        276.86493399222894       0.16186422514922810        1.1200463929873505        1.0114042566464135E-008
   1.0000000000000000        276.84861498686615       0.16186422514922810        1.1200463929873505        1.0114042566464135E-008
   2.5000000000000001E-002   272.37670193617180       0.15670725498565793        1.0999349140515617        7.7797957980881294E-009
   5.0000000000000003E-002   273.24151725581578       0.16012476701766890        1.1133617190798359        9.2661190866864800E-009
  0.10000000000000001        275.19630052255087       0.16173153608994426        1.1195399513099320        1.0047047294505440E-008
  0.14999999999999999        276.59230153158114       0.16185762645489790        1.1200212208618585        1.0110701628118974E-008
  0.20000000000000001        277.41408855778371       0.16186397968963806        1.1200454566546900        1.0113918272224455E-008
  0.25000000000000000        277.79393439195439       0.16186421781192423        1.1200463649984247        1.0114038851028237E-008
  0.29999999999999999        277.87691029397564       0.16186422496512951        1.1200463922850872        1.0114042473240974E-008
  0.34999999999999998        277.78846241615236       0.16186422514523838        1.1200463929721314        1.0114042564443834E-008
  0.40000000000000002        277.62397708734142       0.16186422514917642        1.1200463929871534        1.0114042566437961E-008
  0.50000000000000000        277.25872190793194       0.16186422514924834        1.1200463929874280        1.0114042566474384E-008
  0.59999999999999998        277.02674806757415       0.16186422514923629        1.1200463929873818        1.0114042566468276E-008
  0.69999999999999996        276.91362539408317       0.16186422514924836        1.1200463929874278        1.0114042566474397E-008
  0.80000000000000004        276.86586934275863       0.16186422514922810        1.1200463929873505        1.0114042566464135E-008
   1.0000000000000000        276.84876677191721       0.16186422514922810        1.1200463929873505        1.0114042566464135E-008
   2.5000000000000001E-002   272.84867856136606       0.15668896725026071        1.0998619961823222        7.7724412085644925E-009
   5.0000000000000003E-002   273.34769613814814       0.16011344272289588        1.1133178747138019        9.2608097426206944E-009
  0.10000000000000001        275.12925923551489       0.16172885288037928        1.1195297042691321        1.0045696553238504E-008
  0.14999999999999999        276.51173585824671       0.16185740606670451        1.1200203801198081        1.0110590061625461E-008
  0.20000000000000001        277.35043038156857       0.16186396834040984        1.1200454133617610        1.0113912525308050E-008
  0.25000000000000000        277.75076456106370       0.16186421737999759        1.1200463633507944        1.0114038632310920E-008
  0.29999999999999999        277.85174230987008       0.16186422495199371        1.1200463922349790        1.0114042466589319E-008
  0.34999999999999998        277.77707230569791       0.16186422514490428        1.1200463929708571        1.0114042564274659E-008
  0.40000000000000002        277.62188431092852       0.16186422514917084        1.1200463929871325        1.0114042566435142E-008
  0.50000000000000000        277.26338715419797       0.16186422514924834        1.1200463929874280        1.0114042566474384E-008
  0.59999999999999998        277.03101442304001       0.16186422514923629        1.1200463929873818        1.0114042566468276E-008
  0.69999999999999996        276.91599997789280       0.16186422514924834        1.1200463929874280        1.0114042566474384E-008
  0.80000000000000004        276.86682929401809       0.16186422514922810        1.1200463929873505        1.0114042566464135E-008
   1.0000000000000000        276.84892573644339       0.16186422514922810        1.1200463929873505        1.0114042566464135E-008
   2.5000000000000001E-002   273.50992797683085       0.15665748930284801        1.0997364585460658        7.7597963207996427E-009
   5.0000000000000003E-002   273.57174126728097       0.16010207366653018        1.1132738527776003        9.2554820950876000E-009
  0.10000000000000001        275.09113360397970       0.16172615888870559        1.1195194158171231        1.0044340544354601E-008
  0.14999999999999999        276.43707483860487       0.16185718157571496        1.1200195237246975        1.0110476419294506E-008
  0.20000000000000001        277.28761227012910       0.16186395662676542        1.1200453686787202        1.0113906593864985E-008
  0.25000000000000000        277.70730285833253       0.16186421692860112        1.1200463616288945        1.0114038403734535E-008
  0.29999999999999999        277.82598418739735       0.16186422493809882        1.1200463921819754        1.0114042459553276E-008
  0.34999999999999998        277.76504428130386       0.16186422514454657        1.1200463929694924        1.0114042564093513E-008
  0.40000000000000002        277.61922540056355       0.16186422514916557        1.1200463929871121        1.0114042566432461E-008
  0.50000000000000000        277.26779134487526       0.16186422514924834        1.1200463929874280        1.0114042566474384E-008
  0.59999999999999998        277.03522392345587       0.16186422514923629        1.1200463929873818        1.0114042566468276E-008
  0.69999999999999996        276.91839042261859       0.16186422514924836        1.1200463929874278        1.0114042566474397E-008
  0.80000000000000004        276.86781345712518       0.16186422514922810        1.1200463929873505        1.0114042566464135E-008
   1.0000000000000000        276.84909203503656       0.16186422514922810        1.1200463929873505        1.0114042566464135E-008
   2.5000000000000001E-002   274.27828251629262       0.15661952939107882        1.0995850246095122        7.7445715761600906E-009
   5.0000000000000003E-002   273.90461548832036       0.16009063024452080        1.1132295385740258        9.2501223124572799E-009
  0.10000000000000001        275.08966610333317       0.16172345403656174        1.1195090856517957        1.0042979230328211E-008
  0.14999999999999999        276.37119371669894       0.16185695297664340        1.1200186516562729        1.0110360698511728E-008
  0.20000000000000001        277.22634394193824       0.16186394454253419        1.1200453225820288        1.0113900474770904E-008
  0.25000000000000000        277.66370655908969       0.16186421645713547        1.1200463598304387        1.0114038164995615E-008
  0.29999999999999999        277.79967938420430       0.16186422492341165        1.1200463921259498        1.0114042452116047E-008
  0.34999999999999998        277.75239679287984       0.16186422514416435        1.1200463929680344        1.0114042563899964E-008
  0.40000000000000002        277.61600840121491       0.16186422514915988        1.1200463929870905        1.0114042566429590E-008
  0.50000000000000000        277.27193105382315       0.16186422514924834        1.1200463929874280        1.0114042566474384E-008
  0.59999999999999998        277.03937189122729       0.16186422514923629        1.1200463929873818        1.0114042566468276E-008
  0.69999999999999996        276.92079439073166       0.16186422514924834        1.1200463929874280        1.0114042566474384E-008
  0.80000000000000004        276.86882140374638       0.16186422514922810        1.1200463929873505        1.0114042566464135E-008
   1.0000000000000000        276.84926581718713       0.16186422514922810        1.1200463929873505        1.0114042566464135E-008
   2.5000000000000001E-002   275.10852770544477       0.15655649488130649        1.0993334503493910        7.7193478928242111E-009
   5.0000000000000003E-002   274.32764672435184       0.16007903839682405        1.1131846451810750        9.2446957855075012E-009
  0.10000000000000001        275.12911407784048       0.16172073816105723        1.1194987131481642        1.0041612531125272E-008
  0.14999999999999999        276.31705060639882       0.16185672026399542        1.1200177638934830        1.0110242896558385E-008
  0.20000000000000001        277.16754931258612       0.16186393208155653        1.1200452750481900        1.0113894164907076E-008
  0.25000000000000000        277.62020471093825       0.16186421596499218        1.1200463579531057        1.0114037915786030E-008
  0.29999999999999999        277.77288782495094       0.16186422490789845        1.1200463920667731        1.0114042444260529E-008
  0.34999999999999998        277.73915131949877       0.16186422514375598        1.1200463929664766        1.0114042563693173E-008
  0.40000000000000002        277.61224193389626       0.16186422514915361        1.1200463929870663        1.0114042566426406E-008
  0.50000000000000000        277.27580322315805       0.16186422514924834        1.1200463929874280        1.0114042566474384E-008
  0.59999999999999998        277.04345378064460       0.16186422514923629        1.1200463929873818        1.0114042566468276E-008
  0.69999999999999996        276.92320953172424       0.16186422514924836        1.1200463929874278        1.0114042566474397E-008
  0.80000000000000004        276.86985266708592       0.16186422514922810        1.1200463929873505        1.0114042566464135E-008
   1.0000000000000000        276.84944722698089       0.16186422514922810        1.1200463929873505        1.0114042566464135E-008
   2.5000000000000001E-002   275.97068892437568       0.15646380430667894        1.0989632676321854        7.6823879446099416E-009
   5.0000000000000003E-002   274.82042490783368       0.16006717047219407        1.1131386779799288        9.2391429091224093E-009
  0.10000000000000001        275.21055861841148       0.16171801089574878        1.1194882969037345        1.0040240264343728E-008
  0.14999999999999999        276.27727611471761       0.16185648343178433        1.1200168604133955        1.0110123010467779E-008
  0.20000000000000001        277.11230059366869       0.16186391923768378        1.1200452260537481        1.0113887661160311E-008
  0.25000000000000000        277.57710458649717       0.16186421545155366        1.1200463559945397        1.0114037655793063E-008
  0.29999999999999999        277.74569176852509       0.16186422489152349        1.1200463920043089        1.0114042435968641E-008
  0.34999999999999998        277.72533419218001       0.16186422514331958        1.1200463929648121        1.0114042563472195E-008
  0.40000000000000002        277.60793550018195       0.16186422514914672        1.1200463929870401        1.0114042566422918E-008
  0.50000000000000000        277.27940516833888       0.16186422514924834        1.1200463929874280        1.0114042566474384E-008
  0.59999999999999998        277.04746518121482       0.16186422514923629        1.1200463929873818        1.0114042566468276E-008
  0.69999999999999996        276.92563348633604       0.16186422514924834        1.1200463929874280        1.0114042566474384E-008
  0.80000000000000004        276.87090674293410       0.16186422514922810        1.1200463929873505        1.0114042566464135E-008
   1.0000000000000000        276.84963640280688       0.16186422514922810        1.1200463929873505        1.0114042566464135E-008
   2.5000000000000001E-002   276.84398771773323       0.15634176820815857        1.0984754329456463        7.6339632204016146E-009
   5.0000000000000003E-002   275.36442417379072       0.16005489862957797        1.1130911414101283        9.2334041187495545E-009
  0.10000000000000001        275.33272989549084       0.16171527164369293        1.1194778346354906        1.0038862131718969E-008
  0.14999999999999999        276.25393737188494       0.16185624247311936        1.1200159411896295        1.0110001036816849E-008
  0.20000000000000001        277.06173141371954       0.16186390600477665        1.1200451755752838        1.0113880960422202E-008
  0.25000000000000000        277.53478722248275       0.16186421491619343        1.1200463539523511        1.0114037384699477E-008
  0.29999999999999999        277.71820043419291       0.16186422487425092        1.1200463919384211        1.0114042427222219E-008
  0.34999999999999998        277.71097865326288       0.16186422514285409        1.1200463929630364        1.0114042563236485E-008
  0.40000000000000002        277.60309992287876       0.16186422514913942        1.1200463929870124        1.0114042566419231E-008
  0.50000000000000000        277.28273459643674       0.16186422514924834        1.1200463929874280        1.0114042566474384E-008
  0.59999999999999998        277.05140182135261       0.16186422514923629        1.1200463929873818        1.0114042566468276E-008
  0.69999999999999996        276.92806389064867       0.16186422514924836        1.1200463929874278        1.0114042566474397E-008
  0.80000000000000004        276.87198309077371       0.16186422514922810        1.1200463929873505        1.0114042566464135E-008
   1.0000000000000000        276.84983347707873       0.16186422514922810        1.1200463929873505        1.0114042566464135E-008
   2.5000000000000001E-002   277.71445348471417       0.15619111531696048        1.0978724918728220        7.5745523608609182E-009
   5.0000000000000003E-002   275.94403322231938       0.16004209881926162        1.1130415543787084        9.2274217596749709E-009
  0.10000000000000001        275.49282518673101       0.16171251958382535        1.1194673232041561        1.0037477722403739E-008
  0.14999999999999999        276.24845268468806       0.16185599737979756        1.1200150061907945        1.0109876971519548E-008
  0.20000000000000001        277.01695302528890       0.16186389237670309        1.1200451235894056        1.0113874059588005E-008
  0.25000000000000000        277.49369386811719       0.16186421435827564        1.1200463518241142        1.0114037102183273E-008
  0.29999999999999999        277.69055247598777       0.16186422485604310        1.1200463918689654        1.0114042418002212E-008
  0.34999999999999998        277.69612688370938       0.16186422514235793        1.1200463929611435        1.0114042562985242E-008
  0.40000000000000002        277.59774791218291       0.16186422514913174        1.1200463929869833        1.0114042566415340E-008
  0.50000000000000000        277.28578964124500       0.16186422514924834        1.1200463929874280        1.0114042566474384E-008
  0.59999999999999998        277.05525957292991       0.16186422514923629        1.1200463929873818        1.0114042566468276E-008
  0.69999999999999996        276.93049838008125       0.16186422514924834        1.1200463929874280        1.0114042566474384E-008
  0.80000000000000004        276.87308113494163       0.16186422514922810        1.1200463929873505        1.0114042566464135E-008
   1.0000000000000000        276.85003857596809       0.16186422514922810        1.1200463929873505        1.0114042566464135E-008
   2.5000000000000001E-002   278.58260870048525       0.15601099034326546        1.0971505636561980        7.5040513174048714E-009
   5.0000000000000003E-002   276.54851983801564       0.16002864766593561        1.1129894381715664        9.2211386384553519E-009
  0.10000000000000001        275.68729440215907       0.16170975367683713        1.1194567586365365        1.0036086515993607E-008
  0.14999999999999999        276.26161376684144       0.16185574814190978        1.1200140553789899        1.0109750809627554E-008
  0.20000000000000001        276.97898697324979       0.16186387834733573        1.1200450700727389        1.0113866955555372E-008
  0.25000000000000000        277.45430676487615       0.16186421377715615        1.1200463496073718        1.0114036807918309E-008
  0.29999999999999999        277.66291594762760       0.16186422483686191        1.1200463917957966        1.0114042408289308E-008
  0.34999999999999998        277.68083172266256       0.16186422514182985        1.1200463929591293        1.0114042562717832E-008
  0.40000000000000002        277.59189472346748       0.16186422514912299        1.1200463929869497        1.0114042566410908E-008
  0.50000000000000000        277.28856891780805       0.16186422514924834        1.1200463929874280        1.0114042566474384E-008
  0.59999999999999998        277.05903445726665       0.16186422514923629        1.1200463929873818        1.0114042566468276E-008
  0.69999999999999996        276.93293459333307       0.16186422514924836        1.1200463929874278        1.0114042566474397E-008
  0.80000000000000004        276.87420026583607       0.16186422514922810        1.1200463929873505        1.0114042566464135E-008
   1.0000000000000000        276.85025181915120       0.16186422514922810        1.1200463929873505        1.0114042566464135E-008
   2.5000000000000001E-002   279.43046572962936       0.15580399096120248        1.0963195304113296        7.4237425413346667E-009
   5.0000000000000003E-002   277.16787782175919       0.16001442733174892        1.1129343352758858        9.2145003063434261E-009
  0.10000000000000001        275.91232343200909       0.16170697266875725        1.1194461361391004        1.0034687884398002E-008
  0.14999999999999999        276.29367849329168       0.16185549474745142        1.1200130887083193        1.0109622545133149E-008
  0.20000000000000001        276.94872053402770       0.16186386391054783        1.1200450150019121        1.0113859645222289E-008
  0.25000000000000000        277.41712791193947       0.16186421317218189        1.1200463472996331        1.0114036501573860E-008
  0.29999999999999999        277.63548590432083       0.16186422481666762        1.1200463917187635        1.0114042398063407E-008
  0.34999999999999998        277.66515786142241       0.16186422514126733        1.1200463929569835        1.0114042562432988E-008
  0.40000000000000002        277.58555885573469       0.16186422514911361        1.1200463929869140        1.0114042566406163E-008
  0.50000000000000000        277.29107159722486       0.16186422514924831        1.1200463929874278        1.0114042566474372E-008
  0.59999999999999998        277.06272265315863       0.16186422514923629        1.1200463929873818        1.0114042566468276E-008
  0.69999999999999996        276.93537017634696       0.16186422514924834        1.1200463929874280        1.0114042566474384E-008
  0.80000000000000004        276.87533984117385       0.16186422514922810        1.1200463929873505        1.0114042566464135E-008
   1.0000000000000000        276.85047331956810       0.16186422514922810        1.1200463929873505        1.0114042566464135E-008
   2.5000000000000001E-002   280.25378286051324       0.15557183080020873        1.0953857064978831        7.3345694700397921E-009
   5.0000000000000003E-002   277.79327227318379       0.15999933126383881        1.1128758316402805        9.2074577490171296E-009
  0.10000000000000001        276.16385405942822       0.16170417511168422        1.1194354501770689        1.0033281102334237E-008
  0.14999999999999999        276.34444989950822       0.16185523718196279        1.1200121061235178        1.0109492170787375E-008
  0.20000000000000001        276.92688129820175       0.16186384906020923        1.1200449583535406        1.0113852125485050E-008
  0.25000000000000000        277.38265867693866       0.16186421254269051        1.1200463448983711        1.0114036182814539E-008
  0.29999999999999999        277.60848013141589       0.16186422479542023        1.1200463916377130        1.0114042387304224E-008
  0.34999999999999998        277.64918238676256       0.16186422514066914        1.1200463929547015        1.0114042562130076E-008
  0.40000000000000002        277.57876273214538       0.16186422514910387        1.1200463929868767        1.0114042566401228E-008
  0.50000000000000000        277.29329750059770       0.16186422514924834        1.1200463929874280        1.0114042566474384E-008
  0.59999999999999998        277.06632050748880       0.16186422514923629        1.1200463929873818        1.0114042566468276E-008
  0.69999999999999996        276.93780278637382       0.16186422514924836        1.1200463929874278        1.0114042566474397E-008
  0.80000000000000004        276.87649918729454       0.16186422514922810        1.1200463929873505        1.0114042566464135E-008
   1.0000000000000000        276.85070318319748       0.16186422514922810        1.1200463929873505        1.0114042566464135E-008
   2.5000000000000001E-002   281.04924347129440       0.15531632530811426        1.0943558001041183        7.2375160414581993E-009
   5.0000000000000003E-002   278.41800774104098       0.15998326163733928        1.1128135467609745        9.1999661960756786E-009
  0.10000000000000001        276.43785936713368       0.16170135938109442        1.1194246945404358        1.0031865356094145E-008
  0.14999999999999999        276.41335829338908       0.16185497542820540        1.1200111075587180        1.0109359677936226E-008
  0.20000000000000001        276.91402520252655       0.16186383379018177        1.1200449001042088        1.0113844393235868E-008
  0.25000000000000000        277.35138171244643       0.16186421188801142        1.1200463424010279        1.0114035851300776E-008
  0.29999999999999999        277.58213360157293       0.16186422477307763        1.1200463915524845        1.0114042375990470E-008
  0.34999999999999998        277.63299464272666       0.16186422514003340        1.1200463929522766        1.0114042561808155E-008
  0.40000000000000002        277.57153330584083       0.16186422514909304        1.1200463929868354        1.0114042566395737E-008
  0.50000000000000000        277.29524720905863       0.16186422514924831        1.1200463929874278        1.0114042566474372E-008
  0.59999999999999998        277.06982454885008       0.16186422514923629        1.1200463929873818        1.0114042566468276E-008
  0.69999999999999996        276.94023009622987       0.16186422514924834        1.1200463929874280        1.0114042566474384E-008
  0.80000000000000004        276.87767760051361       0.16186422514922810        1.1200463929873505        1.0114042566464135E-008
   1.0000000000000000        276.85094150884316       0.16186422514922810        1.1200463929873505        1.0114042566464135E-008
   2.5000000000000001E-002   281.81390148319463       0.15503957308889238        1.0932376657641989        7.1336638841156779E-009
   5.0000000000000003E-002   279.03680600837907       0.15996613047012942        1.1127471379952631        9.1919856448190337E-009
  0.10000000000000001        276.73050147834903       0.16169852369352974        1.1194138624114445        1.0030439752496519E-008
  0.14999999999999999        276.49954861325642       0.16185470946587055        1.1200100929363375        1.0109225056373171E-008
  0.20000000000000001        276.91053617246115       0.16186381809431391        1.1200448402304504        1.0113836445360257E-008
  0.25000000000000000        277.32374601111087       0.16186421120746478        1.1200463398050100        1.0114035506688318E-008
  0.29999999999999999        277.55669224141337       0.16186422474959772        1.1200463914629182        1.0114042364100794E-008
  0.34999999999999998        277.61669545402236       0.16186422513935816        1.1200463929497007        1.0114042561466232E-008
  0.40000000000000002        277.56390254306638       0.16186422514908155        1.1200463929867917        1.0114042566389920E-008
  0.50000000000000000        277.29692218524332       0.16186422514924834        1.1200463929874280        1.0114042566474384E-008
  0.59999999999999998        277.07323150444671       0.16186422514923629        1.1200463929873818        1.0114042566468276E-008
  0.69999999999999996        276.94264979884974       0.16186422514924836        1.1200463929874278        1.0114042566474397E-008
  0.80000000000000004        276.87887434853212       0.16186422514922810        1.1200463929873505        1.0114042566464135E-008
   1.0000000000000000        276.85118838793733       0.16186422514922810        1.1200463929873505        1.0114042566464135E-008
   2.5000000000000001E-002   282.54488214951340       0.15474401080155514        1.0920405557165318        7.0241978971954639E-009
   5.0000000000000003E-002   279.64528189463635       0.15994786097658351        1.1126763058070028        9.1834814918365180E-009
  0.10000000000000001        277.03818767308894       0.16169566612646563        1.1194029464404018        1.0029003328930365E-008
  0.14999999999999999        276.60195804977002       0.16185443927132381        1.1200090621661043        1.0109088294210055E-008
  0.20000000000000001        276.91663434515016       0.16186380196643477        1.1200447787087251        1.0113828278733925E-008
  0.25000000000000000        277.30015548784633       0.16186421050036212        1.1200463371076916        1.0114035148628547E-008
  0.29999999999999999        277.53240652458879       0.16186422472493664        1.1200463913688459        1.0114042351613015E-008
  0.34999999999999998        277.60039580532981       0.16186422513864115        1.1200463929469657        1.0114042561103156E-008
  0.40000000000000002        277.55590774853306       0.16186422514906915        1.1200463929867444        1.0114042566383639E-008
  0.50000000000000000        277.29832490051791       0.16186422514924831        1.1200463929874278        1.0114042566474372E-008
  0.59999999999999998        277.07653832033640       0.16186422514923629        1.1200463929873818        1.0114042566468276E-008
  0.69999999999999996        276.94505961222700       0.16186422514924834        1.1200463929874280        1.0114042566474384E-008
  0.80000000000000004        276.88008867190354       0.16186422514922810        1.1200463929873505        1.0114042566464135E-008
   1.0000000000000000        276.85144390435687       0.16186422514922810        1.1200463929873505        1.0114042566464135E-008
   2.5000000000000001E-002   283.23960322372488       0.15443235006326470        1.0907748968457116        6.9103672634879640E-009
   5.0000000000000003E-002   280.23966675515686       0.15992838882398475        1.1126007986427284        9.1744251142257577E-009
  0.10000000000000001        277.35757562388693       0.16169278464050588        1.1193919388303892        1.0027555064561956E-008
  0.14999999999999999        276.71937859617765       0.16185416481738774        1.1200080151442269        1.0108949377767109E-008
  0.20000000000000001        276.93238952104309       0.16186378540034760        1.1200447155153939        1.0113819890219522E-008
  0.25000000000000000        277.28096102875480       0.16186420976600616        1.1200463343064122        1.0114034776768369E-008
  0.29999999999999999        277.50952530797753       0.16186422469904960        1.1200463912700971        1.0114042338504433E-008
  0.34999999999999998        277.58421510052671       0.16186422513788060        1.1200463929440645        1.0114042560718024E-008
  0.40000000000000002        277.54759171243734       0.16186422514905571        1.1200463929866931        1.0114042566376841E-008
  0.50000000000000000        277.29945896171523       0.16186422514924834        1.1200463929874280        1.0114042566474384E-008
  0.59999999999999998        277.07974218486675       0.16186422514923629        1.1200463929873818        1.0114042566468276E-008
  0.69999999999999996        276.94745728483605       0.16186422514924836        1.1200463929874278        1.0114042566474397E-008
  0.80000000000000004        276.88131978557215       0.16186422514922810        1.1200463929873505        1.0114042566464135E-008
   1.0000000000000000        276.85170813425543       0.16186422514922810        1.1200463929873505        1.0114042566464135E-008
   2.5000000000000001E-002   283.89569337499961       0.15410754093648016        1.0894521731088003        6.7934583078967373E-009
   5.0000000000000003E-002   280.81665551480245       0.15990766312605767        1.1125204167979121        9.1647943225585689E-009
  0.10000000000000001        277.68556143956624       0.16168987710343538        1.1193808314290798        1.0026093892468674E-008
  0.14999999999999999        276.85050529359671       0.16185388607316933        1.1200069517527367        1.0108808291485853E-008
  0.20000000000000001        276.95773713614892       0.16186376838982378        1.1200446506266966        1.0113811276663539E-008
  0.25000000000000000        277.26645563601983       0.16186420900369045        1.1200463313984774        1.0114034390750053E-008
  0.29999999999999999        277.48829020892083       0.16186422467189096        1.1200463911664973        1.0114042324751935E-008
  0.34999999999999998        277.56827913605690       0.16186422513707466        1.1200463929409901        1.0114042560309920E-008
  0.40000000000000002        277.53900267269461       0.16186422514904172        1.1200463929866398        1.0114042566369754E-008
  0.50000000000000000        277.30032923118551       0.16186422514924831        1.1200463929874278        1.0114042566474372E-008
  0.59999999999999998        277.08284055495307       0.16186422514923629        1.1200463929873818        1.0114042566468276E-008
  0.69999999999999996        276.94984060160471       0.16186422514924834        1.1200463929874280        1.0114042566474384E-008
  0.80000000000000004        276.88256688049086       0.16186422514922810        1.1200463929873505        1.0114042566464135E-008
   1.0000000000000000        276.85198114591117       0.16186422514922810        1.1200463929873505        1.0114042566464135E-008
   2.5000000000000001E-002   284.51093988703360       0.15377273097735061        1.0880847871567019        6.6747679957593369E-009
   5.0000000000000003E-002   281.37329334336698       0.15988564726097571        1.1124350156129097        9.1545737257447489E-009
  0.10000000000000001        278.01925993668834       0.16168694131577380        1.1193696158263027        1.0024618712519592E-008
  0.14999999999999999        276.99397255627298       0.16185360300393342        1.1200058718590045        1.0108665017865093E-008
  0.20000000000000001        276.99249490497107       0.16186375092859556        1.1200445840187232        1.0113802434892743E-008
  0.25000000000000000        277.25687215109991       0.16186420821270012        1.1200463283811606        1.0114033990211617E-008
  0.29999999999999999        277.46893070649134       0.16186422464341332        1.1200463910578664        1.0114042310331539E-008
  0.34999999999999998        277.55271791756201       0.16186422513622062        1.1200463929377322        1.0114042559877451E-008
  0.40000000000000002        277.53019409825237       0.16186422514902674        1.1200463929865825        1.0114042566362164E-008
  0.50000000000000000        277.30094193438566       0.16186422514924834        1.1200463929874280        1.0114042566474384E-008
  0.59999999999999998        277.08583118467146       0.16186422514923629        1.1200463929873818        1.0114042566468276E-008
  0.69999999999999996        276.95220739049245       0.16186422514924836        1.1200463929874278        1.0114042566474397E-008
  0.80000000000000004        276.88382912532865       0.16186422514922810        1.1200463929873505        1.0114042566464135E-008
   1.0000000000000000        276.85226299959135       0.16186422514922810        1.1200463929873505        1.0114042566464135E-008
   2.5000000000000001E-002   285.08327775016835       0.15343120999944596        1.0866858591519837        6.5555753177019964E-009
   5.0000000000000003E-002   281.90690037137318       0.15986231944698368        1.1123445077398790        9.1437549763836100E-009
  0.10000000000000001        278.35598257739952       0.16168397503743870        1.1193582834558555        1.0023128404805216E-008
  0.14999999999999999        277.14838096306067       0.16185331557102284        1.1200047753154361        1.0108519537420725E-008
  0.20000000000000001        277.03637896587793       0.16186373301034956        1.1200445156673902        1.0113793361710755E-008
  0.25000000000000000        277.25238300757582       0.16186420739231164        1.1200463252517012        1.0114033574786692E-008
  0.29999999999999999        277.45166005296295       0.16186422461356828        1.1200463909440193        1.0114042295218720E-008
  0.34999999999999998        277.53766343352771       0.16186422513531601        1.1200463929342814        1.0114042559419380E-008
  0.40000000000000002        277.52122430897566       0.16186422514901044        1.1200463929865203        1.0114042566353918E-008
  0.50000000000000000        277.30130475004751       0.16186422514924831        1.1200463929874278        1.0114042566474372E-008
  0.59999999999999998        277.08871215548373       0.16186422514923629        1.1200463929873818        1.0114042566468276E-008
  0.69999999999999996        276.95455552970128       0.16186422514924834        1.1200463929874280        1.0114042566474384E-008
  0.80000000000000004        276.88510566828120       0.16186422514922810        1.1200463929873505        1.0114042566464135E-008
   1.0000000000000000        276.85255374743281       0.16186422514922810        1.1200463929873505        1.0114042566464135E-008
   2.5000000000000001E-002   285.61079627179731       0.15308634554513845        1.0852689809615632        6.4371131471574986E-009
   5.0000000000000003E-002   282.41502499745599       0.15983767302924062        1.1122488643005859        9.1323368751815477E-009
  0.10000000000000001        278.69321658940100       0.16168097601502046        1.1193468256996706        1.0021621843365689E-008
  0.14999999999999999        277.31231673863709       0.16185302373182897        1.1200036619593594        1.0108371828670920E-008
  0.20000000000000001        277.08901886374713       0.16186371462871918        1.1200444455484095        1.0113784053894305E-008
  0.25000000000000000        277.25310150102348       0.16186420654179151        1.1200463220073014        1.0114033144103832E-008
  0.29999999999999999        277.43667200797302       0.16186422458230720        1.1200463908247706        1.0114042279388854E-008
  0.34999999999999998        277.52324747896654       0.16186422513435894        1.1200463929306306        1.0114042558934742E-008
  0.40000000000000002        277.51215595434485       0.16186422514899296        1.1200463929864537        1.0114042566345067E-008
  0.50000000000000000        277.30142687896080       0.16186422514924834        1.1200463929874280        1.0114042566474384E-008
  0.59999999999999998        277.09148190731679       0.16186422514923629        1.1200463929873818        1.0114042566468276E-008
  0.69999999999999996        276.95688295551952       0.16186422514924836        1.1200463929874278        1.0114042566474397E-008
  0.80000000000000004        276.88639563899301       0.16186422514922810        1.1200463929873505        1.0114042566464135E-008
   1.0000000000000000        276.85285343334266       0.16186422514922810        1.1200463929873505        1.0114042566464135E-008
   2.5000000000000001E-002   286.09175369081396       0.15274151302548747        1.0838479403113328        6.3205424017909930E-009
   5.0000000000000003E-002   282.89541713184957       0.15981171645071901        1.1121481148288148        9.1203253224314287E-009
  0.10000000000000001        279.02860704815487       0.16167794200911548        1.1193352339922140        1.0020097909938737E-008
  0.14999999999999999        277.48436584205291       0.16185272743981280        1.1200025316131033        1.0108221868146995E-008
  0.20000000000000001        277.14997106023401       0.16186369577727827        1.1200443736372681        1.0113774508190004E-008
  0.25000000000000000        277.25908413332246       0.16186420566039783        1.1200463186451308        1.0114032697787367E-008
  0.29999999999999999        277.42413835679184       0.16186422454957930        1.1200463906999265        1.0114042262816220E-008
  0.34999999999999998        277.50959959981617       0.16186422513334714        1.1200463929267710        1.0114042558422384E-008
  0.40000000000000002        277.50305537712029       0.16186422514897439        1.1200463929863829        1.0114042566335661E-008
  0.50000000000000000        277.30131908851831       0.16186422514924831        1.1200463929874278        1.0114042566474372E-008
  0.59999999999999998        277.09413926965374       0.16186422514923629        1.1200463929873818        1.0114042566468276E-008
  0.69999999999999996        276.95918767076910       0.16186422514924834        1.1200463929874280        1.0114042566474384E-008
  0.80000000000000004        276.88769815060772       0.16186422514922810        1.1200463929873505        1.0114042566464135E-008
   1.0000000000000000        276.85316209291551       0.16186422514922810        1.1200463929873505        1.0114042566464135E-008
   2.5000000000000001E-002   286.52459333459683       0.15240002481846532        1.0824364315856265        6.2069300518598410E-009
   5.0000000000000003E-002   283.34601448634959       0.15978447289949838        1.1120423459660354        9.1077331140586596E-009
  0.10000000000000001        279.35994255148654       0.16167487082113563        1.1193234999229009        1.0018555507434909E-008
  0.14999999999999999        277.66312421645989       0.16185242664457328        1.1200013840842611        1.0108069630428169E-008
  0.20000000000000001        277.21873089732696       0.16186367644953417        1.1200442999091973        1.0113764721310765E-008
  0.25000000000000000        277.27033367104980       0.16186420474737964        1.1200463151623252        1.0114032235457035E-008
  0.29999999999999999        277.41420714260420       0.16186422451533281        1.1200463905692897        1.0114042245474609E-008
  0.34999999999999998        277.49684520745660       0.16186422513227755        1.1200463929226909        1.0114042557880781E-008
  0.40000000000000002        277.49399188966083       0.16186422514895452        1.1200463929863069        1.0114042566325591E-008
  0.50000000000000000        277.30099373126905       0.16186422514924834        1.1200463929874280        1.0114042566474384E-008
  0.59999999999999998        277.09668349177582       0.16186422514923629        1.1200463929873818        1.0114042566468276E-008
  0.69999999999999996        276.96146775380566       0.16186422514924836        1.1200463929874278        1.0114042566474397E-008
  0.80000000000000004        276.88901230195063       0.16186422514922810        1.1200463929873505        1.0114042566464135E-008
   1.0000000000000000        276.85347975337129       0.16186422514922810        1.1200463929873505        1.0114042566464135E-008
   2.5000000000000001E-002   286.90795640904844       0.15206506267937372        1.0810477710849464        6.0972321379272786E-009
   5.0000000000000003E-002   283.76493644726656       0.15975597964490140        1.1119316989563732        9.0945795894500621E-009
  0.10000000000000001        279.68514439511551       0.16167176031902392        1.1193116153343448        1.0016993572853308E-008
  0.14999999999999999        277.84720539428486       0.16185212129196472        1.1200002191661347        1.0107915088201176E-008
  0.20000000000000001        277.29474308289463       0.16186365663892016        1.1200442243391471        1.0113754689932067E-008
  0.25000000000000000        277.28680263859599       0.16186420380197658        1.1200463115559842        1.0114031756727810E-008
  0.29999999999999999        277.40700152656001       0.16186422447951443        1.1200463904326565        1.0114042227337028E-008
  0.34999999999999998        277.48510389404680       0.16186422513114807        1.1200463929183824        1.0114042557308824E-008
  0.40000000000000002        277.48503699018755       0.16186422514893348        1.1200463929862268        1.0114042566314941E-008
  0.50000000000000000        277.30046473679420       0.16186422514924831        1.1200463929874278        1.0114042566474372E-008
  0.59999999999999998        277.09911427131561       0.16186422514923629        1.1200463929873818        1.0114042566468276E-008
  0.69999999999999996        276.96372136798647       0.16186422514924834        1.1200463929874280        1.0114042566474384E-008
  0.80000000000000004        276.89033717985126       0.16186422514922810        1.1200463929873505        1.0114042566464135E-008
   1.0000000000000000        276.85380643351522       0.16186422514922810        1.1200463929873505        1.0114042566464135E-008
   2.5000000000000001E-002   287.24068814399271       0.15173961734196154        1.0796946334674131        5.9922824512502544E-009
   5.0000000000000003E-002   284.15048125687292       0.15972628709353331        1.1118163660587133        9.0808901471791761E-009
  0.10000000000000001        280.00225872522020       0.16166860846135095        1.1192995724144359        1.0015411089374332E-008
  0.14999999999999999        278.03524632752840       0.16185181132425761        1.1199990366383508        1.0107758212341781E-008
  0.20000000000000001        277.37741084261319       0.16186363633879050        1.1200441469017652        1.0113744410689399E-008
  0.25000000000000000        277.30839703881765       0.16186420282341865        1.1200463078231704        1.0114031261209778E-008
  0.29999999999999999        277.40261918442832       0.16186422444207088        1.1200463902898243        1.0114042208376511E-008
  0.34999999999999998        277.47448796405587       0.16186422512995563        1.1200463929138338        1.0114042556705005E-008
  0.40000000000000002        277.47626354452251       0.16186422514891127        1.1200463929861422        1.0114042566303698E-008
  0.50000000000000000        277.29974757713939       0.16186422514924834        1.1200463929874280        1.0114042566474384E-008
  0.59999999999999998        277.10143178032638       0.16186422514923629        1.1200463929873818        1.0114042566468276E-008
  0.69999999999999996        276.96594677150620       0.16186422514924836        1.1200463929874278        1.0114042566474397E-008
  0.80000000000000004        276.89167186161421       0.16186422514922810        1.1200463929873505        1.0114042566464135E-008
   1.0000000000000000        276.85414214371764       0.16186422514922810        1.1200463929873505        1.0114042566464135E-008
   2.5000000000000001E-002   287.52183586757212       0.15142643820983787        1.0783888227970884        5.8927869586342007E-009
   5.0000000000000003E-002   284.50112337313737       0.15969545761095935        1.1116965860504813        9.0666956516680982E-009
  0.10000000000000001        280.30945092228029       0.16166541331934473        1.1192873637805356        1.0013807097404915E-008
  0.14999999999999999        278.22591203703433       0.16185149668034080        1.1199978362676304        1.0107598972017356E-008
  0.20000000000000001        277.46610391157640       0.16186361554241266        1.1200440675713692        1.0113733880174299E-008
  0.25000000000000000        277.33498015408873       0.16186420181092678        1.1200463039609119        1.0114030748508447E-008
  0.29999999999999999        277.40113215130884       0.16186422440294654        1.1200463901405804        1.0114042188564871E-008
  0.34999999999999998        277.46510118548292       0.16186422512869786        1.1200463929090358        1.0114042556068103E-008
  0.40000000000000002        277.46774495616268       0.16186422514888718        1.1200463929860500        1.0114042566291497E-008
  0.50000000000000000        277.29885920681608       0.16186422514924831        1.1200463929874278        1.0114042566474372E-008
  0.59999999999999998        277.10363668815785       0.16186422514923629        1.1200463929873818        1.0114042566468276E-008
  0.69999999999999996        276.96814232747710       0.16186422514924834        1.1200463929874280        1.0114042566474384E-008
  0.80000000000000004        276.89301541763831       0.16186422514922810        1.1200463929873505        1.0114042566464135E-008
   1.0000000000000000        276.85448688591941       0.16186422514922810        1.1200463929873505        1.0114042566464135E-008
   2.5000000000000001E-002   287.75060251829768       0.15112800111426025        1.0771411134416100        5.7993254941834892E-009
   5.0000000000000003E-002   284.81550459542336       0.15966356417352440        1.1115726390705589        9.0520317624680470E-009
  0.10000000000000001        280.60500121554492       0.16166217309649966        1.1192749825544390        1.0012180704398917E-008
  0.14999999999999999        278.41789944505138       0.16185117729596007        1.1199966178086984        1.0107437334807725E-008
  0.20000000000000001        277.56016553712459       0.16186359424296340        1.1200439863219294        1.0113723094932452E-008
  0.25000000000000000        277.36637632767770       0.16186420076371211        1.1200462999661993        1.0114030218224347E-008
  0.29999999999999999        277.40258703298332       0.16186422436208484        1.1200463899847091        1.0114042167873480E-008
  0.34999999999999998        277.45703775563726       0.16186422512737181        1.1200463929039777        1.0114042555396629E-008
  0.40000000000000002        277.45955434438815       0.16186422514886176        1.1200463929859532        1.0114042566278622E-008
  0.50000000000000000        277.29781797904678       0.16186422514924834        1.1200463929874280        1.0114042566474384E-008
  0.59999999999999998        277.10573018051605       0.16186422514923629        1.1200463929873818        1.0114042566468276E-008
  0.69999999999999996        276.97030651411870       0.16186422514924836        1.1200463929874278        1.0114042566474397E-008
  0.80000000000000004        276.89436691418138       0.16186422514922810        1.1200463929873505        1.0114042566464135E-008
   1.0000000000000000        276.85484065365955       0.16186422514922810        1.1200463929873505        1.0114042566464135E-008
   2.5000000000000001E-002   287.92632125511989       0.15084649037631864        1.0759611476220674        5.7123584201470776E-009
   5.0000000000000003E-002   285.09241073599571       0.15963068895435731        1.1114448412027735        9.0369382357988204E-009
  0.10000000000000001        280.88729932646265       0.16165888614559412        1.1192624224274446        1.0010531093367658E-008
  0.14999999999999999        278.60994046674716       0.16185085310398983        1.1199953810053216        1.0107273266842915E-008
  0.20000000000000001        277.65891863652797       0.16186357243352334        1.1200439031270499        1.0113712051460835E-008
  0.25000000000000000        277.40237465983085       0.16186419968097615        1.1200462958359871        1.0114029669953164E-008
  0.29999999999999999        277.40700551183591       0.16186422431942779        1.1200463898219890        1.0114042146272956E-008
  0.34999999999999998        277.45038147048467       0.16186422512597406        1.1200463928986457        1.0114042554688847E-008
  0.40000000000000002        277.45176374680022       0.16186422514883478        1.1200463929858502        1.0114042566264962E-008
  0.50000000000000000        277.29664354037175       0.16186422514924831        1.1200463929874278        1.0114042566474372E-008
  0.59999999999999998        277.10771397418972       0.16186422514923629        1.1200463929873818        1.0114042566468276E-008
  0.69999999999999996        276.97243793491180       0.16186422514924834        1.1200463929874280        1.0114042566474384E-008
  0.80000000000000004        276.89572541626853       0.16186422514922810        1.1200463929873505        1.0114042566464135E-008
   1.0000000000000000        276.85520343213011       0.16186422514922810        1.1200463929873505        1.0114042566464135E-008
   2.5000000000000001E-002   288.04858308965993       0.15058374993004206        1.0748572015061106        5.6322236613236532E-009
   5.0000000000000003E-002   285.33078732517788       0.15959692174923557        1.1113135384307529        9.0214581566097370E-009
  0.10000000000000001        281.15484064480739       0.16165555098292872        1.1192496777148180        1.0008857529987218E-008
  0.14999999999999999        278.80080444481990       0.16185052403472938        1.1199941255914361        1.0107106732953177E-008
  0.20000000000000001        277.76167121368479       0.16186355010707107        1.1200438179599457        1.0113700746204848E-008
  0.25000000000000000        277.44273257526675       0.16186419856191053        1.1200462915671914        1.0114029103285548E-008
  0.29999999999999999        277.41438508506008       0.16186422427491695        1.1200463896521979        1.0114042123733723E-008
  0.34999999999999998        277.44520508293982       0.16186422512450205        1.1200463928930304        1.0114042553943448E-008
  0.40000000000000002        277.44444335939994       0.16186422514880636        1.1200463929857420        1.0114042566250572E-008
  0.50000000000000000        277.29535670609948       0.16186422514924834        1.1200463929874280        1.0114042566474384E-008
  0.59999999999999998        277.10959032704545       0.16186422514923629        1.1200463929873818        1.0114042566468276E-008
  0.69999999999999996        276.97453532856292       0.16186422514924836        1.1200463929874278        1.0114042566474397E-008
  0.80000000000000004        276.89708999073707       0.16186422514922810        1.1200463929873505        1.0114042566464135E-008
   1.0000000000000000        276.85557519825494       0.16186422514922810        1.1200463929873505        1.0114042566464135E-008
   2.5000000000000001E-002   288.11715274696820       0.15034128605797278        1.0738361669784238        5.5591492313939659E-009
   5.0000000000000003E-002   285.52974303541288       0.15956235834479537        1.1111791003597258        9.0056371499346650E-009
  0.10000000000000001        281.40622527829800       0.16165216629956541        1.1192367433988062        1.0007159368192829E-008
  0.14999999999999999        278.98930039170000       0.16185019001622275        1.1199928512923703        1.0106937696831098E-008
  0.20000000000000001        277.86772115410787       0.16186352725648132        1.1200437307934352        1.0113689175557270E-008
  0.25000000000000000        277.48717923592886       0.16186419740569663        1.1200462871566896        1.0114028517806978E-008
  0.29999999999999999        277.42469998219013       0.16186422422849164        1.1200463894751036        1.0114042100225055E-008
  0.34999999999999998        277.44156983352451       0.16186422512295240        1.1200463928871192        1.0114042553158745E-008
  0.40000000000000002        277.43766082430182       0.16186422514877588        1.1200463929856257        1.0114042566235137E-008
  0.50000000000000000        277.29397931927548       0.16186422514924834        1.1200463929874280        1.0114042566474384E-008
  0.59999999999999998        277.11136204300135       0.16186422514923629        1.1200463929873818        1.0114042566468276E-008
  0.69999999999999996        276.97659757863005       0.16186422514924834        1.1200463929874280        1.0114042566474384E-008
  0.80000000000000004        276.89845970940257       0.16186422514922810        1.1200463929873505        1.0114042566464135E-008
   1.0000000000000000        276.85595592079932       0.16186422514922810        1.1200463929873505        1.0114042566464135E-008
   2.5000000000000001E-002   288.13191497881047       0.15012028012386289        1.0729035778799558        5.4932672553226342E-009
   5.0000000000000003E-002   285.68853164567776       0.15952709896260686        1.1110419142226238        8.9895226338511835E-009
  0.10000000000000001        281.64015609093764       0.16164873096965710        1.1192236151605450        1.0005436054306709E-008
  0.14999999999999999        279.17427905919999       0.16184985097459403        1.1199915578261215        1.0106766121201379E-008
  0.20000000000000001        277.97636051392362       0.16186350387451920        1.1200436415999195        1.0113677335855472E-008
  0.25000000000000000        277.53541878849904       0.16186419621150572        1.1200462826013204        1.0114027913097801E-008
  0.29999999999999999        277.43790221791420       0.16186422418008997        1.1200463892904704        1.0114042075715602E-008
  0.34999999999999998        277.43952513609344       0.16186422512132184        1.1200463928808992        1.0114042552333066E-008
  0.40000000000000002        277.43148057242701       0.16186422514874363        1.1200463929855027        1.0114042566218808E-008
  0.50000000000000000        277.29253409594520       0.16186422514924834        1.1200463929874280        1.0114042566474384E-008
  0.59999999999999998        277.11303247179194       0.16186422514923629        1.1200463929873818        1.0114042566468276E-008
  0.69999999999999996        276.97862372265439       0.16186422514924836        1.1200463929874278        1.0114042566474397E-008
  0.80000000000000004        276.89983365233809       0.16186422514922810        1.1200463929873505        1.0114042566464135E-008
   1.0000000000000000        276.85634556050388       0.16186422514922810        1.1200463929873505        1.0114042566464135E-008
   2.5000000000000001E-002   288.09284544001144       0.14992160558241166        1.0720636577455198        5.4346274980379473E-009
   5.0000000000000003E-002   285.80653127046281       0.15949124679547205        1.1109023792332458        8.9731631220246874E-009
  0.10000000000000001        281.85543494215528       0.16164524405603198        1.1192102894014808        1.0003687129782660E-008
  0.14999999999999999        279.35463461245774       0.16184950683439273        1.1199902449046741        1.0106591967995809E-008
  0.20000000000000001        278.08687936818404       0.16186347995383940        1.1200435503513770        1.0113665223380897E-008
  0.25000000000000000        277.58713344440730       0.16186419497849880        1.1200462778978835        1.0114027288733177E-008
  0.29999999999999999        277.45392274423540       0.16186422412964985        1.1200463890980610        1.0114042050173919E-008
  0.34999999999999998        277.43910840151807       0.16186422511960713        1.1200463928743583        1.0114042551464771E-008
  0.40000000000000002        277.42596322615049       0.16186422514870930        1.1200463929853715        1.0114042566201424E-008
  0.50000000000000000        277.29104445949292       0.16186422514924834        1.1200463929874280        1.0114042566474384E-008
  0.59999999999999998        277.11460550346033       0.16186422514923629        1.1200463929873818        1.0114042566468276E-008
  0.69999999999999996        276.98061296065794       0.16186422514924834        1.1200463929874280        1.0114042566474384E-008
  0.80000000000000004        276.90121091124212       0.16186422514922810        1.1200463929873505        1.0114042566464135E-008
   1.0000000000000000        276.85674407025084       0.16186422514922810        1.1200463929873505        1.0114042566464135E-008
   2.5000000000000001E-002   287.99999282976626       0.14974585138814880        1.0713193986192637        5.3832109614395542E-009
   5.0000000000000003E-002   285.88322583612404       0.15945490666056478        1.1107609013818727        8.9566075872855253E-009
  0.10000000000000001        282.05095761428862       0.16164170481323836        1.1191967632550985        1.0001912232671713E-008
  0.14999999999999999        279.52930576603381       0.16184915751894619        1.1199889122353446        1.0106415198531736E-008
  0.20000000000000001        278.19856924538510       0.16186345548698353        1.1200434570193558        1.0113652834357770E-008
  0.25000000000000000        277.64198639157354       0.16186419370582644        1.1200462730431384        1.0114026644282979E-008
  0.29999999999999999        277.47267267269586       0.16186422407710668        1.1200463888976295        1.0114042023567308E-008
  0.34999999999999998        277.44034498298760       0.16186422511780491        1.1200463928674835        1.0114042550552174E-008
  0.40000000000000002        277.42116506484740       0.16186422514867302        1.1200463929852333        1.0114042566183054E-008
  0.50000000000000000        277.28953436677767       0.16186422514924834        1.1200463929874280        1.0114042566474384E-008
  0.59999999999999998        277.11608555758818       0.16186422514923629        1.1200463929873818        1.0114042566468276E-008
  0.69999999999999996        276.98256466286745       0.16186422514924836        1.1200463929874278        1.0114042566474397E-008
  0.80000000000000004        276.90259059288286       0.16186422514922810        1.1200463929873505        1.0114042566464135E-008
   1.0000000000000000        276.85715139525627       0.16186422514922810        1.1200463929873505        1.0114042566464135E-008
   2.5000000000000001E-002   287.85346499154457       0.14959335584020250        1.0706726884880147        5.3389447176237410E-009
   5.0000000000000003E-002   285.91818968196611       0.15941818380462339        1.1106178888105374        8.9399049021558052E-009
  0.10000000000000001        282.22570805236859       0.16163811268830622        1.1191830345899281        1.0000111097938713E-008
  0.14999999999999999        279.69727635214724       0.16184880295071333        1.1199875595221298        1.0106235773691202E-008
  0.20000000000000001        278.31072615971203       0.16186343046637788        1.1200433615749636        1.0113640164951993E-008
  0.25000000000000000        277.69962453605422       0.16186419239262839        1.1200462680338035        1.0114025979311601E-008
  0.29999999999999999        277.49404454246724       0.16186422402239484        1.1200463886889256        1.0114041995862533E-008
  0.34999999999999998        277.44324822762911       0.16186422511591120        1.1200463928602600        1.0114042549593250E-008
  0.40000000000000002        277.41713755463252       0.16186422514863444        1.1200463929850859        1.0114042566163516E-008
  0.50000000000000000        277.28802812866519       0.16186422514924834        1.1200463929874280        1.0114042566474384E-008
  0.59999999999999998        277.11747756737236       0.16186422514923629        1.1200463929873818        1.0114042566468276E-008
  0.69999999999999996        276.98447837654396       0.16186422514924834        1.1200463929874280        1.0114042566474384E-008
  0.80000000000000004        276.90397182259034       0.16186422514922810        1.1200463929873505        1.0114042566464135E-008
   1.0000000000000000        276.85756747329435       0.16186422514922810        1.1200463929873505        1.0114042566464135E-008
   2.5000000000000001E-002   287.65339329764981       0.14946426628751247        1.0701245531074415        5.3017224551564877E-009
   5.0000000000000003E-002   285.91107132043049       0.15938118293608003        1.1104737480603730        8.9231033898393945E-009
  0.10000000000000001        282.37875217823427       0.16163446731958050        1.1191691020051846        9.9982835568085234E-009
  0.14999999999999999        279.85757535455093       0.16184844305163573        1.1199861864670466        1.0106053654098699E-008
  0.20000000000000001        278.42265325131956       0.16186340488433398        1.1200432639888702        1.0113627211271352E-008
  0.25000000000000000        277.75968107078023       0.16186419103803348        1.1200462628665557        1.0114025293377905E-008
  0.29999999999999999        277.51791361394589       0.16186422396544775        1.1200463884716947        1.0114041967025881E-008
  0.34999999999999998        277.44781962029634       0.16186422511392254        1.1200463928526740        1.0114042548586234E-008
  0.40000000000000002        277.41392694221906       0.16186422514859358        1.1200463929849303        1.0114042566142832E-008
  0.50000000000000000        277.28655022739076       0.16186422514924831        1.1200463929874278        1.0114042566474372E-008
  0.59999999999999998        277.11878695872957       0.16186422514923629        1.1200463929873818        1.0114042566468276E-008
  0.69999999999999996        276.98635383180175       0.16186422514924836        1.1200463929874278        1.0114042566474397E-008
  0.80000000000000004        276.90535374777488       0.16186422514922810        1.1200463929873505        1.0114042566464135E-008
   1.0000000000000000        276.85799223494979       0.16186422514922810        1.1200463929873505        1.0114042566464135E-008
   2.5000000000000001E-002   287.39972607676202       0.14935869706204874        1.0696758202602872        5.2714514385856591E-009
   5.0000000000000003E-002   285.86154990528416       0.15934400773362559        1.1103288821650630        8.9062505976578523E-009
  0.10000000000000001        282.50922966289551       0.16163076853425795        1.1191549648214614        9.9964295354598451E-009
  0.14999999999999999        280.00927635328594       0.16184807774348539        1.1199847927714590        1.0105868800297286E-008
  0.20000000000000001        278.53366304212250       0.16186337873304707        1.1200431642313025        1.0113613969364823E-008
  0.25000000000000000        277.82177786820176       0.16186418964115945        1.1200462575380297        1.0114024586035138E-008
  0.29999999999999999        277.54413917046105       0.16186422390619673        1.1200463882456753        1.0114041937022572E-008
  0.34999999999999998        277.45404900648691       0.16186422511183496        1.1200463928447106        1.0114042547529137E-008
  0.40000000000000002        277.41157391174971       0.16186422514855031        1.1200463929847650        1.0114042566120913E-008
  0.50000000000000000        277.28512513301314       0.16186422514924834        1.1200463929874280        1.0114042566474384E-008
  0.59999999999999998        277.12001962467593       0.16186422514923629        1.1200463929873818        1.0114042566468276E-008
  0.69999999999999996        276.98819094632341       0.16186422514924834        1.1200463929874280        1.0114042566474384E-008
  0.80000000000000004        276.90673554144826       0.16186422514922810        1.1200463929873505        1.0114042566464135E-008
   1.0000000000000000        276.85842560390040       0.16186422514922810        1.1200463929873505        1.0114042566464135E-008
   2.5000000000000001E-002   287.08923533551479       0.14927776645068552        1.0693315304566577        5.2483480228636594E-009
   5.0000000000000003E-002   285.76894609093779       0.15930676262150026        1.1101836975742299        8.8893941000249653E-009
  0.10000000000000001        282.61632555559339       0.16162701634683715        1.1191406230749121        9.9945490541744882E-009
  0.14999999999999999        280.15149529459302       0.16184770694820444        1.1199833781373729        1.0105681172920589E-008
  0.20000000000000001        278.64307924985184       0.16186335200459742        1.1200430622720474        1.0113600435223161E-008
  0.25000000000000000        277.88552768991224       0.16186418820111259        1.1200462520448162        1.0114023856830759E-008
  0.29999999999999999        277.57256581286259       0.16186422384457266        1.1200463880106040        1.0114041905817615E-008
  0.34999999999999998        277.46191488237531       0.16186422510964460        1.1200463928363551        1.0114042546419984E-008
  0.40000000000000002        277.41011330260204       0.16186422514850465        1.1200463929845910        1.0114042566097800E-008
  0.50000000000000000        277.28377712099893       0.16186422514924831        1.1200463929874278        1.0114042566474372E-008
  0.59999999999999998        277.12118189527672       0.16186422514923629        1.1200463929873818        1.0114042566468276E-008
  0.69999999999999996        276.98998982888901       0.16186422514924836        1.1200463929874278        1.0114042566474397E-008
  0.80000000000000004        276.90811640571519       0.16186422514922810        1.1200463929873505        1.0114042566464135E-008
   1.0000000000000000        276.85886749722823       0.16186422514922810        1.1200463929873505        1.0114042566464135E-008
   2.5000000000000001E-002   286.70216286893179       0.14922309553231808        1.0690988123686251        5.2327912900943046E-009
   5.0000000000000003E-002   285.62881262649881       0.15926955869784093        1.1100386272831426        8.8725841705808741E-009
  0.10000000000000001        282.69899247370256       0.16162321096669435        1.1191260775463230        9.9926422310566059E-009
  0.14999999999999999        280.28337058239924       0.16184733058825226        1.1199819422687614        1.0105490732868509E-008
  0.20000000000000001        278.75023714779638       0.16186332469095185        1.1200429580804603        1.0113586604779772E-008
  0.25000000000000000        277.95053614807887       0.16186418671698805        1.1200462463834637        1.0114023105306563E-008
  0.29999999999999999        277.60302473018493       0.16186422378050433        1.1200463877662084        1.0114041873374931E-008
  0.34999999999999998        277.47138474070908       0.16186422510734774        1.1200463928275937        1.0114042545256912E-008
  0.40000000000000002        277.40957388549498       0.16186422514845633        1.1200463929844067        1.0114042566073327E-008
  0.50000000000000000        277.28253009277796       0.16186422514924834        1.1200463929874280        1.0114042566474384E-008
  0.59999999999999998        277.12228050351496       0.16186422514923629        1.1200463929873818        1.0114042566468276E-008
  0.69999999999999996        276.99175078164916       0.16186422514924834        1.1200463929874280        1.0114042566474384E-008
  0.80000000000000004        276.90949557521316       0.16186422514922810        1.1200463929873505        1.0114042566464135E-008
   1.0000000000000000        276.85931782575881       0.16186422514922810        1.1200463929873505        1.0114042566464135E-008
   2.5000000000000001E-002   286.24280108945857       0.14919209971329089        1.0689668218552466        5.2239893276543974E-009
   5.0000000000000003E-002   285.43618019389896       0.15923250136090761        1.1098940826028461        8.8558681810447106E-009
  0.10000000000000001        282.75563943820964       0.16161935279865100        1.1191113297634034        9.9907092822339123E-009
  0.14999999999999999        280.40399884205556       0.16184694858696178        1.1199804848729233        1.0105297441487587E-008
  0.20000000000000001        278.85447800083307       0.16186329678396424        1.1200428516254650        1.0113572473910880E-008
  0.25000000000000000        278.01640297619247       0.16186418518786963        1.1200462405504772        1.0114022330998626E-008
  0.29999999999999999        277.63533489959201       0.16186422371391926        1.1200463875122124        1.0114041839657835E-008
  0.34999999999999998        277.48241545985019       0.16186422510493986        1.1200463928184083        1.0114042544037616E-008
  0.40000000000000002        277.40997819361741       0.16186422514840523        1.1200463929842117        1.0114042566047456E-008
  0.50000000000000000        277.28140740087599       0.16186422514924831        1.1200463929874278        1.0114042566474372E-008
  0.59999999999999998        277.12332254744808       0.16186422514923629        1.1200463929873818        1.0114042566468276E-008
  0.69999999999999996        276.99347430110117       0.16186422514924836        1.1200463929874278        1.0114042566474397E-008
  0.80000000000000004        276.91087232046857       0.16186422514922810        1.1200463929873505        1.0114042566464135E-008
   1.0000000000000000        276.85977649442810       0.16186422514922810        1.1200463929873505        1.0114042566464135E-008
   2.5000000000000001E-002   285.74757945060617       0.14917950386378384        1.0689131741117344        5.2204161622968108E-009
   5.0000000000000003E-002   285.19508301264699       0.15919567674460081        1.1097504001878333        8.8392845219952423E-009
  0.10000000000000001        282.78496888455231       0.16161544241609230        1.1190963818981554        9.9887505083067554E-009
  0.14999999999999999        280.51243211632698       0.16184656086886440        1.1199790056617234        1.0105101260735486E-008
  0.20000000000000001        278.95514021593829       0.16186326827537875        1.1200427428755666        1.0113558038437189E-008
  0.25000000000000000        278.08272207282863       0.16186418361282923        1.1200462345423161        1.0114021533436984E-008
  0.29999999999999999        277.66930410387351       0.16186422364474359        1.1200463872483346        1.0114041804628925E-008
  0.34999999999999998        277.49495371502269       0.16186422510241699        1.1200463928087847        1.0114042542760093E-008
  0.40000000000000002        277.41134240447724       0.16186422514835117        1.1200463929840054        1.0114042566020075E-008
  0.50000000000000000        277.28043168001528       0.16186422514924834        1.1200463929874280        1.0114042566474384E-008
  0.59999999999999998        277.12431544905814       0.16186422514923629        1.1200463929873818        1.0114042566468276E-008
  0.69999999999999996        276.99516107772632       0.16186422514924834        1.1200463929874280        1.0114042566474384E-008
  0.80000000000000004        276.91224595114346       0.16186422514922810        1.1200463929873505        1.0114042566464135E-008
   1.0000000000000000        276.86024340267693       0.16186422514922810        1.1200463929873505        1.0114042566464135E-008
   2.5000000000000001E-002   285.27188260066185       0.14917774396401393        1.0689056779365684        5.2199170880781641E-009
   5.0000000000000003E-002   284.92196257321746       0.15915914088819227        1.1096077996345524        8.8228578133326973E-009
  0.10000000000000001        282.78733135260461       0.16161148051366311        1.1190812365861542        9.9867662705806750E-009
  0.14999999999999999        280.60782759950592       0.16184616735994362        1.1199775043525591        1.0104902153309309E-008
  0.20000000000000001        279.05156378731198       0.16186323915683190        1.1200426317988601        1.0113543294124983E-008
  0.25000000000000000        278.14908139251321       0.16186418199092695        1.1200462283553954        1.0114020712145705E-008
  0.29999999999999999        277.70472972209564       0.16186422357290242        1.1200463869742887        1.0114041768250254E-008
  0.34999999999999998        277.50893638444273       0.16186422509977477        1.1200463927987057        1.0114042541422142E-008
  0.40000000000000002        277.41367626649259       0.16186422514829404        1.1200463929837876        1.0114042565991143E-008
  0.50000000000000000        277.27962468529370       0.16186422514924831        1.1200463929874278        1.0114042566474372E-008
  0.59999999999999998        277.12526691020543       0.16186422514923629        1.1200463929873818        1.0114042566468276E-008
  0.69999999999999996        276.99681199427619       0.16186422514924836        1.1200463929874278        1.0114042566474397E-008
  0.80000000000000004        276.91361581914327       0.16186422514922810        1.1200463929873505        1.0114042566464135E-008
   1.0000000000000000        276.86071844486730       0.16186422514922810        1.1200463929873505        1.0114042566464135E-008
   2.5000000000000001E-002   284.83481889736277       0.14918231197912582        1.0689251348473154        5.2212125772023895E-009
   5.0000000000000003E-002   284.63648659576353       0.15912292288179658        1.1094663955744186        8.8066004297279554E-009
  0.10000000000000001        282.76533012441695       0.16160746785233601        1.1190658967166363        9.9847569635018318E-009
  0.14999999999999999        280.68968888395932       0.16184576798778802        1.1199759806689447        1.0104700082723131E-008
  0.20000000000000001        279.14312064686715       0.16186320941985677        1.1200425183630454        1.0113528236688161E-008
  0.25000000000000000        278.21506543996321       0.16186418032121047        1.1200462219860821        1.0114019866642549E-008
  0.29999999999999999        277.74139953076082       0.16186422349831875        1.1200463866897814        1.0114041730482862E-008
  0.34999999999999998        277.52429094354301       0.16186422509700829        1.1200463927881528        1.0114042540021259E-008
  0.40000000000000002        277.41698306360325       0.16186422514823359        1.1200463929835569        1.0114042565960541E-008
  0.50000000000000000        277.27900713827188       0.16186422514924834        1.1200463929874280        1.0114042566474384E-008
  0.59999999999999998        277.12618486610478       0.16186422514923629        1.1200463929873818        1.0114042566468276E-008
  0.69999999999999996        276.99842812270180       0.16186422514924834        1.1200463929874280        1.0114042566474384E-008
  0.80000000000000004        276.91498132156124       0.16186422514922810        1.1200463929873505        1.0114042566464135E-008
   1.0000000000000000        276.86120151072623       0.16186422514922810        1.1200463929873505        1.0114042566464135E-008
   2.5000000000000001E-002   284.43045416225436       0.14919182523437996        1.0689656528697518        5.2239114411826154E-009
   5.0000000000000003E-002   284.35040583691256       0.15908704177285074        1.1093262635440895        8.7905201719915867E-009
  0.10000000000000001        282.72272883831539       0.16160340522969077        1.1190503653189303        9.9827229997412663E-009
  0.14999999999999999        280.75799155523276       0.16184536268166866        1.1199744343408062        1.0104495013347075E-008
  0.20000000000000001        279.22926097546076       0.16186317905588574        1.1200424025354383        1.0113512861789727E-008
  0.25000000000000000        278.28026245679479       0.16186417860271560        1.1200462154306983        1.0114018996439288E-008
  0.29999999999999999        277.77909301613283       0.16186422342091444        1.1200463863945145        1.0114041691287155E-008
  0.34999999999999998        277.54093589277073       0.16186422509411297        1.1200463927771083        1.0114042538555136E-008
  0.40000000000000002        277.42125961420288       0.16186422514816989        1.1200463929833140        1.0114042565928287E-008
  0.50000000000000000        277.27859858156421       0.16186422514924831        1.1200463929874278        1.0114042566474372E-008
  0.59999999999999998        277.12707743673366       0.16186422514923629        1.1200463929873818        1.0114042566468276E-008
  0.69999999999999996        277.00001071973719       0.16186422514924836        1.1200463929874278        1.0114042566474397E-008
  0.80000000000000004        276.91634190343143       0.16186422514922810        1.1200463929873505        1.0114042566464135E-008
   1.0000000000000000        276.86169248580700       0.16186422514922810        1.1200463929873505        1.0114042566464135E-008
   2.5000000000000001E-002   284.05330091217667       0.14920548174456244        1.0690238114725994        5.2277878641038694E-009
   5.0000000000000003E-002   284.06941734560291       0.15905151232251727        1.1091874624142979        8.7746228784910241E-009
  0.10000000000000001        282.66333674954654       0.16159929346935445        1.1190346455221230        9.9806648048843882E-009
  0.14999999999999999        280.81313026167186       0.16184495137258684        1.1199728651046645        1.0104286910431566E-008
  0.20000000000000001        279.30955033907452       0.16186314805625374        1.1200422842829831        1.0113497165043376E-008
  0.25000000000000000        278.34427526031533       0.16186417683446608        1.1200462086855199        1.0114018101041571E-008
  0.29999999999999999        277.81758361090436       0.16186422334060996        1.1200463860881846        1.0114041650622882E-008
  0.34999999999999998        277.55878131232163       0.16186422509108428        1.1200463927655548        1.0114042537021486E-008
  0.40000000000000002        277.42649630804436       0.16186422514810264        1.1200463929830575        1.0114042565894232E-008
  0.50000000000000000        277.27841724252397       0.16186422514924831        1.1200463929874278        1.0114042566474372E-008
  0.59999999999999998        277.12795287657866       0.16186422514923629        1.1200463929873818        1.0114042566468276E-008
  0.69999999999999996        277.00156122116061       0.16186422514924834        1.1200463929874280        1.0114042566474384E-008
  0.80000000000000004        276.91769706026656       0.16186422514922810        1.1200463929873505        1.0114042566464135E-008
   1.0000000000000000        276.86219125197266       0.16186422514922810        1.1200463929873505        1.0114042566464135E-008
   2.5000000000000001E-002   283.69933779832047       0.14922268934832042        1.0690970829378228        5.2326758609672284E-009
   5.0000000000000003E-002   283.79612508406916       0.15901634625779226        1.1090500392562381        8.7589130005619646E-009
  0.10000000000000001        282.59054306876999       0.16159513341468945        1.1190187405309555        9.9785828142517352E-009
  0.14999999999999999        280.85579669230503       0.16184453399330767        1.1199712727037616        1.0104075740124313E-008
  0.20000000000000001        279.38368632075401       0.16186311641220269        1.1200421635722684        1.0113481142015745E-008
  0.25000000000000000        278.40673277962190       0.16186417501547262        1.1200462017467732        1.0114017179948466E-008
  0.29999999999999999        277.85664187802007       0.16186422325732405        1.1200463857704817        1.0114041608448879E-008
  0.34999999999999998        277.57772963736943       0.16186422508791748        1.1200463927534747        1.0114042535417889E-008
  0.40000000000000002        277.43267719301355       0.16186422514803181        1.1200463929827871        1.0114042565858353E-008
  0.50000000000000000        277.27847990688730       0.16186422514924831        1.1200463929874278        1.0114042566474372E-008
  0.59999999999999998        277.12881952312131       0.16186422514923629        1.1200463929873818        1.0114042566468276E-008
  0.69999999999999996        277.00308123476793       0.16186422514924836        1.1200463929874278        1.0114042566474397E-008
  0.80000000000000004        276.91904634036007       0.16186422514922810        1.1200463929873505        1.0114042566464135E-008
   1.0000000000000000        276.86269768789521       0.16186422514922810        1.1200463929873505        1.0114042566464135E-008
   2.5000000000000001E-002   283.36539096278608       0.14924300958873299        1.0691835938064891        5.2384531928394134E-009
   5.0000000000000003E-002   283.53150788289173       0.15898155310190132        1.1089140325686528        8.7433939842702648E-009
  0.10000000000000001        282.50719016012476       0.16159092592418331        1.1190026536082234        9.9764774705742651E-009
  0.14999999999999999        280.88685981186842       0.16184411047838390        1.1199696568881536        1.0103861469482362E-008
  0.20000000000000001        279.45149720132019       0.16186308411488370        1.1200420403695375        1.0113464788227554E-008
  0.25000000000000000        278.46729981657018       0.16186417314473386        1.1200461946106384        1.0114016232652884E-008
  0.29999999999999999        277.89603932598072       0.16186422317097396        1.1200463854410900        1.0114041564723239E-008
  0.34999999999999998        277.59767670139405       0.16186422508460743        1.1200463927408482        1.0114042533741755E-008
  0.40000000000000002        277.43978012817485       0.16186422514795717        1.1200463929825026        1.0114042565820559E-008
  0.50000000000000000        277.27880180371938       0.16186422514924831        1.1200463929874278        1.0114042566474372E-008
  0.59999999999999998        277.12968574447973       0.16186422514923629        1.1200463929873818        1.0114042566468276E-008
  0.69999999999999996        277.00457253210271       0.16186422514924834        1.1200463929874280        1.0114042566474384E-008
  0.80000000000000004        276.92038934682614       0.16186422514922810        1.1200463929873505        1.0114042566464135E-008
   1.0000000000000000        276.86321166957072       0.16186422514922810        1.1200463929873505        1.0114042566464135E-008
   2.5000000000000001E-002   283.04886980139145       0.14926610017240824        1.0692818800444333        5.2450249588593480E-009
   5.0000000000000003E-002   283.27572494064691       0.15894714066578253        1.1087794741857606        8.7280684975861455E-009
  0.10000000000000001        282.41559006651966       0.16158667186796841        1.1189863880614925        9.9743492222365366E-009
  0.14999999999999999        280.90727094038868       0.16184368076417305        1.1199680174147748        1.0103644066480782E-008
  0.20000000000000001        279.51292906077180       0.16186305115536209        1.1200419146407052        1.0113448099156128E-008
  0.25000000000000000        278.52568379006732       0.16186417122123536        1.1200461872732457        1.0114015258641175E-008
  0.29999999999999999        277.93555240906687       0.16186422308147544        1.1200463850996882        1.0114041519403315E-008
  0.34999999999999998        277.61851303481643       0.16186422508114917        1.1200463927276563        1.0114042531990572E-008
  0.40000000000000002        277.44777701830157       0.16186422514787852        1.1200463929822024        1.0114042565780740E-008
  0.50000000000000000        277.27939650348736       0.16186422514924831        1.1200463929874278        1.0114042566474372E-008
  0.59999999999999998        277.13055988664649       0.16186422514923629        1.1200463929873818        1.0114042566468276E-008
  0.69999999999999996        277.00603703900117       0.16186422514924836        1.1200463929874278        1.0114042566474397E-008
  0.80000000000000004        276.92172573936415       0.16186422514922810        1.1200463929873505        1.0114042566464135E-008
   1.0000000000000000        276.86373307084546       0.16186422514922810        1.1200463929873505        1.0114042566464135E-008
   2.5000000000000001E-002   282.74765329738949       0.14929168387326328        1.0693907547416390        5.2523147247965155E-009
   5.0000000000000003E-002   283.02852193118906       0.15891311540772687        1.1086463906731663        8.7129385967163067E-009
  0.10000000000000001        282.31759206264417       0.16158237212509097        1.1189699472326793        9.9721985218963545E-009
  0.14999999999999999        280.91799655300235       0.16184324478884901        1.1199663540474816        1.0103423500018506E-008
  0.20000000000000001        279.56802712687846       0.16186301752461951        1.1200417863513681        1.0113431070236488E-008
  0.25000000000000000        278.58163823368375       0.16186416924395033        1.1200461797306782        1.0114014257393389E-008
  0.29999999999999999        277.97496629887888       0.16186422298874273        1.1200463847459496        1.0114041472445678E-008
  0.34999999999999998        277.64012535733690       0.16186422507753673        1.1200463927138764        1.0114042530161327E-008
  0.40000000000000002        277.45663413926110       0.16186422514779572        1.1200463929818867        1.0114042565738805E-008
  0.50000000000000000        277.28027583138260       0.16186422514924831        1.1200463929874278        1.0114042566474372E-008
  0.59999999999999998        277.13145022082006       0.16186422514923629        1.1200463929873818        1.0114042566468276E-008
  0.69999999999999996        277.00747682501924       0.16186422514924834        1.1200463929874280        1.0114042566474384E-008
  0.80000000000000004        276.92305523572566       0.16186422514922810        1.1200463929873505        1.0114042566464135E-008
   1.0000000000000000        276.86426176395338       0.16186422514922810        1.1200463929873505        1.0114042566464135E-008
   2.5000000000000001E-002   282.45994417599803       0.14931953263259046        1.0695092404682398        5.2602599860365326E-009
   5.0000000000000003E-002   282.78944919008046       0.15887948267970509        1.1085148042831066        8.6980058405108741E-009
  0.10000000000000001        282.21466195507003       0.16157802758130277        1.1189533344896232        9.9700258253674945E-009
  0.14999999999999999        280.91997453128761       0.16184280249240884        1.1199646665570799        1.0103199739921820E-008
  0.20000000000000001        279.61691550922319       0.16186298321355913        1.1200416554668222        1.0113413696863977E-008
  0.25000000000000000        278.63496341856217       0.16186416721183874        1.1200461719789689        1.0114013228382899E-008
  0.29999999999999999        278.01407812685449       0.16186422289268843        1.1200463843795403        1.0114041423806065E-008
  0.34999999999999998        277.66239817554214       0.16186422507376511        1.1200463926994890        1.0114042528251460E-008
  0.40000000000000002        277.46631255539609       0.16186422514770865        1.1200463929815545        1.0114042565694716E-008
  0.50000000000000000        277.28144979805353       0.16186422514924828        1.1200463929874276        1.0114042566474346E-008
  0.59999999999999998        277.13236489134653       0.16186422514923648        1.1200463929873827        1.0114042566468378E-008
  0.69999999999999996        277.00889409182332       0.16186422514924836        1.1200463929874278        1.0114042566474397E-008
  0.80000000000000004        276.92437761287408       0.16186422514922810        1.1200463929873505        1.0114042566464135E-008
   1.0000000000000000        276.86479762005769       0.16186422514922810        1.1200463929873505        1.0114042566464135E-008
   2.5000000000000001E-002   282.18421255683944       0.14934945417445658        1.0696365123201774        5.2688083523312555E-009
   5.0000000000000003E-002   282.55797608849201       0.15884624691401428        1.1083847336779897        8.6832713772878070E-009
  0.10000000000000001        282.10795583989233       0.16157363912723885        1.1189365532191380        9.9678315906966463E-009
  0.14999999999999999        280.91408808493480       0.16184235381667575        1.1199629547213354        1.0102972756945827E-008
  0.20000000000000001        279.65977784406249       0.16186294821300759        1.1200415219520727        1.0113395974395233E-008
  0.25000000000000000        278.68550473643927       0.16186416512384796        1.1200461640141022        1.0114012171076670E-008
  0.29999999999999999        278.05269952799125       0.16186422279322354        1.1200463840001207        1.0114041373439418E-008
  0.34999999999999998        277.68521539173094       0.16186422506982900        1.1200463926844744        1.0114042526258312E-008
  0.40000000000000002        277.47676862170005       0.16186422514761703        1.1200463929812052        1.0114042565648326E-008
  0.50000000000000000        277.28292654962905       0.16186422514924828        1.1200463929874276        1.0114042566474346E-008
  0.59999999999999998        277.13331186485328       0.16186422514923690        1.1200463929873843        1.0114042566468592E-008
  0.69999999999999996        277.01029116063859       0.16186422514924834        1.1200463929874280        1.0114042566474384E-008
  0.80000000000000004        276.92569270781843       0.16186422514922810        1.1200463929873505        1.0114042566464135E-008
   1.0000000000000000        276.86534050979833       0.16186422514922810        1.1200463929873505        1.0114042566464135E-008
   2.5000000000000001E-002   281.91925176945131       0.14938127711583746        1.0697718345820251        5.2779132952413522E-009
   5.0000000000000003E-002   282.33356224441695       0.15881341175796854        1.1082561944519518        8.6687360078051670E-009
  0.10000000000000001        281.99838355268008       0.16156920765688587        1.1189196068211698        9.9656162773868787E-009
  0.14999999999999999        280.90115211034168       0.16184189870530033        1.1199612183249783        1.0102742522775075E-008
  0.20000000000000001        279.69684015946041       0.16186291251372048        1.1200413857718525        1.0113377898150974E-008
  0.25000000000000000        278.73314952234063       0.16186416297891182        1.1200461558320114        1.0114011084934833E-008
  0.29999999999999999        278.09065842952964       0.16186422269025777        1.1200463836073471        1.0114041321299999E-008
  0.34999999999999998        277.70846183966103       0.16186422506572257        1.1200463926688100        1.0114042524178917E-008
  0.40000000000000002        277.48795455672945       0.16186422514752061        1.1200463929808371        1.0114042565599491E-008
  0.50000000000000000        277.28471233841123       0.16186422514924828        1.1200463929874276        1.0114042566474346E-008
  0.59999999999999998        277.13429888115041       0.16186422514923732        1.1200463929873858        1.0114042566468794E-008
  0.69999999999999996        277.01167045886194       0.16186422514924836        1.1200463929874278        1.0114042566474397E-008
  0.80000000000000004        276.92700041811963       0.16186422514922810        1.1200463929873505        1.0114042566464135E-008
   1.0000000000000000        276.86589030383971       0.16186422514922810        1.1200463929873505        1.0114042566464135E-008
   2.5000000000000001E-002   281.66430652466585       0.14941482526185132        1.0699144514809098        5.2875267724639222E-009
   5.0000000000000003E-002   282.11575859577727       0.15878098009623318        1.1081291992134408        8.6544001979673702E-009
  0.10000000000000001        281.88666678042330       0.16156473406618099        1.1189024987034544        9.9633803456872615E-009
  0.14999999999999999        280.88190829207855       0.16184143710375792        1.1199594571596936        1.0102509010022198E-008
  0.20000000000000001        279.72835649535807       0.16186287610638353        1.1200412468906291        1.0113359463416637E-008
  0.25000000000000000        278.77782292673146       0.16186416077595109        1.1200461474285790        1.0114009969410922E-008
  0.29999999999999999        278.12780011182173       0.16186422258369826        1.1200463832008645        1.0114041267340804E-008
  0.34999999999999998        277.73202468128335       0.16186422506144002        1.1200463926524737        1.0114042522010326E-008
  0.40000000000000002        277.49981906758933       0.16186422514741927        1.1200463929804507        1.0114042565548178E-008
  0.50000000000000000        277.28681151494499       0.16186422514924828        1.1200463929874276        1.0114042566474346E-008
  0.59999999999999998        277.13533340648871       0.16186422514923773        1.1200463929873876        1.0114042566469007E-008
  0.69999999999999996        277.01303450595981       0.16186422514924834        1.1200463929874280        1.0114042566474384E-008
  0.80000000000000004        276.92830070205713       0.16186422514922810        1.1200463929873505        1.0114042566464135E-008
   1.0000000000000000        276.86644687341652       0.16186422514922810        1.1200463929873505        1.0114042566464135E-008
   2.5000000000000001E-002   281.41863440691674       0.14944994387601179        1.0700636989624648        5.2976067204166349E-009
   5.0000000000000003E-002   281.90418937769289       0.15874895410507536        1.1080037577931234        8.6402641054221422E-009
  0.10000000000000001        281.77338736147533       0.16156021925166275        1.1188852322763707        9.9611242559095004E-009
  0.14999999999999999        280.85702639243334       0.16184096895934397        1.1199576710241035        1.0102272192225602E-008
  0.20000000000000001        279.75459740513134       0.16186283898161841        1.1200411052726242        1.0113340665445253E-008
  0.25000000000000000        278.81948333717258       0.16186415851387337        1.1200461387996383        1.0114008823951754E-008
  0.29999999999999999        278.16398762196172       0.16186422247345161        1.1200463827803169        1.0114041211514517E-008
  0.34999999999999998        277.75579461989889       0.16186422505697493        1.1200463926354414        1.0114042519749317E-008
  0.40000000000000002        277.51230800612757       0.16186422514731269        1.1200463929800442        1.0114042565494208E-008
  0.50000000000000000        277.28922654144708       0.16186422514924828        1.1200463929874276        1.0114042566474346E-008
  0.59999999999999998        277.13642258972948       0.16186422514923815        1.1200463929873892        1.0114042566469221E-008
  0.69999999999999996        277.01438589878211       0.16186422514924836        1.1200463929874278        1.0114042566474397E-008
  0.80000000000000004        276.92959357845439       0.16186422514922810        1.1200463929873505        1.0114042566464135E-008
   1.0000000000000000        276.86701009087324       0.16186422514922810        1.1200463929873505        1.0114042566464135E-008
   2.5000000000000001E-002   281.18153921892423       0.14948649772906739        1.0702189963634561        5.3081165066526499E-009
   5.0000000000000003E-002   281.69850983149752       0.15871733535523039        1.1078798776427847        8.6263276272675994E-009
  0.10000000000000001        281.65901821390514       0.16155566410929512        1.1188678109484564        9.9588484678320343E-009
  0.14999999999999999        280.82710856115250       0.16184049422116620        1.1199558597237371        1.0102032043845402E-008
  0.20000000000000001        279.77584112318982       0.16186280112998397        1.1200409608818211        1.0113321499458145E-008
  0.25000000000000000        278.85811772879720       0.16186415619157302        1.1200461299409719        1.0114007647997487E-008
  0.29999999999999999        278.19910164933481       0.16186422235942213        1.1200463823453390        1.0114041153772709E-008
  0.34999999999999998        277.77966690579399       0.16186422505232148        1.1200463926176902        1.0114042517392919E-008
  0.40000000000000002        277.52536503542433       0.16186422514720089        1.1200463929796178        1.0114042565437607E-008
  0.50000000000000000        277.29195802586861       0.16186422514924792        1.1200463929874263        1.0114042566474169E-008
  0.59999999999999998        277.13757322193601       0.16186422514923857        1.1200463929873907        1.0114042566469437E-008
  0.69999999999999996        277.01572729643215       0.16186422514924834        1.1200463929874280        1.0114042566474384E-008
  0.80000000000000004        276.93087912616409       0.16186422514922810        1.1200463929873505        1.0114042566464135E-008
   1.0000000000000000        276.86757983019623       0.16186422514922810        1.1200463929873505        1.0114042566464135E-008
   2.5000000000000001E-002   280.95238747585535       0.14952436702003485        1.0703798290386730        5.3190237725470324E-009
   5.0000000000000003E-002   281.49839677047430       0.15868612489028325        1.1077575641390442        8.6125904365173846E-009
  0.10000000000000001        281.54394506878504       0.16155106953345794        1.1188502381225578        9.9565534401880731E-009
  0.14999999999999999        280.79269470230412       0.16184001284013780        1.1199540230710050        1.0101788540260059E-008
  0.20000000000000001        279.79236696019325       0.16186276254198215        1.1200408136819853        1.0113301960647833E-008
  0.25000000000000000        278.89373719825181       0.16186415380793073        1.1200461208483097        1.0114006440981342E-008
  0.29999999999999999        278.23303998079575       0.16186422224151253        1.1200463818955606        1.0114041094066094E-008
  0.34999999999999998        277.80354212802422       0.16186422504747330        1.1200463925991964        1.0114042514937923E-008
  0.40000000000000002        277.53893228723723       0.16186422514708343        1.1200463929791695        1.0114042565378123E-008
  0.50000000000000000        277.29500477522731       0.16186422514924750        1.1200463929874245        1.0114042566473955E-008
  0.59999999999999998        277.13879169982118       0.16186422514923898        1.1200463929873921        1.0114042566469637E-008
  0.69999999999999996        277.01706140483992       0.16186422514924836        1.1200463929874278        1.0114042566474397E-008
  0.80000000000000004        276.93215748321757       0.16186422514922810        1.1200463929873505        1.0114042566464135E-008
   1.0000000000000000        276.86815596753524       0.16186422514922810        1.1200463929873505        1.0114042566464135E-008
   2.5000000000000001E-002   280.73060337457133       0.14956344515119543        1.0705457388718307        5.3302998062710862E-009
   5.0000000000000003E-002   281.30354533670231       0.15865532329268020        1.1076368208391862        8.5990520127680405E-009
  0.10000000000000001        281.42848297537688       0.16154643641606672        1.1188325171924733        9.9542396302191540E-009
  0.14999999999999999        280.75426809827218       0.16183952476896482        1.1199521608851510        1.0101541657759888E-008
  0.20000000000000001        279.80445047689176       0.16186272320806025        1.1200406636366733        1.0113282044179283E-008
  0.25000000000000000        278.92637283155489       0.16186415136181453        1.1200461115173341        1.0114005202330119E-008
  0.29999999999999999        278.26571664760564       0.16186422211962409        1.1200463814306043        1.0114041032344691E-008
  0.34999999999999998        277.82732679951306       0.16186422504242420        1.1200463925799360        1.0114042512381181E-008
  0.40000000000000002        277.55295099377281       0.16186422514696022        1.1200463929786995        1.0114042565315729E-008
  0.50000000000000000        277.29836386635071       0.16186422514924712        1.1200463929874231        1.0114042566473753E-008
  0.59999999999999998        277.14008399341174       0.16186422514923940        1.1200463929873936        1.0114042566469851E-008
  0.69999999999999996        277.01839096119033       0.16186422514924834        1.1200463929874280        1.0114042566474384E-008
  0.80000000000000004        276.93342884564197       0.16186422514922810        1.1200463929873505        1.0114042566464135E-008
   1.0000000000000000        276.86873838170851       0.16186422514922810        1.1200463929873505        1.0114042566464135E-008
   2.5000000000000001E-002   280.51566174061617       0.14960363699562584        1.0707163168804190        5.3419190568429068E-009
   5.0000000000000003E-002   281.11366724833999       0.15862493074074618        1.1075176497022245        8.5857116686156730E-009
  0.10000000000000001        281.31288918449803       0.16154176564580705        1.1188146515400359        9.9519074932865648E-009
  0.14999999999999999        280.71226090758364       0.16183902996213589        1.1199502729922126        1.0101291373541901E-008
  0.20000000000000001        279.81236004758358       0.16186268311861357        1.1200405107092442        1.0113261745191188E-008
  0.25000000000000000        278.95607198153021       0.16186414885207798        1.1200461019436709        1.0114003931463294E-008
  0.29999999999999999        278.29706086284386       0.16186422199365588        1.1200463809500849        1.0114040968557378E-008
  0.34999999999999998        277.85093375183538       0.16186422503716738        1.1200463925598831        1.0114042509719241E-008
  0.40000000000000002        277.56736208042690       0.16186422514683108        1.1200463929782070        1.0114042565250340E-008
  0.50000000000000000        277.30203073179172       0.16186422514924703        1.1200463929874229        1.0114042566473717E-008
  0.59999999999999998        277.14145561818850       0.16186422514923982        1.1200463929873952        1.0114042566470064E-008
  0.69999999999999996        277.01971871835309       0.16186422514924836        1.1200463929874278        1.0114042566474397E-008
  0.80000000000000004        276.93469346595833       0.16186422514922810        1.1200463929873505        1.0114042566464135E-008
   1.0000000000000000        276.86932695469392       0.16186422514922810        1.1200463929873505        1.0114042566464135E-008
   2.5000000000000001E-002   280.30708112038656       0.14964485747850476        1.0708911971548309        5.3538587379482564E-009
   5.0000000000000003E-002   280.92848942117979       0.15859494705838745        1.1074000512817184        8.5725685726070884E-009
  0.10000000000000001        281.19737334904806       0.16153705810746471        1.1187966445325563        9.9495574825312120E-009
  0.14999999999999999        280.66705934482815       0.16183852837590731        1.1199483592249646        1.0101037665702191E-008
  0.20000000000000001        279.81635449366797       0.16186264226399000        1.1200403548628752        1.0113241058798307E-008
  0.25000000000000000        278.98289498041737       0.16186414627756138        1.1200460921228974        1.0114002627793642E-008
  0.29999999999999999        278.32701583149861       0.16186422186350558        1.1200463804536129        1.0114040902652373E-008
  0.34999999999999998        277.87428236153977       0.16186422503169617        1.1200463925390125        1.0114042506948756E-008
  0.40000000000000002        277.58210670958749       0.16186422514669546        1.1200463929776896        1.0114042565181666E-008
  0.50000000000000000        277.30599925845604       0.16186422514924662        1.1200463929874211        1.0114042566473502E-008
  0.59999999999999998        277.14291161187089       0.16186422514924023        1.1200463929873969        1.0114042566470278E-008
  0.69999999999999996        277.02104742946773       0.16186422514924834        1.1200463929874280        1.0114042566474384E-008
  0.80000000000000004        276.93595165137367       0.16186422514922810        1.1200463929873505        1.0114042566464135E-008
   1.0000000000000000        276.86992157209812       0.16186422514922810        1.1200463929873505        1.0114042566464135E-008
   2.5000000000000001E-002   280.10410322190324       0.14968644084403915        1.0710675519904795        5.3659272262078477E-009
   5.0000000000000003E-002   280.74770892957332       0.15856537073021790        1.1072840208597159        8.5596213193725471E-009
  0.10000000000000001        281.08210344665065       0.16153231468067428        1.1187784995180476        9.9471900482440344E-009
  0.14999999999999999        280.61900835115119       0.16183801996829028        1.1199464194228701        1.0100780513229452E-008
  0.20000000000000001        279.81668152725848       0.16186260063449376        1.1200401960605775        1.0113219980093366E-008
  0.25000000000000000        279.00691228141483       0.16186414363709228        1.1200460820505407        1.0114001290727483E-008
  0.29999999999999999        278.35553749875510       0.16186422172906903        1.1200463799407903        1.0114040834576901E-008
  0.34999999999999998        277.89729863232213       0.16186422502600351        1.1200463925172974        1.0114042504066128E-008
  0.40000000000000002        277.59712676887597       0.16186422514655341        1.1200463929771478        1.0114042565109731E-008
  0.50000000000000000        277.31026189637862       0.16186422514924620        1.1200463929874196        1.0114042566473300E-008
  0.59999999999999998        277.14445651592104       0.16186422514924065        1.1200463929873983        1.0114042566470481E-008
  0.69999999999999996        277.02237983282106       0.16186422514924836        1.1200463929874278        1.0114042566474397E-008
  0.80000000000000004        276.93720376168153       0.16186422514922810        1.1200463929873505        1.0114042566464135E-008
   1.0000000000000000        276.87052212360499       0.16186422514922810        1.1200463929873505        1.0114042566464135E-008
   2.5000000000000001E-002   279.90608508340654       0.14972770766804036        1.0712424998792784        5.3779274157452418E-009
   5.0000000000000003E-002   280.57095391325538       0.15853619665427307        1.1071695396205412        8.5468669515470959E-009
  0.10000000000000001        280.96720228705539       0.16152753623454263        1.1187602198046609        9.9448056351791576E-009
  0.14999999999999999        280.56841491035357       0.16183750469902811        1.1199444534319938        1.0100519895993448E-008
  0.20000000000000001        279.81357673457006       0.16186255822038720        1.1200400342652017        1.0113198504147953E-008
  0.25000000000000000        279.02820199963350       0.16186414092948379        1.1200460717220730        1.0113999919663804E-008
  0.29999999999999999        278.38259328639379       0.16186422159024055        1.1200463794112143        1.0114040764277473E-008
  0.34999999999999998        277.91991515765739       0.16186422502008216        1.1200463924947097        1.0114042501067689E-008
  0.40000000000000002        277.61236530016305       0.16186422514640453        1.1200463929765798        1.0114042565034347E-008
  0.50000000000000000        277.31480977510165       0.16186422514924578        1.1200463929874180        1.0114042566473087E-008
  0.59999999999999998        277.14609436174811       0.16186422514924106        1.1200463929874001        1.0114042566470695E-008
  0.69999999999999996        277.02371863715160       0.16186422514924834        1.1200463929874280        1.0114042566474384E-008
  0.80000000000000004        276.93845020689059       0.16186422514922810        1.1200463929873505        1.0114042566464135E-008
   1.0000000000000000        276.87112850339844       0.16186422514922810        1.1200463929873505        1.0114042566464135E-008
   2.5000000000000001E-002   279.71270523168266       0.14976866732154734        1.0714160820400740        5.3898615383728527E-009
   5.0000000000000003E-002   280.39791563052790       0.15850741917082792        1.1070565865233002        8.5343022912503342E-009
  0.10000000000000001        280.85275647201178       0.16152272362434444        1.1187418086480458        9.9424046809042499E-009
  0.14999999999999999        280.51555079644595       0.16183698252956721        1.1199424611048916        1.0100255794730257E-008
  0.20000000000000001        279.80726287396288       0.16186251501189441        1.1200398694394533        1.0113176626014381E-008
  0.25000000000000000        279.04684780275073       0.16186413815353551        1.1200460611329159        1.0113998513994781E-008
  0.29999999999999999        278.40816085262560       0.16186422144691212        1.1200463788644726        1.0114040691699363E-008
  0.34999999999999998        277.94207098719892       0.16186422501392478        1.1200463924712216        1.0114042497949741E-008
  0.40000000000000002        277.62776686817921       0.16186422514624854        1.1200463929759847        1.0114042564955348E-008
  0.50000000000000000        277.31963282520002       0.16186422514924495        1.1200463929874147        1.0114042566472658E-008
  0.59999999999999998        277.14782866151796       0.16186422514924148        1.1200463929874016        1.0114042566470908E-008
  0.69999999999999996        277.02506650750655       0.16186422514924836        1.1200463929874278        1.0114042566474397E-008
  0.80000000000000004        276.93969144460488       0.16186422514922810        1.1200463929873505        1.0114042566464135E-008
   1.0000000000000000        276.87174061056049       0.16186422514922810        1.1200463929873505        1.0114042566464135E-008
   2.5000000000000001E-002   279.52366013272143       0.14980932693435201        1.0715883301283837        5.4017311944848300E-009
   5.0000000000000003E-002   280.22833874857139       0.15847903273671765        1.1069451409475675        8.5219242350004411E-009
  0.10000000000000001        280.73882889337312       0.16151787769164100        1.1187232692518043        9.9399876158607029E-009
  0.14999999999999999        280.46065617786235       0.16183645342302527        1.1199404423004888        1.0099988191026168E-008
  0.20000000000000001        279.79794951434025       0.16186247099920559        1.1200397015459072        1.0113154340727844E-008
  0.25000000000000000        279.06293710935870       0.16186413530803354        1.1200460502784382        1.0113997073105726E-008
  0.29999999999999999        278.43222689888290       0.16186422129897432        1.1200463783001484        1.0114040616787187E-008
  0.34999999999999998        277.96371141793736       0.16186422500752418        1.1200463924468060        1.0114042494708634E-008
  0.40000000000000002        277.64327786955056       0.16186422514608539        1.1200463929753623        1.0114042564872737E-008
  0.50000000000000000        277.32471990268027       0.16186422514924412        1.1200463929874118        1.0114042566472241E-008
  0.59999999999999998        277.14966240340135       0.16186422514924190        1.1200463929874032        1.0114042566471121E-008
  0.69999999999999996        277.02642605175447       0.16186422514924834        1.1200463929874280        1.0114042566474384E-008
  0.80000000000000004        276.94092797717536       0.16186422514922810        1.1200463929873505        1.0114042566464135E-008
   1.0000000000000000        276.87235834944005       0.16186422514922810        1.1200463929873505        1.0114042566464135E-008
   2.5000000000000001E-002   279.33862225693252       0.14984969473031784        1.0717592803765428        5.4135383229850991E-009
   5.0000000000000003E-002   280.06199629402749       0.15845103192036750        1.1068351826751215        8.5097297507082573E-009
  0.10000000000000001        280.62546560572554       0.16151299926453389        1.1187046047684612        9.9375548634911857E-009
  0.14999999999999999        280.40394341118252       0.16183591734416081        1.1199383968839633        1.0099717067302217E-008
  0.20000000000000001        279.78583302716373       0.16186242617247876        1.1200395305470165        1.0113131643307382E-008
  0.25000000000000000        279.07655957055840       0.16186413239175035        1.1200460391539575        1.0113995596375067E-008
  0.29999999999999999        278.45478604001607       0.16186422114631577        1.1200463777178160        1.0114040539484537E-008
  0.34999999999999998        277.98478772849018       0.16186422500087286        1.1200463924214339        1.0114042491340563E-008
  0.40000000000000002        277.65884678459349       0.16186422514591434        1.1200463929747100        1.0114042564786125E-008
  0.50000000000000000        277.33005891417946       0.16186422514924353        1.1200463929874094        1.0114042566471940E-008
  0.59999999999999998        277.15159805103127       0.16186422514924231        1.1200463929874049        1.0114042566471325E-008
  0.69999999999999996        277.02779980785931       0.16186422514924836        1.1200463929874278        1.0114042566474397E-008
  0.80000000000000004        276.94216034864797       0.16186422514922810        1.1200463929873505        1.0114042566464135E-008
   1.0000000000000000        276.87298162999122       0.16186422514922810        1.1200463929873505        1.0114042566464135E-008
   2.5000000000000001E-002   279.15717365624874       0.14988978594841243        1.0719289986473888        5.4252869409242283E-009
   5.0000000000000003E-002   279.89865252304924       0.15842341142185451        1.1067266919699570        8.4977158855926179E-009
  0.10000000000000001        280.51269742344607       0.16150808915793358        1.1186858183004871        9.9351068403748200E-009
  0.14999999999999999        280.34560037012182       0.16183537425934283        1.1199363247266323        1.0099442406798854E-008
  0.20000000000000001        279.77109684969975       0.16186238052184354        1.1200393564051259        1.0113108528757699E-008
  0.25000000000000000        279.08780581179406       0.16186412940344483        1.1200460277547393        1.0113994083174352E-008
  0.29999999999999999        278.47583974963175       0.16186422098882294        1.1200463771170428        1.0114040459733915E-008
  0.34999999999999998        278.00525687241151       0.16186422499396283        1.1200463923950748        1.0114042487841486E-008
  0.40000000000000002        277.67442437529837       0.16186422514573487        1.1200463929740254        1.0114042564695241E-008
  0.50000000000000000        277.33563694113610       0.16186422514924270        1.1200463929874063        1.0114042566471527E-008
  0.59999999999999998        277.15363754689588       0.16186422514924273        1.1200463929874065        1.0114042566471538E-008
  0.69999999999999996        277.02919023198569       0.16186422514924834        1.1200463929874280        1.0114042566474384E-008
  0.80000000000000004        276.94338914153622       0.16186422514922810        1.1200463929873505        1.0114042566464135E-008
   1.0000000000000000        276.87361036807971       0.16186422514922810        1.1200463929873505        1.0114042566464135E-008
   2.5000000000000001E-002   278.97893864266405       0.14992961491255977        1.0720975468298493        5.4369808321950687E-009
   5.0000000000000003E-002   279.73806402036740       0.15839616608059920        1.1066196496097727        8.4858797686840012E-009
  0.10000000000000001        280.40053938920209       0.16150314817385883        1.1186669129014439        9.9326439563778009E-009
  0.14999999999999999        280.28579296829929       0.16183482413652064        1.1199342257058347        1.0099164193560557E-008
  0.20000000000000001        279.75391189340348       0.16186233403740419        1.1200391790824820        1.0113084992070734E-008
  0.25000000000000000        279.09676640464693       0.16186412634186192        1.1200460160759962        1.0113992532868068E-008
  0.29999999999999999        278.49539538784933       0.16186422082638083        1.1200463764973900        1.0114040377477098E-008
  0.34999999999999998        278.02508114409335       0.16186422498678607        1.1200463923676982        1.0114042484207341E-008
  0.40000000000000002        277.68996383368972       0.16186422514554713        1.1200463929733091        1.0114042564600181E-008
  0.50000000000000000        277.34144036135672       0.16186422514924187        1.1200463929874032        1.0114042566471097E-008
  0.59999999999999998        277.15578231935331       0.16186422514924315        1.1200463929874080        1.0114042566471752E-008
  0.69999999999999996        277.03059968751148       0.16186422514924836        1.1200463929874278        1.0114042566474397E-008
  0.80000000000000004        276.94461497344417       0.16186422514922810        1.1200463929873505        1.0114042566464135E-008
   1.0000000000000000        276.87424448575922       0.16186422514922810        1.1200463929873505        1.0114042566464135E-008
   2.5000000000000001E-002   278.80357511079495       0.14996919446016740        1.0722649804303563        5.4486233763400781E-009
   5.0000000000000003E-002   279.57999231666849       0.15836929086582413        1.1065140368497379        8.4742186058553474E-009
  0.10000000000000001        280.28899226533679       0.16149817710172551        1.1186478915770897        9.9301666147989250E-009
  0.14999999999999999        280.22466720925911       0.16183426694519631        1.1199320997048265        1.0098882412421904E-008
  0.20000000000000001        279.73443701010837       0.16186228670924233        1.1200389985412462        1.0113061028227084E-008
  0.25000000000000000        279.10353103295881       0.16186412320573343        1.1200460041128908        1.0113990944814052E-008
  0.29999999999999999        278.51346531427629       0.16186422065887235        1.1200463758584112        1.0114040292654802E-008
  0.34999999999999998        278.04422782860712       0.16186422497933425        1.1200463923392725        1.0114042480433920E-008
  0.40000000000000002        277.70542088520631       0.16186422514535090        1.1200463929725608        1.0114042564500814E-008
  0.50000000000000000        277.34745496665442       0.16186422514924068        1.1200463929873985        1.0114042566470494E-008
  0.59999999999999998        277.15803329293442       0.16186422514924356        1.1200463929874096        1.0114042566471965E-008
  0.69999999999999996        277.03203043499479       0.16186422514924834        1.1200463929874280        1.0114042566474384E-008
  0.80000000000000004        276.94583849356343       0.16186422514922810        1.1200463929873505        1.0114042566464135E-008
   1.0000000000000000        276.87488391151106       0.16186422514922810        1.1200463929873505        1.0114042566464135E-008
   2.5000000000000001E-002   278.63076805328950       0.15000853616200116        1.0724313495149915        5.4602176089676715E-009
   5.0000000000000003E-002   279.42420783045895       0.15834278086905557        1.1064098353942089        8.4627296757921815E-009
  0.10000000000000001        280.17804466849776       0.16149317671861824        1.1186287572864113        9.9276752125064583E-009
  0.14999999999999999        280.16235103801853       0.16183370265639505        1.1199299466126691        1.0098597048992552E-008
  0.20000000000000001        279.71281948924002       0.16186223852741913        1.1200388147435010        1.0113036632197047E-008
  0.25000000000000000        279.10818782073056       0.16186411999377676        1.1200459918605301        1.0113989318362833E-008
  0.29999999999999999        278.53006608534258       0.16186422048617863        1.1200463751996526        1.0114040205206826E-008
  0.34999999999999998        278.06266884468602       0.16186422497159900        1.1200463923097657        1.0114042476516970E-008
  0.40000000000000002        277.72075385196484       0.16186422514514576        1.1200463929717781        1.0114042564396926E-008
  0.50000000000000000        277.35366607548013       0.16186422514923954        1.1200463929873943        1.0114042566469927E-008
  0.59999999999999998        277.16039090157648       0.16186422514924398        1.1200463929874112        1.0114042566472167E-008
  0.69999999999999996        277.03348462313033       0.16186422514924836        1.1200463929874278        1.0114042566474397E-008
  0.80000000000000004        276.94706037907628       0.16186422514922810        1.1200463929873505        1.0114042566464135E-008
   1.0000000000000000        276.87552858045149       0.16186422514922810        1.1200463929873505        1.0114042566464135E-008
   2.5000000000000001E-002   278.46022836874755       0.15004765034221179        1.0725966988047269        5.4717662239035593E-009
   5.0000000000000003E-002   279.27049189044027       0.15831663129690876        1.1063070273694884        8.4514103261309540E-009
  0.10000000000000001        280.06767521179518       0.16148814778955092        1.1186095129426239        9.9251701400698026E-009
  0.14999999999999999        280.09895606608524       0.16183313124263821        1.1199277663241258        1.0098308089643506E-008
  0.20000000000000001        279.68919557825853       0.16186218948197914        1.1200386276512657        1.0113011798942633E-008
  0.25000000000000000        279.11082279539494       0.16186411670469644        1.1200459793139723        1.0113987652858449E-008
  0.29999999999999999        278.54521773279396       0.16186422030817890        1.1200463745206539        1.0114040115072008E-008
  0.34999999999999998        278.08038038809582       0.16186422496357242        1.1200463922791473        1.0114042472452497E-008
  0.40000000000000002        277.73592368079426       0.16186422514493171        1.1200463929709614        1.0114042564288546E-008
  0.50000000000000000        277.36005863969950       0.16186422514923840        1.1200463929873898        1.0114042566469348E-008
  0.59999999999999998        277.16285510443174       0.16186422514924440        1.1200463929874127        1.0114042566472382E-008
  0.69999999999999996        277.03496428072287       0.16186422514924834        1.1200463929874280        1.0114042566474384E-008
  0.80000000000000004        276.94828133148945       0.16186422514922810        1.1200463929873505        1.0114042566464135E-008
   1.0000000000000000        276.87617843450437       0.16186422514922810        1.1200463929873505        1.0114042566464135E-008
   2.5000000000000001E-002   278.29169204375006       0.15008654614046515        1.0727610679481490        5.4832715879331032E-009
   5.0000000000000003E-002   279.11863796642155       0.15829083746418374        1.1062055952977397        8.4402579697747800E-009
  0.10000000000000001        279.95785450753408       0.16148309106771080        1.1185901614140985        9.9226517818827697E-009
  0.14999999999999999        280.03457919151134       0.16183255267791577        1.1199255587395558        1.0098015521493182E-008
  0.20000000000000001        279.66369102195387       0.16186213956295273        1.1200384372265053        1.0112986523418721E-008
  0.25000000000000000        279.11151946539871       0.16186411333718270        1.1200459664682216        1.0113985947637681E-008
  0.29999999999999999        278.55894311887943       0.16186422012475010        1.1200463738209452        1.0114040022188036E-008
  0.34999999999999998        278.09734258096961       0.16186422495524527        1.1200463922473824        1.0114042468235833E-008
  0.40000000000000002        277.75089394079043       0.16186422514470836        1.1200463929701097        1.0114042564175444E-008
  0.50000000000000000        277.36661734488860       0.16186422514923715        1.1200463929873852        1.0114042566468718E-008
  0.59999999999999998        277.16542540388679       0.16186422514924481        1.1200463929874145        1.0114042566472595E-008
  0.69999999999999996        277.03647130968164       0.16186422514924836        1.1200463929874278        1.0114042566474397E-008
  0.80000000000000004        276.94950207292351       0.16186422514922810        1.1200463929873505        1.0114042566464135E-008
   1.0000000000000000        276.87683342253797       0.16186422514922810        1.1200463929873505        1.0114042566464135E-008
   2.5000000000000001E-002   278.12491912144594       0.15012523161010713        1.0729244919456318        5.4947357664878668E-009
   5.0000000000000003E-002   278.96845239243333       0.15826539478742735        1.1061055220726737        8.4292700814507980E-009
  0.10000000000000001        279.84854698059075       0.16147800729469233        1.1185707055252572        9.9201205162820834E-009
  0.14999999999999999        279.96930412031622       0.16183196693765986        1.1199233237648150        1.0097719332393963E-008
  0.20000000000000001        279.63642161634971       0.16186208876035829        1.1200382434311393        1.0112960800574269E-008
  0.25000000000000000        279.11035849508005       0.16186410988991265        1.1200459533182310        1.0113984202030664E-008
  0.29999999999999999        278.57126736316775       0.16186421993576763        1.1200463731000514        1.0114039926491822E-008
  0.34999999999999998        278.11353913125856       0.16186422494660879        1.1200463922144379        1.0114042463862520E-008
  0.40000000000000002        277.76563079490552       0.16186422514447521        1.1200463929692202        1.0114042564057382E-008
  0.50000000000000000        277.37332670369727       0.16186422514923560        1.1200463929873792        1.0114042566467925E-008
  0.59999999999999998        277.16810086544194       0.16186422514924523        1.1200463929874160        1.0114042566472809E-008
  0.69999999999999996        277.03800747903591       0.16186422514924834        1.1200463929874280        1.0114042566474384E-008
  0.80000000000000004        276.95072334238444       0.16186422514922810        1.1200463929873505        1.0114042566464135E-008
   1.0000000000000000        276.87749350046835       0.16186422514922810        1.1200463929873505        1.0114042566464135E-008
   2.5000000000000001E-002   277.95969244236494       0.15016371383215588        1.0730870016392962        5.5061605544007222E-009
   5.0000000000000003E-002   278.81975469736886       0.15824029877905224        1.1060067909373676        8.4184441945451829E-009
  0.10000000000000001        279.73971247420036       0.16147289720071789        1.1185511480574128        9.9175767156592575E-009
  0.14999999999999999        279.90320279010268       0.16183137399871891        1.1199210613111559        1.0097419510919043E-008
  0.20000000000000001        279.60749377247464       0.16186203706420579        1.1200380462270541        1.0112934625354004E-008
  0.25000000000000000        279.10741746280218       0.16186410636155005        1.1200459398589038        1.0113982415360783E-008
  0.29999999999999999        278.58221733574686       0.16186421974110488        1.1200463723574896        1.0114039827919250E-008
  0.34999999999999998        278.12895700535461       0.16186422493765357        1.1200463921802772        1.0114042459327813E-008
  0.40000000000000002        277.78010294977997       0.16186422514423163        1.1200463929682911        1.0114042563934031E-008
  0.50000000000000000        277.38017114201455       0.16186422514923407        1.1200463929873734        1.0114042566467156E-008
  0.59999999999999998        277.17088013911217       0.16186422514924564        1.1200463929874176        1.0114042566473011E-008
  0.69999999999999996        277.03957441995868       0.16186422514924836        1.1200463929874278        1.0114042566474397E-008
  0.80000000000000004        276.95194589204186       0.16186422514922810        1.1200463929873505        1.0114042566464135E-008
   1.0000000000000000        276.87815863132715       0.16186422514922810        1.1200463929873505        1.0114042566464135E-008
   2.5000000000000001E-002   277.79581631663268       0.15020199902416134        1.0732486241801598        5.5175475055414697E-009
   5.0000000000000003E-002   278.67237764130539       0.15821554504201371        1.1059093854642303        8.4077778982129642E-009
  0.10000000000000001        279.63130764646456       0.16146776150484876        1.1185314917495748        9.9150207465677900E-009
  0.14999999999999999        279.83633669494839       0.16183077383933120        1.1199187712951277        1.0097116046349026E-008
  0.20000000000000001        279.57700508479877       0.16186198446449818        1.1200378455761097        1.0112907992699252E-008
  0.25000000000000000        279.10277069049062       0.16186410275074459        1.1200459260850886        1.0113980586944300E-008
  0.29999999999999999        278.59182121159694       0.16186421954063304        1.1200463715927684        1.0114039726405096E-008
  0.34999999999999998        278.14358611601421       0.16186422492837008        1.1200463921448642        1.0114042454626876E-008
  0.40000000000000002        277.79428158766825       0.16186422514397744        1.1200463929673214        1.0114042563805318E-008
  0.50000000000000000        277.38713507780272       0.16186422514923243        1.1200463929873672        1.0114042566466327E-008
  0.59999999999999998        277.17376148202595       0.16186422514924606        1.1200463929874191        1.0114042566473224E-008
  0.69999999999999996        277.04117362177425       0.16186422514924834        1.1200463929874280        1.0114042566474384E-008
  0.80000000000000004        276.95317048353547       0.16186422514922810        1.1200463929873505        1.0114042566464135E-008
   1.0000000000000000        276.87882878529700       0.16186422514922810        1.1200463929873505        1.0114042566464135E-008
   2.5000000000000001E-002   277.63311529688201       0.15024009262821245        1.0734093834062310        5.5288979566179983E-009
   5.0000000000000003E-002   278.52616706371981       0.15819112926496909        1.1058132895368120        8.3972688347268540E-009
  0.10000000000000001        279.52328716880197       0.16146260091518652        1.1185117392992172        9.9124529698256359E-009
  0.14999999999999999        279.76875811103736       0.16183016643910084        1.1199164536384847        1.0096808928659730E-008
  0.20000000000000001        279.54504489900677       0.16186193095123463        1.1200376414401518        1.0112880897549525E-008
  0.25000000000000000        279.09648913434279       0.16186409905613242        1.1200459119915829        1.0113978716090602E-008
  0.29999999999999999        278.60010808109257       0.16186421933422138        1.1200463708053892        1.0114039621883151E-008
  0.34999999999999998        278.15741902702183       0.16186422491874927        1.1200463921081647        1.0114042449755130E-008
  0.40000000000000002        277.80814028395787       0.16186422514371224        1.1200463929663098        1.0114042563671029E-008
  0.50000000000000000        277.39420299260684       0.16186422514923066        1.1200463929873603        1.0114042566465420E-008
  0.59999999999999998        277.17674278191669       0.16186422514924648        1.1200463929874207        1.0114042566473439E-008
  0.69999999999999996        277.04280642891729       0.16186422514924836        1.1200463929874278        1.0114042566474397E-008
  0.80000000000000004        276.95439788433146       0.16186422514922810        1.1200463929873505        1.0114042566464135E-008
   1.0000000000000000        276.87950393971141       0.16186422514922810        1.1200463929873505        1.0114042566464135E-008
   2.5000000000000001E-002   277.47143316883324       0.15027799936954681        1.0735693000957340        5.5402130425053230E-009
   5.0000000000000003E-002   278.38098164618782       0.15816704721781114        1.1057184873330486        8.3869146970159180E-009
  0.10000000000000001        279.41560474771171       0.16145741612906550        1.1184918933630101        9.9098737406132332E-009
  0.14999999999999999        279.70051122416118       0.16182955177897182        1.1199141082680868        1.0096498148508989E-008
  0.20000000000000001        279.51169487396544       0.16186187651441267        1.1200374337810195        1.0112853334843569E-008
  0.25000000000000000        279.08864032774898       0.16186409527633666        1.1200458975731347        1.0113976802102519E-008
  0.29999999999999999        278.60710761179757       0.16186421912173685        1.1200463699948444        1.0114039514286062E-008
  0.34999999999999998        278.17045067547764       0.16186422490878136        1.1200463920701411        1.0114042444707612E-008
  0.40000000000000002        277.82165491340186       0.16186422514343532        1.1200463929652535        1.0114042563530809E-008
  0.50000000000000000        277.40135949582805       0.16186422514922860        1.1200463929873525        1.0114042566464388E-008
  0.59999999999999998        277.17982158122464       0.16186422514924689        1.1200463929874225        1.0114042566473654E-008
  0.69999999999999996        277.04447403880516       0.16186422514924834        1.1200463929874280        1.0114042566474384E-008
  0.80000000000000004        276.95562886415138       0.16186422514922810        1.1200463929873505        1.0114042566464135E-008
   1.0000000000000000        276.88018407902388       0.16186422514922810        1.1200463929873505        1.0114042566464135E-008
   2.5000000000000001E-002   277.31061260839920       0.15031572440791346        1.0737283968274030        5.5514940388459482E-009
   5.0000000000000003E-002   278.23669022923235       0.15814329474897434        1.1056249633154416        8.3767132269921829E-009
  0.10000000000000001        279.30821388873613       0.16145220783323774        1.1184719565575267        9.9072834085680426E-009
  0.14999999999999999        279.63163315808697       0.16182892984120453        1.1199117351158103        1.0096183697224733E-008
  0.20000000000000001        279.47702953313620       0.16186182114403092        1.1200372225605555        1.0112825299520817E-008
  0.25000000000000000        279.07928836848248       0.16186409140996683        1.1200458828244397        1.0113974844275948E-008
  0.29999999999999999        278.61284975696498       0.16186421890304475        1.1200463691606199        1.0114039403545599E-008
  0.34999999999999998        278.18267811214872       0.16186422489845609        1.1200463920307542        1.0114042439479134E-008
  0.40000000000000002        277.83480354784353       0.16186422514314636        1.1200463929641513        1.0114042563384485E-008
  0.50000000000000000        277.40858938195231       0.16186422514922663        1.1200463929873452        1.0114042566463394E-008
  0.59999999999999998        277.18299510155271       0.16186422514924731        1.1200463929874238        1.0114042566473854E-008
  0.69999999999999996        277.04617750057986       0.16186422514924836        1.1200463929874278        1.0114042566474397E-008
  0.80000000000000004        276.95686419148547       0.16186422514922810        1.1200463929873505        1.0114042566464135E-008
   1.0000000000000000        276.88086919474631       0.16186422514922810        1.1200463929873505        1.0114042566464135E-008
   2.5000000000000001E-002   277.15053479660105       0.15035346373008354        1.0738875005121824        5.5627994488262701E-009
   5.0000000000000003E-002   278.09317118596010       0.15811986817785151        1.1055327037774083        8.3666623833256896E-009
  0.10000000000000001        279.20106813307808       0.16144697670435101        1.1184519314610675        9.9046823180246308E-009
  0.14999999999999999        279.56215486347804       0.16182830060935188        1.1199093341184572        1.0095865566792849E-008
  0.20000000000000001        279.44111679790933       0.16186176483009146        1.1200370077406159        1.0112796786522553E-008
  0.25000000000000000        279.06849394287974       0.16186408745561903        1.1200458677401426        1.0113972841900025E-008
  0.29999999999999999        278.61736450637960       0.16186421867800829        1.1200463683021944        1.0114039289592519E-008
  0.34999999999999998        278.19410025999611       0.16186422488776359        1.1200463919899666        1.0114042434064716E-008
  0.40000000000000002        277.84756634786191       0.16186422514284524        1.1200463929630027        1.0114042563232003E-008
  0.50000000000000000        277.41587768098839       0.16186422514922444        1.1200463929873368        1.0114042566462271E-008
  0.59999999999999998        277.18626026823870       0.16186422514924773        1.1200463929874254        1.0114042566474068E-008
  0.69999999999999996        277.04791771466876       0.16186422514924834        1.1200463929874280        1.0114042566474384E-008
  0.80000000000000004        276.95810463021462       0.16186422514922810        1.1200463929873505        1.0114042566464135E-008
   1.0000000000000000        276.88155928535434       0.16186422514922810        1.1200463929873505        1.0114042566464135E-008
   2.5000000000000001E-002   276.99102789706677       0.15039123898919862        1.0740467023564757        5.5741358301521133E-009
   5.0000000000000003E-002   277.95030719200730       0.15809676437632153        1.1054416971667322        8.3567603750112010E-009
  0.10000000000000001        279.09412151200320       0.16144172341016877        1.1184318206183292        9.9020708086235690E-009
  0.14999999999999999        279.49210191194055       0.16182766406823731        1.1199069052176702        1.0095543749845973E-008
  0.20000000000000001        279.40401849667893       0.16186170756260085        1.1200367892830736        1.0112767790792441E-008
  0.25000000000000000        279.05631438003826       0.16186408341187608        1.1200458523148369        1.0113970794257149E-008
  0.29999999999999999        278.62068167538246       0.16186421844648835        1.1200463674190368        1.0114039172356345E-008
  0.34999999999999998        278.20471769071099       0.16186422487669402        1.1200463919477404        1.0114042428459340E-008
  0.40000000000000002        277.85992545046082       0.16186422514253135        1.1200463929618052        1.0114042563073050E-008
  0.50000000000000000        277.42320970241627       0.16186422514922202        1.1200463929873274        1.0114042566461051E-008
  0.59999999999999998        277.18961373484285       0.16186422514924814        1.1200463929874271        1.0114042566474281E-008
  0.69999999999999996        277.04969543311091       0.16186422514924836        1.1200463929874278        1.0114042566474397E-008
  0.80000000000000004        276.95935093634586       0.16186422514922810        1.1200463929873505        1.0114042566464135E-008
   1.0000000000000000        276.88225435616675       0.16186422514922810        1.1200463929873505        1.0114042566464135E-008
   2.5000000000000001E-002   276.83193561972701       0.15042905580113916        1.0742060258901438        5.5855049614341355E-009
   5.0000000000000003E-002   277.80797725049052       0.15807398024234492        1.1053519320139407        8.3470054346211254E-009
  0.10000000000000001        278.98732736800639       0.16143644860989553        1.1184116265416459        9.8994492154750561E-009
  0.14999999999999999        279.42149507677829       0.16182702020393500        1.1199044483598599        1.0095218239653497E-008
  0.20000000000000001        279.36579084051471       0.16186164933157474        1.1200365671498365        1.0112738307278839E-008
  0.25000000000000000        279.04280372956714       0.16186407927730762        1.1200458365430672        1.0113968700623041E-008
  0.29999999999999999        278.62283072807838       0.16186421820834385        1.1200463665106095        1.0114039051765662E-008
  0.34999999999999998        278.21453241887087       0.16186422486523616        1.1200463919040333        1.0114042422657361E-008
  0.40000000000000002        277.87186485461990       0.16186422514220442        1.1200463929605580        1.0114042562907502E-008
  0.50000000000000000        277.43057107299319       0.16186422514921958        1.1200463929873179        1.0114042566459817E-008
  0.59999999999999998        277.19305190734696       0.16186422514924828        1.1200463929874276        1.0114042566474346E-008
  0.69999999999999996        277.05151126059309       0.16186422514924834        1.1200463929874280        1.0114042566474384E-008
  0.80000000000000004        276.96060385488585       0.16186422514922810        1.1200463929873505        1.0114042566464135E-008
   1.0000000000000000        276.88295441919604       0.16186422514922810        1.1200463929873505        1.0114042566464135E-008
   2.5000000000000001E-002   276.67311480844540       0.15046691979565938        1.0743654946696872        5.5969086378305919E-009
   5.0000000000000003E-002   277.66606340490858       0.15805151274154058        1.1052633970965771        8.3373958357896030E-009
  0.10000000000000001        278.88063810693058       0.16143115295430419        1.1183913517114761        9.8968178692239784E-009
  0.14999999999999999        279.35035074059169       0.16182636900374942        1.1199019634961234        1.0094889030111065E-008
  0.20000000000000001        279.32648484896691       0.16186159012703802        1.1200363413028467        1.0112708330934929E-008
  0.25000000000000000        279.02801285550191       0.16186407505047015        1.1200458204193264        1.0113966560266807E-008
  0.29999999999999999        278.62384063080242       0.16186421796343159        1.1200463655763655        1.0114038927747942E-008
  0.34999999999999998        278.22354771315713       0.16186422485337953        1.1200463918588048        1.0114042416653446E-008
  0.40000000000000002        277.88337030627031       0.16186422514186380        1.1200463929592588        1.0114042562735029E-008
  0.50000000000000000        277.43794776878872       0.16186422514921683        1.1200463929873077        1.0114042566458421E-008
  0.59999999999999998        277.19657096792383       0.16186422514924831        1.1200463929874278        1.0114042566474372E-008
  0.69999999999999996        277.05336565613908       0.16186422514924836        1.1200463929874278        1.0114042566474397E-008
  0.80000000000000004        276.96186411685215       0.16186422514922810        1.1200463929873505        1.0114042566464135E-008
   1.0000000000000000        276.88365949297236       0.16186422514922810        1.1200463929873505        1.0114042566464135E-008
   2.5000000000000001E-002   276.51436322237760       0.15050469703956432        1.0745245447294127        5.6083065213344891E-009
   5.0000000000000003E-002   277.52444214121095       0.15802935864955725        1.1051760804242703        8.3279297828147977E-009
  0.10000000000000001        278.77400488586312       0.16142583708571551        1.1183709985763193        9.8941770960418028E-009
  0.14999999999999999        279.27868124003146       0.16182571045619504        1.1198994505821691        1.0094556115730354E-008
  0.20000000000000001        279.28614672926216       0.16186152993902769        1.1200361117040933        1.0112677856720123E-008
  0.25000000000000000        279.01198953985704       0.16186407072990686        1.1200458039380574        1.0113964372450734E-008
  0.29999999999999999        278.62373973191899       0.16186421771160642        1.1200463646157517        1.0114038800229701E-008
  0.34999999999999998        278.23176792387477       0.16186422484111293        1.1200463918120125        1.0114042410441925E-008
  0.40000000000000002        277.89442918398407       0.16186422514150922        1.1200463929579063        1.0114042562555482E-008
  0.50000000000000000        277.44532614183407       0.16186422514921403        1.1200463929872970        1.0114042566457010E-008
  0.59999999999999998        277.20016689811956       0.16186422514924828        1.1200463929874276        1.0114042566474346E-008
  0.69999999999999996        277.05525893539215       0.16186422514924834        1.1200463929874280        1.0114042566474384E-008
  0.80000000000000004        276.96313243643846       0.16186422514922810        1.1200463929873505        1.0114042566464135E-008
   1.0000000000000000        276.88436960234492       0.16186422514922810        1.1200463929873505        1.0114042566464135E-008
   2.5000000000000001E-002   276.35554189897238       0.15054233757917568        1.0746829662526263        5.6196833911076571E-009
   5.0000000000000003E-002   277.38298531779179       0.15800751428592907        1.1050899681890733        8.3186052972855305E-009
  0.10000000000000001        278.66737626591333       0.16142050163722202        1.1183505695497435        9.8915272172432251E-009
  0.14999999999999999        279.20649502479148       0.16182504455097696        1.1198969095782429        1.0094219491629091E-008
  0.20000000000000001        279.24481820452758       0.16186146875759516        1.1200358783156190        1.0112646879601231E-008
  0.25000000000000000        278.99477859054207       0.16186406631414779        1.1200457870936527        1.0113962136430553E-008
  0.29999999999999999        278.62255566421425       0.16186421745272034        1.1200463636282030        1.0114038669135969E-008
  0.34999999999999998        278.23919832590695       0.16186422482842514        1.1200463917636136        1.0114042404017127E-008
  0.40000000000000002        277.90503038647012       0.16186422514114010        1.1200463929564981        1.0114042562368555E-008
  0.50000000000000000        277.45269294179411       0.16186422514921087        1.1200463929872850        1.0114042566455400E-008
  0.59999999999999998        277.20383550134380       0.16186422514924831        1.1200463929874278        1.0114042566474372E-008
  0.69999999999999996        277.05719127343554       0.16186422514924836        1.1200463929874278        1.0114042566474397E-008
  0.80000000000000004        276.96440950833909       0.16186422514922810        1.1200463929873505        1.0114042566464135E-008
   1.0000000000000000        276.88508477825764       0.16186422514922810        1.1200463929873505        1.0114042566464135E-008
   2.5000000000000001E-002   276.19654131894970       0.15057985785773423        1.0748408290130398        5.6310440410005612E-009
   5.0000000000000003E-002   277.24158045906137       0.15798597608938542        1.1050050470326698        8.3094204640120634E-009
  0.10000000000000001        278.56069975268105       0.16141514723261149        1.1183300670100860        9.8888685492508990E-009
  0.14999999999999999        279.13379686281735       0.16182437127896818        1.1198943404490411        1.0093879153519625E-008
  0.20000000000000001        279.20253679355523       0.16186140657280829        1.1200356410995307        1.0112615394553543E-008
  0.25000000000000000        278.97642194860941       0.16186406180171056        1.1200457698804580        1.0113959851455621E-008
  0.29999999999999999        278.62031526629102       0.16186421718662364        1.1200463626131489        1.0114038534390973E-008
  0.34999999999999998        278.24584497608902       0.16186422481530433        1.1200463917135630        1.0114042397373064E-008
  0.40000000000000002        277.91516422272508       0.16186422514075635        1.1200463929550342        1.0114042562174239E-008
  0.50000000000000000        277.46003533305117       0.16186422514920695        1.1200463929872699        1.0114042566453423E-008
  0.59999999999999998        277.20757242455642       0.16186422514924828        1.1200463929874276        1.0114042566474346E-008
  0.69999999999999996        277.05916270808842       0.16186422514924834        1.1200463929874280        1.0114042566474384E-008
  0.80000000000000004        276.96569600523867       0.16186422514922810        1.1200463929873505        1.0114042566464135E-008
   1.0000000000000000        276.88580505750650       0.16186422514922810        1.1200463929873505        1.0114042566464135E-008
   2.5000000000000001E-002   276.03725712056843       0.15061726489445362        1.0749981630591037        5.6423904391788610E-009
   5.0000000000000003E-002   277.10012505908423       0.15796474057527993        1.1049213038792713        8.3003734124013513E-009
  0.10000000000000001        278.45392308361698       0.16140977448658164        1.1183094933012738        9.8862014037050028E-009
  0.14999999999999999        279.06058822754875       0.16182369063218971        1.1198917431636339        1.0093535097698681E-008
  0.20000000000000001        279.15933607554388       0.16186134337475280        1.1200354000180017        1.0112583396561493E-008
  0.25000000000000000        278.95695879367969       0.16186405719109917        1.1200457522927665        1.0113957516768442E-008
  0.29999999999999999        278.61704451977261       0.16186421691316469        1.1200463615700105        1.0114038395917891E-008
  0.34999999999999998        278.25171458393368       0.16186422480173934        1.1200463916618180        1.0114042390504076E-008
  0.40000000000000002        277.92482230552287       0.16186422514035698        1.1200463929535107        1.0114042561972007E-008
  0.50000000000000000        277.46734090760373       0.16186422514920321        1.1200463929872555        1.0114042566451522E-008
  0.59999999999999998        277.21137317908267       0.16186422514924831        1.1200463929874278        1.0114042566474372E-008
  0.69999999999999996        277.06117314362461       0.16186422514924836        1.1200463929874278        1.0114042566474397E-008
  0.80000000000000004        276.96699257547169       0.16186422514922810        1.1200463929873505        1.0114042566464135E-008
   1.0000000000000000        276.88653048247619       0.16186422514922810        1.1200463929873505        1.0114042566464135E-008
   2.5000000000000001E-002   275.87759211286340       0.15065456540948122        1.0751549971408760        5.6537244779302757E-009
   5.0000000000000003E-002   276.95852453489482       0.15794380433398852        1.1048387259299193        8.2914623153789549E-009
  0.10000000000000001        278.34699485169546       0.16140438400491416        1.1182888507334838        9.8835260875524427E-009
  0.14999999999999999        278.98686772260015       0.16182300260378940        1.1198891176953869        1.0093187321036682E-008
  0.20000000000000001        279.11524595405530       0.16186127915353496        1.1200351550332843        1.0112550880620033E-008
  0.25000000000000000        278.93642564922015       0.16186405248080540        1.1200457343248242        1.0113955131605320E-008
  0.29999999999999999        278.61276849989940       0.16186421663218953        1.1200463604982009        1.0114038253638801E-008
  0.34999999999999998        278.25681439462670       0.16186422478771748        1.1200463916083301        1.0114042383403738E-008
  0.40000000000000002        277.93399744874642       0.16186422513994145        1.1200463929519255        1.0114042561761588E-008
  0.50000000000000000        277.47459769415963       0.16186422514919913        1.1200463929872402        1.0114042566449458E-008
  0.59999999999999998        277.21523316048518       0.16186422514924828        1.1200463929874276        1.0114042566474346E-008
  0.69999999999999996        277.06322235485749       0.16186422514924834        1.1200463929874280        1.0114042566474384E-008
  0.80000000000000004        276.96829984085474       0.16186422514922810        1.1200463929873505        1.0114042566464135E-008
   1.0000000000000000        276.88726110085884       0.16186422514922810        1.1200463929873505        1.0114042566464135E-008
   2.5000000000000001E-002   275.71745640874491       0.15069176589552333        1.0753113590134413        5.6650479946370921E-009
   5.0000000000000003E-002   276.81669107408675       0.15792316402872494        1.1047573006544675        8.2826853880778337E-009
  0.10000000000000001        278.23986484714783       0.16139897638464493        1.1182681415837927        9.8808429031343466E-009
  0.14999999999999999        278.91263148752660       0.16182230718802218        1.1198864640218824        1.0092835820967619E-008
  0.20000000000000001        279.07029292017393       0.16186121389928360        1.1200349061077164        1.0112517841735697E-008
  0.25000000000000000        278.91485648918530       0.16186404766930784        1.1200457159708286        1.0113952695195907E-008
  0.29999999999999999        278.60751133775733       0.16186421634354184        1.1200463593971237        1.0114038107474513E-008
  0.34999999999999998        278.26115208328451       0.16186422477322693        1.1200463915530543        1.0114042376066067E-008
  0.40000000000000002        277.94268356891814       0.16186422513950963        1.1200463929502784        1.0114042561542925E-008
  0.50000000000000000        277.48179416379827       0.16186422514919496        1.1200463929872242        1.0114042566447355E-008
  0.59999999999999998        277.21914766745272       0.16186422514924831        1.1200463929874278        1.0114042566474372E-008
  0.69999999999999996        277.06530999153824       0.16186422514924836        1.1200463929874278        1.0114042566474397E-008
  0.80000000000000004        276.96961839469299       0.16186422514922810        1.1200463929873505        1.0114042566464135E-008
   1.0000000000000000        276.88799696535636       0.16186422514922810        1.1200463929873505        1.0114042566464135E-008
   2.5000000000000001E-002   275.55676756782975       0.15072887263615747        1.0754672755157191        5.6763627767158026E-009
   5.0000000000000003E-002   276.67454304117149       0.15790281639353906        1.1046770157842618        8.2740408866202990E-009
  0.10000000000000001        278.13248426772537       0.16139355221422738        1.1182473680967966        9.8781521482700400E-009
  0.14999999999999999        278.83787356690061       0.16182160438022930        1.1198837821248437        1.0092480595478520E-008
  0.20000000000000001        279.02450031137801       0.16186114760215103        1.1200346532037262        1.0112484274927026E-008
  0.25000000000000000        278.89228284664938       0.16186404275507249        1.1200456972249269        1.0113950206763445E-008
  0.29999999999999999        278.60129619282844       0.16186421604706283        1.1200463582661728        1.0114037957344644E-008
  0.34999999999999998        278.26473565957315       0.16186422475825563        1.1200463914959446        1.0114042368484959E-008
  0.40000000000000002        277.95087559119008       0.16186422513906037        1.1200463929485647        1.0114042561315439E-008
  0.50000000000000000        277.48891923255701       0.16186422514919047        1.1200463929872071        1.0114042566445075E-008
  0.59999999999999998        277.22311191966566       0.16186422514924828        1.1200463929874276        1.0114042566474346E-008
  0.69999999999999996        277.06743558301747       0.16186422514924834        1.1200463929874280        1.0114042566474384E-008
  0.80000000000000004        276.97094879995973       0.16186422514922810        1.1200463929873505        1.0114042566464135E-008
   1.0000000000000000        276.88873813336960       0.16186422514922810        1.1200463929873505        1.0114042566464135E-008
   2.5000000000000001E-002   275.39542302568060       0.15076589324098394        1.0756227790194697        5.6876710303580674E-009
   5.0000000000000003E-002   276.53200147133543       0.15788275823344280        1.1045978593131949        8.2655271078168742E-009
  0.10000000000000001        278.02480573290984       0.16138811207369569        1.1182265324852321        9.8754541163410257E-009
  0.14999999999999999        278.76258623542532       0.16182089417682058        1.1198810719900658        1.0092121643100381E-008
  0.20000000000000001        278.97788856248383       0.16186108025231627        1.1200343962838413        1.0112450175226160E-008
  0.25000000000000000        278.86873392432193       0.16186403773655272        1.1200456780812200        1.0113947665524797E-008
  0.29999999999999999        278.59414523477744       0.16186421574259180        1.1200463571047357        1.0114037803167805E-008
  0.34999999999999998        278.26757338188759       0.16186422474279036        1.1200463914369507        1.0114042360653712E-008
  0.40000000000000002        277.95856935993413       0.16186422513859322        1.1200463929467828        1.0114042561078885E-008
  0.50000000000000000        277.49596226127187       0.16186422514918583        1.1200463929871893        1.0114042566442721E-008
  0.59999999999999998        277.22712107462104       0.16186422514924831        1.1200463929874278        1.0114042566474372E-008
  0.69999999999999996        277.06959854312078       0.16186422514924836        1.1200463929874278        1.0114042566474397E-008
  0.80000000000000004        276.97229158765361       0.16186422514922810        1.1200463929873505        1.0114042566464135E-008
   1.0000000000000000        276.88948466667460       0.16186422514922810        1.1200463929873505        1.0114042566464135E-008
   2.5000000000000001E-002   275.23325155815451       0.15080284110250863        1.0757779261321965        5.6989767489857892E-009
   5.0000000000000003E-002   276.38897171603844       0.15786298644112146        1.1045198195642174        8.2571423959048619E-009
  0.10000000000000001        277.91678171084203       0.16138265653484188        1.1182056369306517        9.8727490963818189E-009
  0.14999999999999999        278.68676017101859       0.16182017657525360        1.1198783336073364        1.0091758962897619E-008
  0.20000000000000001        278.93047543907016       0.16186101183998600        1.1200341353106975        1.0112415537679462E-008
  0.25000000000000000        278.84423670598881       0.16186403261218976        1.1200456585337615        1.0113945070690679E-008
  0.29999999999999999        278.58607963350067       0.16186421542996604        1.1200463559121914        1.0114037644861612E-008
  0.34999999999999998        278.26967368037373       0.16186422472681861        1.1200463913760248        1.0114042352565997E-008
  0.40000000000000002        277.96576155402119       0.16186422513810822        1.1200463929449327        1.0114042560833293E-008
  0.50000000000000000        277.50291305298896       0.16186422514918092        1.1200463929871707        1.0114042566440243E-008
  0.59999999999999998        277.23117024340985       0.16186422514924828        1.1200463929874276        1.0114042566474346E-008
  0.69999999999999996        277.07179817519420       0.16186422514924834        1.1200463929874280        1.0114042566474384E-008
  0.80000000000000004        276.97364725532276       0.16186422514922810        1.1200463929873505        1.0114042566464135E-008
   1.0000000000000000        276.89023663108725       0.16186422514922810        1.1200463929873505        1.0114042566464135E-008
   2.5000000000000001E-002   275.07010427339441       0.15083972956311181        1.0759327731764150        5.7102839391036895E-009
   5.0000000000000003E-002   276.24534749181936       0.15784349800564537        1.1044428852243193        8.2488851458708258E-009
  0.10000000000000001        277.80836243836433       0.16137718616142138        1.1181846835842046        9.8700373731849192E-009
  0.14999999999999999        278.61038433989586       0.16181945157401648        1.1198755669703695        1.0091392554459199E-008
  0.20000000000000001        278.88227622583014       0.16186094235539572        1.1200338702470383        1.0112380357347964E-008
  0.25000000000000000        278.81881606542561       0.16186402738041203        1.1200456385765565        1.0113942421465331E-008
  0.29999999999999999        278.57711955632749       0.16186421510901994        1.1200463546879083        1.0114037482342194E-008
  0.34999999999999998        278.27104508813966       0.16186422471032677        1.1200463913131149        1.0114042344214915E-008
  0.40000000000000002        277.97244960682048       0.16186422513760451        1.1200463929430111        1.0114042560578222E-008
  0.50000000000000000        277.50976184825078       0.16186422514917576        1.1200463929871509        1.0114042566437622E-008
  0.59999999999999998        277.23525450543656       0.16186422514924831        1.1200463929874278        1.0114042566474372E-008
  0.69999999999999996        277.07403367727841       0.16186422514924836        1.1200463929874278        1.0114042566474397E-008
  0.80000000000000004        276.97501626576178       0.16186422514922810        1.1200463929873505        1.0114042566464135E-008
   1.0000000000000000        276.89099409611839       0.16186422514922810        1.1200463929873505        1.0114042566464135E-008
   2.5000000000000001E-002   274.91787139765222       0.15087593518373318        1.0760847046779600        5.7214009409928146E-009
   5.0000000000000003E-002   276.10208427718476       0.15782428942585333        1.1043670430287702        8.2407535548522473E-009
  0.10000000000000001        277.69952938096583       0.16137170150913807        1.1181636745665777        9.8673192272963969E-009
  0.14999999999999999        278.53344681159967       0.16181871917260868        1.1198727720767339        1.0091022417888935E-008
  0.20000000000000001        278.83330388769161       0.16186087178881317        1.1200336010557310        1.0112344629309170E-008
  0.25000000000000000        278.79249486824637       0.16186402203963629        1.1200456182035654        1.0113939717047072E-008
  0.29999999999999999        278.56728417087515       0.16186421477958579        1.1200463534312468        1.0114037315524642E-008
  0.34999999999999998        278.27169617998140       0.16186422469330200        1.1200463912481720        1.0114042335593981E-008
  0.40000000000000002        277.97863163088073       0.16186422513708132        1.1200463929410156        1.0114042560313293E-008
  0.50000000000000000        277.51649931851512       0.16186422514917076        1.1200463929871318        1.0114042566435091E-008
  0.59999999999999998        277.23936892210696       0.16186422514924828        1.1200463929874276        1.0114042566474346E-008
  0.69999999999999996        277.07630414736838       0.16186422514924834        1.1200463929874280        1.0114042566474384E-008
  0.80000000000000004        276.97639904587277       0.16186422514922810        1.1200463929873505        1.0114042566464135E-008
   1.0000000000000000        276.89175713462339       0.16186422514922810        1.1200463929873505        1.0114042566464135E-008
   2.5000000000000001E-002   274.79040754676515       0.15091061068397732        1.0762301696038372        5.7320658985714177E-009
   5.0000000000000003E-002   275.96666186120626       0.15780535132659579        1.1042922564976336        8.2327433466471955E-009
  0.10000000000000001        277.59093838186351       0.16136620311866859        1.1181426119412663        9.8645949315632742E-009
  0.14999999999999999        278.45598142622737       0.16181797937151682        1.1198699489277595        1.0090648553793163E-008
  0.20000000000000001        278.78357193686327       0.16186080013053816        1.1200333276997645        1.0112308348656966E-008
  0.25000000000000000        278.76529420687541       0.16186401658826610        1.1200455974086982        1.0113936956627567E-008
  0.29999999999999999        278.55659165868707       0.16186421444149390        1.1200463521415589        1.0114037144323003E-008
  0.34999999999999998        278.27163551822480       0.16186422467573036        1.1200463911811431        1.0114042326696122E-008
  0.40000000000000002        277.98430634724610       0.16186422513653800        1.1200463929389428        1.0114042560038166E-008
  0.50000000000000000        277.52311655797610       0.16186422514916551        1.1200463929871118        1.0114042566432436E-008
  0.59999999999999998        277.24350854947892       0.16186422514924831        1.1200463929874278        1.0114042566474372E-008
  0.69999999999999996        277.07860858872681       0.16186422514924836        1.1200463929874278        1.0114042566474397E-008
  0.80000000000000004        276.97779598568752       0.16186422514922810        1.1200463929873505        1.0114042566464135E-008
   1.0000000000000000        276.89252582244200       0.16186422514922810        1.1200463929873505        1.0114042566464135E-008
   2.5000000000000001E-002   274.66387311823274       0.15094580878940217        1.0763777812150457        5.7429094098676830E-009
   5.0000000000000003E-002   275.83746754441319       0.15778668104312624        1.1042185156252193        8.2248530979889456E-009
  0.10000000000000001        277.48337177628105       0.16136069151720864        1.1181214977204887        9.8618647519068266E-009
  0.14999999999999999        278.37812137560826       0.16181723217218189        1.1198670975284133        1.0090270963264067E-008
  0.20000000000000001        278.73310516124775       0.16186072737090573        1.1200330501422622        1.0112271510503211E-008
  0.25000000000000000        278.73723457423341       0.16186401102469375        1.1200455761858223        1.0113934139392729E-008
  0.29999999999999999        278.54505931154279       0.16186421409457211        1.1200463508181888        1.0114036968650128E-008
  0.34999999999999998        278.27087161027379       0.16186422465759739        1.1200463911119731        1.0114042317514022E-008
  0.40000000000000002        277.98947301952080       0.16186422513597407        1.1200463929367919        1.0114042559752605E-008
  0.50000000000000000        277.52960507401707       0.16186422514915999        1.1200463929870907        1.0114042566429642E-008
  0.59999999999999998        277.24766844991569       0.16186422514924828        1.1200463929874276        1.0114042566474346E-008
  0.69999999999999996        277.08094591521592       0.16186422514924834        1.1200463929874280        1.0114042566474384E-008
  0.80000000000000004        276.97920743754463       0.16186422514922810        1.1200463929873505        1.0114042566464135E-008
   1.0000000000000000        276.89330023803672       0.16186422514922810        1.1200463929873505        1.0114042566464135E-008
   2.5000000000000001E-002   274.53831286385014       0.15098157711765711        1.0765277370855875        5.7539470071437661E-009
   5.0000000000000003E-002   275.71233537000256       0.15776827821933795        1.1041458195124076        8.2170823683790407E-009
  0.10000000000000001        277.37712542480119       0.16135516722836118        1.1181003339030586        9.8591289522255887E-009
  0.14999999999999999        278.30002773169394       0.16181647757698386        1.1198642178872402        1.0089889647871861E-008
  0.20000000000000001        278.68194402427895       0.16186065350028694        1.1200327683464846        1.0112234109978149E-008
  0.25000000000000000        278.70833775972625       0.16186400534729928        1.1200455545287580        1.0113931264522328E-008
  0.29999999999999999        278.53270381337057       0.16186421373864543        1.1200463494604687        1.0114036788417406E-008
  0.34999999999999998        278.26941289454663       0.16186422463888894        1.1200463910406075        1.0114042308040506E-008
  0.40000000000000002        277.99413139387678       0.16186422513538840        1.1200463929345577        1.0114042559456038E-008
  0.50000000000000000        277.53595677654351       0.16186422514915422        1.1200463929870690        1.0114042566426720E-008
  0.59999999999999998        277.25184370275559       0.16186422514924831        1.1200463929874278        1.0114042566474372E-008
  0.69999999999999996        277.08331495661662       0.16186422514924836        1.1200463929874278        1.0114042566474397E-008
  0.80000000000000004        276.98063371541957       0.16186422514922810        1.1200463929873505        1.0114042566464135E-008
   1.0000000000000000        276.89408046212600       0.16186422514922810        1.1200463929873505        1.0114042566464135E-008
   2.5000000000000001E-002   274.41375602813736       0.15101792938026176        1.0766800924238771        5.7651838477953334E-009
   5.0000000000000003E-002   275.59003219610815       0.15775014261451470        1.1040741677080392        8.2094307709758992E-009
  0.10000000000000001        277.27225373793328       0.16134963077281864        1.1180791224769988        9.8563877947338674E-009
  0.14999999999999999        278.22184396526870       0.16181571558923219        1.1198613100163270        1.0089504609659874E-008
  0.20000000000000001        278.63014056580386       0.16186057850909044        1.1200324822758350        1.0112196142231173E-008
  0.25000000000000000        278.67862813767869       0.16186399955445097        1.1200455324312808        1.0113928331190143E-008
  0.29999999999999999        278.51954164930555       0.16186421337353746        1.1200463480677252        1.0114036603535486E-008
  0.34999999999999998        278.26726776868952       0.16186422461959105        1.1200463909669940        1.0114042298268510E-008
  0.40000000000000002        277.99828164754467       0.16186422513478005        1.1200463929322371        1.0114042559147981E-008
  0.50000000000000000        277.54216396649196       0.16186422514914811        1.1200463929870457        1.0114042566423623E-008
  0.59999999999999998        277.25602941404094       0.16186422514924828        1.1200463929874276        1.0114042566474346E-008
  0.69999999999999996        277.08571446391011       0.16186422514924834        1.1200463929874280        1.0114042566474384E-008
  0.80000000000000004        276.98207509439715       0.16186422514922810        1.1200463929873505        1.0114042566464135E-008
   1.0000000000000000        276.89486657731641       0.16186422514922810        1.1200463929873505        1.0114042566464135E-008
   2.5000000000000001E-002   274.29288323358878       0.15105470975208748        1.0768341921330458        5.7765725942496427E-009
   5.0000000000000003E-002   275.47012109914618       0.15773227382143334        1.1040035590952848        8.2018978535739506E-009
  0.10000000000000001        277.16871630467580       0.16134408266836944        1.1180578654195652        9.8536415399654778E-009
  0.14999999999999999        278.14368334716914       0.16181494621315706        1.1198583739312695        1.0089115851140055E-008
  0.20000000000000001        278.57775257981592       0.16186050238776384        1.1200321918938658        1.0112157602431597E-008
  0.25000000000000000        278.64813301205157       0.16186399364450496        1.1200455098871203        1.0113925338563799E-008
  0.29999999999999999        278.50558950582138       0.16186421299906906        1.1200463466392756        1.0114036413913683E-008
  0.34999999999999998        278.26444465606272       0.16186422459968863        1.1200463908910741        1.0114042288190393E-008
  0.40000000000000002        278.00192434829046       0.16186422513414897        1.1200463929298297        1.0114042558828413E-008
  0.50000000000000000        277.54821932390206       0.16186422514914167        1.1200463929870210        1.0114042566420364E-008
  0.59999999999999998        277.26022072534636       0.16186422514924831        1.1200463929874278        1.0114042566474372E-008
  0.69999999999999996        277.08814311449510       0.16186422514924836        1.1200463929874278        1.0114042566474397E-008
  0.80000000000000004        276.98353181028227       0.16186422514922810        1.1200463929873505        1.0114042566464135E-008
   1.0000000000000000        276.89565866773279       0.16186422514922810        1.1200463929873505        1.0114042566464135E-008
   2.5000000000000001E-002   274.20180435377080       0.15108998345833738        1.0769819322251020        5.7875133352710821E-009
   5.0000000000000003E-002   275.35681776021033       0.15771466739244352        1.1039339765798462        8.1944814676830809E-009
  0.10000000000000001        277.06672550074603       0.16133852342655783        1.1180365646844479        9.8508904451214681E-009
  0.14999999999999999        278.06564628989457       0.16181416945389965        1.1198554096511348        1.0088723375287967E-008
  0.20000000000000001        278.52483967441555       0.16186042512679633        1.1200318971642880        1.0112118485769911E-008
  0.25000000000000000        278.61688231104370       0.16186398761580609        1.1200454868899621        1.0113922285805232E-008
  0.29999999999999999        278.49086457061503       0.16186421261505787        1.1200463451744240        1.0114036219459631E-008
  0.34999999999999998        278.26095209379559       0.16186422457916672        1.1200463908127909        1.0114042277798589E-008
  0.40000000000000002        278.00506042595163       0.16186422513349460        1.1200463929273334        1.0114042558497064E-008
  0.50000000000000000        277.55411589594394       0.16186422514913501        1.1200463929869955        1.0114042566416987E-008
  0.59999999999999998        277.26441282175631       0.16186422514924828        1.1200463929874276        1.0114042566474346E-008
  0.69999999999999996        277.09059951731950       0.16186422514924834        1.1200463929874280        1.0114042566474384E-008
  0.80000000000000004        276.98500405934351       0.16186422514922810        1.1200463929873505        1.0114042566464135E-008
   1.0000000000000000        276.89645681865125       0.16186422514922810        1.1200463929873505        1.0114042566464135E-008
   2.5000000000000001E-002   274.17448738006965       0.15112012284029211        1.0771081312378539        5.7968759648578528E-009
   5.0000000000000003E-002   275.26243722034923       0.15769730647460206        1.1038653540117389        8.1871742557392579E-009
  0.10000000000000001        276.96761957184890       0.16133295353634416        1.1180152221391555        9.8481347559897528E-009
  0.14999999999999999        277.98792018244501       0.16181338531748041        1.1198524171983413        1.0088327185526712E-008
  0.20000000000000001        278.47146818112145       0.16186034671671859        1.1200315980509692        1.0112078787457743E-008
  0.25000000000000000        278.58490847804580       0.16186398146668760        1.1200454634334482        1.0113919172070489E-008
  0.29999999999999999        278.47538473476556       0.16186421222132039        1.1200463436724704        1.0114036020080433E-008
  0.34999999999999998        278.25679882522275       0.16186422455800983        1.1200463907320857        1.0114042267085242E-008
  0.40000000000000002        278.00769115536019       0.16186422513281665        1.1200463929247475        1.0114042558153766E-008
  0.50000000000000000        277.55984708529564       0.16186422514912796        1.1200463929869686        1.0114042566413426E-008
  0.59999999999999998        277.26860093906259       0.16186422514924831        1.1200463929874278        1.0114042566474372E-008
  0.69999999999999996        277.09308221791275       0.16186422514924836        1.1200463929874278        1.0114042566474397E-008
  0.80000000000000004        276.98649199817919       0.16186422514922810        1.1200463929873505        1.0114042566464135E-008
   1.0000000000000000        276.89726111613146       0.16186422514922810        1.1200463929873505        1.0114042566464135E-008
   2.5000000000000001E-002   274.22753863453403       0.15114202979338739        1.0771998384784467        5.8036895667108811E-009
   5.0000000000000003E-002   275.20005642199607       0.15768016158836740        1.1037975752745370        8.1799635779418735E-009
  0.10000000000000001        276.87407259557449       0.16132737344075471        1.1179938394755178        9.8453746954095431E-009
  0.14999999999999999        277.91092610713378       0.16181259381072938        1.1198493965983916        1.0087927285691546E-008
  0.20000000000000001        278.41773206139408       0.16186026714810495        1.1200312945179447        1.0112038502729010E-008
  0.25000000000000000        278.55224823393849       0.16186397519547113        1.1200454395111767        1.0113915996509753E-008
  0.29999999999999999        278.45916886875483       0.16186421181767000        1.1200463421327029        1.0114035815681573E-008
  0.34999999999999998        278.25199389608565       0.16186422453620272        1.1200463906489002        1.0114042256042637E-008
  0.40000000000000002        278.00981814932976       0.16186422513211407        1.1200463929220674        1.0114042557797994E-008
  0.50000000000000000        277.56540663918025       0.16186422514912052        1.1200463929869402        1.0114042566409662E-008
  0.59999999999999998        277.27278037023802       0.16186422514924828        1.1200463929874276        1.0114042566474346E-008
  0.69999999999999996        277.09558970330096       0.16186422514924834        1.1200463929874280        1.0114042566474384E-008
  0.80000000000000004        276.98799574370247       0.16186422514922810        1.1200463929873505        1.0114042566464135E-008
   1.0000000000000000        276.89807164665302       0.16186422514922810        1.1200463929873505        1.0114042566464135E-008
