   2.5000000000000001E-002   276.84637500000002        7.4458407427023199E-002  0.58839741407309476        1.8704886548428007E-011
   5.0000000000000003E-002   276.84637500000002        7.4458407427023199E-002  0.58839741407309476        1.8704886548428007E-011
  0.10000000000000001        276.84637500000002        7.4458407427023199E-002  0.58839741407309476        1.8704886548428007E-011
  0.14999999999999999        276.84637500000002        7.4458407427023199E-002  0.58839741407309476        1.8704886548428007E-011
  0.20000000000000001        276.84637500000002        7.4458407427023199E-002  0.58839741407309476        1.8704886548428007E-011
  0.25000000000000000        276.84637500000002        7.4458407427023199E-002  0.58839741407309476        1.8704886548428007E-011
  0.29999999999999999        276.84637500000002        7.4458407427023199E-002  0.58839741407309476        1.8704886548428007E-011
  0.34999999999999998        276.84637500000002        7.4458407427023199E-002  0.58839741407309476        1.8704886548428007E-011
  0.40000000000000002        276.84637500000002        7.4458407427023199E-002  0.58839741407309476        1.8704886548428007E-011
  0.50000000000000000        276.84637500000002        7.4458407427023199E-002  0.58839741407309476        1.8704886548428007E-011
  0.59999999999999998        276.84637500000002        7.4458407427023199E-002  0.58839741407309476        1.8704886548428007E-011
  0.69999999999999996        276.84637500000002        7.4458407427023199E-002  0.58839741407309476        1.8704886548428007E-011
  0.80000000000000004        276.84637500000002        7.4458407427023199E-002  0.58839741407309476        1.8704886548428007E-011
   1.0000000000000000        276.84637500000002        7.4458407427023199E-002  0.58839741407309476        1.8704886548428007E-011
   2.5000000000000001E-002   276.92871993120508        7.4452283066878483E-002  0.58833708061239443        1.8692422055692014E-011
   5.0000000000000003E-002   276.85243439723467        7.4458407424083758E-002  0.58839741404413870        1.8704886542443824E-011
  0.10000000000000001        276.84650769129877        7.4458407427022158E-002  0.58839741407308455        1.8704886548425881E-011
  0.14999999999999999        276.84637726595651        7.4458407427021950E-002  0.58839741407308255        1.8704886548425474E-011
  0.20000000000000001        276.84637502998993        7.4458407427021950E-002  0.58839741407308255        1.8704886548425474E-011
  0.25000000000000000        276.84637500027480        7.4458407427021950E-002  0.58839741407308255        1.8704886548425474E-011
  0.29999999999999999        276.84637499999798        7.4458407427021950E-002  0.58839741407308255        1.8704886548425474E-011
  0.34999999999999998        276.84637499999616        7.4458407427021950E-002  0.58839741407308255        1.8704886548425474E-011
  0.40000000000000002        276.84637500000025        7.4458407427023199E-002  0.58839741407309476        1.8704886548428007E-011
  0.50000000000000000        276.84637499999292        7.4458407427023199E-002  0.58839741407309476        1.8704886548428007E-011
  0.59999999999999998        276.84637499999491        7.4458407427024448E-002  0.58839741407310719        1.8704886548430563E-011
  0.69999999999999996        276.84637499999491        7.4458407427024448E-002  0.58839741407310719        1.8704886548430563E-011
  0.80000000000000004        276.84637500000002        7.4458407427021950E-002  0.58839741407308255        1.8704886548425474E-011
   1.0000000000000000        276.84637499999491        7.4458407427023199E-002  0.58839741407309476        1.8704886548428007E-011
   2.5000000000000001E-002   277.21160883181886        7.4428683165068357E-002  0.58810453681507469        1.8644458844833213E-011
   5.0000000000000003E-002   276.90059064942244        7.4458407266252954E-002  0.58839741248935740        1.8704886221127680E-011
  0.10000000000000001        276.84898005282474        7.4458407427021311E-002  0.58839741407307622        1.8704886548424159E-011
  0.14999999999999999        276.84647677783772        7.4458407427020701E-002  0.58839741407307022        1.8704886548422918E-011
  0.20000000000000001        276.84637835397120        7.4458407427020701E-002  0.58839741407307022        1.8704886548422918E-011
  0.25000000000000000        276.84637509557507        7.4458407427020701E-002  0.58839741407307022        1.8704886548422918E-011
  0.29999999999999999        276.84637500239256        7.4458407427020701E-002  0.58839741407307022        1.8704886548422918E-011
  0.34999999999999998        276.84637500004601        7.4458407427020701E-002  0.58839741407307022        1.8704886548422918E-011
  0.40000000000000002        276.84637500000588        7.4458407427023199E-002  0.58839741407309476        1.8704886548428007E-011
  0.50000000000000000        276.84637499998780        7.4458407427023199E-002  0.58839741407309476        1.8704886548428007E-011
  0.59999999999999998        276.84637499998979        7.4458407427025697E-002  0.58839741407311941        1.8704886548433093E-011
  0.69999999999999996        276.84637499998979        7.4458407427025697E-002  0.58839741407311941        1.8704886548433093E-011
  0.80000000000000004        276.84637500000002        7.4458407427020701E-002  0.58839741407307022        1.8704886548422918E-011
   1.0000000000000000        276.84637499999093        7.4458407427023199E-002  0.58839741407309476        1.8704886548428007E-011
   2.5000000000000001E-002   277.65108522266587        7.4400960839845140E-002  0.58783126690317766        1.8588255260361135E-011
   5.0000000000000003E-002   277.01657780237110        7.4458406870939076E-002  0.58839740859514533        1.8704885416337234E-011
  0.10000000000000001        276.85873647233262        7.4458407427019757E-002  0.58839741407306090        1.8704886548420995E-011
  0.14999999999999999        276.84710670855884        7.4458407427019452E-002  0.58839741407305812        1.8704886548420388E-011
  0.20000000000000001        276.84641160220349        7.4458407427019452E-002  0.58839741407305812        1.8704886548420388E-011
  0.25000000000000000        276.84637658746908        7.4458407427019452E-002  0.58839741407305812        1.8704886548420388E-011
  0.29999999999999999        276.84637506083004        7.4458407427019452E-002  0.58839741407305812        1.8704886548420388E-011
  0.34999999999999998        276.84637500208061        7.4458407427019452E-002  0.58839741407305812        1.8704886548420388E-011
  0.40000000000000002        276.84637500005147        7.4458407427023199E-002  0.58839741407309476        1.8704886548428007E-011
  0.50000000000000000        276.84637499998320        7.4458407427023199E-002  0.58839741407309476        1.8704886548428007E-011
  0.59999999999999998        276.84637499998468        7.4458407427026946E-002  0.58839741407313184        1.8704886548435649E-011
  0.69999999999999996        276.84637499998468        7.4458407427026946E-002  0.58839741407313184        1.8704886548435649E-011
  0.80000000000000004        276.84637500000002        7.4458407427019452E-002  0.58839741407305812        1.8704886548420388E-011
   1.0000000000000000        276.84637499999093        7.4458407427023199E-002  0.58839741407309476        1.8704886548428007E-011
   2.5000000000000001E-002   278.21734965852011        7.4374872292279057E-002  0.58757399767728613        1.8535499662191472E-011
   5.0000000000000003E-002   277.20983282721721        7.4458406231953378E-002  0.58839740230053783        1.8704884115473321E-011
  0.10000000000000001        276.88136315130339        7.4458407427016371E-002  0.58839741407302770        1.8704886548414113E-011
  0.14999999999999999        276.84912898880475        7.4458407427018203E-002  0.58839741407304569        1.8704886548417832E-011
  0.20000000000000001        276.84655841902213        7.4458407427018203E-002  0.58839741407304569        1.8704886548417832E-011
  0.25000000000000000        276.84638559620612        7.4458407427018203E-002  0.58839741407304569        1.8704886548417832E-011
  0.29999999999999999        276.84637554099129        7.4458407427018203E-002  0.58839741407304569        1.8704886548417832E-011
  0.34999999999999998        276.84637502474538        7.4458407427018203E-002  0.58839741407304569        1.8704886548417832E-011
  0.40000000000000002        276.84637500071955        7.4458407427023199E-002  0.58839741407309476        1.8704886548428007E-011
  0.50000000000000000        276.84637499998763        7.4458407427023199E-002  0.58839741407309476        1.8704886548428007E-011
  0.59999999999999998        276.84637499997956        7.4458407427028195E-002  0.58839741407314416        1.8704886548438182E-011
  0.69999999999999996        276.84637499997956        7.4458407427028195E-002  0.58839741407314416        1.8704886548438182E-011
  0.80000000000000004        276.84637500000002        7.4458407427018203E-002  0.58839741407304569        1.8704886548417832E-011
   1.0000000000000000        276.84637499999093        7.4458407427023199E-002  0.58839741407309476        1.8704886548428007E-011
   2.5000000000000001E-002   278.89104255064495        7.4352349155770131E-002  0.58735180709576951        1.8490059565276898E-011
   5.0000000000000003E-002   277.48208289475764        7.4458405374384959E-002  0.58839739385268541        1.8704882369613044E-011
  0.10000000000000001        276.92195636545478        7.4458407427010598E-002  0.58839741407297064        1.8704886548402345E-011
  0.14999999999999999        276.85375646305113        7.4458407427016954E-002  0.58839741407303348        1.8704886548415299E-011
  0.20000000000000001        276.84698627082514        7.4458407427016954E-002  0.58839741407303348        1.8704886548415299E-011
  0.25000000000000000        276.84641894873431        7.4458407427016954E-002  0.58839741407303348        1.8704886548415299E-011
  0.29999999999999999        276.84637779339664        7.4458407427016954E-002  0.58839741407303348        1.8704886548415299E-011
  0.34999999999999998        276.84637515908230        7.4458407427016954E-002  0.58839741407303348        1.8704886548415299E-011
  0.40000000000000002        276.84637500574792        7.4458407427023199E-002  0.58839741407309476        1.8704886548428007E-011
  0.50000000000000000        276.84637500004908        7.4458407427023199E-002  0.58839741407309476        1.8704886548428007E-011
  0.59999999999999998        276.84637499997478        7.4458407427029444E-002  0.58839741407315649        1.8704886548440738E-011
  0.69999999999999996        276.84637499997444        7.4458407427029444E-002  0.58839741407315649        1.8704886548440738E-011
  0.80000000000000004        276.84637500000002        7.4458407427016954E-002  0.58839741407303348        1.8704886548415299E-011
   1.0000000000000000        276.84637499999093        7.4458407427023199E-002  0.58839741407309476        1.8704886548428007E-011
   2.5000000000000001E-002   279.64987606157808        7.4334485596058680E-002  0.58717552963799191        1.8454089563805133E-011
   5.0000000000000003E-002   277.83046252107954        7.4458404335503853E-002  0.58839738361873317        1.8704880254631874E-011
  0.10000000000000001        276.98471737522596        7.4458407427001508E-002  0.58839741407288115        1.8704886548383847E-011
  0.14999999999999999        276.86242781380383        7.4458407427015705E-002  0.58839741407302093        1.8704886548412743E-011
  0.20000000000000001        276.84795868499594        7.4458407427015705E-002  0.58839741407302093        1.8704886548412743E-011
  0.25000000000000000        276.84651083770802        7.4458407427015705E-002  0.58839741407302093        1.8704886548412743E-011
  0.29999999999999999        276.84638530727904        7.4458407427015705E-002  0.58839741407302093        1.8704886548412743E-011
  0.34999999999999998        276.84637570077126        7.4458407427015705E-002  0.58839741407302093        1.8704886548412743E-011
  0.40000000000000002        276.84637503048117        7.4458407427023199E-002  0.58839741407309476        1.8704886548428007E-011
  0.50000000000000000        276.84637500043721        7.4458407427023199E-002  0.58839741407309476        1.8704886548428007E-011
  0.59999999999999998        276.84637499997706        7.4458407427030693E-002  0.58839741407316870        1.8704886548443265E-011
  0.69999999999999996        276.84637499996933        7.4458407427030693E-002  0.58839741407316870        1.8704886548443265E-011
  0.80000000000000004        276.84637500000002        7.4458407427015705E-002  0.58839741407302093        1.8704886548412743E-011
   1.0000000000000000        276.84637499999093        7.4458407427023199E-002  0.58839741407309476        1.8704886548428007E-011
   2.5000000000000001E-002   280.46817841099300        7.4321936559882978E-002  0.58705166750306836        1.8428857563753942E-011
   5.0000000000000003E-002   278.24798015146598        7.4458403160672496E-002  0.58839737204554343        1.8704877862879872E-011
  0.10000000000000001        277.07273136850637        7.4458407426988726E-002  0.58839741407275525        1.8704886548357829E-011
  0.14999999999999999        276.87667996761400        7.4458407427014456E-002  0.58839741407300872        1.8704886548410216E-011
  0.20000000000000001        276.84983394879623        7.4458407427014456E-002  0.58839741407300872        1.8704886548410216E-011
  0.25000000000000000        276.84671881773858        7.4458407427014456E-002  0.58839741407300872        1.8704886548410216E-011
  0.29999999999999999        276.84640526221506        7.4458407427014456E-002  0.58839741407300872        1.8704886548410216E-011
  0.34999999999999998        276.84637738706209        7.4458407427014456E-002  0.58839741407300872        1.8704886548410216E-011
  0.40000000000000002        276.84637512156388        7.4458407427023199E-002  0.58839741407309476        1.8704886548428007E-011
  0.50000000000000000        276.84637500214330        7.4458407427023199E-002  0.58839741407309476        1.8704886548428007E-011
  0.59999999999999998        276.84637500000304        7.4458407427031942E-002  0.58839741407318114        1.8704886548445820E-011
  0.69999999999999996        276.84637499996489        7.4458407427031942E-002  0.58839741407318114        1.8704886548445820E-011
  0.80000000000000004        276.84637500000002        7.4458407427014456E-002  0.58839741407300872        1.8704886548410216E-011
   1.0000000000000000        276.84637499999093        7.4458407427023199E-002  0.58839741407309476        1.8704886548428007E-011
   2.5000000000000001E-002   281.32192318718910        7.4314682386187492E-002  0.58698005631393702        1.8414285595512897E-011
   5.0000000000000003E-002   278.72466085628821        7.4458401897995075E-002  0.58839735960698725        1.8704875292288884E-011
  0.10000000000000001        277.18784439814084        7.4458407426971809E-002  0.58839741407258872        1.8704886548323388E-011
  0.14999999999999999        276.89802738066447        7.4458407427013207E-002  0.58839741407299639        1.8704886548407660E-011
  0.20000000000000001        276.85305296853227        7.4458407427013207E-002  0.58839741407299639        1.8704886548407660E-011
  0.25000000000000000        276.84712816557493        7.4458407427013207E-002  0.58839741407299639        1.8704886548407660E-011
  0.29999999999999999        276.84645030071005        7.4458407427013207E-002  0.58839741407299639        1.8704886548407660E-011
  0.34999999999999998        276.84638174892075        7.4458407427013207E-002  0.58839741407299639        1.8704886548407660E-011
  0.40000000000000002        276.84637539414632        7.4458407427023199E-002  0.58839741407309476        1.8704886548428007E-011
  0.50000000000000000        276.84637500807946        7.4458407427023199E-002  0.58839741407309476        1.8704886548428007E-011
  0.59999999999999998        276.84637500011746        7.4458407427033191E-002  0.58839741407319324        1.8704886548448350E-011
  0.69999999999999996        276.84637499996506        7.4458407427033191E-002  0.58839741407319324        1.8704886548448350E-011
  0.80000000000000004        276.84637500000002        7.4458407427013207E-002  0.58839741407299639        1.8704886548407660E-011
   1.0000000000000000        276.84637499999093        7.4458407427023199E-002  0.58839741407309476        1.8704886548428007E-011
   2.5000000000000001E-002   282.20648895077647        7.4311034768809001E-002  0.58694404509207876        1.8406962187324800E-011
   5.0000000000000003E-002   279.25106268361037        7.4458400586641674E-002  0.58839734668892696        1.8704872622602431E-011
  0.10000000000000001        277.33075753686353        7.4458407426950521E-002  0.58839741407237911        1.8704886548280064E-011
  0.14999999999999999        276.92785991638237        7.4458407427011958E-002  0.58839741407298418        1.8704886548405130E-011
  0.20000000000000001        276.85811925937719        7.4458407427011958E-002  0.58839741407298418        1.8704886548405130E-011
  0.25000000000000000        276.84785405479647        7.4458407427011958E-002  0.58839741407298418        1.8704886548405130E-011
  0.29999999999999999        276.84654030895496        7.4458407427011958E-002  0.58839741407298418        1.8704886548405130E-011
  0.34999999999999998        276.84639156900050        7.4458407427011958E-002  0.58839741407298418        1.8704886548405130E-011
  0.40000000000000002        276.84637609217828        7.4458407427023199E-002  0.58839741407309476        1.8704886548428007E-011
  0.50000000000000000        276.84637502542569        7.4458407427023199E-002  0.58839741407309476        1.8704886548428007E-011
  0.59999999999999998        276.84637500050269        7.4458407427034440E-002  0.58839741407320556        1.8704886548450884E-011
  0.69999999999999996        276.84637499996995        7.4458407427034440E-002  0.58839741407320556        1.8704886548450884E-011
  0.80000000000000004        276.84637500000002        7.4458407427011958E-002  0.58839741407298418        1.8704886548405130E-011
   1.0000000000000000        276.84637499999093        7.4458407427023199E-002  0.58839741407309476        1.8704886548428007E-011
   2.5000000000000001E-002   283.08850285591586        7.4312193914315414E-002  0.58695548900840888        1.8409289154528106E-011
   5.0000000000000003E-002   279.81628001350839        7.4458399265881201E-002  0.58839733367819780        1.8704869933765142E-011
  0.10000000000000001        277.50126876641076        7.4458407426924791E-002  0.58839741407212565        1.8704886548227677E-011
  0.14999999999999999        276.96737863204891        7.4458407427010709E-002  0.58839741407297186        1.8704886548402574E-011
  0.20000000000000001        276.86557507329536        7.4458407427010709E-002  0.58839741407297186        1.8704886548402574E-011
  0.25000000000000000        276.84904139931785        7.4458407427010709E-002  0.58839741407297186        1.8704886548402574E-011
  0.29999999999999999        276.84670399943133        7.4458407427010709E-002  0.58839741407297186        1.8704886548402574E-011
  0.34999999999999998        276.84641141844804        7.4458407427010709E-002  0.58839741407297186        1.8704886548402574E-011
  0.40000000000000002        276.84637767563805        7.4458407427023199E-002  0.58839741407309476        1.8704886548428007E-011
  0.50000000000000000        276.84637506974809        7.4458407427023199E-002  0.58839741407309476        1.8704886548428007E-011
  0.59999999999999998        276.84637500161449        7.4458407427035689E-002  0.58839741407321799        1.8704886548453440E-011
  0.69999999999999996        276.84637499999320        7.4458407427035689E-002  0.58839741407321799        1.8704886548453440E-011
  0.80000000000000004        276.84637500000002        7.4458407427010709E-002  0.58839741407297186        1.8704886548402574E-011
   1.0000000000000000        276.84637499999093        7.4458407427023199E-002  0.58839741407309476        1.8704886548428007E-011
   2.5000000000000001E-002   283.95631991793948        7.4316930078591387E-002  0.58700224574578341        1.8418799612784268E-011
   5.0000000000000003E-002   280.40826869374979        7.4458397972903975E-002  0.58839732094115960        1.8704867301490042E-011
  0.10000000000000001        277.69819699051749        7.4458407426894677E-002  0.58839741407182877        1.8704886548166359E-011
  0.14999999999999999        277.01754492309817        7.4458407427009460E-002  0.58839741407295965        1.8704886548400041E-011
  0.20000000000000001        276.87597683736260        7.4458407427009460E-002  0.58839741407295965        1.8704886548400041E-011
  0.25000000000000000        276.85086259699005        7.4458407427009460E-002  0.58839741407295965        1.8704886548400041E-011
  0.29999999999999999        276.84698013065838        7.4458407427009460E-002  0.58839741407295965        1.8704886548400041E-011
  0.34999999999999998        276.84644823353449        7.4458407427009460E-002  0.58839741407295965        1.8704886548400041E-011
  0.40000000000000002        276.84638093599295        7.4458407427023199E-002  0.58839741407309476        1.8704886548428007E-011
  0.50000000000000000        276.84637517145029        7.4458407427023199E-002  0.58839741407309476        1.8704886548428007E-011
  0.59999999999999998        276.84637500444984        7.4458407427036938E-002  0.58839741407323021        1.8704886548455970E-011
  0.69999999999999996        276.84637500006437        7.4458407427036938E-002  0.58839741407323021        1.8704886548455970E-011
  0.80000000000000004        276.84637500000002        7.4458407427009460E-002  0.58839741407295965        1.8704886548400041E-011
   1.0000000000000000        276.84637499999093        7.4458407427023199E-002  0.58839741407309476        1.8704886548428007E-011
   2.5000000000000001E-002   284.80080699327158        7.4324375842272208E-002  0.58707574566450282        1.8433759792119758E-011
   5.0000000000000003E-002   281.01657205571007        7.4458396735596538E-002  0.58839730875252050        1.8704864782549156E-011
  0.10000000000000001        277.91961728694753        7.4458407426860287E-002  0.58839741407149015        1.8704886548096359E-011
  0.14999999999999999        277.07904428199305        7.4458407427008211E-002  0.58839741407294732        1.8704886548397485E-011
  0.20000000000000001        276.88987060366304        7.4458407427008211E-002  0.58839741407294732        1.8704886548397485E-011
  0.25000000000000000        276.85351349220423        7.4458407427008211E-002  0.58839741407294732        1.8704886548397485E-011
  0.29999999999999999        276.84741825395037        7.4458407427008211E-002  0.58839741407294732        1.8704886548397485E-011
  0.34999999999999998        276.84651188774200        7.4458407427008211E-002  0.58839741407294732        1.8704886548397485E-011
  0.40000000000000002        276.84638713830714        7.4458407427023199E-002  0.58839741407309476        1.8704886548428007E-011
  0.50000000000000000        276.84637538517222        7.4458407427023199E-002  0.58839741407309476        1.8704886548428007E-011
  0.59999999999999998        276.84637501100951        7.4458407427038187E-002  0.58839741407324253        1.8704886548458525E-011
  0.69999999999999996        276.84637500024076        7.4458407427038187E-002  0.58839741407324253        1.8704886548458525E-011
  0.80000000000000004        276.84637500000269        7.4458407427008211E-002  0.58839741407294732        1.8704886548397485E-011
   1.0000000000000000        276.84637499999093        7.4458407427023199E-002  0.58839741407309476        1.8704886548428007E-011
   2.5000000000000001E-002   285.61040357010006        7.4324063529455073E-002  0.58707266287341153        1.8433132072921751E-011
   5.0000000000000003E-002   281.63177079613257        7.4458395543328712E-002  0.58839729700756416        1.8704862355301315E-011
  0.10000000000000001        278.16310247587546        7.4458407426821777E-002  0.58839741407111079        1.8704886548017958E-011
  0.14999999999999999        277.15227917149059        7.4458407427006962E-002  0.58839741407293489        1.8704886548394955E-011
  0.20000000000000001        276.90776974078335        7.4458407427006962E-002  0.58839741407293489        1.8704886548394955E-011
  0.25000000000000000        276.85720794453584        7.4458407427006962E-002  0.58839741407293489        1.8704886548394955E-011
  0.29999999999999999        276.84807892503756        7.4458407427006962E-002  0.58839741407293489        1.8704886548394955E-011
  0.34999999999999998        276.84661571507701        7.4458407427006962E-002  0.58839741407293489        1.8704886548394955E-011
  0.40000000000000002        276.84639818566092        7.4458407427023199E-002  0.58839741407309476        1.8704886548428007E-011
  0.50000000000000000        276.84637580260141        7.4458407427023199E-002  0.58839741407309476        1.8704886548428007E-011
  0.59999999999999998        276.84637502503114        7.4458407427039436E-002  0.58839741407325474        1.8704886548461059E-011
  0.69999999999999996        276.84637500066054        7.4458407427039436E-002  0.58839741407325474        1.8704886548461059E-011
  0.80000000000000004        276.84637500000974        7.4458407427006962E-002  0.58839741407293489        1.8704886548394955E-011
   1.0000000000000000        276.84637499999093        7.4458407427023199E-002  0.58839741407309476        1.8704886548428007E-011
   2.5000000000000001E-002   286.37691187563121        7.4308177143776744E-002  0.58691583171365136        1.8401226649281543E-011
   5.0000000000000003E-002   282.24473343828055        7.4458394274523360E-002  0.58839728450864048        1.8704859772236818E-011
  0.10000000000000001        278.42583256262867        7.4458407426779200E-002  0.58839741407069113        1.8704886547931256E-011
  0.14999999999999999        277.23737719006130        7.4458407427005713E-002  0.58839741407292245        1.8704886548392399E-011
  0.20000000000000001        276.93013644173277        7.4458407427005713E-002  0.58839741407292245        1.8704886548392399E-011
  0.25000000000000000        276.86217151134821        7.4458407427005713E-002  0.58839741407292245        1.8704886548392399E-011
  0.29999999999999999        276.84903336871702        7.4458407427005713E-002  0.58839741407292245        1.8704886548392399E-011
  0.34999999999999998        276.84677694473510        7.4458407427005713E-002  0.58839741407292245        1.8704886548392399E-011
  0.40000000000000002        276.84641679924397        7.4458407427023199E-002  0.58839741407309476        1.8704886548428007E-011
  0.50000000000000000        276.84637656900242        7.4458407427023199E-002  0.58839741407309476        1.8704886548428007E-011
  0.59999999999999998        276.84637505302771        7.4458407427040685E-002  0.58839741407326707        1.8704886548463615E-011
  0.69999999999999996        276.84637500157640        7.4458407427040685E-002  0.58839741407326707        1.8704886548463615E-011
  0.80000000000000004        276.84637500002816        7.4458407427005713E-002  0.58839741407292245        1.8704886548392399E-011
   1.0000000000000000        276.84637499999093        7.4458407427023199E-002  0.58839741407309476        1.8704886548428007E-011
   2.5000000000000001E-002   287.09725220770821        7.4278707093575702E-002  0.58662480258790906        1.8342168647465710E-011
   5.0000000000000003E-002   282.84803259469982        7.4458392798614007E-002  0.58839726996954800        1.8704856767545397E-011
  0.10000000000000001        278.70474156473421        7.4458407426732029E-002  0.58839741407022661        1.8704886547835242E-011
  0.14999999999999999        277.33420641449192        7.4458407427004464E-002  0.58839741407291024        1.8704886548389866E-011
  0.20000000000000001        276.95736713920621        7.4458407427004464E-002  0.58839741407291024        1.8704886548389866E-011
  0.25000000000000000        276.86863472431946        7.4458407427004464E-002  0.58839741407291024        1.8704886548389866E-011
  0.29999999999999999        276.85036263040973        7.4458407427004464E-002  0.58839741407291024        1.8704886548389866E-011
  0.34999999999999998        276.84701701527246        7.4458407427004464E-002  0.58839741407291024        1.8704886548389866E-011
  0.40000000000000002        276.84644670580519        7.4458407427023199E-002  0.58839741407309476        1.8704886548428007E-011
  0.50000000000000000        276.84637790358960        7.4458407427023199E-002  0.58839741407309476        1.8704886548428007E-011
  0.59999999999999998        276.84637510575794        7.4458407427041934E-002  0.58839741407327950        1.8704886548466145E-011
  0.69999999999999996        276.84637500344695        7.4458407427041934E-002  0.58839741407327950        1.8704886548466145E-011
  0.80000000000000004        276.84637500006994        7.4458407427004464E-002  0.58839741407291024        1.8704886548389866E-011
   1.0000000000000000        276.84637499999093        7.4458407427023199E-002  0.58839741407309476        1.8704886548428007E-011
   2.5000000000000001E-002   287.76869582413201        7.4237582447960554E-002  0.58621846342189943        1.8260032562816593E-011
   5.0000000000000003E-002   283.43574845035488        7.4458391002666338E-002  0.58839725227777762        1.8704853111312904E-011
  0.10000000000000001        278.99669798566111        7.4458407426679321E-002  0.58839741406970747        1.8704886547727941E-011
  0.14999999999999999        277.44240352203991        7.4458407427003215E-002  0.58839741407289814        1.8704886548387336E-011
  0.20000000000000001        276.98978205260460        7.4458407427003215E-002  0.58839741407289814        1.8704886548387336E-011
  0.25000000000000000        276.87682635968690        7.4458407427003215E-002  0.58839741407289814        1.8704886548387336E-011
  0.29999999999999999        276.85215628006097        7.4458407427003215E-002  0.58839741407289814        1.8704886548387336E-011
  0.34999999999999998        276.84736174626084        7.4458407427003215E-002  0.58839741407289814        1.8704886548387336E-011
  0.40000000000000002        276.84649282318452        7.4458407427023199E-002  0.58839741407309476        1.8704886548428007E-011
  0.50000000000000000        276.84638012361501        7.4458407427023199E-002  0.58839741407309476        1.8704886548428007E-011
  0.59999999999999998        276.84637520018379        7.4458407427043183E-002  0.58839741407329194        1.8704886548468700E-011
  0.69999999999999996        276.84637500705111        7.4458407427043183E-002  0.58839741407329194        1.8704886548468700E-011
  0.80000000000000004        276.84637500015299        7.4458407427003215E-002  0.58839741407289814        1.8704886548387336E-011
   1.0000000000000000        276.84637499999093        7.4458407427023199E-002  0.58839741407309476        1.8704886548428007E-011
   2.5000000000000001E-002   288.38901376645168        7.4186649359318943E-002  0.58571486099143955        1.8158753657067568E-011
   5.0000000000000003E-002   284.00306294817159        7.4458388790650462E-002  0.58839723048734371        1.8704848608039864E-011
  0.10000000000000001        279.29861536494775        7.4458407426619938E-002  0.58839741406912249        1.8704886547607050E-011
  0.14999999999999999        277.56140920408279        7.4458407427001966E-002  0.58839741407288582        1.8704886548384780E-011
  0.20000000000000001        277.02761910339785        7.4458407427001966E-002  0.58839741407288582        1.8704886548384780E-011
  0.25000000000000000        276.88696706618714        7.4458407427001966E-002  0.58839741407288582        1.8704886548384780E-011
  0.29999999999999999        276.85451075538379        7.4458407427001966E-002  0.58839741407288582        1.8704886548384780E-011
  0.34999999999999998        276.84784135587739        7.4458407427001966E-002  0.58839741407288582        1.8704886548384780E-011
  0.40000000000000002        276.84656143450667        7.4458407427023199E-002  0.58839741407309476        1.8704886548428007E-011
  0.50000000000000000        276.84638367182663        7.4458407427023199E-002  0.58839741407309476        1.8704886548428007E-011
  0.59999999999999998        276.84637536198176        7.4458407427044432E-002  0.58839741407330415        1.8704886548471227E-011
  0.69999999999999996        276.84637501366177        7.4458407427044432E-002  0.58839741407330415        1.8704886548471227E-011
  0.80000000000000004        276.84637500032113        7.4458407427001966E-002  0.58839741407288582        1.8704886548384780E-011
   1.0000000000000000        276.84637499999275        7.4458407427023199E-002  0.58839741407309476        1.8704886548428007E-011
   2.5000000000000001E-002   288.95646573946237        7.4127740805981848E-002  0.58513191830421407        1.8042230190554597E-011
   5.0000000000000003E-002   284.54601978772899        7.4458386082994363E-002  0.58839720381438720        1.8704843095732279E-011
  0.10000000000000001        279.60751714712973        7.4458407426552228E-002  0.58839741406845536        1.8704886547469204E-011
  0.14999999999999999        277.69050443668920        7.4458407427000717E-002  0.58839741407287338        1.8704886548382254E-011
  0.20000000000000001        277.07103176286819        7.4458407427000717E-002  0.58839741407287338        1.8704886548382254E-011
  0.25000000000000000        276.89926364375856        7.4458407427000717E-002  0.58839741407287338        1.8704886548382254E-011
  0.29999999999999999        276.85752744542958        7.4458407427000717E-002  0.58839741407287338        1.8704886548382254E-011
  0.34999999999999998        276.84849032296182        7.4458407427000717E-002  0.58839741407287338        1.8704886548382254E-011
  0.40000000000000002        276.84666034209573        7.4458407427023199E-002  0.58839741407309476        1.8704886548428007E-011
  0.50000000000000000        276.84638914674667        7.4458407427023199E-002  0.58839741407309476        1.8704886548428007E-011
  0.59999999999999998        276.84637562865868        7.4458407427045681E-002  0.58839741407331625        1.8704886548473783E-011
  0.69999999999999996        276.84637502528403        7.4458407427045681E-002  0.58839741407331625        1.8704886548473783E-011
  0.80000000000000004        276.84637500063741        7.4458407427000717E-002  0.58839741407287338        1.8704886548382254E-011
   1.0000000000000000        276.84637499999627        7.4458407427023199E-002  0.58839741407309476        1.8704886548428007E-011
   2.5000000000000001E-002   289.46952802004358        7.4062741970615825E-002  0.58448810625167624        1.7914420986484171E-011
   5.0000000000000003E-002   285.06133101860610        7.4458382816786919E-002  0.58839717163917382        1.8704836446315107E-011
  0.10000000000000001        279.92057352991003        7.4458407426474457E-002  0.58839741406768920        1.8704886547310858E-011
  0.14999999999999999        277.82884453823914        7.4458407426999468E-002  0.58839741407286095        1.8704886548379698E-011
  0.20000000000000001        277.12009008232519        7.4458407426999468E-002  0.58839741407286095        1.8704886548379698E-011
  0.25000000000000000        276.91390416222237        7.4458407426999468E-002  0.58839741407286095        1.8704886548379698E-011
  0.29999999999999999        276.86131061918553        7.4458407426999468E-002  0.58839741407286095        1.8704886548379698E-011
  0.34999999999999998        276.84934710125418        7.4458407426999468E-002  0.58839741407286095        1.8704886548379698E-011
  0.40000000000000002        276.84679899324232        7.4458407427023199E-002  0.58839741407309476        1.8704886548428007E-011
  0.50000000000000000        276.84639733503570        7.4458407427023199E-002  0.58839741407309476        1.8704886548428007E-011
  0.59999999999999998        276.84637605330784        7.4458407427046930E-002  0.58839741407332868        1.8704886548476316E-011
  0.69999999999999996        276.84637504495930        7.4458407427046930E-002  0.58839741407332868        1.8704886548476316E-011
  0.80000000000000004        276.84637500120812        7.4458407426999468E-002  0.58839741407286095        1.8704886548379698E-011
   1.0000000000000000        276.84637500000247        7.4458407427023199E-002  0.58839741407309476        1.8704886548428007E-011
   2.5000000000000001E-002   289.92668091563047        7.3993625113613140E-002  0.58380281165434877        1.7779385736773778E-011
   5.0000000000000003E-002   285.54619137303422        7.4458378946436754E-002  0.58839713351258460        1.8704828566973560E-011
  0.10000000000000001        280.23511677636492        7.4458407426384626E-002  0.58839741406680435        1.8704886547127992E-011
  0.14999999999999999        277.97548944063305        7.4458407426998219E-002  0.58839741407284873        1.8704886548377164E-011
  0.20000000000000001        277.17478410790767        7.4458407426998219E-002  0.58839741407284873        1.8704886548377164E-011
  0.25000000000000000        276.93105401037582        7.4458407426998219E-002  0.58839741407284873        1.8704886548377164E-011
  0.29999999999999999        276.86596529813085        7.4458407426998219E-002  0.58839741407284873        1.8704886548377164E-011
  0.34999999999999998        276.85045370089853        7.4458407426998219E-002  0.58839741407284873        1.8704886548377164E-011
  0.40000000000000002        276.84698857149766        7.4458407427023199E-002  0.58839741407309476        1.8704886548428007E-011
  0.50000000000000000        276.84640924502838        7.4458407427023199E-002  0.58839741407309476        1.8704886548428007E-011
  0.59999999999999998        276.84637670901697        7.4458407427048179E-002  0.58839741407334101        1.8704886548478872E-011
  0.69999999999999996        276.84637507716434        7.4458407427048179E-002  0.58839741407334101        1.8704886548478872E-011
  0.80000000000000004        276.84637500220060        7.4458407426998219E-002  0.58839741407284873        1.8704886548377164E-011
   1.0000000000000000        276.84637500001315        7.4458407427023199E-002  0.58839741407309476        1.8704886548428007E-011
   2.5000000000000001E-002   290.32638705784149        7.3922440141315715E-002  0.58309626297074013        1.7641243491433230E-011
   5.0000000000000003E-002   285.99813173746395        7.4458374444446002E-002  0.58839708916373867        1.8704819401728249E-011
  0.10000000000000001        280.54864070822822        7.4458407426280682E-002  0.58839741406578039        1.8704886546916376E-011
  0.14999999999999999        278.12942932760308        7.4458407426996970E-002  0.58839741407283641        1.8704886548374609E-011
  0.20000000000000001        277.23502892586578        7.4458407426996970E-002  0.58839741407283641        1.8704886548374609E-011
  0.25000000000000000        276.95085288539025        7.4458407426996970E-002  0.58839741407283641        1.8704886548374609E-011
  0.29999999999999999        276.87159515919052        7.4458407426996970E-002  0.58839741407283641        1.8704886548374609E-011
  0.34999999999999998        276.85185515761140        7.4458407426996970E-002  0.58839741407283641        1.8704886548374609E-011
  0.40000000000000002        276.84724204889488        7.4458407427023199E-002  0.58839741407309476        1.8704886548428007E-011
  0.50000000000000000        276.84642614050898        7.4458407427023199E-002  0.58839741407309476        1.8704886548428007E-011
  0.59999999999999998        276.84637769391099        7.4458407427049428E-002  0.58839741407335322        1.8704886548481402E-011
  0.69999999999999996        276.84637512830551        7.4458407427049428E-002  0.58839741407335322        1.8704886548481402E-011
  0.80000000000000004        276.84637500386896        7.4458407426996970E-002  0.58839741407283641        1.8704886548374609E-011
   1.0000000000000000        276.84637500003237        7.4458407427023199E-002  0.58839741407309476        1.8704886548428007E-011
   2.5000000000000001E-002   290.66715766256334        7.3851263878879622E-002  0.58238903972244205        1.7504059771559167E-011
   5.0000000000000003E-002   286.41492802219136        7.4458369301893729E-002  0.58839703850475544        1.8704808932419452E-011
  0.10000000000000001        280.85879158817158        7.4458407426160444E-002  0.58839741406459589        1.8704886546671583E-011
  0.14999999999999999        278.28960550600584        7.4458407426995721E-002  0.58839741407282420        1.8704886548372079E-011
  0.20000000000000001        277.30067067857277        7.4458407426995721E-002  0.58839741407282420        1.8704886548372079E-011
  0.25000000000000000        276.97341267213608        7.4458407426995721E-002  0.58839741407282420        1.8704886548372079E-011
  0.29999999999999999        276.87830053837558        7.4458407426995721E-002  0.58839741407282420        1.8704886548372079E-011
  0.34999999999999998        276.85359891302767        7.4458407426995721E-002  0.58839741407282420        1.8704886548372079E-011
  0.40000000000000002        276.84757419639300        7.4458407427023199E-002  0.58839741407309476        1.8704886548428007E-011
  0.50000000000000000        276.84644957369306        7.4458407427023199E-002  0.58839741407309476        1.8704886548428007E-011
  0.59999999999999998        276.84637913679154        7.4458407427050677E-002  0.58839741407336554        1.8704886548483958E-011
  0.69999999999999996        276.84637520732656        7.4458407427050677E-002  0.58839741407336554        1.8704886548483958E-011
  0.80000000000000004        276.84637500659255        7.4458407426995721E-002  0.58839741407282420        1.8704886548372079E-011
   1.0000000000000000        276.84637500006562        7.4458407427023199E-002  0.58839741407309476        1.8704886548428007E-011
   2.5000000000000001E-002   290.94761967352918        7.3782136586031652E-002  0.58170144570310112        1.7371721259214479E-011
   5.0000000000000003E-002   286.79455413896011        7.4458363528381991E-002  0.58839698163022280        1.8704797178597145E-011
  0.10000000000000001        281.16335628446552        7.4458407426021847E-002  0.58839741406323065        1.8704886546389437E-011
  0.14999999999999999        278.45492696922219        7.4458407426994472E-002  0.58839741407281188        1.8704886548369523E-011
  0.20000000000000001        277.37149302610163        7.4458407426994472E-002  0.58839741407281188        1.8704886548369523E-011
  0.25000000000000000        276.99881612223879        7.4458407426994472E-002  0.58839741407281188        1.8704886548369523E-011
  0.29999999999999999        276.88617658772955        7.4458407426994472E-002  0.58839741407281188        1.8704886548369523E-011
  0.34999999999999998        276.85573413089480        7.4458407426994472E-002  0.58839741407281188        1.8704886548369523E-011
  0.40000000000000002        276.84800155162532        7.4458407427023199E-002  0.58839741407309476        1.8704886548428007E-011
  0.50000000000000000        276.84648141640298        7.4458407427023199E-002  0.58839741407309476        1.8704886548428007E-011
  0.59999999999999998        276.84638120332238        7.4458407427051926E-002  0.58839741407337776        1.8704886548486491E-011
  0.69999999999999996        276.84637532643410        7.4458407427051926E-002  0.58839741407337776        1.8704886548486491E-011
  0.80000000000000004        276.84637501091885        7.4458407426994472E-002  0.58839741407281188        1.8704886548369523E-011
   1.0000000000000000        276.84637500012161        7.4458407427023199E-002  0.58839741407309476        1.8704886548428007E-011
   2.5000000000000001E-002   291.16653490908203        7.3717008589085614E-002  0.58105297267350187        1.7247842338210685E-011
   5.0000000000000003E-002   287.13515764378877        7.4458357151446927E-002  0.58839691881139533        1.8704784196321922E-011
  0.10000000000000001        281.46025091868995        7.4458407425862683E-002  0.58839741406166279        1.8704886546065411E-011
  0.14999999999999999        278.62428340202183        7.4458407426993223E-002  0.58839741407279966        1.8704886548366989E-011
  0.20000000000000001        277.44722367569977        7.4458407426993223E-002  0.58839741407279966        1.8704886548366989E-011
  0.25000000000000000        277.02711622206141        7.4458407426993223E-002  0.58839741407279966        1.8704886548366989E-011
  0.29999999999999999        276.89531162125081        7.4458407426993223E-002  0.58839741407279966        1.8704886548366989E-011
  0.34999999999999998        276.85831097316731        7.4458407426993223E-002  0.58839741407279966        1.8704886548366989E-011
  0.40000000000000002        276.84854234471163        7.4458407427023199E-002  0.58839741407309476        1.8704886548428007E-011
  0.50000000000000000        276.84652388848491        7.4458407427023199E-002  0.58839741407309476        1.8704886548428007E-011
  0.59999999999999998        276.84638410267303        7.4458407427053175E-002  0.58839741407339008        1.8704886548489047E-011
  0.69999999999999996        276.84637550195265        7.4458407427053175E-002  0.58839741407339008        1.8704886548489047E-011
  0.80000000000000004        276.84637501762353        7.4458407426993223E-002  0.58839741407279966        1.8704886548366989E-011
   1.0000000000000000        276.84637500021262        7.4458407427023199E-002  0.58839741407309476        1.8704886548428007E-011
   2.5000000000000001E-002   291.32271581676605        7.3657708671992506E-002  0.58046197208641437        1.7135723154360844E-011
   5.0000000000000003E-002   287.43503523115555        7.4458350215581351E-002  0.58839685048656842        1.8704770076175238E-011
  0.10000000000000001        281.74751062780803        7.4458407425681036E-002  0.58839741405987334        1.8704886545695600E-011
  0.14999999999999999        278.79655537508125        7.4458407426991974E-002  0.58839741407278723        1.8704886548364434E-011
  0.20000000000000001        277.52754073236974        7.4458407426991974E-002  0.58839741407278723        1.8704886548364434E-011
  0.25000000000000000        277.05833613353155        7.4458407426991974E-002  0.58839741407278723        1.8704886548364434E-011
  0.29999999999999999        276.90578567026728        7.4458407426991974E-002  0.58839741407278723        1.8704886548364434E-011
  0.34999999999999998        276.86137985836206        7.4458407426991974E-002  0.58839741407278723        1.8704886548364434E-011
  0.40000000000000002        276.84921638427790        7.4458407427023199E-002  0.58839741407309476        1.8704886548428007E-011
  0.50000000000000000        276.84657958257975        7.4458407427023199E-002  0.58839741407309476        1.8704886548428007E-011
  0.59999999999999998        276.84638809450252        7.4458407427054424E-002  0.58839741407340251        1.8704886548491577E-011
  0.69999999999999996        276.84637575529888        7.4458407427054424E-002  0.58839741407340251        1.8704886548491577E-011
  0.80000000000000004        276.84637502778622        7.4458407426991974E-002  0.58839741407278723        1.8704886548364434E-011
   1.0000000000000000        276.84637500035774        7.4458407427023199E-002  0.58839741407309476        1.8704886548428007E-011
   2.5000000000000001E-002   291.41493917667555        7.3605925559852181E-002  0.57994545116554375        1.7038339175285376E-011
   5.0000000000000003E-002   287.69258508343609        7.4458342781078213E-002  0.58839677724968253        1.8704754940904555E-011
  0.10000000000000001        282.02327856854498        7.4458407425475201E-002  0.58839741405784562        1.8704886545276546E-011
  0.14999999999999999        278.97062225351175        7.4458407426990725E-002  0.58839741407277502        1.8704886548361904E-011
  0.20000000000000001        277.61207871901422        7.4458407426990725E-002  0.58839741407277502        1.8704886548361904E-011
  0.25000000000000000        277.09246959673192        7.4458407426990725E-002  0.58839741407277502        1.8704886548361904E-011
  0.29999999999999999        276.91766925639246        7.4458407426990725E-002  0.58839741407277502        1.8704886548361904E-011
  0.34999999999999998        276.86499072185211        7.4458407426990725E-002  0.58839741407277502        1.8704886548361904E-011
  0.40000000000000002        276.85004490700214        7.4458407427023199E-002  0.58839741407309476        1.8704886548428007E-011
  0.50000000000000000        276.84665148448340        7.4458407427023199E-002  0.58839741407309476        1.8704886548428007E-011
  0.59999999999999998        276.84639349620727        7.4458407427055673E-002  0.58839741407341495        1.8704886548494133E-011
  0.69999999999999996        276.84637611409954        7.4458407427055673E-002  0.58839741407341495        1.8704886548494133E-011
  0.80000000000000004        276.84637504286587        7.4458407426990725E-002  0.58839741407277502        1.8704886548361904E-011
   1.0000000000000000        276.84637500057846        7.4458407427023199E-002  0.58839741407309476        1.8704886548428007E-011
   2.5000000000000001E-002   291.44214728443984        7.3563161589378728E-002  0.57951858725256744        1.6958282816503933E-011
   5.0000000000000003E-002   287.90629875189956        7.4458334922549177E-002  0.58839669983573195        1.8704738942407401E-011
  0.10000000000000001        282.28579462090750        7.4458407425243553E-002  0.58839741405556367        1.8704886544804949E-011
  0.14999999999999999        279.14536810573151        7.4458407426989476E-002  0.58839741407276258        1.8704886548359348E-011
  0.20000000000000001        277.70043416726901        7.4458407426989476E-002  0.58839741407276258        1.8704886548359348E-011
  0.25000000000000000        277.12948169279099        7.4458407426989476E-002  0.58839741407276258        1.8704886548359348E-011
  0.29999999999999999        276.93102238038324        7.4458407426989476E-002  0.58839741407276258        1.8704886548359348E-011
  0.34999999999999998        276.86919229471431        7.4458407426989476E-002  0.58839741407276258        1.8704886548359348E-011
  0.40000000000000002        276.85105039477895        7.4458407427023199E-002  0.58839741407309476        1.8704886548428007E-011
  0.50000000000000000        276.84674298847392        7.4458407427023199E-002  0.58839741407309476        1.8704886548428007E-011
  0.59999999999999998        276.84640069027154        7.4458407427056922E-002  0.58839741407342705        1.8704886548496666E-011
  0.69999999999999996        276.84637661343970        7.4458407427056922E-002  0.58839741407342705        1.8704886548496666E-011
  0.80000000000000004        276.84637506482778        7.4458407426989476E-002  0.58839741407276258        1.8704886548359348E-011
   1.0000000000000000        276.84637500091924        7.4458407427023199E-002  0.58839741407309476        1.8704886548428007E-011
   2.5000000000000001E-002   291.40339993279485        7.3530716751789030E-002  0.57919454245565838        1.6897764583861887E-011
   5.0000000000000003E-002   288.07476715716876        7.4458326727161586E-002  0.58839661910339580        1.8704722258141933E-011
  0.10000000000000001        282.53338721481884        7.4458407424984843E-002  0.58839741405301504        1.8704886544278265E-011
  0.14999999999999999        279.31968611375021        7.4458407426988227E-002  0.58839741407275037        1.8704886548356821E-011
  0.20000000000000001        277.79217072485466        7.4458407426988227E-002  0.58839741407275037        1.8704886548356821E-011
  0.25000000000000000        277.16930987688562        7.4458407426988227E-002  0.58839741407275037        1.8704886548356821E-011
  0.29999999999999999        276.94589371815567        7.4458407426988227E-002  0.58839741407275037        1.8704886548356821E-011
  0.34999999999999998        276.87403141458276        7.4458407426988227E-002  0.58839741407275037        1.8704886548356821E-011
  0.40000000000000002        276.85225636419739        7.4458407427023199E-002  0.58839741407309476        1.8704886548428007E-011
  0.50000000000000000        276.84685790707840        7.4458407427023199E-002  0.58839741407309476        1.8704886548428007E-011
  0.59999999999999998        276.84641013159091        7.4458407427058171E-002  0.58839741407343937        1.8704886548499222E-011
  0.69999999999999996        276.84637729722874        7.4458407427058171E-002  0.58839741407343937        1.8704886548499222E-011
  0.80000000000000004        276.84637509625065        7.4458407426988227E-002  0.58839741407275037        1.8704886548356821E-011
   1.0000000000000000        276.84637500142793        7.4458407427023199E-002  0.58839741407309476        1.8704886548428007E-011
   2.5000000000000001E-002   291.29786674198448        7.3509675945656897E-002  0.57898431072004808        1.6858619171075996E-011
   5.0000000000000003E-002   288.19667516406884        7.4458318292768083E-002  0.58839653601661446        1.8704705087319075E-011
  0.10000000000000001        282.76446686647074        7.4458407424698073E-002  0.58839741405019030        1.8704886543694459E-011
  0.14999999999999999        279.49248195291528        7.4458407426986978E-002  0.58839741407273793        1.8704886548354259E-011
  0.20000000000000001        277.88682377647376        7.4458407426986978E-002  0.58839741407273793        1.8704886548354259E-011
  0.25000000000000000        277.21186520443871        7.4458407426986978E-002  0.58839741407273793        1.8704886548354259E-011
  0.29999999999999999        276.96232001014084        7.4458407426986978E-002  0.58839741407273793        1.8704886548354259E-011
  0.34999999999999998        276.87955237880817        7.4458407426986978E-002  0.58839741407273793        1.8704886548354259E-011
  0.40000000000000002        276.85368713330814        7.4458407427023199E-002  0.58839741407309476        1.8704886548428007E-011
  0.50000000000000000        276.84700047495397        7.4458407427023199E-002  0.58839741407309476        1.8704886548428007E-011
  0.59999999999999998        276.84642235463821        7.4458407427059420E-002  0.58839741407345159        1.8704886548501749E-011
  0.69999999999999996        276.84637821968448        7.4458407427059420E-002  0.58839741407345159        1.8704886548501749E-011
  0.80000000000000004        276.84637514048444        7.4458407426986978E-002  0.58839741407273793        1.8704886548354259E-011
   1.0000000000000000        276.84637500217571        7.4458407427023199E-002  0.58839741407309476        1.8704886548428007E-011
   2.5000000000000001E-002   291.12485967776422        7.3500895330108687E-002  0.57889655826619246        1.6842306779818399E-011
   5.0000000000000003E-002   288.27080110477851        7.4458309725908167E-002  0.58839645162490228        1.8704687646833889E-011
  0.10000000000000001        282.97752086386998        7.4458407424382644E-002  0.58839741404708290        1.8704886543052299E-011
  0.14999999999999999        279.66267640498842        7.4458407426985729E-002  0.58839741407272583        1.8704886548351732E-011
  0.20000000000000001        277.98390460148181        7.4458407426985729E-002  0.58839741407272583        1.8704886548351732E-011
  0.25000000000000000        277.25703368764414        7.4458407426985729E-002  0.58839741407272583        1.8704886548351732E-011
  0.29999999999999999        276.98032562712075        7.4458407426985729E-002  0.58839741407272583        1.8704886548351732E-011
  0.34999999999999998        276.88579634734992        7.4458407426985729E-002  0.58839741407272583        1.8704886548351732E-011
  0.40000000000000002        276.85536757072060        7.4458407427023199E-002  0.58839741407309476        1.8704886548428007E-011
  0.50000000000000000        276.84717534664964        7.4458407427023199E-002  0.58839741407309476        1.8704886548428007E-011
  0.59999999999999998        276.84643798032357        7.4458407427060669E-002  0.58839741407346402        1.8704886548504279E-011
  0.69999999999999996        276.84637944692508        7.4458407427060669E-002  0.58839741407346402        1.8704886548504279E-011
  0.80000000000000004        276.84637520181207        7.4458407426985729E-002  0.58839741407272583        1.8704886548351732E-011
   1.0000000000000000        276.84637500325687        7.4458407427023199E-002  0.58839741407309476        1.8704886548428007E-011
   2.5000000000000001E-002   290.88389135953821        7.3504986477283152E-002  0.57893744617378440        1.6849905480622993E-011
   5.0000000000000003E-002   288.29602643459702        7.4458301139684963E-002  0.58839636704243248        1.8704670166943060E-011
  0.10000000000000001        283.17110958629087        7.4458407424038267E-002  0.58839741404369050        1.8704886542351199E-011
  0.14999999999999999        279.82920743301827        7.4458407426984480E-002  0.58839741407271351        1.8704886548349176E-011
  0.20000000000000001        278.08290410391612        7.4458407426984480E-002  0.58839741407271351        1.8704886548349176E-011
  0.25000000000000000        277.30467773224842        7.4458407426984480E-002  0.58839741407271351        1.8704886548349176E-011
  0.29999999999999999        276.99992229415028        7.4458407426984480E-002  0.58839741407271351        1.8704886548349176E-011
  0.34999999999999998        276.89280080024179        7.4458407426984480E-002  0.58839741407271351        1.8704886548349176E-011
  0.40000000000000002        276.85732283198928        7.4458407427023199E-002  0.58839741407309476        1.8704886548428007E-011
  0.50000000000000000        276.84738758818514        7.4458407427023199E-002  0.58839741407309476        1.8704886548428007E-011
  0.59999999999999998        276.84645772241373        7.4458407427061918E-002  0.58839741407347645        1.8704886548506835E-011
  0.69999999999999996        276.84638105865491        7.4458407427061918E-002  0.58839741407347645        1.8704886548506835E-011
  0.80000000000000004        276.84637528565054        7.4458407426984480E-002  0.58839741407271351        1.8704886548349176E-011
   1.0000000000000000        276.84637500479596        7.4458407427023199E-002  0.58839741407309476        1.8704886548428007E-011
   2.5000000000000001E-002   290.57292889510785        7.3518341521884439E-002  0.57907090200427214        1.6874731422325795E-011
   5.0000000000000003E-002   288.27122479613558        7.4458292641716176E-002  0.58839628332934213        1.8704652866735282E-011
  0.10000000000000001        283.34386227306351        7.4458407423665107E-002  0.58839741404001455        1.8704886541591511E-011
  0.14999999999999999        279.99103191442538        7.4458407426983231E-002  0.58839741407270130        1.8704886548346646E-011
  0.20000000000000001        278.18329616115176        7.4458407426983231E-002  0.58839741407270130        1.8704886548346646E-011
  0.25000000000000000        277.35463761602961        7.4458407426983231E-002  0.58839741407270130        1.8704886548346646E-011
  0.29999999999999999        277.02110895394856        7.4458407426983231E-002  0.58839741407270130        1.8704886548346646E-011
  0.34999999999999998        276.90059905230868        7.4458407426983231E-002  0.58839741407270130        1.8704886548346646E-011
  0.40000000000000002        276.85957808797463        7.4458407427023199E-002  0.58839741407309476        1.8704886548428007E-011
  0.50000000000000000        276.84764266246844        7.4458407427023199E-002  0.58839741407309476        1.8704886548428007E-011
  0.59999999999999998        276.84648239338412        7.4458407427063167E-002  0.58839741407348856        1.8704886548509368E-011
  0.69999999999999996        276.84638314991383        7.4458407427063167E-002  0.58839741407348856        1.8704886548509368E-011
  0.80000000000000004        276.84637539875996        7.4458407426983231E-002  0.58839741407270130        1.8704886548346646E-011
   1.0000000000000000        276.84637500695675        7.4458407427023199E-002  0.58839741407309476        1.8704886548428007E-011
   2.5000000000000001E-002   290.18866570167233        7.3532051139893140E-002  0.57920787288795283        1.6900249833644350E-011
   5.0000000000000003E-002   288.19463708853101        7.4458284266854621E-002  0.58839620082896460        1.8704635817163553E-011
  0.10000000000000001        283.49443153619785        7.4458407423263553E-002  0.58839741403605883        1.8704886540774024E-011
  0.14999999999999999        280.14712531482076        7.4458407426981982E-002  0.58839741407268886        1.8704886548344090E-011
  0.20000000000000001        278.28454057966718        7.4458407426981982E-002  0.58839741407268886        1.8704886548344090E-011
  0.25000000000000000        277.40673297861008        7.4458407426981982E-002  0.58839741407268886        1.8704886548344090E-011
  0.29999999999999999        277.04387175149577        7.4458407426981982E-002  0.58839741407268886        1.8704886548344090E-011
  0.34999999999999998        276.90921982602856        7.4458407426981982E-002  0.58839741407268886        1.8704886548344090E-011
  0.40000000000000002        276.86215824955212        7.4458407427023199E-002  0.58839741407309476        1.8704886548428007E-011
  0.50000000000000000        276.84794640871519        7.4458407427023199E-002  0.58839741407309476        1.8704886548428007E-011
  0.59999999999999998        276.84651290957163        7.4458407427064416E-002  0.58839741407350099        1.8704886548511924E-011
  0.69999999999999996        276.84638583289842        7.4458407427064416E-002  0.58839741407350099        1.8704886548511924E-011
  0.80000000000000004        276.84637554949143        7.4458407426981982E-002  0.58839741407268886        1.8704886548344090E-011
   1.0000000000000000        276.84637500995018        7.4458407427023199E-002  0.58839741407309476        1.8704886548428007E-011
   2.5000000000000001E-002   289.73255730761446        7.3545601958162773E-002  0.57934322919172687        1.6925505898897301E-011
   5.0000000000000003E-002   288.06485132991719        7.4458276014559538E-002  0.58839611953597371        1.8704619017126388E-011
  0.10000000000000001        283.62147015541922        7.4458407422833980E-002  0.58839741403182722        1.8704886539899497E-011
  0.14999999999999999        280.29647716598845        7.4458407426980733E-002  0.58839741407267643        1.8704886548341557E-011
  0.20000000000000001        278.38608537469815        7.4458407426980733E-002  0.58839741407267643        1.8704886548341557E-011
  0.25000000000000000        277.46076428186223        7.4458407426980733E-002  0.58839741407267643        1.8704886548341557E-011
  0.29999999999999999        277.06818412201090        7.4458407426980733E-002  0.58839741407267643        1.8704886548341557E-011
  0.34999999999999998        276.91868688196621        7.4458407426980733E-002  0.58839741407267643        1.8704886548341557E-011
  0.40000000000000002        276.86508769259558        7.4458407427023199E-002  0.58839741407309476        1.8704886548428007E-011
  0.50000000000000000        276.84830501610844        7.4458407427023199E-002  0.58839741407309476        1.8704886548428007E-011
  0.59999999999999998        276.84655029553409        7.4458407427065665E-002  0.58839741407351309        1.8704886548514454E-011
  0.69999999999999996        276.84638923880289        7.4458407427065665E-002  0.58839741407351309        1.8704886548514454E-011
  0.80000000000000004        276.84637574805083        7.4458407426980733E-002  0.58839741407267643        1.8704886548341557E-011
   1.0000000000000000        276.84637501404393        7.4458407427023199E-002  0.58839741407309476        1.8704886548428007E-011
   2.5000000000000001E-002   289.20680189970051        7.3558895854070550E-002  0.57947599207836653        1.6950315255946837E-011
   5.0000000000000003E-002   287.88120680997469        7.4458267882906229E-002  0.58839603943140983        1.8704602462704893E-011
  0.10000000000000001        283.72369494298368        7.4458407422376832E-002  0.58839741402732382        1.8704886538968812E-011
  0.14999999999999999        280.43809046004998        7.4458407426979484E-002  0.58839741407266410        1.8704886548339001E-011
  0.20000000000000001        278.48736846912163        7.4458407426979484E-002  0.58839741407266410        1.8704886548339001E-011
  0.25000000000000000        277.51651419019572        7.4458407426979484E-002  0.58839741407266410        1.8704886548339001E-011
  0.29999999999999999        277.09400696288782        7.4458407426979484E-002  0.58839741407266410        1.8704886548339001E-011
  0.34999999999999998        276.92901870492528        7.4458407426979484E-002  0.58839741407266410        1.8704886548339001E-011
  0.40000000000000002        276.86838998673204        7.4458407427023199E-002  0.58839741407309476        1.8704886548428007E-011
  0.50000000000000000        276.84872499202288        7.4458407427023199E-002  0.58839741407309476        1.8704886548428007E-011
  0.59999999999999998        276.84659568749015        7.4458407427066914E-002  0.58839741407352553        1.8704886548517010E-011
  0.69999999999999996        276.84639351968224        7.4458407427066914E-002  0.58839741407352553        1.8704886548517010E-011
  0.80000000000000004        276.84637600679270        7.4458407426979484E-002  0.58839741407266410        1.8704886548339001E-011
   1.0000000000000000        276.84637501957917        7.4458407427023199E-002  0.58839741407309476        1.8704886548428007E-011
   2.5000000000000001E-002   288.60531696033013        7.3572283431659641E-002  0.57960966345262643        1.6975331653932537E-011
   5.0000000000000003E-002   287.64318037934669        7.4458259869951929E-002  0.58839596049613496        1.8704586149943435E-011
  0.10000000000000001        283.79993081709307        7.4458407421892511E-002  0.58839741402255297        1.8704886537982832E-011
  0.14999999999999999        280.57098690758914        7.4458407426978235E-002  0.58839741407265189        1.8704886548336471E-011
  0.20000000000000001        278.58781946099197        7.4458407426978235E-002  0.58839741407265189        1.8704886548336471E-011
  0.25000000000000000        277.57374887055204        7.4458407426978235E-002  0.58839741407265189        1.8704886548336471E-011
  0.29999999999999999        277.12128887116756        7.4458407426978235E-002  0.58839741407265189        1.8704886548336471E-011
  0.34999999999999998        276.94022824284787        7.4458407426978235E-002  0.58839741407265189        1.8704886548336471E-011
  0.40000000000000002        276.87208763086113        7.4458407427023199E-002  0.58839741407309476        1.8704886548428007E-011
  0.50000000000000000        276.84921312519486        7.4458407427023199E-002  0.58839741407309476        1.8704886548428007E-011
  0.59999999999999998        276.84665033577477        7.4458407427068163E-002  0.58839741407353796        1.8704886548519543E-011
  0.69999999999999996        276.84639885029310        7.4458407427068163E-002  0.58839741407353796        1.8704886548519543E-011
  0.80000000000000004        276.84637634053337        7.4458407426978235E-002  0.58839741407265189        1.8704886548336471E-011
   1.0000000000000000        276.84637502697990        7.4458407427023199E-002  0.58839741407309476        1.8704886548428007E-011
   2.5000000000000001E-002   287.89180767762235        7.3587988783705982E-002  0.57976644254643794        1.7004720359532309E-011
   5.0000000000000003E-002   287.34429773327383        7.4458251987806326E-002  0.58839588284944178        1.8704570103494304E-011
  0.10000000000000001        283.84884071739316        7.4458407421381406E-002  0.58839741401751799        1.8704886536942288E-011
  0.14999999999999999        280.69420425566454        7.4458407426976986E-002  0.58839741407263979        1.8704886548333938E-011
  0.20000000000000001        278.68686151910362        7.4458407426976986E-002  0.58839741407263979        1.8704886548333938E-011
  0.25000000000000000        277.63221925252810        7.4458407426976986E-002  0.58839741407263979        1.8704886548333938E-011
  0.29999999999999999        277.14996643358160        7.4458407426976986E-002  0.58839741407263979        1.8704886548333938E-011
  0.34999999999999998        276.95232269480397        7.4458407426976986E-002  0.58839741407263979        1.8704886548333938E-011
  0.40000000000000002        276.87620179793487        7.4458407427023199E-002  0.58839741407309476        1.8704886548428007E-011
  0.50000000000000000        276.84977644425618        7.4458407427023199E-002  0.58839741407309476        1.8704886548428007E-011
  0.59999999999999998        276.84671560623730        7.4458407427069412E-002  0.58839741407355028        1.8704886548522099E-011
  0.69999999999999996        276.84640542991269        7.4458407427069412E-002  0.58839741407355028        1.8704886548522099E-011
  0.80000000000000004        276.84637676689209        7.4458407426976986E-002  0.58839741407263979        1.8704886548333938E-011
   1.0000000000000000        276.84637503677271        7.4458407427023199E-002  0.58839741407309476        1.8704886548428007E-011
   2.5000000000000001E-002   287.11668491930908        7.3602639837689776E-002  0.57991266337965963        1.7032176406273546E-011
   5.0000000000000003E-002   286.98099288388227        7.4458244246145430E-002  0.58839580658664903        1.8704554343055293E-011
  0.10000000000000001        283.86860198890099        7.4458407420844072E-002  0.58839741401222456        1.8704886535848373E-011
  0.14999999999999999        280.80675352773903        7.4458407426975737E-002  0.58839741407262736        1.8704886548331382E-011
  0.20000000000000001        278.78391080034231        7.4458407426975737E-002  0.58839741407262736        1.8704886548331382E-011
  0.25000000000000000        277.69166216706935        7.4458407426975737E-002  0.58839741407262736        1.8704886548331382E-011
  0.29999999999999999        277.17996455816905        7.4458407426975737E-002  0.58839741407262736        1.8704886548331382E-011
  0.34999999999999998        276.96530334431901        7.4458407426975737E-002  0.58839741407262736        1.8704886548331382E-011
  0.40000000000000002        276.88075209100680        7.4458407427023199E-002  0.58839741407309476        1.8704886548428007E-011
  0.50000000000000000        276.85042217212691        7.4458407427023199E-002  0.58839741407309476        1.8704886548428007E-011
  0.59999999999999998        276.84679298051503        7.4458407427070661E-002  0.58839741407356227        1.8704886548524629E-011
  0.69999999999999996        276.84641348408570        7.4458407427070661E-002  0.58839741407356227        1.8704886548524629E-011
  0.80000000000000004        276.84637730665088        7.4458407426975737E-002  0.58839741407262736        1.8704886548331382E-011
   1.0000000000000000        276.84637504960421        7.4458407427023199E-002  0.58839741407309476        1.8704886548428007E-011
   2.5000000000000001E-002   286.38003450745668        7.3611168217910472E-002  0.57999776356891697        1.7048176461844200E-011
   5.0000000000000003E-002   286.57048326565115        7.4458236610097525E-002  0.58839573136423651        1.8704538797634144E-011
  0.10000000000000001        283.85830041516351        7.4458407420282036E-002  0.58839741400668810        1.8704886534704173E-011
  0.14999999999999999        280.90763493080829        7.4458407426974488E-002  0.58839741407261492        1.8704886548328855E-011
  0.20000000000000001        278.87837365417784        7.4458407426974488E-002  0.58839741407261492        1.8704886548328855E-011
  0.25000000000000000        277.75180108906909        7.4458407426974488E-002  0.58839741407261492        1.8704886548328855E-011
  0.29999999999999999        277.21119681817430        7.4458407426974488E-002  0.58839741407261492        1.8704886548328855E-011
  0.34999999999999998        276.97916543333162        7.4458407426974488E-002  0.58839741407261492        1.8704886548328855E-011
  0.40000000000000002        276.88575631215565        7.4458407427023199E-002  0.58839741407309476        1.8704886548428007E-011
  0.50000000000000000        276.85115767672482        7.4458407427023199E-002  0.58839741407309476        1.8704886548428007E-011
  0.59999999999999998        276.84688405513600        7.4458407427071910E-002  0.58839741407357460        1.8704886548527185E-011
  0.69999999999999996        276.84642326628136        7.4458407427071910E-002  0.58839741407357460        1.8704886548527185E-011
  0.80000000000000004        276.84637798413627        7.4458407426974488E-002  0.58839741407261492        1.8704886548328855E-011
   1.0000000000000000        276.84637506626154        7.4458407427023199E-002  0.58839741407309476        1.8704886548428007E-011
   2.5000000000000001E-002   285.70554011760652        7.3613434413612067E-002  0.58002037488290759        1.7052430276439999E-011
   5.0000000000000003E-002   286.13827671525809        7.4458229020229916E-002  0.58839565659673587        1.8704523346237775E-011
  0.10000000000000001        283.81930959843578        7.4458407419694381E-002  0.58839741400089918        1.8704886533507821E-011
  0.14999999999999999        280.99600477868245        7.4458407426973239E-002  0.58839741407260249        1.8704886548326299E-011
  0.20000000000000001        278.96965366736890        7.4458407426973239E-002  0.58839741407260249        1.8704886548326299E-011
  0.25000000000000000        277.81234689400554        7.4458407426973239E-002  0.58839741407260249        1.8704886548326299E-011
  0.29999999999999999        277.24356578366258        7.4458407426973239E-002  0.58839741407260249        1.8704886548326299E-011
  0.34999999999999998        276.99389807003740        7.4458407426973239E-002  0.58839741407260249        1.8704886548326299E-011
  0.40000000000000002        276.89123024531710        7.4458407427023199E-002  0.58839741407309476        1.8704886548428007E-011
  0.50000000000000000        276.85199041849677        7.4458407427023199E-002  0.58839741407309476        1.8704886548428007E-011
  0.59999999999999998        276.84699053943649        7.4458407427073159E-002  0.58839741407358703        1.8704886548529711E-011
  0.69999999999999996        276.84643505944786        7.4458407427073159E-002  0.58839741407358703        1.8704886548529711E-011
  0.80000000000000004        276.84637882761666        7.4458407426973239E-002  0.58839741407260249        1.8704886548326299E-011
   1.0000000000000000        276.84637508769561        7.4458407427023199E-002  0.58839741407309476        1.8704886548428007E-011
   2.5000000000000001E-002   285.07986146516356        7.3611334919518864E-002  0.57999942688619843        1.7048489341220920E-011
   5.0000000000000003E-002   285.70082094955626        7.4458221429283239E-002  0.58839558181859708        1.8704507892655850E-011
  0.10000000000000001        283.75464367468453        7.4458407419081163E-002  0.58839741399485845        1.8704886532259408E-011
  0.14999999999999999        281.07134018006582        7.4458407426971990E-002  0.58839741407259050        1.8704886548323769E-011
  0.20000000000000001        279.05717456708521        7.4458407426971990E-002  0.58839741407259050        1.8704886548323769E-011
  0.25000000000000000        277.87299997708277        7.4458407426971990E-002  0.58839741407259050        1.8704886548323769E-011
  0.29999999999999999        277.27696341163448        7.4458407426971990E-002  0.58839741407259050        1.8704886548323769E-011
  0.34999999999999998        277.00948416704733        7.4458407426971990E-002  0.58839741407259050        1.8704886548323769E-011
  0.40000000000000002        276.89718745360278        7.4458407427023199E-002  0.58839741407309476        1.8704886548428007E-011
  0.50000000000000000        276.85292789524652        7.4458407427023199E-002  0.58839741407309476        1.8704886548428007E-011
  0.59999999999999998        276.84711425226408        7.4458407427074408E-002  0.58839741407359947        1.8704886548532267E-011
  0.69999999999999996        276.84644917742548        7.4458407427074408E-002  0.58839741407359947        1.8704886548532267E-011
  0.80000000000000004        276.84637986971450        7.4458407426971990E-002  0.58839741407259050        1.8704886548323769E-011
   1.0000000000000000        276.84637511504718        7.4458407427023199E-002  0.58839741407309476        1.8704886548428007E-011
   2.5000000000000001E-002   284.49250095353926        7.3606282390644123E-002  0.57994901183426517        1.7039008572214606E-011
   5.0000000000000003E-002   285.26669448528571        7.4458213805086673E-002  0.58839550671290608        1.8704492371395367E-011
  0.10000000000000001        283.66783144726043        7.4458407418442313E-002  0.58839741398856504        1.8704886530958812E-011
  0.14999999999999999        281.13347601285659        7.4458407426970741E-002  0.58839741407257806        1.8704886548321213E-011
  0.20000000000000001        279.14040824587147        7.4458407426970741E-002  0.58839741407257806        1.8704886548321213E-011
  0.25000000000000000        277.93345451535998        7.4458407426970741E-002  0.58839741407257806        1.8704886548321213E-011
  0.29999999999999999        277.31127166217442        7.4458407426970741E-002  0.58839741407257806        1.8704886548321213E-011
  0.34999999999999998        277.02590041898736        7.4458407426970741E-002  0.58839741407257806        1.8704886548321213E-011
  0.40000000000000002        276.90363909183372        7.4458407427023199E-002  0.58839741407309476        1.8704886548428007E-011
  0.50000000000000000        276.85397758475284        7.4458407427023199E-002  0.58839741407309476        1.8704886548428007E-011
  0.59999999999999998        276.84725711746546        7.4458407427075657E-002  0.58839741407361168        1.8704886548534801E-011
  0.69999999999999996        276.84646596620615        7.4458407427075657E-002  0.58839741407361168        1.8704886548534801E-011
  0.80000000000000004        276.84638114783655        7.4458407426970741E-002  0.58839741407257806        1.8704886548321213E-011
   1.0000000000000000        276.84637514967471        7.4458407427023199E-002  0.58839741407309476        1.8704886548428007E-011
   2.5000000000000001E-002   283.93753489794608        7.3599153979989812E-002  0.57987787667978608        1.7025640395128212E-011
   5.0000000000000003E-002   284.84027919438466        7.4458206125459503E-002  0.58839543106116154        1.8704476737301244E-011
  0.10000000000000001        283.56231295413534        7.4458407417777692E-002  0.58839741398201806        1.8704886529605758E-011
  0.14999999999999999        281.18255818667751        7.4458407426969492E-002  0.58839741407256585        1.8704886548318680E-011
  0.20000000000000001        279.21889679682931        7.4458407426969492E-002  0.58839741407256585        1.8704886548318680E-011
  0.25000000000000000        277.99340437213817        7.4458407426969492E-002  0.58839741407256585        1.8704886548318680E-011
  0.29999999999999999        277.34636348530847        7.4458407426969492E-002  0.58839741407256585        1.8704886548318680E-011
  0.34999999999999998        277.04311734247744        7.4458407426969492E-002  0.58839741407256585        1.8704886548318680E-011
  0.40000000000000002        276.91059373602087        7.4458407427023199E-002  0.58839741407309476        1.8704886548428007E-011
  0.50000000000000000        276.85514688564496        7.4458407427023199E-002  0.58839741407309476        1.8704886548428007E-011
  0.59999999999999998        276.84742115816738        7.4458407427076906E-002  0.58839741407362400        1.8704886548537356E-011
  0.69999999999999996        276.84648580500266        7.4458407427076906E-002  0.58839741407362400        1.8704886548537356E-011
  0.80000000000000004        276.84638270460260        7.4458407426969492E-002  0.58839741407256585        1.8704886548318680E-011
   1.0000000000000000        276.84637519318557        7.4458407427023199E-002  0.58839741407309476        1.8704886548428007E-011
   2.5000000000000001E-002   283.41034510080641        7.3590589394793057E-002  0.57979239960777518        1.7009591065574321E-011
   5.0000000000000003E-002   284.42372515483919        7.4458198374877757E-002  0.58839535471043691        1.8704460958770249E-011
  0.10000000000000001        283.44120261254972        7.4458407417087064E-002  0.58839741397521461        1.8704886528199757E-011
  0.14999999999999999        281.21897130883082        7.4458407426968243E-002  0.58839741407255353        1.8704886548316124E-011
  0.20000000000000001        279.29226511832894        7.4458407426968243E-002  0.58839741407255353        1.8704886548316124E-011
  0.25000000000000000        278.05254959923320        7.4458407426968243E-002  0.58839741407255353        1.8704886548316124E-011
  0.29999999999999999        277.38210421854382        7.4458407426968243E-002  0.58839741407255353        1.8704886548316124E-011
  0.34999999999999998        277.06109940595400        7.4458407426968243E-002  0.58839741407255353        1.8704886548316124E-011
  0.40000000000000002        276.91805723310483        7.4458407427023199E-002  0.58839741407309476        1.8704886548428007E-011
  0.50000000000000000        276.85644305706694        7.4458407427023199E-002  0.58839741407309476        1.8704886548428007E-011
  0.59999999999999998        276.84760848986832        7.4458407427078155E-002  0.58839741407363610        1.8704886548539886E-011
  0.69999999999999996        276.84650910712162        7.4458407427078155E-002  0.58839741407363610        1.8704886548539886E-011
  0.80000000000000004        276.84638458829261        7.4458407426968243E-002  0.58839741407255353        1.8704886548316124E-011
   1.0000000000000000        276.84637524746864        7.4458407427023199E-002  0.58839741407309476        1.8704886548428007E-011
   2.5000000000000001E-002   282.90741903311323        7.3581041871919134E-002  0.57969709942655701        1.6991715425489654E-011
   5.0000000000000003E-002   284.01789537025519        7.4458190542669472E-002  0.58839527755560284        1.8704445014076883E-011
  0.10000000000000001        283.30721096627985        7.4458407416370179E-002  0.58839741396815270        1.8704886526740314E-011
  0.14999999999999999        281.24326740420713        7.4458407426966994E-002  0.58839741407254131        1.8704886548313594E-011
  0.20000000000000001        279.36022499636471        7.4458407426966994E-002  0.58839741407254131        1.8704886548313594E-011
  0.25000000000000000        278.11060261314964        7.4458407426966994E-002  0.58839741407254131        1.8704886548313594E-011
  0.29999999999999999        277.41835333573954        7.4458407426966994E-002  0.58839741407254131        1.8704886548313594E-011
  0.34999999999999998        277.07980527050904        7.4458407426966994E-002  0.58839741407254131        1.8704886548313594E-011
  0.40000000000000002        276.92603257559563        7.4458407427023199E-002  0.58839741407309476        1.8704886548428007E-011
  0.50000000000000000        276.85787315772745        7.4458407427023199E-002  0.58839741407309476        1.8704886548428007E-011
  0.59999999999999998        276.84782131236841        7.4458407427079404E-002  0.58839741407364854        1.8704886548542442E-011
  0.69999999999999996        276.84653632061674        7.4458407427079404E-002  0.58839741407364854        1.8704886548542442E-011
  0.80000000000000004        276.84638685328446        7.4458407426966994E-002  0.58839741407254131        1.8704886548313594E-011
   1.0000000000000000        276.84637531473061        7.4458407427023199E-002  0.58839741407309476        1.8704886548428007E-011
   2.5000000000000001E-002   282.42597823407533        7.3570836006871407E-002  0.57959521261436431        1.6972625396399355E-011
   5.0000000000000003E-002   283.62295641563850        7.4458182621597035E-002  0.58839519952536168        1.8704428888487311E-011
  0.10000000000000001        283.16264458862429        7.4458407415626773E-002  0.58839741396082945        1.8704886525226864E-011
  0.14999999999999999        281.25610491232817        7.4458407426965745E-002  0.58839741407252899        1.8704886548311038E-011
  0.20000000000000001        279.42257281216837        7.4458407426965745E-002  0.58839741407252899        1.8704886548311038E-011
  0.25000000000000000        278.16729344502329        7.4458407426965745E-002  0.58839741407252899        1.8704886548311038E-011
  0.29999999999999999        277.45496643041059        7.4458407426965745E-002  0.58839741407252899        1.8704886548311038E-011
  0.34999999999999998        277.09918815083699        7.4458407426965745E-002  0.58839741407252899        1.8704886548311038E-011
  0.40000000000000002        276.93451980626247        7.4458407427023199E-002  0.58839741407309476        1.8704886548428007E-011
  0.50000000000000000        276.85944398501891        7.4458407427023199E-002  0.58839741407309476        1.8704886548428007E-011
  0.59999999999999998        276.84806190059692        7.4458407427080653E-002  0.58839741407366086        1.8704886548544975E-011
  0.69999999999999996        276.84656792870470        7.4458407427080653E-002  0.58839741407366086        1.8704886548544975E-011
  0.80000000000000004        276.84638956049736        7.4458407426965745E-002  0.58839741407252899        1.8704886548311038E-011
   1.0000000000000000        276.84637539753402        7.4458407427023199E-002  0.58839741407309476        1.8704886548428007E-011
   2.5000000000000001E-002   281.96377019145842        7.3560204805413879E-002  0.57948906280554802        1.6952759772396757E-011
   5.0000000000000003E-002   283.23870281338310        7.4458174606889263E-002  0.58839512057271248        1.8704412572288876E-011
  0.10000000000000001        283.00944128084870        7.4458407414856501E-002  0.58839741395324152        1.8704886523658723E-011
  0.14999999999999999        281.25820056873965        7.4458407426964496E-002  0.58839741407251656        1.8704886548308505E-011
  0.20000000000000001        279.47918307533683        7.4458407426964496E-002  0.58839741407251656        1.8704886548308505E-011
  0.25000000000000000        278.22237377025658        7.4458407426964496E-002  0.58839741407251656        1.8704886548308505E-011
  0.29999999999999999        277.49179729824334        7.4458407426964496E-002  0.58839741407251656        1.8704886548308505E-011
  0.34999999999999998        277.11919629206824        7.4458407426964496E-002  0.58839741407251656        1.8704886548308505E-011
  0.40000000000000002        276.94351595771758        7.4458407427023199E-002  0.58839741407309476        1.8704886548428007E-011
  0.50000000000000000        276.86116201501460        7.4458407427023199E-002  0.58839741407309476        1.8704886548428007E-011
  0.59999999999999998        276.84833259438000        7.4458407427081902E-002  0.58839741407367330        1.8704886548547531E-011
  0.69999999999999996        276.84660444991880        7.4458407427081902E-002  0.58839741407367330        1.8704886548547531E-011
  0.80000000000000004        276.84639277782475        7.4458407426964496E-002  0.58839741407251656        1.8704886548308505E-011
   1.0000000000000000        276.84637549884008        7.4458407427023199E-002  0.58839741407309476        1.8704886548428007E-011
   2.5000000000000001E-002   281.51892127405938        7.3549316828573616E-002  0.57938033139297462        1.6932435463892694E-011
   5.0000000000000003E-002   282.86474154817870        7.4458166495550857E-002  0.58839504066814796        1.8704396059384216E-011
  0.10000000000000001        282.84921752381507        7.4458407414059055E-002  0.58839741394538603        1.8704886522035265E-011
  0.14999999999999999        281.25029348527278        7.4458407426963247E-002  0.58839741407250434        1.8704886548305949E-011
  0.20000000000000001        279.52999961713118        7.4458407426963247E-002  0.58839741407250434        1.8704886548305949E-011
  0.25000000000000000        278.27561965426690        7.4458407426963247E-002  0.58839741407250434        1.8704886548305949E-011
  0.29999999999999999        277.52869999267159        7.4458407426963247E-002  0.58839741407250434        1.8704886548305949E-011
  0.34999999999999998        277.13977354725705        7.4458407426963247E-002  0.58839741407250434        1.8704886548305949E-011
  0.40000000000000002        276.95301503061364        7.4458407427023199E-002  0.58839741407309476        1.8704886548428007E-011
  0.50000000000000000        276.86303334418272        7.4458407427023199E-002  0.58839741407309476        1.8704886548428007E-011
  0.59999999999999998        276.84863578724412        7.4458407427083151E-002  0.58839741407368540        1.8704886548550061E-011
  0.69999999999999996        276.84664643800403        7.4458407427083151E-002  0.58839741407368540        1.8704886548550061E-011
  0.80000000000000004        276.84639658055926        7.4458407426963247E-002  0.58839741407250434        1.8704886548305949E-011
   1.0000000000000000        276.84637562204955        7.4458407427023199E-002  0.58839741407309476        1.8704886548428007E-011
   2.5000000000000001E-002   281.08984780497929        7.3538294153140157E-002  0.57927023650979859        1.6911881477782659E-011
   5.0000000000000003E-002   282.50059367553627        7.4458158285875514E-002  0.58839495979485890        1.8704379346300151E-011
  0.10000000000000001        282.68331695015144        7.4458407413234104E-002  0.58839741393725942        1.8704886520355798E-011
  0.14999999999999999        281.23311953884070        7.4458407426961998E-002  0.58839741407249191        1.8704886548303419E-011
  0.20000000000000001        279.57502580590904        7.4458407426961998E-002  0.58839741407249191        1.8704886548303419E-011
  0.25000000000000000        278.32683309870851        7.4458407426961998E-002  0.58839741407249191        1.8704886548303419E-011
  0.29999999999999999        277.56553075083258        7.4458407426961998E-002  0.58839741407249191        1.8704886548303419E-011
  0.34999999999999998        277.16086003270914        7.4458407426961998E-002  0.58839741407249191        1.8704886548303419E-011
  0.40000000000000002        276.96300801255472        7.4458407427023199E-002  0.58839741407309476        1.8704886548428007E-011
  0.50000000000000000        276.86506363371785        7.4458407427023199E-002  0.58839741407309476        1.8704886548428007E-011
  0.59999999999999998        276.84897391433941        7.4458407427084400E-002  0.58839741407369783        1.8704886548552617E-011
  0.69999999999999996        276.84669448153153        7.4458407427084400E-002  0.58839741407369783        1.8704886548552617E-011
  0.80000000000000004        276.84640105180512        7.4458407426961998E-002  0.58839741407249191        1.8704886548303419E-011
   1.0000000000000000        276.84637577105207        7.4458407427023199E-002  0.58839741407309476        1.8704886548428007E-011
   2.5000000000000001E-002   280.67519942115382        7.3527224868639884E-002  0.57915965753838994        1.6891262593301900E-011
   5.0000000000000003E-002   282.14575473304041        7.4458149977081001E-002  0.58839487794513978        1.8704362431444707E-011
  0.10000000000000001        282.51285505702742        7.4458407412381342E-002  0.58839741392885891        1.8704886518619723E-011
  0.14999999999999999        281.20739393178616        7.4458407426960749E-002  0.58839741407247959        1.8704886548300863E-011
  0.20000000000000001        279.61431471344162        7.4458407426960749E-002  0.58839741407247959        1.8704886548300863E-011
  0.25000000000000000        278.37584255334161        7.4458407426960749E-002  0.58839741407247959        1.8704886548300863E-011
  0.29999999999999999        277.60214971639414        7.4458407426960749E-002  0.58839741407247959        1.8704886548300863E-011
  0.34999999999999998        277.18239283461855        7.4458407426960749E-002  0.58839741407247959        1.8704886548300863E-011
  0.40000000000000002        276.97348293800877        7.4458407427023199E-002  0.58839741407309476        1.8704886548428007E-011
  0.50000000000000000        276.86725805736347        7.4458407427023199E-002  0.58839741407309476        1.8704886548428007E-011
  0.59999999999999998        276.84934943960883        7.4458407427085649E-002  0.58839741407371005        1.8704886548555150E-011
  0.69999999999999996        276.84674920322999        7.4458407427085649E-002  0.58839741407371005        1.8704886548555150E-011
  0.80000000000000004        276.84640628286223        7.4458407426960749E-002  0.58839741407247959        1.8704886548300863E-011
   1.0000000000000000        276.84637595027255        7.4458407427023199E-002  0.58839741407309476        1.8704886548428007E-011
   2.5000000000000001E-002   280.27373102136625        7.3516179633374354E-002  0.57904930027268331        1.6870710473631135E-011
   5.0000000000000003E-002   281.79971506856276        7.4458141569090211E-002  0.58839479511822990        1.8704345314661368E-011
  0.10000000000000001        282.33875798676922        7.4458407411500407E-002  0.58839741392018086        1.8704886516826302E-011
  0.14999999999999999        281.17379997578360        7.4458407426959500E-002  0.58839741407246748        1.8704886548298337E-011
  0.20000000000000001        279.64795981501811        7.4458407426959500E-002  0.58839741407246748        1.8704886548298337E-011
  0.25000000000000000        278.42250259084852        7.4458407426959500E-002  0.58839741407246748        1.8704886548298337E-011
  0.29999999999999999        277.63842241396259        7.4458407426959500E-002  0.58839741407246748        1.8704886548298337E-011
  0.34999999999999998        277.20430673992456        7.4458407426959500E-002  0.58839741407246748        1.8704886548298337E-011
  0.40000000000000002        276.98442498777155        7.4458407427023199E-002  0.58839741407309476        1.8704886548428007E-011
  0.50000000000000000        276.86962125354410        7.4458407427023199E-002  0.58839741407309476        1.8704886548428007E-011
  0.59999999999999998        276.84976484232237        7.4458407427086898E-002  0.58839741407372248        1.8704886548557677E-011
  0.69999999999999996        276.84681125903018        7.4458407427086898E-002  0.58839741407372248        1.8704886548557677E-011
  0.80000000000000004        276.84641237360017        7.4458407426959500E-002  0.58839741407246748        1.8704886548298337E-011
   1.0000000000000000        276.84637616471974        7.4458407427023199E-002  0.58839741407309476        1.8704886548428007E-011
   2.5000000000000001E-002   279.88429509904438        7.3505214080630751E-002  0.57893972082165912        1.6850328308411180E-011
   5.0000000000000003E-002   281.46196378436207        7.4458133062389589E-002  0.58839471131892163        1.8704327996940945E-011
  0.10000000000000001        282.16179406062122        7.4458407410590968E-002  0.58839741391122202        1.8704886514974829E-011
  0.14999999999999999        281.13298237381179        7.4458407426958251E-002  0.58839741407245505        1.8704886548295781E-011
  0.20000000000000001        279.67608654682823        7.4458407426958251E-002  0.58839741407245505        1.8704886548295781E-011
  0.25000000000000000        278.46669294309226        7.4458407426958251E-002  0.58839741407245505        1.8704886548295781E-011
  0.29999999999999999        277.67422095440116        7.4458407426958251E-002  0.58839741407245505        1.8704886548295781E-011
  0.34999999999999998        277.22653496615504        7.4458407426958251E-002  0.58839741407245505        1.8704886548295781E-011
  0.40000000000000002        276.99581662494256        7.4458407427023199E-002  0.58839741407309476        1.8704886548428007E-011
  0.50000000000000000        276.87215728254273        7.4458407427023199E-002  0.58839741407309476        1.8704886548428007E-011
  0.59999999999999998        276.85022260312201        7.4458407427088147E-002  0.58839741407373480        1.8704886548560233E-011
  0.69999999999999996        276.84688133682056        7.4458407427088147E-002  0.58839741407373480        1.8704886548560233E-011
  0.80000000000000004        276.84641943279348        7.4458407426958251E-002  0.58839741407245505        1.8704886548295781E-011
   1.0000000000000000        276.84637642004378        7.4458407427023199E-002  0.58839741407309476        1.8704886548428007E-011
   2.5000000000000001E-002   279.50583914215315        7.3494370368938661E-002  0.57883134097554745        1.6830193845354420E-011
   5.0000000000000003E-002   281.13199480055920        7.4458124457898858E-002  0.58839462655627428        1.8704310480156239E-011
  0.10000000000000001        281.98259948446798        7.4458407409652663E-002  0.58839741390197886        1.8704886513064614E-011
  0.14999999999999999        281.08554363967210        7.4458407426957002E-002  0.58839741407244284        1.8704886548293248E-011
  0.20000000000000001        279.69884485800532        7.4458407426957002E-002  0.58839741407244284        1.8704886548293248E-011
  0.25000000000000000        278.50831707973208        7.4458407426957002E-002  0.58839741407244284        1.8704886548293248E-011
  0.29999999999999999        277.70942496968462        7.4458407426957002E-002  0.58839741407244284        1.8704886548293248E-011
  0.34999999999999998        277.24900986846018        7.4458407426957002E-002  0.58839741407244284        1.8704886548293248E-011
  0.40000000000000002        277.00763776321230        7.4458407427023199E-002  0.58839741407309476        1.8704886548428007E-011
  0.50000000000000000        276.87486958930799        7.4458407427023199E-002  0.58839741407309476        1.8704886548428007E-011
  0.59999999999999998        276.85072518973362        7.4458407427089396E-002  0.58839741407374690        1.8704886548562763E-011
  0.69999999999999996        276.84696015492193        7.4458407427089396E-002  0.58839741407374690        1.8704886548562763E-011
  0.80000000000000004        276.84642757843125        7.4458407426957002E-002  0.58839741407244284        1.8704886548293248E-011
   1.0000000000000000        276.84637672258572        7.4458407427023199E-002  0.58839741407309476        1.8704886548428007E-011
   2.5000000000000001E-002   279.13739628472706        7.3483679265655868E-002  0.57872446891776486        1.6810363393554842E-011
   5.0000000000000003E-002   280.80931187211951        7.4458115756864965E-002  0.58839454084257115        1.8704292766846262E-011
  0.10000000000000001        281.80169958874041        7.4458407408685187E-002  0.58839741389244826        1.8704886511095007E-011
  0.14999999999999999        281.03204269870628        7.4458407426955753E-002  0.58839741407243040        1.8704886548290692E-011
  0.20000000000000001        279.71640277935131        7.4458407426955753E-002  0.58839741407243040        1.8704886548290692E-011
  0.25000000000000000        278.54730048370652        7.4458407426955753E-002  0.58839741407243040        1.8704886548290692E-011
  0.29999999999999999        277.74392228987296        7.4458407426955753E-002  0.58839741407243040        1.8704886548290692E-011
  0.34999999999999998        277.27166360625995        7.4458407426955753E-002  0.58839741407243040        1.8704886548290692E-011
  0.40000000000000002        277.01986596237185        7.4458407427023199E-002  0.58839741407309476        1.8704886548428007E-011
  0.50000000000000000        276.87776097236116        7.4458407427023199E-002  0.58839741407309476        1.8704886548428007E-011
  0.59999999999999998        276.85127504249704        7.4458407427090645E-002  0.58839741407375934        1.8704886548565319E-011
  0.69999999999999996        276.84704846027694        7.4458407427090645E-002  0.58839741407375934        1.8704886548565319E-011
  0.80000000000000004        276.84643693798682        7.4458407426955753E-002  0.58839741407243040        1.8704886548290692E-011
   1.0000000000000000        276.84637707943426        7.4458407427023199E-002  0.58839741407309476        1.8704886548428007E-011
   2.5000000000000001E-002   278.77795160062442        7.3473049865988377E-002  0.57861819645048407        1.6790667701396551E-011
   5.0000000000000003E-002   280.49342573200175        7.4458106960574644E-002  0.58839445419048753        1.8704274859630978E-011
  0.10000000000000001        281.61952635986501        7.4458407407688221E-002  0.58839741388262723        1.8704886509065348E-011
  0.14999999999999999        280.97299498600916        7.4458407426954504E-002  0.58839741407241808        1.8704886548288162E-011
  0.20000000000000001        279.72894096521287        7.4458407426954504E-002  0.58839741407241808        1.8704886548288162E-011
  0.25000000000000000        278.58358874950625        7.4458407426954504E-002  0.58839741407241808        1.8704886548288162E-011
  0.29999999999999999        277.77760938395062        7.4458407426954504E-002  0.58839741407241808        1.8704886548288162E-011
  0.34999999999999998        277.29442875632134        7.4458407426954504E-002  0.58839741407241808        1.8704886548288162E-011
  0.40000000000000002        277.03247664546825        7.4458407427023199E-002  0.58839741407309476        1.8704886548428007E-011
  0.50000000000000000        276.88083355909271        7.4458407427023199E-002  0.58839741407309476        1.8704886548428007E-011
  0.59999999999999998        276.85187455987534        7.4458407427091894E-002  0.58839741407377155        1.8704886548567852E-011
  0.69999999999999996        276.84714702638479        7.4458407427091894E-002  0.58839741407377155        1.8704886548567852E-011
  0.80000000000000004        276.84644764865340        7.4458407426954504E-002  0.58839741407241808        1.8704886548288162E-011
   1.0000000000000000        276.84637749848349        7.4458407427023199E-002  0.58839741407309476        1.8704886548428007E-011
   2.5000000000000001E-002   278.42622736956542        7.3461999806467504E-002  0.57850770002782137        1.6770213997967205E-011
   5.0000000000000003E-002   280.18378044472433        7.4458098067168035E-002  0.58839436658170174        1.8704256754724646E-011
  0.10000000000000001        281.43642909741266        7.4458407406661445E-002  0.58839741387251254        1.8704886506975004E-011
  0.14999999999999999        280.90887340394602        7.4458407426953255E-002  0.58839741407240576        1.8704886548285606E-011
  0.20000000000000001        279.73664812563715        7.4458407426953255E-002  0.58839741407240576        1.8704886548285606E-011
  0.25000000000000000        278.61714560311867        7.4458407426953255E-002  0.58839741407240576        1.8704886548285606E-011
  0.29999999999999999        277.81039159160514        7.4458407426953255E-002  0.58839741407240576        1.8704886548285606E-011
  0.34999999999999998        277.31723886335510        7.4458407426953255E-002  0.58839741407240576        1.8704886548285606E-011
  0.40000000000000002        277.04544333189762        7.4458407427023199E-002  0.58839741407309476        1.8704886548428007E-011
  0.50000000000000000        276.88408878762385        7.4458407427023199E-002  0.58839741407309476        1.8704886548428007E-011
  0.59999999999999998        276.85252608410707        7.4458407427093143E-002  0.58839741407378399        1.8704886548570408E-011
  0.69999999999999996        276.84725665097210        7.4458407427093143E-002  0.58839741407378399        1.8704886548570408E-011
  0.80000000000000004        276.84645985753787        7.4458407426953255E-002  0.58839741407240576        1.8704886548285606E-011
   1.0000000000000000        276.84637798849093        7.4458407427023199E-002  0.58839741407309476        1.8704886548428007E-011
   2.5000000000000001E-002   278.08164762437696        7.3450614052035734E-002  0.57839382736046119        1.6749161771887257E-011
   5.0000000000000003E-002   279.87984005052175        7.4458089072799785E-002  0.58839427797833266        1.8704238444299514E-011
  0.10000000000000001        281.25268205132494        7.4458407405604540E-002  0.58839741386210109        1.8704886504823339E-011
  0.14999999999999999        280.84010940837152        7.4458407426952006E-002  0.58839741407239354        1.8704886548283073E-011
  0.20000000000000001        279.73971721936960        7.4458407426952006E-002  0.58839741407239354        1.8704886548283073E-011
  0.25000000000000000        278.64795091675853        7.4458407426952006E-002  0.58839741407239354        1.8704886548283073E-011
  0.29999999999999999        277.84218317521209        7.4458407426952006E-002  0.58839741407239354        1.8704886548283073E-011
  0.34999999999999998        277.34002892294558        7.4458407426952006E-002  0.58839741407239354        1.8704886548283073E-011
  0.40000000000000002        277.05873788082056        7.4458407427023199E-002  0.58839741407309476        1.8704886548428007E-011
  0.50000000000000000        276.88752739518702        7.4458407427023199E-002  0.58839741407309476        1.8704886548428007E-011
  0.59999999999999998        276.85323188714165        7.4458407427094392E-002  0.58839741407379631        1.8704886548572938E-011
  0.69999999999999996        276.84737815343476        7.4458407427094392E-002  0.58839741407379631        1.8704886548572938E-011
  0.80000000000000004        276.84647372179745        7.4458407426952006E-002  0.58839741407239354        1.8704886548283073E-011
   1.0000000000000000        276.84637855913473        7.4458407427023199E-002  0.58839741407309476        1.8704886548428007E-011
   2.5000000000000001E-002   277.74403254502107        7.3439416312402181E-002  0.57828181585768901        1.6728479784087318E-011
   5.0000000000000003E-002   279.58121254780650        7.4458079977041194E-002  0.58839418837615698        1.8704219927483428E-011
  0.10000000000000001        281.06850364490930        7.4458407404517174E-002  0.58839741385138944        1.8704886502609646E-011
  0.14999999999999999        280.76709485294646        7.4458407426950757E-002  0.58839741407238133        1.8704886548280543E-011
  0.20000000000000001        279.73834230073015        7.4458407426950757E-002  0.58839741407238133        1.8704886548280543E-011
  0.25000000000000000        278.67599876870656        7.4458407426950757E-002  0.58839741407238133        1.8704886548280543E-011
  0.29999999999999999        277.87290722116137        7.4458407426950757E-002  0.58839741407238133        1.8704886548280543E-011
  0.34999999999999998        277.36273579484777        7.4458407426950757E-002  0.58839741407238133        1.8704886548280543E-011
  0.40000000000000002        277.07233073960253        7.4458407427023199E-002  0.58839741407309476        1.8704886548428007E-011
  0.50000000000000000        276.89114941294690        7.4458407427023199E-002  0.58839741407309476        1.8704886548428007E-011
  0.59999999999999998        276.85399415700726        7.4458407427095641E-002  0.58839741407380841        1.8704886548575494E-011
  0.69999999999999996        276.84751237206007        7.4458407427095641E-002  0.58839741407380841        1.8704886548575494E-011
  0.80000000000000004        276.84648940873728        7.4458407426950757E-002  0.58839741407238133        1.8704886548280543E-011
   1.0000000000000000        276.84637922107379        7.4458407427023199E-002  0.58839741407309476        1.8704886548428007E-011
   2.5000000000000001E-002   277.41269486239105        7.3428437502651808E-002  0.57817197579773505        1.6708223893279117E-011
   5.0000000000000003E-002   279.28755141785655        7.4458070781900546E-002  0.58839409779495744        1.8704201208365270E-011
  0.10000000000000001        280.88407352697124        7.4458407403399179E-002  0.58839741384037603        1.8704886500333597E-011
  0.14999999999999999        280.69018508992434        7.4458407426949508E-002  0.58839741407236901        1.8704886548277987E-011
  0.20000000000000001        279.73271601274269        7.4458407426949508E-002  0.58839741407236901        1.8704886548277987E-011
  0.25000000000000000        278.70129558714456        7.4458407426949508E-002  0.58839741407236901        1.8704886548277987E-011
  0.29999999999999999        277.90249541818974        7.4458407426949508E-002  0.58839741407236901        1.8704886548277987E-011
  0.34999999999999998        277.38529854719002        7.4458407426949508E-002  0.58839741407236901        1.8704886548277987E-011
  0.40000000000000002        277.08619119246873        7.4458407427023199E-002  0.58839741407309476        1.8704886548428007E-011
  0.50000000000000000        276.89495416698469        7.4458407427023199E-002  0.58839741407309476        1.8704886548428007E-011
  0.59999999999999998        276.85481498474485        7.4458407427096890E-002  0.58839741407382062        1.8704886548578027E-011
  0.69999999999999996        276.84766016105795        7.4458407427096890E-002  0.58839741407382062        1.8704886548578027E-011
  0.80000000000000004        276.84650709585679        7.4458407426949508E-002  0.58839741407236901        1.8704886548277987E-011
   1.0000000000000000        276.84637998600556        7.4458407427023199E-002  0.58839741407309476        1.8704886548428007E-011
   2.5000000000000001E-002   277.08700510253402        7.3417671036395502E-002  0.57806424236117371        1.6688380660015681E-011
   5.0000000000000003E-002   278.99849480671975        7.4458061489316635E-002  0.58839400625383331        1.8704182290892494E-011
  0.10000000000000001        280.69953617404053        7.4458407402251042E-002  0.58839741382906607        1.8704886497996204E-011
  0.14999999999999999        280.60970214203331        7.4458407426948259E-002  0.58839741407235668        1.8704886548275454E-011
  0.20000000000000001        279.72302768107926        7.4458407426948259E-002  0.58839741407235668        1.8704886548275454E-011
  0.25000000000000000        278.72385841094848        7.4458407426948259E-002  0.58839741407235668        1.8704886548275454E-011
  0.29999999999999999        277.93088773876167        7.4458407426948259E-002  0.58839741407235668        1.8704886548275454E-011
  0.34999999999999998        277.40765873409799        7.4458407426948259E-002  0.58839741407235668        1.8704886548275454E-011
  0.40000000000000002        277.10028760512029        7.4458407427023199E-002  0.58839741407309476        1.8704886548428007E-011
  0.50000000000000000        276.89894028511014        7.4458407427023199E-002  0.58839741407309476        1.8704886548428007E-011
  0.59999999999999998        276.85569635202057        7.4458407427098139E-002  0.58839741407383306        1.8704886548580583E-011
  0.69999999999999996        276.84782238741872        7.4458407427098139E-002  0.58839741407383306        1.8704886548580583E-011
  0.80000000000000004        276.84652697084107        7.4458407426948259E-002  0.58839741407235668        1.8704886548275454E-011
   1.0000000000000000        276.84638086672720        7.4458407427023199E-002  0.58839741407309476        1.8704886548428007E-011
   2.5000000000000001E-002   276.76635014809614        7.3407112401266517E-002  0.57795857142350548        1.6668940538996675E-011
   5.0000000000000003E-002   278.71368076049521        7.4458052101169653E-002  0.58839391377130534        1.8704163178893249E-011
  0.10000000000000001        280.51500399671426        7.4458407401071416E-002  0.58839741381744548        1.8704886495594686E-011
  0.14999999999999999        280.52593738763670        7.4458407426947010E-002  0.58839741407234425        1.8704886548272898E-011
  0.20000000000000001        279.70946187623764        7.4458407426947010E-002  0.58839741407234425        1.8704886548272898E-011
  0.25000000000000000        278.74371328729950        7.4458407426947010E-002  0.58839741407234425        1.8704886548272898E-011
  0.29999999999999999        277.95803204746773        7.4458407426947010E-002  0.58839741407234425        1.8704886548272898E-011
  0.34999999999999998        277.42976061075279        7.4458407426947010E-002  0.58839741407234425        1.8704886548272898E-011
  0.40000000000000002        277.11458766167550        7.4458407427023199E-002  0.58839741407309476        1.8704886548428007E-011
  0.50000000000000000        276.90310570906973        7.4458407427023199E-002  0.58839741407309476        1.8704886548428007E-011
  0.59999999999999998        276.85664011951599        7.4458407427099388E-002  0.58839741407384538        1.8704886548583113E-011
  0.69999999999999996        276.84799992762612        7.4458407427099388E-002  0.58839741407384538        1.8704886548583113E-011
  0.80000000000000004        276.84654923149782        7.4458407426947010E-002  0.58839741407234425        1.8704886548272898E-011
   1.0000000000000000        276.84638187719088        7.4458407427023199E-002  0.58839741407309476        1.8704886548428007E-011
   2.5000000000000001E-002   276.44303096373898        7.3398289560017357E-002  0.57787025930990632        1.6652711516877228E-011
   5.0000000000000003E-002   278.43221134495309        7.4458042622546419E-002  0.58839382039748389        1.8704143882723575E-011
  0.10000000000000001        280.33054952053021        7.4458407399859997E-002  0.58839741380551180        1.8704886493128434E-011
  0.14999999999999999        280.43915375869273        7.4458407426945761E-002  0.58839741407233204        1.8704886548270371E-011
  0.20000000000000001        279.69219733181228        7.4458407426945761E-002  0.58839741407233204        1.8704886548270371E-011
  0.25000000000000000        278.76089381270396        7.4458407426945761E-002  0.58839741407233204        1.8704886548270371E-011
  0.29999999999999999        277.98388365754028        7.4458407426945761E-002  0.58839741407233204        1.8704886548270371E-011
  0.34999999999999998        277.45155129094047        7.4458407426945761E-002  0.58839741407233204        1.8704886548270371E-011
  0.40000000000000002        277.12905859095321        7.4458407427023199E-002  0.58839741407309476        1.8704886548428007E-011
  0.50000000000000000        276.90744771168312        7.4458407427023199E-002  0.58839741407309476        1.8704886548428007E-011
  0.59999999999999998        276.85764801621053        7.4458407427100637E-002  0.58839741407385771        1.8704886548585669E-011
  0.69999999999999996        276.84819366427018        7.4458407427100637E-002  0.58839741407385771        1.8704886548585669E-011
  0.80000000000000004        276.84657408564732        7.4458407426945761E-002  0.58839741407233204        1.8704886548270371E-011
   1.0000000000000000        276.84638303256213        7.4458407427023199E-002  0.58839741407309476        1.8704886548428007E-011
   2.5000000000000001E-002   276.12854895206078        7.3394274843025922E-002  0.57783007012776588        1.6645331301919287E-011
   5.0000000000000003E-002   278.15283694174775        7.4458033088110429E-002  0.58839372647383803        1.8704124472950331E-011
  0.10000000000000001        280.14610504570061        7.4458407398616533E-002  0.58839741379326260        1.8704886490596964E-011
  0.14999999999999999        280.34958165944499        7.4458407426944512E-002  0.58839741407231960        1.8704886548267815E-011
  0.20000000000000001        279.67140590550088        7.4458407426944512E-002  0.58839741407231960        1.8704886548267815E-011
  0.25000000000000000        278.77543980882325        7.4458407426944512E-002  0.58839741407231960        1.8704886548267815E-011
  0.29999999999999999        278.00840485318304        7.4458407426944512E-002  0.58839741407231960        1.8704886548267815E-011
  0.34999999999999998        277.47298085274093        7.4458407426944512E-002  0.58839741407231960        1.8704886548267815E-011
  0.40000000000000002        277.14366737972773        7.4458407427023199E-002  0.58839741407309476        1.8704886548428007E-011
  0.50000000000000000        276.91196291836206        7.4458407427023199E-002  0.58839741407309476        1.8704886548428007E-011
  0.59999999999999998        276.85872162956986        7.4458407427101886E-002  0.58839741407386992        1.8704886548588196E-011
  0.69999999999999996        276.84840448254050        7.4458407427101886E-002  0.58839741407386992        1.8704886548588196E-011
  0.80000000000000004        276.84660175094331        7.4458407426944512E-002  0.58839741407231960        1.8704886548267815E-011
   1.0000000000000000        276.84638434927791        7.4458407427023199E-002  0.58839741407309476        1.8704886548428007E-011
   2.5000000000000001E-002   275.82955096433994        7.3394151903724794E-002  0.57782883940950480        1.6645105349056532E-011
   5.0000000000000003E-002   277.87828122174551        7.4458023536136606E-002  0.58839363237741349        1.8704105027492080E-011
  0.10000000000000001        279.96174758665228        7.4458407397340859E-002  0.58839741378069599        1.8704886487999927E-011
  0.14999999999999999        280.25742199023591        7.4458407426943263E-002  0.58839741407230750        1.8704886548265285E-011
  0.20000000000000001        279.64725125674005        7.4458407426943263E-002  0.58839741407230750        1.8704886548265285E-011
  0.25000000000000000        278.78739608172310        7.4458407426943263E-002  0.58839741407230750        1.8704886548265285E-011
  0.29999999999999999        278.03156438966670        7.4458407426943263E-002  0.58839741407230750        1.8704886548265285E-011
  0.34999999999999998        277.49400239815128        7.4458407426943263E-002  0.58839741407230750        1.8704886548265285E-011
  0.40000000000000002        277.15838097118893        7.4458407427023199E-002  0.58839741407309476        1.8704886548428007E-011
  0.50000000000000000        276.91664733248524        7.4458407427023199E-002  0.58839741407309476        1.8704886548428007E-011
  0.59999999999999998        276.85986239675543        7.4458407427103135E-002  0.58839741407388235        1.8704886548590752E-011
  0.69999999999999996        276.84863326667738        7.4458407427103135E-002  0.58839741407388235        1.8704886548590752E-011
  0.80000000000000004        276.84663245465237        7.4458407426943263E-002  0.58839741407230750        1.8704886548265285E-011
   1.0000000000000000        276.84638584509702        7.4458407427023199E-002  0.58839741407309476        1.8704886548428007E-011
   2.5000000000000001E-002   275.54295400530793        7.3397531736531268E-002  0.57786267333274677        1.6651318197795238E-011
   5.0000000000000003E-002   277.60998025562628        7.4458013999709485E-002  0.58839353843412612        1.8704085613700729E-011
  0.10000000000000001        279.77775945073489        7.4458407396032988E-002  0.58839741376781229        1.8704886485337313E-011
  0.14999999999999999        280.16287200671803        7.4458407426942014E-002  0.58839741407229518        1.8704886548262729E-011
  0.20000000000000001        279.61988932808958        7.4458407426942014E-002  0.58839741407229518        1.8704886548262729E-011
  0.25000000000000000        278.79681131488189        7.4458407426942014E-002  0.58839741407229518        1.8704886548262729E-011
  0.29999999999999999        278.05333697988715        7.4458407426942014E-002  0.58839741407229518        1.8704886548262729E-011
  0.34999999999999998        277.51457207210302        7.4458407426942014E-002  0.58839741407229518        1.8704886548262729E-011
  0.40000000000000002        277.17316644735183        7.4458407427023199E-002  0.58839741407309476        1.8704886548428007E-011
  0.50000000000000000        276.92149636406373        7.4458407427023199E-002  0.58839741407309476        1.8704886548428007E-011
  0.59999999999999998        276.86107159685599        7.4458407427104384E-002  0.58839741407389456        1.8704886548593285E-011
  0.69999999999999996        276.84888089638326        7.4458407427104384E-002  0.58839741407389456        1.8704886548593285E-011
  0.80000000000000004        276.84666643337147        7.4458407426942014E-002  0.58839741407229518        1.8704886548262729E-011
   1.0000000000000000        276.84638753915476        7.4458407427023199E-002  0.58839741407309476        1.8704886548428007E-011
   2.5000000000000001E-002   275.26674027962957        7.3404095862263957E-002  0.57792837874977498        1.6663390259626865E-011
   5.0000000000000003E-002   277.34838743602813        7.4458004508749120E-002  0.58839344493871815        1.8704066292485929E-011
  0.10000000000000001        279.59446854889745        7.4458407394693046E-002  0.58839741375461274        1.8704886482609439E-011
  0.14999999999999999        280.06613581180721        7.4458407426940765E-002  0.58839741407228296        1.8704886548260196E-011
  0.20000000000000001        279.58947041849751        7.4458407426940765E-002  0.58839741407228296        1.8704886548260196E-011
  0.25000000000000000        278.80373725955121        7.4458407426940765E-002  0.58839741407228296        1.8704886548260196E-011
  0.29999999999999999        278.07370278742820        7.4458407426940765E-002  0.58839741407228296        1.8704886548260196E-011
  0.34999999999999998        277.53464904650809        7.4458407426940765E-002  0.58839741407228296        1.8704886548260196E-011
  0.40000000000000002        277.18799119461431        7.4458407427023199E-002  0.58839741407309476        1.8704886548428007E-011
  0.50000000000000000        276.92650486113689        7.4458407427023199E-002  0.58839741407309476        1.8704886548428007E-011
  0.59999999999999998        276.86235034417564        7.4458407427105633E-002  0.58839741407390700        1.8704886548595841E-011
  0.69999999999999996        276.84914824322226        7.4458407427105633E-002  0.58839741407390700        1.8704886548595841E-011
  0.80000000000000004        276.84670393269369        7.4458407426940765E-002  0.58839741407228296        1.8704886548260196E-011
   1.0000000000000000        276.84638945201237        7.4458407427023199E-002  0.58839741407309476        1.8704886548428007E-011
   2.5000000000000001E-002   274.99940856540024        7.3413583731492024E-002  0.57802333858201360        1.6680852927422552E-011
   5.0000000000000003E-002   277.09346171540028        7.4457995090596391E-002  0.58839335216052446        1.8704047119506496E-011
  0.10000000000000001        279.41217618565207        7.4458407393321255E-002  0.58839741374109900        1.8704886479816700E-011
  0.14999999999999999        279.96742282753291        7.4458407426939516E-002  0.58839741407227053        1.8704886548257640E-011
  0.20000000000000001        279.55614109996054        7.4458407426939516E-002  0.58839741407227053        1.8704886548257640E-011
  0.25000000000000000        278.80822822317435        7.4458407426939516E-002  0.58839741407227053        1.8704886548257640E-011
  0.29999999999999999        278.09264695103479        7.4458407426939516E-002  0.58839741407227053        1.8704886548257640E-011
  0.34999999999999998        277.55419547611240        7.4458407426939516E-002  0.58839741407227053        1.8704886548257640E-011
  0.40000000000000002        277.20282305216375        7.4458407427023199E-002  0.58839741407309476        1.8704886548428007E-011
  0.50000000000000000        276.93166714337576        7.4458407427023199E-002  0.58839741407309476        1.8704886548428007E-011
  0.59999999999999998        276.86369958258871        7.4458407427106882E-002  0.58839741407391932        1.8704886548598371E-011
  0.69999999999999996        276.84943616703930        7.4458407427106882E-002  0.58839741407391932        1.8704886548598371E-011
  0.80000000000000004        276.84674520682381        7.4458407426939516E-002  0.58839741407227053        1.8704886548257640E-011
   1.0000000000000000        276.84639160570578        7.4458407427023199E-002  0.58839741407309476        1.8704886548428007E-011
   2.5000000000000001E-002   274.73975024022735        7.3425777366171910E-002  0.57814535908174536        1.6703319181788651E-011
   5.0000000000000003E-002   276.84491201287710        7.4457985770462018E-002  0.58839326034789674        1.8704028146084639E-011
  0.10000000000000001        279.23112968927393        7.4458407391917891E-002  0.58839741372727450        1.8704886476959683E-011
  0.14999999999999999        279.86694247101883        7.4458407426938267E-002  0.58839741407225832        1.8704886548255110E-011
  0.20000000000000001        279.52004537153744        7.4458407426938267E-002  0.58839741407225832        1.8704886548255110E-011
  0.25000000000000000        278.81034075251955        7.4458407426938267E-002  0.58839741407225832        1.8704886548255110E-011
  0.29999999999999999        278.11015915521921        7.4458407426938267E-002  0.58839741407225832        1.8704886548255110E-011
  0.34999999999999998        277.57317643354935        7.4458407426938267E-002  0.58839741407225832        1.8704886548255110E-011
  0.40000000000000002        277.21763044336916        7.4458407427023199E-002  0.58839741407309476        1.8704886548428007E-011
  0.50000000000000000        276.93697703737234        7.4458407427023199E-002  0.58839741407309476        1.8704886548428007E-011
  0.59999999999999998        276.86512008095303        7.4458407427108131E-002  0.58839741407393165        1.8704886548600926E-011
  0.69999999999999996        276.84974551242101        7.4458407427108131E-002  0.58839741407393165        1.8704886548600926E-011
  0.80000000000000004        276.84679051814015        7.4458407426938267E-002  0.58839741407225832        1.8704886548255110E-011
   1.0000000000000000        276.84639402378605        7.4458407427023199E-002  0.58839741407309476        1.8704886548428007E-011
   2.5000000000000001E-002   274.48674398320941        7.3440489943507228E-002  0.57829255626568354        1.6730461787185433E-011
   5.0000000000000003E-002   276.60232489577612        7.4457976571749879E-002  0.58839316973138611        1.8704009419864066E-011
  0.10000000000000001        279.05151588058760        7.4458407390483317E-002  0.58839741371314291        1.8704886474039147E-011
  0.14999999999999999        279.76489850185561        7.4458407426937018E-002  0.58839741407224588        1.8704886548252554E-011
  0.20000000000000001        279.48132504834274        7.4458407426937018E-002  0.58839741407224588        1.8704886548252554E-011
  0.25000000000000000        278.81013340636486        7.4458407426937018E-002  0.58839741407224588        1.8704886548252554E-011
  0.29999999999999999        278.12623324957775        7.4458407426937018E-002  0.58839741407224588        1.8704886548252554E-011
  0.34999999999999998        277.59155983041472        7.4458407426937018E-002  0.58839741407224588        1.8704886548252554E-011
  0.40000000000000002        277.23238249074569        7.4458407427023199E-002  0.58839741407309476        1.8704886548428007E-011
  0.50000000000000000        276.94242791313252        7.4458407427023199E-002  0.58839741407309476        1.8704886548428007E-011
  0.59999999999999998        276.86661242956933        7.4458407427109380E-002  0.58839741407394386        1.8704886548603460E-011
  0.69999999999999996        276.85007710522302        7.4458407427109380E-002  0.58839741407394386        1.8704886548603460E-011
  0.80000000000000004        276.84684013671273        7.4458407426937018E-002  0.58839741407224588        1.8704886548252554E-011
   1.0000000000000000        276.84639673136564        7.4458407427023199E-002  0.58839741407309476        1.8704886548428007E-011
   2.5000000000000001E-002   274.23950204496282        7.3457557820386807E-002  0.57846327661245300        1.6761998021085440E-011
   5.0000000000000003E-002   276.36523315291595        7.4457967516298657E-002  0.58839308052612682        1.8703990985302097E-011
  0.10000000000000001        278.87346389964102        7.4458407389017170E-002  0.58839741369869980        1.8704886471054331E-011
  0.14999999999999999        279.66148434198078        7.4458407426935769E-002  0.58839741407223356        1.8704886548250021E-011
  0.20000000000000001        279.44011957661183        7.4458407426935769E-002  0.58839741407223356        1.8704886548250021E-011
  0.25000000000000000        278.80766654319797        7.4458407426935769E-002  0.58839741407223356        1.8704886548250021E-011
  0.29999999999999999        278.14086691106513        7.4458407426935769E-002  0.58839741407223356        1.8704886548250021E-011
  0.34999999999999998        277.60931632973825        7.4458407426935769E-002  0.58839741407223356        1.8704886548250021E-011
  0.40000000000000002        277.24704911542915        7.4458407427023199E-002  0.58839741407309476        1.8704886548428007E-011
  0.50000000000000000        276.94801272134544        7.4458407427023199E-002  0.58839741407309476        1.8704886548428007E-011
  0.59999999999999998        276.86817703765200        7.4458407427110629E-002  0.58839741407395629        1.8704886548606016E-011
  0.69999999999999996        276.85043174917695        7.4458407427110629E-002  0.58839741407395629        1.8704886548606016E-011
  0.80000000000000004        276.84689433977258        7.4458407426935769E-002  0.58839741407223356        1.8704886548250021E-011
   1.0000000000000000        276.84639975515194        7.4458407427023199E-002  0.58839741407309476        1.8704886548428007E-011
   2.5000000000000001E-002   273.99724037070450        7.3476834996280105E-002  0.57865604205566801        1.6797679018942844E-011
   5.0000000000000003E-002   276.13315334132881        7.4457958624562393E-002  0.58839299293361180        1.8703972884037027E-011
  0.10000000000000001        278.69705181748992        7.4458407387520326E-002  0.58839741368395448        1.8704886468007007E-011
  0.14999999999999999        279.55687970703684        7.4458407426934520E-002  0.58839741407222124        1.8704886548247465E-011
  0.20000000000000001        279.39656549225094        7.4458407426934520E-002  0.58839741407222124        1.8704886548247465E-011
  0.25000000000000000        278.80300208230659        7.4458407426934520E-002  0.58839741407222124        1.8704886548247465E-011
  0.29999999999999999        278.15406133978519        7.4458407426934520E-002  0.58839741407222124        1.8704886548247465E-011
  0.34999999999999998        277.62641925360793        7.4458407426934520E-002  0.58839741407222124        1.8704886548247465E-011
  0.40000000000000002        277.26160112225847        7.4458407427023199E-002  0.58839741407309476        1.8704886548428007E-011
  0.50000000000000000        276.95372403103562        7.4458407427023199E-002  0.58839741407309476        1.8704886548428007E-011
  0.59999999999999998        276.86981413179018        7.4458407427111878E-002  0.58839741407396839        1.8704886548608546E-011
  0.69999999999999996        276.85081022261033        7.4458407427111878E-002  0.58839741407396839        1.8704886548608546E-011
  0.80000000000000004        276.84695341113871        7.4458407426934520E-002  0.58839741407222124        1.8704886548247465E-011
   1.0000000000000000        276.84640312348353        7.4458407427023199E-002  0.58839741407309476        1.8704886548428007E-011
   2.5000000000000001E-002   273.75926042079476        7.3498189210220846E-002  0.57886951125691954        1.6837282213126699E-011
   5.0000000000000003E-002   275.90560655276454        7.4457949915751082E-002  0.58839290714307979        1.8703955155174520E-011
  0.10000000000000001        278.52231434785489        7.4458407385993838E-002  0.58839741366891718        1.8704886464899347E-011
  0.14999999999999999        279.45124848518464        7.4458407426933271E-002  0.58839741407220902        1.8704886548244935E-011
  0.20000000000000001        279.35079570602113        7.4458407426933271E-002  0.58839741407220902        1.8704886548244935E-011
  0.25000000000000000        278.79620322212787        7.4458407426933271E-002  0.58839741407220902        1.8704886548244935E-011
  0.29999999999999999        278.16582097826887        7.4458407426933271E-002  0.58839741407220902        1.8704886548244935E-011
  0.34999999999999998        277.64284448816659        7.4458407426933271E-002  0.58839741407220902        1.8704886548244935E-011
  0.40000000000000002        277.27601027164735        7.4458407427023199E-002  0.58839741407309476        1.8704886548428007E-011
  0.50000000000000000        276.95955406725898        7.4458407427023199E-002  0.58839741407309476        1.8704886548428007E-011
  0.59999999999999998        276.87152375535419        7.4458407427113127E-002  0.58839741407398072        1.8704886548611079E-011
  0.69999999999999996        276.85121327528469        7.4458407427113127E-002  0.58839741407398072        1.8704886548611079E-011
  0.80000000000000004        276.84701764060765        7.4458407426933271E-002  0.58839741407220902        1.8704886548244935E-011
   1.0000000000000000        276.84640686635896        7.4458407427023199E-002  0.58839741407309476        1.8704886548428007E-011
   2.5000000000000001E-002   273.52504967236194        7.3521492572549724E-002  0.57910238623795052        1.6880593642218094E-011
   5.0000000000000003E-002   275.68213773095647        7.4457941407922335E-002  0.58839282333241660        1.8703937835474189E-011
  0.10000000000000001        278.34925058818084        7.4458407384438319E-002  0.58839741365359388        1.8704886461732577E-011
  0.14999999999999999        279.34473765879306        7.4458407426932022E-002  0.58839741407219659        1.8704886548242379E-011
  0.20000000000000001        279.30293874962314        7.4458407426932022E-002  0.58839741407219659        1.8704886548242379E-011
  0.25000000000000000        278.78733411649171        7.4458407426932022E-002  0.58839741407219659        1.8704886548242379E-011
  0.29999999999999999        278.17615324571187        7.4458407426932022E-002  0.58839741407219659        1.8704886548242379E-011
  0.34999999999999998        277.65857038706048        7.4458407426932022E-002  0.58839741407219659        1.8704886548242379E-011
  0.40000000000000002        277.29024933942191        7.4458407427023199E-002  0.58839741407309476        1.8704886548428007E-011
  0.50000000000000000        276.96549474855351        7.4458407427023199E-002  0.58839741407309476        1.8704886548428007E-011
  0.59999999999999998        276.87330576879191        7.4458407427114376E-002  0.58839741407399315        1.8704886548613635E-011
  0.69999999999999996        276.85164162538331        7.4458407427114376E-002  0.58839741407399315        1.8704886548613635E-011
  0.80000000000000004        276.84708732330427        7.4458407426932022E-002  0.58839741407219659        1.8704886548242379E-011
   1.0000000000000000        276.84641101546202        7.4458407427023199E-002  0.58839741407309476        1.8704886548428007E-011
   2.5000000000000001E-002   273.29445773898874        7.3546606803386982E-002  0.57935326527186226        1.6927380050131668E-011
   5.0000000000000003E-002   275.46237821608412        7.4457933117929018E-002  0.58839274166764111        1.8703920959242972E-011
  0.10000000000000001        278.17783415210778        7.4458407382854586E-002  0.58839741363799258        1.8704886458508382E-011
  0.14999999999999999        279.23747716081681        7.4458407426930773E-002  0.58839741407218449        1.8704886548239852E-011
  0.20000000000000001        279.25311807567658        7.4458407426930773E-002  0.58839741407218449        1.8704886548239852E-011
  0.25000000000000000        278.77645951881595        7.4458407426930773E-002  0.58839741407218449        1.8704886548239852E-011
  0.29999999999999999        278.18506828076499        7.4458407426930773E-002  0.58839741407218449        1.8704886548239852E-011
  0.34999999999999998        277.67357767360130        7.4458407426930773E-002  0.58839741407218449        1.8704886548239852E-011
  0.40000000000000002        277.30429216566228        7.4458407427023199E-002  0.58839741407309476        1.8704886548428007E-011
  0.50000000000000000        276.97153772387435        7.4458407427023199E-002  0.58839741407309476        1.8704886548428007E-011
  0.59999999999999998        276.87515985076607        7.4458407427115625E-002  0.58839741407400536        1.8704886548616161E-011
  0.69999999999999996        276.85209595663054        7.4458407427115625E-002  0.58839741407400536        1.8704886548616161E-011
  0.80000000000000004        276.84716275899899        7.4458407426930773E-002  0.58839741407218449        1.8704886548239852E-011
   1.0000000000000000        276.84641560418487        7.4458407427023199E-002  0.58839741407309476        1.8704886548428007E-011
   2.5000000000000001E-002   273.06728586343240        7.3573406050699189E-002  0.57962087126785755        1.6977430880949467E-011
   5.0000000000000003E-002   275.24604301320352        7.4457925061431202E-002  0.58839266230302179        1.8703904558359566E-011
  0.10000000000000001        278.00802514234448        7.4458407381243194E-002  0.58839741362211884        1.8704886455227855E-011
  0.14999999999999999        279.12958079074411        7.4458407426929524E-002  0.58839741407217216        1.8704886548237297E-011
  0.20000000000000001        279.20145149296627        7.4458407426929524E-002  0.58839741407217216        1.8704886548237297E-011
  0.25000000000000000        278.76364440985867        7.4458407426929524E-002  0.58839741407217216        1.8704886548237297E-011
  0.29999999999999999        278.19257868897768        7.4458407426929524E-002  0.58839741407217216        1.8704886548237297E-011
  0.34999999999999998        277.68784934151870        7.4458407426929524E-002  0.58839741407217216        1.8704886548237297E-011
  0.40000000000000002        277.31811369354932        7.4458407427023199E-002  0.58839741407309476        1.8704886548428007E-011
  0.50000000000000000        276.97767440881620        7.4458407427023199E-002  0.58839741407309476        1.8704886548428007E-011
  0.59999999999999998        276.87708550009069        7.4458407427116874E-002  0.58839741407401780        1.8704886548618717E-011
  0.69999999999999996        276.85257691559974        7.4458407427116874E-002  0.58839741407401780        1.8704886548618717E-011
  0.80000000000000004        276.84724425139638        7.4458407426929524E-002  0.58839741407217216        1.8704886548237297E-011
   1.0000000000000000        276.84642066764115        7.4458407427023199E-002  0.58839741407309476        1.8704886548428007E-011
   2.5000000000000001E-002   272.84331541248724        7.3601775427997576E-002  0.57990403727820272        1.7030555426115584E-011
   5.0000000000000003E-002   275.03288998402172        7.4457917253013289E-002  0.58839258538222983        1.8703888662512782E-011
  0.10000000000000001        277.83977673882191        7.4458407379605060E-002  0.58839741360598175        1.8704886451892918E-011
  0.14999999999999999        279.02114777979898        7.4458407426928275E-002  0.58839741407215973        1.8704886548234763E-011
  0.20000000000000001        279.14805079454140        7.4458407426928275E-002  0.58839741407215973        1.8704886548234763E-011
  0.25000000000000000        278.74895362819422        7.4458407426928275E-002  0.58839741407215973        1.8704886548234763E-011
  0.29999999999999999        278.19869929323534        7.4458407426928275E-002  0.58839741407215973        1.8704886548234763E-011
  0.34999999999999998        277.70137055397197        7.4458407426928275E-002  0.58839741407215973        1.8704886548234763E-011
  0.40000000000000002        277.33168999905649        7.4458407427023199E-002  0.58839741407309476        1.8704886548428007E-011
  0.50000000000000000        276.98389602092601        7.4458407427023199E-002  0.58839741407309476        1.8704886548428007E-011
  0.59999999999999998        276.87908203840055        7.4458407427118123E-002  0.58839741407403001        1.8704886548621247E-011
  0.69999999999999996        276.85308510918850        7.4458407427118123E-002  0.58839741407403001        1.8704886548621247E-011
  0.80000000000000004        276.84733210739898        7.4458407426928275E-002  0.58839741407215973        1.8704886548234763E-011
   1.0000000000000000        276.84642624268116        7.4458407427023199E-002  0.58839741407309476        1.8704886548428007E-011
   2.5000000000000001E-002   272.62234183171080        7.3631608435112170E-002  0.58020168083379409        1.7086577904638051E-011
   5.0000000000000003E-002   274.82270575409802        7.4457909706267811E-002  0.58839251103916679        1.8703873299372229E-011
  0.10000000000000001        277.67303838438306        7.4458407377941030E-002  0.58839741358958952        1.8704886448505242E-011
  0.14999999999999999        278.91226445647982        7.4458407426927026E-002  0.58839741407214730        1.8704886548232208E-011
  0.20000000000000001        279.09302157434786        7.4458407426927026E-002  0.58839741407214730        1.8704886548232208E-011
  0.25000000000000000        278.73245152133273        7.4458407426927026E-002  0.58839741407214730        1.8704886548232208E-011
  0.29999999999999999        278.20344688767261        7.4458407426927026E-002  0.58839741407214730        1.8704886548232208E-011
  0.34999999999999998        277.71412854064806        7.4458407426927026E-002  0.58839741407214730        1.8704886548232208E-011
  0.40000000000000002        277.34499831221484        7.4458407427023199E-002  0.58839741407309476        1.8704886548428007E-011
  0.50000000000000000        276.99019361395233        7.4458407427023199E-002  0.58839741407309476        1.8704886548428007E-011
  0.59999999999999998        276.88114861349493        7.4458407427119372E-002  0.58839741407404234        1.8704886548623803E-011
  0.69999999999999996        276.85362110227220        7.4458407427119372E-002  0.58839741407404234        1.8704886548623803E-011
  0.80000000000000004        276.84742663634734        7.4458407426927026E-002  0.58839741407214730        1.8704886548232208E-011
   1.0000000000000000        276.84643236789719        7.4458407427023199E-002  0.58839741407309476        1.8704886548428007E-011
   2.5000000000000001E-002   272.40418007114255        7.3662805945642090E-002  0.58051279391471011        1.7145335477636506E-011
   5.0000000000000003E-002   274.61529974583789        7.4457902433865214E-002  0.58839243939865038        1.8703858494730335E-011
  0.10000000000000001        277.50775770356501        7.4458407376252089E-002  0.58839741357295194        1.8704886445066852E-011
  0.14999999999999999        278.80300581879175        7.4458407426925777E-002  0.58839741407213519        1.8704886548229677E-011
  0.20000000000000001        279.03646319778858        7.4458407426925777E-002  0.58839741407213519        1.8704886548229677E-011
  0.25000000000000000        278.71420162991677        7.4458407426925777E-002  0.58839741407213519        1.8704886548229677E-011
  0.29999999999999999        278.20683999680409        7.4458407426925777E-002  0.58839741407213519        1.8704886548229677E-011
  0.34999999999999998        277.72611249294886        7.4458407426925777E-002  0.58839741407213519        1.8704886548229677E-011
  0.40000000000000002        277.35801703063271        7.4458407427023199E-002  0.58839741407309476        1.8704886548428007E-011
  0.50000000000000000        276.99655811090139        7.4458407427023199E-002  0.58839741407309476        1.8704886548428007E-011
  0.59999999999999998        276.88328420330367        7.4458407427120621E-002  0.58839741407405444        1.8704886548626336E-011
  0.69999999999999996        276.85418541556015        7.4458407427120621E-002  0.58839741407405444        1.8704886548626336E-011
  0.80000000000000004        276.84752814923962        7.4458407426925777E-002  0.58839741407213519        1.8704886548229677E-011
   1.0000000000000000        276.84643908362472        7.4458407427023199E-002  0.58839741407309476        1.8704886548428007E-011
   2.5000000000000001E-002   272.18866507943659        7.3695275486792763E-002  0.58083643581998512        1.7206676830978562E-011
   5.0000000000000003E-002   274.41050084659759        7.4457895447618008E-002  0.58839237057704619        1.8703844272632975E-011
  0.10000000000000001        277.34388179895836        7.4458407374540306E-002  0.58839741355608932        1.8704886441581944E-011
  0.14999999999999999        278.69343696231653        7.4458407426924528E-002  0.58839741407212298        1.8704886548227144E-011
  0.20000000000000001        278.97846888935038        7.4458407426924528E-002  0.58839741407212298        1.8704886548227144E-011
  0.25000000000000000        278.69426641187783        7.4458407426924528E-002  0.58839741407212298        1.8704886548227144E-011
  0.29999999999999999        278.20889864219885        7.4458407426924528E-002  0.58839741407212298        1.8704886548227144E-011
  0.34999999999999998        277.73731345752628        7.4458407426924528E-002  0.58839741407212298        1.8704886548227144E-011
  0.40000000000000002        277.37072572585731        7.4458407427023199E-002  0.58839741407309476        1.8704886548428007E-011
  0.50000000000000000        277.00298033578633        7.4458407427023199E-002  0.58839741407309476        1.8704886548428007E-011
  0.59999999999999998        276.88548762041296        7.4458407427121870E-002  0.58839741407406687        1.8704886548628892E-011
  0.69999999999999996        276.85477852363317        7.4458407427121870E-002  0.58839741407406687        1.8704886548628892E-011
  0.80000000000000004        276.84763695794004        7.4458407426924528E-002  0.58839741407212298        1.8704886548227144E-011
   1.0000000000000000        276.84644643193968        7.4458407427023199E-002  0.58839741407309476        1.8704886548428007E-011
   2.5000000000000001E-002   271.97565130470809        7.3728930622907599E-002  0.58117172705505427        1.7270460970744444E-011
   5.0000000000000003E-002   274.20815527650029        7.4457888758536719E-002  0.58839230468282033        1.8703830655493394E-011
  0.10000000000000001        277.18135818805251        7.4458407372805388E-002  0.58839741353899866        1.8704886438049944E-011
  0.14999999999999999        278.58361435685697        7.4458407426923279E-002  0.58839741407211066        1.8704886548224588E-011
  0.20000000000000001        278.91912590549373        7.4458407426923279E-002  0.58839741407211066        1.8704886548224588E-011
  0.25000000000000000        278.67270700918800        7.4458407426923279E-002  0.58839741407211066        1.8704886548224588E-011
  0.29999999999999999        278.20964411899223        7.4458407426923279E-002  0.58839741407211066        1.8704886548224588E-011
  0.34999999999999998        277.74772422864794        7.4458407426923279E-002  0.58839741407211066        1.8704886548224588E-011
  0.40000000000000002        277.38310514312963        7.4458407427023199E-002  0.58839741407309476        1.8704886548428007E-011
  0.50000000000000000        277.00945104397130        7.4458407427023199E-002  0.58839741407309476        1.8704886548428007E-011
  0.59999999999999998        276.88775751709807        7.4458407427123119E-002  0.58839741407407908        1.8704886548631422E-011
  0.69999999999999996        276.85540085318371        7.4458407427123119E-002  0.58839741407407908        1.8704886548631422E-011
  0.80000000000000004        276.84775337437225        7.4458407426923279E-002  0.58839741407211066        1.8704886548224588E-011
   1.0000000000000000        276.84645445665251        7.4458407427023199E-002  0.58839741407309476        1.8704886548428007E-011
   2.5000000000000001E-002   271.76501198563039        7.3763690409535329E-002  0.58151784390915551        1.7336556165842027E-011
   5.0000000000000003E-002   274.00812512043956        7.4457882376881251E-002  0.58839224181704397        1.8703817664196813E-011
  0.10000000000000001        277.02013551515734        7.4458407371048529E-002  0.58839741352169206        1.8704886434473302E-011
  0.14999999999999999        278.47358698030831        7.4458407426922030E-002  0.58839741407209822        1.8704886548222058E-011
  0.20000000000000001        278.85851576727464        7.4458407426922030E-002  0.58839741407209822        1.8704886548222058E-011
  0.25000000000000000        278.64958305696854        7.4458407426922030E-002  0.58839741407209822        1.8704886548222058E-011
  0.29999999999999999        278.20909878438351        7.4458407426922030E-002  0.58839741407209822        1.8704886548222058E-011
  0.34999999999999998        277.75733924006585        7.4458407426922030E-002  0.58839741407209822        1.8704886548222058E-011
  0.40000000000000002        277.39513719511223        7.4458407427023199E-002  0.58839741407309476        1.8704886548428007E-011
  0.50000000000000000        277.01596095104475        7.4458407427023199E-002  0.58839741407309476        1.8704886548428007E-011
  0.59999999999999998        276.89009239080264        7.4458407427124368E-002  0.58839741407409141        1.8704886548633978E-011
  0.69999999999999996        276.85605278146608        7.4458407427124368E-002  0.58839741407409141        1.8704886548633978E-011
  0.80000000000000004        276.84787770970905        7.4458407426922030E-002  0.58839741407209822        1.8704886548222058E-011
   1.0000000000000000        276.84646320329063        7.4458407427023199E-002  0.58839741407309476        1.8704886548428007E-011
   2.5000000000000001E-002   271.55663837757311        7.3799478911104180E-002  0.58187401365617908        1.7404839021897407E-011
   5.0000000000000003E-002   273.81028725766134        7.4457876312208515E-002  0.58839218207386335        1.8703805318197276E-011
  0.10000000000000001        276.86016411485781        7.4458407369270674E-002  0.58839741350417851        1.8704886430853889E-011
  0.14999999999999999        278.36339732399193        7.4458407426920781E-002  0.58839741407208579        1.8704886548219503E-011
  0.20000000000000001        278.79671453281395        7.4458407426920781E-002  0.58839741407208579        1.8704886548219503E-011
  0.25000000000000000        278.62495253273795        7.4458407426920781E-002  0.58839741407208579        1.8704886548219503E-011
  0.29999999999999999        278.20728585960825        7.4458407426920781E-002  0.58839741407208579        1.8704886548219503E-011
  0.34999999999999998        277.76615445711769        7.4458407426920781E-002  0.58839741407208579        1.8704886548219503E-011
  0.40000000000000002        277.40680495008968        7.4458407427023199E-002  0.58839741407309476        1.8704886548428007E-011
  0.50000000000000000        277.02250076015213        7.4458407427023199E-002  0.58839741407309476        1.8704886548428007E-011
  0.59999999999999998        276.89249059001412        7.4458407427125617E-002  0.58839741407410373        1.8704886548636511E-011
  0.69999999999999996        276.85673463493697        7.4458407427125617E-002  0.58839741407410373        1.8704886548636511E-011
  0.80000000000000004        276.84801027355275        7.4458407426920781E-002  0.58839741407208579        1.8704886548219503E-011
   1.0000000000000000        276.84647271908221        7.4458407427023199E-002  0.58839741407309476        1.8704886548428007E-011
   2.5000000000000001E-002   271.35043893047026        7.3836224778010662E-002  0.58223951033909693        1.7475193676459773E-011
   5.0000000000000003E-002   273.61453253045295        7.4457870573413298E-002  0.58839212554090192        1.8703793635600981E-011
  0.10000000000000001        276.70139647188392        7.4458407367472917E-002  0.58839741348646890        1.8704886427193961E-011
  0.14999999999999999        278.25308228487222        7.4458407426919532E-002  0.58839741407207358        1.8704886548216969E-011
  0.20000000000000001        278.73379309468294        7.4458407426919532E-002  0.58839741407207358        1.8704886548216969E-011
  0.25000000000000000        278.59887164265200        7.4458407426919532E-002  0.58839741407207358        1.8704886548216969E-011
  0.29999999999999999        278.20422924662051        7.4458407426919532E-002  0.58839741407207358        1.8704886548216969E-011
  0.34999999999999998        277.77416726985746        7.4458407426919532E-002  0.58839741407207358        1.8704886548216969E-011
  0.40000000000000002        277.41809261518881        7.4458407427023199E-002  0.58839741407309476        1.8704886548428007E-011
  0.50000000000000000        277.02906118774604        7.4458407427023199E-002  0.58839741407309476        1.8704886548428007E-011
  0.59999999999999998        276.89495032047478        7.4458407427126866E-002  0.58839741407411617        1.8704886548639067E-011
  0.69999999999999996        276.85744668809338        7.4458407427126866E-002  0.58839741407411617        1.8704886548639067E-011
  0.80000000000000004        276.84815137312319        7.4458407426919532E-002  0.58839741407207358        1.8704886548216969E-011
   1.0000000000000000        276.84648305293280        7.4458407427023199E-002  0.58839741407309476        1.8704886548428007E-011
   2.5000000000000001E-002   271.14633841757262        7.3873860877846115E-002  0.58261365108676932        1.7547511104105373E-011
   5.0000000000000003E-002   273.42076505112874        7.4457865168772341E-002  0.58839207229969515        1.8703782633255982E-011
  0.10000000000000001        276.54378760373106        7.4458407365656357E-002  0.58839741346857399        1.8704886423495769E-011
  0.14999999999999999        278.14267395916613        7.4458407426918283E-002  0.58839741407206148        1.8704886548214413E-011
  0.20000000000000001        278.66981749097789        7.4458407426918283E-002  0.58839741407206148        1.8704886548214413E-011
  0.25000000000000000        278.57139474091105        7.4458407426918283E-002  0.58839741407206148        1.8704886548214413E-011
  0.29999999999999999        278.19995336003615        7.4458407426918283E-002  0.58839741407206148        1.8704886548214413E-011
  0.34999999999999998        277.78137638797114        7.4458407426918283E-002  0.58839741407206148        1.8704886548214413E-011
  0.40000000000000002        277.42898551513889        7.4458407427023199E-002  0.58839741407309476        1.8704886548428007E-011
  0.50000000000000000        277.03563298772985        7.4458407427023199E-002  0.58839741407309476        1.8704886548428007E-011
  0.59999999999999998        276.89746965167870        7.4458407427128115E-002  0.58839741407412838        1.8704886548641594E-011
  0.69999999999999996        276.85818916251532        7.4458407427128115E-002  0.58839741407412838        1.8704886548641594E-011
  0.80000000000000004        276.84830131243706        7.4458407426918283E-002  0.58839741407206148        1.8704886548214413E-011
   1.0000000000000000        276.84649425539590        7.4458407427023199E-002  0.58839741407309476        1.8704886548428007E-011
   2.5000000000000001E-002   270.94403162790479        7.3912330337289667E-002  0.58299585609951532        1.7621700812122092E-011
   5.0000000000000003E-002   273.22888448926261        7.4457860105991883E-002  0.58839202242615729        1.8703772326848958E-011
  0.10000000000000001        276.38729499303525        7.4458407363822129E-002  0.58839741345050500        1.8704886419761591E-011
  0.14999999999999999        278.03220034265337        7.4458407426917034E-002  0.58839741407204915        1.8704886548211887E-011
  0.20000000000000001        278.60484922188516        7.4458407426917034E-002  0.58839741407204915        1.8704886548211887E-011
  0.25000000000000000        278.54257427855612        7.4458407426917034E-002  0.58839741407204915        1.8704886548211887E-011
  0.29999999999999999        278.19448297468534        7.4458407426917034E-002  0.58839741407204915        1.8704886548211887E-011
  0.34999999999999998        277.78778173821684        7.4458407426917034E-002  0.58839741407204915        1.8704886548211887E-011
  0.40000000000000002        277.43947006710346        7.4458407427023199E-002  0.58839741407309476        1.8704886548428007E-011
  0.50000000000000000        277.04220697396153        7.4458407427023199E-002  0.58839741407309476        1.8704886548428007E-011
  0.59999999999999998        276.90004652360676        7.4458407427129364E-002  0.58839741407414070        1.8704886548644153E-011
  0.69999999999999996        276.85896222609676        7.4458407427129364E-002  0.58839741407414070        1.8704886548644153E-011
  0.80000000000000004        276.84846039150301        7.4458407426917034E-002  0.58839741407204915        1.8704886548211887E-011
   1.0000000000000000        276.84650637863899        7.4458407427023199E-002  0.58839741407309476        1.8704886548428007E-011
   2.5000000000000001E-002   270.74257461578708        7.3951599218574415E-002  0.58338577426410676        1.7697715685694006E-011
   5.0000000000000003E-002   273.03866171233955        7.4457855392383379E-002  0.58839197599231530        1.8703762731262999E-011
  0.10000000000000001        276.23187173072535        7.4458407361971776E-002  0.58839741343227736        1.8704886415994591E-011
  0.14999999999999999        277.92168566899977        7.4458407426915785E-002  0.58839741407203672        1.8704886548209331E-011
  0.20000000000000001        278.53894555605865        7.4458407426915785E-002  0.58839741407203672        1.8704886548209331E-011
  0.25000000000000000        278.51246077747516        7.4458407426915785E-002  0.58839741407203672        1.8704886548209331E-011
  0.29999999999999999        278.18784308859381        7.4458407426915785E-002  0.58839741407203672        1.8704886548209331E-011
  0.34999999999999998        277.79338436498813        7.4458407426915785E-002  0.58839741407203672        1.8704886548209331E-011
  0.40000000000000002        277.44953375209957        7.4458407427023199E-002  0.58839741407309476        1.8704886548428007E-011
  0.50000000000000000        277.04877404113108        7.4458407427023199E-002  0.58839741407309476        1.8704886548428007E-011
  0.59999999999999998        276.90267875365765        7.4458407427130613E-002  0.58839741407415291        1.8704886548646680E-011
  0.69999999999999996        276.85976599247306        7.4458407427130613E-002  0.58839741407415291        1.8704886548646680E-011
  0.80000000000000004        276.84862890552017        7.4458407426915785E-002  0.58839741407203672        1.8704886548209331E-011
   1.0000000000000000        276.84651947640572        7.4458407427023199E-002  0.58839741407309476        1.8704886548428007E-011
   2.5000000000000001E-002   270.54128177546727        7.3991630477037246E-002  0.58378302417848360        1.7775502051086255E-011
   5.0000000000000003E-002   272.84975220880841        7.4457851034952435E-002  0.58839193306718185        1.8703753860758597E-011
  0.10000000000000001        276.07745369218912        7.4458407360105755E-002  0.58839741341389551        1.8704886412195703E-011
  0.14999999999999999        277.81114964703573        7.4458407426914536E-002  0.58839741407202450        1.8704886548206801E-011
  0.20000000000000001        278.47215975868193        7.4458407426914536E-002  0.58839741407202450        1.8704886548206801E-011
  0.25000000000000000        278.48110282264741        7.4458407426914536E-002  0.58839741407202450        1.8704886548206801E-011
  0.29999999999999999        278.18005880097036        7.4458407426914536E-002  0.58839741407202450        1.8704886548206801E-011
  0.34999999999999998        277.79818633459979        7.4458407426914536E-002  0.58839741407202450        1.8704886548206801E-011
  0.40000000000000002        277.45916508350371        7.4458407427023199E-002  0.58839741407309476        1.8704886548428007E-011
  0.50000000000000000        277.05532518400440        7.4458407427023199E-002  0.58839741407309476        1.8704886548428007E-011
  0.59999999999999998        276.90536404371238        7.4458407427131862E-002  0.58839741407416524        1.8704886548649236E-011
  0.69999999999999996        276.86060052062965        7.4458407427131862E-002  0.58839741407416524        1.8704886548649236E-011
  0.80000000000000004        276.84880714409167        7.4458407426914536E-002  0.58839741407202450        1.8704886548206801E-011
   1.0000000000000000        276.84653360396959        7.4458407427023199E-002  0.58839741407309476        1.8704886548428007E-011
   2.5000000000000001E-002   270.33965228819676        7.4032383465851725E-002  0.58418718937552339        1.7854998537705405E-011
   5.0000000000000003E-002   272.66179136385830        7.4457847040352285E-002  0.58839189371629885        1.8703745728878909E-011
  0.10000000000000001        275.92395682177437        7.4458407358225662E-002  0.58839741339537466        1.8704886408368170E-011
  0.14999999999999999        277.70060612290581        7.4458407426913287E-002  0.58839741407201218        1.8704886548204245E-011
  0.20000000000000001        278.40454116814141        7.4458407426913287E-002  0.58839741407201218        1.8704886548204245E-011
  0.25000000000000000        278.44854705901020        7.4458407426913287E-002  0.58839741407201218        1.8704886548204245E-011
  0.29999999999999999        278.17115520376399        7.4458407426913287E-002  0.58839741407201218        1.8704886548204245E-011
  0.34999999999999998        277.80219064364218        7.4458407426913287E-002  0.58839741407201218        1.8704886548204245E-011
  0.40000000000000002        277.46835357313893        7.4458407427023199E-002  0.58839741407309476        1.8704886548428007E-011
  0.50000000000000000        277.06185151505883        7.4458407427023199E-002  0.58839741407309476        1.8704886548428007E-011
  0.59999999999999998        276.90809998729776        7.4458407427133111E-002  0.58839741407417767        1.8704886548651769E-011
  0.69999999999999996        276.86146581468614        7.4458407427133111E-002  0.58839741407417767        1.8704886548651769E-011
  0.80000000000000004        276.84899539044977        7.4458407426913287E-002  0.58839741407201218        1.8704886548204245E-011
   1.0000000000000000        276.84654881808967        7.4458407427023199E-002  0.58839741407309476        1.8704886548428007E-011
   2.5000000000000001E-002   270.13727600623321        7.4073815453042410E-002  0.58459783350583283        1.7936138859779876E-011
   5.0000000000000003E-002   272.47442625532233        7.4457843414859962E-002  0.58839185800150240        1.8703738348401375E-011
  0.10000000000000001        275.77128022091625        7.4458407356332718E-002  0.58839741337672746        1.8704886404514465E-011
  0.14999999999999999        277.59006208687629        7.4458407426912038E-002  0.58839741407199997        1.8704886548201712E-011
  0.20000000000000001        278.33613514699113        7.4458407426912038E-002  0.58839741407199997        1.8704886548201712E-011
  0.25000000000000000        278.41483817983516        7.4458407426912038E-002  0.58839741407199997        1.8704886548201712E-011
  0.29999999999999999        278.16115728442753        7.4458407426912038E-002  0.58839741407199997        1.8704886548201712E-011
  0.34999999999999998        277.80540113161123        7.4458407426912038E-002  0.58839741407199997        1.8704886548201712E-011
  0.40000000000000002        277.47708969539667        7.4458407427023199E-002  0.58839741407309476        1.8704886548428007E-011
  0.50000000000000000        277.06834428054054        7.4458407427023199E-002  0.58839741407309476        1.8704886548428007E-011
  0.59999999999999998        276.91088407681497        7.4458407427134360E-002  0.58839741407419011        1.8704886548654325E-011
  0.69999999999999996        276.86236182385494        7.4458407427134360E-002  0.58839741407419011        1.8704886548654325E-011
  0.80000000000000004        276.84919392069929        7.4458407426912038E-002  0.58839741407199997        1.8704886548201712E-011
   1.0000000000000000        276.84656517695481        7.4458407427023199E-002  0.58839741407309476        1.8704886548428007E-011
   2.5000000000000001E-002   269.93380850792033        7.4115881649244486E-002  0.58501450071936723        1.8018851729723064E-011
   5.0000000000000003E-002   272.28732676267470        7.4457840164359038E-002  0.58839182598075146        1.8703731731302504E-011
  0.10000000000000001        275.61931032768319        7.4458407354428172E-002  0.58839741335796591        1.8704886400637127E-011
  0.14999999999999999        277.47951721405678        7.4458407426910789E-002  0.58839741407198765        1.8704886548199156E-011
  0.20000000000000001        278.26698297460030        7.4458407426910789E-002  0.58839741407198765        1.8704886548199156E-011
  0.25000000000000000        278.38001890072309        7.4458407426910789E-002  0.58839741407198765        1.8704886548199156E-011
  0.29999999999999999        278.15008983705860        7.4458407426910789E-002  0.58839741407198765        1.8704886548199156E-011
  0.34999999999999998        277.80782239776244        7.4458407426910789E-002  0.58839741407198765        1.8704886548199156E-011
  0.40000000000000002        277.48536484981321        7.4458407427023199E-002  0.58839741407309476        1.8704886548428007E-011
  0.50000000000000000        277.07479487497028        7.4458407427023199E-002  0.58839741407309476        1.8704886548428007E-011
  0.59999999999999998        276.91371371078333        7.4458407427135609E-002  0.58839741407420232        1.8704886548656855E-011
  0.69999999999999996        276.86328844256798        7.4458407427135609E-002  0.58839741407420232        1.8704886548656855E-011
  0.80000000000000004        276.84940300308466        7.4458407426910789E-002  0.58839741407198765        1.8704886548199156E-011
   1.0000000000000000        276.84658274012696        7.4458407427023199E-002  0.58839741407309476        1.8704886548428007E-011
   2.5000000000000001E-002   269.72896210670257        7.4158535101387438E-002  0.58543671471906256        1.8103060505316212E-011
   5.0000000000000003E-002   272.10019017551997        7.4457837294321649E-002  0.58839179770795358        1.8703725888721282E-011
  0.10000000000000001        275.46792495918424        7.4458407352513273E-002  0.58839741333910234        1.8704886396738734E-011
  0.14999999999999999        277.36896386552274        7.4458407426909540E-002  0.58839741407197521        1.8704886548196626E-011
  0.20000000000000001        278.19712173767249        7.4458407426909540E-002  0.58839741407197521        1.8704886548196626E-011
  0.25000000000000000        278.34412992006264        7.4458407426909540E-002  0.58839741407197521        1.8704886548196626E-011
  0.29999999999999999        278.13797737941735        7.4458407426909540E-002  0.58839741407197521        1.8704886548196626E-011
  0.34999999999999998        277.80945972192779        7.4458407426909540E-002  0.58839741407197521        1.8704886548196626E-011
  0.40000000000000002        277.49317132247302        7.4458407427023199E-002  0.58839741407309476        1.8704886548428007E-011
  0.50000000000000000        277.08119485415148        7.4458407427023199E-002  0.58839741407309476        1.8704886548428007E-011
  0.59999999999999998        276.91658620107847        7.4458407427136858E-002  0.58839741407421464        1.8704886548659411E-011
  0.69999999999999996        276.86424551075584        7.4458407427136858E-002  0.58839741407421464        1.8704886548659411E-011
  0.80000000000000004        276.84962289727088        7.4458407426909540E-002  0.58839741407197521        1.8704886548196626E-011
   1.0000000000000000        276.84660156847906        7.4458407427023199E-002  0.58839741407309476        1.8704886548428007E-011
   2.5000000000000001E-002   269.52253054932078        7.4201725479592487E-002  0.58586396687278675        1.8188680631378019E-011
   5.0000000000000003E-002   271.91274424389496        7.4457834809787377E-002  0.58839177323275371        1.8703720830916237E-011
  0.10000000000000001        275.31699692167564        7.4458407350589312E-002  0.58839741332014950        1.8704886392821866E-011
  0.14999999999999999        277.25838743494967        7.4458407426908291E-002  0.58839741407196278        1.8704886548194070E-011
  0.20000000000000001        278.12658425499063        7.4458407426908291E-002  0.58839741407196278        1.8704886548194070E-011
  0.25000000000000000        278.30720987063773        7.4458407426908291E-002  0.58839741407196278        1.8704886548194070E-011
  0.29999999999999999        278.12484407399654        7.4458407426908291E-002  0.58839741407196278        1.8704886548194070E-011
  0.34999999999999998        277.81031898890035        7.4458407426908291E-002  0.58839741407196278        1.8704886548194070E-011
  0.40000000000000002        277.50050224654325        7.4458407427023199E-002  0.58839741407309476        1.8704886548428007E-011
  0.50000000000000000        277.08753594672328        7.4458407427023199E-002  0.58839741407309476        1.8704886548428007E-011
  0.59999999999999998        276.91949878011604        7.4458407427138107E-002  0.58839741407422674        1.8704886548661944E-011
  0.69999999999999996        276.86523281428015        7.4458407427138107E-002  0.58839741407422674        1.8704886548661944E-011
  0.80000000000000004        276.84985385365366        7.4458407426908291E-002  0.58839741407196278        1.8704886548194070E-011
   1.0000000000000000        276.84662172413141        7.4458407427023199E-002  0.58839741407309476        1.8704886548428007E-011
   2.5000000000000001E-002   269.32089297740072        7.4245103105453653E-002  0.58629279139227308        1.8275029039922299E-011
   5.0000000000000003E-002   271.72514577713434        7.4457832714709848E-002  0.58839175259410004        1.8703716565935294E-011
  0.10000000000000001        275.16640568243588        7.4458407348657926E-002  0.58839741330112361        1.8704886388889918E-011
  0.14999999999999999        277.14776710612779        7.4458407426907042E-002  0.58839741407195068        1.8704886548191537E-011
  0.20000000000000001        278.05539905951889        7.4458407426907042E-002  0.58839741407195068        1.8704886548191537E-011
  0.25000000000000000        278.26929526874579        7.4458407426907042E-002  0.58839741407195068        1.8704886548191537E-011
  0.29999999999999999        278.11071365226428        7.4458407426907042E-002  0.58839741407195068        1.8704886548191537E-011
  0.34999999999999998        277.81040661602196        7.4458407426907042E-002  0.58839741407195068        1.8704886548191537E-011
  0.40000000000000002        277.50735156221305        7.4458407427023199E-002  0.58839741407309476        1.8704886548428007E-011
  0.50000000000000000        277.09381006433063        7.4458407427023199E-002  0.58839741407309476        1.8704886548428007E-011
  0.59999999999999998        276.92244860796120        7.4458407427139356E-002  0.58839741407423918        1.8704886548664500E-011
  0.69999999999999996        276.86625008550362        7.4458407427139356E-002  0.58839741407423918        1.8704886548664500E-011
  0.80000000000000004        276.85009611269516        7.4458407426907042E-002  0.58839741407195068        1.8704886548191537E-011
   1.0000000000000000        276.84664327037740        7.4458407427023199E-002  0.58839741407309476        1.8704886548428007E-011
   2.5000000000000001E-002   269.18824486682325        7.4285136945752214E-002  0.58668831109753850        1.8355039884996628E-011
   5.0000000000000003E-002   271.54507170826264        7.4457830998110291E-002  0.58839173568384040        1.8703713071428298E-011
  0.10000000000000001        275.01633300726576        7.4458407346721045E-002  0.58839741328204342        1.8704886384946751E-011
  0.14999999999999999        277.03708656716231        7.4458407426905793E-002  0.58839741407193835        1.8704886548188981E-011
  0.20000000000000001        277.98359073547891        7.4458407426905793E-002  0.58839741407193835        1.8704886548188981E-011
  0.25000000000000000        278.23042047480197        7.4458407426905793E-002  0.58839741407193835        1.8704886548188981E-011
  0.29999999999999999        278.09560934195622        7.4458407426905793E-002  0.58839741407193835        1.8704886548188981E-011
  0.34999999999999998        277.80972948356157        7.4458407426905793E-002  0.58839741407193835        1.8704886548188981E-011
  0.40000000000000002        277.51371397620989        7.4458407427023199E-002  0.58839741407309476        1.8704886548428007E-011
  0.50000000000000000        277.10000931042418        7.4458407427023199E-002  0.58839741407309476        1.8704886548428007E-011
  0.59999999999999998        276.92543277933385        7.4458407427140605E-002  0.58839741407425139        1.8704886548667030E-011
  0.69999999999999996        276.86729700399655        7.4458407427140605E-002  0.58839741407425139        1.8704886548667030E-011
  0.80000000000000004        276.85034990428215        7.4458407426905793E-002  0.58839741407193835        1.8704886548188981E-011
   1.0000000000000000        276.84666627161636        7.4458407427023199E-002  0.58839741407309476        1.8704886548428007E-011
   2.5000000000000001E-002   269.19690103024266        7.4315228084757989E-002  0.58698544357083238        1.8415381427124828E-011
   5.0000000000000003E-002   271.39572744259402        7.4457829599587563E-002  0.58839172190696232        1.8703710224435397E-011
  0.10000000000000001        274.86844726254071        7.4458407344778890E-002  0.58839741326291128        1.8704886380992864E-011
  0.14999999999999999        276.92641490274985        7.4458407426904544E-002  0.58839741407192614        1.8704886548186451E-011
  0.20000000000000001        277.91118403085682        7.4458407426904544E-002  0.58839741407192614        1.8704886548186451E-011
  0.25000000000000000        278.19061782177732        7.4458407426904544E-002  0.58839741407192614        1.8704886548186451E-011
  0.29999999999999999        278.07955380347744        7.4458407426904544E-002  0.58839741407192614        1.8704886548186451E-011
  0.34999999999999998        277.80829486786757        7.4458407426904544E-002  0.58839741407192614        1.8704886548186451E-011
  0.40000000000000002        277.51958492112817        7.4458407427023199E-002  0.58839741407309476        1.8704886548428007E-011
  0.50000000000000000        277.10612598778795        7.4458407427023199E-002  0.58839741407309476        1.8704886548428007E-011
  0.59999999999999998        276.92844833049043        7.4458407427141854E-002  0.58839741407426371        1.8704886548669557E-011
  0.69999999999999996        276.86837319735798        7.4458407427141854E-002  0.58839741407426371        1.8704886548669557E-011
  0.80000000000000004        276.85061544711931        7.4458407426904544E-002  0.58839741407192614        1.8704886548186451E-011
   1.0000000000000000        276.84669079327028        7.4458407427023199E-002  0.58839741407309476        1.8704886548428007E-011
   2.5000000000000001E-002   269.37675480101257        7.4328915342281018E-002  0.58712055272426955        1.8442885873271189E-011
   5.0000000000000003E-002   271.30201559857710        7.4457828401504889E-002  0.58839171010462321        1.8703707785481531E-011
  0.10000000000000001        274.72646012209685        7.4458407342832392E-002  0.58839741324373662        1.8704886377030139E-011
  0.14999999999999999        276.81606977948866        7.4458407426903295E-002  0.58839741407191370        1.8704886548183895E-011
  0.20000000000000001        277.83821952329470        7.4458407426903295E-002  0.58839741407191370        1.8704886548183895E-011
  0.25000000000000000        278.14991862143603        7.4458407426903295E-002  0.58839741407191370        1.8704886548183895E-011
  0.29999999999999999        278.06256911945229        7.4458407426903295E-002  0.58839741407191370        1.8704886548183895E-011
  0.34999999999999998        277.80611037921688        7.4458407426903295E-002  0.58839741407191370        1.8704886548183895E-011
  0.40000000000000002        277.52496051471348        7.4458407427023199E-002  0.58839741407309476        1.8704886548428007E-011
  0.50000000000000000        277.11215260484266        7.4458407427023199E-002  0.58839741407309476        1.8704886548428007E-011
  0.59999999999999998        276.93149224594913        7.4458407427143103E-002  0.58839741407427604        1.8704886548672112E-011
  0.69999999999999996        276.86947824216026        7.4458407427143103E-002  0.58839741407427604        1.8704886548672112E-011
  0.80000000000000004        276.85089294814827        7.4458407426903295E-002  0.58839741407191370        1.8704886548183895E-011
   1.0000000000000000        276.84671690170870        7.4458407427023199E-002  0.58839741407309476        1.8704886548428007E-011
   2.5000000000000001E-002   269.81309241340597        7.4311563542055287E-002  0.58694926554583127        1.8408023659694782E-011
   5.0000000000000003E-002   271.29534148990928        7.4457827195762785E-002  0.58839169822683068        1.8703705330935505E-011
  0.10000000000000001        274.59597264048671        7.4458407340881855E-002  0.58839741322452199        1.8704886373059187E-011
  0.14999999999999999        276.70675072925508        7.4458407426902906E-002  0.58839741407190993        1.8704886548183113E-011
  0.20000000000000001        277.76478072508758        7.4458407426902046E-002  0.58839741407190127        1.8704886548181368E-011
  0.25000000000000000        278.10835605653023        7.4458407426902046E-002  0.58839741407190127        1.8704886548181368E-011
  0.29999999999999999        278.04467696177102        7.4458407426902046E-002  0.58839741407190127        1.8704886548181368E-011
  0.34999999999999998        277.80318391404325        7.4458407426902046E-002  0.58839741407190127        1.8704886548181368E-011
  0.40000000000000002        277.52983751968071        7.4458407427023199E-002  0.58839741407309476        1.8704886548428007E-011
  0.50000000000000000        277.11808188077282        7.4458407427023199E-002  0.58839741407309476        1.8704886548428007E-011
  0.59999999999999998        276.93456146504769        7.4458407427144352E-002  0.58839741407428825        1.8704886548674646E-011
  0.69999999999999996        276.87061166499592        7.4458407427144352E-002  0.58839741407428825        1.8704886548674646E-011
  0.80000000000000004        276.85118260199835        7.4458407426902046E-002  0.58839741407190127        1.8704886548181368E-011
   1.0000000000000000        276.84674466416118        7.4458407427023199E-002  0.58839741407309476        1.8704886548428007E-011
   2.5000000000000001E-002   270.55291346288243        7.4269287078795335E-002  0.58653174873401726        1.8323326008130305E-011
   5.0000000000000003E-002   271.41288461882061        7.4457825689517601E-002  0.58839168338877523        1.8703702264651582E-011
  0.10000000000000001        274.48492602332772        7.4458407338926724E-002  0.58839741320526218        1.8704886369078875E-011
  0.14999999999999999        276.59967365541524        7.4458407426902906E-002  0.58839741407190993        1.8704886548183113E-011
  0.20000000000000001        277.69102844567504        7.4458407426900797E-002  0.58839741407188895        1.8704886548178812E-011
  0.25000000000000000        278.06597044908830        7.4458407426900797E-002  0.58839741407188895        1.8704886548178812E-011
  0.29999999999999999        278.02589910886320        7.4458407426900797E-002  0.58839741407188895        1.8704886548178812E-011
  0.34999999999999998        277.79952364388055        7.4458407426900797E-002  0.58839741407188895        1.8704886548178812E-011
  0.40000000000000002        277.53421330558848        7.4458407427023199E-002  0.58839741407309476        1.8704886548428007E-011
  0.50000000000000000        277.12390674958300        7.4458407427023199E-002  0.58839741407309476        1.8704886548428007E-011
  0.59999999999999998        276.93765288831486        7.4458407427145601E-002  0.58839741407430068        1.8704886548677202E-011
  0.69999999999999996        276.87177294361788        7.4458407427145601E-002  0.58839741407430068        1.8704886548677202E-011
  0.80000000000000004        276.85148459046837        7.4458407426900797E-002  0.58839741407188895        1.8704886548178812E-011
   1.0000000000000000        276.84677414863359        7.4458407427023199E-002  0.58839741407309476        1.8704886548428007E-011
   2.5000000000000001E-002   271.50269499728034        7.4234616414790400E-002  0.58618914728199289        1.8254121146701605E-011
   5.0000000000000003E-002   271.67306311757471        7.4457823831936207E-002  0.58839166508969876        1.8703698483148353E-011
  0.10000000000000001        274.40270715375414        7.4458407336965876E-002  0.58839741318594574        1.8704886365086924E-011
  0.14999999999999999        276.49667525495300        7.4458407426902906E-002  0.58839741407190993        1.8704886548183113E-011
  0.20000000000000001        277.61724144454416        7.4458407426899548E-002  0.58839741407187685        1.8704886548176279E-011
  0.25000000000000000        278.02281715688338        7.4458407426899548E-002  0.58839741407187685        1.8704886548176279E-011
  0.29999999999999999        278.00625848715322        7.4458407426899548E-002  0.58839741407187685        1.8704886548176279E-011
  0.34999999999999998        277.79513807575540        7.4458407426899548E-002  0.58839741407187685        1.8704886548176279E-011
  0.40000000000000002        277.53808581606654        7.4458407427023199E-002  0.58839741407309476        1.8704886548428007E-011
  0.50000000000000000        277.12962036320204        7.4458407427023199E-002  0.58839741407309476        1.8704886548428007E-011
  0.59999999999999998        276.94076338364249        7.4458407427146850E-002  0.58839741407431290        1.8704886548679732E-011
  0.69999999999999996        276.87296150816945        7.4458407427146850E-002  0.58839741407431290        1.8704886548679732E-011
  0.80000000000000004        276.85179908204384        7.4458407426899548E-002  0.58839741407187685        1.8704886548176279E-011
   1.0000000000000000        276.84680542381778        7.4458407427023199E-002  0.58839741407309476        1.8704886548428007E-011
   2.5000000000000001E-002   272.59687329053918        7.4208228114013744E-002  0.58592826878195114        1.8201602078458210E-011
   5.0000000000000003E-002   272.07007960605671        7.4457821702056684E-002  0.58839164410820610        1.8703694147325004E-011
  0.10000000000000001        274.35751950129770        7.4458407334997978E-002  0.58839741316656025        1.8704886361080620E-011
  0.14999999999999999        276.40011403245916        7.4458407426902906E-002  0.58839741407190993        1.8704886548183113E-011
  0.20000000000000001        277.54385111181875        7.4458407426898299E-002  0.58839741407186463        1.8704886548173749E-011
  0.25000000000000000        277.97897676689598        7.4458407426898299E-002  0.58839741407186463        1.8704886548173749E-011
  0.29999999999999999        277.98578088505820        7.4458407426898299E-002  0.58839741407186463        1.8704886548173749E-011
  0.34999999999999998        277.79003622796114        7.4458407426898299E-002  0.58839741407186463        1.8704886548173749E-011
  0.40000000000000002        277.54145354696368        7.4458407427023199E-002  0.58839741407309476        1.8704886548428007E-011
  0.50000000000000000        277.13521609389653        7.4458407427023199E-002  0.58839741407309476        1.8704886548428007E-011
  0.59999999999999998        276.94388979224186        7.4458407427148099E-002  0.58839741407432522        1.8704886548682287E-011
  0.69999999999999996        276.87417674249571        7.4458407427148099E-002  0.58839741407432522        1.8704886548682287E-011
  0.80000000000000004        276.85212623144514        7.4458407426898299E-002  0.58839741407186463        1.8704886548173749E-011
   1.0000000000000000        276.84683855900118        7.4458407427023199E-002  0.58839741407309476        1.8704886548428007E-011
   2.5000000000000001E-002   273.78620953722594        7.4189967513696067E-002  0.58574768111916575        1.8165336678937826E-011
   5.0000000000000003E-002   272.58856624665390        7.4457819373349013E-002  0.58839162116805221        1.8703689406745604E-011
  0.10000000000000001        274.35520336638064        7.4458407333021476E-002  0.58839741314708993        1.8704886357056803E-011
  0.14999999999999999        276.31260658881240        7.4458407426902906E-002  0.58839741407190993        1.8704886548183113E-011
  0.20000000000000001        277.47145183274642        7.4458407426897050E-002  0.58839741407185220        1.8704886548171193E-011
  0.25000000000000000        277.93456569431009        7.4458407426897050E-002  0.58839741407185220        1.8704886548171193E-011
  0.29999999999999999        277.96449735894589        7.4458407426897050E-002  0.58839741407185220        1.8704886548171193E-011
  0.34999999999999998        277.78422796613444        7.4458407426897050E-002  0.58839741407185220        1.8704886548171193E-011
  0.40000000000000002        277.54431554344563        7.4458407427023199E-002  0.58839741407309476        1.8704886548428007E-011
  0.50000000000000000        277.14068753638759        7.4458407427023199E-002  0.58839741407309476        1.8704886548428007E-011
  0.59999999999999998        276.94702893439859        7.4458407427149348E-002  0.58839741407433732        1.8704886548684821E-011
  0.69999999999999996        276.87541798551479        7.4458407427149348E-002  0.58839741407433732        1.8704886548684821E-011
  0.80000000000000004        276.85246617920478        7.4458407426897050E-002  0.58839741407185220        1.8704886548171193E-011
   1.0000000000000000        276.84687362397261        7.4458407427023199E-002  0.58839741407309476        1.8704886548428007E-011
   2.5000000000000001E-002   275.02799786892353        7.4178978498649406E-002  0.58563898161408745        1.8143543128503463E-011
   5.0000000000000003E-002   273.20862936434952        7.4457816915347794E-002  0.58839159695422361        1.8703684402962885E-011
  0.10000000000000001        274.39908343054566        7.4458407331036855E-002  0.58839741312753957        1.8704886353016465E-011
  0.14999999999999999        276.23676344106764        7.4458407426902906E-002  0.58839741407190993        1.8704886548183113E-011
  0.20000000000000001        277.40078506422748        7.4458407426895801E-002  0.58839741407183976        1.8704886548168660E-011
  0.25000000000000000        277.88974467988459        7.4458407426895801E-002  0.58839741407183976        1.8704886548168660E-011
  0.29999999999999999        277.94244712972011        7.4458407426895801E-002  0.58839741407183976        1.8704886548168660E-011
  0.34999999999999998        277.77772452802418        7.4458407426895801E-002  0.58839741407183976        1.8704886548168660E-011
  0.40000000000000002        277.54667142570906        7.4458407427023199E-002  0.58839741407309476        1.8704886548428007E-011
  0.50000000000000000        277.14602851028496        7.4458407427023199E-002  0.58839741407309476        1.8704886548428007E-011
  0.59999999999999998        276.95017761502271        7.4458407427150597E-002  0.58839741407434976        1.8704886548687377E-011
  0.69999999999999996        276.87668453267003        7.4458407427150597E-002  0.58839741407434976        1.8704886548687377E-011
  0.80000000000000004        276.85281905129159        7.4458407426895801E-002  0.58839741407183976        1.8704886548168660E-011
   1.0000000000000000        276.84691068892732        7.4458407427023199E-002  0.58839741407309476        1.8704886548428007E-011
   2.5000000000000001E-002   276.28917389234886        7.4173923329414096E-002  0.58558897159290102        1.8133525353807216E-011
   5.0000000000000003E-002   273.90889215823040        7.4457814387317411E-002  0.58839157205053527        1.8703679256622163E-011
  0.10000000000000001        274.49015700424195        7.4458407329043741E-002  0.58839741310790550        1.8704886348958840E-011
  0.14999999999999999        276.17497606406789        7.4458407426902906E-002  0.58839741407190993        1.8704886548183113E-011
  0.20000000000000001        277.33270482859501        7.4458407426894552E-002  0.58839741407182755        1.8704886548166104E-011
  0.25000000000000000        277.84472352132741        7.4458407426894552E-002  0.58839741407182755        1.8704886548166104E-011
  0.29999999999999999        277.91968061038421        7.4458407426894552E-002  0.58839741407182755        1.8704886548166104E-011
  0.34999999999999998        277.77053923351355        7.4458407426894552E-002  0.58839741407182755        1.8704886548166104E-011
  0.40000000000000002        277.54852145294916        7.4458407427023199E-002  0.58839741407309476        1.8704886548428007E-011
  0.50000000000000000        277.15123306366195        7.4458407427023199E-002  0.58839741407309476        1.8704886548428007E-011
  0.59999999999999998        276.95333262903551        7.4458407427151846E-002  0.58839741407436219        1.8704886548689907E-011
  0.69999999999999996        276.87797563741640        7.4458407427151846E-002  0.58839741407436219        1.8704886548689907E-011
  0.80000000000000004        276.85318495875293        7.4458407426894552E-002  0.58839741407182755        1.8704886548166104E-011
   1.0000000000000000        276.84694982436821        7.4458407427023199E-002  0.58839741407309476        1.8704886548428007E-011
   2.5000000000000001E-002   277.54681006499914        7.4173427084326851E-002  0.58558406211013159        1.8132542211636641E-011
   5.0000000000000003E-002   274.66904424085646        7.4457811836043941E-002  0.58839154691787743        1.8703674062966467E-011
  0.10000000000000001        274.62749343362873        7.4458407327042023E-002  0.58839741308818660        1.8704886344883677E-011
  0.14999999999999999        276.12926831378491        7.4458407426902906E-002  0.58839741407190993        1.8704886548183113E-011
  0.20000000000000001        277.26813320139905        7.4458407426893303E-002  0.58839741407181545        1.8704886548163574E-011
  0.25000000000000000        277.79976143423238        7.4458407426893303E-002  0.58839741407181545        1.8704886548163574E-011
  0.29999999999999999        277.89626216878713        7.4458407426893303E-002  0.58839741407181545        1.8704886548163574E-011
  0.34999999999999998        277.76268834182122        7.4458407426893303E-002  0.58839741407181545        1.8704886548163574E-011
  0.40000000000000002        277.54986663283023        7.4458407427023199E-002  0.58839741407309476        1.8704886548428007E-011
  0.50000000000000000        277.15629547877018        7.4458407427023199E-002  0.58839741407309476        1.8704886548428007E-011
  0.59999999999999998        276.95649076664057        7.4458407427153095E-002  0.58839741407437463        1.8704886548692462E-011
  0.69999999999999996        276.87929051277206        7.4458407427153095E-002  0.58839741407437463        1.8704886548692462E-011
  0.80000000000000004        276.85356399740112        7.4458407426893303E-002  0.58839741407181545        1.8704886548163574E-011
   1.0000000000000000        276.84699110100854        7.4458407427023199E-002  0.58839741407309476        1.8704886548428007E-011
   2.5000000000000001E-002   278.79969184996571        7.4175602896062343E-002  0.58560558771351867        1.8136853195035441E-011
   5.0000000000000003E-002   275.47303738091728        7.4457809292904575E-002  0.58839152186534827        1.8703668885870730E-011
  0.10000000000000001        274.80879626362770        7.4458407325031631E-002  0.58839741306838245        1.8704886340790874E-011
  0.14999999999999999        276.10121591193877        7.4458407426902906E-002  0.58839741407190993        1.8704886548183113E-011
  0.20000000000000001        277.20801345053837        7.4458407426892054E-002  0.58839741407180313        1.8704886548161018E-011
  0.25000000000000000        277.75516327182083        7.4458407426892054E-002  0.58839741407180313        1.8704886548161018E-011
  0.29999999999999999        277.87227228559806        7.4458407426892054E-002  0.58839741407180313        1.8704886548161018E-011
  0.34999999999999998        277.75419199090095        7.4458407426892054E-002  0.58839741407180313        1.8704886548161018E-011
  0.40000000000000002        277.55070887957714        7.4458407427023199E-002  0.58839741407309476        1.8704886548428007E-011
  0.50000000000000000        277.16121028098769        7.4458407427023199E-002  0.58839741407309476        1.8704886548428007E-011
  0.59999999999999998        276.95964881854451        7.4458407427154344E-002  0.58839741407438673        1.8704886548694996E-011
  0.69999999999999996        276.88062833291167        7.4458407427154344E-002  0.58839741407438673        1.8704886548694996E-011
  0.80000000000000004        276.85395624753130        7.4458407426892054E-002  0.58839741407180313        1.8704886548161018E-011
   1.0000000000000000        276.84703458967141        7.4458407427023199E-002  0.58839741407309476        1.8704886548428007E-011
   2.5000000000000001E-002   280.01652460774955        7.4169066138475681E-002  0.58554091654897822        1.8123904478481833E-011
   5.0000000000000003E-002   276.30604518464344        7.4457806747645128E-002  0.58839149679193292        1.8703663704460364E-011
  0.10000000000000001        275.03095848720744        7.4458407323012690E-002  0.58839741304849391        1.8704886336680666E-011
  0.14999999999999999        276.09193375103564        7.4458407426902906E-002  0.58839741407190993        1.8704886548183113E-011
  0.20000000000000001        277.15326734213733        7.4458407426890805E-002  0.58839741407179069        1.8704886548158485E-011
  0.25000000000000000        277.71127241771535        7.4458407426890805E-002  0.58839741407179069        1.8704886548158485E-011
  0.29999999999999999        277.84780887572896        7.4458407426890805E-002  0.58839741407179069        1.8704886548158485E-011
  0.34999999999999998        277.74507513961686        7.4458407426890805E-002  0.58839741407179069        1.8704886548158485E-011
  0.40000000000000002        277.55105121872998        7.4458407427023199E-002  0.58839741407309476        1.8704886548428007E-011
  0.50000000000000000        277.16597225202298        7.4458407427023199E-002  0.58839741407309476        1.8704886548428007E-011
  0.59999999999999998        276.96280358125068        7.4458407427155593E-002  0.58839741407439905        1.8704886548697552E-011
  0.69999999999999996        276.88198823480218        7.4458407427155593E-002  0.58839741407439905        1.8704886548697552E-011
  0.80000000000000004        276.85436177367080        7.4458407426890805E-002  0.58839741407179069        1.8704886548158485E-011
   1.0000000000000000        276.84708036118843        7.4458407427023199E-002  0.58839741407309476        1.8704886548428007E-011
   2.5000000000000001E-002   281.18739267248395        7.4141817154792525E-002  0.58527126105217986        1.8070014003967808E-011
   5.0000000000000003E-002   277.15300354298284        7.4457804046790255E-002  0.58839147018574200        1.8703658206304198E-011
  0.10000000000000001        275.29009708490173        7.4458407320985354E-002  0.58839741302852278        1.8704886332553341E-011
  0.14999999999999999        276.10208506876506        7.4458407426902906E-002  0.58839741407190993        1.8704886548183113E-011
  0.20000000000000001        277.10475997142277        7.4458407426889556E-002  0.58839741407177826        1.8704886548155929E-011
  0.25000000000000000        277.66846148225375        7.4458407426889556E-002  0.58839741407177826        1.8704886548155929E-011
  0.29999999999999999        277.82298767121358        7.4458407426889556E-002  0.58839741407177826        1.8704886548155929E-011
  0.34999999999999998        277.73536843248195        7.4458407426889556E-002  0.58839741407177826        1.8704886548155929E-011
  0.40000000000000002        277.55089803158620        7.4458407427023199E-002  0.58839741407309476        1.8704886548428007E-011
  0.50000000000000000        277.17057644827759        7.4458407427023199E-002  0.58839741407309476        1.8704886548428007E-011
  0.59999999999999998        276.96595186251187        7.4458407427156842E-002  0.58839741407441126        1.8704886548700078E-011
  0.69999999999999996        276.88336931988795        7.4458407427156842E-002  0.58839741407441126        1.8704886548700078E-011
  0.80000000000000004        276.85478062436351        7.4458407426889556E-002  0.58839741407177826        1.8704886548155929E-011
   1.0000000000000000        276.84712848629914        7.4458407427023199E-002  0.58839741407309476        1.8704886548428007E-011
   2.5000000000000001E-002   282.30941259103344        7.4095008889783154E-002  0.58480778834459757        1.7977768864121852E-011
   5.0000000000000003E-002   278.00229382541067        7.4457801009719229E-002  0.58839144026747603        1.8703652023711289E-011
  0.10000000000000001        275.58185886872980        7.4458407318949107E-002  0.58839741300846382        1.8704886328407903E-011
  0.14999999999999999        276.13189926667047        7.4458407426902906E-002  0.58839741407190993        1.8704886548183113E-011
  0.20000000000000001        277.06327123040484        7.4458407426888307E-002  0.58839741407176616        1.8704886548153402E-011
  0.25000000000000000        277.62712178372374        7.4458407426888307E-002  0.58839741407176616        1.8704886548153402E-011
  0.29999999999999999        277.79794167612403        7.4458407426888307E-002  0.58839741407176616        1.8704886548153402E-011
  0.34999999999999998        277.72510891719355        7.4458407426888307E-002  0.58839741407176616        1.8704886548153402E-011
  0.40000000000000002        277.55025532806297        7.4458407427023199E-002  0.58839741407309476        1.8704886548428007E-011
  0.50000000000000000        277.17501822495421        7.4458407427023199E-002  0.58839741407309476        1.8704886548428007E-011
  0.59999999999999998        276.96909048709011        7.4458407427158091E-002  0.58839741407442370        1.8704886548702634E-011
  0.69999999999999996        276.88477065582816        7.4458407427158091E-002  0.58839741407442370        1.8704886548702634E-011
  0.80000000000000004        276.85521283199023        7.4458407426888307E-002  0.58839741407176616        1.8704886548153402E-011
   1.0000000000000000        276.84717903554429        7.4458407427023199E-002  0.58839741407309476        1.8704886548428007E-011
   2.5000000000000001E-002   283.37981921790964        7.4029957595037207E-002  0.58416313791994146        1.7850257704874322E-011
   5.0000000000000003E-002   278.84506660625817        7.4457797466751643E-002  0.58839140536560797        1.8703644811262434E-011
  0.10000000000000001        275.90176763506042        7.4458407316901773E-002  0.58839741298829584        1.8704886324239889E-011
  0.14999999999999999        276.18121812746239        7.4458407426902906E-002  0.58839741407190993        1.8704886548183113E-011
  0.20000000000000001        277.02947465287224        7.4458407426887058E-002  0.58839741407175383        1.8704886548150847E-011
  0.25000000000000000        277.58765239502054        7.4458407426887058E-002  0.58839741407175383        1.8704886548150847E-011
  0.29999999999999999        277.77281977576496        7.4458407426887058E-002  0.58839741407175383        1.8704886548150847E-011
  0.34999999999999998        277.71434056173734        7.4458407426887058E-002  0.58839741407175383        1.8704886548150847E-011
  0.40000000000000002        277.54913103395336        7.4458407427023199E-002  0.58839741407309476        1.8704886548428007E-011
  0.50000000000000000        277.17929326617349        7.4458407427023199E-002  0.58839741407309476        1.8704886548428007E-011
  0.59999999999999998        276.97221630295820        7.4458407427159340E-002  0.58839741407443613        1.8704886548705164E-011
  0.69999999999999996        276.88619127829219        7.4458407427159340E-002  0.58839741407443613        1.8704886548705164E-011
  0.80000000000000004        276.85565841262002        7.4458407426887058E-002  0.58839741407175383        1.8704886548150847E-011
   1.0000000000000000        276.84723207916733        7.4458407427023199E-002  0.58839741407309476        1.8704886548428007E-011
   2.5000000000000001E-002   284.39562198205255        7.3948264080496470E-002  0.58335266719398793        1.7691248529866609E-011
   5.0000000000000003E-002   279.67429311893670        7.4457793261330549E-002  0.58839136393789027        1.8703636250254576E-011
  0.10000000000000001        276.24542160624361        7.4458407314841268E-002  0.58839741296799786        1.8704886320045052E-011
  0.14999999999999999        276.24955657521753        7.4458407426902906E-002  0.58839741407190993        1.8704886548183113E-011
  0.20000000000000001        277.00392432845257        7.4458407426885809E-002  0.58839741407174162        1.8704886548148317E-011
  0.25000000000000000        277.55044949572056        7.4458407426885809E-002  0.58839741407174162        1.8704886548148317E-011
  0.29999999999999999        277.74778463355881        7.4458407426885809E-002  0.58839741407174162        1.8704886548148317E-011
  0.34999999999999998        277.70311453659349        7.4458407426885809E-002  0.58839741407174162        1.8704886548148317E-011
  0.40000000000000002        277.54753527695448        7.4458407427023199E-002  0.58839741407309476        1.8704886548428007E-011
  0.50000000000000000        277.18339762096252        7.4458407427023199E-002  0.58839741407309476        1.8704886548428007E-011
  0.59999999999999998        276.97532618806139        7.4458407427160589E-002  0.58839741407444845        1.8704886548707720E-011
  0.69999999999999996        276.88763019281328        7.4458407427160589E-002  0.58839741407444845        1.8704886548707720E-011
  0.80000000000000004        276.85611736589323        7.4458407426885809E-002  0.58839741407174162        1.8704886548148317E-011
   1.0000000000000000        276.84728768700899        7.4458407427023199E-002  0.58839741407309476        1.8704886548428007E-011
   2.5000000000000001E-002   285.35398183397001        7.3851789838849949E-002  0.58239426857257115        1.7505070056702107E-011
   5.0000000000000003E-002   280.48417810268569        7.4457788252503931E-002  0.58839131459579996        1.8703626053752471E-011
  0.10000000000000001        276.60858948588066        7.4458407312765262E-002  0.58839741294754710        1.8704886315818683E-011
  0.14999999999999999        276.33616416333831        7.4458407426902906E-002  0.58839741407190993        1.8704886548183113E-011
  0.20000000000000001        276.98704905029331        7.4458407426884560E-002  0.58839741407172919        1.8704886548145761E-011
  0.25000000000000000        277.51589663168471        7.4458407426884560E-002  0.58839741407172919        1.8704886548145761E-011
  0.29999999999999999        277.72301004488509        7.4458407426884560E-002  0.58839741407172919        1.8704886548145761E-011
  0.34999999999999998        277.69148924683958        7.4458407426884560E-002  0.58839741407172919        1.8704886548145761E-011
  0.40000000000000002        277.54548065587107        7.4458407427023199E-002  0.58839741407309476        1.8704886548428007E-011
  0.50000000000000000        277.18732774460420        7.4458407427023199E-002  0.58839741407309476        1.8704886548428007E-011
  0.59999999999999998        276.97841705778364        7.4458407427161838E-002  0.58839741407446067        1.8704886548710253E-011
  0.69999999999999996        276.88908637675507        7.4458407427161838E-002  0.58839741407446067        1.8704886548710253E-011
  0.80000000000000004        276.85658967494595        7.4458407426884560E-002  0.58839741407172919        1.8704886548145761E-011
   1.0000000000000000        276.84734592840499        7.4458407427023199E-002  0.58839741407309476        1.8704886548428007E-011
   2.5000000000000001E-002   286.25218479971647        7.3742637845469805E-002  0.58130823703185941        1.7296498615562129E-011
   5.0000000000000003E-002   281.26981305041761        7.4457782317170762E-002  0.58839125612666221        1.8703613971160987E-011
  0.10000000000000001        276.98725330774056        7.4458407310670799E-002  0.58839741292691461        1.8704886311554706E-011
  0.14999999999999999        276.44008091426724        7.4458407426902906E-002  0.58839741407190993        1.8704886548183113E-011
  0.20000000000000001        276.97915216324589        7.4458407426883311E-002  0.58839741407171686        1.8704886548143227E-011
  0.25000000000000000        277.48435627001686        7.4458407426883311E-002  0.58839741407171686        1.8704886548143227E-011
  0.29999999999999999        277.69867793066112        7.4458407426883311E-002  0.58839741407171686        1.8704886548143227E-011
  0.34999999999999998        277.67953011691617        7.4458407426883311E-002  0.58839741407171686        1.8704886548143227E-011
  0.40000000000000002        277.54298247848857        7.4458407427023199E-002  0.58839741407309476        1.8704886548428007E-011
  0.50000000000000000        277.19108054448321        7.4458407427023199E-002  0.58839741407309476        1.8704886548428007E-011
  0.59999999999999998        276.98148587315757        7.4458407427163087E-002  0.58839741407447299        1.8704886548712809E-011
  0.69999999999999996        276.89055878133968        7.4458407427163087E-002  0.58839741407447299        1.8704886548712809E-011
  0.80000000000000004        276.85707530636489        7.4458407426883311E-002  0.58839741407171686        1.8704886548143227E-011
   1.0000000000000000        276.84740687208222        7.4458407427023199E-002  0.58839741407309476        1.8704886548428007E-011
   2.5000000000000001E-002   287.08762219810853        7.3623120983822662E-002  0.58011701535076154        1.7070623165041745E-011
   5.0000000000000003E-002   282.02693665656534        7.4457775352116534E-002  0.58839118751370689        1.8703599792369263E-011
  0.10000000000000001        277.37762155402118        7.4458407308554395E-002  0.58839741290606629        1.8704886307246087E-011
  0.14999999999999999        276.56018537396085        7.4458407426902906E-002  0.58839741407190993        1.8704886548183113E-011
  0.20000000000000001        276.98041553464344        7.4458407426882062E-002  0.58839741407170454        1.8704886548140672E-011
  0.25000000000000000        277.45616283423266        7.4458407426882062E-002  0.58839741407170454        1.8704886548140672E-011
  0.29999999999999999        277.67497514617611        7.4458407426882062E-002  0.58839741407170454        1.8704886548140672E-011
  0.34999999999999998        277.66730914580626        7.4458407426882062E-002  0.58839741407170454        1.8704886548140672E-011
  0.40000000000000002        277.54005895573442        7.4458407427023199E-002  0.58839741407309476        1.8704886548428007E-011
  0.50000000000000000        277.19465342927430        7.4458407427023199E-002  0.58839741407309476        1.8704886548428007E-011
  0.59999999999999998        276.98452964993112        7.4458407427164336E-002  0.58839741407448520        1.8704886548715339E-011
  0.69999999999999996        276.89204633381047        7.4458407427164336E-002  0.58839741407448520        1.8704886548715339E-011
  0.80000000000000004        276.85757421017195        7.4458407426882062E-002  0.58839741407170454        1.8704886548140672E-011
   1.0000000000000000        276.84747058605757        7.4458407427023199E-002  0.58839741407309476        1.8704886548428007E-011
   2.5000000000000001E-002   287.85781829593276        7.3495715501317532E-002  0.57884478616555501        1.6832690323321246E-011
   5.0000000000000003E-002   282.75177660329643        7.4457767275688480E-002  0.58839110795256555        1.8703583351160679E-011
  0.10000000000000001        277.77612586793754        7.4458407306412663E-002  0.58839741288496827        1.8704886302885895E-011
  0.14999999999999999        276.69523457982865        7.4458407426902906E-002  0.58839741407190993        1.8704886548183113E-011
  0.20000000000000001        276.99090627456269        7.4458407426880813E-002  0.58839741407169233        1.8704886548138142E-011
  0.25000000000000000        277.43161724820271        7.4458407426880813E-002  0.58839741407169233        1.8704886548138142E-011
  0.29999999999999999        277.65209025936667        7.4458407426880813E-002  0.58839741407169233        1.8704886548138142E-011
  0.34999999999999998        277.65490426139564        7.4458407426880813E-002  0.58839741407169233        1.8704886548138142E-011
  0.40000000000000002        277.53673134245400        7.4458407427023199E-002  0.58839741407309476        1.8704886548428007E-011
  0.50000000000000000        277.19804436008218        7.4458407427023199E-002  0.58839741407309476        1.8704886548428007E-011
  0.59999999999999998        276.98754546849341        7.4458407427165585E-002  0.58839741407449764        1.8704886548717895E-011
  0.69999999999999996        276.89354793971961        7.4458407427165585E-002  0.58839741407449764        1.8704886548717895E-011
  0.80000000000000004        276.85808631985452        7.4458407426880813E-002  0.58839741407169233        1.8704886548138142E-011
   1.0000000000000000        276.84753713753452        7.4458407427023199E-002  0.58839741407309476        1.8704886548428007E-011
   2.5000000000000001E-002   288.56048166005132        7.3363003525111173E-002  0.57751694563870792        1.6587943619910686E-011
   5.0000000000000003E-002   283.44095101301838        7.4457758029004437E-002  0.58839101686318473        1.8703564527674097E-011
  0.10000000000000001        278.17941012862929        7.4458407304242857E-002  0.58839741286359359        1.8704886298468534E-011
  0.14999999999999999        276.84389658412044        7.4458407426902906E-002  0.58839741407190993        1.8704886548183113E-011
  0.20000000000000001        277.01058510802346        7.4458407426879564E-002  0.58839741407167989        1.8704886548135586E-011
  0.25000000000000000        277.41098291103367        7.4458407426879564E-002  0.58839741407167989        1.8704886548135586E-011
  0.29999999999999999        277.63021042416153        7.4458407426879564E-002  0.58839741407167989        1.8704886548135586E-011
  0.34999999999999998        277.64239850960587        7.4458407426879564E-002  0.58839741407167989        1.8704886548135586E-011
  0.40000000000000002        277.53302401816461        7.4458407427023199E-002  0.58839741407309476        1.8704886548428007E-011
  0.50000000000000000        277.20125190204078        7.4458407427023199E-002  0.58839741407309476        1.8704886548428007E-011
  0.59999999999999998        276.99053048465197        7.4458407427166834E-002  0.58839741407450963        1.8704886548720428E-011
  0.69999999999999996        276.89506248536514        7.4458407427166834E-002  0.58839741407450963        1.8704886548720428E-011
  0.80000000000000004        276.85861155243543        7.4458407426879564E-002  0.58839741407167989        1.8704886548135586E-011
   1.0000000000000000        276.84760659280460        7.4458407427023199E-002  0.58839741407309476        1.8704886548428007E-011
   2.5000000000000001E-002   289.19356734520727        7.3227608590923574E-002  0.57615949358024365        1.6341469292379964E-011
   5.0000000000000003E-002   284.09141249158415        7.4457747576606587E-002  0.58839091389626330        1.8703543249734335E-011
  0.10000000000000001        278.58431732675922        7.4458407302039745E-002  0.58839741284189073        1.8704886293983373E-011
  0.14999999999999999        277.00477660723192        7.4458407426902906E-002  0.58839741407190993        1.8704886548183113E-011
  0.20000000000000001        277.03931557879429        7.4458407426878315E-002  0.58839741407166768        1.8704886548133052E-011
  0.25000000000000000        277.39448296161339        7.4458407426878315E-002  0.58839741407166768        1.8704886548133052E-011
  0.29999999999999999        277.60951844397431        7.4458407426878315E-002  0.58839741407166768        1.8704886548133052E-011
  0.34999999999999998        277.62987911698514        7.4458407426878315E-002  0.58839741407166768        1.8704886548133052E-011
  0.40000000000000002        277.52896450418808        7.4458407427023199E-002  0.58839741407309476        1.8704886548428007E-011
  0.50000000000000000        277.20427527479740        7.4458407427023199E-002  0.58839741407309476        1.8704886548428007E-011
  0.59999999999999998        276.99348194121779        7.4458407427168083E-002  0.58839741407452206        1.8704886548722958E-011
  0.69999999999999996        276.89658884038636        7.4458407427168083E-002  0.58839741407452206        1.8704886548722958E-011
  0.80000000000000004        276.85914980858149        7.4458407426878315E-002  0.58839741407166768        1.8704886548133052E-011
   1.0000000000000000        276.84767901714645        7.4458407427023199E-002  0.58839741407309476        1.8704886548428007E-011
   2.5000000000000001E-002   289.75533705273290        7.3092128943640561E-002  0.57479838439482878        1.6098060033613795E-011
   5.0000000000000003E-002   284.70042111734523        7.4457735906523853E-002  0.58839079893386792        1.8703519492979301E-011
  0.10000000000000001        278.98787737460719        7.4458407299799245E-002  0.58839741281981972        1.8704886289422115E-011
  0.14999999999999999        277.17643801654373        7.4458407426902906E-002  0.58839741407190993        1.8704886548183113E-011
  0.20000000000000001        277.07687350956598        7.4458407426877066E-002  0.58839741407165524        1.8704886548130497E-011
  0.25000000000000000        277.38229866149993        7.4458407426877066E-002  0.58839741407165524        1.8704886548130497E-011
  0.29999999999999999        277.59019009159607        7.4458407426877066E-002  0.58839741407165524        1.8704886548130497E-011
  0.34999999999999998        277.61743646542391        7.4458407426877066E-002  0.58839741407165524        1.8704886548130497E-011
  0.40000000000000002        277.52458341640948        7.4458407427023199E-002  0.58839741407309476        1.8704886548428007E-011
  0.50000000000000000        277.20711440035620        7.4458407427023199E-002  0.58839741407309476        1.8704886548428007E-011
  0.59999999999999998        276.99639718031341        7.4458407427169332E-002  0.58839741407453450        1.8704886548725514E-011
  0.69999999999999996        276.89812586053324        7.4458407427169332E-002  0.58839741407453450        1.8704886548725514E-011
  0.80000000000000004        276.85970097274742        7.4458407426877066E-002  0.58839741407165524        1.8704886548130497E-011
   1.0000000000000000        276.84775447472805        7.4458407427023199E-002  0.58839741407309476        1.8704886548428007E-011
   2.5000000000000001E-002   290.24440513625063        7.2959073719898127E-002  0.57345888876933127        1.5862105959652674E-011
   5.0000000000000003E-002   285.26553486958562        7.4457723029745362E-002  0.58839067208424733        1.8703493279787772E-011
  0.10000000000000001        279.38729735725644        7.4458407297517376E-002  0.58839741279734126        1.8704886284776614E-011
  0.14999999999999999        277.35741926732544        7.4458407426902906E-002  0.58839741407190993        1.8704886548183113E-011
  0.20000000000000001        277.12295634272044        7.4458407426875817E-002  0.58839741407164292        1.8704886548127967E-011
  0.25000000000000000        277.37456871836679        7.4458407426875817E-002  0.58839741407164292        1.8704886548127967E-011
  0.29999999999999999        277.57239172656881        7.4458407426875817E-002  0.58839741407164292        1.8704886548127967E-011
  0.34999999999999998        277.60516301543100        7.4458407426875817E-002  0.58839741407164292        1.8704886548127967E-011
  0.40000000000000002        277.51991435537178        7.4458407427023199E-002  0.58839741407309476        1.8704886548428007E-011
  0.50000000000000000        277.20976994682377        7.4458407427023199E-002  0.58839741407309476        1.8704886548428007E-011
  0.59999999999999998        276.99927365627951        7.4458407427170581E-002  0.58839741407454671        1.8704886548728041E-011
  0.69999999999999996        276.89967239062082        7.4458407427170581E-002  0.58839741407454671        1.8704886548728041E-011
  0.80000000000000004        276.86026491337043        7.4458407426875817E-002  0.58839741407164292        1.8704886548127967E-011
   1.0000000000000000        276.84783302851082        7.4458407427023199E-002  0.58839741407309476        1.8704886548428007E-011
   2.5000000000000001E-002   290.65976183509287        7.2830806592670494E-002  0.57216501289744826        1.5637518475796284E-011
   5.0000000000000003E-002   285.78460778472316        7.4457708979149773E-002  0.58839053367128280        1.8703464677099554E-011
  0.10000000000000001        279.77995456983132        7.4458407295190016E-002  0.58839741277441449        1.8704886280038514E-011
  0.14999999999999999        277.54624778342861        7.4458407426902906E-002  0.58839741407190993        1.8704886548183113E-011
  0.20000000000000001        277.17719213774967        7.4458407426874568E-002  0.58839741407163060        1.8704886548125411E-011
  0.25000000000000000        277.37138938093466        7.4458407426874568E-002  0.58839741407163060        1.8704886548125411E-011
  0.29999999999999999        277.55627823047359        7.4458407426874568E-002  0.58839741407163060        1.8704886548125411E-011
  0.34999999999999998        277.59315221063969        7.4458407426874568E-002  0.58839741407163060        1.8704886548125411E-011
  0.40000000000000002        277.51499373747413        7.4458407427023199E-002  0.58839741407309476        1.8704886548428007E-011
  0.50000000000000000        277.21224336675721        7.4458407427023199E-002  0.58839741407309476        1.8704886548428007E-011
  0.59999999999999998        277.00210894904552        7.4458407427171830E-002  0.58839741407455903        1.8704886548730597E-011
  0.69999999999999996        276.90122726766833        7.4458407427171830E-002  0.58839741407455903        1.8704886548730597E-011
  0.80000000000000004        276.86084148310727        7.4458407426874568E-002  0.58839741407163060        1.8704886548125411E-011
   1.0000000000000000        276.84791474015299        7.4458407427023199E-002  0.58839741407309476        1.8704886548428007E-011
   2.5000000000000001E-002   291.00077072604853        7.2709500097391980E-002  0.57093901030345551        1.5427688298989730E-011
   5.0000000000000003E-002   286.25578827328530        7.4457693807977274E-002  0.58839038421943868        1.8703433793304680E-011
  0.10000000000000001        280.16339190312641        7.4458407292814235E-002  0.58839741275101098        1.8704886275201843E-011
  0.14999999999999999        277.74145154925031        7.4458407426902906E-002  0.58839741407190993        1.8704886548183113E-011
  0.20000000000000001        277.23914810883468        7.4458407426873319E-002  0.58839741407161839        1.8704886548122884E-011
  0.25000000000000000        277.37281515369568        7.4458407426873319E-002  0.58839741407161839        1.8704886548122884E-011
  0.29999999999999999        277.54199126478619        7.4458407426873319E-002  0.58839741407161839        1.8704886548122884E-011
  0.34999999999999998        277.58149739166311        7.4458407426873319E-002  0.58839741407161839        1.8704886548122884E-011
  0.40000000000000002        277.50986057259485        7.4458407427023199E-002  0.58839741407309476        1.8704886548428007E-011
  0.50000000000000000        277.21453692897586        7.4458407427023199E-002  0.58839741407309476        1.8704886548428007E-011
  0.59999999999999998        277.00490077778676        7.4458407427173079E-002  0.58839741407457125        1.8704886548733130E-011
  0.69999999999999996        276.90278932421700        7.4458407427173079E-002  0.58839741407457125        1.8704886548733130E-011
  0.80000000000000004        276.86143051912507        7.4458407426873319E-002  0.58839741407161839        1.8704886548122884E-011
   1.0000000000000000        276.84799966992216        7.4458407427023199E-002  0.58839741407309476        1.8704886548428007E-011
   2.5000000000000001E-002   291.26708849820943        7.2597107958569732E-002  0.56980106431381183        1.5235484708959906E-011
   5.0000000000000003E-002   286.67750872897722        7.4457677587965801E-002  0.58839022443540112        1.8703400774448907E-011
  0.10000000000000001        280.53531461455924        7.4458407290385886E-002  0.58839741272708934        1.8704886270258150E-011
  0.14999999999999999        277.94156896758989        7.4458407426902906E-002  0.58839741407190993        1.8704886548183113E-011
  0.20000000000000001        277.30833865550966        7.4458407426872070E-002  0.58839741407160595        1.8704886548120328E-011
  0.25000000000000000        277.37886000056676        7.4458407426872070E-002  0.58839741407160595        1.8704886548120328E-011
  0.29999999999999999        277.52965784429779        7.4458407426872070E-002  0.58839741407160595        1.8704886548120328E-011
  0.34999999999999998        277.57029074257144        7.4458407426872070E-002  0.58839741407160595        1.8704886548120328E-011
  0.40000000000000002        277.50455619458535        7.4458407427023199E-002  0.58839741407309476        1.8704886548428007E-011
  0.50000000000000000        277.21665374291234        7.4458407427023199E-002  0.58839741407309476        1.8704886548428007E-011
  0.59999999999999998        277.00764701468358        7.4458407427174328E-002  0.58839741407458357        1.8704886548735686E-011
  0.69999999999999996        276.90435739185693        7.4458407427174328E-002  0.58839741407458357        1.8704886548735686E-011
  0.80000000000000004        276.86203184343123        7.4458407426872070E-002  0.58839741407160595        1.8704886548120328E-011
   1.0000000000000000        276.84808787660182        7.4458407427023199E-002  0.58839741407309476        1.8704886548428007E-011
   2.5000000000000001E-002   291.45860498190552        7.2495348210046426E-002  0.56876907322736181        1.5063277666318911E-011
   5.0000000000000003E-002   287.04845182937504        7.4457660407328236E-002  0.58839005518815168        1.8703365800115429E-011
  0.10000000000000001        280.89358630426472        7.4458407287901082E-002  0.58839741270261181        1.8704886265199511E-011
  0.14999999999999999        278.14515728790269        7.4458407426902906E-002  0.58839741407190993        1.8704886548183113E-011
  0.20000000000000001        277.38423287673618        7.4458407426870821E-002  0.58839741407159385        1.8704886548117795E-011
  0.25000000000000000        277.38949892763185        7.4458407426870821E-002  0.58839741407159385        1.8704886548117795E-011
  0.29999999999999999        277.51938921135184        7.4458407426870821E-002  0.58839741407159385        1.8704886548117795E-011
  0.34999999999999998        277.55962228852525        7.4458407426870821E-002  0.58839741407159385        1.8704886548117795E-011
  0.40000000000000002        277.49912395175056        7.4458407427023199E-002  0.58839741407309476        1.8704886548428007E-011
  0.50000000000000000        277.21859777478880        7.4458407427023199E-002  0.58839741407309476        1.8704886548428007E-011
  0.59999999999999998        277.01034569859036        7.4458407427175577E-002  0.58839741407459600        1.8704886548738216E-011
  0.69999999999999996        276.90593030491624        7.4458407427175577E-002  0.58839741407459600        1.8704886548738216E-011
  0.80000000000000004        276.86264526326727        7.4458407426870821E-002  0.58839741407159385        1.8704886548117795E-011
   1.0000000000000000        276.84817941740624        7.4458407427023199E-002  0.58839741407309476        1.8704886548428007E-011
   2.5000000000000001E-002   291.57561887919644        7.2405666034284485E-002  0.56785822654140605        1.4912926364539872E-011
   5.0000000000000003E-002   287.36755394534572        7.4457642368441573E-002  0.58838987748620375        1.8703329078720465E-011
  0.10000000000000001        281.23622466692927        7.4458407285356853E-002  0.58839741267754875        1.8704886260019909E-011
  0.14999999999999999        278.35079972458772        7.4458407426902906E-002  0.58839741407190993        1.8704886548183113E-011
  0.20000000000000001        277.46626156765916        7.4458407426869572E-002  0.58839741407158153        1.8704886548115265E-011
  0.25000000000000000        277.40466985351344        7.4458407426869572E-002  0.58839741407158153        1.8704886548115265E-011
  0.29999999999999999        277.51127999099566        7.4458407426869572E-002  0.58839741407158153        1.8704886548115265E-011
  0.34999999999999998        277.54957895869609        7.4458407426869572E-002  0.58839741407158153        1.8704886548115265E-011
  0.40000000000000002        277.49360886483800        7.4458407427023199E-002  0.58839741407309476        1.8704886548428007E-011
  0.50000000000000000        277.22037385511197        7.4458407427023199E-002  0.58839741407309476        1.8704886548428007E-011
  0.59999999999999998        277.01299504839676        7.4458407427176826E-002  0.58839741407460822        1.8704886548740772E-011
  0.69999999999999996        276.90750690430775        7.4458407427176826E-002  0.58839741407460822        1.8704886548740772E-011
  0.80000000000000004        276.86327057154830        7.4458407426869572E-002  0.58839741407158153        1.8704886548115265E-011
   1.0000000000000000        276.84827434789810        7.4458407427023199E-002  0.58839741407309476        1.8704886548428007E-011
   2.5000000000000001E-002   291.61870039416647        7.2329236286262824E-002  0.56708098357051795        1.4785832589850080E-011
   5.0000000000000003E-002   287.63400455916099        7.4457623585400021E-002  0.58838969245349881        1.8703290842531705E-011
  0.10000000000000001        281.56139943606473        7.4458407282750452E-002  0.58839741265187318        1.8704886254713720E-011
  0.14999999999999999        278.55711160239758        7.4458407426902906E-002  0.58839741407190993        1.8704886548183113E-011
  0.20000000000000001        277.55382371158129        7.4458407426868323E-002  0.58839741407156931        1.8704886548112709E-011
  0.25000000000000000        277.42427569138289        7.4458407426868323E-002  0.58839741407156931        1.8704886548112709E-011
  0.29999999999999999        277.50540760437895        7.4458407426868323E-002  0.58839741407156931        1.8704886548112709E-011
  0.34999999999999998        277.54024372469013        7.4458407426868323E-002  0.58839741407156931        1.8704886548112709E-011
  0.40000000000000002        277.48805725999676        7.4458407427023199E-002  0.58839741407309476        1.8704886548428007E-011
  0.50000000000000000        277.22198767719607        7.4458407427023199E-002  0.58839741407309476        1.8704886548428007E-011
  0.59999999999999998        277.01559347590074        7.4458407427178075E-002  0.58839741407462065        1.8704886548743305E-011
  0.69999999999999996        276.90908604153520        7.4458407427178075E-002  0.58839741407462065        1.8704886548743305E-011
  0.80000000000000004        276.86390754735908        7.4458407426868323E-002  0.58839741407156931        1.8704886548112709E-011
   1.0000000000000000        276.84837272190674        7.4458407427023199E-002  0.58839741407309476        1.8704886548428007E-011
   2.5000000000000001E-002   291.58859742409732        7.2266971114562956E-002  0.56644710865272030        1.4682995719142082E-011
   5.0000000000000003E-002   287.84721789857412        7.4457604181616788E-002  0.58838950130578094        1.8703251342785879E-011
  0.10000000000000001        281.86742959827905        7.4458407280079256E-002  0.58839741262555934        1.8704886249275631E-011
  0.14999999999999999        278.76274573404879        7.4458407426902906E-002  0.58839741407190993        1.8704886548183113E-011
  0.20000000000000001        277.64629249998546        7.4458407426867074E-002  0.58839741407155710        1.8704886548110176E-011
  0.25000000000000000        277.44818658074882        7.4458407426867074E-002  0.58839741407155710        1.8704886548110176E-011
  0.29999999999999999        277.50183191622511        7.4458407426867074E-002  0.58839741407155710        1.8704886548110176E-011
  0.34999999999999998        277.53169482124940        7.4458407426867074E-002  0.58839741407155710        1.8704886548110176E-011
  0.40000000000000002        277.48251638406464        7.4458407427023199E-002  0.58839741407309476        1.8704886548428007E-011
  0.50000000000000000        277.22344578662575        7.4458407427023199E-002  0.58839741407309476        1.8704886548428007E-011
  0.59999999999999998        277.01813959797346        7.4458407427179324E-002  0.58839741407463297        1.8704886548745861E-011
  0.69999999999999996        276.91066658282568        7.4458407427179324E-002  0.58839741407463297        1.8704886548745861E-011
  0.80000000000000004        276.86455595650688        7.4458407426867074E-002  0.58839741407155710        1.8704886548110176E-011
   1.0000000000000000        276.84847459145510        7.4458407427023199E-002  0.58839741407309476        1.8704886548428007E-011
   2.5000000000000001E-002   291.48619193141525        7.2219527489493548E-002  0.56596371211083274        1.4605059460166109E-011
   5.0000000000000003E-002   288.00680005292855        7.4457584287502959E-002  0.58838930532773182        1.8703210844963518E-011
  0.10000000000000001        282.15277861347920        7.4458407277340891E-002  0.58839741259858414        1.8704886243700809E-011
  0.14999999999999999        278.96639697914298        7.4458407426902906E-002  0.58839741407190993        1.8704886548183113E-011
  0.20000000000000001        277.74302090659893        7.4458407426865825E-002  0.58839741407154467        1.8704886548107620E-011
  0.25000000000000000        277.47624221937269        7.4458407426865825E-002  0.58839741407154467        1.8704886548107620E-011
  0.29999999999999999        277.50059509217249        7.4458407426865825E-002  0.58839741407154467        1.8704886548107620E-011
  0.34999999999999998        277.52400505321390        7.4458407426865825E-002  0.58839741407154467        1.8704886548107620E-011
  0.40000000000000002        277.47703400910382        7.4458407427023199E-002  0.58839741407309476        1.8704886548428007E-011
  0.50000000000000000        277.22475556172787        7.4458407427023199E-002  0.58839741407309476        1.8704886548428007E-011
  0.59999999999999998        277.02063224784416        7.4458407427180573E-002  0.58839741407464508        1.8704886548748391E-011
  0.69999999999999996        276.91224741335907        7.4458407427180573E-002  0.58839741407464508        1.8704886548748391E-011
  0.80000000000000004        276.86521555213176        7.4458407426865825E-002  0.58839741407154467        1.8704886548107620E-011
   1.0000000000000000        276.84858000668430        7.4458407427023199E-002  0.58839741407309476        1.8704886548428007E-011
   2.5000000000000001E-002   291.31249314476560        7.2187312925583419E-002  0.56563528063727686        1.4552347113590398E-011
   5.0000000000000003E-002   288.11252195671875        7.4457564038203833E-002  0.58838910585067206        1.8703169624180543E-011
  0.10000000000000001        282.41604808353179        7.4458407274534802E-002  0.58839741257094147        1.8704886237988092E-011
  0.14999999999999999        279.16680592531623        7.4458407426902906E-002  0.58839741407190993        1.8704886548183113E-011
  0.20000000000000001        277.84334682612928        7.4458407426864576E-002  0.58839741407153234        1.8704886548105090E-011
  0.25000000000000000        277.50825425424176        7.4458407426864576E-002  0.58839741407153234        1.8704886548105090E-011
  0.29999999999999999        277.50172164232521        7.4458407426864576E-002  0.58839741407153234        1.8704886548105090E-011
  0.34999999999999998        277.51724119035254        7.4458407426864576E-002  0.58839741407153234        1.8704886548105090E-011
  0.40000000000000002        277.47165803265943        7.4458407427023199E-002  0.58839741407309476        1.8704886548428007E-011
  0.50000000000000000        277.22592518530666        7.4458407427023199E-002  0.58839741407309476        1.8704886548428007E-011
  0.59999999999999998        277.02307048531219        7.4458407427181822E-002  0.58839741407465751        1.8704886548750947E-011
  0.69999999999999996        276.91382744157096        7.4458407427181822E-002  0.58839741407465751        1.8704886548750947E-011
  0.80000000000000004        276.86588607536942        7.4458407426864576E-002  0.58839741407153234        1.8704886548105090E-011
   1.0000000000000000        276.84868901579017        7.4458407427023199E-002  0.58839741407309476        1.8704886548428007E-011
   2.5000000000000001E-002   291.06867134324909        7.2170485872835741E-002  0.56546366181806262        1.4524879552950664E-011
   5.0000000000000003E-002   288.16430468902035        7.4457543571366649E-002  0.58838890423057011        1.8703127960643965E-011
  0.10000000000000001        282.65597095180311        7.4458407271660060E-002  0.58839741254262234        1.8704886232135602E-011
  0.14999999999999999        279.36276172055841        7.4458407426902906E-002  0.58839741407190993        1.8704886548183113E-011
  0.20000000000000001        277.94659778130978        7.4458407426863327E-002  0.58839741407152002        1.8704886548102534E-011
  0.25000000000000000        277.54400869656240        7.4458407426863327E-002  0.58839741407152002        1.8704886548102534E-011
  0.29999999999999999        277.50521862829811        7.4458407426863327E-002  0.58839741407152002        1.8704886548102534E-011
  0.34999999999999998        277.51146344979878        7.4458407426863327E-002  0.58839741407152002        1.8704886548102534E-011
  0.40000000000000002        277.46643607958379        7.4458407427023199E-002  0.58839741407309476        1.8704886548428007E-011
  0.50000000000000000        277.22696360801541        7.4458407427023199E-002  0.58839741407309476        1.8704886548428007E-011
  0.59999999999999998        277.02545360574146        7.4458407427183071E-002  0.58839741407466972        1.8704886548753480E-011
  0.69999999999999996        276.91540560349921        7.4458407427183071E-002  0.58839741407466972        1.8704886548753480E-011
  0.80000000000000004        276.86656725607185        7.4458407426863327E-002  0.58839741407152002        1.8704886548102534E-011
   1.0000000000000000        276.84880166495878        7.4458407427023199E-002  0.58839741407309476        1.8704886548428007E-011
   2.5000000000000001E-002   290.75614377123401        7.2168944334950691E-002  0.56544793747094491        1.4522365504773581E-011
   5.0000000000000003E-002   288.16222336485146        7.4457523024865593E-002  0.58838870182563185        1.8703086135020606E-011
  0.10000000000000001        282.87140569627792        7.4458407268716137E-002  0.58839741251362221        1.8704886226142307E-011
  0.14999999999999999        279.55310420077217        7.4458407426902906E-002  0.58839741407190993        1.8704886548183113E-011
  0.20000000000000001        278.05209520649566        7.4458407426862078E-002  0.58839741407150781        1.8704886548100001E-011
  0.25000000000000000        277.58326833063626        7.4458407426862078E-002  0.58839741407150781        1.8704886548100001E-011
  0.29999999999999999        277.51107601212647        7.4458407426862078E-002  0.58839741407150781        1.8704886548100001E-011
  0.34999999999999998        277.50672506432494        7.4458407426862078E-002  0.58839741407150781        1.8704886548100001E-011
  0.40000000000000002        277.46141511069550        7.4458407427023199E-002  0.58839741407309476        1.8704886548428007E-011
  0.50000000000000000        277.22788050385805        7.4458407427023199E-002  0.58839741407309476        1.8704886548428007E-011
  0.59999999999999998        277.02778114769080        7.4458407427184320E-002  0.58839741407468205        1.8704886548756036E-011
  0.69999999999999996        276.91698086713734        7.4458407427184320E-002  0.58839741407468205        1.8704886548756036E-011
  0.80000000000000004        276.86725881358234        7.4458407426862078E-002  0.58839741407150781        1.8704886548100001E-011
   1.0000000000000000        276.84891799831058        7.4458407427023199E-002  0.58839741407309476        1.8704886548428007E-011
   2.5000000000000001E-002   290.37554417318006        7.2179809499869768E-002  0.56555875883499263        1.4540093311892571E-011
   5.0000000000000003E-002   288.10646988351181        7.4457502529597708E-002  0.58838849992533260        1.8703044413772073E-011
  0.10000000000000001        283.06133220042722        7.4458407265703658E-002  0.58839741248394639        1.8704886220009422E-011
  0.14999999999999999        279.73672556869286        7.4458407426902906E-002  0.58839741407190993        1.8704886548183113E-011
  0.20000000000000001        278.15915833145453        7.4458407426860829E-002  0.58839741407149537        1.8704886548097445E-011
  0.25000000000000000        277.62577509168216        7.4458407426860829E-002  0.58839741407149537        1.8704886548097445E-011
  0.29999999999999999        277.51926712676175        7.4458407426860829E-002  0.58839741407149537        1.8704886548097445E-011
  0.34999999999999998        277.50307193356099        7.4458407426860829E-002  0.58839741407149537        1.8704886548097445E-011
  0.40000000000000002        277.45664104281417        7.4458407427023199E-002  0.58839741407309476        1.8704886548428007E-011
  0.50000000000000000        277.22868621843907        7.4458407427023199E-002  0.58839741407309476        1.8704886548428007E-011
  0.59999999999999998        277.03005289905417        7.4458407427185569E-002  0.58839741407469437        1.8704886548758563E-011
  0.69999999999999996        276.91855223676509        7.4458407427185569E-002  0.58839741407469437        1.8704886548758563E-011
  0.80000000000000004        276.86796045756768        7.4458407426860829E-002  0.58839741407149537        1.8704886548097445E-011
   1.0000000000000000        276.84903805784921        7.4458407427023199E-002  0.58839741407309476        1.8704886548428007E-011
   2.5000000000000001E-002   289.92440747839652        7.2191870763528718E-002  0.56568175827653921        1.4559794911468246E-011
   5.0000000000000003E-002   287.99665086589562        7.4457482141971440E-002  0.58838829908535695        1.8703002911725452E-011
  0.10000000000000001        283.22481384151132        7.4458407262622886E-002  0.58839741245359778        1.8704886213737499E-011
  0.14999999999999999        279.91257058543141        7.4458407426902906E-002  0.58839741407190993        1.8704886548183113E-011
  0.20000000000000001        278.26710767035297        7.4458407426859580E-002  0.58839741407148316        1.8704886548094918E-011
  0.25000000000000000        277.67125239258422        7.4458407426859580E-002  0.58839741407148316        1.8704886548094918E-011
  0.29999999999999999        277.52974924910677        7.4458407426859580E-002  0.58839741407148316        1.8704886548094918E-011
  0.34999999999999998        277.50054235432407        7.4458407426859580E-002  0.58839741407148316        1.8704886548094918E-011
  0.40000000000000002        277.45215838415669        7.4458407427023199E-002  0.58839741407309476        1.8704886548428007E-011
  0.50000000000000000        277.22939171057351        7.4458407427023199E-002  0.58839741407309476        1.8704886548428007E-011
  0.59999999999999998        277.03226890161324        7.4458407427186818E-002  0.58839741407470680        1.8704886548761118E-011
  0.69999999999999996        276.92011875721465        7.4458407427186818E-002  0.58839741407470680        1.8704886548761118E-011
  0.80000000000000004        276.86867188889585        7.4458407426859580E-002  0.58839741407148316        1.8704886548094918E-011
   1.0000000000000000        276.84916188341435        7.4458407427023199E-002  0.58839741407309476        1.8704886548428007E-011
   2.5000000000000001E-002   289.39673346132543        7.2204318968393064E-002  0.56580867969607584        1.4580153099863293E-011
   5.0000000000000003E-002   287.83185364323248        7.4457461863451493E-002  0.58838809932013425        1.8702961631861056E-011
  0.10000000000000001        283.36093392900693        7.4458407259473572E-002  0.58839741242257404        1.8704886207326032E-011
  0.14999999999999999        280.07963139719192        7.4458407426902906E-002  0.58839741407190993        1.8704886548183113E-011
  0.20000000000000001        278.37526783824023        7.4458407426858331E-002  0.58839741407147084        1.8704886548092362E-011
  0.25000000000000000        277.71940737020861        7.4458407426858331E-002  0.58839741407147084        1.8704886548092362E-011
  0.29999999999999999        277.54246425777404        7.4458407426858331E-002  0.58839741407147084        1.8704886548092362E-011
  0.34999999999999998        277.49916682562383        7.4458407426858331E-002  0.58839741407147084        1.8704886548092362E-011
  0.40000000000000002        277.44800988837477        7.4458407427023199E-002  0.58839741407309476        1.8704886548428007E-011
  0.50000000000000000        277.23000848802519        7.4458407427023199E-002  0.58839741407309476        1.8704886548428007E-011
  0.59999999999999998        277.03442945392845        7.4458407427188067E-002  0.58839741407471902        1.8704886548763648E-011
  0.69999999999999996        276.92167951803708        7.4458407427188067E-002  0.58839741407471902        1.8704886548763648E-011
  0.80000000000000004        276.86939280056663        7.4458407426858331E-002  0.58839741407147084        1.8704886548092362E-011
   1.0000000000000000        276.84928951264357        7.4458407427023199E-002  0.58839741407309476        1.8704886548428007E-011
   2.5000000000000001E-002   288.77732017151618        7.2218074443809843E-002  0.56594890164529099        1.4602678257550925E-011
   5.0000000000000003E-002   287.60788253179192        7.4457441704078489E-002  0.58838790072857672        1.8702920594616683E-011
  0.10000000000000001        283.46861896936997        7.4458407256256104E-002  0.58839741239087906        1.8704886200775835E-011
  0.14999999999999999        280.23693456950730        7.4458407426902906E-002  0.58839741407190993        1.8704886548183113E-011
  0.20000000000000001        278.48296926351037        7.4458407426857082E-002  0.58839741407145840        1.8704886548089832E-011
  0.25000000000000000        277.76993299008228        7.4458407426857082E-002  0.58839741407145840        1.8704886548089832E-011
  0.29999999999999999        277.55733935615189        7.4458407426857082E-002  0.58839741407145840        1.8704886548089832E-011
  0.34999999999999998        277.49896792322079        7.4458407426857082E-002  0.58839741407145840        1.8704886548089832E-011
  0.40000000000000002        277.44423622992861        7.4458407427023199E-002  0.58839741407309476        1.8704886548428007E-011
  0.50000000000000000        277.23054853811470        7.4458407427023199E-002  0.58839741407309476        1.8704886548428007E-011
  0.59999999999999998        277.03653511250707        7.4458407427189316E-002  0.58839741407473134        1.8704886548766204E-011
  0.69999999999999996        276.92323365753498        7.4458407427189316E-002  0.58839741407473134        1.8704886548766204E-011
  0.80000000000000004        276.87012287868583        7.4458407426857082E-002  0.58839741407145840        1.8704886548089832E-011
   1.0000000000000000        276.84942098093848        7.4458407427023199E-002  0.58839741407309476        1.8704886548428007E-011
   2.5000000000000001E-002   288.10938475094997        7.2230090913205591E-002  0.56607137198989910        1.4622380679589749E-011
   5.0000000000000003E-002   287.32512595728559        7.4457421663454731E-002  0.58838770330676748        1.8702879799181378E-011
  0.10000000000000001        283.54662950086561        7.4458407252970885E-002  0.58839741235851650        1.8704886194087688E-011
  0.14999999999999999        280.38351346187380        7.4458407426901782E-002  0.58839741407189883        1.8704886548180835E-011
  0.20000000000000001        278.58954768107037        7.4458407426855833E-002  0.58839741407144608        1.8704886548087276E-011
  0.25000000000000000        277.82250988824489        7.4458407426855833E-002  0.58839741407144608        1.8704886548087276E-011
  0.29999999999999999        277.57428783656025        7.4458407426855833E-002  0.58839741407144608        1.8704886548087276E-011
  0.34999999999999998        277.49996023790908        7.4458407426855833E-002  0.58839741407144608        1.8704886548087276E-011
  0.40000000000000002        277.44087570290378        7.4458407427023199E-002  0.58839741407309476        1.8704886548428007E-011
  0.50000000000000000        277.23102425396957        7.4458407427023199E-002  0.58839741407309476        1.8704886548428007E-011
  0.59999999999999998        277.03858669120280        7.4458407427190565E-002  0.58839741407474355        1.8704886548768738E-011
  0.69999999999999996        276.92478036662249        7.4458407427190565E-002  0.58839741407474355        1.8704886548768738E-011
  0.80000000000000004        276.87086180348234        7.4458407426855833E-002  0.58839741407144608        1.8704886548087276E-011
   1.0000000000000000        276.84955632143840        7.4458407427023199E-002  0.58839741407309476        1.8704886548428007E-011
   2.5000000000000001E-002   287.46591688871467        7.2236824184666648E-002  0.56613998672208965        1.4633430857913941E-011
   5.0000000000000003E-002   286.99800483500832        7.4457401708183421E-002  0.58838750672571338        1.8702839177570169E-011
  0.10000000000000001        283.59458200236440        7.4458407249618261E-002  0.58839741232549003        1.8704886187262327E-011
  0.14999999999999999        280.51843677370232        7.4458407426900533E-002  0.58839741407188650        1.8704886548178279E-011
  0.20000000000000001        278.69434332747642        7.4458407426854584E-002  0.58839741407143387        1.8704886548084743E-011
  0.25000000000000000        277.87680783392943        7.4458407426854584E-002  0.58839741407143387        1.8704886548084743E-011
  0.29999999999999999        277.59320985143842        7.4458407426854584E-002  0.58839741407143387        1.8704886548084743E-011
  0.34999999999999998        277.50215037006086        7.4458407426854584E-002  0.58839741407143387        1.8704886548084743E-011
  0.40000000000000002        277.43796394475089        7.4458407427023199E-002  0.58839741407309476        1.8704886548428007E-011
  0.50000000000000000        277.23144835720313        7.4458407427023199E-002  0.58839741407309476        1.8704886548428007E-011
  0.59999999999999998        277.04058525885819        7.4458407427191814E-002  0.58839741407475588        1.8704886548771293E-011
  0.69999999999999996        276.92631889248372        7.4458407427191814E-002  0.58839741407475588        1.8704886548771293E-011
  0.80000000000000004        276.87160925036204        7.4458407426854584E-002  0.58839741407143387        1.8704886548084743E-011
   1.0000000000000000        276.84969556499999        7.4458407427023199E-002  0.58839741407309476        1.8704886548428007E-011
   2.5000000000000001E-002   286.87340299857817        7.2238628514974840E-002  0.56615837235973265        1.4636393243075485E-011
   5.0000000000000003E-002   286.64776737913547        7.4457381789136606E-002  0.58838731050145054        1.8702798629775863E-011
  0.10000000000000001        283.61388467950241        7.4458407246198621E-002  0.58839741229180342        1.8704886180300539E-011
  0.14999999999999999        280.64093600606475        7.4458407426899284E-002  0.58839741407187440        1.8704886548175749E-011
  0.20000000000000001        278.79670821680816        7.4458407426853335E-002  0.58839741407142154        1.8704886548082187E-011
  0.25000000000000000        277.93248725036642        7.4458407426853335E-002  0.58839741407142154        1.8704886548082187E-011
  0.29999999999999999        277.61399317547512        7.4458407426853335E-002  0.58839741407142154        1.8704886548082187E-011
  0.34999999999999998        277.50553697187871        7.4458407426853335E-002  0.58839741407142154        1.8704886548082187E-011
  0.40000000000000002        277.43553368577767        7.4458407427023199E-002  0.58839741407309476        1.8704886548428007E-011
  0.50000000000000000        277.23183381780115        7.4458407427023199E-002  0.58839741407309476        1.8704886548428007E-011
  0.59999999999999998        277.04253213516120        7.4458407427193063E-002  0.58839741407476831        1.8704886548773823E-011
  0.69999999999999996        276.92784854199380        7.4458407427193063E-002  0.58839741407476831        1.8704886548773823E-011
  0.80000000000000004        276.87236489099490        7.4458407426853335E-002  0.58839741407142154        1.8704886548082187E-011
   1.0000000000000000        276.84983874018644        7.4458407427023199E-002  0.58839741407309476        1.8704886548428007E-011
   2.5000000000000001E-002   286.32472523660113        7.2237486365298600E-002  0.56614673422299733        1.4634517978106739E-011
   5.0000000000000003E-002   286.28948248941646        7.4457361871729785E-002  0.58838711429328505        1.8702758085397037E-011
  0.10000000000000001        283.60733753546259        7.4458407242711661E-002  0.58839741225745357        1.8704886173201691E-011
  0.14999999999999999        280.75053345945230        7.4458407426898035E-002  0.58839741407186197        1.8704886548173193E-011
  0.20000000000000001        278.89602520425876        7.4458407426852086E-002  0.58839741407140933        1.8704886548079657E-011
  0.25000000000000000        277.98920180524783        7.4458407426852086E-002  0.58839741407140933        1.8704886548079657E-011
  0.29999999999999999        277.63651401862597        7.4458407426852086E-002  0.58839741407140933        1.8704886548079657E-011
  0.34999999999999998        277.51011083227439        7.4458407426852086E-002  0.58839741407140933        1.8704886548079657E-011
  0.40000000000000002        277.43361452471623        7.4458407427023199E-002  0.58839741407309476        1.8704886548428007E-011
  0.50000000000000000        277.23219377194823        7.4458407427023199E-002  0.58839741407309476        1.8704886548428007E-011
  0.59999999999999998        277.04442888475751        7.4458407427194312E-002  0.58839741407478052        1.8704886548776357E-011
  0.69999999999999996        276.92936868485532        7.4458407427194312E-002  0.58839741407478052        1.8704886548776357E-011
  0.80000000000000004        276.87312839443234        7.4458407426852086E-002  0.58839741407140933        1.8704886548079657E-011
   1.0000000000000000        276.84998587325953        7.4458407427023199E-002  0.58839741407309476        1.8704886548428007E-011
   2.5000000000000001E-002   285.81254909620588        7.2234640746391507E-002  0.56611773739258009        1.4629846748657236E-011
   5.0000000000000003E-002   285.93185964650593        7.4457341935797311E-002  0.58838691790256259        1.8702717503384092E-011
  0.10000000000000001        283.57825547413165        7.4458407239157795E-002  0.58839741222244457        1.8704886165966636E-011
  0.14999999999999999        280.84707634240641        7.4458407426896786E-002  0.58839741407184953        1.8704886548170660E-011
  0.20000000000000001        278.99173125244010        7.4458407426850837E-002  0.58839741407139701        1.8704886548077101E-011
  0.25000000000000000        278.04660266370570        7.4458407426850837E-002  0.58839741407139701        1.8704886548077101E-011
  0.29999999999999999        277.66063802058795        7.4458407426850837E-002  0.58839741407139701        1.8704886548077101E-011
  0.34999999999999998        277.51585500984214        7.4458407426850837E-002  0.58839741407139701        1.8704886548077101E-011
  0.40000000000000002        277.43223273063148        7.4458407427023199E-002  0.58839741407309476        1.8704886548428007E-011
  0.50000000000000000        277.23254143852819        7.4458407427023199E-002  0.58839741407309476        1.8704886548428007E-011
  0.59999999999999998        277.04627730965160        7.4458407427195561E-002  0.58839741407479296        1.8704886548778912E-011
  0.69999999999999996        276.93087875645011        7.4458407427195561E-002  0.58839741407479296        1.8704886548778912E-011
  0.80000000000000004        276.87389942824080        7.4458407426850837E-002  0.58839741407139701        1.8704886548077101E-011
   1.0000000000000000        276.85013698818341        7.4458407427023199E-002  0.58839741407309476        1.8704886548428007E-011
   2.5000000000000001E-002   285.33112084608234        7.2230813749968314E-002  0.56607873832739841        1.4623566598589089E-011
   5.0000000000000003E-002   285.57967888841767        7.4457321969668519E-002  0.58838672121431457        1.8702676859980209E-011
  0.10000000000000001        283.52993694525543        7.4458407235537649E-002  0.58839741218678276        1.8704886158596651E-011
  0.14999999999999999        280.93070118831429        7.4458407426895537E-002  0.58839741407183721        1.8704886548168104E-011
  0.20000000000000001        279.08333616142096        7.4458407426849588E-002  0.58839741407138457        1.8704886548074568E-011
  0.25000000000000000        278.10434403911370        7.4458407426849588E-002  0.58839741407138457        1.8704886548074568E-011
  0.29999999999999999        277.68622154076513        7.4458407426849588E-002  0.58839741407138457        1.8704886548074568E-011
  0.34999999999999998        277.52274503046925        7.4458407426849588E-002  0.58839741407138457        1.8704886548074568E-011
  0.40000000000000002        277.43141107223244        7.4458407427023199E-002  0.58839741407309476        1.8704886548428007E-011
  0.50000000000000000        277.23289003498104        7.4458407427023199E-002  0.58839741407309476        1.8704886548428007E-011
  0.59999999999999998        277.04807943995849        7.4458407427196810E-002  0.58839741407480506        1.8704886548781443E-011
  0.69999999999999996        276.93237826035880        7.4458407427196810E-002  0.58839741407480506        1.8704886548781443E-011
  0.80000000000000004        276.87467765966005        7.4458407426849588E-002  0.58839741407138457        1.8704886548074568E-011
   1.0000000000000000        276.85029210663146        7.4458407427023199E-002  0.58839741407309476        1.8704886548428007E-011
   2.5000000000000001E-002   284.87587143606521        7.2226432110792188E-002  0.56603408433980018        1.4616379174564514E-011
   5.0000000000000003E-002   285.23536319087896        7.4457301966680448E-002  0.58838652416290294        1.8702636141622592E-011
  0.10000000000000001        283.46540989144643        7.4458407231849974E-002  0.58839741215045582        1.8704886151089195E-011
  0.14999999999999999        281.00177181129453        7.4458407426894288E-002  0.58839741407182500        1.8704886548165574E-011
  0.20000000000000001        279.17043350003343        7.4458407426848339E-002  0.58839741407137214        1.8704886548072012E-011
  0.25000000000000000        278.16208920908906        7.4458407426848339E-002  0.58839741407137214        1.8704886548072012E-011
  0.29999999999999999        277.71311327620850        7.4458407426848339E-002  0.58839741407137214        1.8704886548072012E-011
  0.34999999999999998        277.53074916996360        7.4458407426848339E-002  0.58839741407137214        1.8704886548072012E-011
  0.40000000000000002        277.43116867681033        7.4458407427023199E-002  0.58839741407309476        1.8704886548428007E-011
  0.50000000000000000        277.23325269322964        7.4458407427023199E-002  0.58839741407309476        1.8704886548428007E-011
  0.59999999999999998        277.04983752305907        7.4458407427198059E-002  0.58839741407481738        1.8704886548783998E-011
  0.69999999999999996        276.93386677052837        7.4458407427198059E-002  0.58839741407481738        1.8704886548783998E-011
  0.80000000000000004        276.87546275676351        7.4458407426848339E-002  0.58839741407137214        1.8704886548072012E-011
   1.0000000000000000        276.85045124800524        7.4458407427023199E-002  0.58839741407309476        1.8704886548428007E-011
   2.5000000000000001E-002   284.44313022927167        7.2221751031630824E-002  0.56598637537643715        1.4608703985542211E-011
   5.0000000000000003E-002   284.89995409476745        7.4457281923136581E-002  0.58838632671191293        1.8702595340786964E-011
  0.10000000000000001        283.38733311526425        7.4458407228094922E-002  0.58839741211346497        1.8704886143444554E-011
  0.14999999999999999        281.06081423955789        7.4458407426893039E-002  0.58839741407181267        1.8704886548163018E-011
  0.20000000000000001        279.25270402623147        7.4458407426847090E-002  0.58839741407135993        1.8704886548069486E-011
  0.25000000000000000        278.21951621204875        7.4458407426847090E-002  0.58839741407135993        1.8704886548069486E-011
  0.29999999999999999        277.74115615814026        7.4458407426847090E-002  0.58839741407135993        1.8704886548069486E-011
  0.34999999999999998        277.53982883732868        7.4458407426847090E-002  0.58839741407135993        1.8704886548069486E-011
  0.40000000000000002        277.43152092204872        7.4458407427023199E-002  0.58839741407309476        1.8704886548428007E-011
  0.50000000000000000        277.23364237641692        7.4458407427023199E-002  0.58839741407309476        1.8704886548428007E-011
  0.59999999999999998        277.05155401125069        7.4458407427199308E-002  0.58839741407482959        1.8704886548786525E-011
  0.69999999999999996        276.93534393307095        7.4458407427199308E-002  0.58839741407482959        1.8704886548786525E-011
  0.80000000000000004        276.87625438963113        7.4458407426847090E-002  0.58839741407135993        1.8704886548069486E-011
   1.0000000000000000        276.85061442945658        7.4458407427023199E-002  0.58839741407309476        1.8704886548428007E-011
   2.5000000000000001E-002   284.02991704295232        7.2216923120999504E-002  0.56593716631613411        1.4600791749944682E-011
   5.0000000000000003E-002   284.57370033057708        7.4457261837115069E-002  0.58838612884241148        1.8702554453561727E-011
  0.10000000000000001        283.29798011620886        7.4458407224271508E-002  0.58839741207580087        1.8704886135660749E-011
  0.14999999999999999        281.10845909797285        7.4458407426891790E-002  0.58839741407180046        1.8704886548160485E-011
  0.20000000000000001        279.32991324293658        7.4458407426845841E-002  0.58839741407134760        1.8704886548066930E-011
  0.25000000000000000        278.27632268416085        7.4458407426845841E-002  0.58839741407134760        1.8704886548066930E-011
  0.29999999999999999        277.77018942659907        7.4458407426845841E-002  0.58839741407134760        1.8704886548066930E-011
  0.34999999999999998        277.54993906443406        7.4458407426845841E-002  0.58839741407134760        1.8704886548066930E-011
  0.40000000000000002        277.43247936433278        7.4458407427023199E-002  0.58839741407309476        1.8704886548428007E-011
  0.50000000000000000        277.23407179724643        7.4458407427023199E-002  0.58839741407309476        1.8704886548428007E-011
  0.59999999999999998        277.05323154798896        7.4458407427200557E-002  0.58839741407484203        1.8704886548789081E-011
  0.69999999999999996        276.93680946767438        7.4458407427200557E-002  0.58839741407484203        1.8704886548789081E-011
  0.80000000000000004        276.87705223151136        7.4458407426845841E-002  0.58839741407134760        1.8704886548066930E-011
   1.0000000000000000        276.85078166591876        7.4458407427023199E-002  0.58839741407309476        1.8704886548428007E-011
   2.5000000000000001E-002   283.63377189489688        7.2212039675663614E-002  0.56588738748269574        1.4592792323006566E-011
   5.0000000000000003E-002   284.25640945960083        7.4457241707757277E-002  0.58838593054593979        1.8702513478199481E-011
  0.10000000000000001        283.19926317260337        7.4458407220379705E-002  0.58839741203746287        1.8704886127737706E-011
  0.14999999999999999        281.14539498460499        7.4458407426890541E-002  0.58839741407178803        1.8704886548157929E-011
  0.20000000000000001        279.40190498671109        7.4458407426844592E-002  0.58839741407133539        1.8704886548064400E-011
  0.25000000000000000        278.33222955698568        7.4458407426844592E-002  0.58839741407133539        1.8704886548064400E-011
  0.29999999999999999        277.80005076422896        7.4458407426844592E-002  0.58839741407133539        1.8704886548064400E-011
  0.34999999999999998        277.56102909648757        7.4458407426844592E-002  0.58839741407133539        1.8704886548064400E-011
  0.40000000000000002        277.43405170688158        7.4458407427023199E-002  0.58839741407309476        1.8704886548428007E-011
  0.50000000000000000        277.23455333877610        7.4458407427023199E-002  0.58839741407309476        1.8704886548428007E-011
  0.59999999999999998        277.05487295283376        7.4458407427201806E-002  0.58839741407485424        1.8704886548791614E-011
  0.69999999999999996        276.93826316860452        7.4458407427201806E-002  0.58839741407485424        1.8704886548791614E-011
  0.80000000000000004        276.87785595998139        7.4458407426844592E-002  0.58839741407133539        1.8704886548064400E-011
   1.0000000000000000        276.85095297014584        7.4458407427023199E-002  0.58839741407309476        1.8704886548428007E-011
   2.5000000000000001E-002   283.25263161463170        7.2207155073185786E-002  0.56583759310193726        1.4584794844103366E-011
   5.0000000000000003E-002   283.94765539536445        7.4457221534839746E-002  0.58838573182029630        1.8702472414245918E-011
  0.10000000000000001        283.09277413187766        7.4458407216419956E-002  0.58839741199845585        1.8704886119676359E-011
  0.14999999999999999        281.17233297689381        7.4458407426889292E-002  0.58839741407177570        1.8704886548155402E-011
  0.20000000000000001        279.46859271980770        7.4458407426843343E-002  0.58839741407132307        1.8704886548061866E-011
  0.25000000000000000        278.38698354435053        7.4458407426843343E-002  0.58839741407132307        1.8704886548061866E-011
  0.29999999999999999        277.83057837631839        7.4458407426843343E-002  0.58839741407132307        1.8704886548061866E-011
  0.34999999999999998        277.57304306824187        7.4458407426843343E-002  0.58839741407132307        1.8704886548061866E-011
  0.40000000000000002        277.43624180998171        7.4458407427023199E-002  0.58839741407309476        1.8704886548428007E-011
  0.50000000000000000        277.23509897853717        7.4458407427023199E-002  0.58839741407309476        1.8704886548428007E-011
  0.59999999999999998        277.05648120521613        7.4458407427203055E-002  0.58839741407486668        1.8704886548794170E-011
  0.69999999999999996        276.93970490529523        7.4458407427203055E-002  0.58839741407486668        1.8704886548794170E-011
  0.80000000000000004        276.87866525808693        7.4458407426843343E-002  0.58839741407132307        1.8704886548061866E-011
   1.0000000000000000        276.85112835275908        7.4458407427023199E-002  0.58839741407309476        1.8704886548428007E-011
   2.5000000000000001E-002   282.88489719362315        7.2202289942818840E-002  0.56578799349218101        1.4576833066005427E-011
   5.0000000000000003E-002   283.64690987064711        7.4457201318486224E-002  0.58838553266669957        1.8702431261953403E-011
  0.10000000000000001        282.97982969413601        7.4458407212392233E-002  0.58839741195877882        1.8704886111476611E-011
  0.14999999999999999        281.18998093005797        7.4458407426888043E-002  0.58839741407176338        1.8704886548152843E-011
  0.20000000000000001        279.52994981543117        7.4458407426842094E-002  0.58839741407131085        1.8704886548059311E-011
  0.25000000000000000        278.44035848716038        7.4458407426842094E-002  0.58839741407131085        1.8704886548059311E-011
  0.29999999999999999        277.86161292408070        7.4458407426842094E-002  0.58839741407131085        1.8704886548059311E-011
  0.34999999999999998        277.58592074416219        7.4458407426842094E-002  0.58839741407131085        1.8704886548059311E-011
  0.40000000000000002        277.43904974420644        7.4458407427023199E-002  0.58839741407309476        1.8704886548428007E-011
  0.50000000000000000        277.23572021686221        7.4458407427023199E-002  0.58839741407309476        1.8704886548428007E-011
  0.59999999999999998        277.05805942719059        7.4458407427204304E-002  0.58839741407487889        1.8704886548796700E-011
  0.69999999999999996        276.94113462251903        7.4458407427204304E-002  0.58839741407487889        1.8704886548796700E-011
  0.80000000000000004        276.87947981546330        7.4458407426842094E-002  0.58839741407131085        1.8704886548059311E-011
   1.0000000000000000        276.85130782229663        7.4458407427023199E-002  0.58839741407309476        1.8704886548428007E-011
   2.5000000000000001E-002   282.52962214971586        7.2197432752850288E-002  0.56573847111955344        1.4568888083276969E-011
   5.0000000000000003E-002   283.35368814049411        7.4457181058811855E-002  0.58838533308628360        1.8702390021556861E-011
  0.10000000000000001        282.86151898623478        7.4458407208297370E-002  0.58839741191844064        1.8704886103140178E-011
  0.14999999999999999        281.19902593344017        7.4458407426886794E-002  0.58839741407175117        1.8704886548150317E-011
  0.20000000000000001        279.58599975044075        7.4458407426840845E-002  0.58839741407129864        1.8704886548056781E-011
  0.25000000000000000        278.49215570558709        7.4458407426840845E-002  0.58839741407129864        1.8704886548056781E-011
  0.29999999999999999        277.89299924416508        7.4458407426840845E-002  0.58839741407129864        1.8704886548056781E-011
  0.34999999999999998        277.59959829752432        7.4458407426840845E-002  0.58839741407129864        1.8704886548056781E-011
  0.40000000000000002        277.44247188589992        7.4458407427023199E-002  0.58839741407309476        1.8704886548428007E-011
  0.50000000000000000        277.23642801024965        7.4458407427023199E-002  0.58839741407309476        1.8704886548428007E-011
  0.59999999999999998        277.05961086530783        7.4458407427205553E-002  0.58839741407489132        1.8704886548799256E-011
  0.69999999999999996        276.94255234012252        7.4458407427205553E-002  0.58839741407489132        1.8704886548799256E-011
  0.80000000000000004        276.88029932942288        7.4458407426840845E-002  0.58839741407129864        1.8704886548056781E-011
   1.0000000000000000        276.85149138527407        7.4458407427023199E-002  0.58839741407309476        1.8704886548428007E-011
   2.5000000000000001E-002   282.18592810311947        7.2192589879829877E-002  0.56568909102235088        1.4560970298496984E-011
   5.0000000000000003E-002   283.06758172923702        7.4457160755909080E-002  0.58838513307995832        1.8702348693244961E-011
  0.10000000000000001        282.73875031543059        7.4458407204134103E-002  0.58839741187742856        1.8704886094664485E-011
  0.14999999999999999        281.20012360293043        7.4458407426885545E-002  0.58839741407173896        1.8704886548147783E-011
  0.20000000000000001        279.63680683129974        7.4458407426839596E-002  0.58839741407128632        1.8704886548054225E-011
  0.25000000000000000        278.54220354508936        7.4458407426839596E-002  0.58839741407128632        1.8704886548054225E-011
  0.29999999999999999        277.92458781329543        7.4458407426839596E-002  0.58839741407128632        1.8704886548054225E-011
  0.34999999999999998        277.61400910293077        7.4458407426839596E-002  0.58839741407128632        1.8704886548054225E-011
  0.40000000000000002        277.44650105261445        7.4458407427023199E-002  0.58839741407309476        1.8704886548428007E-011
  0.50000000000000000        277.23723271054081        7.4458407427023199E-002  0.58839741407309476        1.8704886548428007E-011
  0.59999999999999998        277.06113887179083        7.4458407427206802E-002  0.58839741407490354        1.8704886548801789E-011
  0.69999999999999996        276.94395815235350        7.4458407427206802E-002  0.58839741407490354        1.8704886548801789E-011
  0.80000000000000004        276.88112350601165        7.4458407426839596E-002  0.58839741407128632        1.8704886548054225E-011
   1.0000000000000000        276.85167904625138        7.4458407427023199E-002  0.58839741407309476        1.8704886548428007E-011
   2.5000000000000001E-002   281.85300089946782        7.2187773149980997E-002  0.56563997383175590        1.4553098997990519E-011
   5.0000000000000003E-002   282.78822401362652        7.4457140409961167E-002  0.58838493264952929        1.8702307277391294E-011
  0.10000000000000001        282.61228668432028        7.4458407199902280E-002  0.58839741183574112        1.8704886086049221E-011
  0.14999999999999999        281.19389235437257        7.4458407426884296E-002  0.58839741407172652        1.8704886548145228E-011
  0.20000000000000001        279.68246783727301        7.4458407426838347E-002  0.58839741407127399        1.8704886548051691E-011
  0.25000000000000000        278.59035631178978        7.4458407426838347E-002  0.58839741407127399        1.8704886548051691E-011
  0.29999999999999999        277.95623594034856        7.4458407426838347E-002  0.58839741407127399        1.8704886548051691E-011
  0.34999999999999998        277.62908451863262        7.4458407426838347E-002  0.58839741407127399        1.8704886548051691E-011
  0.40000000000000002        277.45112667486239        7.4458407427023199E-002  0.58839741407309476        1.8704886548428007E-011
  0.50000000000000000        277.23814401054267        7.4458407427023199E-002  0.58839741407309476        1.8704886548428007E-011
  0.59999999999999998        277.06264688519281        7.4458407427208051E-002  0.58839741407491586        1.8704886548804345E-011
  0.69999999999999996        276.94535222675302        7.4458407427208051E-002  0.58839741407491586        1.8704886548804345E-011
  0.80000000000000004        276.88195206102392        7.4458407426838347E-002  0.58839741407127399        1.8704886548051691E-011
   1.0000000000000000        276.85187080790439        7.4458407427023199E-002  0.58839741407309476        1.8704886548428007E-011
   2.5000000000000001E-002   281.53010310875089        7.2182994106758019E-002  0.56559123733080208        1.4545292969973560E-011
   5.0000000000000003E-002   282.51527837644443        7.4457120021259038E-002  0.58838473179786166        1.8702265774588533E-011
  0.10000000000000001        282.48277238670494        7.4458407195601761E-002  0.58839741179337690        1.8704886077294116E-011
  0.14999999999999999        281.18091083683942        7.4458407426883047E-002  0.58839741407171420        1.8704886548142698E-011
  0.20000000000000001        279.72310472987323        7.4458407426837098E-002  0.58839741407126156        1.8704886548049136E-011
  0.25000000000000000        278.63649277922207        7.4458407426837098E-002  0.58839741407126156        1.8704886548049136E-011
  0.29999999999999999        277.98780868694325        7.4458407426837098E-002  0.58839741407126156        1.8704886548049136E-011
  0.34999999999999998        277.64475463826830        7.4458407426837098E-002  0.58839741407126156        1.8704886548049136E-011
  0.40000000000000002        277.45633499946331        7.4458407427023199E-002  0.58839741407309476        1.8704886548428007E-011
  0.50000000000000000        277.23917089662626        7.4458407427023199E-002  0.58839741407309476        1.8704886548428007E-011
  0.59999999999999998        277.06413841071338        7.4458407427209300E-002  0.58839741407492796        1.8704886548806875E-011
  0.69999999999999996        276.94673480264470        7.4458407427209300E-002  0.58839741407492796        1.8704886548806875E-011
  0.80000000000000004        276.88278472096789        7.4458407426837098E-002  0.58839741407126156        1.8704886548049136E-011
   1.0000000000000000        276.85206667110134        7.4458407427023199E-002  0.58839741407309476        1.8704886548428007E-011
   2.5000000000000001E-002   281.21656384747735        7.2178262918526956E-002  0.56554298531207903        1.4537568723342729E-011
   5.0000000000000003E-002   282.24843199484030        7.4457099590190312E-002  0.58838453052877360        1.8702224185626223E-011
  0.10000000000000001        282.35075377617267        7.4458407191232590E-002  0.58839741175033655        1.8704886068399232E-011
  0.14999999999999999        281.16171738441551        7.4458407426881798E-002  0.58839741407170199        1.8704886548140142E-011
  0.20000000000000001        279.75885843135472        7.4458407426835849E-002  0.58839741407124935        1.8704886548046606E-011
  0.25000000000000000        278.68051442140035        7.4458407426835849E-002  0.58839741407124935        1.8704886548046606E-011
  0.29999999999999999        278.01917953141390        7.4458407426835849E-002  0.58839741407124935        1.8704886548046606E-011
  0.34999999999999998        277.66094899584613        7.4458407426835849E-002  0.58839741407124935        1.8704886548046606E-011
  0.40000000000000002        277.46210931904824        7.4458407427023199E-002  0.58839741407309476        1.8704886548428007E-011
  0.50000000000000000        277.24032160866290        7.4458407427023199E-002  0.58839741407309476        1.8704886548428007E-011
  0.59999999999999998        277.06561700036855        7.4458407427210549E-002  0.58839741407494039        1.8704886548809431E-011
  0.69999999999999996        276.94810618923213        7.4458407427210549E-002  0.58839741407494039        1.8704886548809431E-011
  0.80000000000000004        276.88362122397666        7.4458407426835849E-002  0.58839741407124935        1.8704886548046606E-011
   1.0000000000000000        276.85226663498884        7.4458407427023199E-002  0.58839741407309476        1.8704886548428007E-011
   2.5000000000000001E-002   280.91176723048005        7.2173588230965549E-002  0.56549530606640475        1.4529940252866536E-011
   5.0000000000000003E-002   281.98739123446438        7.4457079117227071E-002  0.58838432884691527        1.8702182511465829E-011
  0.10000000000000001        282.21669571013666        7.4458407186795528E-002  0.58839741170662752        1.8704886059366158E-011
  0.14999999999999999        281.13681074720563        7.4458407426880549E-002  0.58839741407168966        1.8704886548137608E-011
  0.20000000000000001        279.78988360323103        7.4458407426834600E-002  0.58839741407123702        1.8704886548044050E-011
  0.25000000000000000        278.72234349652325        7.4458407426834600E-002  0.58839741407123702        1.8704886548044050E-011
  0.29999999999999999        278.05023079983812        7.4458407426834600E-002  0.58839741407123702        1.8704886548044050E-011
  0.34999999999999998        277.67759721207665        7.4458407426834600E-002  0.58839741407123702        1.8704886548044050E-011
  0.40000000000000002        277.46843022196413        7.4458407427023199E-002  0.58839741407309476        1.8704886548428007E-011
  0.50000000000000000        277.24160360750847        7.4458407427023199E-002  0.58839741407309476        1.8704886548428007E-011
  0.59999999999999998        277.06708623319628        7.4458407427211798E-002  0.58839741407495283        1.8704886548811964E-011
  0.69999999999999996        276.94946676330193        7.4458407427211798E-002  0.58839741407495283        1.8704886548811964E-011
  0.80000000000000004        276.88446132066366        7.4458407426834600E-002  0.58839741407123702        1.8704886548044050E-011
   1.0000000000000000        276.85247069708305        7.4458407427023199E-002  0.58839741407309476        1.8704886548428007E-011
   2.5000000000000001E-002   280.61514255098956        7.2168977227493034E-002  0.56544827299288092        1.4522419144257195E-011
   5.0000000000000003E-002   281.73187785106728        7.4457058602911852E-002  0.58838412675763085        1.8702140753212230E-011
  0.10000000000000001        282.08099466496839        7.4458407182290187E-002  0.58839741166224546        1.8704886050194070E-011
  0.14999999999999999        281.10665160238921        7.4458407426879300E-002  0.58839741407167723        1.8704886548135053E-011
  0.20000000000000001        279.81634432274592        7.4458407426833351E-002  0.58839741407122481        1.8704886548041523E-011
  0.25000000000000000        278.76192107674473        7.4458407426833351E-002  0.58839741407122481        1.8704886548041523E-011
  0.29999999999999999        278.08085389258815        7.4458407426833351E-002  0.58839741407122481        1.8704886548041523E-011
  0.34999999999999998        277.69462957432586        7.4458407426833351E-002  0.58839741407122481        1.8704886548041523E-011
  0.40000000000000002        277.47527585668161        7.4458407427023199E-002  0.58839741407309476        1.8704886548428007E-011
  0.50000000000000000        277.24302355009735        7.4458407427023199E-002  0.58839741407309476        1.8704886548428007E-011
  0.59999999999999998        277.06854969567462        7.4458407427213047E-002  0.58839741407496526        1.8704886548814520E-011
  0.69999999999999996        276.95081696658650        7.4458407427213047E-002  0.58839741407496526        1.8704886548814520E-011
  0.80000000000000004        276.88530477491747        7.4458407426833351E-002  0.58839741407122481        1.8704886548041523E-011
   1.0000000000000000        276.85267885334974        7.4458407427023199E-002  0.58839741407309476        1.8704886548428007E-011
   2.5000000000000001E-002   280.32615673225263        7.2164435712958552E-002  0.56540194544657241        1.4515014716777026E-011
   5.0000000000000003E-002   281.48162587342841        7.4457038047843635E-002  0.58838392426682073        1.8702098912085164E-011
  0.10000000000000001        281.94398926152763        7.4458407177715985E-002  0.58839741161718528        1.8704886040881777E-011
  0.14999999999999999        281.07166450736241        7.4458407426878051E-002  0.58839741407166513        1.8704886548132523E-011
  0.20000000000000001        279.83841054383521        7.4458407426832102E-002  0.58839741407121249        1.8704886548038964E-011
  0.25000000000000000        278.79920509427552        7.4458407426832102E-002  0.58839741407121249        1.8704886548038964E-011
  0.29999999999999999        278.11094933660837        7.4458407426832102E-002  0.58839741407121249        1.8704886548038964E-011
  0.34999999999999998        277.71197754605856        7.4458407426832102E-002  0.58839741407121249        1.8704886548038964E-011
  0.40000000000000002        277.48262220508042        7.4458407427023199E-002  0.58839741407309476        1.8704886548428007E-011
  0.50000000000000000        277.24458727206422        7.4458407427023199E-002  0.58839741407309476        1.8704886548428007E-011
  0.59999999999999998        277.07001096252998        7.4458407427214296E-002  0.58839741407497737        1.8704886548817047E-011
  0.69999999999999996        276.95215730277528        7.4458407427214296E-002  0.58839741407497737        1.8704886548817047E-011
  0.80000000000000004        276.88615136462391        7.4458407426832102E-002  0.58839741407121249        1.8704886548038964E-011
   1.0000000000000000        276.85289109831439        7.4458407427023199E-002  0.58839741407309476        1.8704886548428007E-011
   2.5000000000000001E-002   280.04430884798217        7.2159968188655083E-002  0.56535636949819401        1.4507734151188714E-011
   5.0000000000000003E-002   281.23637916937389        7.4457017452669860E-002  0.58838372138086226        1.8702056989403030E-011
  0.10000000000000001        281.80596877424443        7.4458407173072380E-002  0.58839741157144143        1.8704886031428201E-011
  0.14999999999999999        281.03224006916878        7.4458407426876802E-002  0.58839741407165269        1.8704886548129967E-011
  0.20000000000000001        279.85625523024243        7.4458407426830853E-002  0.58839741407120005        1.8704886548036434E-011
  0.25000000000000000        278.83416845337837        7.4458407426830853E-002  0.58839741407120005        1.8704886548036434E-011
  0.29999999999999999        278.14042669330917        7.4458407426830853E-002  0.58839741407120005        1.8704886548036434E-011
  0.34999999999999998        277.72957420476922        7.4458407426830853E-002  0.58839741407120005        1.8704886548036434E-011
  0.40000000000000002        277.49044335932530        7.4458407427023199E-002  0.58839741407309476        1.8704886548428007E-011
  0.50000000000000000        277.24629977767023        7.4458407427023199E-002  0.58839741407309476        1.8704886548428007E-011
  0.59999999999999998        277.07147357808265        7.4458407427215545E-002  0.58839741407498969        1.8704886548819603E-011
  0.69999999999999996        276.95348833423179        7.4458407427215545E-002  0.58839741407498969        1.8704886548819603E-011
  0.80000000000000004        276.88700088232150        7.4458407426830853E-002  0.58839741407120005        1.8704886548036434E-011
   1.0000000000000000        276.85310742516134        7.4458407427023199E-002  0.58839741407309476        1.8704886548428007E-011
   2.5000000000000001E-002   279.76912632303998        7.2155577922524791E-002  0.56531157864523007        1.4500582609364123E-011
   5.0000000000000003E-002   280.99588967944158        7.4456996818072357E-002  0.58838351810647238        1.8702014986554199E-011
  0.10000000000000001        281.66718007339557        7.4458407168358304E-002  0.58839741152500336        1.8704886021831161E-011
  0.14999999999999999        280.98873718313092        7.4458407426875553E-002  0.58839741407164059        1.8704886548127437E-011
  0.20000000000000001        279.87005205605516        7.4458407426829604E-002  0.58839741407118762        1.8704886548033878E-011
  0.25000000000000000        278.86679724110434        7.4458407426829604E-002  0.58839741407118762        1.8704886548033878E-011
  0.29999999999999999        278.16920435014384        7.4458407426829604E-002  0.58839741407118762        1.8704886548033878E-011
  0.34999999999999998        277.74735460974910        7.4458407426829604E-002  0.58839741407118762        1.8704886548033878E-011
  0.40000000000000002        277.49871179759322        7.4458407427023199E-002  0.58839741407309476        1.8704886548428007E-011
  0.50000000000000000        277.24816523672195        7.4458407427023199E-002  0.58839741407309476        1.8704886548428007E-011
  0.59999999999999998        277.07294103828775        7.4458407427216794E-002  0.58839741407500190        1.8704886548822133E-011
  0.69999999999999996        276.95481067842110        7.4458407427216794E-002  0.58839741407500190        1.8704886548822133E-011
  0.80000000000000004        276.88785313577972        7.4458407426829604E-002  0.58839741407118762        1.8704886548033878E-011
   1.0000000000000000        276.85332782583720        7.4458407427023199E-002  0.58839741407309476        1.8704886548428007E-011
   2.5000000000000001E-002   279.50016243539278        7.2151267021229842E-002  0.56526759454257158        1.4493563356425899E-011
   5.0000000000000003E-002   280.75991626607157        7.4456976144754133E-002  0.58838331445057568        1.8701972904970136E-011
  0.10000000000000001        281.52783335264019        7.4458407163574228E-002  0.58839741147787583        1.8704886012091617E-011
  0.14999999999999999        280.94148524842103        7.4458407426874304E-002  0.58839741407162816        1.8704886548124881E-011
  0.20000000000000001        279.87997358012279        7.4458407426828355E-002  0.58839741407117541        1.8704886548031348E-011
  0.25000000000000000        278.89708905691617        7.4458407426828355E-002  0.58839741407117541        1.8704886548031348E-011
  0.29999999999999999        278.19720922133899        7.4458407426828355E-002  0.58839741407117541        1.8704886548031348E-011
  0.34999999999999998        277.76525610291202        7.4458407426828355E-002  0.58839741407117541        1.8704886548031348E-011
  0.40000000000000002        277.50739865451681        7.4458407427023199E-002  0.58839741407309476        1.8704886548428007E-011
  0.50000000000000000        277.25018698805906        7.4458407427023199E-002  0.58839741407309476        1.8704886548428007E-011
  0.59999999999999998        277.07441677359122        7.4458407427218043E-002  0.58839741407501434        1.8704886548824689E-011
  0.69999999999999996        276.95612500409737        7.4458407427218043E-002  0.58839741407501434        1.8704886548824689E-011
  0.80000000000000004        276.88870794850556        7.4458407426828355E-002  0.58839741407117541        1.8704886548031348E-011
   1.0000000000000000        276.85355229115703        7.4458407427023199E-002  0.58839741407309476        1.8704886548428007E-011
   2.5000000000000001E-002   279.23693697330913        7.2147040827264225E-002  0.56522447186637492        1.4486684920225263E-011
   5.0000000000000003E-002   280.52822010936495        7.4456955433444119E-002  0.58838311042035274        1.8701930746135117E-011
  0.10000000000000001        281.38810682455471        7.4458407158720361E-002  0.58839741143006064        1.8704886002209975E-011
  0.14999999999999999        280.89078630427628        7.4458407426873055E-002  0.58839741407161594        1.8704886548122351E-011
  0.20000000000000001        279.88618981281695        7.4458407426827106E-002  0.58839741407116308        1.8704886548028792E-011
  0.25000000000000000        278.92505147164798        7.4458407426827106E-002  0.58839741407116308        1.8704886548028792E-011
  0.29999999999999999        278.22437638027611        7.4458407426827106E-002  0.58839741407116308        1.8704886548028792E-011
  0.34999999999999998        277.78321854711396        7.4458407426827106E-002  0.58839741407116308        1.8704886548028792E-011
  0.40000000000000002        277.51647398285337        7.4458407427023199E-002  0.58839741407309476        1.8704886548428007E-011
  0.50000000000000000        277.25236754912868        7.4458407427023199E-002  0.58839741407309476        1.8704886548428007E-011
  0.59999999999999998        277.07590413271618        7.4458407427219292E-002  0.58839741407502677        1.8704886548827222E-011
  0.69999999999999996        276.95743202727050        7.4458407427219292E-002  0.58839741407502677        1.8704886548827222E-011
  0.80000000000000004        276.88956516016390        7.4458407426827106E-002  0.58839741407116308        1.8704886548028792E-011
   1.0000000000000000        276.85378081091699        7.4458407427023199E-002  0.58839741407309476        1.8704886548428007E-011
   2.5000000000000001E-002   278.97883314425241        7.2142910833708870E-002  0.56518232806840518        1.4479965821942868E-011
   5.0000000000000003E-002   280.30053545836716        7.4456934684965032E-002  0.58838290602390830        1.8701888511724269E-011
  0.10000000000000001        281.24814911640289        7.4458407153797659E-002  0.58839741138156731        1.8704885992188207E-011
  0.14999999999999999        280.83691699263625        7.4458407426871806E-002  0.58839741407160351        1.8704886548119795E-011
  0.20000000000000001        279.88886710349306        7.4458407426825857E-002  0.58839741407115098        1.8704886548026259E-011
  0.25000000000000000        278.95070061928277        7.4458407426825857E-002  0.58839741407115098        1.8704886548026259E-011
  0.29999999999999999        278.25064864287344        7.4458407426825857E-002  0.58839741407115098        1.8704886548026259E-011
  0.34999999999999998        277.80118450726610        7.4458407426825857E-002  0.58839741407115098        1.8704886548026259E-011
  0.40000000000000002        277.52590700351072        7.4458407427023199E-002  0.58839741407309476        1.8704886548428007E-011
  0.50000000000000000        277.25470863109894        7.4458407427023199E-002  0.58839741407309476        1.8704886548428007E-011
  0.59999999999999998        277.07740636747195        7.4458407427220541E-002  0.58839741407503898        1.8704886548829752E-011
  0.69999999999999996        276.95873250699714        7.4458407427220541E-002  0.58839741407503898        1.8704886548829752E-011
  0.80000000000000004        276.89042462692680        7.4458407426825857E-002  0.58839741407115098        1.8704886548026259E-011
   1.0000000000000000        276.85401337400327        7.4458407427023199E-002  0.58839741407309476        1.8704886548428007E-011
   2.5000000000000001E-002   278.72528533676621        7.2138878242452201E-002  0.56514117560178190        1.4473407823860964E-011
   5.0000000000000003E-002   280.07656858012746        7.4456913900192434E-002  0.58838270126986658        1.8701846203520235E-011
  0.10000000000000001        281.10807951369708        7.4458407148805056E-002  0.58839741133238554        1.8704885982024138E-011
  0.14999999999999999        280.78013015332289        7.4458407426870557E-002  0.58839741407159118        1.8704886548117265E-011
  0.20000000000000001        279.88816727522016        7.4458407426824608E-002  0.58839741407113855        1.8704886548023703E-011
  0.25000000000000000        278.97405991933806        7.4458407426824608E-002  0.58839741407113855        1.8704886548023703E-011
  0.29999999999999999        278.27597611831942        7.4458407426824608E-002  0.58839741407113855        1.8704886548023703E-011
  0.34999999999999998        277.81909937994538        7.4458407426824608E-002  0.58839741407113855        1.8704886548023703E-011
  0.40000000000000002        277.53566634173006        7.4458407427023199E-002  0.58839741407309476        1.8704886548428007E-011
  0.50000000000000000        277.25721115894839        7.4458407427023199E-002  0.58839741407309476        1.8704886548428007E-011
  0.59999999999999998        277.07892661866214        7.4458407427221790E-002  0.58839741407505108        1.8704886548832308E-011
  0.69999999999999996        276.96002724101464        7.4458407427221790E-002  0.58839741407505108        1.8704886548832308E-011
  0.80000000000000004        276.89128622173718        7.4458407426824608E-002  0.58839741407113855        1.8704886548023703E-011
   1.0000000000000000        276.85424996850566        7.4458407427023199E-002  0.58839741407309476        1.8704886548428007E-011
   2.5000000000000001E-002   278.47577680826413        7.2134939632135922E-002  0.56510097973384943        1.4467005175665322E-011
   5.0000000000000003E-002   279.85601680878960        7.4456893079985223E-002  0.58838249616668903        1.8701803823271817E-011
  0.10000000000000001        280.96798969417142        7.4458407143742106E-002  0.58839741128251088        1.8704885971716863E-011
  0.14999999999999999        280.72065613664785        7.4458407426869308E-002  0.58839741407157886        1.8704886548114709E-011
  0.20000000000000001        279.88424693997433        7.4458407426823359E-002  0.58839741407112611        1.8704886548021173E-011
  0.25000000000000000        278.99515892275338        7.4458407426823359E-002  0.58839741407112611        1.8704886548021173E-011
  0.29999999999999999        278.30031574053373        7.4458407426823359E-002  0.58839741407112611        1.8704886548021173E-011
  0.34999999999999998        277.83691147737028        7.4458407426823359E-002  0.58839741407112611        1.8704886548021173E-011
  0.40000000000000002        277.54572024775956        7.4458407427023199E-002  0.58839741407309476        1.8704886548428007E-011
  0.50000000000000000        277.25987529593169        7.4458407427023199E-002  0.58839741407309476        1.8704886548428007E-011
  0.59999999999999998        277.08046790316519        7.4458407427223039E-002  0.58839741407506341        1.8704886548834841E-011
  0.69999999999999996        276.96131706127710        7.4458407427223039E-002  0.58839741407506341        1.8704886548834841E-011
  0.80000000000000004        276.89214983448903        7.4458407426823359E-002  0.58839741407112611        1.8704886548021173E-011
   1.0000000000000000        276.85449058183127        7.4458407427023199E-002  0.58839741407309476        1.8704886548428007E-011
   2.5000000000000001E-002   278.22983013257692        7.2131089649781141E-002  0.56506168600410467        1.4460749001876545E-011
   5.0000000000000003E-002   279.63857787059192        7.4456872225165546E-002  0.58838229072247428        1.8701761372652927E-011
  0.10000000000000001        280.82794650324877        7.4458407138608990E-002  0.58839741123194478        1.8704885961266729E-011
  0.14999999999999999        280.65870403824312        7.4458407426868059E-002  0.58839741407156665        1.8704886548112176E-011
  0.20000000000000001        279.87725695654137        7.4458407426822110E-002  0.58839741407111390        1.8704886548018617E-011
  0.25000000000000000        279.01403227175433        7.4458407426822110E-002  0.58839741407111390        1.8704886548018617E-011
  0.29999999999999999        278.32363079098553        7.4458407426822110E-002  0.58839741407111390        1.8704886548018617E-011
  0.34999999999999998        277.85457207144316        7.4458407426822110E-002  0.58839741407111390        1.8704886548018617E-011
  0.40000000000000002        277.55603680090161        7.4458407427023199E-002  0.58839741407309476        1.8704886548428007E-011
  0.50000000000000000        277.26270047183147        7.4458407427023199E-002  0.58839741407309476        1.8704886548428007E-011
  0.59999999999999998        277.08203310218738        7.4458407427224288E-002  0.58839741407507584        1.8704886548837397E-011
  0.69999999999999996        276.96260282939215        7.4458407427224288E-002  0.58839741407507584        1.8704886548837397E-011
  0.80000000000000004        276.89301537213629        7.4458407426822110E-002  0.58839741407111390        1.8704886548018617E-011
   1.0000000000000000        276.85473520081780        7.4458407427023199E-002  0.58839741407309476        1.8704886548428007E-011
   2.5000000000000001E-002   277.98700549526052        7.2127321842364076E-002  0.56502322870694166        1.4454628657690536E-011
   5.0000000000000003E-002   279.42395556849402        7.4456851336499569E-002  0.58838208494476951        1.8701718853223542E-011
  0.10000000000000001        280.68799498843225        7.4458407133405610E-002  0.58839741118068667        1.8704885950673534E-011
  0.14999999999999999        280.59446293416289        7.4458407426866810E-002  0.58839741407155421        1.8704886548109620E-011
  0.20000000000000001        279.86734201211698        7.4458407426820861E-002  0.58839741407110169        1.8704886548016084E-011
  0.25000000000000000        279.03071876437878        7.4458407426820861E-002  0.58839741407110169        1.8704886548016084E-011
  0.29999999999999999        278.34589042112640        7.4458407426820861E-002  0.58839741407110169        1.8704886548016084E-011
  0.34999999999999998        277.87203540332803        7.4458407426820861E-002  0.58839741407110169        1.8704886548016084E-011
  0.40000000000000002        277.56658409624185        7.4458407427023199E-002  0.58839741407309476        1.8704886548428007E-011
  0.50000000000000000        277.26568541440719        7.4458407427023199E-002  0.58839741407309476        1.8704886548428007E-011
  0.59999999999999998        277.08362495076500        7.4458407427225537E-002  0.58839741407508805        1.8704886548839927E-011
  0.69999999999999996        276.96388543201891        7.4458407427225537E-002  0.58839741407508805        1.8704886548839927E-011
  0.80000000000000004        276.89388275871380        7.4458407426820861E-002  0.58839741407110169        1.8704886548016084E-011
   1.0000000000000000        276.85498381184755        7.4458407427023199E-002  0.58839741407309476        1.8704886548428007E-011
   2.5000000000000001E-002   277.74689998937544        7.2123629052955746E-002  0.56498553493284320        1.4448632374599794E-011
   5.0000000000000003E-002   279.21186370302007        7.4456830414693614E-002  0.58838187884053250        1.8701676266421788E-011
  0.10000000000000001        280.54816141894179        7.4458407128132231E-002  0.58839741112873889        1.8704885939937857E-011
  0.14999999999999999        280.52810313572451        7.4458407426865561E-002  0.58839741407154200        1.8704886548107090E-011
  0.20000000000000001        279.85464031519149        7.4458407426819612E-002  0.58839741407108925        1.8704886548013528E-011
  0.25000000000000000        279.04526051537499        7.4458407426819612E-002  0.58839741407108925        1.8704886548013528E-011
  0.29999999999999999        278.36706918088686        7.4458407426819612E-002  0.58839741407108925        1.8704886548013528E-011
  0.34999999999999998        277.88925866363888        7.4458407426819612E-002  0.58839741407108925        1.8704886548013528E-011
  0.40000000000000002        277.57733041378964        7.4458407427023199E-002  0.58839741407309476        1.8704886548428007E-011
  0.50000000000000000        277.26882818347372        7.4458407427023199E-002  0.58839741407309476        1.8704886548428007E-011
  0.59999999999999998        277.08524602849235        7.4458407427226786E-002  0.58839741407510027        1.8704886548842483E-011
  0.69999999999999996        276.96516577624868        7.4458407427226786E-002  0.58839741407510027        1.8704886548842483E-011
  0.80000000000000004        276.89475193528602        7.4458407426819612E-002  0.58839741407108925        1.8704886548013528E-011
   1.0000000000000000        276.85523640095749        7.4458407427023199E-002  0.58839741407309476        1.8704886548428007E-011
   2.5000000000000001E-002   277.50914664720119        7.2120003688091780E-002  0.56494852729654732        1.4442747695516743E-011
   5.0000000000000003E-002   279.00202884145352        7.4456809460386783E-002  0.58838167241605899        1.8701633613549002E-011
  0.10000000000000001        280.40845616622585        7.4458407122788825E-002  0.58839741107610122        1.8704885929059608E-011
  0.14999999999999999        280.45977746202129        7.4458407426864312E-002  0.58839741407152968        1.8704886548104534E-011
  0.20000000000000001        279.83928338946072        7.4458407426818363E-002  0.58839741407107704        1.8704886548011001E-011
  0.25000000000000000        279.05770220621321        7.4458407426818363E-002  0.58839741407107704        1.8704886548011001E-011
  0.29999999999999999        278.38714655819064        7.4458407426818363E-002  0.58839741407107704        1.8704886548011001E-011
  0.34999999999999998        277.90620194787618        7.4458407426818363E-002  0.58839741407107704        1.8704886548011001E-011
  0.40000000000000002        277.58824437006825        7.4458407427023199E-002  0.58839741407309476        1.8704886548428007E-011
  0.50000000000000000        277.27212620706825        7.4458407427023199E-002  0.58839741407309476        1.8704886548428007E-011
  0.59999999999999998        277.08689875148627        7.4458407427228035E-002  0.58839741407511248        1.8704886548845009E-011
  0.69999999999999996        276.96644478499735        7.4458407427228035E-002  0.58839741407511248        1.8704886548845009E-011
  0.80000000000000004        276.89562285981373        7.4458407426818363E-002  0.58839741407107704        1.8704886548011001E-011
   1.0000000000000000        276.85549295395390        7.4458407427023199E-002  0.58839741407309476        1.8704886548428007E-011
   2.5000000000000001E-002   277.27339300469731        7.2116409020713951E-002  0.56491183097334319        1.4436914918960309E-011
   5.0000000000000003E-002   278.79419175182096        7.4456788474125277E-002  0.58838146567672922        1.8701590895717364E-011
  0.10000000000000001        280.26887637690089        7.4458407117374642E-002  0.58839741102276666        1.8704885918037284E-011
  0.14999999999999999        280.38962251927904        7.4458407426863063E-002  0.58839741407151736        1.8704886548102001E-011
  0.20000000000000001        279.82139595908387        7.4458407426817114E-002  0.58839741407106483        1.8704886548008471E-011
  0.25000000000000000        279.06809041776972        7.4458407426817114E-002  0.58839741407106483        1.8704886548008471E-011
  0.29999999999999999        278.40610653329202        7.4458407426817114E-002  0.58839741407106483        1.8704886548008471E-011
  0.34999999999999998        277.92282819130963        7.4458407426817114E-002  0.58839741407106483        1.8704886548008471E-011
  0.40000000000000002        277.59929505246981        7.4458407427023199E-002  0.58839741407309476        1.8704886548428007E-011
  0.50000000000000000        277.27557631919410        7.4458407427023199E-002  0.58839741407309476        1.8704886548428007E-011
  0.59999999999999998        277.08858536556323        7.4458407427229284E-002  0.58839741407512491        1.8704886548847565E-011
  0.69999999999999996        276.96772339244063        7.4458407427229284E-002  0.58839741407512491        1.8704886548847565E-011
  0.80000000000000004        276.89649550695469        7.4458407426817114E-002  0.58839741407106483        1.8704886548008471E-011
   1.0000000000000000        276.85575345651836        7.4458407427023199E-002  0.58839741407309476        1.8704886548428007E-011
   2.5000000000000001E-002   277.03909985144588        7.2112463428260054E-002  0.56487154987006094        1.4430515101852103E-011
   5.0000000000000003E-002   278.58807532264200        7.4456767454356296E-002  0.58838125860724610        1.8701548109766498E-011
  0.10000000000000001        280.12940713563756        7.4458407111888350E-002  0.58839741096872156        1.8704885906868129E-011
  0.14999999999999999        280.31775993571154        7.4458407426861814E-002  0.58839741407150492        1.8704886548099445E-011
  0.20000000000000001        279.80109591477992        7.4458407426815865E-002  0.58839741407105250        1.8704886548005915E-011
  0.25000000000000000        279.07647303985209        7.4458407426815865E-002  0.58839741407105250        1.8704886548005915E-011
  0.29999999999999999        278.42393715085120        7.4458407426815865E-002  0.58839741407105250        1.8704886548005915E-011
  0.34999999999999998        277.93910308707535        7.4458407426815865E-002  0.58839741407105250        1.8704886548005915E-011
  0.40000000000000002        277.61045213688072        7.4458407427023199E-002  0.58839741407309476        1.8704886548428007E-011
  0.50000000000000000        277.27917479865857        7.4458407427023199E-002  0.58839741407309476        1.8704886548428007E-011
  0.59999999999999998        277.09030794061186        7.4458407427230533E-002  0.58839741407513735        1.8704886548850098E-011
  0.69999999999999996        276.96900253951441        7.4458407427230533E-002  0.58839741407513735        1.8704886548850098E-011
  0.80000000000000004        276.89736986778826        7.4458407426815865E-002  0.58839741407105250        1.8704886548005915E-011
   1.0000000000000000        276.85601789431723        7.4458407427023199E-002  0.58839741407309476        1.8704886548428007E-011
   2.5000000000000001E-002   276.80625726816299        7.2108547391959751E-002  0.56483156808206925        1.4424165684516634E-011
   5.0000000000000003E-002   278.38343611343572        7.4456746399476345E-002  0.58838105119181305        1.8701505252432960E-011
  0.10000000000000001        279.99002170238498        7.4458407106331073E-002  0.58839741091397701        1.8704885895554476E-011
  0.14999999999999999        280.24429735519146        7.4458407426860565E-002  0.58839741407149282        1.8704886548096918E-011
  0.20000000000000001        279.77849433812440        7.4458407426814616E-002  0.58839741407104040        1.8704886548003382E-011
  0.25000000000000000        279.08289875160438        7.4458407426814616E-002  0.58839741407104040        1.8704886548003382E-011
  0.29999999999999999        278.44063011193907        7.4458407426814616E-002  0.58839741407104040        1.8704886548003382E-011
  0.34999999999999998        277.95499499085173        7.4458407426814616E-002  0.58839741407104040        1.8704886548003382E-011
  0.40000000000000002        277.62168598927337        7.4458407427023199E-002  0.58839741407309476        1.8704886548428007E-011
  0.50000000000000000        277.28291740859692        7.4458407427023199E-002  0.58839741407309476        1.8704886548428007E-011
  0.59999999999999998        277.09206836612066        7.4458407427231782E-002  0.58839741407514967        1.8704886548852654E-011
  0.69999999999999996        276.97028316950963        7.4458407427231782E-002  0.58839741407514967        1.8704886548852654E-011
  0.80000000000000004        276.89824594947174        7.4458407426814616E-002  0.58839741407104040        1.8704886548003382E-011
   1.0000000000000000        276.85628625310528        7.4458407427023199E-002  0.58839741407309476        1.8704886548428007E-011
   2.5000000000000001E-002   276.57464449653492        7.2104671339259616E-002  0.56479199213519626        1.4417883507899723E-011
   5.0000000000000003E-002   278.18008553790622        7.4456725309966845E-002  0.58838084343517216        1.8701462324697052E-011
  0.10000000000000001        279.85068850801508        7.4458407100703339E-002  0.58839741085853881        1.8704885884097405E-011
  0.14999999999999999        280.16932965112687        7.4458407426859316E-002  0.58839741407148061        1.8704886548094388E-011
  0.20000000000000001        279.75369557393896        7.4458407426813367E-002  0.58839741407102775        1.8704886548000826E-011
  0.25000000000000000        279.08741656601103        7.4458407426813367E-002  0.58839741407102775        1.8704886548000826E-011
  0.29999999999999999        278.45618038737405        7.4458407426813367E-002  0.58839741407102775        1.8704886548000826E-011
  0.34999999999999998        277.97047481508366        7.4458407426813367E-002  0.58839741407102775        1.8704886548000826E-011
  0.40000000000000002        277.63296775207368        7.4458407427023199E-002  0.58839741407309476        1.8704886548428007E-011
  0.50000000000000000        277.28679943623877        7.4458407427023199E-002  0.58839741407309476        1.8704886548428007E-011
  0.59999999999999998        277.09386834781128        7.4458407427233031E-002  0.58839741407516188        1.8704886548855184E-011
  0.69999999999999996        276.97156622377918        7.4458407427233031E-002  0.58839741407516188        1.8704886548855184E-011
  0.80000000000000004        276.89912377483967        7.4458407426813367E-002  0.58839741407102775        1.8704886548000826E-011
   1.0000000000000000        276.85655851882660        7.4458407427023199E-002  0.58839741407309476        1.8704886548428007E-011
   2.5000000000000001E-002   276.34401863229834        7.2100829546730347E-002  0.56475276365895799        1.4411659225909066E-011
   5.0000000000000003E-002   277.97784182544621        7.4456704186155034E-002  0.58838063534054696        1.8701419327225344E-011
  0.10000000000000001        279.71137293946032        7.4458407095004994E-002  0.58839741080240449        1.8704885872496542E-011
  0.14999999999999999        280.09294035779038        7.4458407426858067E-002  0.58839741407146828        1.8704886548091832E-011
  0.20000000000000001        279.72679737841344        7.4458407426812118E-002  0.58839741407101553        1.8704886547998296E-011
  0.25000000000000000        279.09007543457130        7.4458407426812118E-002  0.58839741407101553        1.8704886547998296E-011
  0.29999999999999999        278.47058585335503        7.4458407426812118E-002  0.58839741407101553        1.8704886547998296E-011
  0.34999999999999998        277.98551591533095        7.4458407426812118E-002  0.58839741407101553        1.8704886547998296E-011
  0.40000000000000002        277.64426941620701        7.4458407427023199E-002  0.58839741407309476        1.8704886548428007E-011
  0.50000000000000000        277.29081573259765        7.4458407427023199E-002  0.58839741407309476        1.8704886548428007E-011
  0.59999999999999998        277.09570940533808        7.4458407427234280E-002  0.58839741407517421        1.8704886548857740E-011
  0.69999999999999996        276.97285263758084        7.4458407427234280E-002  0.58839741407517421        1.8704886548857740E-011
  0.80000000000000004        276.90000338192755        7.4458407426812118E-002  0.58839741407101553        1.8704886547998296E-011
   1.0000000000000000        276.85683467771287        7.4458407427023199E-002  0.58839741407309476        1.8704886548428007E-011
   2.5000000000000001E-002   276.11407248149476        7.2097021666682040E-002  0.56471387916482951        1.4405492211755646E-011
   5.0000000000000003E-002   277.77651715025820        7.4456683028351969E-002  0.58838042691100112        1.8701376260651355E-011
  0.10000000000000001        279.57203700532904        7.4458407089235304E-002  0.58839741074556773        1.8704885860750471E-011
  0.14999999999999999        280.01520288400729        7.4458407426856818E-002  0.58839741407145607        1.8704886548089299E-011
  0.20000000000000001        279.69789112903914        7.4458407426810869E-002  0.58839741407100310        1.8704886547995740E-011
  0.25000000000000000        279.09092390970699        7.4458407426810869E-002  0.58839741407100310        1.8704886547995740E-011
  0.29999999999999999        278.48384695005791        7.4458407426810869E-002  0.58839741407100310        1.8704886547995740E-011
  0.34999999999999998        278.00009397105561        7.4458407426810869E-002  0.58839741407100310        1.8704886547995740E-011
  0.40000000000000002        277.65556387977722        7.4458407427023199E-002  0.58839741407309476        1.8704886548428007E-011
  0.50000000000000000        277.29496075175484        7.4458407427023199E-002  0.58839741407309476        1.8704886548428007E-011
  0.59999999999999998        277.09759287098757        7.4458407427235529E-002  0.58839741407518642        1.8704886548860273E-011
  0.69999999999999996        276.97414333606832        7.4458407427235529E-002  0.58839741407518642        1.8704886548860273E-011
  0.80000000000000004        276.90088482346846        7.4458407426810869E-002  0.58839741407100310        1.8704886547995740E-011
   1.0000000000000000        276.85711471637740        7.4458407427023199E-002  0.58839741407309476        1.8704886548428007E-011
   2.5000000000000001E-002   275.88453744810954        7.2093241683492390E-002  0.56467527727925626        1.4399372665784341E-011
   5.0000000000000003E-002   277.57591781762517        7.4456661836834984E-002  0.58838021814926666        1.8701333125540033E-011
  0.10000000000000001        279.43263829029320        7.4458407083394129E-002  0.58839741068802676        1.8704885848858855E-011
  0.14999999999999999        279.93618144406264        7.4458407426855569E-002  0.58839741407144364        1.8704886548086743E-011
  0.20000000000000001        279.66706206570132        7.4458407426809620E-002  0.58839741407099100        1.8704886547993207E-011
  0.25000000000000000        279.09000986059931        7.4458407426809620E-002  0.58839741407099100        1.8704886547993207E-011
  0.29999999999999999        278.49596636373633        7.4458407426809620E-002  0.58839741407099100        1.8704886547993207E-011
  0.34999999999999998        278.01418686283193        7.4458407426809620E-002  0.58839741407099100        1.8704886547993207E-011
  0.40000000000000002        277.66682499437678        7.4458407427023199E-002  0.58839741407309476        1.8704886548428007E-011
  0.50000000000000000        277.29922858946207        7.4458407427023199E-002  0.58839741407309476        1.8704886548428007E-011
  0.59999999999999998        277.09951988932954        7.4458407427236778E-002  0.58839741407519885        1.8704886548862829E-011
  0.69999999999999996        276.97543923045674        7.4458407427236778E-002  0.58839741407519885        1.8704886548862829E-011
  0.80000000000000004        276.90176816630168        7.4458407426809620E-002  0.58839741407099100        1.8704886547993207E-011
   1.0000000000000000        276.85739862190422        7.4458407427023199E-002  0.58839741407309476        1.8704886548428007E-011
   2.5000000000000001E-002   275.65517738133019        7.2089481646951378E-002  0.56463687685582564        1.4393287673088354E-011
   5.0000000000000003E-002   277.37585465602706        7.4456640611818170E-002  0.58838000905745225        1.8701289922327604E-011
  0.10000000000000001        279.29312998752278        7.4458407077481414E-002  0.58839741062978090        1.8704885836821577E-011
  0.14999999999999999        279.85593178950131        7.4458407426854320E-002  0.58839741407143120        1.8704886548084213E-011
  0.20000000000000001        279.63438953833128        7.4458407426808371E-002  0.58839741407097867        1.8704886547990651E-011
  0.25000000000000000        279.08738023626586        7.4458407426808371E-002  0.58839741407097867        1.8704886547990651E-011
  0.29999999999999999        278.50694873233368        7.4458407426808371E-002  0.58839741407097867        1.8704886547990651E-011
  0.34999999999999998        278.02777454773855        7.4458407426808371E-002  0.58839741407097867        1.8704886547990651E-011
  0.40000000000000002        277.67802760003514        7.4458407427023199E-002  0.58839741407309476        1.8704886548428007E-011
  0.50000000000000000        277.30361302081661        7.4458407427023199E-002  0.58839741407309476        1.8704886548428007E-011
  0.59999999999999998        277.10149141773002        7.4458407427238027E-002  0.58839741407521129        1.8704886548865359E-011
  0.69999999999999996        276.97674121435790        7.4458407427238027E-002  0.58839741407521129        1.8704886548865359E-011
  0.80000000000000004        276.90265349075349        7.4458407426808371E-002  0.58839741407097867        1.8704886547990651E-011
   1.0000000000000000        276.85768638193645        7.4458407427023199E-002  0.58839741407309476        1.8704886548428007E-011
   2.5000000000000001E-002   275.42577756397867        7.2085733385349904E-002  0.56459859446669902        1.4387223979846237E-011
   5.0000000000000003E-002   277.17614664271912        7.4456619353444775E-002  0.58837979963696863        1.8701246651306023E-011
  0.10000000000000001        279.15346159264777        7.4458407071499255E-002  0.58839741057085115        1.8704885824642958E-011
  0.14999999999999999        279.77450187039386        7.4458407426853071E-002  0.58839741407141888        1.8704886548081657E-011
  0.20000000000000001        279.59994725250039        7.4458407426807122E-002  0.58839741407096646        1.8704886547988121E-011
  0.25000000000000000        279.08308086938968        7.4458407426807122E-002  0.58839741407096646        1.8704886547988121E-011
  0.29999999999999999        278.51680037427280        7.4458407426807122E-002  0.58839741407096646        1.8704886547988121E-011
  0.34999999999999998        278.04083893444448        7.4458407426807122E-002  0.58839741407096646        1.8704886547988121E-011
  0.40000000000000002        277.68914754982524        7.4458407427023199E-002  0.58839741407309476        1.8704886548428007E-011
  0.50000000000000000        277.30810753681345        7.4458407427023199E-002  0.58839741407309476        1.8704886548428007E-011
  0.59999999999999998        277.10350822770334        7.4458407427239276E-002  0.58839741407522361        1.8704886548867915E-011
  0.69999999999999996        276.97805016030975        7.4458407427239276E-002  0.58839741407522361        1.8704886548867915E-011
  0.80000000000000004        276.90354088997032        7.4458407426807122E-002  0.58839741407096646        1.8704886547988121E-011
   1.0000000000000000        276.85797798475397        7.4458407427023199E-002  0.58839741407309476        1.8704886548428007E-011
   2.5000000000000001E-002   275.19614033220967        7.2081988848284401E-002  0.56456034790364684        1.4381168548024709E-011
   5.0000000000000003E-002   276.97662196317526        7.4456598061784132E-002  0.58837958988849881        1.8701203312616860E-011
  0.10000000000000001        279.01357971775866        7.4458407065445556E-002  0.58839741051121641        1.8704885812318671E-011
  0.14999999999999999        279.69193246899658        7.4458407426850698E-002  0.58839741407139567        1.8704886548076824E-011
  0.20000000000000001        279.56380351284957        7.4458407426805873E-002  0.58839741407095403        1.8704886547985566E-011
  0.25000000000000000        279.07715631515572        7.4458407426805873E-002  0.58839741407095403        1.8704886547985566E-011
  0.29999999999999999        278.52552903957138        7.4458407426805873E-002  0.58839741407095403        1.8704886547985566E-011
  0.34999999999999998        278.05336375922792        7.4458407426805873E-002  0.58839741407095403        1.8704886547985566E-011
  0.40000000000000002        277.70016172512129        7.4458407427023199E-002  0.58839741407309476        1.8704886548428007E-011
  0.50000000000000000        277.31270537959779        7.4458407427023199E-002  0.58839741407309476        1.8704886548428007E-011
  0.59999999999999998        277.10557090699876        7.4458407427240525E-002  0.58839741407523571        1.8704886548870448E-011
  0.69999999999999996        276.97936691652001        7.4458407427240525E-002  0.58839741407523571        1.8704886548870448E-011
  0.80000000000000004        276.90443046921365        7.4458407426805873E-002  0.58839741407095403        1.8704886547985566E-011
   1.0000000000000000        276.85827341934993        7.4458407427023199E-002  0.58839741407309476        1.8704886548428007E-011
   2.5000000000000001E-002   274.96608282005076        7.2078240140568781E-002  0.56452205652490861        1.4375108609710659E-011
   5.0000000000000003E-002   276.77711813159698        7.4456576736834298E-002  0.58837937981202293        1.8701159906256563E-011
  0.10000000000000001        278.87342885681704        7.4458407059319262E-002  0.58839741045086669        1.8704885799846594E-011
  0.14999999999999999        279.60825781213020        7.4458407426848200E-002  0.58839741407137081        1.8704886548071734E-011
  0.20000000000000001        279.52602146569421        7.4458407426804624E-002  0.58839741407094159        1.8704886547983039E-011
  0.25000000000000000        279.06964972054362        7.4458407426804624E-002  0.58839741407094159        1.8704886547983039E-011
  0.29999999999999999        278.53314368234379        7.4458407426804624E-002  0.58839741407094159        1.8704886547983039E-011
  0.34999999999999998        278.06533446397117        7.4458407426804624E-002  0.58839741407094159        1.8704886547983039E-011
  0.40000000000000002        277.71104804246130        7.4458407427023199E-002  0.58839741407309476        1.8704886548428007E-011
  0.50000000000000000        277.31739957628389        7.4458407427023199E-002  0.58839741407309476        1.8704886548428007E-011
  0.59999999999999998        277.10767986237346        7.4458407427241774E-002  0.58839741407524815        1.8704886548873004E-011
  0.69999999999999996        276.98069230379809        7.4458407427241774E-002  0.58839741407524815        1.8704886548873004E-011
  0.80000000000000004        276.90532234511880        7.4458407426804624E-002  0.58839741407094159        1.8704886547983039E-011
   1.0000000000000000        276.85857267550301        7.4458407427023199E-002  0.58839741407309476        1.8704886548428007E-011
   2.5000000000000001E-002   274.73543571178260        7.2074479482147388E-002  0.56448364084613689        1.4369031601868371E-011
   5.0000000000000003E-002   276.57748178961702        7.4456555378520334E-002  0.58837916940680279        1.8701116432072984E-011
  0.10000000000000001        278.73295205693120        7.4458407053120373E-002  0.58839741038980198        1.8704885787226726E-011
  0.14999999999999999        279.52350615887849        7.4458407426845702E-002  0.58839741407134638        1.8704886548066649E-011
  0.20000000000000001        279.48665934145220        7.4458407426803375E-002  0.58839741407092927        1.8704886547980480E-011
  0.25000000000000000        279.06060272028549        7.4458407426803375E-002  0.58839741407092927        1.8704886547980480E-011
  0.29999999999999999        278.53965425355767        7.4458407426803375E-002  0.58839741407092927        1.8704886547980480E-011
  0.34999999999999998        278.07673807696426        7.4458407426803375E-002  0.58839741407092927        1.8704886547980480E-011
  0.40000000000000002        277.72178545296657        7.4458407427023199E-002  0.58839741407309476        1.8704886548428007E-011
  0.50000000000000000        277.32218297122211        7.4458407427023199E-002  0.58839741407309476        1.8704886548428007E-011
  0.59999999999999998        277.10983532298030        7.4458407427243023E-002  0.58839741407526036        1.8704886548875531E-011
  0.69999999999999996        276.98202711270864        7.4458407427243023E-002  0.58839741407526036        1.8704886548875531E-011
  0.80000000000000004        276.90621664492261        7.4458407426803375E-002  0.58839741407092927        1.8704886547980480E-011
   1.0000000000000000        276.85887574384230        7.4458407427023199E-002  0.58839741407309476        1.8704886548428007E-011
   2.5000000000000001E-002   274.50404251711160        7.2070699158837626E-002  0.56444502203742020        1.4362925086527496E-011
   5.0000000000000003E-002   276.37756843604694        7.4456533986702059E-002  0.58837895867145673        1.8701072889781217E-011
  0.10000000000000001        278.59209149488407        7.4458407046849764E-002  0.58839741032803050        1.8704885774460860E-011
  0.14999999999999999        279.43770035919835        7.4458407426843204E-002  0.58839741407132173        1.8704886548061563E-011
  0.20000000000000001        279.44577069673625        7.4458407426802126E-002  0.58839741407091706        1.8704886547977950E-011
  0.25000000000000000        279.05005535635991        7.4458407426802126E-002  0.58839741407091706        1.8704886547977950E-011
  0.29999999999999999        278.54507151291358        7.4458407426802126E-002  0.58839741407091706        1.8704886547977950E-011
  0.34999999999999998        278.08756309716614        7.4458407426802126E-002  0.58839741407091706        1.8704886547977950E-011
  0.40000000000000002        277.73235393517967        7.4458407427023199E-002  0.58839741407309476        1.8704886548428007E-011
  0.50000000000000000        277.32704825664314        7.4458407427023199E-002  0.58839741407309476        1.8704886548428007E-011
  0.59999999999999998        277.11203734429859        7.4458407427244272E-002  0.58839741407527268        1.8704886548878087E-011
  0.69999999999999996        276.98337210094047        7.4458407427244272E-002  0.58839741407527268        1.8704886548878087E-011
  0.80000000000000004        276.90711350566505        7.4458407426802126E-002  0.58839741407091706        1.8704886547977950E-011
   1.0000000000000000        276.85918261590439        7.4458407427023199E-002  0.58839741407309476        1.8704886548428007E-011
   2.5000000000000001E-002   274.26917377182269        7.2067980968768333E-002  0.56441725231372142        1.4358535685773541E-011
   5.0000000000000003E-002   276.17700288494842        7.4456512563544533E-002  0.58837874762731335        1.8701029283788595E-011
  0.10000000000000001        278.45078339518903        7.4458407040507726E-002  0.58839741026555559        1.8704885761549585E-011
  0.14999999999999999        279.35085828241637        7.4458407426840706E-002  0.58839741407129720        1.8704886548056477E-011
  0.20000000000000001        279.40340465394979        7.4458407426800877E-002  0.58839741407090473        1.8704886547975394E-011
  0.25000000000000000        279.03804601825249        7.4458407426800877E-002  0.58839741407090473        1.8704886547975394E-011
  0.29999999999999999        278.54940685864096        7.4458407426800877E-002  0.58839741407090473        1.8704886547975394E-011
  0.34999999999999998        278.09779938243435        7.4458407426800877E-002  0.58839741407090473        1.8704886547975394E-011
  0.40000000000000002        277.74273448216417        7.4458407427023199E-002  0.58839741407309476        1.8704886548428007E-011
  0.50000000000000000        277.33198800161011        7.4458407427023199E-002  0.58839741407309476        1.8704886548428007E-011
  0.59999999999999998        277.11428581256115        7.4458407427245521E-002  0.58839741407528501        1.8704886548880617E-011
  0.69999999999999996        276.98472799088989        7.4458407427245521E-002  0.58839741407528501        1.8704886548880617E-011
  0.80000000000000004        276.90801307336767        7.4458407426800877E-002  0.58839741407090473        1.8704886547975394E-011
   1.0000000000000000        276.85949328419287        7.4458407427023199E-002  0.58839741407309476        1.8704886548428007E-011
   2.5000000000000001E-002   274.04180618112701        7.2068783880329168E-002  0.56442545518461285        1.4359832124891278E-011
   5.0000000000000003E-002   275.97611831426531        7.4456491132919772E-002  0.58837853650954053        1.8700985662685880E-011
  0.10000000000000001        278.30894579380094        7.4458407034093385E-002  0.58839741020236824        1.8704885748491098E-011
  0.14999999999999999        279.26299143364633        7.4458407426838208E-002  0.58839741407127244        1.8704886548051391E-011
  0.20000000000000001        279.35960605081078        7.4458407426799628E-002  0.58839741407089252        1.8704886547972864E-011
  0.25000000000000000        279.02461139863993        7.4458407426799628E-002  0.58839741407089252        1.8704886547972864E-011
  0.29999999999999999        278.55267217408857        7.4458407426799628E-002  0.58839741407089252        1.8704886547972864E-011
  0.34999999999999998        278.10743804210665        7.4458407426799628E-002  0.58839741407089252        1.8704886547972864E-011
  0.40000000000000002        277.75290908365088        7.4458407427023199E-002  0.58839741407309476        1.8704886548428007E-011
  0.50000000000000000        277.33699467924458        7.4458407427023199E-002  0.58839741407309476        1.8704886548428007E-011
  0.59999999999999998        277.11658044961138        7.4458407427246770E-002  0.58839741407529722        1.8704886548883173E-011
  0.69999999999999996        276.98609546746252        7.4458407427246770E-002  0.58839741407529722        1.8704886548883173E-011
  0.80000000000000004        276.90891550220016        7.4458407426799628E-002  0.58839741407089252        1.8704886547972864E-011
   1.0000000000000000        276.85980774222196        7.4458407427023199E-002  0.58839741407309476        1.8704886548428007E-011
   2.5000000000000001E-002   273.82504007158673        7.2072569445443033E-002  0.56446412868538953        1.4365945954802327E-011
   5.0000000000000003E-002   275.77732315266252        7.4456469723966523E-002  0.58837832560519066        1.8700942085783639E-011
  0.10000000000000001        278.16667571570684        7.4458407027606699E-002  0.58839741013846825        1.8704885735285328E-011
  0.14999999999999999        279.17411297117690        7.4458407426835710E-002  0.58839741407124801        1.8704886548046328E-011
  0.20000000000000001        279.31441572508726        7.4458407426798379E-002  0.58839741407088009        1.8704886547970308E-011
  0.25000000000000000        279.00978645668266        7.4458407426798379E-002  0.58839741407088009        1.8704886547970308E-011
  0.29999999999999999        278.55487968917447        7.4458407426798379E-002  0.58839741407088009        1.8704886547970308E-011
  0.34999999999999998        278.11647133415363        7.4458407426798379E-002  0.58839741407088009        1.8704886547970308E-011
  0.40000000000000002        277.76286070393434        7.4458407427023199E-002  0.58839741407309476        1.8704886548428007E-011
  0.50000000000000000        277.34206069220761        7.4458407427023199E-002  0.58839741407309476        1.8704886548428007E-011
  0.59999999999999998        277.11892081809930        7.4458407427248019E-002  0.58839741407530943        1.8704886548885706E-011
  0.69999999999999996        276.98747517609019        7.4458407427248019E-002  0.58839741407530943        1.8704886548885706E-011
  0.80000000000000004        276.90982095362409        7.4458407426798379E-002  0.58839741407088009        1.8704886547970308E-011
   1.0000000000000000        276.86012598456358        7.4458407427023199E-002  0.58839741407309476        1.8704886548428007E-011
   2.5000000000000001E-002   273.61684772251704        7.2079025122540732E-002  0.56453007494954499        1.4376377379635683E-011
   5.0000000000000003E-002   275.58195925570448        7.4456448361899616E-002  0.58837811516266081        1.8700898604405030E-011
  0.10000000000000001        278.02422945154899        7.4458407021048181E-002  0.58839741007386070        1.8704885721933331E-011
  0.14999999999999999        279.08425533410184        7.4458407426833212E-002  0.58839741407122337        1.8704886548041239E-011
  0.20000000000000001        279.26787217919201        7.4458407426797130E-002  0.58839741407086810        1.8704886547967775E-011
  0.25000000000000000        278.99360446537560        7.4458407426797130E-002  0.58839741407086810        1.8704886547967775E-011
  0.29999999999999999        278.55604185803031        7.4458407426797130E-002  0.58839741407086810        1.8704886547967775E-011
  0.34999999999999998        278.12489256710222        7.4458407426797130E-002  0.58839741407086810        1.8704886547967775E-011
  0.40000000000000002        277.77257325618785        7.4458407427023199E-002  0.58839741407309476        1.8704886548428007E-011
  0.50000000000000000        277.34717839643753        7.4458407427023199E-002  0.58839741407309476        1.8704886548428007E-011
  0.59999999999999998        277.12130632700843        7.4458407427249268E-002  0.58839741407532187        1.8704886548888236E-011
  0.69999999999999996        276.98886772096296        7.4458407427249268E-002  0.58839741407532187        1.8704886548888236E-011
  0.80000000000000004        276.91072959553617        7.4458407426797130E-002  0.58839741407086810        1.8704886547967775E-011
   1.0000000000000000        276.86044800688228        7.4458407427023199E-002  0.58839741407309476        1.8704886548428007E-011
   2.5000000000000001E-002   273.41555647965617        7.2087943086819900E-002  0.56462116323751554        1.4390798419816089E-011
   5.0000000000000003E-002   275.39055144590247        7.4456427069670386E-002  0.58837790540805035        1.8700855265265568E-011
  0.10000000000000001        277.88190070371070        7.4458407014418873E-002  0.58839741000855583        1.8704885708437188E-011
  0.14999999999999999        278.99347482147033        7.4458407426830714E-002  0.58839741407119872        1.8704886548036156E-011
  0.20000000000000001        279.22001398538595        7.4458407426795881E-002  0.58839741407085544        1.8704886547965219E-011
  0.25000000000000000        278.97609724317846        7.4458407426795881E-002  0.58839741407085544        1.8704886547965219E-011
  0.29999999999999999        278.55617126369651        7.4458407426795881E-002  0.58839741407085544        1.8704886547965219E-011
  0.34999999999999998        278.13269600748265        7.4458407426795881E-002  0.58839741407085544        1.8704886547965219E-011
  0.40000000000000002        277.78203157382751        7.4458407427023199E-002  0.58839741407309476        1.8704886548428007E-011
  0.50000000000000000        277.35234012314930        7.4458407427023199E-002  0.58839741407309476        1.8704886548428007E-011
  0.59999999999999998        277.12373623742934        7.4458407427250517E-002  0.58839741407533419        1.8704886548890792E-011
  0.69999999999999996        276.99027366346593        7.4458407427250517E-002  0.58839741407533419        1.8704886548890792E-011
  0.80000000000000004        276.91164160139522        7.4458407426795881E-002  0.58839741407085544        1.8704886547965219E-011
   1.0000000000000000        276.86077380596737        7.4458407427023199E-002  0.58839741407309476        1.8704886548428007E-011
   2.5000000000000001E-002   273.21986608647393        7.2099166357861108E-002  0.56473578014436132        1.4408965340357392E-011
   5.0000000000000003E-002   275.20316104125652        7.4456405868623565E-002  0.58837769655163208        1.8700812111810292E-011
  0.10000000000000001        277.73995846751467        7.4458407007717470E-002  0.58839740994254064        1.8704885694794310E-011
  0.14999999999999999        278.90184729380627        7.4458407426828216E-002  0.58839741407117419        1.8704886548031070E-011
  0.20000000000000001        279.17088169775315        7.4458407426794632E-002  0.58839741407084323        1.8704886547962689E-011
  0.25000000000000000        278.95729554047659        7.4458407426794632E-002  0.58839741407084323        1.8704886547962689E-011
  0.29999999999999999        278.55528056213518        7.4458407426794632E-002  0.58839741407084323        1.8704886547962689E-011
  0.34999999999999998        278.13987679473433        7.4458407426794632E-002  0.58839741407084323        1.8704886547962689E-011
  0.40000000000000002        277.79122137956927        7.4458407427023199E-002  0.58839741407309476        1.8704886548428007E-011
  0.50000000000000000        277.35753819913424        7.4458407427023199E-002  0.58839741407309476        1.8704886548428007E-011
  0.59999999999999998        277.12620966853450        7.4458407427251766E-002  0.58839741407534640        1.8704886548893325E-011
  0.69999999999999996        276.99169352082163        7.4458407427251766E-002  0.58839741407534640        1.8704886548893325E-011
  0.80000000000000004        276.91255714935909        7.4458407426794632E-002  0.58839741407084323        1.8704886547962689E-011
   1.0000000000000000        276.86110337975788        7.4458407427023199E-002  0.58839741407309476        1.8704886548428007E-011
   2.5000000000000001E-002   273.02873673749349        7.2112568941855276E-002  0.56487262710500930        1.4430686214303291E-011
   5.0000000000000003E-002   275.01960413464627        7.4456384778847931E-002  0.58837748879130569        1.8700769184927411E-011
  0.10000000000000001        277.59862181709531        7.4458407000943555E-002  0.58839740987581146        1.8704885681003801E-011
  0.14999999999999999        278.80946103578793        7.4458407426825718E-002  0.58839741407114965        1.8704886548025981E-011
  0.20000000000000001        279.12051887653433        7.4458407426793383E-002  0.58839741407083079        1.8704886547960133E-011
  0.25000000000000000        278.93722948536538        7.4458407426793383E-002  0.58839741407083079        1.8704886547960133E-011
  0.29999999999999999        278.55338246873413        7.4458407426793383E-002  0.58839741407083079        1.8704886547960133E-011
  0.34999999999999998        278.14643086586221        7.4458407426793383E-002  0.58839741407083079        1.8704886547960133E-011
  0.40000000000000002        277.80012925292885        7.4458407427023199E-002  0.58839741407309476        1.8704886548428007E-011
  0.50000000000000000        277.36276496538693        7.4458407427023199E-002  0.58839741407309476        1.8704886548428007E-011
  0.59999999999999998        277.12872560371790        7.4458407427253015E-002  0.58839741407535873        1.8704886548895881E-011
  0.69999999999999996        276.99312776493434        7.4458407427253015E-002  0.58839741407535873        1.8704886548895881E-011
  0.80000000000000004        276.91347642141170        7.4458407426793383E-002  0.58839741407083079        1.8704886547960133E-011
   1.0000000000000000        276.86143672736347        7.4458407427023199E-002  0.58839741407309476        1.8704886548428007E-011
   2.5000000000000001E-002   272.84130589184059        7.2128045801381283E-002  0.56503061819328959        1.4455804464660018E-011
   5.0000000000000003E-002   274.83957326183389        7.4456363819400961E-002  0.58837728231481257        1.8700726523405738E-011
  0.10000000000000001        277.45805378476120        7.4458406994098753E-002  0.58839740980838373        1.8704885667068961E-011
  0.14999999999999999        278.71640970784364        7.4458407426823220E-002  0.58839741407112478        1.8704886548020895E-011
  0.20000000000000001        279.06897229070631        7.4458407426792134E-002  0.58839741407081869        1.8704886547957600E-011
  0.25000000000000000        278.91592900031969        7.4458407426792134E-002  0.58839741407081869        1.8704886547957600E-011
  0.29999999999999999        278.55048978146840        7.4458407426792134E-002  0.58839741407081869        1.8704886547957600E-011
  0.34999999999999998        278.15235489168248        7.4458407426792134E-002  0.58839741407081869        1.8704886547957600E-011
  0.40000000000000002        277.80874259694758        7.4458407427023199E-002  0.58839741407309476        1.8704886548428007E-011
  0.50000000000000000        277.36801279413311        7.4458407427023199E-002  0.58839741407309476        1.8704886548428007E-011
  0.59999999999999998        277.13128289684079        7.4458407427254264E-002  0.58839741407537094        1.8704886548898411E-011
  0.69999999999999996        276.99457682142770        7.4458407427254264E-002  0.58839741407537094        1.8704886548898411E-011
  0.80000000000000004        276.91439960250244        7.4458407426792134E-002  0.58839741407081869        1.8704886547957600E-011
   1.0000000000000000        276.86177384907671        7.4458407427023199E-002  0.58839741407309476        1.8704886548428007E-011
   2.5000000000000001E-002   272.65683987660185        7.2145506370570600E-002  0.56520881408479495        1.4484188189239227E-011
   5.0000000000000003E-002   274.66270485804023        7.4456343008472051E-002  0.58837707730134148        1.8700684164266807E-011
  0.10000000000000001        277.31836414087616        7.4458406987184561E-002  0.58839740974027221        1.8704885652992861E-011
  0.14999999999999999        278.62278652149610        7.4458407426820722E-002  0.58839741407110036        1.8704886548015806E-011
  0.20000000000000001        279.01629151945804        7.4458407426790885E-002  0.58839741407080648        1.8704886547955073E-011
  0.25000000000000000        278.89342413211443        7.4458407426790885E-002  0.58839741407080648        1.8704886547955073E-011
  0.29999999999999999        278.54661542910173        7.4458407426790885E-002  0.58839741407080648        1.8704886547955073E-011
  0.34999999999999998        278.15764622528042        7.4458407426790885E-002  0.58839741407080648        1.8704886547955073E-011
  0.40000000000000002        277.81704960496768        7.4458407427023199E-002  0.58839741407309476        1.8704886548428007E-011
  0.50000000000000000        277.37327410431351        7.4458407427023199E-002  0.58839741407309476        1.8704886548428007E-011
  0.59999999999999998        277.13388027854012        7.4458407427255513E-002  0.58839741407538337        1.8704886548900967E-011
  0.69999999999999996        276.99604106885630        7.4458407427255513E-002  0.58839741407538337        1.8704886548900967E-011
  0.80000000000000004        276.91532687968390        7.4458407426790885E-002  0.58839741407080648        1.8704886547955073E-011
   1.0000000000000000        276.86211474638475        7.4458407427023199E-002  0.58839741407309476        1.8704886548428007E-011
   2.5000000000000001E-002   272.47470566221068        7.2164870061050324E-002  0.56540637632950819        1.4515722729228509E-011
   5.0000000000000003E-002   274.48861688929003        7.4456322363484706E-002  0.58837687392253757        1.8700642142973070E-011
  0.10000000000000001        277.17961583846449        7.4458406980200453E-002  0.58839740967147236        1.8704885638774434E-011
  0.14999999999999999        278.52867990669057        7.4458407426818224E-002  0.58839741407107571        1.8704886548010720E-011
  0.20000000000000001        278.96252818582053        7.4458407426789636E-002  0.58839741407079416        1.8704886547952517E-011
  0.25000000000000000        278.86974526875514        7.4458407426789636E-002  0.58839741407079416        1.8704886547952517E-011
  0.29999999999999999        278.54177253138010        7.4458407426789636E-002  0.58839741407079416        1.8704886547952517E-011
  0.34999999999999998        278.16230286216972        7.4458407426789636E-002  0.58839741407079416        1.8704886547952517E-011
  0.40000000000000002        277.82503922817654        7.4458407427023199E-002  0.58839741407309476        1.8704886548428007E-011
  0.50000000000000000        277.37854137564193        7.4458407427023199E-002  0.58839741407309476        1.8704886548428007E-011
  0.59999999999999998        277.13651636258697        7.4458407427256762E-002  0.58839741407539570        1.8704886548903494E-011
  0.69999999999999996        276.99752083809949        7.4458407427256762E-002  0.58839741407539570        1.8704886548903494E-011
  0.80000000000000004        276.91625844127367        7.4458407426789636E-002  0.58839741407079416        1.8704886547952517E-011
   1.0000000000000000        276.86245942196877        7.4458407427023199E-002  0.58839741407309476        1.8704886548428007E-011
   2.5000000000000001E-002   272.29437786244284        7.2186060958965806E-002  0.56562251338616476        1.4550301905054315E-011
   5.0000000000000003E-002   274.31693088903216        7.4456301901168628E-002  0.58837667234321067        1.8700600493574372E-011
  0.10000000000000001        277.04183254425823        7.4458406973146957E-002  0.58839740960198883        1.8704885624414743E-011
  0.14999999999999999        278.43417056759370        7.4458407426815726E-002  0.58839741407105117        1.8704886548005634E-011
  0.20000000000000001        278.90773501504327        7.4458407426788387E-002  0.58839741407078172        1.8704886547949987E-011
  0.25000000000000000        278.84492324069367        7.4458407426788387E-002  0.58839741407078172        1.8704886547949987E-011
  0.29999999999999999        278.53597445922486        7.4458407426788387E-002  0.58839741407078172        1.8704886547949987E-011
  0.34999999999999998        278.16632341056385        7.4458407426788387E-002  0.58839741407078172        1.8704886547949987E-011
  0.40000000000000002        277.83270114452927        7.4458407427023199E-002  0.58839741407309476        1.8704886548428007E-011
  0.50000000000000000        277.38380716130746        7.4458407427023199E-002  0.58839741407309476        1.8704886548428007E-011
  0.59999999999999998        277.13918965224292        7.4458407427258011E-002  0.58839741407540802        1.8704886548906050E-011
  0.69999999999999996        276.99901641193156        7.4458407427258011E-002  0.58839741407540802        1.8704886548906050E-011
  0.80000000000000004        276.91719447601014        7.4458407426788387E-002  0.58839741407078172        1.8704886547949987E-011
   1.0000000000000000        276.86280787970509        7.4458407427023199E-002  0.58839741407309476        1.8704886548428007E-011
   2.5000000000000001E-002   272.12004046110621        7.2208587070695163E-002  0.56585219149123156        1.4587139031777786E-011
   5.0000000000000003E-002   274.14757214664849        7.4456281636678778E-002  0.58837647271265714        1.8700559246915193E-011
  0.10000000000000001        276.90501244295803        7.4458406966025181E-002  0.58839740953183273        1.8704885609916044E-011
  0.14999999999999999        278.33932982338069        7.4458407426814269E-002  0.58839741407103674        1.8704886548002675E-011
  0.20000000000000001        278.85196486027786        7.4458407426787138E-002  0.58839741407076951        1.8704886547947431E-011
  0.25000000000000000        278.81898931844205        7.4458407426787138E-002  0.58839741407076951        1.8704886547947431E-011
  0.29999999999999999        278.52923488553739        7.4458407426787138E-002  0.58839741407076951        1.8704886547947431E-011
  0.34999999999999998        278.16970706956170        7.4458407426787138E-002  0.58839741407076951        1.8704886547947431E-011
  0.40000000000000002        277.84002572943899        7.4458407427023199E-002  0.58839741407309476        1.8704886548428007E-011
  0.50000000000000000        277.38906409944661        7.4458407427023199E-002  0.58839741407309476        1.8704886548428007E-011
  0.59999999999999998        277.14189854658719        7.4458407427259260E-002  0.58839741407542023        1.8704886548908583E-011
  0.69999999999999996        277.00052802474056        7.4458407427259260E-002  0.58839741407542023        1.8704886548908583E-011
  0.80000000000000004        276.91813517224176        7.4458407426787138E-002  0.58839741407076951        1.8704886547947431E-011
   1.0000000000000000        276.86316012465460        7.4458407427023199E-002  0.58839741407309476        1.8704886548428007E-011
   2.5000000000000001E-002   271.99235946093711        7.2228213303335190E-002  0.56605223712277142        1.4619300581006967E-011
   5.0000000000000003E-002   273.98528249249523        7.4456261566379314E-002  0.58837627499506229        1.8700518395592775E-011
  0.10000000000000001        276.76932729062105        7.4458406958837375E-002  0.58839740946102603        1.8704885595282915E-011
  0.14999999999999999        278.24422544750945        7.4458407426813020E-002  0.58839741407102442        1.8704886548000119E-011
  0.20000000000000001        278.79526998772218        7.4458407426785889E-002  0.58839741407075707        1.8704886547944898E-011
  0.25000000000000000        278.79197513172585        7.4458407426785889E-002  0.58839741407075707        1.8704886547944898E-011
  0.29999999999999999        278.52156782038429        7.4458407426785889E-002  0.58839741407075707        1.8704886547944898E-011
  0.34999999999999998        278.17245361271392        7.4458407426785889E-002  0.58839741407075707        1.8704886547944898E-011
  0.40000000000000002        277.84700402846960        7.4458407427023199E-002  0.58839741407309476        1.8704886548428007E-011
  0.50000000000000000        277.39430492348396        7.4458407427023199E-002  0.58839741407309476        1.8704886548428007E-011
  0.59999999999999998        277.14464134679895        7.4458407427260509E-002  0.58839741407543267        1.8704886548911139E-011
  0.69999999999999996        277.00205586240600        7.4458407427260509E-002  0.58839741407543267        1.8704886548911139E-011
  0.80000000000000004        276.91908071712152        7.4458407426785889E-002  0.58839741407075707        1.8704886547944898E-011
   1.0000000000000000        276.86351616305296        7.4458407427023199E-002  0.58839741407309476        1.8704886548428007E-011
   2.5000000000000001E-002   271.96240868116689        7.2237887512148463E-002  0.56615082180334375        1.4635176586379953E-011
   5.0000000000000003E-002   273.84491563277675        7.4456241631284920E-002  0.58837607860934749        1.8700477819545792E-011
  0.10000000000000001        276.63587851736594        7.4458406951581735E-002  0.58839740938955098        1.8704885580511683E-011
  0.14999999999999999        278.14897272605430        7.4458407426811771E-002  0.58839741407101220        1.8704886547997589E-011
  0.20000000000000001        278.73770387538741        7.4458407426784640E-002  0.58839741407074475        1.8704886547942342E-011
  0.25000000000000000        278.76391263142955        7.4458407426784640E-002  0.58839741407074475        1.8704886547942342E-011
  0.29999999999999999        278.51298763102642        7.4458407426784640E-002  0.58839741407074475        1.8704886547942342E-011
  0.34999999999999998        278.17456337469036        7.4458407426784640E-002  0.58839741407074475        1.8704886547942342E-011
  0.40000000000000002        277.85362773205730        7.4458407427023199E-002  0.58839741407309476        1.8704886548428007E-011
  0.50000000000000000        277.39952247145686        7.4458407427023199E-002  0.58839741407309476        1.8704886548428007E-011
  0.59999999999999998        277.14741626236662        7.4458407427261758E-002  0.58839741407544488        1.8704886548913669E-011
  0.69999999999999996        277.00360006231841        7.4458407427261758E-002  0.58839741407544488        1.8704886548913669E-011
  0.80000000000000004        276.92003129582679        7.4458407426784640E-002  0.58839741407074475        1.8704886547942342E-011
   1.0000000000000000        276.86387600228835        7.4458407427023199E-002  0.58839741407309476        1.8704886548428007E-011
   2.5000000000000001E-002   272.04533351594574        7.2232131912662437E-002  0.56609217134427525        1.4625729453565501E-011
   5.0000000000000003E-002   273.74346189768943        7.4456221715489185E-002  0.58837588241368977        1.8700437282856479E-011
  0.10000000000000001        276.50715009281089        7.4458406944257885E-002  0.58839740931740436        1.8704885565601594E-011
  0.14999999999999999        278.05384231337229        7.4458407426810522E-002  0.58839741407099977        1.8704886547995033E-011
  0.20000000000000001        278.67933060371104        7.4458407426783391E-002  0.58839741407073265        1.8704886547939812E-011
  0.25000000000000000        278.73483456960656        7.4458407426783391E-002  0.58839741407073265        1.8704886547939812E-011
  0.29999999999999999        278.50350907385081        7.4458407426783391E-002  0.58839741407073265        1.8704886547939812E-011
  0.34999999999999998        278.17603724020279        7.4458407426783391E-002  0.58839741407073265        1.8704886547939812E-011
  0.40000000000000002        277.85988915219423        7.4458407427023199E-002  0.58839741407309476        1.8704886548428007E-011
  0.50000000000000000        277.40470969441395        7.4458407427023199E-002  0.58839741407309476        1.8704886548428007E-011
  0.59999999999999998        277.15022141721238        7.4458407427263007E-002  0.58839741407545720        1.8704886548916224E-011
  0.69999999999999996        277.00516071353422        7.4458407427263007E-002  0.58839741407545720        1.8704886548916224E-011
  0.80000000000000004        276.92098709079863        7.4458407426783391E-002  0.58839741407073265        1.8704886547939812E-011
   1.0000000000000000        276.86423965088397        7.4458407427023199E-002  0.58839741407309476        1.8704886548428007E-011
