     0 172.710834 247.991806  60.761519   0.862206 -13.733986 -13.733986   0.000000   0.000000   0.000000 279.232408 276.856333   0.172809   0.172734 278.741462   0.172739
     1 174.665902 248.000515  51.749132  37.695213   7.791607   7.791607   0.000000   0.000000  16.632526 278.900700 276.864753   0.172767   0.172734 278.693788   0.172736
     2 176.621687 248.246405  55.025307  30.737073   6.260748   6.260748   0.000000   0.000000  14.251628 279.037280 276.873615   0.172733   0.172734 278.754413   0.172734
     3 178.578122 248.438859  56.153639  32.446785   6.497854   6.497854   0.000000   0.000000  15.145649 279.115871 276.882672   0.172697   0.172734 278.796866   0.172732
     4 180.535141 248.632702  57.543111  33.126040   6.523433   6.523433   0.000000   0.000000  15.632394 279.201173 276.891949   0.172662   0.172734 278.840261   0.172730
     5 182.492681 248.822178  58.898588  33.946391   6.570024   6.570024   0.000000   0.000000  16.164566 279.285017 276.901439   0.172626   0.172734 278.882456   0.172728
     6 184.450677 249.008565  60.257826  34.756901   6.608427   6.608427   0.000000   0.000000  16.685047 279.368521 276.911137   0.172590   0.172734 278.923838   0.172726
     7 186.409067 249.192130  61.616000  35.576556   6.642766   6.642766   0.000000   0.000000  17.201687 279.451596 276.921039   0.172555   0.172734 278.964455   0.172724
     8 188.367792 249.373175  62.973741  36.402535   6.672837   6.672837   0.000000   0.000000  17.713897 279.534298 276.931143   0.172519   0.172734 279.004378   0.172721
     9 190.326792 249.551937  64.330973  37.234853   6.698954   6.698954   0.000000   0.000000  18.222089 279.616656 276.941444   0.172482   0.172734 279.043665   0.172719
    10 192.286009 249.728624  65.687714  38.073165   6.721333   6.721333   0.000000   0.000000  18.726485 279.698696 276.951939   0.172446   0.172734 279.082364   0.172717
    11 194.245385 249.903423  67.043972  38.917175   6.740183   6.740183   0.000000   0.000000  19.227294 279.780441 276.962626   0.172410   0.172734 279.120522   0.172715
    12 196.204866 250.076511  68.399762  39.766579   6.755697   6.755697   0.000000   0.000000  19.724701 279.861913 276.973501   0.172374   0.172733 279.158179   0.172713
    13 198.164397 250.248060  69.755102  40.621075   6.768061   6.768061   0.000000   0.000000  20.218880 279.943133 276.984562   0.172337   0.172733 279.195377   0.172711
    14 200.123923 250.418242  71.110011  41.480359   6.777454   6.777454   0.000000   0.000000  20.709997 280.024123 276.995806   0.172301   0.172733 279.232155   0.172709
    15 202.083393 250.587228  72.464514  42.344131   6.784052   6.784052   0.000000   0.000000  21.198218 280.104903 277.007231   0.172265   0.172733 279.268553   0.172706
    16 204.042755 250.755192  73.818634  43.212097   6.788026   6.788026   0.000000   0.000000  21.683706 280.185493 277.018833   0.172229   0.172733 279.304609   0.172704
    17 206.001958 250.922304  75.172394  44.083971   6.789541   6.789541   0.000000   0.000000  22.166623 280.265915 277.030611   0.172192   0.172733 279.340360   0.172702
    18 207.960954 251.088733  76.525817  44.959480   6.788760   6.788760   0.000000   0.000000  22.647130 280.346189 277.042563   0.172156   0.172733 279.375845   0.172700
    19 209.919693 251.254643  77.878922  45.838369   6.785838   6.785838   0.000000   0.000000  23.125382 280.426333 277.054686   0.172120   0.172733 279.411098   0.172698
    20 211.878127 251.420187  79.231724  46.720399   6.780924   6.780924   0.000000   0.000000  23.601530 280.506367 277.066979   0.172084   0.172733 279.446153   0.172696
    21 213.836210 251.585509  80.584235  47.605357   6.774157   6.774157   0.000000   0.000000  24.075717 280.586307 277.079440   0.172048   0.172733 279.481041   0.172693
    22 215.793896 251.750739  81.936459  48.493050   6.765669   6.765669   0.000000   0.000000  24.548072 280.666169 277.092066   0.172012   0.172733 279.515790   0.172691
    23 217.751140 251.915993  83.288397  49.383309   6.755580   6.755580   0.000000   0.000000  25.018716 280.745965 277.104858   0.171977   0.172733 279.550426   0.172689
    24 219.707897 252.081368  84.640044  50.275987   6.743998   6.743998   0.000000   0.000000  25.487753 280.825708 277.117812   0.171941   0.172732 279.584972   0.172687
    25 221.664124 252.246950  85.991389  51.170958   6.731021   6.731021   0.000000   0.000000  25.955273 280.905406 277.130927   0.171905   0.172732 279.619446   0.172685
    26 223.619778 252.412806  87.342419  52.068112   6.716737   6.716737   0.000000   0.000000  26.421351 280.985067 277.144203   0.171870   0.172732 279.653865   0.172683
    27 225.574817 252.578990  88.693116  52.967354   6.701222   6.701222   0.000000   0.000000  26.886049 281.064696 277.157637   0.171835   0.172732 279.688241   0.172680
    28 227.529200 252.745545  90.043460  53.868599   6.684543   6.684543   0.000000   0.000000  27.349416 281.144298 277.171228   0.171800   0.172732 279.722588   0.172678
    29 229.482886 252.912505  91.393430  54.771768   6.666758   6.666758   0.000000   0.000000  27.811491 281.223875 277.184975   0.171765   0.172732 279.756912   0.172676
    30 231.435835 253.079895  92.743005  55.676786   6.647921   6.647921   0.000000   0.000000  28.272303 281.303430 277.198876   0.171730   0.172732 279.791224   0.172674
    31 233.388008 253.247737  94.092164  56.583577   6.628078   6.628078   0.000000   0.000000  28.731878 281.382964 277.212931   0.171695   0.172732 279.825528   0.172672
    32 235.339366 253.416053  95.440887  57.492066   6.607273   6.607273   0.000000   0.000000  29.190234 281.462479 277.227137   0.171661   0.172732 279.859833   0.172670
    33 237.289872 253.584863  96.789155  58.402171   6.585547   6.585547   0.000000   0.000000  29.647392 281.541976 277.241495   0.171626   0.172732 279.894143   0.172668
    34 239.239487 253.754187  98.136952  59.313810   6.562940   6.562940   0.000000   0.000000  30.103371 281.621458 277.256002   0.171592   0.172732 279.928466   0.172666
    35 241.188176 253.924051  99.484261  60.226898   6.539492   6.539492   0.000000   0.000000  30.558192 281.700925 277.270657   0.171558   0.172732 279.962808   0.172663
    36 243.135903 254.094478 100.831066  61.141350   6.515241   6.515241   0.000000   0.000000  31.011877 281.780381 277.285460   0.171524   0.172731 279.997175   0.172661
    37 245.082630 254.265497 102.177354  62.057079   6.490227   6.490227   0.000000   0.000000  31.464451 281.859828 277.300408   0.171491   0.172731 280.031576   0.172659
    38 247.028325 254.437134 103.523108  62.974004   6.464489   6.464489   0.000000   0.000000  31.915940 281.939269 277.315502   0.171457   0.172731 280.066016   0.172657
    39 248.972951 254.609416 104.868314  63.892048   6.438065   6.438065   0.000000   0.000000  32.366369 282.018706 277.330740   0.171424   0.172731 280.100503   0.172655
    40 250.916476 254.782368 106.212953  64.811141   6.410994   6.410994   0.000000   0.000000  32.815765 282.098142 277.346120   0.171391   0.172731 280.135041   0.172653
    41 252.858865 254.956010 107.557008  65.731219   6.383310   6.383310   0.000000   0.000000  33.264151 282.177578 277.361643   0.171358   0.172731 280.169638   0.172651
    42 254.800086 255.130357 108.900458  66.652231   6.355046   6.355046   0.000000   0.000000  33.711547 282.257016 277.377306   0.171325   0.172731 280.204297   0.172649
    43 256.740106 255.305421 110.243279  67.574131   6.326234   6.326234   0.000000   0.000000  34.157969 282.336456 277.393110   0.171293   0.172731 280.239022   0.172647
    44 258.678893 255.481207 111.585450  68.496883   6.296900   6.296900   0.000000   0.000000  34.603427 282.415899 277.409052   0.171261   0.172731 280.273815   0.172645
    45 260.616416 255.657712 112.926943  69.420456   6.267067   6.267067   0.000000   0.000000  35.047926 282.495342 277.425132   0.171228   0.172731 280.308676   0.172643
    46 262.552644 255.834931 114.267732  70.344825   6.236756   6.236756   0.000000   0.000000  35.491467 282.574785 277.441350   0.171197   0.172731 280.343607   0.172641
    47 264.487546 256.012852 115.607790  71.269971   6.205985   6.205985   0.000000   0.000000  35.934045 282.654225 277.457704   0.171165   0.172731 280.378606   0.172639
    48 266.421092 256.191461 116.947090  72.195874   6.174767   6.174767   0.000000   0.000000  36.375652 282.733660 277.474192   0.171133   0.172731 280.413673   0.172637
    49 268.353252 256.370742 118.285605  73.122514   6.143117   6.143117   0.000000   0.000000  36.816275 282.813087 277.490815   0.171102   0.172731 280.448804   0.172635
    50 270.283997 256.550677 119.623308  74.049872   6.111044   6.111044   0.000000   0.000000  37.255902 282.892503 277.507572   0.171071   0.172730 280.483998   0.172633
    51 272.213297 256.731247 120.960174  74.977926   6.078559   6.078559   0.000000   0.000000  37.694518 282.971904 277.524460   0.171040   0.172730 280.519253   0.172631
    52 274.141125 256.912436 122.296178  75.906652   6.045673   6.045673   0.000000   0.000000  38.132108 283.051289 277.541480   0.171010   0.172730 280.554567   0.172629
    53 276.067453 257.094227 123.631297  76.836025   6.012394   6.012394   0.000000   0.000000  38.568660 283.130654 277.558631   0.170979   0.172730 280.589937   0.172627
    54 277.992251 257.276605 124.965507  77.766018   5.978734   5.978734   0.000000   0.000000  39.004161 283.209996 277.575911   0.170949   0.172730 280.625362   0.172625
    55 279.915494 257.459557 126.298785  78.696604   5.944703   5.944703   0.000000   0.000000  39.438600 283.289314 277.593319   0.170919   0.172730 280.660840   0.172624
    56 281.837153 257.643070 127.631110  79.627756   5.910311   5.910311   0.000000   0.000000  39.871967 283.368606 277.610856   0.170889   0.172730 280.696369   0.172622
    57 283.757203 257.827130 128.962459  80.559448   5.875569   5.875569   0.000000   0.000000  40.304251 283.447868 277.628518   0.170860   0.172730 280.731949   0.172620
    58 285.675617 258.011725 130.292810  81.491657   5.840489   5.840489   0.000000   0.000000  40.735446 283.527099 277.646307   0.170830   0.172730 280.767577   0.172618
    59 287.592368 258.196842 131.622141  82.424361   5.805081   5.805081   0.000000   0.000000  41.165540 283.606296 277.664221   0.170801   0.172730 280.803252   0.172616
    60 289.507431 258.382466 132.950429  83.357541   5.769356   5.769356   0.000000   0.000000  41.594525 283.685457 277.682258   0.170773   0.172730 280.838972   0.172614
    61 291.420781 258.568582 134.277651  84.291180   5.733322   5.733322   0.000000   0.000000  42.022390 283.764579 277.700419   0.170744   0.172730 280.874735   0.172612
    62 293.332392 258.755172 135.603784  85.225265   5.696990   5.696990   0.000000   0.000000  42.449124 283.843660 277.718701   0.170715   0.172730 280.910538   0.172611
    63 295.242241 258.942218 136.928805  86.159781   5.660367   5.660367   0.000000   0.000000  42.874712 283.922697 277.737105   0.170687   0.172730 280.946378   0.172609
    64 297.150301 259.129700 138.252692  87.094715   5.623460   5.623460   0.000000   0.000000  43.299141 284.001686 277.755629   0.170659   0.172729 280.982253   0.172607
    65 299.056550 259.317599 139.575420  88.030057   5.586278   5.586278   0.000000   0.000000  43.722396 284.080624 277.774273   0.170632   0.172729 281.018159   0.172605
    66 300.960963 259.505895 140.896969  88.965791   5.548825   5.548825   0.000000   0.000000  44.144462 284.159509 277.793034   0.170604   0.172729 281.054094   0.172603
    67 302.863516 259.694567 142.217316  89.901905   5.511109   5.511109   0.000000   0.000000  44.565323 284.238337 277.811913   0.170577   0.172729 281.090055   0.172602
    68 304.764187 259.883597 143.536440  90.838384   5.473136   5.473136   0.000000   0.000000  44.984964 284.317105 277.830909   0.170550   0.172729 281.126038   0.172600
    69 306.662952 260.072965 144.854322  91.775211   5.434913   5.434913   0.000000   0.000000  45.403370 284.395810 277.850020   0.170523   0.172729 281.162041   0.172598
    70 308.559788 260.262654 146.170939  92.712369   5.396445   5.396445   0.000000   0.000000  45.820527 284.474449 277.869246   0.170496   0.172729 281.198060   0.172596
    71 310.454673 260.452647 147.486274  93.649841   5.357741   5.357741   0.000000   0.000000  46.236422 284.553020 277.888586   0.170470   0.172729 281.234094   0.172595
    72 312.347584 260.642928 148.800307  94.587608   5.318806   5.318806   0.000000   0.000000  46.651044 284.631521 277.908038   0.170444   0.172729 281.270140   0.172593
    73 314.238500 260.833481 150.113018  95.525654   5.279650   5.279650   0.000000   0.000000  47.064380 284.709948 277.927602   0.170418   0.172729 281.306196   0.172591
    74 316.127399 261.024291 151.424390  96.463961   5.240278   5.240278   0.000000   0.000000  47.476420 284.788299 277.947277   0.170392   0.172729 281.342259   0.172590
    75 318.014258 261.215343 152.734403  97.402513   5.200698   5.200698   0.000000   0.000000  47.887154 284.866572 277.967062   0.170367   0.172729 281.378327   0.172588
    76 319.899057 261.406621 154.043039  98.341293   5.160919   5.160919   0.000000   0.000000  48.296570 284.937151 277.986925   0.170342   0.172729 281.414027   0.172586
    77 321.781774 261.598112 155.386630  99.114862   5.342528   5.342528   0.000000   0.000000  48.651586 285.007503 278.006863   0.170316   0.172729 281.449721   0.172585
    78 323.662389 261.789146 156.728961  99.888080   5.561202   5.561202   0.000000   0.000000  49.004475 285.077688 278.026877   0.170289   0.172729 281.485302   0.172583
    79 325.540880 261.979767 158.069762 100.661376   5.779247   5.779247   0.000000   0.000000  49.355674 285.147730 278.046966   0.170261   0.172728 281.520778   0.172581
    80 327.417228 262.170008 159.408941 101.435109   5.996854   5.996854   0.000000   0.000000  49.705345 285.217626 278.067129   0.170231   0.172728 281.556157   0.172579
    81 329.291412 262.359899 160.746522 102.209100   6.214115   6.214115   0.000000   0.000000  50.053477 285.287377 278.087365   0.170201   0.172728 281.591444   0.172577
    82 331.163412 262.549463 162.082503 102.983277   6.431123   6.431123   0.000000   0.000000  50.400085 285.356985 278.107674   0.170170   0.172728 281.626642   0.172575
    83 333.033208 262.738717 163.416886 103.757563   6.647952   6.647952   0.000000   0.000000  50.745174 285.426449 278.128055   0.170138   0.172728 281.661755   0.172573
    84 334.900780 262.927677 164.749668 104.531895   6.864667   6.864667   0.000000   0.000000  51.088751 285.495768 278.148508   0.170105   0.172728 281.696787   0.172571
    85 336.766110 263.116353 166.080846 105.306213   7.081323   7.081323   0.000000   0.000000  51.430820 285.564943 278.169031   0.170071   0.172728 281.731739   0.172568
    86 338.629177 263.304753 167.410414 106.080466   7.297967   7.297967   0.000000   0.000000  51.771384 285.633974 278.189625   0.170036   0.172728 281.766612   0.172566
    87 340.489962 263.492884 168.738365 106.854608   7.514639   7.514639   0.000000   0.000000  52.110444 285.702860 278.210288   0.170000   0.172728 281.801409   0.172564
    88 342.348447 263.680752 170.064694 107.628597   7.731375   7.731375   0.000000   0.000000  52.448004 285.771600 278.231020   0.169962   0.172728 281.836131   0.172561
    89 344.204613 263.868359 171.389390 108.402395   7.948205   7.948205   0.000000   0.000000  52.784064 285.840195 278.251820   0.169924   0.172728 281.870778   0.172559
    90 346.058441 264.055707 172.712446 109.175968   8.165155   8.165155   0.000000   0.000000  53.118624 285.908642 278.272687   0.169885   0.172728 281.905351   0.172556
    91 347.909913 264.242798 174.033852 109.949286   8.382249   8.382249   0.000000   0.000000  53.451685 285.976943 278.293622   0.169845   0.172727 281.939850   0.172553
    92 349.759010 264.429631 175.353597 110.722320   8.599505   8.599505   0.000000   0.000000  53.783248 286.045095 278.314622   0.169804   0.172727 281.974276   0.172551
    93 351.605715 264.616204 176.671671 111.495046   8.816942   8.816942   0.000000   0.000000  54.113311 286.113099 278.335688   0.169762   0.172727 282.008628   0.172548
    94 353.450009 264.802517 177.988063 112.267440   9.034573   9.034573   0.000000   0.000000  54.441873 286.180953 278.356819   0.169719   0.172727 282.042906   0.172545
    95 355.291876 264.988566 179.302762 113.039480   9.252412   9.252412   0.000000   0.000000  54.768934 286.248656 278.378014   0.169675   0.172727 282.077111   0.172542
    96 357.131296 265.174348 180.615756 113.811147   9.470469   9.470469   0.000000   0.000000  55.094492 286.316208 278.399273   0.169630   0.172727 282.111242   0.172539
    97 358.968253 265.359860 181.927034 114.582421   9.688752   9.688752   0.000000   0.000000  55.418545 286.383608 278.420595   0.169585   0.172727 282.145299   0.172536
    98 360.802730 265.545098 183.236585 115.353286   9.907270   9.907270   0.000000   0.000000  55.741092 286.450855 278.441979   0.169538   0.172727 282.179280   0.172533
    99 362.634709 265.730057 184.544395 116.123723  10.126030  10.126030   0.000000   0.000000  56.062133 286.517948 278.463425   0.169490   0.172727 282.213187   0.172529
   100 364.464174 265.914735 185.850455 116.893716  10.345036  10.345036   0.000000   0.000000  56.381664 286.584887 278.484932   0.169441   0.172726 282.247017   0.172526
   101 366.291106 266.099125 187.154751 117.663252  10.564294  10.564294   0.000000   0.000000  56.699684 286.651670 278.506499   0.169392   0.172726 282.280771   0.172523
   102 368.115491 266.283225 188.457272 118.432313  10.783806  10.783806   0.000000   0.000000  57.016194 286.718296 278.528126   0.169341   0.172726 282.314449   0.172519
   103 369.937311 266.467029 189.758007 119.200888  11.003576  11.003576   0.000000   0.000000  57.331191 286.784765 278.549812   0.169289   0.172726 282.348049   0.172516
   104 371.756549 266.650534 191.056943 119.968961  11.223606  11.223606   0.000000   0.000000  57.644674 286.851076 278.571556   0.169237   0.172726 282.381571   0.172512
   105 373.573190 266.833735 192.354068 120.736521  11.443898  11.443898   0.000000   0.000000  57.956642 286.917229 278.593358   0.169183   0.172726 282.415014   0.172509
   106 375.387217 267.016627 193.649372 121.503556  11.664452  11.664452   0.000000   0.000000  58.267095 286.983222 278.615217   0.169129   0.172726 282.448379   0.172505
   107 377.198614 267.199205 194.942841 122.270053  11.885271  11.885271   0.000000   0.000000  58.576032 287.049055 278.637133   0.169074   0.172725 282.481664   0.172501
   108 379.007366 267.381465 196.234465 123.036003  12.106354  12.106354   0.000000   0.000000  58.883451 287.114726 278.659104   0.169017   0.172725 282.514868   0.172497
   109 380.813455 267.563402 197.524231 123.801394  12.327700  12.327700   0.000000   0.000000  59.189352 287.180236 278.681131   0.168960   0.172725 282.547992   0.172493
   110 382.616868 267.745011 198.812128 124.566217  12.549310  12.549310   0.000000   0.000000  59.493733 287.245583 278.703212   0.168902   0.172725 282.581035   0.172489
   111 384.417588 267.926286 200.098143 125.330460  12.771183  12.771183   0.000000   0.000000  59.796594 287.310766 278.725347   0.168843   0.172725 282.613995   0.172485
   112 386.215599 268.107224 201.382267 126.094116  12.993318  12.993318   0.000000   0.000000  60.097933 287.375786 278.747536   0.168783   0.172725 282.646872   0.172481
   113 388.010887 268.287817 202.664486 126.857174  13.215713  13.215713   0.000000   0.000000  60.397750 287.440640 278.769776   0.168722   0.172725 282.679666   0.172477
   114 389.803436 268.468063 203.944790 127.619624  13.438367  13.438367   0.000000   0.000000  60.696044 287.505328 278.792069   0.168660   0.172724 282.712376   0.172472
   115 391.593231 268.647955 205.223168 128.381457  13.661280  13.661280   0.000000   0.000000  60.992813 287.569850 278.814413   0.168597   0.172724 282.745001   0.172468
   116 393.380257 268.827490 206.499607 129.142665  13.884447  13.884447   0.000000   0.000000  61.288058 287.634205 278.836808   0.168534   0.172724 282.777541   0.172464
   117 395.164500 269.006662 207.774098 129.903237  14.107869  14.107869   0.000000   0.000000  61.581777 287.698392 278.859253   0.168469   0.172724 282.809995   0.172459
   118 396.945944 269.185466 209.046629 130.663165  14.331542  14.331542   0.000000   0.000000  61.873971 287.762410 278.881747   0.168404   0.172724 282.842362   0.172454
   119 398.724574 269.363899 210.317190 131.422440  14.555465  14.555465   0.000000   0.000000  62.164638 287.826259 278.904290   0.168337   0.172724 282.874643   0.172450
   120 400.500377 269.541956 211.585769 132.181053  14.779635  14.779635   0.000000   0.000000  62.453779 287.889937 278.926881   0.168270   0.172723 282.906835   0.172445
   121 402.273338 269.719632 212.852355 132.938996  15.004049  15.004049   0.000000   0.000000  62.741394 287.953446 278.949520   0.168202   0.172723 282.938940   0.172440
   122 404.043442 269.896923 214.116939 133.696258  15.228706  15.228706   0.000000   0.000000  63.027482 288.016783 278.972205   0.168133   0.172723 282.970956   0.172435
   123 405.810675 270.073826 215.379509 134.452833  15.453601  15.453601   0.000000   0.000000  63.312045 288.079948 278.994937   0.168063   0.172723 283.002883   0.172430
   124 407.575023 270.250337 216.640056 135.208711  15.678733  15.678733   0.000000   0.000000  63.595081 288.142941 279.017714   0.167992   0.172723 283.034720   0.172425
   125 409.336472 270.426450 217.898568 135.963884  15.904098  15.904098   0.000000   0.000000  63.876592 288.205761 279.040536   0.167920   0.172722 283.066467   0.172420
   126 411.095008 270.602164 219.155036 136.718344  16.129694  16.129694   0.000000   0.000000  64.156578 288.268408 279.063402   0.167848   0.172722 283.098124   0.172415
   127 412.850617 270.777474 220.409450 137.472081  16.355516  16.355516   0.000000   0.000000  64.435040 288.330881 279.086312   0.167774   0.172722 283.129690   0.172410
   128 414.603285 270.952378 221.661799 138.225087  16.581562  16.581562   0.000000   0.000000  64.711978 288.393179 279.109266   0.167700   0.172722 283.161165   0.172405
   129 416.352999 271.126871 222.912073 138.977354  16.807829  16.807829   0.000000   0.000000  64.987395 288.455303 279.132261   0.167624   0.172722 283.192548   0.172399
   130 418.099745 271.300951 224.160263 139.728872  17.034312  17.034312   0.000000   0.000000  65.261291 288.517251 279.155299   0.167548   0.172721 283.223839   0.172394
   131 419.843509 271.474615 225.406359 140.479633  17.261009  17.261009   0.000000   0.000000  65.533667 288.579024 279.178378   0.167471   0.172721 283.255039   0.172388
   132 421.584279 271.647862 226.650352 141.229629  17.487916  17.487916   0.000000   0.000000  65.804526 288.640621 279.201497   0.167393   0.172721 283.286146   0.172383
   133 423.322040 271.820687 227.892231 141.978850  17.715030  17.715030   0.000000   0.000000  66.073869 288.702042 279.224657   0.167315   0.172721 283.317160   0.172377
   134 425.056779 271.993089 229.131988 142.727287  17.942345  17.942345   0.000000   0.000000  66.341699 288.763286 279.247855   0.167235   0.172721 283.348082   0.172371
   135 426.788484 272.165067 230.369612 143.474931  18.169860  18.169860   0.000000   0.000000  66.608017 288.824354 279.271093   0.167155   0.172720 283.378911   0.172366
   136 428.517141 272.336618 231.605096 144.221775  18.397570  18.397570   0.000000   0.000000  66.872826 288.885244 279.294369   0.167073   0.172720 283.409647   0.172360
   137 430.242737 272.507741 232.838429 144.967808  18.625470  18.625470   0.000000   0.000000  67.136129 288.945958 279.317682   0.166991   0.172720 283.440290   0.172354
   138 431.965260 272.678434 234.069602 145.713022  18.853558  18.853558   0.000000   0.000000  67.397929 289.006494 279.341032   0.166908   0.172720 283.470840   0.172348
   139 433.684695 272.848696 235.298607 146.457407  19.081828  19.081828   0.000000   0.000000  67.658228 289.066852 279.364419   0.166824   0.172720 283.501296   0.172342
   140 435.401032 273.018525 236.525435 147.200956  19.310278  19.310278   0.000000   0.000000  67.917030 289.127033 279.387842   0.166740   0.172719 283.531660   0.172335
   141 437.114256 273.187922 237.750076 147.943657  19.538903  19.538903   0.000000   0.000000  68.174338 289.187036 279.411300   0.166654   0.172719 283.561931   0.172329
   142 438.824356 273.356885 238.972522 148.685504  19.767698  19.767698   0.000000   0.000000  68.430155 289.246862 279.434792   0.166568   0.172719 283.592108   0.172323
   143 440.531318 273.525413 240.192764 149.426485  19.996660  19.996660   0.000000   0.000000  68.684486 289.306509 279.458319   0.166481   0.172719 283.622193   0.172316
   144 442.235131 273.693507 241.410794 150.166593  20.225784  20.225784   0.000000   0.000000  68.937334 289.365979 279.481879   0.166393   0.172718 283.652185   0.172310
   145 443.935781 273.861166 242.626603 150.905816  20.455066  20.455066   0.000000   0.000000  69.188703 289.425271 279.505472   0.166304   0.172718 283.682084   0.172303
   146 445.633258 274.028390 243.840183 151.644148  20.684502  20.684502   0.000000   0.000000  69.438598 289.484386 279.529097   0.166215   0.172718 283.711891   0.172297
   147 447.327547 274.195179 245.051524 152.381577  20.914088  20.914088   0.000000   0.000000  69.687022 289.543323 279.552754   0.166124   0.172718 283.741606   0.172290
   148 449.018638 274.361533 246.260620 153.118094  21.143818  21.143818   0.000000   0.000000  69.933981 289.602082 279.576442   0.166033   0.172717 283.771229   0.172283
   149 450.706518 274.527453 247.467461 153.853691  21.373690  21.373690   0.000000   0.000000  70.179478 289.660664 279.600161   0.165941   0.172717 283.800760   0.172276
   150 452.391174 274.692939 248.672039 154.588358  21.603698  21.603698   0.000000   0.000000  70.423519 289.719069 279.623911   0.165848   0.172717 283.830199   0.172270
   151 454.072596 274.857992 249.874346 155.322084  21.833837  21.833837   0.000000   0.000000  70.666109 289.777297 279.647689   0.165755   0.172717 283.859547   0.172263
   152 455.750771 275.022612 251.074374 156.054862  22.064105  22.064105   0.000000   0.000000  70.907252 289.835347 279.671497   0.165660   0.172716 283.888805   0.172256
   153 457.425687 275.186801 252.272115 156.786681  22.294495  22.294495   0.000000   0.000000  71.146954 289.893222 279.695333   0.165565   0.172716 283.917972   0.172248
   154 459.097333 275.350559 253.467560 157.517532  22.525004  22.525004   0.000000   0.000000  71.385219 289.950919 279.719197   0.165469   0.172716 283.947048   0.172241
   155 460.765697 275.513887 254.660702 158.247406  22.755626  22.755626   0.000000   0.000000  71.622054 290.008441 279.743089   0.165372   0.172715 283.976035   0.172234
   156 462.430766 275.676787 255.851533 158.976293  22.986358  22.986358   0.000000   0.000000  71.857463 290.065786 279.767007   0.165275   0.172715 284.004932   0.172227
   157 464.092531 275.839259 257.040045 159.704184  23.217196  23.217196   0.000000   0.000000  72.091452 290.122956 279.790952   0.165177   0.172715 284.033739   0.172219
   158 465.750978 276.001305 258.226230 160.431070  23.448133  23.448133   0.000000   0.000000  72.324026 290.179950 279.814923   0.165077   0.172715 284.062458   0.172212
   159 467.406097 276.162927 259.410079 161.156941  23.679166  23.679166   0.000000   0.000000  72.555191 290.236769 279.838919   0.164978   0.172714 284.091089   0.172204
   160 469.057876 276.324124 260.591586 161.881788  23.910290  23.910290   0.000000   0.000000  72.784953 290.293414 279.862940   0.164877   0.172714 284.119631   0.172196
   161 470.706304 276.484900 261.770742 162.605602  24.141501  24.141501   0.000000   0.000000  73.013317 290.349883 279.886985   0.164776   0.172714 284.148086   0.172189
   162 472.351370 276.645254 262.947540 163.328373  24.372793  24.372793   0.000000   0.000000  73.240289 290.406179 279.911054   0.164674   0.172713 284.176454   0.172181
   163 473.993062 276.805190 264.121971 164.050093  24.604162  24.604162   0.000000   0.000000  73.465875 290.462301 279.935146   0.164571   0.172713 284.204734   0.172173
   164 475.631369 276.964707 265.294028 164.770754  24.835603  24.835603   0.000000   0.000000  73.690080 290.518249 279.959261   0.164467   0.172713 284.232928   0.172165
   165 477.266281 277.123807 266.463703 165.490345  25.067112  25.067112   0.000000   0.000000  73.912909 290.574023 279.983399   0.164363   0.172713 284.261036   0.172157
   166 478.897785 277.282492 267.630989 166.208859  25.298683  25.298683   0.000000   0.000000  74.134370 290.629625 280.007558   0.164258   0.172712 284.289058   0.172149
   167 480.525872 277.440763 268.795877 166.926286  25.530312  25.530312   0.000000   0.000000  74.354467 290.685054 280.031739   0.164153   0.172712 284.316995   0.172141
   168 482.150530 277.598621 269.958360 167.642619  25.761994  25.761994   0.000000   0.000000  74.573206 290.740311 280.055940   0.164046   0.172712 284.344847   0.172133
   169 483.771748 277.756067 271.118430 168.357848  25.993723  25.993723   0.000000   0.000000  74.790592 290.795395 280.080162   0.163939   0.172711 284.372614   0.172124
   170 485.389515 277.913103 272.276079 169.071966  26.225496  26.225496   0.000000   0.000000  75.006631 290.850308 280.104404   0.163831   0.172711 284.400297   0.172116
   171 487.003822 278.069730 273.431299 169.784964  26.457306  26.457306   0.000000   0.000000  75.221329 290.905050 280.128666   0.163722   0.172711 284.427895   0.172107
   172 488.614656 278.225949 274.584084 170.496835  26.689148  26.689148   0.000000   0.000000  75.434691 290.959621 280.152946   0.163613   0.172710 284.455410   0.172099
   173 490.222008 278.381761 275.734424 171.207569  26.921018  26.921018   0.000000   0.000000  75.646723 291.014021 280.177245   0.163503   0.172710 284.482842   0.172090
   174 491.825867 278.537166 276.882313 171.917160  27.152911  27.152911   0.000000   0.000000  75.857430 291.068250 280.201562   0.163393   0.172710 284.510190   0.172082
   175 493.426222 278.692167 278.027743 172.625599  27.384820  27.384820   0.000000   0.000000  76.066817 291.122309 280.225897   0.163281   0.172709 284.537456   0.172073
   176 495.023063 278.846764 279.170705 173.332878  27.616742  27.616742   0.000000   0.000000  76.274889 291.176199 280.250248   0.163169   0.172709 284.564639   0.172064
   177 496.616379 279.000957 280.311193 174.038990  27.848670  27.848670   0.000000   0.000000  76.481653 291.229919 280.274617   0.163056   0.172709 284.591741   0.172055
   178 498.206160 279.154748 281.449198 174.743928  28.080600  28.080600   0.000000   0.000000  76.687112 291.283469 280.299002   0.162943   0.172708 284.618760   0.172046
   179 499.792395 279.308137 282.584713 175.447683  28.312525  28.312525   0.000000   0.000000  76.891273 291.336851 280.323403   0.162829   0.172708 284.645697   0.172037
   180 501.375075 279.461126 283.717730 176.150248  28.544442  28.544442   0.000000   0.000000  77.094141 291.390065 280.347819   0.162714   0.172708 284.672553   0.172028
   181 502.954189 279.613714 284.848241 176.851615  28.776344  28.776344   0.000000   0.000000  77.295720 291.443109 280.372250   0.162599   0.172707 284.699328   0.172019
   182 504.529727 279.765903 285.976239 177.551779  29.008226  29.008226   0.000000   0.000000  77.496016 291.495986 280.396696   0.162483   0.172707 284.726021   0.172009
   183 506.101678 279.917693 287.101716 178.250730  29.240082  29.240082   0.000000   0.000000  77.695033 291.548695 280.421156   0.162366   0.172707 284.752634   0.172000
   184 507.670033 280.069085 288.224664 178.948462  29.471908  29.471908   0.000000   0.000000  77.892778 291.601237 280.445629   0.162249   0.172706 284.779167   0.171991
   185 509.234782 280.220079 289.345077 179.644967  29.703697  29.703697   0.000000   0.000000  78.089254 291.653611 280.470116   0.162131   0.172706 284.805619   0.171981
   186 510.795914 280.370676 290.462945 180.340239  29.935445  29.935445   0.000000   0.000000  78.284466 291.705819 280.494616   0.162012   0.172706 284.831991   0.171972
   187 512.353420 280.520877 291.578262 181.034271  30.167146  30.167146   0.000000   0.000000  78.478421 291.757860 280.519128   0.161893   0.172705 284.858283   0.171962
   188 513.907290 280.670682 292.691019 181.727054  30.398794  30.398794   0.000000   0.000000  78.671121 291.809734 280.543653   0.161773   0.172705 284.884495   0.171952
   189 515.457513 280.820091 293.801210 182.418583  30.630384  30.630384   0.000000   0.000000  78.862573 291.861443 280.568189   0.161653   0.172705 284.910627   0.171942
   190 517.004081 280.969104 294.908827 183.108850  30.861911  30.861911   0.000000   0.000000  79.052781 291.912986 280.592736   0.161532   0.172704 284.936681   0.171932
   191 518.546982 281.117724 296.013862 183.797848  31.093369  31.093369   0.000000   0.000000  79.241750 291.964363 280.617294   0.161410   0.172704 284.962655   0.171923
   192 520.086209 281.265949 297.116307 184.485570  31.324753  31.324753   0.000000   0.000000  79.429485 292.015575 280.641863   0.161288   0.172703 284.988550   0.171913
   193 521.621750 281.413779 298.216156 185.172010  31.556057  31.556057   0.000000   0.000000  79.615990 292.066623 280.666441   0.161165   0.172703 285.014366   0.171902
   194 523.153597 281.561217 299.313400 185.857160  31.787275  31.787275   0.000000   0.000000  79.801271 292.117505 280.691030   0.161042   0.172703 285.040103   0.171892
   195 524.681739 281.708261 300.408032 186.541014  32.018403  32.018403   0.000000   0.000000  79.985331 292.168224 280.715627   0.160918   0.172702 285.065762   0.171882
   196 526.206168 281.854912 301.500044 187.223566  32.249435  32.249435   0.000000   0.000000  80.168176 292.218778 280.740234   0.160793   0.172702 285.091343   0.171872
   197 527.726873 282.001171 302.589430 187.904807  32.480365  32.480365   0.000000   0.000000  80.349811 292.269169 280.764849   0.160668   0.172701 285.116845   0.171861
   198 529.243845 282.147038 303.676181 188.584732  32.711188  32.711188   0.000000   0.000000  80.530239 292.319396 280.789472   0.160542   0.172701 285.142269   0.171851
   199 530.757075 282.292512 304.760290 189.263334  32.941898  32.941898   0.000000   0.000000  80.709466 292.369459 280.814103   0.160416   0.172701 285.167615   0.171840
   200 532.266554 282.437595 305.841750 189.940606  33.172491  33.172491   0.000000   0.000000  80.887496 292.419360 280.838741   0.160289   0.172700 285.192883   0.171830
   201 533.772272 282.582286 306.920552 190.616541  33.402960  33.402960   0.000000   0.000000  81.064334 292.469098 280.863386   0.160161   0.172700 285.218073   0.171819
   202 535.274219 282.726586 307.996691 191.291134  33.633301  33.633301   0.000000   0.000000  81.239984 292.518674 280.888038   0.160033   0.172700 285.243186   0.171808
   203 536.772387 282.870495 309.070158 191.964376  33.863507  33.863507   0.000000   0.000000  81.414451 292.568088 280.912697   0.159905   0.172699 285.268222   0.171797
   204 538.266767 283.014014 310.140947 192.636263  34.093573  34.093573   0.000000   0.000000  81.587739 292.617340 280.937361   0.159776   0.172699 285.293180   0.171787
   205 539.757349 283.157142 311.209049 193.306786  34.323495  34.323495   0.000000   0.000000  81.759854 292.666430 280.962030   0.159646   0.172698 285.318061   0.171776
   206 541.244123 283.299880 312.274457 193.975940  34.553266  34.553266   0.000000   0.000000  81.930799 292.715359 280.986705   0.159516   0.172698 285.342864   0.171764
   207 542.727082 283.442228 313.337165 194.643718  34.782882  34.782882   0.000000   0.000000  82.100578 292.764128 281.011385   0.159385   0.172697 285.367591   0.171753
   208 544.206216 283.584186 314.397164 195.310114  35.012337  35.012337   0.000000   0.000000  82.269198 292.812735 281.036069   0.159254   0.172697 285.392241   0.171742
   209 545.681516 283.725755 315.454448 195.975120  35.241625  35.241625   0.000000   0.000000  82.436661 292.861183 281.060758   0.159122   0.172697 285.416815   0.171731
   210 547.152973 283.866935 316.509009 196.638731  35.470742  35.470742   0.000000   0.000000  82.602973 292.909470 281.085450   0.158990   0.172696 285.441311   0.171720
   211 548.620578 284.007725 317.560841 197.300939  35.699682  35.699682   0.000000   0.000000  82.768138 292.957597 281.110146   0.158857   0.172696 285.465732   0.171708
   212 550.084322 284.148128 318.609935 197.961739  35.928440  35.928440   0.000000   0.000000  82.932160 293.005565 281.134844   0.158724   0.172695 285.490075   0.171697
   213 551.544196 284.288141 319.656286 198.621124  36.157010  36.157010   0.000000   0.000000  83.095044 293.053374 281.159546   0.158590   0.172695 285.514343   0.171685
   214 553.000193 284.427767 320.699885 199.279087  36.385389  36.385389   0.000000   0.000000  83.256794 293.101023 281.184250   0.158456   0.172694 285.538535   0.171673
   215 554.452302 284.567005 321.740726 199.935622  36.613569  36.613569   0.000000   0.000000  83.417415 293.148514 281.208956   0.158322   0.172694 285.562650   0.171662
   216 555.900515 284.705856 322.778801 200.590722  36.841547  36.841547   0.000000   0.000000  83.576911 293.195847 281.233664   0.158187   0.172694 285.586690   0.171650
   217 557.344824 284.844320 323.814104 201.244380  37.069317  37.069317   0.000000   0.000000  83.735287 293.243022 281.258373   0.158051   0.172693 285.610655   0.171638
   218 558.785219 284.982397 324.846628 201.896591  37.296875  37.296875   0.000000   0.000000  83.892547 293.290039 281.283083   0.157915   0.172693 285.634543   0.171626
   219 560.221693 285.120088 325.876365 202.547348  37.524214  37.524214   0.000000   0.000000  84.048695 293.336899 281.307794   0.157778   0.172692 285.658356   0.171614
   220 561.654236 285.257393 326.903309 203.196644  37.751331  37.751331   0.000000   0.000000  84.203737 293.383602 281.332506   0.157641   0.172692 285.682094   0.171602
   221 563.082841 285.394313 327.927453 203.844472  37.978220  37.978220   0.000000   0.000000  84.357675 293.430148 281.357217   0.157504   0.172691 285.705757   0.171590
   222 564.507498 285.530848 328.948789 204.490827  38.204876  38.204876   0.000000   0.000000  84.510516 293.476538 281.381929   0.157366   0.172691 285.729345   0.171578
   223 565.928199 285.666998 329.967312 205.135701  38.431294  38.431294   0.000000   0.000000  84.662263 293.522771 281.406640   0.157228   0.172690 285.752858   0.171565
   224 567.344936 285.802764 330.983013 205.779089  38.657471  38.657471   0.000000   0.000000  84.812920 293.568849 281.431350   0.157089   0.172690 285.776296   0.171553
   225 568.757700 285.938147 331.995888 206.420982  38.883399  38.883399   0.000000   0.000000  84.962493 293.614771 281.456059   0.156950   0.172689 285.799660   0.171541
   226 570.166483 286.073148 333.005928 207.061376  39.109076  39.109076   0.000000   0.000000  85.110985 293.660538 281.480767   0.156811   0.172689 285.822949   0.171528
   227 571.571277 286.207766 334.013126 207.700264  39.334496  39.334496   0.000000   0.000000  85.258400 293.706150 281.505473   0.156671   0.172689 285.846164   0.171515
   228 572.972074 286.342002 335.017478 208.337638  39.559655  39.559655   0.000000   0.000000  85.404745 293.751608 281.530176   0.156530   0.172688 285.869306   0.171503
   229 574.368864 286.475857 336.018975 208.973493  39.784548  39.784548   0.000000   0.000000  85.550022 293.796912 281.554878   0.156390   0.172688 285.892373   0.171490
   230 575.761641 286.609332 337.017611 209.607822  40.009169  40.009169   0.000000   0.000000  85.694236 293.842061 281.579577   0.156248   0.172687 285.915366   0.171477
   231 577.150395 286.742427 338.013379 210.240618  40.233516  40.233516   0.000000   0.000000  85.837391 293.887057 281.604273   0.156107   0.172687 285.938286   0.171464
   232 578.535119 286.875143 339.006274 210.871875  40.457582  40.457582   0.000000   0.000000  85.979493 293.931901 281.628966   0.155965   0.172686 285.961133   0.171452
   233 579.915805 287.007480 339.996288 211.501587  40.681365  40.681365   0.000000   0.000000  86.120545 293.976591 281.653655   0.155823   0.172686 285.983907   0.171438
   234 581.292444 287.139440 340.983415 212.129747  40.904858  40.904858   0.000000   0.000000  86.260551 294.021128 281.678340   0.155680   0.172685 286.006607   0.171425
   235 582.665028 287.271023 341.967648 212.756348  41.128058  41.128058   0.000000   0.000000  86.399517 294.065514 281.703022   0.155537   0.172685 286.029235   0.171412
   236 584.033551 287.402231 342.948982 213.381384  41.350960  41.350960   0.000000   0.000000  86.537446 294.109748 281.727699   0.155394   0.172684 286.051790   0.171399
   237 585.398002 287.533063 343.927410 214.004849  41.573560  41.573560   0.000000   0.000000  86.674343 294.153830 281.752371   0.155250   0.172684 286.074273   0.171386
   238 586.758375 287.663520 344.902925 214.626736  41.795853  41.795853   0.000000   0.000000  86.810213 294.197761 281.777038   0.155106   0.172683 286.096683   0.171372
   239 588.114662 287.793604 345.875521 215.247039  42.017836  42.017836   0.000000   0.000000  86.945058 294.241541 281.801700   0.154962   0.172683 286.119022   0.171359
   240 594.975686 287.923316 351.252257 215.865751  42.239504  42.239504   0.000000   0.000000  87.078885 294.400082 281.826839   0.154817   0.172682 286.144505   0.171345
   241 596.325994 288.052655 351.616011 219.606154  43.130719  43.130719   0.000000   0.000000  88.012703 294.422897 281.851877   0.154669   0.172682 286.166135   0.171332
   242 597.672184 288.192447 352.700019 219.609035  43.229438  43.229438   0.000000   0.000000  87.997136 294.471646 281.876927   0.154522   0.172681 286.190147   0.171318
   243 599.014248 288.328413 353.640564 220.339429  43.481231  43.481231   0.000000   0.000000  88.163038 294.514966 281.901964   0.154374   0.172681 286.213387   0.171304
   244 600.352179 288.463590 354.605583 220.925659  43.701855  43.701855   0.000000   0.000000  88.291013 294.559039 281.926994   0.154226   0.172680 286.236511   0.171290
   245 601.685967 288.597575 355.562132 221.538728  43.927648  43.927648   0.000000   0.000000  88.424317 294.602675 281.952014   0.154078   0.172680 286.259424   0.171276
   246 603.015607 288.730603 356.516691 222.144976  44.151556  44.151556   0.000000   0.000000  88.554631 294.646127 281.977024   0.153930   0.172679 286.282170   0.171262
   247 604.341090 288.862750 357.467992 222.750955  44.375041  44.375041   0.000000   0.000000  88.683724 294.689360 282.002023   0.153781   0.172678 286.304759   0.171248
   248 605.662409 288.994099 358.416290 223.355328  44.597871  44.597871   0.000000   0.000000  88.811358 294.732394 282.027012   0.153632   0.172678 286.327208   0.171233
   249 606.979555 289.124714 359.361537 223.958311  44.820138  44.820138   0.000000   0.000000  88.937670 294.775234 282.051990   0.153482   0.172677 286.349525   0.171219
   250 608.292523 289.254647 360.303744 224.559821  45.041859  45.041859   0.000000   0.000000  89.062704 294.817887 282.076957   0.153332   0.172677 286.371719   0.171205
   251 609.601303 289.383944 361.242908 225.159840  45.263059  45.263059   0.000000   0.000000  89.186514 294.860360 282.101912   0.153182   0.172676 286.393799   0.171190
   252 610.905890 289.512639 362.179030 225.758340  45.483753  45.483753   0.000000   0.000000  89.309138 294.902656 282.126855   0.153032   0.172676 286.415770   0.171175
   253 612.206274 289.640764 363.112108 226.355299  45.703957  45.703957   0.000000   0.000000  89.430612 294.944780 282.151785   0.152882   0.172675 286.437637   0.171161
   254 613.502450 289.768344 364.042140 226.950696  45.923682  45.923682   0.000000   0.000000  89.550964 294.986735 282.176703   0.152731   0.172675 286.459404   0.171146
   255 614.794409 289.895402 364.969123 227.544512  46.142935  46.142935   0.000000   0.000000  89.670222 295.028524 282.201609   0.152580   0.172674 286.481076   0.171131
   256 616.082145 290.021957 365.893055 228.136730  46.361723  46.361723   0.000000   0.000000  89.788405 295.070149 282.226501   0.152429   0.172674 286.502655   0.171117
   257 617.365649 290.148025 366.813932 228.727335  46.580052  46.580052   0.000000   0.000000  89.905535 295.111612 282.251380   0.152277   0.172673 286.524145   0.171102
   258 618.644915 290.273621 367.731751 229.316313  46.797924  46.797924   0.000000   0.000000  90.021627 295.152917 282.276246   0.152126   0.172672 286.545547   0.171087
   259 619.919936 290.398756 368.646508 229.903650  47.015344  47.015344   0.000000   0.000000  90.136697 295.194063 282.301098   0.151974   0.172672 286.566864   0.171072
   260 621.190705 290.523443 369.558200 230.489333  47.232313  47.232313   0.000000   0.000000  90.250758 295.235054 282.325936   0.151821   0.172671 286.588098   0.171057
   261 622.457213 290.647690 370.466822 231.073353  47.448831  47.448831   0.000000   0.000000  90.363824 295.275890 282.350760   0.151669   0.172671 286.609250   0.171041
   262 623.719455 290.771507 371.372371 231.655696  47.664899  47.664899   0.000000   0.000000  90.475904 295.316572 282.375570   0.151516   0.172670 286.630322   0.171026
   263 624.977422 290.894902 372.274842 232.236355  47.880517  47.880517   0.000000   0.000000  90.587010 295.357102 282.400366   0.151364   0.172670 286.651315   0.171011
   264 626.231109 291.017881 373.174230 232.815318  48.095686  48.095686   0.000000   0.000000  90.697150 295.397480 282.425147   0.151211   0.172669 286.672230   0.170995
   265 627.480507 291.140451 374.070532 233.392577  48.310403  48.310403   0.000000   0.000000  90.806334 295.437709 282.449913   0.151058   0.172668 286.693070   0.170980
   266 628.725610 291.262618 374.963743 233.968124  48.524667  48.524667   0.000000   0.000000  90.914569 295.477788 282.474664   0.150904   0.172668 286.713833   0.170964
   267 629.966412 291.384387 375.853858 234.541949  48.738478  48.738478   0.000000   0.000000  91.021863 295.517718 282.499401   0.150751   0.172667 286.734523   0.170949
   268 631.202904 291.505764 376.740874 235.114045  48.951834  48.951834   0.000000   0.000000  91.128222 295.557501 282.524121   0.150597   0.172667 286.755138   0.170933
   269 632.435080 291.626752 377.624784 235.684404  49.164732  49.164732   0.000000   0.000000  91.233655 295.597136 282.548827   0.150443   0.172666 286.775681   0.170917
   270 633.662934 291.747356 378.505585 236.253020  49.377171  49.377171   0.000000   0.000000  91.338166 295.636625 282.573516   0.150289   0.172666 286.796152   0.170902
   271 634.886458 291.867580 379.383271 236.819885  49.589148  49.589148   0.000000   0.000000  91.441763 295.675969 282.598190   0.150135   0.172665 286.816552   0.170886
   272 636.105645 291.987427 380.257839 237.384992  49.800661  49.800661   0.000000   0.000000  91.544450 295.715167 282.622848   0.149980   0.172664 286.836881   0.170870
   273 637.320490 292.106902 381.129284 237.948335  50.011708  50.011708   0.000000   0.000000  91.646233 295.754221 282.647489   0.149826   0.172664 286.857140   0.170854
   274 638.530984 292.226006 381.997601 238.509907  50.222286  50.222286   0.000000   0.000000  91.747118 295.793130 282.672115   0.149671   0.172663 286.877329   0.170838
   275 639.737121 292.344743 382.862785 239.069704  50.432392  50.432392   0.000000   0.000000  91.847109 295.831897 282.696724   0.149516   0.172663 286.897450   0.170822
   276 640.938896 292.463117 383.724831 239.627717  50.642023  50.642023   0.000000   0.000000  91.946211 295.870520 282.721316   0.149362   0.172662 286.917502   0.170806
   277 642.136300 292.581129 384.583735 240.183943  50.851177  50.851177   0.000000   0.000000  92.044430 295.909001 282.745891   0.149206   0.172661 286.937487   0.170789
   278 643.329327 292.698782 385.439492 240.738375  51.059850  51.059850   0.000000   0.000000  92.141769 295.947340 282.770449   0.149051   0.172661 286.957404   0.170773
   279 644.517971 292.816079 386.292098 241.291009  51.268039  51.268039   0.000000   0.000000  92.238232 295.985537 282.794990   0.148896   0.172660 286.977254   0.170757
   280 645.702226 292.933022 387.141548 241.841838  51.475742  51.475742   0.000000   0.000000  92.333825 296.023593 282.819514   0.148740   0.172659 286.997037   0.170740
   281 646.882084 293.049613 387.987837 242.390859  51.682955  51.682955   0.000000   0.000000  92.428551 296.061508 282.844020   0.148585   0.172659 287.016755   0.170724
   282 648.057539 293.165854 388.830960 242.938065  51.889674  51.889674   0.000000   0.000000  92.522415 296.099283 282.868509   0.148429   0.172658 287.036407   0.170707
   283 649.228584 293.281748 389.670914 243.483453  52.095896  52.095896   0.000000   0.000000  92.615419 296.136918 282.892980   0.148274   0.172658 287.055993   0.170690
   284 650.395214 293.397295 390.507692 244.027018  52.301619  52.301619   0.000000   0.000000  92.707568 296.174414 282.917433   0.148118   0.172657 287.075515   0.170674
   285 651.557421 293.512499 391.341291 244.568755  52.506838  52.506838   0.000000   0.000000  92.798866 296.211770 282.941868   0.147962   0.172656 287.094972   0.170657
   286 652.715200 293.627361 392.171707 245.108660  52.711549  52.711549   0.000000   0.000000  92.889316 296.248987 282.966284   0.147806   0.172656 287.114365   0.170640
   287 653.868543 293.741882 392.998933 245.646729  52.915750  52.915750   0.000000   0.000000  92.978922 296.286066 282.990682   0.147650   0.172655 287.133695   0.170623
   288 655.017445 293.856064 393.822967 246.182958  53.119437  53.119437   0.000000   0.000000  93.067686 296.323007 283.015062   0.147493   0.172654 287.152960   0.170606
   289 656.161900 293.969909 394.643803 246.717343  53.322606  53.322606   0.000000   0.000000  93.155614 296.359810 283.039423   0.147337   0.172654 287.172163   0.170589
   290 657.301900 294.083418 395.461437 247.249880  53.525254  53.525254   0.000000   0.000000  93.242707 296.396475 283.063765   0.147181   0.172653 287.191302   0.170572
   291 658.437441 294.196593 396.275864 247.780565  53.727376  53.727376   0.000000   0.000000  93.328969 296.433003 283.088088   0.147024   0.172652 287.210379   0.170555
   292 659.568514 294.309435 397.087080 248.309395  53.928968  53.928968   0.000000   0.000000  93.414404 296.469394 283.112392   0.146868   0.172652 287.229394   0.170537
   293 660.695115 294.421946 397.895080 248.836366  54.130028  54.130028   0.000000   0.000000  93.499014 296.505648 283.136676   0.146711   0.172651 287.248347   0.170520
   294 661.817238 294.534127 398.699861 249.361474  54.330552  54.330552   0.000000   0.000000  93.582802 296.541766 283.160941   0.146555   0.172651 287.267238   0.170503
   295 662.934875 294.645978 399.501416 249.884716  54.530535  54.530535   0.000000   0.000000  93.665772 296.577747 283.185186   0.146398   0.172650 287.286067   0.170485
   296 664.048021 294.757503 400.299743 250.406090  54.729973  54.729973   0.000000   0.000000  93.747926 296.613593 283.209412   0.146242   0.172649 287.304836   0.170468
   297 665.156671 294.868701 401.094837 250.925591  54.928863  54.928863   0.000000   0.000000  93.829267 296.649303 283.233617   0.146085   0.172649 287.323543   0.170450
   298 666.260817 294.979573 401.886693 251.443216  55.127201  55.127201   0.000000   0.000000  93.909798 296.684878 283.257803   0.145928   0.172648 287.342190   0.170433
   299 667.360453 295.090122 402.675307 251.958963  55.324984  55.324984   0.000000   0.000000  93.989523 296.720317 283.281968   0.145771   0.172647 287.360776   0.170415
   300 668.455575 295.200349 403.460675 252.472828  55.522206  55.522206   0.000000   0.000000  94.068443 296.755622 283.306113   0.145615   0.172647 287.379303   0.170397
   301 669.546175 295.310253 404.242792 252.984808  55.718865  55.718865   0.000000   0.000000  94.146561 296.790792 283.330237   0.145458   0.172646 287.397769   0.170379
   302 670.632249 295.419838 405.021655 253.494900  55.914957  55.914957   0.000000   0.000000  94.223881 296.825827 283.354341   0.145301   0.172645 287.416176   0.170361
   303 671.713789 295.529102 405.797259 254.003102  56.110477  56.110477   0.000000   0.000000  94.300405 296.860729 283.378424   0.145144   0.172645 287.434523   0.170343
   304 672.790790 295.638049 406.569599 254.509409  56.305422  56.305422   0.000000   0.000000  94.376134 296.895496 283.402486   0.144987   0.172644 287.452811   0.170325
   305 673.863247 295.746678 407.338673 255.013821  56.499788  56.499788   0.000000   0.000000  94.451073 296.930130 283.426526   0.144830   0.172643 287.471040   0.170307
   306 674.931153 295.854992 408.104475 255.516333  56.693571  56.693571   0.000000   0.000000  94.525224 296.964630 283.450546   0.144674   0.172643 287.489210   0.170289
   307 675.994503 295.962990 408.867001 256.016943  56.886768  56.886768   0.000000   0.000000  94.598589 296.998997 283.474544   0.144517   0.172642 287.507322   0.170271
   308 677.053291 296.070675 409.626248 256.515647  57.079375  57.079375   0.000000   0.000000  94.671170 297.033230 283.498520   0.144360   0.172641 287.525376   0.170253
   309 678.107511 296.178046 410.382211 257.012444  57.271388  57.271388   0.000000   0.000000  94.742971 297.067331 283.522475   0.144203   0.172640 287.543371   0.170234
   310 679.157158 296.285106 411.134887 257.507330  57.462804  57.462804   0.000000   0.000000  94.813993 297.101299 283.546408   0.144046   0.172640 287.561309   0.170216
   311 680.202225 296.391855 411.884271 258.000303  57.653619  57.653619   0.000000   0.000000  94.884240 297.135135 283.570319   0.143890   0.172639 287.579189   0.170198
   312 681.242707 296.498294 412.630360 258.491359  57.843830  57.843830   0.000000   0.000000  94.953713 297.168838 283.594207   0.143733   0.172638 287.597012   0.170179
   313 682.278599 296.604425 413.373149 258.980496  58.033432  58.033432   0.000000   0.000000  95.022415 297.202409 283.618074   0.143576   0.172638 287.614778   0.170161
   314 683.309895 296.710248 414.112635 259.467711  58.222423  58.222423   0.000000   0.000000  95.090348 297.235849 283.641918   0.143419   0.172637 287.632486   0.170142
   315 684.336589 296.815764 414.848814 259.953002  58.410799  58.410799   0.000000   0.000000  95.157515 297.269156 283.665739   0.143263   0.172636 287.650139   0.170123
   316 685.358676 296.920976 415.581682 260.436364  58.598557  58.598557   0.000000   0.000000  95.223918 297.302333 283.689538   0.143106   0.172636 287.667735   0.170104
   317 686.376151 297.025883 416.311236 260.917797  58.785694  58.785694   0.000000   0.000000  95.289560 297.335378 283.713314   0.142950   0.172635 287.685274   0.170086
   318 687.389007 297.130486 417.037471 261.397296  58.972206  58.972206   0.000000   0.000000  95.354443 297.368291 283.737067   0.142793   0.172634 287.702758   0.170067
   319 688.397240 297.234788 417.760384 261.874859  59.158090  59.158090   0.000000   0.000000  95.418569 297.401074 283.760797   0.142637   0.172633 287.720186   0.170048
   320 689.400843 297.338789 418.479971 262.350482  59.343344  59.343344   0.000000   0.000000  95.481940 297.433726 283.784504   0.142480   0.172633 287.737558   0.170029
   321 690.399812 297.442489 419.196229 262.824164  59.527963  59.527963   0.000000   0.000000  95.544559 297.466248 283.808187   0.142324   0.172632 287.754876   0.170010
   322 691.394142 297.545891 419.909154 263.295901  59.711946  59.711946   0.000000   0.000000  95.606428 297.498639 283.831846   0.142168   0.172631 287.772138   0.169991
   323 692.383826 297.648996 420.618742 263.765689  59.895288  59.895288   0.000000   0.000000  95.667550 297.530900 283.855482   0.142011   0.172631 287.789346   0.169972
   324 693.368860 297.751804 421.324990 264.233527  60.077988  60.077988   0.000000   0.000000  95.727927 297.563031 283.879094   0.141855   0.172630 287.806499   0.169952
   325 694.349238 297.854317 422.027895 264.699411  60.260042  60.260042   0.000000   0.000000  95.787560 297.595033 283.902682   0.141699   0.172629 287.823597   0.169933
   326 695.324955 297.956535 422.727452 265.163338  60.441448  60.441448   0.000000   0.000000  95.846452 297.626905 283.926247   0.141543   0.172628 287.840642   0.169914
   327 696.296006 298.058461 423.423659 265.625305  60.622203  60.622203   0.000000   0.000000  95.904606 297.658647 283.949786   0.141387   0.172628 287.857633   0.169894
   328 697.262385 298.160095 424.116512 266.085309  60.802304  60.802304   0.000000   0.000000  95.962024 297.690260 283.973302   0.141232   0.172627 287.874570   0.169875
   329 698.224088 298.261438 424.806008 266.543347  60.981750  60.981750   0.000000   0.000000  96.018708 297.721744 283.996793   0.141076   0.172626 287.891455   0.169855
   330 699.181109 298.362493 425.492143 266.999415  61.160536  61.160536   0.000000   0.000000  96.074660 297.753099 284.020259   0.140920   0.172626 287.908286   0.169836
   331 700.133443 298.463259 426.174913 267.453510  61.338662  61.338662   0.000000   0.000000  96.129882 297.784326 284.043701   0.140765   0.172625 287.925064   0.169816
   332 701.081085 298.563738 426.854317 267.905630  61.516124  61.516124   0.000000   0.000000  96.184378 297.815424 284.067117   0.140609   0.172624 287.941790   0.169797
   333 702.024030 298.663931 427.530350 268.355770  61.692921  61.692921   0.000000   0.000000  96.238148 297.846394 284.090509   0.140454   0.172623 287.958463   0.169777
   334 702.962274 298.763841 428.203009 268.803929  61.869049  61.869049   0.000000   0.000000  96.291195 297.877235 284.113875   0.140299   0.172623 287.975085   0.169757
   335 703.895810 298.863467 428.872291 269.250101  62.044508  62.044508   0.000000   0.000000  96.343521 297.907949 284.137216   0.140144   0.172622 287.991654   0.169737
   336 704.824634 298.962811 429.538192 269.694285  62.219294  62.219294   0.000000   0.000000  96.395130 297.938535 284.160532   0.139989   0.172621 288.008172   0.169717
   337 705.748741 299.061875 430.200711 270.136476  62.393406  62.393406   0.000000   0.000000  96.446021 297.968993 284.183822   0.139834   0.172620 288.024639   0.169697
   338 706.668126 299.160660 430.859843 270.576672  62.566841  62.566841   0.000000   0.000000  96.496199 297.999324 284.207087   0.139679   0.172620 288.041055   0.169677
   339 707.582784 299.259167 431.515585 271.014868  62.739599  62.739599   0.000000   0.000000  96.545665 298.029528 284.230325   0.139524   0.172619 288.057420   0.169657
   340 708.492710 299.357397 432.167934 271.451062  62.911676  62.911676   0.000000   0.000000  96.594422 298.059605 284.253538   0.139370   0.172618 288.073735   0.169637
   341 709.397900 299.455353 432.816888 271.885250  63.083072  63.083072   0.000000   0.000000  96.642471 298.089555 284.276724   0.139216   0.172617 288.089999   0.169617
   342 710.298349 299.553034 433.462443 272.317428  63.253784  63.253784   0.000000   0.000000  96.689814 298.119378 284.299885   0.139061   0.172617 288.106214   0.169597
   343 711.194052 299.650443 434.104596 272.747593  63.423811  63.423811   0.000000   0.000000  96.736455 298.149075 284.323019   0.138907   0.172616 288.122378   0.169576
   344 712.085003 299.747580 434.743345 273.175741  63.593150  63.593150   0.000000   0.000000  96.782395 298.178646 284.346126   0.138753   0.172615 288.138494   0.169556
   345 712.971199 299.844448 435.378686 273.601869  63.761802  63.761802   0.000000   0.000000  96.827636 298.208090 284.369207   0.138599   0.172614 288.154560   0.169536
   346 713.852635 299.941048 436.010616 274.025973  63.929763  63.929763   0.000000   0.000000  96.872180 298.237409 284.392261   0.138446   0.172614 288.170577   0.169515
   347 714.729305 300.037380 436.639133 274.448049  64.097032  64.097032   0.000000   0.000000  96.916031 298.266602 284.415289   0.138292   0.172613 288.186546   0.169495
   348 715.601206 300.133447 437.264234 274.868094  64.263609  64.263609   0.000000   0.000000  96.959189 298.295669 284.438289   0.138139   0.172612 288.202466   0.169474
   349 716.468333 300.229250 437.885915 275.286104  64.429491  64.429491   0.000000   0.000000  97.001657 298.324611 284.461263   0.137985   0.172611 288.218338   0.169454
   350 717.330680 300.324789 438.504175 275.702076  64.594677  64.594677   0.000000   0.000000  97.043437 298.353428 284.484209   0.137832   0.172610 288.234163   0.169433
   351 718.188244 300.420068 439.119009 276.116005  64.759167  64.759167   0.000000   0.000000  97.084531 298.382119 284.507128   0.137679   0.172610 288.249939   0.169412
   352 719.041021 300.515086 439.730416 276.527888  64.922958  64.922958   0.000000   0.000000  97.124942 298.410686 284.530019   0.137527   0.172609 288.265669   0.169391
   353 719.889004 300.609846 440.338393 276.937721  65.086049  65.086049   0.000000   0.000000  97.164672 298.439129 284.552883   0.137374   0.172608 288.281351   0.169371
   354 720.732191 300.704349 440.942937 277.345500  65.248440  65.248440   0.000000   0.000000  97.203722 298.467447 284.575719   0.137222   0.172607 288.296987   0.169350
   355 721.570576 300.798596 441.544045 277.751222  65.410129  65.410129   0.000000   0.000000  97.242096 298.495641 284.598527   0.137069   0.172607 288.312576   0.169329
   356 722.404155 300.892589 442.141714 278.154882  65.571116  65.571116   0.000000   0.000000  97.279794 298.523710 284.621308   0.136917   0.172606 288.328119   0.169308
   357 723.232924 300.986329 442.735942 278.556477  65.731398  65.731398   0.000000   0.000000  97.316820 298.551656 284.644060   0.136765   0.172605 288.343616   0.169287
   358 724.056878 301.079818 443.326727 278.956003  65.890976  65.890976   0.000000   0.000000  97.353175 298.579479 284.666784   0.136614   0.172604 288.359068   0.169266
   359 724.876013 301.173057 443.914065 279.353455  66.049847  66.049847   0.000000   0.000000  97.388862 298.607177 284.689480   0.136462   0.172603 288.374474   0.169245
   360 725.690324 301.266047 444.497954 279.748831  66.208012  66.208012   0.000000   0.000000  97.423882 298.634753 284.712147   0.136311   0.172603 288.389835   0.169223
   361 726.499808 301.358791 445.078391 280.142698  66.365499  66.365499   0.000000   0.000000  97.458239 298.662191 284.734786   0.136159   0.172602 288.405154   0.169202
   362 727.304460 301.451294 445.655459 280.534589  66.522199  66.522199   0.000000   0.000000  97.491832 298.689495 284.757396   0.136008   0.172601 288.420432   0.169181
   363 728.104276 301.543561 446.229136 280.924587  66.678138  66.678138   0.000000   0.000000  97.524690 298.716665 284.779978   0.135857   0.172600 288.435670   0.169160
   364 728.899251 301.635595 446.799423 281.312664  66.833314  66.833314   0.000000   0.000000  97.556815 298.743703 284.802530   0.135707   0.172599 288.450868   0.169138
   365 729.689382 301.727401 447.366317 281.698814  66.987729  66.987729   0.000000   0.000000  97.588214 298.770609 284.825053   0.135556   0.172599 288.466028   0.169117
   366 730.474664 301.818981 447.929813 282.083029  67.141384  67.141384   0.000000   0.000000  97.618893 298.797383 284.847546   0.135406   0.172598 288.481148   0.169095
   367 731.255093 301.910338 448.489908 282.465301  67.294281  67.294281   0.000000   0.000000  97.648856 298.824026 284.870010   0.135256   0.172597 288.496231   0.169074
   368 732.030665 302.001476 449.046600 282.845623  67.446421  67.446421   0.000000   0.000000  97.678108 298.850538 284.892445   0.135106   0.172596 288.511276   0.169052
   369 732.801376 302.092396 449.599885 283.223986  67.597805  67.597805   0.000000   0.000000  97.706653 298.876921 284.914850   0.134956   0.172595 288.526284   0.169031
   370 733.567221 302.183103 450.149761 283.600383  67.748433  67.748433   0.000000   0.000000  97.734498 298.903174 284.937224   0.134807   0.172595 288.541255   0.169009
   371 734.328198 302.273596 450.696223 283.974809  67.898306  67.898306   0.000000   0.000000  97.761644 298.929297 284.959569   0.134658   0.172594 288.556190   0.168987
   372 735.084301 302.363881 451.239270 284.347255  68.047425  68.047425   0.000000   0.000000  97.788097 298.955292 284.981884   0.134509   0.172593 288.571089   0.168965
   373 735.835527 302.453957 451.778899 284.717716  68.195789  68.195789   0.000000   0.000000  97.813860 298.981159 285.004168   0.134360   0.172592 288.585952   0.168944
   374 736.581872 302.543828 452.315106 285.086185  68.343400  68.343400   0.000000   0.000000  97.838938 299.006898 285.026422   0.134211   0.172591 288.600780   0.168922
   375 737.323332 302.633496 452.847888 285.452655  68.490258  68.490258   0.000000   0.000000  97.863333 299.032509 285.048645   0.134063   0.172590 288.615572   0.168900
   376 738.059902 302.722962 453.377244 285.817121  68.636362  68.636362   0.000000   0.000000  97.887049 299.057993 285.070837   0.133915   0.172590 288.630330   0.168878
   377 738.791581 302.812229 453.903169 286.179577  68.781714  68.781714   0.000000   0.000000  97.910090 299.083350 285.092999   0.133767   0.172589 288.645054   0.168856
   378 739.518362 302.901299 454.425662 286.540015  68.926312  68.926312   0.000000   0.000000  97.932459 299.108581 285.115129   0.133619   0.172588 288.659743   0.168834
   379 740.240243 302.990173 454.944720 286.898432  69.070158  69.070158   0.000000   0.000000  97.954159 299.133685 285.137229   0.133471   0.172587 288.674399   0.168812
   380 740.957220 303.078854 455.460340 287.254820  69.213252  69.213252   0.000000   0.000000  97.975194 299.158664 285.159297   0.133324   0.172586 288.689021   0.168790
   381 741.669288 303.167343 455.972519 287.609174  69.355593  69.355593   0.000000   0.000000  97.995567 299.183517 285.181334   0.133177   0.172585 288.703610   0.168767
   382 742.376445 303.255642 456.481254 287.961489  69.497181  69.497181   0.000000   0.000000  98.015280 299.208245 285.203340   0.133030   0.172585 288.718166   0.168745
   383 743.078687 303.343752 456.986544 288.311759  69.638017  69.638017   0.000000   0.000000  98.034338 299.232848 285.225314   0.132883   0.172584 288.732690   0.168723
   384 743.776009 303.431677 457.488385 288.659978  69.778101  69.778101   0.000000   0.000000  98.052743 299.257327 285.247256   0.132737   0.172583 288.747181   0.168701
   385 744.468408 303.519416 457.986776 289.006141  69.917432  69.917432   0.000000   0.000000  98.070497 299.281681 285.269166   0.132591   0.172582 288.761641   0.168678
   386 745.155882 303.606973 458.481712 289.350243  70.056011  70.056011   0.000000   0.000000  98.087605 299.305912 285.291045   0.132445   0.172581 288.776068   0.168656
   387 745.838425 303.694349 458.973193 289.692278  70.193838  70.193838   0.000000   0.000000  98.104069 299.330019 285.312892   0.132299   0.172580 288.790464   0.168633
   388 746.516034 303.781545 459.461215 290.032242  70.330912  70.330912   0.000000   0.000000  98.119891 299.354002 285.334706   0.132154   0.172580 288.804829   0.168611
   389 747.188707 303.868563 459.945776 290.370128  70.467234  70.467234   0.000000   0.000000  98.135075 299.377863 285.356488   0.132008   0.172579 288.819163   0.168588
   390 747.856438 303.955405 460.426873 290.705933  70.602803  70.602803   0.000000   0.000000  98.149624 299.401601 285.378238   0.131863   0.172578 288.833467   0.168566
   391 748.519226 304.042072 460.904505 291.039649  70.737619  70.737619   0.000000   0.000000  98.163540 299.425216 285.399955   0.131719   0.172577 288.847740   0.168543
   392 749.177066 304.128566 461.378668 291.371274  70.871683  70.871683   0.000000   0.000000  98.176825 299.448709 285.421640   0.131574   0.172576 288.861982   0.168521
   393 749.829955 304.214889 461.849361 291.700801  71.004994  71.004994   0.000000   0.000000  98.189484 299.472080 285.443292   0.131430   0.172575 288.876195   0.168498
   394 750.477889 304.301042 462.316580 292.028227  71.137553  71.137553   0.000000   0.000000  98.201518 299.495330 285.464911   0.131286   0.172574 288.890379   0.168475
   395 751.120866 304.387027 462.780324 292.353544  71.269358  71.269358   0.000000   0.000000  98.212931 299.518458 285.486498   0.131142   0.172574 288.904533   0.168452
   396 751.758881 304.472846 463.240590 292.676750  71.400411  71.400411   0.000000   0.000000  98.223724 299.541466 285.508051   0.130998   0.172573 288.918657   0.168429
   397 752.391932 304.558499 463.697376 292.997839  71.530711  71.530711   0.000000   0.000000  98.233901 299.564352 285.529572   0.130855   0.172572 288.932753   0.168407
   398 753.020015 304.643989 464.150680 293.316807  71.660257  71.660257   0.000000   0.000000  98.243463 299.587118 285.551059   0.130712   0.172571 288.946821   0.168384
   399 753.643127 304.729316 464.600499 293.633648  71.789050  71.789050   0.000000   0.000000  98.252415 299.609764 285.572513   0.130569   0.172570 288.960860   0.168361
   400 754.261264 304.814483 465.046830 293.948358  71.917090  71.917090   0.000000   0.000000  98.260758 299.632290 285.593934   0.130427   0.172569 288.974871   0.168338
   401 754.874424 304.899491 465.489673 294.260933  72.044376  72.044376   0.000000   0.000000  98.268494 299.654696 285.615321   0.130285   0.172568 288.988854   0.168315
   402 755.482603 304.984341 465.929023 294.571367  72.170909  72.170909   0.000000   0.000000  98.275627 299.676983 285.636674   0.130143   0.172568 289.002809   0.168292
   403 756.085798 305.069035 466.364880 294.879657  72.296688  72.296688   0.000000   0.000000  98.282159 299.699150 285.657994   0.130001   0.172567 289.016737   0.168268
   404 756.684006 305.153574 466.797241 295.185798  72.421713  72.421713   0.000000   0.000000  98.288092 299.721198 285.679280   0.129859   0.172566 289.030637   0.168245
   405 757.277224 305.237959 467.226104 295.489785  72.545984  72.545984   0.000000   0.000000  98.293428 299.743128 285.700532   0.129718   0.172565 289.044511   0.168222
   406 757.865449 305.322193 467.651466 295.791614  72.669500  72.669500   0.000000   0.000000  98.298171 299.764940 285.721751   0.129577   0.172564 289.058357   0.168199
   407 758.448677 305.406275 468.073326 296.091280  72.792263  72.792263   0.000000   0.000000  98.302323 299.786633 285.742935   0.129436   0.172563 289.072178   0.168176
   408 759.026905 305.490208 468.491681 296.388780  72.914271  72.914271   0.000000   0.000000  98.305885 299.808208 285.764085   0.129296   0.172562 289.085971   0.168152
   409 759.600132 305.573994 468.906528 296.684109  73.035524  73.035524   0.000000   0.000000  98.308860 299.829665 285.785201   0.129156   0.172562 289.099739   0.168129
   410 760.168353 305.657632 469.317867 296.977263  73.156022  73.156022   0.000000   0.000000  98.311252 299.851005 285.806283   0.129016   0.172561 289.113481   0.168105
   411 760.731565 305.741124 469.725694 297.268237  73.275765  73.275765   0.000000   0.000000  98.313061 299.872228 285.827330   0.128876   0.172560 289.127197   0.168082
   412 761.289766 305.824473 470.130008 297.557029  73.394752  73.394752   0.000000   0.000000  98.314290 299.893334 285.848342   0.128737   0.172559 289.140887   0.168059
   413 761.842953 305.907678 470.530807 297.843632  73.512985  73.512985   0.000000   0.000000  98.314942 299.914323 285.869321   0.128598   0.172558 289.154552   0.168035
   414 762.391123 305.990741 470.928088 298.128045  73.630461  73.630461   0.000000   0.000000  98.315018 299.935196 285.890264   0.128459   0.172557 289.168192   0.168011
   415 762.934273 306.073664 471.321849 298.410262  73.747181  73.747181   0.000000   0.000000  98.314521 299.955952 285.911173   0.128320   0.172556 289.181807   0.167988
   416 763.472400 306.156446 471.712089 298.690280  73.863145  73.863145   0.000000   0.000000  98.313453 299.976592 285.932047   0.128182   0.172555 289.195397   0.167964
   417 764.005502 306.239090 472.098804 298.968095  73.978353  73.978353   0.000000   0.000000  98.311817 299.997116 285.952886   0.128044   0.172554 289.208963   0.167941
   418 764.533575 306.321597 472.481994 299.243703  74.092803  74.092803   0.000000   0.000000  98.309613 300.017525 285.973690   0.127906   0.172554 289.222504   0.167917
   419 765.056617 306.403967 472.861656 299.517100  74.206497  74.206497   0.000000   0.000000  98.306845 300.037818 285.994459   0.127769   0.172553 289.236020   0.167893
   420 765.574626 306.486202 473.237787 299.788284  74.319433  74.319433   0.000000   0.000000  98.303514 300.057996 286.015193   0.127631   0.172552 289.249513   0.167869
   421 766.087598 306.568302 473.610387 300.057249  74.431611  74.431611   0.000000   0.000000  98.299623 300.078059 286.035892   0.127495   0.172551 289.262981   0.167846
   422 766.595531 306.650269 473.979453 300.323994  74.543031  74.543031   0.000000   0.000000  98.295173 300.098007 286.056555   0.127358   0.172550 289.276426   0.167822
   423 767.098422 306.732104 474.344983 300.588513  74.653693  74.653693   0.000000   0.000000  98.290166 300.117841 286.077183   0.127221   0.172549 289.289847   0.167798
   424 767.596268 306.813806 474.706975 300.850804  74.763596  74.763596   0.000000   0.000000  98.284605 300.137560 286.097775   0.127085   0.172548 289.303244   0.167774
   425 768.089068 306.895378 475.065427 301.110864  74.872740  74.872740   0.000000   0.000000  98.278490 300.157164 286.118332   0.126949   0.172547 289.316618   0.167750
   426 768.576818 306.976820 475.420336 301.368688  74.981124  74.981124   0.000000   0.000000  98.271825 300.176655 286.138854   0.126814   0.172546 289.329969   0.167726
   427 769.059516 307.058132 475.771702 301.624274  75.088748  75.088748   0.000000   0.000000  98.264611 300.196032 286.159339   0.126679   0.172546 289.343297   0.167702
   428 769.537160 307.139316 476.119523 301.877619  75.195612  75.195612   0.000000   0.000000  98.256849 300.215295 286.179789   0.126544   0.172545 289.356601   0.167678
   429 770.009746 307.220373 476.463795 302.128720  75.301715  75.301715   0.000000   0.000000  98.248542 300.234444 286.200203   0.126409   0.172544 289.369883   0.167654
   430 770.477273 307.301302 476.804518 302.377572  75.407057  75.407057   0.000000   0.000000  98.239691 300.253481 286.220581   0.126274   0.172543 289.383141   0.167630
   431 770.939738 307.382105 477.141689 302.624175  75.511637  75.511637   0.000000   0.000000  98.230298 300.272404 286.240923   0.126140   0.172542 289.396377   0.167606
   432 771.397139 307.462783 477.475306 302.868523  75.615454  75.615454   0.000000   0.000000  98.220364 300.291213 286.261229   0.126006   0.172541 289.409591   0.167581
   433 771.849473 307.543335 477.805368 303.110615  75.718509  75.718509   0.000000   0.000000  98.209892 300.309910 286.281499   0.125873   0.172540 289.422782   0.167557
   434 772.296738 307.623763 478.131873 303.350448  75.820801  75.820801   0.000000   0.000000  98.198883 300.328495 286.301732   0.125740   0.172539 289.435950   0.167533
   435 772.738932 307.704066 478.454818 303.588018  75.922329  75.922329   0.000000   0.000000  98.187338 300.346966 286.321929   0.125606   0.172538 289.449096   0.167509
   436 773.176052 307.784247 478.774203 303.823324  76.023093  76.023093   0.000000   0.000000  98.175259 300.365326 286.342090   0.125474   0.172537 289.462220   0.167484
   437 773.608096 307.864304 479.090025 304.056362  76.123091  76.123091   0.000000   0.000000  98.162648 300.383573 286.362215   0.125341   0.172536 289.475321   0.167460
   438 774.035062 307.944239 479.402282 304.287130  76.222324  76.222324   0.000000   0.000000  98.149505 300.401707 286.382303   0.125209   0.172536 289.488401   0.167436
   439 774.456948 308.024051 479.710972 304.515625  76.320792  76.320792   0.000000   0.000000  98.135834 300.419730 286.402354   0.125077   0.172535 289.501458   0.167411
   440 774.873751 308.103742 480.016094 304.741845  76.418492  76.418492   0.000000   0.000000  98.121634 300.437641 286.422368   0.124946   0.172534 289.514493   0.167387
   441 775.285470 308.183311 480.317646 304.965787  76.515425  76.515425   0.000000   0.000000  98.106907 300.455440 286.442346   0.124814   0.172533 289.527507   0.167362
   442 775.692101 308.262760 480.615626 305.187449  76.611590  76.611590   0.000000   0.000000  98.091656 300.473127 286.462287   0.124683   0.172532 289.540498   0.167338
   443 776.093644 308.342087 480.910032 305.406829  76.706987  76.706987   0.000000   0.000000  98.075880 300.490703 286.482192   0.124553   0.172531 289.553468   0.167313
   444 776.490096 308.421294 481.200863 305.623924  76.801614  76.801614   0.000000   0.000000  98.059582 300.508168 286.502059   0.124422   0.172530 289.566415   0.167289
   445 776.881455 308.500380 481.488117 305.838732  76.895471  76.895471   0.000000   0.000000  98.042762 300.525521 286.521889   0.124292   0.172529 289.579341   0.167264
   446 777.267718 308.579347 481.771792 306.051251  76.988558  76.988558   0.000000   0.000000  98.025423 300.542763 286.541682   0.124162   0.172528 289.592245   0.167239
   447 777.648885 308.658193 482.051886 306.261479  77.080873  77.080873   0.000000   0.000000  98.007565 300.559894 286.561438   0.124032   0.172527 289.605128   0.167215
   448 778.024952 308.736920 482.328397 306.469413  77.172416  77.172416   0.000000   0.000000  97.989189 300.576914 286.581157   0.123903   0.172526 289.617988   0.167190
   449 778.395919 308.815526 482.601325 306.675052  77.263186  77.263186   0.000000   0.000000  97.970297 300.593823 286.600838   0.123774   0.172525 289.630827   0.167165
   450 778.761782 308.894014 482.870666 306.878393  77.353183  77.353183   0.000000   0.000000  97.950890 300.610621 286.620482   0.123645   0.172524 289.643644   0.167141
   451 779.122541 308.972381 483.136421 307.079435  77.442405  77.442405   0.000000   0.000000  97.930968 300.627308 286.640089   0.123517   0.172524 289.656440   0.167116
   452 779.478193 309.050630 483.398586 307.278176  77.530852  77.530852   0.000000   0.000000  97.910534 300.643885 286.659658   0.123389   0.172523 289.669214   0.167091
   453 779.828737 309.128758 483.657161 307.474614  77.618523  77.618523   0.000000   0.000000  97.889588 300.660351 286.679190   0.123261   0.172522 289.681966   0.167066
   454 780.174170 309.206767 483.912143 307.668747  77.705417  77.705417   0.000000   0.000000  97.868131 300.676707 286.698684   0.123133   0.172521 289.694696   0.167041
   455 780.514491 309.284657 484.163531 307.860573  77.791534  77.791534   0.000000   0.000000  97.846165 300.692953 286.718140   0.123006   0.172520 289.707405   0.167017
   456 780.849699 309.362427 484.411324 308.050091  77.876872  77.876872   0.000000   0.000000  97.823690 300.709088 286.737558   0.122879   0.172519 289.720092   0.166992
   457 781.179790 309.440077 484.655519 308.237299  77.961431  77.961431   0.000000   0.000000  97.800707 300.725113 286.756939   0.122752   0.172518 289.732757   0.166967
   458 781.504765 309.517608 484.896116 308.422195  78.045210  78.045210   0.000000   0.000000  97.777218 300.741028 286.776281   0.122626   0.172517 289.745401   0.166942
   459 781.824620 309.595019 485.133112 308.604778  78.128208  78.128208   0.000000   0.000000  97.753223 300.756832 286.795586   0.122500   0.172516 289.758023   0.166917
   460 782.139355 309.672310 485.366507 308.785046  78.210424  78.210424   0.000000   0.000000  97.728723 300.772527 286.814853   0.122374   0.172515 289.770623   0.166892
   461 782.448968 309.749481 485.596298 308.962997  78.291858  78.291858   0.000000   0.000000  97.703720 300.788112 286.834081   0.122249   0.172514 289.783201   0.166867
   462 782.753456 309.826531 485.822485 309.138631  78.372508  78.372508   0.000000   0.000000  97.678214 300.803586 286.853271   0.122123   0.172513 289.795758   0.166842
   463 783.052820 309.903461 486.045065 309.311946  78.452374  78.452374   0.000000   0.000000  97.652206 300.818951 286.872423   0.121999   0.172512 289.808292   0.166817
   464 783.347056 309.980270 486.264038 309.482940  78.531454  78.531454   0.000000   0.000000  97.625697 300.834207 286.891537   0.121874   0.172511 289.820805   0.166791
   465 783.636164 310.056958 486.479401 309.651612  78.609748  78.609748   0.000000   0.000000  97.598687 300.849352 286.910612   0.121750   0.172510 289.833296   0.166766
   466 783.920142 310.133526 486.691154 309.817960  78.687256  78.687256   0.000000   0.000000  97.571179 300.864388 286.929649   0.121626   0.172509 289.845764   0.166741
   467 784.198988 310.209971 486.899295 309.981984  78.763975  78.763975   0.000000   0.000000  97.543171 300.879314 286.948647   0.121502   0.172509 289.858211   0.166716
   468 784.472702 310.286295 487.103822 310.143682  78.839905  78.839905   0.000000   0.000000  97.514667 300.894131 286.967607   0.121378   0.172508 289.870636   0.166691
   469 784.741281 310.362498 487.304734 310.303053  78.915045  78.915045   0.000000   0.000000  97.485665 300.908838 286.986528   0.121255   0.172507 289.883038   0.166665
   470 785.004725 310.438577 487.502030 310.460095  78.989395  78.989395   0.000000   0.000000  97.456167 300.923435 287.005411   0.121132   0.172506 289.895419   0.166640
   471 785.263031 310.514535 487.695709 310.614808  79.062953  79.062953   0.000000   0.000000  97.426174 300.937924 287.024254   0.121010   0.172505 289.907777   0.166615
   472 785.516200 310.590369 487.885768 310.767190  79.135719  79.135719   0.000000   0.000000  97.395687 300.952302 287.043059   0.120887   0.172504 289.920113   0.166590
   473 785.764228 310.666081 488.072207 310.917240  79.207691  79.207691   0.000000   0.000000  97.364706 300.966572 287.061824   0.120765   0.172503 289.932427   0.166564
   474 786.007116 310.741668 488.255025 311.064958  79.278869  79.278869   0.000000   0.000000  97.333232 300.980732 287.080551   0.120644   0.172502 289.944718   0.166539
   475 786.244861 310.817132 488.434220 311.210341  79.349252  79.349252   0.000000   0.000000  97.301265 300.994783 287.099239   0.120522   0.172501 289.956987   0.166514
   476 786.477463 310.892472 488.609791 311.353389  79.418838  79.418838   0.000000   0.000000  97.268808 301.008724 287.117887   0.120401   0.172500 289.969233   0.166488
   477 786.704920 310.967687 488.781737 311.494101  79.487628  79.487628   0.000000   0.000000  97.235859 301.022557 287.136497   0.120280   0.172499 289.981457   0.166463
   478 786.927232 311.042777 488.950056 311.632476  79.555619  79.555619   0.000000   0.000000  97.202420 301.036280 287.155067   0.120160   0.172498 289.993659   0.166437
   479 787.144396 311.117741 489.114747 311.768514  79.622812  79.622812   0.000000   0.000000  97.168492 301.049894 287.173597   0.120040   0.172497 290.005837   0.166412
   480 787.356413 311.192580 489.275810 311.902212  79.689205  79.689205   0.000000   0.000000  97.134075 301.063399 287.192089   0.119920   0.172496 290.017993   0.166386
   481 787.563280 311.267293 489.433242 312.033570  79.754797  79.754797   0.000000   0.000000  97.099170 301.076795 287.210541   0.119800   0.172495 290.030126   0.166361
   482 787.764997 311.341879 489.587044 312.162587  79.819588  79.819588   0.000000   0.000000  97.063778 301.090082 287.228953   0.119681   0.172494 290.042237   0.166335
   483 787.961563 311.416338 489.737213 312.289263  79.883576  79.883576   0.000000   0.000000  97.027899 301.103259 287.247326   0.119562   0.172493 290.054324   0.166310
   484 788.152977 311.490670 489.883748 312.413595  79.946761  79.946761   0.000000   0.000000  96.991535 301.116328 287.265659   0.119443   0.172492 290.066389   0.166284
   485 788.339237 311.564873 490.026649 312.535585  80.009142  80.009142   0.000000   0.000000  96.954684 301.129288 287.283952   0.119324   0.172491 290.078430   0.166259
   486 788.520343 311.638949 490.165914 312.655230  80.070718  80.070718   0.000000   0.000000  96.917349 301.142139 287.302206   0.119206   0.172490 290.090449   0.166233
   487 788.696294 311.712896 490.301543 312.772530  80.131489  80.131489   0.000000   0.000000  96.879530 301.154881 287.320420   0.119088   0.172489 290.102444   0.166207
   488 788.867089 311.786713 490.433534 312.887484  80.191452  80.191452   0.000000   0.000000  96.841228 301.167514 287.338593   0.118971   0.172488 290.114416   0.166182
   489 789.032727 311.860401 490.561887 313.000092  80.250609  80.250609   0.000000   0.000000  96.802442 301.180038 287.356727   0.118853   0.172488 290.126364   0.166156
   490 789.193207 311.933959 490.686600 313.110352  80.308957  80.308957   0.000000   0.000000  96.763174 301.192453 287.374821   0.118736   0.172487 290.138289   0.166130
   491 789.348528 312.007387 490.807672 313.218263  80.366495  80.366495   0.000000   0.000000  96.723425 301.204759 287.392874   0.118620   0.172486 290.150191   0.166105
   492 789.498690 312.080683 490.925103 313.323826  80.423225  80.423225   0.000000   0.000000  96.683194 301.216957 287.410888   0.118503   0.172485 290.162069   0.166079
   493 789.643692 312.153848 491.038891 313.427039  80.479143  80.479143   0.000000   0.000000  96.642483 301.229046 287.428861   0.118387   0.172484 290.173924   0.166053
   494 789.783533 312.226881 491.149036 313.527901  80.534250  80.534250   0.000000   0.000000  96.601293 301.241026 287.446794   0.118271   0.172483 290.185755   0.166027
   495 789.918212 312.299782 491.255537 313.626413  80.588545  80.588545   0.000000   0.000000  96.559623 301.252897 287.464686   0.118156   0.172482 290.197562   0.166002
   496 790.047729 312.372550 491.358393 313.722572  80.642027  80.642027   0.000000   0.000000  96.517474 301.264659 287.482538   0.118041   0.172481 290.209345   0.165976
   497 790.172083 312.445185 491.457602 313.816379  80.694695  80.694695   0.000000   0.000000  96.474847 301.276313 287.500350   0.117926   0.172480 290.221105   0.165950
   498 790.291273 312.517685 491.553166 313.907832  80.746549  80.746549   0.000000   0.000000  96.431743 301.287858 287.518120   0.117811   0.172479 290.232840   0.165924
   499 790.405299 312.590052 491.645081 313.996932  80.797589  80.797589   0.000000   0.000000  96.388161 301.299294 287.535851   0.117697   0.172478 290.244552   0.165898
   500 790.514160 312.662284 491.733348 314.083677  80.847812  80.847812   0.000000   0.000000  96.344103 301.310621 287.553540   0.117583   0.172477 290.256239   0.165872
   501 790.617855 312.734381 491.817967 314.168067  80.897219  80.897219   0.000000   0.000000  96.299570 301.321840 287.571189   0.117469   0.172476 290.267902   0.165847
   502 790.716385 312.806342 491.898935 314.250101  80.945809  80.945809   0.000000   0.000000  96.254561 301.332950 287.588797   0.117355   0.172475 290.279541   0.165821
   503 790.809748 312.878167 491.976253 314.329778  80.993582  80.993582   0.000000   0.000000  96.209077 301.343952 287.606363   0.117242   0.172474 290.291156   0.165795
   504 790.897944 312.949856 492.049920 314.407098  81.040536  81.040536   0.000000   0.000000  96.163119 301.354845 287.623889   0.117129   0.172473 290.302746   0.165769
   505 790.980973 313.021407 492.119936 314.482060  81.086672  81.086672   0.000000   0.000000  96.116688 301.365629 287.641374   0.117017   0.172472 290.314311   0.165743
   506 791.058834 313.092821 492.186298 314.554664  81.131988  81.131988   0.000000   0.000000  96.069783 301.376305 287.658818   0.116904   0.172471 290.325852   0.165717
   507 791.131527 313.164097 492.249008 314.624909  81.176484  81.176484   0.000000   0.000000  96.022406 301.386872 287.676221   0.116792   0.172470 290.337369   0.165691
   508 791.199051 313.235235 492.308064 314.692794  81.220160  81.220160   0.000000   0.000000  95.974557 301.397330 287.693582   0.116681   0.172469 290.348861   0.165665
   509 791.261406 313.306234 492.363466 314.758319  81.263015  81.263015   0.000000   0.000000  95.926236 301.407680 287.710902   0.116569   0.172468 290.360328   0.165639
   510 791.318592 313.377093 492.415214 314.821482  81.305049  81.305049   0.000000   0.000000  95.877445 301.417921 287.728181   0.116458   0.172467 290.371770   0.165613
   511 791.370608 313.447813 492.463306 314.882285  81.346260  81.346260   0.000000   0.000000  95.828183 301.428054 287.745418   0.116347   0.172466 290.383187   0.165587
   512 791.417455 313.518393 492.507742 314.940725  81.386649  81.386649   0.000000   0.000000  95.778452 301.438078 287.762613   0.116237   0.172465 290.394579   0.165561
   513 791.459131 313.588832 492.548522 314.996802  81.426216  81.426216   0.000000   0.000000  95.728251 301.447993 287.779768   0.116126   0.172464 290.405947   0.165535
   514 791.495637 313.659130 492.585645 315.050516  81.464959  81.464959   0.000000   0.000000  95.677581 301.457801 287.796880   0.116016   0.172463 290.417289   0.165509
   515 791.526973 313.729286 492.619112 315.101866  81.502878  81.502878   0.000000   0.000000  95.626443 301.467499 287.813951   0.115907   0.172462 290.428606   0.165483
   516 791.553138 313.799301 492.648920 315.150851  81.539974  81.539974   0.000000   0.000000  95.574838 301.477089 287.830980   0.115797   0.172461 290.439897   0.165457
   517 791.574132 313.869173 492.675071 315.197471  81.576245  81.576245   0.000000   0.000000  95.522765 301.486571 287.847967   0.115688   0.172460 290.451164   0.165431
   518 791.589955 313.938903 492.697564 315.241726  81.611691  81.611691   0.000000   0.000000  95.470226 301.495944 287.864912   0.115579   0.172459 290.462405   0.165405
   519 791.600608 314.008489 492.716398 315.283614  81.646313  81.646313   0.000000   0.000000  95.417221 301.505208 287.881816   0.115471   0.172458 290.473620   0.165378
   520 791.606089 314.077932 492.731574 315.323135  81.680109  81.680109   0.000000   0.000000  95.363750 301.514365 287.898677   0.115362   0.172457 290.484810   0.165352
   521 791.606399 314.147230 492.743090 315.360288  81.713080  81.713080   0.000000   0.000000  95.309814 301.523412 287.915496   0.115254   0.172456 290.495975   0.165326
   522 791.601538 314.216385 492.750946 315.395073  81.745225  81.745225   0.000000   0.000000  95.255414 301.532352 287.932273   0.115147   0.172455 290.507114   0.165300
   523 791.591507 314.285394 492.755143 315.427489  81.776545  81.776545   0.000000   0.000000  95.200550 301.541182 287.949008   0.115039   0.172454 290.518227   0.165274
   524 791.576304 314.354259 492.755680 315.457536  81.807038  81.807038   0.000000   0.000000  95.145223 301.549905 287.965700   0.114932   0.172453 290.529314   0.165248
   525 791.555930 314.422978 492.752557 315.485213  81.836704  81.836704   0.000000   0.000000  95.089432 301.558519 287.982350   0.114825   0.172452 290.540376   0.165222
   526 791.530386 314.491551 492.745774 315.510519  81.865545  81.865545   0.000000   0.000000  95.033180 301.567025 287.998958   0.114719   0.172451 290.551412   0.165195
   527 791.499670 314.559978 492.735330 315.533454  81.893559  81.893559   0.000000   0.000000  94.976466 301.575422 288.015523   0.114613   0.172451 290.562421   0.165169
   528 791.463785 314.628258 492.721226 315.554017  81.920746  81.920746   0.000000   0.000000  94.919291 301.583711 288.032046   0.114507   0.172450 290.573405   0.165143
   529 791.422729 314.696391 492.703462 315.572208  81.947106  81.947106   0.000000   0.000000  94.861655 301.591892 288.048526   0.114401   0.172449 290.584363   0.165117
   530 791.376503 314.764377 492.682036 315.588026  81.972640  81.972640   0.000000   0.000000  94.803559 301.599964 288.064964   0.114296   0.172448 290.595295   0.165091
   531 791.325107 314.832215 492.656950 315.601469  81.997347  81.997347   0.000000   0.000000  94.745003 301.607928 288.081358   0.114191   0.172447 290.606200   0.165064
   532 791.268541 314.899906 492.628203 315.612539  82.021227  82.021227   0.000000   0.000000  94.685989 301.615784 288.097710   0.114086   0.172446 290.617079   0.165038
   533 791.206806 314.967447 492.595795 315.621233  82.044280  82.044280   0.000000   0.000000  94.626516 301.623531 288.114019   0.113981   0.172445 290.627933   0.165012
   534 791.139903 315.034841 492.559726 315.627553  82.066506  82.066506   0.000000   0.000000  94.566585 301.631171 288.130285   0.113877   0.172444 290.638759   0.164986
   535 791.067830 315.102085 492.519997 315.631495  82.087906  82.087906   0.000000   0.000000  94.506197 301.638702 288.146508   0.113773   0.172443 290.649560   0.164959
   536 790.990589 315.169180 492.476607 315.633061  82.108479  82.108479   0.000000   0.000000  94.445352 301.646124 288.162688   0.113669   0.172442 290.660334   0.164933
   537 790.908181 315.236125 492.429557 315.632250  82.128226  82.128226   0.000000   0.000000  94.384051 301.653439 288.178825   0.113566   0.172441 290.671081   0.164907
   538 790.820604 315.302921 492.378846 315.629061  82.147147  82.147147   0.000000   0.000000  94.322294 301.660645 288.194919   0.113463   0.172440 290.681802   0.164881
   539 790.727861 315.369567 492.324474 315.623493  82.165241  82.165241   0.000000   0.000000  94.260083 301.667743 288.210970   0.113360   0.172439 290.692497   0.164854
   540 790.629952 315.436062 492.266443 315.615545  82.182509  82.182509   0.000000   0.000000  94.197416 301.674733 288.226977   0.113257   0.172438 290.703165   0.164828
   541 790.526876 315.502406 492.204752 315.605218  82.198952  82.198952   0.000000   0.000000  94.134296 301.681615 288.242941   0.113155   0.172437 290.713806   0.164802
   542 790.418635 315.568599 492.139400 315.592510  82.214569  82.214569   0.000000   0.000000  94.070722 301.688389 288.258861   0.113053   0.172436 290.724421   0.164775
   543 790.305229 315.634641 492.070390 315.577421  82.229360  82.229360   0.000000   0.000000  94.006696 301.695055 288.274738   0.112951   0.172435 290.735009   0.164749
   544 790.186658 315.700532 491.997720 315.559950  82.243327  82.243327   0.000000   0.000000  93.942217 301.701612 288.290571   0.112850   0.172434 290.745570   0.164723
   545 790.062924 315.766271 491.921390 315.540097  82.256469  82.256469   0.000000   0.000000  93.877287 301.708062 288.306361   0.112749   0.172433 290.756104   0.164697
   546 789.934027 315.831857 491.841403 315.517861  82.268786  82.268786   0.000000   0.000000  93.811905 301.714403 288.322107   0.112648   0.172432 290.766612   0.164670
   547 789.799967 315.897292 491.757757 315.493241  82.280280  82.280280   0.000000   0.000000  93.746073 301.720637 288.337809   0.112547   0.172431 290.777093   0.164644
   548 789.660745 315.962574 491.670452 315.466237  82.290950  82.290950   0.000000   0.000000  93.679791 301.726762 288.353468   0.112447   0.172430 290.787546   0.164618
   549 789.516363 316.027703 491.579490 315.436848  82.300796  82.300796   0.000000   0.000000  93.613059 301.732779 288.369082   0.112347   0.172429 290.797973   0.164591
   550 789.366820 316.092680 491.484871 315.405073  82.309820  82.309820   0.000000   0.000000  93.545879 301.738689 288.384653   0.112247   0.172428 290.808373   0.164565
   551 789.212118 316.157503 491.386595 315.370912  82.318021  82.318021   0.000000   0.000000  93.478250 301.744490 288.400180   0.112148   0.172427 290.818746   0.164539
   552 789.052257 316.222173 491.284663 315.334365  82.325400  82.325400   0.000000   0.000000  93.410174 301.750184 288.415662   0.112049   0.172426 290.829091   0.164512
   553 788.887238 316.286689 491.179074 315.295430  82.331957  82.331957   0.000000   0.000000  93.341650 301.755769 288.431101   0.111950   0.172425 290.839410   0.164486
   554 788.717062 316.351052 491.069830 315.254107  82.337693  82.337693   0.000000   0.000000  93.272680 301.761247 288.446495   0.111851   0.172424 290.849702   0.164460
   555 788.541729 316.415260 490.956931 315.210395  82.342609  82.342609   0.000000   0.000000  93.203264 301.766617 288.461845   0.111753   0.172423 290.859966   0.164433
   556 788.361242 316.479315 490.840378 315.164295  82.346705  82.346705   0.000000   0.000000  93.133403 301.771879 288.477151   0.111655   0.172422 290.870203   0.164407
   557 788.175600 316.543215 490.720171 315.115804  82.349981  82.349981   0.000000   0.000000  93.063096 301.777033 288.492413   0.111557   0.172421 290.880413   0.164381
   558 787.984805 316.606960 490.596310 315.064923  82.352439  82.352439   0.000000   0.000000  92.992345 301.782080 288.507630   0.111459   0.172420 290.890596   0.164354
   559 787.788857 316.670551 490.468797 315.011651  82.354078  82.354078   0.000000   0.000000  92.921151 301.787018 288.522802   0.111362   0.172419 290.900751   0.164328
   560 787.587758 316.733987 490.337631 314.955988  82.354899  82.354899   0.000000   0.000000  92.849513 301.791849 288.537930   0.111265   0.172418 290.910879   0.164302
   561 787.381509 316.797267 490.202814 314.897932  82.354903  82.354903   0.000000   0.000000  92.777433 301.796572 288.553014   0.111168   0.172417 290.920980   0.164275
   562 787.170110 316.860393 490.064347 314.837483  82.354091  82.354091   0.000000   0.000000  92.704911 301.801188 288.568052   0.111072   0.172416 290.931054   0.164249
   563 786.953563 316.923363 489.922229 314.774641  82.352463  82.352463   0.000000   0.000000  92.631947 301.805695 288.583046   0.110976   0.172415 290.941100   0.164223
   564 786.731870 316.986177 489.776462 314.709406  82.350020  82.350020   0.000000   0.000000  92.558543 301.810095 288.597996   0.110880   0.172414 290.951118   0.164196
   565 786.505030 317.048836 489.627046 314.641775  82.346763  82.346763   0.000000   0.000000  92.484698 301.814388 288.612900   0.110784   0.172413 290.961109   0.164170
   566 786.273045 317.111339 489.473982 314.571750  82.342692  82.342692   0.000000   0.000000  92.410414 301.818572 288.627760   0.110689   0.172412 290.971073   0.164144
   567 786.035917 317.173686 489.317270 314.499329  82.337808  82.337808   0.000000   0.000000  92.335690 301.822650 288.642574   0.110594   0.172411 290.981009   0.164117
   568 785.793646 317.235876 489.156913 314.424512  82.332112  82.332112   0.000000   0.000000  92.260528 301.826619 288.657344   0.110499   0.172410 290.990918   0.164091
   569 785.546235 317.297911 488.992910 314.347298  82.325605  82.325605   0.000000   0.000000  92.184927 301.830481 288.672068   0.110404   0.172409 291.000799   0.164065
   570 785.293683 317.359788 488.825262 314.267687  82.318287  82.318287   0.000000   0.000000  92.108890 301.834235 288.686748   0.110310   0.172408 291.010652   0.164038
   571 785.035993 317.421509 488.653971 314.185678  82.310159  82.310159   0.000000   0.000000  92.032415 301.837882 288.701382   0.110216   0.172407 291.020478   0.164012
   572 784.773166 317.483073 488.479036 314.101271  82.301222  82.301222   0.000000   0.000000  91.955504 301.841422 288.715971   0.110123   0.172406 291.030277   0.163986
   573 784.505203 317.544481 488.300459 314.014465  82.291478  82.291478   0.000000   0.000000  91.878157 301.844853 288.730514   0.110029   0.172405 291.040047   0.163959
   574 784.232105 317.605731 488.118242 313.925260  82.280926  82.280926   0.000000   0.000000  91.800374 301.848178 288.745012   0.109936   0.172404 291.049790   0.163933
   575 783.953875 317.666824 487.932384 313.833655  82.269567  82.269567   0.000000   0.000000  91.722157 301.851395 288.759465   0.109843   0.172403 291.059505   0.163907
   576 783.670512 317.727759 487.742887 313.739650  82.257403  82.257403   0.000000   0.000000  91.643506 301.854504 288.773872   0.109750   0.172402 291.069193   0.163880
   577 783.382020 317.788537 487.549751 313.643244  82.244435  82.244435   0.000000   0.000000  91.564421 301.857506 288.788234   0.109658   0.172401 291.078853   0.163854
   578 783.088399 317.849158 487.352978 313.544437  82.230663  82.230663   0.000000   0.000000  91.484903 301.860401 288.802550   0.109566   0.172400 291.088485   0.163828
   579 782.789651 317.909620 487.152570 313.443228  82.216088  82.216088   0.000000   0.000000  91.404953 301.863188 288.816821   0.109474   0.172399 291.098089   0.163801
   580 782.485777 317.969925 486.948526 313.339617  82.200711  82.200711   0.000000   0.000000  91.324570 301.865868 288.831046   0.109382   0.172398 291.107665   0.163775
   581 782.176779 318.030071 486.740848 313.233604  82.184534  82.184534   0.000000   0.000000  91.243756 301.868440 288.845225   0.109291   0.172397 291.117214   0.163749
   582 781.862659 318.090060 486.529537 313.125188  82.167557  82.167557   0.000000   0.000000  91.162511 301.870906 288.859358   0.109200   0.172396 291.126734   0.163723
   583 781.543418 318.149890 486.314594 313.014369  82.149781  82.149781   0.000000   0.000000  91.080835 301.873264 288.873445   0.109109   0.172395 291.136227   0.163696
   584 781.219058 318.209561 486.096020 312.901146  82.131207  82.131207   0.000000   0.000000  90.998730 301.875514 288.887486   0.109019   0.172394 291.145692   0.163670
   585 780.889580 318.269074 485.873817 312.785518  82.111836  82.111836   0.000000   0.000000  90.916195 301.877658 288.901482   0.108929   0.172393 291.155128   0.163644
   586 780.554986 318.328427 485.647985 312.667487  82.091670  82.091670   0.000000   0.000000  90.833231 301.879694 288.915431   0.108839   0.172392 291.164537   0.163618
   587 780.215279 318.387622 485.418527 312.547050  82.070708  82.070708   0.000000   0.000000  90.749838 301.881623 288.929334   0.108749   0.172391 291.173918   0.163591
   588 779.870459 318.446658 485.185442 312.424209  82.048953  82.048953   0.000000   0.000000  90.666018 301.883444 288.943191   0.108659   0.172390 291.183271   0.163565
   589 779.520528 318.505535 484.948733 312.298962  82.026406  82.026406   0.000000   0.000000  90.581771 301.885159 288.957002   0.108570   0.172389 291.192595   0.163539
   590 779.165489 318.564252 484.708400 312.171309  82.003067  82.003067   0.000000   0.000000  90.497096 301.886766 288.970767   0.108481   0.172388 291.201892   0.163513
   591 778.805343 318.622810 484.464445 312.041250  81.978937  81.978937   0.000000   0.000000  90.411995 301.888266 288.984485   0.108393   0.172387 291.211160   0.163486
   592 778.440092 318.681208 484.216869 311.908784  81.954018  81.954018   0.000000   0.000000  90.326468 301.889659 288.998156   0.108304   0.172386 291.220401   0.163460
   593 778.069738 318.739446 483.965674 311.773913  81.928311  81.928311   0.000000   0.000000  90.240516 301.890944 289.011782   0.108216   0.172385 291.229613   0.163434
   594 777.694282 318.797523 483.710860 311.636634  81.901817  81.901817   0.000000   0.000000  90.154138 301.892123 289.025361   0.108128   0.172384 291.238797   0.163408
   595 777.313727 318.855441 483.452429 311.496948  81.874537  81.874537   0.000000   0.000000  90.067336 301.893194 289.038893   0.108040   0.172383 291.247953   0.163382
   596 776.928075 318.913199 483.190383 311.354854  81.846471  81.846471   0.000000   0.000000  89.980110 301.894158 289.052378   0.107953   0.172382 291.257080   0.163355
   597 776.537328 318.970795 482.924723 311.210354  81.817623  81.817623   0.000000   0.000000  89.892461 301.895016 289.065817   0.107866   0.172381 291.266179   0.163329
   598 776.141487 319.028231 482.655451 311.063445  81.787991  81.787991   0.000000   0.000000  89.804388 301.895765 289.079209   0.107779   0.172381 291.275250   0.163303
   599 775.740555 319.085507 482.382567 310.914128  81.757579  81.757579   0.000000   0.000000  89.715892 301.896408 289.092555   0.107693   0.172380 291.284293   0.163277
   600 775.334534 319.142621 482.106073 310.762404  81.726386  81.726386   0.000000   0.000000  89.626975 301.896944 289.105853   0.107606   0.172379 291.293307   0.163251
   601 774.923426 319.199573 481.825972 310.608271  81.694415  81.694415   0.000000   0.000000  89.537635 301.897373 289.119105   0.107520   0.172378 291.302293   0.163225
   602 774.507233 319.256365 481.542263 310.451730  81.661665  81.661665   0.000000   0.000000  89.447874 301.897694 289.132310   0.107434   0.172377 291.311250   0.163199
   603 774.085957 319.312994 481.254949 310.292780  81.628139  81.628139   0.000000   0.000000  89.357692 301.897909 289.145467   0.107349   0.172376 291.320178   0.163172
   604 773.659601 319.369462 480.964032 310.131422  81.593838  81.593838   0.000000   0.000000  89.267090 301.898016 289.158578   0.107263   0.172375 291.329079   0.163146
   605 773.228166 319.425768 480.669512 309.967655  81.558763  81.558763   0.000000   0.000000  89.176067 301.898016 289.171642   0.107178   0.172374 291.337950   0.163120
   606 772.791654 319.481911 480.371392 309.801479  81.522915  81.522915   0.000000   0.000000  89.084624 301.897910 289.184658   0.107094   0.172373 291.346793   0.163094
   607 772.350069 319.537892 480.069673 309.632895  81.486296  81.486296   0.000000   0.000000  88.992763 301.897696 289.197627   0.107009   0.172372 291.355608   0.163068
   608 771.903413 319.593710 479.764357 309.461902  81.448906  81.448906   0.000000   0.000000  88.900482 301.897375 289.210549   0.106925   0.172371 291.364394   0.163042
   609 771.451687 319.649365 479.455445 309.288500  81.410747  81.410747   0.000000   0.000000  88.807782 301.896947 289.223423   0.106841   0.172370 291.373151   0.163016
   610 770.994894 319.704858 479.142939 309.112690  81.371820  81.371820   0.000000   0.000000  88.714665 301.896412 289.236250   0.106757   0.172369 291.381879   0.162990
   611 770.533036 319.760186 478.826840 308.934470  81.332127  81.332127   0.000000   0.000000  88.621129 301.895770 289.249030   0.106673   0.172368 291.390578   0.162964
   612 770.066117 319.815351 478.507152 308.753843  81.291669  81.291669   0.000000   0.000000  88.527177 301.895020 289.261762   0.106590   0.172367 291.399249   0.162938
   613 769.594137 319.870352 478.183874 308.570806  81.250447  81.250447   0.000000   0.000000  88.432807 301.894164 289.274447   0.106507   0.172366 291.407891   0.162912
   614 769.117100 319.925189 477.857009 308.385361  81.208462  81.208462   0.000000   0.000000  88.338020 301.893200 289.287084   0.106424   0.172365 291.416504   0.162886
   615 768.635009 319.979862 477.526558 308.197508  81.165717  81.165717   0.000000   0.000000  88.242817 301.892130 289.299673   0.106342   0.172364 291.425088   0.162860
   616 768.147865 320.034370 477.192524 308.007247  81.122211  81.122211   0.000000   0.000000  88.147198 301.890952 289.312215   0.106259   0.172363 291.433643   0.162834
   617 767.655671 320.088713 476.854909 307.814577  81.077946  81.077946   0.000000   0.000000  88.051163 301.889667 289.324708   0.106177   0.172362 291.442168   0.162808
   618 767.158430 320.142891 476.513713 307.619500  81.032925  81.032925   0.000000   0.000000  87.954713 301.888275 289.337154   0.106096   0.172361 291.450665   0.162782
   619 766.656144 320.196903 476.168939 307.422015  80.987147  80.987147   0.000000   0.000000  87.857847 301.886776 289.349553   0.106014   0.172360 291.459133   0.162756
   620 766.148816 320.250750 475.820589 307.222123  80.940615  80.940615   0.000000   0.000000  87.760567 301.885170 289.361903   0.105933   0.172359 291.467571   0.162731
   621 765.636448 320.304430 475.468664 307.019823  80.893330  80.893330   0.000000   0.000000  87.662873 301.883457 289.374205   0.105852   0.172358 291.475980   0.162705
   622 765.119044 320.357945 475.113167 306.815116  80.845293  80.845293   0.000000   0.000000  87.564764 301.881636 289.386459   0.105771   0.172357 291.484360   0.162679
   623 764.596606 320.411292 474.754099 306.608002  80.796506  80.796506   0.000000   0.000000  87.466241 301.879709 289.398665   0.105690   0.172356 291.492711   0.162653
   624 764.069136 320.464473 474.391462 306.398482  80.746969  80.746969   0.000000   0.000000  87.367305 301.877674 289.410823   0.105610   0.172355 291.501032   0.162627
   625 763.536638 320.517486 474.025259 306.186556  80.696685  80.696685   0.000000   0.000000  87.267955 301.875532 289.422933   0.105530   0.172354 291.509323   0.162601
   626 762.999113 320.570332 473.655491 305.972224  80.645655  80.645655   0.000000   0.000000  87.168193 301.873282 289.434994   0.105450   0.172353 291.517586   0.162576
   627 762.456566 320.623010 473.282160 305.755487  80.593880  80.593880   0.000000   0.000000  87.068017 301.870926 289.447007   0.105371   0.172352 291.525818   0.162550
   628 761.908998 320.675519 472.905269 305.536344  80.541361  80.541361   0.000000   0.000000  86.967429 301.868462 289.458972   0.105291   0.172351 291.534021   0.162524
   629 761.356413 320.727860 472.524819 305.314797  80.488100  80.488100   0.000000   0.000000  86.866429 301.865890 289.470888   0.105212   0.172350 291.542194   0.162498
   630 760.798814 320.780032 472.140812 305.090845  80.434099  80.434099   0.000000   0.000000  86.765017 301.863212 289.482756   0.105133   0.172349 291.550338   0.162473
   631 760.236203 320.832035 471.753250 304.864489  80.379358  80.379358   0.000000   0.000000  86.663192 301.860426 289.494575   0.105055   0.172348 291.558451   0.162447
   632 759.668583 320.883868 471.362136 304.635730  80.323880  80.323880   0.000000   0.000000  86.560957 301.857533 289.506346   0.104976   0.172347 291.566535   0.162421
   633 759.095957 320.935531 470.967472 304.404569  80.267665  80.267665   0.000000   0.000000  86.458310 301.854532 289.518068   0.104898   0.172346 291.574589   0.162396
   634 758.518328 320.987023 470.569259 304.171004  80.210715  80.210715   0.000000   0.000000  86.355251 301.851424 289.529741   0.104820   0.172346 291.582613   0.162370
   635 757.935700 321.038345 470.167500 303.935038  80.153032  80.153032   0.000000   0.000000  86.251782 301.848209 289.541366   0.104743   0.172345 291.590607   0.162344
   636 757.348075 321.089496 469.762198 303.696670  80.094617  80.094617   0.000000   0.000000  86.147902 301.844886 289.552942   0.104665   0.172344 291.598571   0.162319
   637 756.755456 321.140475 469.353353 303.455901  80.035472  80.035472   0.000000   0.000000  86.043612 301.841456 289.564469   0.104588   0.172343 291.606505   0.162293
   638 756.157847 321.191282 468.940969 303.212732  79.975597  79.975597   0.000000   0.000000  85.938911 301.837918 289.575947   0.104511   0.172342 291.614408   0.162267
   639 755.555250 321.241917 468.525047 302.967163  79.914995  79.914995   0.000000   0.000000  85.833800 301.834273 289.587376   0.104435   0.172341 291.622281   0.162242
   640 754.947669 321.292379 468.105591 302.719195  79.853666  79.853666   0.000000   0.000000  85.728279 301.830520 289.598756   0.104358   0.172340 291.630124   0.162216
   641 754.335106 321.342668 467.682602 302.468828  79.791613  79.791613   0.000000   0.000000  85.622348 301.826659 289.610087   0.104282   0.172339 291.637936   0.162191
   642 753.717566 321.392783 467.256082 302.216064  79.728837  79.728837   0.000000   0.000000  85.516007 301.822691 289.621369   0.104206   0.172338 291.645718   0.162165
   643 753.095051 321.442725 466.826033 301.960902  79.665340  79.665340   0.000000   0.000000  85.409257 301.818615 289.632601   0.104130   0.172337 291.653469   0.162140
   644 752.467564 321.492492 466.392459 301.703344  79.601122  79.601122   0.000000   0.000000  85.302098 301.814432 289.643785   0.104055   0.172336 291.661189   0.162114
   645 751.835109 321.542084 465.955362 301.443390  79.536185  79.536185   0.000000   0.000000  85.194529 301.810140 289.654919   0.103980   0.172335 291.668879   0.162089
   646 751.197689 321.591500 465.514743 301.181041  79.470532  79.470532   0.000000   0.000000  85.086551 301.805741 289.666004   0.103905   0.172334 291.676538   0.162064
   647 750.555308 321.640741 465.070605 300.916297  79.404163  79.404163   0.000000   0.000000  84.978165 301.801235 289.677039   0.103830   0.172333 291.684166   0.162038
   648 749.907968 321.689806 464.622951 300.649160  79.337079  79.337079   0.000000   0.000000  84.869369 301.796620 289.688025   0.103755   0.172332 291.691763   0.162013
   649 749.255674 321.738694 464.171783 300.379630  79.269284  79.269284   0.000000   0.000000  84.760165 301.791897 289.698961   0.103681   0.172331 291.699329   0.161987
   650 748.598428 321.787405 463.717103 300.107708  79.200777  79.200777   0.000000   0.000000  84.650552 301.787067 289.709848   0.103607   0.172330 291.706864   0.161962
   651 747.936234 321.835939 463.258914 299.833394  79.131561  79.131561   0.000000   0.000000  84.540531 301.782128 289.720685   0.103533   0.172329 291.714367   0.161937
   652 747.269095 321.884294 462.797218 299.556691  79.061637  79.061637   0.000000   0.000000  84.430102 301.777082 289.731473   0.103459   0.172328 291.721840   0.161912
   653 746.597016 321.932471 462.332019 299.277597  78.991006  78.991006   0.000000   0.000000  84.319264 301.771927 289.742211   0.103386   0.172327 291.729281   0.161886
   654 745.919998 321.980469 461.863317 298.996115  78.919671  78.919671   0.000000   0.000000  84.208018 301.766665 289.752899   0.103313   0.172326 291.736691   0.161861
   655 745.238047 322.028288 461.391117 298.712245  78.847632  78.847632   0.000000   0.000000  84.096364 301.761294 289.763537   0.103240   0.172325 291.744069   0.161836
   656 744.551165 322.075926 460.915420 298.425988  78.774892  78.774892   0.000000   0.000000  83.984301 301.755815 289.774125   0.103167   0.172325 291.751415   0.161811
   657 743.859357 322.123384 460.436229 298.137345  78.701452  78.701452   0.000000   0.000000  83.871832 301.750228 289.784664   0.103095   0.172324 291.758730   0.161785
   658 743.162625 322.170661 459.953546 297.846317  78.627314  78.627314   0.000000   0.000000  83.758954 301.744533 289.795152   0.103023   0.172323 291.766013   0.161760
   659 742.460974 322.217757 459.467375 297.552905  78.552478  78.552478   0.000000   0.000000  83.645668 301.738730 289.805590   0.102951   0.172322 291.773265   0.161735
   660 741.754407 322.264670 458.977718 297.257110  78.476947  78.476947   0.000000   0.000000  83.531975 301.732818 289.815978   0.102879   0.172321 291.780484   0.161710
   661 741.042927 322.311401 458.484577 296.958933  78.400723  78.400723   0.000000   0.000000  83.417874 301.726797 289.826316   0.102807   0.172320 291.787672   0.161685
   662 740.326539 322.357949 457.987955 296.658375  78.323806  78.323806   0.000000   0.000000  83.303366 301.720669 289.836604   0.102736   0.172319 291.794827   0.161660
   663 739.605247 322.404314 457.487856 296.355436  78.246199  78.246199   0.000000   0.000000  83.188450 301.714431 289.846842   0.102665   0.172318 291.801950   0.161635
   664 738.879053 322.450494 456.984280 296.050118  78.167904  78.167904   0.000000   0.000000  83.073126 301.708085 289.857029   0.102594   0.172317 291.809041   0.161610
   665 738.147962 322.496490 456.477233 295.742423  78.088921  78.088921   0.000000   0.000000  82.957395 301.701631 289.867166   0.102524   0.172316 291.816099   0.161585
   666 737.411978 322.542301 455.966715 295.432350  78.009252  78.009252   0.000000   0.000000  82.841257 301.695068 289.877252   0.102453   0.172315 291.823125   0.161560
   667 736.671105 322.587926 455.452730 295.119902  77.928899  77.928899   0.000000   0.000000  82.724712 301.688396 289.887288   0.102383   0.172314 291.830119   0.161535
   668 735.925346 322.633365 454.935281 294.805079  77.847864  77.847864   0.000000   0.000000  82.607759 301.681616 289.897273   0.102313   0.172313 291.837079   0.161510
   669 735.174706 322.678618 454.414370 294.487882  77.766149  77.766149   0.000000   0.000000  82.490399 301.674727 289.907208   0.102243   0.172312 291.844007   0.161485
   670 734.419187 322.723683 453.890000 294.168313  77.683754  77.683754   0.000000   0.000000  82.372631 301.667729 289.917092   0.102174   0.172311 291.850903   0.161460
   671 733.658796 322.768560 453.362175 293.846372  77.600682  77.600682   0.000000   0.000000  82.254457 301.660622 289.926925   0.102105   0.172310 291.857765   0.161436
   672 732.893534 322.813249 452.830897 293.522062  77.516935  77.516935   0.000000   0.000000  82.135875 301.653406 289.936708   0.102035   0.172310 291.864594   0.161411
   673 732.123407 322.857749 452.296168 293.195382  77.432513  77.432513   0.000000   0.000000  82.016886 301.646081 289.946440   0.101967   0.172309 291.871391   0.161386
   674 731.348418 322.902060 451.757992 292.866335  77.347419  77.347419   0.000000   0.000000  81.897490 301.638647 289.956120   0.101898   0.172308 291.878154   0.161361
   675 730.568572 322.946180 451.216372 292.534921  77.261655  77.261655   0.000000   0.000000  81.777687 301.631104 289.965750   0.101830   0.172307 291.884884   0.161337
   676 729.783872 322.990110 450.671311 292.201142  77.175221  77.175221   0.000000   0.000000  81.657477 301.623452 289.975329   0.101762   0.172306 291.891580   0.161312
   677 728.994323 323.033849 450.122811 291.864999  77.088121  77.088121   0.000000   0.000000  81.536859 301.615690 289.984857   0.101694   0.172305 291.898243   0.161287
   678 728.199929 323.077397 449.570876 291.526493  77.000354  77.000354   0.000000   0.000000  81.415835 301.607820 289.994334   0.101626   0.172304 291.904873   0.161263
   679 727.400694 323.120752 449.015509 291.185626  76.911924  76.911924   0.000000   0.000000  81.294403 301.599840 290.003759   0.101558   0.172303 291.911468   0.161238
   680 726.596622 323.163914 448.456712 290.842399  76.822832  76.822832   0.000000   0.000000  81.172564 301.591750 290.013133   0.101491   0.172302 291.918031   0.161214
   681 725.787717 323.206883 447.894489 290.496812  76.733079  76.733079   0.000000   0.000000  81.050318 301.583551 290.022456   0.101424   0.172301 291.924559   0.161189
   682 724.973985 323.249658 447.328843 290.148869  76.642668  76.642668   0.000000   0.000000  80.927665 301.575243 290.031728   0.101357   0.172300 291.931053   0.161165
   683 724.155429 323.292238 446.759776 289.798569  76.551600  76.551600   0.000000   0.000000  80.804605 301.566825 290.040948   0.101291   0.172299 291.937513   0.161140
   684 723.332053 323.334623 446.187293 289.445914  76.459877  76.459877   0.000000   0.000000  80.681138 301.558298 290.050117   0.101224   0.172298 291.943939   0.161116
   685 722.503861 323.376812 445.611396 289.090906  76.367500  76.367500   0.000000   0.000000  80.557264 301.549660 290.059234   0.101158   0.172298 291.950331   0.161091
   686 721.670859 323.418806 445.032087 288.733546  76.274471  76.274471   0.000000   0.000000  80.432982 301.540914 290.068300   0.101092   0.172297 291.956689   0.161067
   687 720.833051 323.460602 444.449372 288.373836  76.180793  76.180793   0.000000   0.000000  80.308293 301.532057 290.077314   0.101026   0.172296 291.963012   0.161042
   688 719.990440 323.502201 443.863252 288.011776  76.086466  76.086466   0.000000   0.000000  80.183198 301.523090 290.086277   0.100961   0.172295 291.969300   0.161018
   689 719.143032 323.543601 443.273730 287.647368  75.991493  75.991493   0.000000   0.000000  80.057694 301.514014 290.095187   0.100896   0.172294 291.975554   0.160994
   690 718.290830 323.584804 442.680811 287.280615  75.895876  75.895876   0.000000   0.000000  79.931784 301.504827 290.104046   0.100830   0.172293 291.981773   0.160970
   691 717.433841 323.625807 442.084497 286.911516  75.799615  75.799615   0.000000   0.000000  79.805466 301.495531 290.112853   0.100766   0.172292 291.987957   0.160945
   692 716.572067 323.666610 441.484791 286.540074  75.702714  75.702714   0.000000   0.000000  79.678742 301.486124 290.121609   0.100701   0.172291 291.994107   0.160921
   693 715.705513 323.707212 440.881697 286.166291  75.605173  75.605173   0.000000   0.000000  79.551609 301.476608 290.130312   0.100636   0.172290 292.000221   0.160897
   694 714.834185 323.747614 440.275219 285.790167  75.506995  75.506995   0.000000   0.000000  79.424070 301.466981 290.138963   0.100572   0.172289 292.006300   0.160873
   695 713.958087 323.787814 439.665359 285.411704  75.408181  75.408181   0.000000   0.000000  79.296123 301.457243 290.147562   0.100508   0.172288 292.012344   0.160849
   696 713.077223 323.827812 439.052120 285.030905  75.308733  75.308733   0.000000   0.000000  79.167769 301.447396 290.156109   0.100444   0.172288 292.018353   0.160825
   697 712.191598 323.867607 438.435507 284.647769  75.208654  75.208654   0.000000   0.000000  79.039007 301.437438 290.164604   0.100381   0.172287 292.024326   0.160800
   698 711.301217 323.907199 437.815522 284.262300  75.107944  75.107944   0.000000   0.000000  78.909838 301.427369 290.173046   0.100317   0.172286 292.030263   0.160776
   699 710.406084 323.946587 437.192170 283.874498  75.006605  75.006605   0.000000   0.000000  78.780261 301.417190 290.181437   0.100254   0.172285 292.036165   0.160752
   700 709.506205 323.985770 436.565452 283.484365  74.904640  74.904640   0.000000   0.000000  78.650277 301.406901 290.189775   0.100191   0.172284 292.042031   0.160729
   701 708.601583 324.024748 435.935373 283.091903  74.802051  74.802051   0.000000   0.000000  78.519885 301.396501 290.198060   0.100129   0.172283 292.047862   0.160705
   702 707.692225 324.063520 435.301937 282.697113  74.698839  74.698839   0.000000   0.000000  78.389086 301.385990 290.206293   0.100066   0.172282 292.053656   0.160681
   703 706.778134 324.102086 434.665147 282.299998  74.595005  74.595005   0.000000   0.000000  78.257879 301.375368 290.214473   0.100004   0.172281 292.059414   0.160657
   704 705.859316 324.140444 434.025005 281.900558  74.490553  74.490553   0.000000   0.000000  78.126264 301.364636 290.222601   0.099942   0.172280 292.065136   0.160633
   705 704.935776 324.178595 433.381517 281.498795  74.385483  74.385483   0.000000   0.000000  77.994242 301.353792 290.230676   0.099880   0.172279 292.070822   0.160609
   706 704.007517 324.216538 432.734684 281.094712  74.279798  74.279798   0.000000   0.000000  77.861811 301.342838 290.238699   0.099818   0.172279 292.076471   0.160586
   707 703.074546 324.254272 432.084512 280.688309  74.173499  74.173499   0.000000   0.000000  77.728973 301.331773 290.246669   0.099757   0.172278 292.082084   0.160562
   708 702.136868 324.291797 431.431003 280.279589  74.066589  74.066589   0.000000   0.000000  77.595728 301.320596 290.254586   0.099695   0.172277 292.087660   0.160538
   709 701.194487 324.329111 430.774162 279.868553  73.959069  73.959069   0.000000   0.000000  77.462074 301.309308 290.262450   0.099634   0.172276 292.093200   0.160514
   710 700.247408 324.366215 430.113991 279.455204  73.850941  73.850941   0.000000   0.000000  77.328012 301.297910 290.270261   0.099573   0.172275 292.098702   0.160491
   711 699.295636 324.403107 429.450494 279.039542  73.742207  73.742207   0.000000   0.000000  77.193543 301.286399 290.278019   0.099513   0.172274 292.104168   0.160467
   712 698.339178 324.439788 428.783675 278.621569  73.632870  73.632870   0.000000   0.000000  77.058665 301.274778 290.285724   0.099452   0.172273 292.109597   0.160444
   713 697.378036 324.476256 428.113538 278.201288  73.522930  73.522930   0.000000   0.000000  76.923379 301.263045 290.293376   0.099392   0.172272 292.114988   0.160420
   714 696.412218 324.512511 427.440087 277.778701  73.412390  73.412390   0.000000   0.000000  76.787685 301.251200 290.300974   0.099332   0.172271 292.120343   0.160397
   715 695.441727 324.548552 426.763324 277.353808  73.301251  73.301251   0.000000   0.000000  76.651583 301.239244 290.308520   0.099272   0.172271 292.125660   0.160373
   716 694.466570 324.584379 426.083255 276.926612  73.189516  73.189516   0.000000   0.000000  76.515073 301.227177 290.316012   0.099212   0.172270 292.130939   0.160350
   717 693.486751 324.619991 425.399882 276.497115  73.077187  73.077187   0.000000   0.000000  76.378154 301.214998 290.323451   0.099153   0.172269 292.136181   0.160327
   718 692.502276 324.655387 424.713209 276.065318  72.964265  72.964265   0.000000   0.000000  76.240827 301.202707 290.330836   0.099094   0.172268 292.141385   0.160303
   719 691.513149 324.690567 424.023241 275.631224  72.850753  72.850753   0.000000   0.000000  76.103092 301.190304 290.338168   0.099035   0.172267 292.146552   0.160280
   720 690.519377 324.725531 423.329981 275.194834  72.736652  72.736652   0.000000   0.000000  75.964948 301.177789 290.345447   0.098976   0.172266 292.151680   0.160257
   721 689.520964 324.760277 422.633432 274.756321  72.621974  72.621974   0.000000   0.000000  75.826396 301.165158 290.352672   0.098917   0.172265 292.156772   0.160233
   722 688.517917 324.794806 421.933625 274.315549  72.506689  72.506689   0.000000   0.000000  75.687406 301.152412 290.359843   0.098859   0.172264 292.161826   0.160210
   723 687.510239 324.829119 421.230556 273.872540  72.390806  72.390806   0.000000   0.000000  75.547986 301.139551 290.366960   0.098801   0.172264 292.166843   0.160187
   724 686.497937 324.863216 420.524232 273.427291  72.274328  72.274328   0.000000   0.000000  75.408136 301.126575 290.374024   0.098743   0.172263 292.171823   0.160164
   725 685.481017 324.897096 419.814654 272.979802  72.157258  72.157258   0.000000   0.000000  75.267858 301.113484 290.381034   0.098685   0.172262 292.176766   0.160141
   726 684.459483 324.930759 419.101826 272.530074  72.039598  72.039598   0.000000   0.000000  75.127152 301.100278 290.387990   0.098627   0.172261 292.181671   0.160118
   727 683.433341 324.964206 418.385753 272.078107  71.921352  71.921352   0.000000   0.000000  74.986020 301.086957 290.394891   0.098570   0.172260 292.186539   0.160095
   728 682.402597 324.997436 417.666437 271.623900  71.802522  71.802522   0.000000   0.000000  74.844462 301.073522 290.401739   0.098513   0.172259 292.191370   0.160072
   729 681.367257 325.030448 416.943882 271.167456  71.683111  71.683111   0.000000   0.000000  74.702479 301.059972 290.408533   0.098456   0.172258 292.196163   0.160049
   730 680.327325 325.063243 416.218093 270.708774  71.563121  71.563121   0.000000   0.000000  74.560073 301.046307 290.415272   0.098399   0.172258 292.200919   0.160026
   731 679.282807 325.095820 415.489071 270.247855  71.442555  71.442555   0.000000   0.000000  74.417243 301.032527 290.421957   0.098342   0.172257 292.205637   0.160003
   732 678.233710 325.128178 414.756822 269.784700  71.321415  71.321415   0.000000   0.000000  74.273991 301.018633 290.428588   0.098286   0.172256 292.210317   0.159980
   733 677.180039 325.160317 414.021349 269.319311  71.199705  71.199705   0.000000   0.000000  74.130317 301.004624 290.435164   0.098230   0.172255 292.214959   0.159958
   734 676.121799 325.192236 413.282656 268.851687  71.077426  71.077426   0.000000   0.000000  73.986220 300.990501 290.441686   0.098174   0.172254 292.219563   0.159935
   735 675.058996 325.223936 412.540747 268.381831  70.954581  70.954581   0.000000   0.000000  73.841703 300.976263 290.448153   0.098118   0.172253 292.224129   0.159912
   736 673.991636 325.255414 411.795625 267.909743  70.831172  70.831172   0.000000   0.000000  73.696766 300.961910 290.454566   0.098062   0.172252 292.228657   0.159890
   737 672.919725 325.286672 411.047294 267.435424  70.707201  70.707201   0.000000   0.000000  73.551408 300.947443 290.460924   0.098007   0.172252 292.233146   0.159867
   738 671.843269 325.317708 410.295759 266.958876  70.582672  70.582672   0.000000   0.000000  73.405630 300.932860 290.467227   0.097952   0.172251 292.237597   0.159844
   739 670.762273 325.348522 409.541023 266.480101  70.457586  70.457586   0.000000   0.000000  73.259432 300.918164 290.473476   0.097897   0.172250 292.242010   0.159822
   740 669.676743 325.379113 408.783090 265.999099  70.331945  70.331945   0.000000   0.000000  73.112816 300.903352 290.479669   0.097842   0.172249 292.246383   0.159799
   741 668.586686 325.409480 408.021965 265.515872  70.205753  70.205753   0.000000   0.000000  72.965781 300.888426 290.485808   0.097787   0.172248 292.250718   0.159777
   742 667.492106 325.439624 407.257651 265.030421  70.079010  70.079010   0.000000   0.000000  72.818327 300.873385 290.491892   0.097733   0.172247 292.255014   0.159755
   743 666.393011 325.469543 406.490152 264.542749  69.951721  69.951721   0.000000   0.000000  72.670455 300.858230 290.497920   0.097678   0.172247 292.259270   0.159732
   744 665.289406 325.499237 405.719472 264.052856  69.823886  69.823886   0.000000   0.000000  72.522165 300.842959 290.503894   0.097624   0.172246 292.263488   0.159710
   745 664.181297 325.528704 404.945616 263.560744  69.695509  69.695509   0.000000   0.000000  72.373457 300.827574 290.509812   0.097571   0.172245 292.267666   0.159688
   746 663.068690 325.557946 404.168588 263.066414  69.566591  69.566591   0.000000   0.000000  72.224332 300.812074 290.515675   0.097517   0.172244 292.271805   0.159665
   747 661.951591 325.586960 403.388391 262.569869  69.437136  69.437136   0.000000   0.000000  72.074790 300.796459 290.521483   0.097463   0.172243 292.275904   0.159643
   748 660.830007 325.615747 402.605031 262.071111  69.307144  69.307144   0.000000   0.000000  71.924830 300.780729 290.527235   0.097410   0.172242 292.279963   0.159621
   749 659.703943 325.644305 401.818510 261.570140  69.176619  69.176619   0.000000   0.000000  71.774454 300.764884 290.532932   0.097357   0.172242 292.283982   0.159599
   750 658.573405 325.672634 401.028834 261.066958  69.045562  69.045562   0.000000   0.000000  71.623661 300.748924 290.538574   0.097304   0.172241 292.287962   0.159577
   751 657.438401 325.700734 400.236007 260.561568  68.913977  68.913977   0.000000   0.000000  71.472452 300.732849 290.544160   0.097251   0.172240 292.291901   0.159555
   752 656.298935 325.728603 399.440033 260.053971  68.781865  68.781865   0.000000   0.000000  71.320826 300.716660 290.549690   0.097199   0.172239 292.295800   0.159533
   753 655.155015 325.756242 398.640916 259.544170  68.649228  68.649228   0.000000   0.000000  71.168785 300.700355 290.555165   0.097147   0.172238 292.299659   0.159511
   754 654.006646 325.783649 397.838660 259.032165  68.516070  68.516070   0.000000   0.000000  71.016327 300.683935 290.560584   0.097095   0.172237 292.303477   0.159489
   755 652.853835 325.810824 397.033271 258.517959  68.382391  68.382391   0.000000   0.000000  70.863454 300.667399 290.565947   0.097043   0.172237 292.307255   0.159467
   756 651.696588 325.837766 396.224752 258.001554  68.248195  68.248195   0.000000   0.000000  70.710165 300.650749 290.571255   0.096991   0.172236 292.310991   0.159445
   757 650.534912 325.864475 395.413108 257.482951  68.113484  68.113484   0.000000   0.000000  70.556461 300.633983 290.576506   0.096939   0.172235 292.314687   0.159423
   758 649.368813 325.890949 394.598343 256.962154  67.978260  67.978260   0.000000   0.000000  70.402341 300.617103 290.581702   0.096888   0.172234 292.318342   0.159402
   759 648.198297 325.917189 393.780461 256.439163  67.842526  67.842526   0.000000   0.000000  70.247807 300.600106 290.586841   0.096837   0.172233 292.321956   0.159380
   760 647.023371 325.943193 392.959468 255.913981  67.706283  67.706283   0.000000   0.000000  70.092857 300.582995 290.591924   0.096786   0.172233 292.325528   0.159358
   761 645.844041 325.968962 392.135367 255.386609  67.569534  67.569534   0.000000   0.000000  69.937493 300.565768 290.596952   0.096735   0.172232 292.329059   0.159337
   762 644.660314 325.994494 391.308164 254.857051  67.432281  67.432281   0.000000   0.000000  69.781713 300.548425 290.601922   0.096684   0.172231 292.332548   0.159315
   763 643.472196 326.019788 390.477862 254.325308  67.294527  67.294527   0.000000   0.000000  69.625520 300.530967 290.606837   0.096634   0.172230 292.335996   0.159294
   764 642.279694 326.044844 389.644466 253.791382  67.156273  67.156273   0.000000   0.000000  69.468911 300.513394 290.611696   0.096584   0.172229 292.339401   0.159272
   765 641.082815 326.069662 388.807982 253.255275  67.017523  67.017523   0.000000   0.000000  69.311889 300.495705 290.616498   0.096534   0.172228 292.342765   0.159251
   766 639.881565 326.094241 387.968413 252.716991  66.878278  66.878278   0.000000   0.000000  69.154452 300.477900 290.621243   0.096484   0.172228 292.346087   0.159229
   767 638.675950 326.118580 387.125764 252.176529  66.738541  66.738541   0.000000   0.000000  68.996601 300.459980 290.625932   0.096434   0.172227 292.349366   0.159208
   768 637.465979 326.142678 386.280039 251.633894  66.598314  66.598314   0.000000   0.000000  68.838335 300.441944 290.630565   0.096384   0.172226 292.352603   0.159187
   769 636.251656 326.166535 385.431245 251.089088  66.457599  66.457599   0.000000   0.000000  68.679656 300.423792 290.635140   0.096335   0.172225 292.355798   0.159165
   770 635.032989 326.190150 384.579384 250.542112  66.316400  66.316400   0.000000   0.000000  68.520563 300.405525 290.639660   0.096286   0.172224 292.358950   0.159144
   771 633.809985 326.213522 383.724463 249.992968  66.174717  66.174717   0.000000   0.000000  68.361057 300.387141 290.644122   0.096237   0.172224 292.362059   0.159123
   772 632.582651 326.236652 382.866485 249.441660  66.032553  66.032553   0.000000   0.000000  68.201136 300.368642 290.648528   0.096188   0.172223 292.365125   0.159102
   773 631.350993 326.259538 382.005456 248.888190  65.889911  65.889911   0.000000   0.000000  68.040803 300.350027 290.652876   0.096140   0.172222 292.368148   0.159081
   774 630.115018 326.282179 381.141381 248.332560  65.746793  65.746793   0.000000   0.000000  67.880055 300.331296 290.657168   0.096091   0.172221 292.371128   0.159060
   775 628.874734 326.304576 380.274263 247.774772  65.603201  65.603201   0.000000   0.000000  67.718895 300.312449 290.661403   0.096043   0.172221 292.374064   0.159039
   776 627.630146 326.326726 379.404108 247.214829  65.459138  65.459138   0.000000   0.000000  67.557321 300.293485 290.665581   0.095995   0.172220 292.376957   0.159018
   777 626.381263 326.348631 378.530922 246.652733  65.314606  65.314606   0.000000   0.000000  67.395334 300.274406 290.669701   0.095947   0.172219 292.379807   0.158997
   778 625.128091 326.370288 377.654708 246.088487  65.169607  65.169607   0.000000   0.000000  67.232934 300.255211 290.673765   0.095900   0.172218 292.382613   0.158976
   779 623.870637 326.391698 376.775472 245.522093  65.024144  65.024144   0.000000   0.000000  67.070120 300.235899 290.677771   0.095852   0.172217 292.385375   0.158955
   780 622.608907 326.412860 375.893219 244.953553  64.878218  64.878218   0.000000   0.000000  66.906894 300.216471 290.681720   0.095805   0.172217 292.388092   0.158935
   781 621.342911 326.433773 375.007953 244.382872  64.731833  64.731833   0.000000   0.000000  66.743255 300.196927 290.685612   0.095758   0.172216 292.390766   0.158914
   782 620.072653 326.454436 374.119681 243.810049  64.584991  64.584991   0.000000   0.000000  66.579204 300.177266 290.689446   0.095711   0.172215 292.393395   0.158893
   783 618.798142 326.474850 373.228406 243.235090  64.437693  64.437693   0.000000   0.000000  66.414739 300.157489 290.693223   0.095664   0.172214 292.395980   0.158873
   784 617.519385 326.495012 372.334133 242.657995  64.289943  64.289943   0.000000   0.000000  66.249862 300.137596 290.696942   0.095617   0.172214 292.398521   0.158852
   785 616.236389 326.514923 371.436869 242.078768  64.141742  64.141742   0.000000   0.000000  66.084573 300.117586 290.700604   0.095571   0.172213 292.401017   0.158832
   786 614.949161 326.534582 370.536618 241.497412  63.993094  63.993094   0.000000   0.000000  65.918871 300.097459 290.704208   0.095525   0.172212 292.403467   0.158811
   787 613.657708 326.553989 369.633385 240.913928  63.844000  63.844000   0.000000   0.000000  65.752757 300.077216 290.707755   0.095479   0.172211 292.405873   0.158791
   788 612.362038 326.573142 368.727175 240.328320  63.694462  63.694462   0.000000   0.000000  65.586230 300.056856 290.711243   0.095433   0.172210 292.408234   0.158771
   789 611.062158 326.592042 367.817994 239.740591  63.544484  63.544484   0.000000   0.000000  65.419291 300.036380 290.714674   0.095387   0.172210 292.410549   0.158750
   790 609.758075 326.610687 366.905846 239.150743  63.394066  63.394066   0.000000   0.000000  65.251940 300.015787 290.718047   0.095342   0.172209 292.412820   0.158730
   791 608.449798 326.629076 365.990737 238.558779  63.243213  63.243213   0.000000   0.000000  65.084177 299.995077 290.721362   0.095296   0.172208 292.415044   0.158710
   792 607.137332 326.647210 365.072672 237.964701  63.091926  63.091926   0.000000   0.000000  64.916002 299.974250 290.724619   0.095251   0.172207 292.417223   0.158690
   793 605.820687 326.665088 364.151657 237.368513  62.940207  62.940207   0.000000   0.000000  64.747415 299.953306 290.727818   0.095206   0.172207 292.419356   0.158669
   794 604.499868 326.682709 363.227697 236.770218  62.788060  62.788060   0.000000   0.000000  64.578416 299.932246 290.730959   0.095161   0.172206 292.421443   0.158649
   795 603.174885 326.700072 362.300796 236.169817  62.635485  62.635485   0.000000   0.000000  64.409006 299.911068 290.734042   0.095117   0.172205 292.423484   0.158629
   796 601.845743 326.717177 361.370961 235.567315  62.482486  62.482486   0.000000   0.000000  64.239183 299.889774 290.737067   0.095072   0.172204 292.425479   0.158609
   797 600.512452 326.734023 360.438197 234.962714  62.329066  62.329066   0.000000   0.000000  64.068949 299.868362 290.740033   0.095028   0.172204 292.427427   0.158589
   798 599.175019 326.750610 359.502509 234.356017  62.175225  62.175225   0.000000   0.000000  63.898303 299.846834 290.742941   0.094984   0.172203 292.429329   0.158570
   799 597.833450 326.766936 358.563903 233.747227  62.020967  62.020967   0.000000   0.000000  63.727246 299.825188 290.745791   0.094940   0.172202 292.431184   0.158550
   800 596.487755 326.783002 357.622383 233.136347  61.866295  61.866295   0.000000   0.000000  63.555777 299.803425 290.748582   0.094896   0.172201 292.432992   0.158530
   801 595.137940 326.798807 356.677957 232.523380  61.711209  61.711209   0.000000   0.000000  63.383897 299.781544 290.751315   0.094853   0.172201 292.434754   0.158510
   802 593.784013 326.814349 355.730628 231.908329  61.555714  61.555714   0.000000   0.000000  63.211605 299.759546 290.753989   0.094809   0.172200 292.436468   0.158490
   803 592.425983 326.829629 354.780403 231.291198  61.399811  61.399811   0.000000   0.000000  63.038902 299.737431 290.756605   0.094766   0.172199 292.438135   0.158471
   804 591.063857 326.844646 353.827287 230.671988  61.243503  61.243503   0.000000   0.000000  62.865787 299.715199 290.759162   0.094723   0.172198 292.439755   0.158451
   805 589.697643 326.859400 352.871286 230.050703  61.086792  61.086792   0.000000   0.000000  62.692262 299.692849 290.761660   0.094680   0.172198 292.441327   0.158432
   806 588.327349 326.873889 351.912405 229.427347  60.929680  60.929680   0.000000   0.000000  62.518325 299.670382 290.764099   0.094638   0.172197 292.442852   0.158412
   807 586.952982 326.888113 350.950651 228.801923  60.772170  60.772170   0.000000   0.000000  62.343977 299.647797 290.766480   0.094595   0.172196 292.444328   0.158393
   808 585.574552 326.902071 349.986028 228.174433  60.614264  60.614264   0.000000   0.000000  62.169218 299.625094 290.768801   0.094553   0.172196 292.445757   0.158373
   809 584.192065 326.915764 349.018542 227.544882  60.455965  60.455965   0.000000   0.000000  61.994049 299.602274 290.771064   0.094511   0.172195 292.447138   0.158354
   810 582.805529 326.929189 348.048199 226.913271  60.297275  60.297275   0.000000   0.000000  61.818468 299.579336 290.773268   0.094468   0.172194 292.448470   0.158335
   811 581.414954 326.942348 347.075005 226.279606  60.138196  60.138196   0.000000   0.000000  61.642476 299.556280 290.775412   0.094427   0.172193 292.449754   0.158316
   812 580.020347 326.955238 346.098966 225.643888  59.978731  59.978731   0.000000   0.000000  61.466073 299.533106 290.777498   0.094385   0.172193 292.450989   0.158296
   813 578.621715 326.967860 345.120087 225.006121  59.818882  59.818882   0.000000   0.000000  61.289260 299.509815 290.779524   0.094343   0.172192 292.452176   0.158277
   814 577.219068 326.980212 344.138375 224.366308  59.658652  59.658652   0.000000   0.000000  61.112036 299.486405 290.781491   0.094302   0.172191 292.453314   0.158258
   815 575.812414 326.992295 343.153834 223.724454  59.498043  59.498043   0.000000   0.000000  60.934401 299.462878 290.783399   0.094261   0.172191 292.454403   0.158239
   816 574.401760 327.004108 342.166472 223.080560  59.337057  59.337057   0.000000   0.000000  60.756355 299.439233 290.785247   0.094220   0.172190 292.455443   0.158220
   817 572.987115 327.015649 341.176293 222.434632  59.175697  59.175697   0.000000   0.000000  60.577899 299.415469 290.787036   0.094179   0.172189 292.456433   0.158201
   818 571.568488 327.026919 340.183304 221.786671  59.013966  59.013966   0.000000   0.000000  60.399032 299.391588 290.788766   0.094139   0.172188 292.457374   0.158182
   819 570.145886 327.037917 339.187511 221.136683  58.851864  58.851864   0.000000   0.000000  60.219755 299.367588 290.790436   0.094098   0.172188 292.458266   0.158164
   820 568.719318 327.048643 338.188919 220.484669  58.689396  58.689396   0.000000   0.000000  60.040067 299.343470 290.792046   0.094058   0.172187 292.459108   0.158145
   821 567.288793 327.059094 337.187535 219.830634  58.526564  58.526564   0.000000   0.000000  59.859969 299.319234 290.793597   0.094018   0.172186 292.459900   0.158126
   822 565.854319 327.069272 336.183365 219.174582  58.363369  58.363369   0.000000   0.000000  59.679460 299.294879 290.795088   0.093978   0.172186 292.460642   0.158108
   823 564.415904 327.079176 335.176415 218.516515  58.199814  58.199814   0.000000   0.000000  59.498541 299.270407 290.796519   0.093938   0.172185 292.461333   0.158089
   824 562.973557 327.088804 334.166691 217.856438  58.035902  58.035902   0.000000   0.000000  59.317212 299.245815 290.797891   0.093898   0.172184 292.461975   0.158070
   825 561.527287 327.098157 333.154199 217.194354  57.871635  57.871635   0.000000   0.000000  59.135472 299.221105 290.799202   0.093859   0.172184 292.462566   0.158052
   826 560.077102 327.107233 332.138945 216.530266  57.707015  57.707015   0.000000   0.000000  58.953322 299.196277 290.800454   0.093819   0.172183 292.463106   0.158033
   827 558.623011 327.116033 331.120936 215.864180  57.542046  57.542046   0.000000   0.000000  58.770761 299.171330 290.801646   0.093780   0.172182 292.463595   0.158015
   828 557.165022 327.124555 330.100177 215.196098  57.376728  57.376728   0.000000   0.000000  58.587791 299.146265 290.802778   0.093741   0.172181 292.464034   0.157997
   829 555.703145 327.132799 329.076676 214.526024  57.211065  57.211065   0.000000   0.000000  58.404410 299.121080 290.803849   0.093703   0.172181 292.464421   0.157978
   830 554.237388 327.140764 328.050437 213.853962  57.045060  57.045060   0.000000   0.000000  58.220619 299.095777 290.804861   0.093664   0.172180 292.464757   0.157960
   831 552.767759 327.148450 327.021468 213.179915  56.878713  56.878713   0.000000   0.000000  58.036418 299.070356 290.805812   0.093625   0.172179 292.465042   0.157942
   832 551.294268 327.155856 325.989775 212.503889  56.712029  56.712029   0.000000   0.000000  57.851806 299.044815 290.806703   0.093587   0.172179 292.465275   0.157924
   833 549.816924 327.162982 324.955364 211.825886  56.545009  56.545009   0.000000   0.000000  57.666785 299.019156 290.807534   0.093549   0.172178 292.465457   0.157906
   834 548.335735 327.169827 323.918241 211.145910  56.377655  56.377655   0.000000   0.000000  57.481353 298.993377 290.808304   0.093511   0.172177 292.465586   0.157888
   835 546.850711 327.176390 322.878414 210.463966  56.209971  56.209971   0.000000   0.000000  57.295512 298.967480 290.809014   0.093473   0.172177 292.465664   0.157870
   836 545.361860 327.182672 321.835888 209.780058  56.041958  56.041958   0.000000   0.000000  57.109260 298.941463 290.809663   0.093436   0.172176 292.465689   0.157852
   837 543.869191 327.188670 320.790670 209.094189  55.873619  55.873619   0.000000   0.000000  56.922598 298.915327 290.810252   0.093398   0.172175 292.465662   0.157834
   838 542.372714 327.194385 319.742767 208.406363  55.704957  55.704957   0.000000   0.000000  56.735526 298.889073 290.810781   0.093361   0.172175 292.465583   0.157816
   839 540.872438 327.199816 318.692184 207.716586  55.535973  55.535973   0.000000   0.000000  56.548044 298.862699 290.811248   0.093324   0.172174 292.465451   0.157798
   840 539.368371 327.204962 317.638930 207.024860  55.366670  55.366670   0.000000   0.000000  56.360153 298.836205 290.811655   0.093287   0.172173 292.465265   0.157781
   841 537.860524 327.209824 316.583009 206.331190  55.197051  55.197051   0.000000   0.000000  56.171851 298.809593 290.812001   0.093250   0.172173 292.465027   0.157763
   842 536.348905 327.214399 315.524429 205.635581  55.027118  55.027118   0.000000   0.000000  55.983139 298.782861 290.812287   0.093213   0.172172 292.464736   0.157745
   843 534.833523 327.218689 314.463197 204.938036  54.856873  54.856873   0.000000   0.000000  55.794017 298.756009 290.812511   0.093177   0.172171 292.464392   0.157728
   844 533.314388 327.222691 313.399319 204.238559  54.686318  54.686318   0.000000   0.000000  55.604485 298.729038 290.812675   0.093140   0.172171 292.463994   0.157710
   845 531.791509 327.226406 312.332803 203.537156  54.515457  54.515457   0.000000   0.000000  55.414543 298.701947 290.812777   0.093104   0.172170 292.463542   0.157693
   846 530.264896 327.229833 311.263654 202.833831  54.344291  54.344291   0.000000   0.000000  55.224191 298.674737 290.812819   0.093068   0.172169 292.463036   0.157676
   847 528.734558 327.232972 310.191879 202.128587  54.172824  54.172824   0.000000   0.000000  55.033430 298.647407 290.812799   0.093032   0.172169 292.462477   0.157658
   848 527.200505 327.235821 309.117486 201.421429  54.001056  54.001056   0.000000   0.000000  54.842258 298.619958 290.812718   0.092997   0.172168 292.461863   0.157641
   849 525.662746 327.238380 308.040481 200.712362  53.828991  53.828991   0.000000   0.000000  54.650676 298.592389 290.812577   0.092961   0.172167 292.461195   0.157624
   850 524.121291 327.240649 306.960872 200.001390  53.656632  53.656632   0.000000   0.000000  54.458684 298.564699 290.812373   0.092926   0.172167 292.460472   0.157607
   851 522.576148 327.242627 305.878664 199.288518  53.483979  53.483979   0.000000   0.000000  54.266282 298.536890 290.812109   0.092891   0.172166 292.459695   0.157590
   852 521.027329 327.244313 304.793866 198.573751  53.311037  53.311037   0.000000   0.000000  54.073470 298.508961 290.811783   0.092856   0.172166 292.458863   0.157573
   853 519.474843 327.245707 303.706484 197.857092  53.137807  53.137807   0.000000   0.000000  53.880248 298.480912 290.811396   0.092821   0.172165 292.457975   0.157556
   854 517.918699 327.246808 302.616525 197.138547  52.964291  52.964291   0.000000   0.000000  53.686615 298.452743 290.810947   0.092786   0.172164 292.457033   0.157539
   855 516.358907 327.247616 301.523996 196.418120  52.790493  52.790493   0.000000   0.000000  53.492573 298.424454 290.810436   0.092751   0.172164 292.456035   0.157522
   856 514.795478 327.248130 300.428905 195.695815  52.616414  52.616414   0.000000   0.000000  53.298121 298.396044 290.809864   0.092717   0.172163 292.454982   0.157505
   857 513.228420 327.248350 299.331258 194.971639  52.442056  52.442056   0.000000   0.000000  53.103258 298.367514 290.809231   0.092683   0.172162 292.453873   0.157488
   858 511.657745 327.248274 298.231063 194.245595  52.267423  52.267423   0.000000   0.000000  52.907985 298.338864 290.808536   0.092649   0.172162 292.452708   0.157471
   859 510.083461 327.247902 297.128327 193.517689  52.092517  52.092517   0.000000   0.000000  52.712302 298.310094 290.807778   0.092615   0.172161 292.451487   0.157455
   860 508.505580 327.247235 296.023057 192.787925  51.917339  51.917339   0.000000   0.000000  52.516209 298.281203 290.806960   0.092581   0.172160 292.450209   0.157438
   861 506.924110 327.246270 294.915260 192.056308  51.741892  51.741892   0.000000   0.000000  52.319705 298.252192 290.806079   0.092547   0.172160 292.448876   0.157422
   862 505.339063 327.245008 293.804944 191.322843  51.566179  51.566179   0.000000   0.000000  52.122791 298.223060 290.805136   0.092514   0.172159 292.447485   0.157405
   863 503.750448 327.243447 292.692117 190.587536  51.390203  51.390203   0.000000   0.000000  51.925467 298.193807 290.804131   0.092481   0.172159 292.446038   0.157389
   864 502.158276 327.241588 291.576785 189.850390  51.213964  51.213964   0.000000   0.000000  51.727732 298.164434 290.803065   0.092447   0.172158 292.444533   0.157372
   865 500.562557 327.239430 290.458956 189.111412  51.037466  51.037466   0.000000   0.000000  51.529587 298.134940 290.801936   0.092414   0.172157 292.442972   0.157356
   866 498.963301 327.236972 289.338638 188.370607  50.860712  50.860712   0.000000   0.000000  51.331031 298.105325 290.800745   0.092382   0.172157 292.441353   0.157340
   867 497.360518 327.234213 288.215837 187.627979  50.683702  50.683702   0.000000   0.000000  51.132065 298.075590 290.799491   0.092349   0.172156 292.439677   0.157324
   868 495.754220 327.231153 287.090563 186.883534  50.506441  50.506441   0.000000   0.000000  50.932688 298.045733 290.798176   0.092316   0.172156 292.437942   0.157307
   869 494.144416 327.227792 285.962821 186.137278  50.328930  50.328930   0.000000   0.000000  50.732900 298.015756 290.796798   0.092284   0.172155 292.436150   0.157291
   870 492.531117 327.224128 284.832621 185.389214  50.151171  50.151171   0.000000   0.000000  50.532701 297.985657 290.795358   0.092252   0.172154 292.434300   0.157275
   871 490.914334 327.220161 283.699969 184.639350  49.973167  49.973167   0.000000   0.000000  50.332092 297.955437 290.793855   0.092220   0.172154 292.432391   0.157259
   872 489.294077 327.215891 282.564873 183.887690  49.794920  49.794920   0.000000   0.000000  50.131072 297.925096 290.792290   0.092188   0.172153 292.430424   0.157243
   873 487.670357 327.211316 281.427341 183.134239  49.616433  49.616433   0.000000   0.000000  49.929641 297.894634 290.790663   0.092156   0.172153 292.428398   0.157228
   874 486.043185 327.206437 280.287381 182.379004  49.437707  49.437707   0.000000   0.000000  49.727799 297.864050 290.788972   0.092125   0.172152 292.426313   0.157212
   875 484.412572 327.201253 279.145001 181.621990  49.258746  49.258746   0.000000   0.000000  49.525546 297.833346 290.787220   0.092093   0.172151 292.424169   0.157196
   876 482.778527 327.195762 278.000208 180.863202  49.079552  49.079552   0.000000   0.000000  49.322882 297.802519 290.785404   0.092062   0.172151 292.421966   0.157180
   877 481.141064 327.189965 276.853011 180.102646  48.900126  48.900126   0.000000   0.000000  49.119806 297.771571 290.783526   0.092031   0.172150 292.419703   0.157165
   878 479.500191 327.183861 275.703418 179.340328  48.720471  48.720471   0.000000   0.000000  48.916319 297.740502 290.781584   0.092000   0.172150 292.417380   0.157149
   879 477.855920 327.177449 274.551436 178.576253  48.540590  48.540590   0.000000   0.000000  48.712421 297.709311 290.779580   0.091969   0.172149 292.414998   0.157134
   880 476.208263 327.170729 273.397073 177.810428  48.360485  48.360485   0.000000   0.000000  48.508111 297.677998 290.777513   0.091938   0.172148 292.412555   0.157118
   881 474.557231 327.163700 272.240339 177.042858  48.180158  48.180158   0.000000   0.000000  48.303390 297.646563 290.775383   0.091908   0.172148 292.410052   0.157103
   882 472.902834 327.156361 271.081240 176.273549  47.999611  47.999611   0.000000   0.000000  48.098257 297.615006 290.773190   0.091878   0.172147 292.407488   0.157087
   883 471.245084 327.148712 269.919785 175.502507  47.818847  47.818847   0.000000   0.000000  47.892712 297.583328 290.770934   0.091847   0.172147 292.404864   0.157072
   884 469.583992 327.140752 268.755982 174.729737  47.637868  47.637868   0.000000   0.000000  47.686755 297.551527 290.768615   0.091817   0.172146 292.402178   0.157057
   885 467.919570 327.132481 267.589840 173.955247  47.456677  47.456677   0.000000   0.000000  47.480387 297.519605 290.766232   0.091788   0.172146 292.399432   0.157042
   886 466.251828 327.123898 266.421367 173.179042  47.275275  47.275275   0.000000   0.000000  47.273606 297.487560 290.763787   0.091758   0.172145 292.396624   0.157027
   887 464.580780 327.115002 265.250572 172.401129  47.093665  47.093665   0.000000   0.000000  47.066413 297.455393 290.761278   0.091728   0.172144 292.393754   0.157012
   888 462.906435 327.105792 264.077462 171.621513  46.911850  46.911850   0.000000   0.000000  46.858807 297.423104 290.758705   0.091699   0.172144 292.390822   0.156997
   889 461.228806 327.096269 262.902046 170.840201  46.729831  46.729831   0.000000   0.000000  46.650790 297.390692 290.756069   0.091670   0.172143 292.387829   0.156982
   890 459.547905 327.086431 261.724333 170.057199  46.547610  46.547610   0.000000   0.000000  46.442359 297.358158 290.753370   0.091640   0.172143 292.384773   0.156967
   891 457.863743 327.076278 260.544332 169.272513  46.365191  46.365191   0.000000   0.000000  46.233516 297.325501 290.750607   0.091611   0.172142 292.381654   0.156952
   892 456.176331 327.065809 259.362051 168.486151  46.182576  46.182576   0.000000   0.000000  46.024260 297.292722 290.747780   0.091583   0.172142 292.378473   0.156937
   893 454.485682 327.055024 258.177498 167.698118  45.999765  45.999765   0.000000   0.000000  45.814591 297.259820 290.744890   0.091554   0.172141 292.375228   0.156922
   894 452.791809 327.043922 256.990683 166.908421  45.816763  45.816763   0.000000   0.000000  45.604509 297.226795 290.741936   0.091525   0.172141 292.371921   0.156908
   895 451.094721 327.032502 255.801614 166.117067  45.633571  45.633571   0.000000   0.000000  45.394014 297.193648 290.738919   0.091497   0.172140 292.368550   0.156893
   896 449.394433 327.020764 254.610300 165.324063  45.450192  45.450192   0.000000   0.000000  45.183106 297.160378 290.735837   0.091469   0.172139 292.365115   0.156879
   897 447.690956 327.008707 253.416750 164.529414  45.266627  45.266627   0.000000   0.000000  44.971784 297.126984 290.732692   0.091441   0.172139 292.361616   0.156864
   898 445.984302 326.996330 252.220973 163.733129  45.082879  45.082879   0.000000   0.000000  44.760048 297.093468 290.729482   0.091413   0.172138 292.358054   0.156850
   899 444.274483 326.983633 251.022978 162.935213  44.898950  44.898950   0.000000   0.000000  44.547898 297.059828 290.726209   0.091385   0.172138 292.354426   0.156835
   900 442.561512 326.970615 249.822774 162.135674  44.714843  44.714843   0.000000   0.000000  44.335335 297.026066 290.722872   0.091357   0.172137 292.350734   0.156821
   901 440.845401 326.957275 248.620370 161.334519  44.530560  44.530560   0.000000   0.000000  44.122357 296.992180 290.719470   0.091330   0.172137 292.346978   0.156807
   902 439.126164 326.943614 247.415776 160.531754  44.346102  44.346102   0.000000   0.000000  43.908965 296.958170 290.716005   0.091303   0.172136 292.343156   0.156793
   903 437.403811 326.929630 246.209000 159.727388  44.161473  44.161473   0.000000   0.000000  43.695159 296.924037 290.712475   0.091275   0.172136 292.339268   0.156779
   904 435.678357 326.915322 245.000052 158.921427  43.976673  43.976673   0.000000   0.000000  43.480938 296.889781 290.708881   0.091248   0.172135 292.335315   0.156765
   905 433.949813 326.900690 243.788942 158.113878  43.791707  43.791707   0.000000   0.000000  43.266302 296.855401 290.705222   0.091222   0.172135 292.331296   0.156751
   906 432.218193 326.885734 242.575677 157.304749  43.606575  43.606575   0.000000   0.000000  43.051251 296.820897 290.701499   0.091195   0.172134 292.327211   0.156737
   907 430.483509 326.870452 241.360269 156.494047  43.421281  43.421281   0.000000   0.000000  42.835785 296.786270 290.697712   0.091168   0.172134 292.323060   0.156723
   908 428.745774 326.854844 240.142727 155.681779  43.235825  43.235825   0.000000   0.000000  42.619904 296.751519 290.693860   0.091142   0.172133 292.318841   0.156709
   909 427.005002 326.838909 238.923060 154.867954  43.050211  43.050211   0.000000   0.000000  42.403607 296.716643 290.689944   0.091116   0.172133 292.314556   0.156695
   910 425.261206 326.822647 237.701278 154.052579  42.864441  42.864441   0.000000   0.000000  42.186894 296.681644 290.685963   0.091089   0.172132 292.310204   0.156682
   911 423.514398 326.806057 236.477391 153.235661  42.678516  42.678516   0.000000   0.000000  41.969765 296.646520 290.681918   0.091063   0.172132 292.305784   0.156668
   912 421.764592 326.789139 235.251408 152.417208  42.492440  42.492440   0.000000   0.000000  41.752221 296.611273 290.677807   0.091038   0.172131 292.301296   0.156654
   913 420.011802 326.771891 234.023339 151.597228  42.306213  42.306213   0.000000   0.000000  41.534260 296.575901 290.673632   0.091012   0.172131 292.296740   0.156641
   914 418.256040 326.754313 232.793195 150.775729  42.119839  42.119839   0.000000   0.000000  41.315882 296.540405 290.669392   0.090986   0.172130 292.292116   0.156627
   915 416.497321 326.736405 231.560985 149.952719  41.933320  41.933320   0.000000   0.000000  41.097088 296.504784 290.665087   0.090961   0.172130 292.287424   0.156614
   916 414.735658 326.718165 230.326719 149.128206  41.746657  41.746657   0.000000   0.000000  40.877876 296.469039 290.660717   0.090936   0.172129 292.282662   0.156601
   917 412.971064 326.699594 229.090408 148.302198  41.559853  41.559853   0.000000   0.000000  40.658248 296.433169 290.656283   0.090911   0.172129 292.277831   0.156587
   918 411.203554 326.680689 227.852062 147.474704  41.372910  41.372910   0.000000   0.000000  40.438202 296.397174 290.651783   0.090886   0.172128 292.272931   0.156574
   919 409.433142 326.661452 226.611690 146.645731  41.185831  41.185831   0.000000   0.000000  40.217738 296.361054 290.647218   0.090861   0.172128 292.267961   0.156561
   920 407.659841 326.641880 225.369304 145.815288  40.998616  40.998616   0.000000   0.000000  39.996857 296.324810 290.642587   0.090836   0.172127 292.262921   0.156548
   921 405.883666 326.621974 224.124914 144.983384  40.811270  40.811270   0.000000   0.000000  39.775557 296.288440 290.637892   0.090812   0.172127 292.257811   0.156535
   922 404.104631 326.601733 222.878530 144.150026  40.623792  40.623792   0.000000   0.000000  39.553839 296.251946 290.633131   0.090787   0.172126 292.252630   0.156522
   923 402.322749 326.581155 221.630162 143.315225  40.436187  40.436187   0.000000   0.000000  39.331702 296.215326 290.628305   0.090763   0.172126 292.247378   0.156509
   924 400.538036 326.560241 220.379823 142.478987  40.248455  40.248455   0.000000   0.000000  39.109147 296.178581 290.623414   0.090739   0.172125 292.242055   0.156496
   925 398.750506 326.538990 219.127521 141.641323  40.060600  40.060600   0.000000   0.000000  38.886172 296.141711 290.618457   0.090715   0.172125 292.236660   0.156483
   926 396.960173 326.517401 217.873269 140.802241  39.872622  39.872622   0.000000   0.000000  38.662778 296.104715 290.613434   0.090691   0.172124 292.231193   0.156470
   927 395.167053 326.495473 216.617077 139.961751  39.684525  39.684525   0.000000   0.000000  38.438965 296.067593 290.608346   0.090668   0.172124 292.225654   0.156458
   928 393.371160 326.473205 215.358956 139.119860  39.496310  39.496310   0.000000   0.000000  38.214731 296.030346 290.603192   0.090644   0.172123 292.220043   0.156445
   929 391.572508 326.450598 214.098917 138.276579  39.307980  39.307980   0.000000   0.000000  37.990078 295.992973 290.597973   0.090621   0.172123 292.214358   0.156433
   930 389.771114 326.427649 212.836971 137.431916  39.119536  39.119536   0.000000   0.000000  37.765004 295.955475 290.592688   0.090598   0.172122 292.208601   0.156420
   931 387.966992 326.404359 211.573130 136.585881  38.930980  38.930980   0.000000   0.000000  37.539509 295.917850 290.587337   0.090575   0.172122 292.202770   0.156408
   932 386.160157 326.380728 210.307404 135.738484  38.742316  38.742316   0.000000   0.000000  37.313593 295.880099 290.581920   0.090552   0.172121 292.196865   0.156395
   933 384.350624 326.356753 209.039806 134.889734  38.553544  38.553544   0.000000   0.000000  37.087256 295.842222 290.576437   0.090529   0.172121 292.190886   0.156383
   934 382.538410 326.332434 207.770347 134.039641  38.364667  38.364667   0.000000   0.000000  36.860497 295.804219 290.570888   0.090506   0.172120 292.184832   0.156371
   935 380.723530 326.307772 206.499038 133.188214  38.175687  38.175687   0.000000   0.000000  36.633317 295.766090 290.565273   0.090484   0.172120 292.178703   0.156358
   936 378.905998 326.282764 205.225891 132.335463  37.986605  37.986605   0.000000   0.000000  36.405714 295.727834 290.559592   0.090461   0.172120 292.172499   0.156346
   937 377.085833 326.257411 203.950918 131.481399  37.797425  37.797425   0.000000   0.000000  36.177689 295.689451 290.553845   0.090439   0.172119 292.166220   0.156334
   938 375.263048 326.231712 202.674131 130.626031  37.608148  37.608148   0.000000   0.000000  35.949241 295.650942 290.548032   0.090417   0.172119 292.159864   0.156322
   939 373.437661 326.205665 201.395542 129.769369  37.418776  37.418776   0.000000   0.000000  35.720370 295.612306 290.542152   0.090395   0.172118 292.153432   0.156310
   940 371.609687 326.179271 200.115163 128.911425  37.229311  37.229311   0.000000   0.000000  35.491076 295.573543 290.536206   0.090373   0.172118 292.146924   0.156298
   941 369.779143 326.152528 198.833006 128.052208  37.039755  37.039755   0.000000   0.000000  35.261358 295.534653 290.530194   0.090352   0.172117 292.140338   0.156287
   942 367.946046 326.125436 197.549083 127.191728  36.850110  36.850110   0.000000   0.000000  35.031215 295.495636 290.524115   0.090330   0.172117 292.133675   0.156275
   943 366.110411 326.097995 196.263408 126.329997  36.660378  36.660378   0.000000   0.000000  34.800649 295.456492 290.517969   0.090309   0.172116 292.126933   0.156263
   944 364.272256 326.070202 194.975991 125.467026  36.470562  36.470562   0.000000   0.000000  34.569658 295.417220 290.511757   0.090288   0.172116 292.120114   0.156251
   945 362.431598 326.042058 193.686847 124.602824  36.280663  36.280663   0.000000   0.000000  34.338242 295.377822 290.505479   0.090267   0.172116 292.113216   0.156240
   946 360.588453 326.013563 192.395988 123.737404  36.090683  36.090683   0.000000   0.000000  34.106400 295.338295 290.499133   0.090246   0.172115 292.106239   0.156228
   947 358.742839 325.984714 191.103426 122.870775  35.900624  35.900624   0.000000   0.000000  33.874133 295.298641 290.492721   0.090225   0.172115 292.099182   0.156217
   948 356.894773 325.955512 189.809175 122.002951  35.710488  35.710488   0.000000   0.000000  33.641439 295.258859 290.486242   0.090204   0.172114 292.092045   0.156205
   949 355.044272 325.925956 188.513248 121.133941  35.520277  35.520277   0.000000   0.000000  33.408319 295.218950 290.479697   0.090184   0.172114 292.084828   0.156194
   950 353.191355 325.896044 187.215657 120.263758  35.329993  35.329993   0.000000   0.000000  33.174773 295.178912 290.473084   0.090163   0.172113 292.077531   0.156183
   951 351.336039 325.865778 185.916417 119.392412  35.139639  35.139639   0.000000   0.000000  32.940799 295.138747 290.466404   0.090143   0.172113 292.070152   0.156172
   952 349.478341 325.835154 184.615541 118.519917  34.949215  34.949215   0.000000   0.000000  32.706398 295.098453 290.459657   0.090123   0.172113 292.062691   0.156160
   953 347.618281 325.804174 183.313043 117.646283  34.758724  34.758724   0.000000   0.000000  32.471569 295.058031 290.452843   0.090103   0.172112 292.055148   0.156149
   954 345.755876 325.772836 182.008935 116.771523  34.568168  34.568168   0.000000   0.000000  32.236311 295.017480 290.445962   0.090083   0.172112 292.047523   0.156138
   955 343.891144 325.741139 180.703232 115.895649  34.377548  34.377548   0.000000   0.000000  32.000625 294.976801 290.439014   0.090064   0.172111 292.039815   0.156127
   956 342.024105 325.709082 179.395949 115.018674  34.186868  34.186868   0.000000   0.000000  31.764511 294.935994 290.431998   0.090044   0.172111 292.032023   0.156116
   957 340.154777 325.676666 178.087099 114.140609  33.996128  33.996128   0.000000   0.000000  31.527966 294.895057 290.424915   0.090025   0.172110 292.024148   0.156105
   958 338.283178 325.643889 176.776696 113.261468  33.805330  33.805330   0.000000   0.000000  31.290992 294.853992 290.417765   0.090006   0.172110 292.016188   0.156095
   959 336.409329 325.610750 175.464755 112.381263  33.614477  33.614477   0.000000   0.000000  31.053588 294.812797 290.410547   0.089987   0.172110 292.008143   0.156084
   960 334.533249 325.577249 174.151290 111.500008  33.423570  33.423570   0.000000   0.000000  30.815753 294.771474 290.403261   0.089968   0.172109 292.000012   0.156073
   961 332.654956 325.543385 172.836317 110.617715  33.232611  33.232611   0.000000   0.000000  30.577487 294.730021 290.395908   0.089949   0.172109 291.991796   0.156063
   962 330.774471 325.509157 171.519849 109.734397  33.041602  33.041602   0.000000   0.000000  30.338790 294.688439 290.388488   0.089930   0.172108 291.983493   0.156052
   963 328.891814 325.474565 170.201903 108.850069  32.850544  32.850544   0.000000   0.000000  30.099661 294.646728 290.380999   0.089912   0.172108 291.975104   0.156042
   964 327.007004 325.439607 168.882493 107.964743  32.659441  32.659441   0.000000   0.000000  29.860100 294.604887 290.373443   0.089893   0.172108 291.966626   0.156031
   965 325.120062 325.404284 167.561635 107.078434  32.468293  32.468293   0.000000   0.000000  29.620106 294.562916 290.365819   0.089875   0.172107 291.958061   0.156021
   966 323.231009 325.368593 166.239343 106.191155  32.277102  32.277102   0.000000   0.000000  29.379679 294.520815 290.358127   0.089857   0.172107 291.949407   0.156010
   967 321.339864 325.332535 164.915635 105.302921  32.085871  32.085871   0.000000   0.000000  29.138819 294.478584 290.350367   0.089839   0.172107 291.940664   0.156000
   968 319.446650 325.296109 163.590525 104.413745  31.894600  31.894600   0.000000   0.000000  28.897525 294.436224 290.342538   0.089821   0.172106 291.931831   0.155990
   969 317.551387 325.259313 162.264030 103.523643  31.703293  31.703293   0.000000   0.000000  28.655797 294.393733 290.334642   0.089803   0.172106 291.922908   0.155980
   970 315.654097 325.222148 160.936166 102.632630  31.511949  31.511949   0.000000   0.000000  28.413633 294.351112 290.326678   0.089786   0.172105 291.913894   0.155970
   971 313.754801 325.184612 159.606949 101.740719  31.320573  31.320573   0.000000   0.000000  28.171035 294.308360 290.318645   0.089768   0.172105 291.904789   0.155960
   972 311.853521 325.146705 158.276395 100.847926  31.129164  31.129164   0.000000   0.000000  27.928001 294.265477 290.310544   0.089751   0.172105 291.895591   0.155950
   973 309.950279 325.108426 156.944523  99.954266  30.937725  30.937725   0.000000   0.000000  27.684531 294.222464 290.302375   0.089734   0.172104 291.886301   0.155940
   974 308.045098 325.069774 155.611348  99.059756  30.746258  30.746258   0.000000   0.000000  27.440625 294.179321 290.294138   0.089717   0.172104 291.876917   0.155930
   975 306.138000 325.030748 154.276888  98.164410  30.554764  30.554764   0.000000   0.000000  27.196281 294.136046 290.285831   0.089700   0.172104 291.867440   0.155920
   976 304.229007 324.991348 152.941160  97.268244  30.363245  30.363245   0.000000   0.000000  26.951501 294.092640 290.277457   0.089683   0.172103 291.857867   0.155911
   977 302.318144 324.951572 151.604181  96.371275  30.171703  30.171703   0.000000   0.000000  26.706282 294.049103 290.269013   0.089667   0.172103 291.848199   0.155901
   978 300.405433 324.911421 150.265971  95.473519  29.980139  29.980139   0.000000   0.000000  26.460625 294.005434 290.260501   0.089650   0.172102 291.838435   0.155891
   979 298.490897 324.870893 148.926545  94.574992  29.788555  29.788555   0.000000   0.000000  26.214529 293.961634 290.251921   0.089634   0.172102 291.828575   0.155882
   980 296.574562 324.829988 147.585923  93.675711  29.596954  29.596954   0.000000   0.000000  25.967994 293.917702 290.243271   0.089618   0.172102 291.818616   0.155872
   981 294.656451 324.788705 146.244124  92.775694  29.405335  29.405335   0.000000   0.000000  25.721019 293.873639 290.234553   0.089602   0.172101 291.808560   0.155863
   982 292.736589 324.747042 144.901165  91.874958  29.213702  29.213702   0.000000   0.000000  25.473604 293.829444 290.225765   0.089586   0.172101 291.798405   0.155854
   983 290.814999 324.705000 143.557066  90.973519  29.022056  29.022056   0.000000   0.000000  25.225749 293.785116 290.216909   0.089570   0.172101 291.788149   0.155844
   984 288.891708 324.662578 142.211846  90.071397  28.830398  28.830398   0.000000   0.000000  24.977452 293.740657 290.207984   0.089554   0.172100 291.777793   0.155835
   985 286.966741 324.619774 140.865525  89.168609  28.638730  28.638730   0.000000   0.000000  24.728714 293.696065 290.198989   0.089539   0.172100 291.767336   0.155826
   986 285.040124 324.576588 139.518121  88.265173  28.447054  28.447054   0.000000   0.000000  24.479533 293.651341 290.189925   0.089523   0.172100 291.756777   0.155817
   987 283.111882 324.533019 138.169656  87.361107  28.255371  28.255371   0.000000   0.000000  24.229910 293.606484 290.180792   0.089508   0.172099 291.746115   0.155808
   988 281.182042 324.489067 136.820148  86.456432  28.063682  28.063682   0.000000   0.000000  23.979844 293.561495 290.171590   0.089493   0.172099 291.735348   0.155799
   989 279.250631 324.444731 135.469619  85.551166  27.871990  27.871990   0.000000   0.000000  23.729335 293.516373 290.162319   0.089478   0.172099 291.724477   0.155790
   990 277.317675 324.400009 134.118089  84.645328  27.680295  27.680295   0.000000   0.000000  23.478381 293.471118 290.152977   0.089463   0.172098 291.713500   0.155781
   991 275.383203 324.354902 132.765580  83.738938  27.488600  27.488600   0.000000   0.000000  23.226983 293.425730 290.143567   0.089449   0.172098 291.702417   0.155772
   992 273.447242 324.309408 131.412113  82.832016  27.296905  27.296905   0.000000   0.000000  22.975140 293.380208 290.134087   0.089434   0.172098 291.691226   0.155764
   993 271.509819 324.263527 130.057708  81.924583  27.105213  27.105213   0.000000   0.000000  22.722851 293.334553 290.124537   0.089420   0.172097 291.679926   0.155755
   994 269.570965 324.217258 128.702389  81.016659  26.913524  26.913524   0.000000   0.000000  22.470117 293.288765 290.114917   0.089406   0.172097 291.668516   0.155747
   995 267.630707 324.170600 127.346178  80.108265  26.721841  26.721841   0.000000   0.000000  22.216936 293.242843 290.105228   0.089391   0.172097 291.656996   0.155738
   996 265.689074 324.123553 125.989096  79.199423  26.530164  26.530164   0.000000   0.000000  21.963308 293.196787 290.095469   0.089377   0.172096 291.645365   0.155730
   997 263.746098 324.076115 124.631168  78.290154  26.338495  26.338495   0.000000   0.000000  21.709232 293.150598 290.085639   0.089364   0.172096 291.633620   0.155721
   998 261.801807 324.028287 123.272416  77.380480  26.146835  26.146835   0.000000   0.000000  21.454709 293.104274 290.075740   0.089350   0.172096 291.621762   0.155713
   999 259.856233 323.980066 121.912863  76.470424  25.955186  25.955186   0.000000   0.000000  21.199737 293.057816 290.065771   0.089336   0.172095 291.609788   0.155704
  1000 257.909406 323.931454 120.552534  75.560008  25.763549  25.763549   0.000000   0.000000  20.944317 293.011224 290.055732   0.089323   0.172095 291.597698   0.155696
  1001 255.961358 323.882448 119.191453  74.649256  25.571925  25.571925   0.000000   0.000000  20.688446 292.964498 290.045622   0.089310   0.172095 291.585490   0.155688
  1002 254.012122 323.833048 117.829645  73.738191  25.380315  25.380315   0.000000   0.000000  20.432126 292.917636 290.035443   0.089296   0.172094 291.573163   0.155680
  1003 252.061728 323.783253 116.467134  72.826836  25.188722  25.188722   0.000000   0.000000  20.175356 292.870641 290.025193   0.089283   0.172094 291.560716   0.155672
  1004 250.110211 323.733064 115.103947  71.915218  24.997145  24.997145   0.000000   0.000000  19.918135 292.823510 290.014872   0.089270   0.172094 291.548148   0.155664
  1005 248.157603 323.682478 113.740108  71.003359  24.805586  24.805586   0.000000   0.000000  19.660462 292.776244 290.004481   0.089258   0.172094 291.535456   0.155656
  1006 246.203939 323.631496 112.375645  70.091285  24.614047  24.614047   0.000000   0.000000  19.402337 292.728843 289.994020   0.089245   0.172093 291.522640   0.155648
  1007 244.249254 323.580116 111.010584  69.179022  24.422528  24.422528   0.000000   0.000000  19.143760 292.681307 289.983488   0.089233   0.172093 291.509698   0.155640
  1008 242.293581 323.528338 109.644952  68.266597  24.231031  24.231031   0.000000   0.000000  18.884730 292.633635 289.972886   0.089220   0.172093 291.496628   0.155633
  1009 240.336957 323.476162 108.278776  67.354035  24.039556  24.039556   0.000000   0.000000  18.625247 292.585828 289.962212   0.089208   0.172092 291.483429   0.155625
  1010 238.379418 323.423586 106.912085  66.441363  23.848105  23.848105   0.000000   0.000000  18.365310 292.537885 289.951468   0.089196   0.172092 291.470099   0.155617
  1011 236.421000 323.370610 105.544908  65.528610  23.656679  23.656679   0.000000   0.000000  18.104919 292.489806 289.940653   0.089184   0.172092 291.456636   0.155610
  1012 234.461742 323.317234 104.177272  64.615802  23.465278  23.465278   0.000000   0.000000  17.844072 292.441592 289.929767   0.089172   0.172092 291.443038   0.155602
  1013 232.501680 323.263457 102.809209  63.702970  23.273903  23.273903   0.000000   0.000000  17.582771 292.393241 289.918810   0.089160   0.172091 291.429303   0.155595
  1014 230.540853 323.209277 101.440747  62.790141  23.082556  23.082556   0.000000   0.000000  17.321014 292.344754 289.907782   0.089149   0.172091 291.415430   0.155587
  1015 228.579301 323.154696 100.071917  61.877346  22.891237  22.891237   0.000000   0.000000  17.058800 292.296130 289.896683   0.089137   0.172091 291.401416   0.155580
  1016 226.617064 323.099711  98.702751  60.964614  22.699947  22.699947   0.000000   0.000000  16.796130 292.247371 289.885513   0.089126   0.172090 291.387259   0.155573
  1017 224.654181 323.044323  97.333279  60.051977  22.508687  22.508687   0.000000   0.000000  16.533003 292.198474 289.874271   0.089115   0.172090 291.372956   0.155566
  1018 222.690695 322.988531  95.963535  59.139466  22.317457  22.317457   0.000000   0.000000  16.269418 292.149441 289.862958   0.089104   0.172090 291.358505   0.155559
  1019 220.726647 322.932335  94.593551  58.227113  22.126257  22.126257   0.000000   0.000000  16.005375 292.100270 289.851574   0.089093   0.172090 291.343904   0.155552
  1020 218.762080 322.875733  93.223360  57.314950  21.935090  21.935090   0.000000   0.000000  15.740874 292.050963 289.840118   0.089082   0.172089 291.329149   0.155545
  1021 216.797037 322.818726  91.852996  56.403012  21.743954  21.743954   0.000000   0.000000  15.475913 292.001519 289.828591   0.089072   0.172089 291.314238   0.155538
  1022 214.831564 322.761313  90.482495  55.491331  21.552851  21.552851   0.000000   0.000000  15.210493 291.951937 289.816992   0.089061   0.172089 291.299167   0.155531
  1023 212.865704 322.703493  89.111891  54.579944  21.361781  21.361781   0.000000   0.000000  14.944614 291.902218 289.805321   0.089051   0.172089 291.283933   0.155524
  1024 210.899504 322.645267  87.741221  53.668884  21.170743  21.170743   0.000000   0.000000  14.678273 291.852361 289.793579   0.089041   0.172088 291.268533   0.155517
  1025 208.933011 322.586634  86.370521  52.758189  20.979739  20.979739   0.000000   0.000000  14.411473 291.802366 289.781765   0.089031   0.172088 291.252963   0.155510
  1026 206.966271 322.527593  84.999828  51.847895  20.788769  20.788769   0.000000   0.000000  14.144210 291.752234 289.769879   0.089021   0.172088 291.237219   0.155504
  1027 204.999335 322.468144  83.629182  50.938041  20.597832  20.597832   0.000000   0.000000  13.876487 291.701963 289.757920   0.089011   0.172088 291.221296   0.155497
  1028 203.032251 322.408288  82.258620  50.028664  20.406929  20.406929   0.000000   0.000000  13.608301 291.651555 289.745890   0.089001   0.172087 291.205189   0.155491
  1029 201.065070 322.348023  80.888183  49.119805  20.216059  20.216059   0.000000   0.000000  13.339653 291.601008 289.733788   0.088992   0.172087 291.188894   0.155484
  1030 199.097843 322.287350  79.517911  48.211503  20.025222  20.025222   0.000000   0.000000  13.070542 291.550323 289.721614   0.088982   0.172087 291.172405   0.155478
  1031 197.130622 322.226268  78.147846  47.303801  19.834419  19.834419   0.000000   0.000000  12.800967 291.499500 289.709367   0.088973   0.172087 291.155715   0.155471
  1032 195.163462 322.164778  76.778030  46.396739  19.643647  19.643647   0.000000   0.000000  12.530929 291.448538 289.697048   0.088964   0.172086 291.138817   0.155465
  1033 193.196416 322.102879  75.408507  45.490362  19.452908  19.452908   0.000000   0.000000  12.260427 291.397437 289.684657   0.088955   0.172086 291.121704   0.155459
  1034 191.229541 322.040572  74.039319  44.584714  19.262199  19.262199   0.000000   0.000000  11.989460 291.346197 289.672193   0.088946   0.172086 291.104367   0.155453
  1035 189.262893 321.977856  72.670514  43.679840  19.071521  19.071521   0.000000   0.000000  11.718028 291.294818 289.659656   0.088938   0.172086 291.086796   0.155447
  1036 187.296530 321.914731  71.302135  42.775786  18.880873  18.880873   0.000000   0.000000  11.446131 291.243300 289.647047   0.088929   0.172085 291.068979   0.155441
  1037 185.330511 321.851199  69.934232  41.872600  18.690253  18.690253   0.000000   0.000000  11.173768 291.191643 289.634366   0.088920   0.172085 291.050903   0.155435
  1038 183.364898 321.787258  68.566852  40.970331  18.499660  18.499660   0.000000   0.000000  10.900939 291.139846 289.621611   0.088912   0.172085 291.032551   0.155429
  1039 181.399751 321.722910  67.200044  40.069029  18.309092  18.309092   0.000000   0.000000  10.627643 291.087910 289.608784   0.088904   0.172085 291.013901   0.155423
  1040 179.435134 321.658155  65.833859  39.168745  18.118548  18.118548   0.000000   0.000000  10.353880 291.035834 289.595884   0.088896   0.172085 290.994927   0.155417
  1041 177.471110 321.592994  64.468348  38.269531  17.928027  17.928027   0.000000   0.000000  10.079650 290.983619 289.582911   0.088888   0.172084 290.975589   0.155412
  1042 175.507747 321.527427  63.103564  37.371442  17.737525  17.737525   0.000000   0.000000   9.804951 290.931263 289.569865   0.088880   0.172084 290.955814   0.155406
  1043 173.545112 321.461455  61.739563  36.474534  17.547041  17.547041   0.000000   0.000000   9.529785 290.878767 289.556746   0.088873   0.172084 290.935424   0.155400
  1044 171.583272 321.395078  60.376398  35.578862  17.356571  17.356571   0.000000   0.000000   9.254150 290.826132 289.543554   0.088865   0.172084 290.914435   0.155395
  1045 169.622299 321.328299  59.014126  34.684487  17.166115  17.166115   0.000000   0.000000   8.978045 290.773355 289.530288   0.088858   0.172084 290.892868   0.155389
  1046 167.662264 321.261117  57.652807  33.791468  16.975667  16.975667   0.000000   0.000000   8.701471 290.720439 289.516949   0.088850   0.172083 290.870734   0.155384
  1047 165.703242 321.193535  56.292500  32.899867  16.785224  16.785224   0.000000   0.000000   8.424426 290.667382 289.503537   0.088843   0.172083 290.848047   0.155378
  1048 163.745307 321.125553  54.933265  32.009748  16.594784  16.594784   0.000000   0.000000   8.146910 290.614183 289.490052   0.088836   0.172083 290.824815   0.155373
  1049 161.788537 321.057174  53.575166  31.121177  16.404341  16.404341   0.000000   0.000000   7.868924 290.560844 289.476492   0.088830   0.172083 290.801050   0.155368
  1050 159.833010 320.988400  52.218268  30.234221  16.213891  16.213891   0.000000   0.000000   7.590465 290.507364 289.462860   0.088823   0.172083 290.776761   0.155363
  1051 157.878808 320.919231  50.862636  29.348952  16.023428  16.023428   0.000000   0.000000   7.311533 290.453743 289.449153   0.088816   0.172082 290.751959   0.155358
  1052 155.926012 320.849671  49.508339  28.465440  15.832949  15.832949   0.000000   0.000000   7.032128 290.399980 289.435373   0.088810   0.172082 290.726653   0.155353
  1053 153.974709 320.779723  48.155446  27.583761  15.642445  15.642445   0.000000   0.000000   6.752249 290.346075 289.421519   0.088804   0.172082 290.700851   0.155348
  1054 152.024984 320.709388  46.804029  26.703991  15.451911  15.451911   0.000000   0.000000   6.471895 290.292029 289.407591   0.088797   0.172082 290.674562   0.155343
  1055 150.076927 320.638670  45.454163  25.826211  15.261339  15.261339   0.000000   0.000000   6.191065 290.237840 289.393589   0.088791   0.172082 290.647795   0.155338
  1056 148.130629 320.567572  44.105923  24.950503  15.070721  15.070721   0.000000   0.000000   5.909758 290.183509 289.379513   0.088786   0.172081 290.620557   0.155333
  1057 146.186183 320.496099  42.759387  24.076952  14.880049  14.880049   0.000000   0.000000   5.627973 290.129036 289.365363   0.088780   0.172081 290.592855   0.155328
  1058 144.243686 320.424254  41.414637  23.205647  14.689313  14.689313   0.000000   0.000000   5.345709 290.074420 289.351139   0.088774   0.172081 290.564698   0.155324
  1059 142.303235 320.352042  40.071755  22.336680  14.498501  14.498501   0.000000   0.000000   5.062964 290.019660 289.336841   0.088769   0.172081 290.536091   0.155319
  1060 140.364932 320.279469  38.730827  21.470147  14.307603  14.307603   0.000000   0.000000   4.779737 289.964757 289.322468   0.088763   0.172081 290.507042   0.155314
  1061 138.428880 320.206539  37.391941  20.606148  14.116606  14.116606   0.000000   0.000000   4.496026 289.909711 289.308021   0.088758   0.172081 290.477556   0.155310
  1062 136.495185 320.133259  36.055189  19.744786  13.925495  13.925495   0.000000   0.000000   4.211829 289.854520 289.293499   0.088753   0.172080 290.447640   0.155305
  1063 134.563957 320.059636  34.720665  18.886170  13.734254  13.734254   0.000000   0.000000   3.927145 289.799184 289.278903   0.088748   0.172080 290.417299   0.155301
  1064 132.635306 319.985678  33.388467  18.030413  13.542868  13.542868   0.000000   0.000000   3.641970 289.743704 289.264232   0.088743   0.172080 290.386539   0.155297
  1065 130.709350 319.911393  32.058695  17.177634  13.351315  13.351315   0.000000   0.000000   3.356302 289.688077 289.249486   0.088739   0.172080 290.355364   0.155292
  1066 128.786205 319.836791  30.731454  16.327956  13.159575  13.159575   0.000000   0.000000   3.070138 289.632305 289.234666   0.088734   0.172080 290.323779   0.155288
  1067 126.865993 319.761882  29.406853  15.481511  12.967625  12.967625   0.000000   0.000000   2.783474 289.576385 289.219770   0.088730   0.172080 290.291789   0.155284
  1068 124.948838 319.686678  28.085004  14.638437  12.775437  12.775437   0.000000   0.000000   2.496306 289.520319 289.204800   0.088726   0.172079 290.259397   0.155280
  1069 123.034870 319.611192  26.766024  13.798878  12.582983  12.582983   0.000000   0.000000   2.208630 289.464103 289.189754   0.088721   0.172079 290.226607   0.155276
  1070 121.124219 319.535439  25.450035  12.962990  12.390228  12.390228   0.000000   0.000000   1.920440 289.407738 289.174634   0.088718   0.172079 290.193422   0.155272
  1071 119.217022 319.459434  24.137164  12.130934  12.197136  12.197136   0.000000   0.000000   1.631731 289.351223 289.159438   0.088714   0.172079 290.159846   0.155268
  1072 117.313418 319.383198  22.827544  11.302887  12.003663  12.003663   0.000000   0.000000   1.342495 289.294556 289.144166   0.088710   0.172079 290.125880   0.155264
  1073 115.413551 319.306750  21.521313  10.479034  11.809762  11.809762   0.000000   0.000000   1.052725 289.237735 289.128820   0.088706   0.172079 290.091527   0.155261
  1074 113.517567 319.230114  20.218618   9.659577  11.615376  11.615376   0.000000   0.000000   0.762411 289.180760 289.113397   0.088703   0.172079 290.056788   0.155257
  1075 111.625621 319.153318  18.919611   8.844733  11.420442  11.420442   0.000000   0.000000   0.471544 289.123629 289.097899   0.088700   0.172078 290.021663   0.155253
  1076 109.737867 319.076392  17.624453   8.034738  11.224884  11.224884   0.000000   0.000000   0.180109 289.066338 289.082325   0.088697   0.172078 289.986153   0.155250
  1077 107.854467 318.999372  16.333316   7.229852  11.028617  11.028617   0.000000   0.000000  -0.111907 289.008886 289.066675   0.088694   0.172078 289.950258   0.155246
  1078 105.975587 318.922298  15.046382   6.430360  10.831538  10.831538   0.000000   0.000000  -0.404521 288.951269 289.050948   0.088691   0.172078 289.913975   0.155243
  1079 104.101399 318.845219  13.763844   5.636584  10.633521  10.633521   0.000000   0.000000  -0.697754 288.893484 289.035146   0.088688   0.172078 289.877303   0.155239
  1080 102.232079 318.768190  12.485913   4.848884  10.434418  10.434418   0.000000   0.000000  -0.991630 288.835527 289.019266   0.088686   0.172078 289.840238   0.155236
  1081 100.367808 318.691279  11.212813   4.067674  10.234039  10.234039   0.000000   0.000000  -1.286178 288.777391 289.003310   0.088683   0.172078 289.802773   0.155233
  1082  98.508775 318.614563   9.944792   3.293446  10.032147  10.032147   0.000000   0.000000  -1.581435 288.719071 288.987278   0.088681   0.172078 289.764902   0.155230
  1083  96.655172 318.538141   8.682124   2.526789   9.828433   9.828433   0.000000   0.000000  -1.877446 288.660558 288.971167   0.088679   0.172077 289.726614   0.155226
  1084  94.807198 318.462129   7.425119   1.768441   9.622466   9.622466   0.000000   0.000000  -2.174268 288.601840 288.954980   0.088677   0.172077 289.687897   0.155223
  1085  92.965060 318.386677   6.174128   1.019376   9.413614   9.413614   0.000000   0.000000  -2.471980 288.542902 288.938714   0.088675   0.172077 289.648730   0.155220
  1086  91.128970 318.311975   4.929571   0.281016   9.200809   9.200809   0.000000   0.000000  -2.770685 288.483722 288.922370   0.088673   0.172077 289.609089   0.155217
  1087  89.299147 318.238276   3.691961  -0.444066   8.981561   8.981561   0.000000   0.000000  -3.070536 288.424267 288.905947   0.088672   0.172077 289.567142   0.155215
  1088  87.475817 318.181090   2.475754  -1.177394   8.729896   8.729896   0.000000   0.000000  -3.371761 288.366392 288.889453   0.088671   0.172077 289.527269   0.155212
  1089  85.659214 318.116234   1.249948  -1.838116   8.490971   8.490971   0.000000   0.000000  -3.661425 288.306529 288.872878   0.088669   0.172077 289.485788   0.155209
  1090  83.849579 318.044743   0.033339  -2.482342   8.252157   8.252157   0.000000   0.000000  -3.964447 288.244859 288.856217   0.088668   0.172077 289.442867   0.155206
  1091  82.047162 317.967106  -1.174345  -3.109477   8.014073   8.014073   0.000000   0.000000  -4.279507 288.181476 288.839462   0.088668   0.172077 289.398584   0.155204
  1092  80.252219 317.883778  -2.372958  -3.720143   7.776966   7.776966   0.000000   0.000000  -4.605905 288.116470 288.822607   0.088667   0.172076 289.353011   0.155201
  1093  78.465017 317.795179  -3.562374  -4.314928   7.541073   7.541073   0.000000   0.000000  -4.942959 288.049930 288.805645   0.088667   0.172076 289.306220   0.155199
  1094  76.685832 317.701690  -4.742481  -4.894413   7.306612   7.306612   0.000000   0.000000  -5.290003 287.981944 288.788572   0.088666   0.172076 289.258274   0.155197
  1095  74.914947 317.603664  -5.913171  -5.459161   7.073785   7.073785   0.000000   0.000000  -5.646397 287.912595 288.771383   0.088666   0.172076 289.209237   0.155194
  1096  73.152656 317.501424  -7.074344  -6.009717   6.842774   6.842774   0.000000   0.000000  -6.011518 287.841964 288.754073   0.088666   0.172076 289.159168   0.155192
  1097  71.399264 317.395267  -8.225903  -6.546604   6.613747   6.613747   0.000000   0.000000  -6.384763 287.770132 288.736639   0.088667   0.172076 289.108123   0.155190
  1098  69.655086 317.285467  -9.367750  -7.070324   6.386853   6.386853   0.000000   0.000000  -6.765547 287.697174 288.719075   0.088667   0.172076 289.056157   0.155188
  1099  67.920446 317.172276 -10.499789  -7.581354   6.162227   6.162227   0.000000   0.000000  -7.153306 287.623167 288.701380   0.088668   0.172076 289.003323   0.155186
  1100  66.195682 317.055928 -11.621917  -8.080146   5.939990   5.939990   0.000000   0.000000  -7.547493 287.548182 288.683550   0.088669   0.172076 288.949671   0.155184
  1101  64.481141 316.936638 -12.734030  -8.567124   5.720249   5.720249   0.000000   0.000000  -7.947576 287.472291 288.665583   0.088669   0.172076 288.895250   0.155183
  1102  62.777185 316.814605 -13.836015  -9.042688   5.503098   5.503098   0.000000   0.000000  -8.353044 287.395563 288.647477   0.088671   0.172076 288.840106   0.155181
  1103  61.084186 316.690014 -14.927752  -9.507210   5.288621   5.288621   0.000000   0.000000  -8.763400 287.318063 288.629229   0.088672   0.172076 288.784286   0.155179
  1104  59.402531 316.563036 -16.009113  -9.961037   5.076891   5.076891   0.000000   0.000000  -9.178162 287.239858 288.610838   0.088673   0.172076 288.727834   0.155177
  1105  57.732620 316.433832 -17.079962 -10.404489   4.867970   4.867970   0.000000   0.000000  -9.596863 287.161010 288.592303   0.088675   0.172076 288.670792   0.155176
  1106  56.074865 316.302548 -18.140150 -10.837861   4.661915   4.661915   0.000000   0.000000 -10.019052 287.081582 288.573623   0.088677   0.172075 288.613203   0.155174
  1107  54.429697 316.169324 -19.189518 -11.261425   4.458773   4.458773   0.000000   0.000000 -10.444287 287.001633 288.554796   0.088678   0.172075 288.555108   0.155173
  1108  52.797558 316.034288 -20.227896 -11.675427   4.258585   4.258585   0.000000   0.000000 -10.872141 286.921224 288.535824   0.088680   0.172075 288.496547   0.155172
  1109  51.178907 315.897562 -21.255100 -12.080091   4.061385   4.061385   0.000000   0.000000 -11.302197 286.840412 288.516704   0.088683   0.172075 288.437560   0.155170
  1110  49.574220 315.759257 -22.270937 -12.475619   3.867206   3.867206   0.000000   0.000000 -11.734047 286.759253 288.497438   0.088685   0.172075 288.378185   0.155169
  1111  47.983988 315.619480 -23.275197 -12.862192   3.676071   3.676071   0.000000   0.000000 -12.167294 286.677805 288.478026   0.088687   0.172075 288.318461   0.155168
  1112  46.408721 315.478330 -24.267659 -13.239967   3.488002   3.488002   0.000000   0.000000 -12.601549 286.596121 288.458468   0.088690   0.172075 288.258424   0.155167
  1113  44.848946 315.335901 -25.248088 -13.609083   3.303018   3.303018   0.000000   0.000000 -13.036427 286.514257 288.438765   0.088693   0.172075 288.198112   0.155166
  1114  43.305206 315.192280 -26.216235 -13.969658   3.121134   3.121134   0.000000   0.000000 -13.471555 286.432266 288.418918   0.088696   0.172075 288.137562   0.155165
  1115  41.778066 315.047550 -27.171836 -14.321789   2.942362   2.942362   0.000000   0.000000 -13.906563 286.350201 288.398927   0.088699   0.172075 288.076809   0.155164
  1116  40.268108 314.901791 -28.114612 -14.665552   2.766712   2.766712   0.000000   0.000000 -14.341086 286.268115 288.378796   0.088702   0.172075 288.015888   0.155163
  1117  38.775935 314.755074 -29.044271 -15.001001   2.594190   2.594190   0.000000   0.000000 -14.774767 286.186059 288.358524   0.088705   0.172075 287.954835   0.155162
  1118  37.302169 314.607470 -29.960503 -15.328164   2.424801   2.424801   0.000000   0.000000 -15.207252 286.104086 288.338114   0.088709   0.172075 287.893683   0.155162
  1119  35.847451 314.459045 -30.862982 -15.647040   2.258545   2.258545   0.000000   0.000000 -15.638195 286.022245 288.317568   0.088712   0.172075 287.832464   0.155161
  1120  34.412445 314.309859 -31.751365 -15.957594   2.095418   2.095418   0.000000   0.000000 -16.067255 285.940587 288.296887   0.088716   0.172075 287.771209   0.155160
  1121  32.997835 314.159969 -32.625287 -16.259738   1.935411   1.935411   0.000000   0.000000 -16.494104 285.859157 288.276075   0.088720   0.172075 287.709942   0.155160
  1122  31.604325 314.009430 -33.484363 -16.553300   1.778503   1.778503   0.000000   0.000000 -16.918426 285.778000 288.255133   0.088724   0.172075 287.648680   0.155159
  1123  30.232639 313.858286 -34.328177 -16.837915   1.624647   1.624647   0.000000   0.000000 -17.339937 285.697149 288.234065   0.088728   0.172075 287.587407   0.155158
  1124  28.883524 313.706539 -35.156291 -17.112508   1.473586   1.473586   0.000000   0.000000 -17.758415 285.616609 288.212872   0.088732   0.172075 287.526131   0.155158
  1125  27.557745 313.554188 -35.968112 -17.377306   1.325205   1.325205   0.000000   0.000000 -18.173847 285.536426 288.191558   0.088736   0.172075 287.464898   0.155158
  1126  26.256087 313.401252 -36.763212 -17.632725   1.179594   1.179594   0.000000   0.000000 -18.585926 285.456669 288.170126   0.088741   0.172075 287.403772   0.155157
  1127  24.979356 313.247753 -37.541253 -17.879080   1.036875   1.036875   0.000000   0.000000 -18.994193 285.377412 288.148578   0.088745   0.172075 287.342816   0.155157
  1128  23.728372 313.093716 -38.301901 -18.116651   0.897161   0.897161   0.000000   0.000000 -19.398158 285.298730 288.126918   0.088750   0.172075 287.282098   0.155157
  1129  22.503974 312.939167 -39.044818 -18.345695   0.760554   0.760554   0.000000   0.000000 -19.797316 285.220698 288.105150   0.088754   0.172075 287.221681   0.155156
  1130  21.307016 312.784133 -39.769655 -18.566454   0.627145   0.627145   0.000000   0.000000 -20.191160 285.143395 288.083278   0.088759   0.172075 287.161632   0.155156
  1131  20.138363 312.628642 -40.476055 -18.779152   0.497014   0.497014   0.000000   0.000000 -20.579177 285.066899 288.061306   0.088764   0.172075 287.102016   0.155156
  1132  18.998891 312.472724 -41.163655 -18.983997   0.370232   0.370232   0.000000   0.000000 -20.960853 284.991287 288.039240   0.088769   0.172075 287.042898   0.155156
  1133  17.889482 312.316409 -41.832086 -19.181184   0.246860   0.246860   0.000000   0.000000 -21.335672 284.916638 288.017083   0.088774   0.172075 286.984343   0.155156
  1134  16.811021 312.159727 -42.480976 -19.370894   0.126952   0.126952   0.000000   0.000000 -21.703119 284.843030 287.994842   0.088779   0.172075 286.926415   0.155156
  1135  15.764393 312.002708 -43.109954 -19.553295   0.010555   0.010555   0.000000   0.000000 -22.062681 284.770542 287.972521   0.088785   0.172075 286.869178   0.155156
  1136  14.750473 311.845385 -43.718651 -19.728544  -0.102290  -0.102290   0.000000   0.000000 -22.413850 284.699252 287.950126   0.088790   0.172075 286.812696   0.155156
  1137  13.770128 311.687788 -44.306703 -19.896787  -0.211549  -0.211549   0.000000   0.000000 -22.756121 284.629235 287.927664   0.088796   0.172075 286.757031   0.155156
  1138  12.824200 311.529949 -44.873758 -20.058158  -0.317196  -0.317196   0.000000   0.000000 -23.089000 284.560567 287.905139   0.088801   0.172075 286.702242   0.155156
  1139  11.913507 311.371899 -45.419478 -20.212784  -0.419208  -0.419208   0.000000   0.000000 -23.412003 284.493322 287.882560   0.088807   0.172075 286.648391   0.155156
  1140  11.038830 311.213671 -45.943544 -20.360782  -0.517569  -0.517569   0.000000   0.000000 -23.724662 284.427571 287.859932   0.088813   0.172075 286.595534   0.155156
  1141  10.200901 311.055296 -46.445666 -20.502262  -0.612268  -0.612268   0.000000   0.000000 -24.026525 284.363381 287.837262   0.088818   0.172075 286.543726   0.155157
  1142   9.400395 310.896807 -46.925580 -20.637327  -0.703302  -0.703302   0.000000   0.000000 -24.317162 284.300818 287.814557   0.088824   0.172075 286.493019   0.155157
  1143   8.637917 310.738236 -47.383067 -20.766075  -0.790673  -0.790673   0.000000   0.000000 -24.596171 284.239942 287.791825   0.088830   0.172075 286.443463   0.155157
  1144   7.913988 310.579614 -47.817950 -20.888601  -0.874389  -0.874389   0.000000   0.000000 -24.863180 284.180807 287.769072   0.088836   0.172075 286.395101   0.155157
  1145   7.229029 310.420975 -48.230108 -21.004994  -0.954467  -0.954467   0.000000   0.000000 -25.117852 284.123464 287.746306   0.088842   0.172075 286.347976   0.155158
  1146   6.583351 310.262351 -48.619483 -21.115343  -1.030928  -1.030928   0.000000   0.000000 -25.359895 284.067955 287.723536   0.088848   0.172075 286.302121   0.155158
  1147   5.977132 310.103774 -48.986088 -21.219737  -1.103805  -1.103805   0.000000   0.000000 -25.589061 284.014316 287.700767   0.088855   0.172075 286.257566   0.155158
  1148   5.410409 309.945277 -49.330015 -21.318264  -1.173138  -1.173138   0.000000   0.000000 -25.805159 283.962571 287.678008   0.088861   0.172075 286.214334   0.155159
  1149   4.883058 309.786892 -49.651444 -21.411018  -1.238976  -1.238976   0.000000   0.000000 -26.008056 283.912739 287.655266   0.088867   0.172075 286.172442   0.155159
  1150   4.394781 309.628651 -49.950648 -21.498095  -1.301380  -1.301380   0.000000   0.000000 -26.197687 283.864827 287.632549   0.088874   0.172075 286.131896   0.155160
  1151   3.945096 309.470587 -50.228003 -21.579597  -1.360419  -1.360419   0.000000   0.000000 -26.374054 283.818830 287.609864   0.088880   0.172075 286.092698   0.155160
  1152   3.533326 309.312729 -50.483988 -21.655633  -1.416177  -1.416177   0.000000   0.000000 -26.537239 283.774732 287.587218   0.088886   0.172075 286.054838   0.155161
  1153   3.158598 309.155110 -50.719187 -21.726323  -1.468746  -1.468746   0.000000   0.000000 -26.687401 283.732507 287.564618   0.088893   0.172075 286.018298   0.155161
  1154   2.819840 308.997760 -50.934288 -21.791793  -1.518232  -1.518232   0.000000   0.000000 -26.824782 283.692114 287.542071   0.088899   0.172075 285.983052   0.155162
  1155   2.515788 308.840707 -51.130075 -21.852181  -1.564752  -1.564752   0.000000   0.000000 -26.949703 283.653502 287.519583   0.088906   0.172075 285.949065   0.155162
  1156   2.245004 308.683981 -51.307423 -21.907636  -1.608435  -1.608435   0.000000   0.000000 -27.062568 283.616610 287.497160   0.088913   0.172075 285.916293   0.155163
  1157   2.005899 308.527609 -51.467277 -21.958314  -1.649417  -1.649417   0.000000   0.000000 -27.163852 283.581366 287.474808   0.088919   0.172075 285.884685   0.155163
  1158   1.796758 308.371616 -51.610635 -22.004381  -1.687847  -1.687847   0.000000   0.000000 -27.254098 283.547688 287.452532   0.088926   0.172075 285.854184   0.155164
  1159   1.615787 308.216026 -51.738525 -22.046006  -1.723877  -1.723877   0.000000   0.000000 -27.333904 283.515492 287.430336   0.088933   0.172075 285.824727   0.155164
  1160   1.461158 308.060863 -51.851974 -22.083360  -1.757663  -1.757663   0.000000   0.000000 -27.403910 283.484685 287.408225   0.088939   0.172075 285.796248   0.155165
  1161   1.331057 307.906146 -51.951981 -22.116611  -1.789364  -1.789364   0.000000   0.000000 -27.464778 283.455176 287.386202   0.088946   0.172075 285.768681   0.155165
  1162   1.223749 307.751893 -52.039481 -22.145914  -1.819134  -1.819134   0.000000   0.000000 -27.517179 283.426876 287.364271   0.088953   0.172075 285.741960   0.155166
  1163   1.137626 307.598120 -52.115315 -22.171403  -1.847121  -1.847121   0.000000   0.000000 -27.561768 283.399697 287.342435   0.088960   0.172075 285.716021   0.155167
  1164   1.071269 307.444839 -52.180199 -22.193174  -1.873466  -1.873466   0.000000   0.000000 -27.599167 283.373562 287.320697   0.088967   0.172075 285.690801   0.155167
  1165   1.023499 307.292056 -52.234695 -22.211245  -1.898295  -1.898295   0.000000   0.000000 -27.629948 283.348397 287.299058   0.088974   0.172075 285.666240   0.155168
  1166   0.993412 307.139767 -52.279185 -22.225455  -1.921734  -1.921734   0.000000   0.000000 -27.654630 283.324136 287.277521   0.088980   0.172075 285.642283   0.155169
  1167   0.980423 306.987950 -52.313843 -22.235722  -1.943890  -1.943890   0.000000   0.000000 -27.673695 283.300728 287.256087   0.088987   0.172075 285.618889   0.155169
  1168   0.000000 306.836599 -53.126058 -22.242081  -1.964845  -1.964845   0.000000   0.000000 -27.687510 283.238131 287.234581   0.088994   0.172075 285.566967   0.155170
  1169   0.000000 306.685723 -52.969714 -22.322771  -2.039612  -2.039612   0.000000   0.000000 -27.975150 283.205897 287.213138   0.089001   0.172075 285.537104   0.155170
  1170   0.000000 306.534613 -52.956090 -22.343442  -2.072284  -2.072284   0.000000   0.000000 -28.050688 283.180907 287.191788   0.089008   0.172075 285.512455   0.155171
  1171   0.000000 306.383809 -52.976192 -22.348850  -2.095023  -2.095023   0.000000   0.000000 -28.076165 283.157623 287.170537   0.089015   0.172075 285.488998   0.155172
  1172   0.000000 306.233444 -53.003912 -22.349257  -2.115426  -2.115426   0.000000   0.000000 -28.090404 283.134708 287.149385   0.089022   0.172075 285.465772   0.155173
  1173   0.000000 306.083563 -53.032956 -22.347295  -2.135312  -2.135312   0.000000   0.000000 -28.102738 283.111853 287.128330   0.089029   0.172075 285.442556   0.155173
  1174   0.000000 305.934186 -53.061841 -22.343745  -2.155104  -2.155104   0.000000   0.000000 -28.115340 283.086163 287.107357   0.089036   0.172075 285.417346   0.155174
  1175   0.000000 305.785327 -53.077011 -22.346988  -2.123412  -2.123412   0.000000   0.000000 -28.148359 283.059197 287.086460   0.089044   0.172075 285.391215   0.155175
  1176   0.000000 305.636929 -53.085819 -22.352319  -2.079450  -2.079450   0.000000   0.000000 -28.190842 283.031990 287.065635   0.089051   0.172075 285.364897   0.155175
  1177   0.000000 305.488973 -53.093134 -22.357273  -2.036553  -2.036553   0.000000   0.000000 -28.235517 283.004762 287.044881   0.089058   0.172075 285.338555   0.155176
  1178   0.000000 305.341463 -53.099983 -22.361600  -1.994370  -1.994370   0.000000   0.000000 -28.280836 282.977574 287.024197   0.089064   0.172076 285.312240   0.155177
  1179   0.000000 305.194406 -53.106642 -22.365319  -1.952815  -1.952815   0.000000   0.000000 -28.326364 282.950447 287.003582   0.089071   0.172076 285.285969   0.155177
  1180   0.000000 305.047807 -53.113207 -22.368510  -1.911853  -1.911853   0.000000   0.000000 -28.371945 282.923391 286.983034   0.089078   0.172076 285.259755   0.155178
  1181   0.000000 304.901670 -53.119722 -22.371259  -1.871464  -1.871464   0.000000   0.000000 -28.417497 282.896415 286.962552   0.089085   0.172076 285.233606   0.155178
  1182   0.000000 304.755999 -53.126219 -22.373647  -1.831633  -1.831633   0.000000   0.000000 -28.462959 282.869524 286.942136   0.089092   0.172076 285.207529   0.155179
  1183   0.000000 304.610797 -53.132727 -22.375747  -1.792343  -1.792343   0.000000   0.000000 -28.508281 282.842725 286.921784   0.089099   0.172076 285.181531   0.155180
  1184   0.000000 304.466064 -53.139267 -22.377625  -1.753581  -1.753581   0.000000   0.000000 -28.553418 282.816020 286.901497   0.089106   0.172076 285.155617   0.155180
  1185   0.000000 304.321802 -53.145860 -22.379339  -1.715333  -1.715333   0.000000   0.000000 -28.598334 282.789415 286.881272   0.089112   0.172076 285.129792   0.155181
  1186   0.000000 304.178010 -53.152524 -22.380939  -1.677587  -1.677587   0.000000   0.000000 -28.642995 282.762913 286.861109   0.089119   0.172076 285.104061   0.155181
  1187   0.000000 304.034688 -53.159275 -22.382473  -1.640330  -1.640330   0.000000   0.000000 -28.687373 282.736516 286.841008   0.089126   0.172076 285.078425   0.155182
  1188   0.000000 303.891832 -53.166126 -22.383978  -1.603553  -1.603553   0.000000   0.000000 -28.731443 282.710227 286.820967   0.089132   0.172076 285.052889   0.155182
  1189   0.000000 303.749442 -53.173091 -22.385491  -1.567242  -1.567242   0.000000   0.000000 -28.775184 282.684047 286.800987   0.089139   0.172076 285.027454   0.155183
  1190   0.000000 303.607515 -53.180179 -22.387042  -1.531389  -1.531389   0.000000   0.000000 -28.818579 282.657978 286.781065   0.089145   0.172076 285.002122   0.155183
  1191   0.000000 303.466047 -53.187400 -22.388657  -1.495983  -1.495983   0.000000   0.000000 -28.861613 282.632021 286.761203   0.089152   0.172076 284.976896   0.155184
  1192   0.000000 303.325034 -53.194762 -22.390360  -1.461016  -1.461016   0.000000   0.000000 -28.904274 282.606176 286.741398   0.089159   0.172076 284.951775   0.155184
  1193   0.000000 303.184473 -53.202271 -22.392169  -1.426478  -1.426478   0.000000   0.000000 -28.946553 282.580445 286.721651   0.089165   0.172076 284.926761   0.155185
  1194   0.000000 303.044359 -53.209933 -22.394103  -1.392361  -1.392361   0.000000   0.000000 -28.988441 282.554827 286.701961   0.089172   0.172076 284.901854   0.155185
  1195   0.000000 302.904688 -53.217753 -22.396174  -1.358657  -1.358657   0.000000   0.000000 -29.029934 282.529323 286.682327   0.089178   0.172076 284.877054   0.155186
  1196   0.000000 302.765455 -53.225735 -22.398394  -1.325358  -1.325358   0.000000   0.000000 -29.071027 282.503932 286.662749   0.089184   0.172076 284.852362   0.155186
  1197   0.000000 302.626655 -53.233881 -22.400774  -1.292458  -1.292458   0.000000   0.000000 -29.111717 282.478654 286.643226   0.089191   0.172076 284.827777   0.155187
  1198   0.000000 302.488283 -53.242196 -22.403321  -1.259949  -1.259949   0.000000   0.000000 -29.152004 282.453488 286.623758   0.089197   0.172076 284.803299   0.155187
  1199   0.000000 302.350334 -53.250679 -22.406041  -1.227825  -1.227825   0.000000   0.000000 -29.191887 282.428434 286.604344   0.089203   0.172076 284.778927   0.155187
  1200   0.000000 302.212803 -53.259334 -22.408939  -1.196078  -1.196078   0.000000   0.000000 -29.231367 282.403491 286.584983   0.089210   0.172076 284.754661   0.155188
  1201   0.000000 302.075684 -53.268161 -22.412018  -1.164705  -1.164705   0.000000   0.000000 -29.270447 282.378658 286.565676   0.089216   0.172076 284.730499   0.155188
  1202   0.000000 301.938971 -53.277160 -22.415280  -1.133697  -1.133697   0.000000   0.000000 -29.309128 282.353934 286.546422   0.089222   0.172076 284.706442   0.155189
  1203   0.000000 301.802660 -53.286331 -22.418725  -1.103050  -1.103050   0.000000   0.000000 -29.347414 282.329319 286.527220   0.089228   0.172076 284.682488   0.155189
  1204   0.000000 301.666745 -53.295675 -22.422355  -1.072758  -1.072758   0.000000   0.000000 -29.385310 282.304810 286.508070   0.089235   0.172076 284.658635   0.155189
  1205   0.000000 301.531219 -53.305190 -22.426166  -1.042817  -1.042817   0.000000   0.000000 -29.422819 282.280408 286.488972   0.089241   0.172076 284.634883   0.155190
  1206   0.000000 301.396079 -53.314877 -22.430159  -1.013221  -1.013221   0.000000   0.000000 -29.459947 282.256110 286.469924   0.089247   0.172076 284.611230   0.155190
  1207   0.000000 301.261318 -53.324733 -22.434330  -0.983965  -0.983965   0.000000   0.000000 -29.496700 282.231915 286.450927   0.089253   0.172076 284.587676   0.155190
  1208   0.000000 301.126930 -53.334758 -22.438675  -0.955045  -0.955045   0.000000   0.000000 -29.533083 282.207822 286.431980   0.089259   0.172076 284.564219   0.155191
  1209   0.000000 300.992910 -53.344950 -22.443191  -0.926456  -0.926456   0.000000   0.000000 -29.569103 282.183830 286.413083   0.089265   0.172076 284.540856   0.155191
  1210   0.000000 300.859254 -53.355307 -22.447873  -0.898194  -0.898194   0.000000   0.000000 -29.604766 282.159938 286.394235   0.089271   0.172076 284.517588   0.155191
  1211   0.000000 300.725954 -53.365828 -22.452716  -0.870256  -0.870256   0.000000   0.000000 -29.640079 282.136143 286.375436   0.089277   0.172076 284.494412   0.155192
  1212   0.000000 300.593006 -53.376510 -22.457714  -0.842636  -0.842636   0.000000   0.000000 -29.675049 282.112444 286.356685   0.089283   0.172076 284.471328   0.155192
  1213   0.000000 300.460405 -53.387352 -22.462860  -0.815332  -0.815332   0.000000   0.000000 -29.709684 282.088841 286.337982   0.089289   0.172076 284.448332   0.155192
  1214   0.000000 300.328144 -53.398351 -22.468149  -0.788339  -0.788339   0.000000   0.000000 -29.743992 282.065330 286.319328   0.089295   0.172076 284.425424   0.155192
  1215   0.000000 300.196219 -53.409504 -22.473571  -0.761654  -0.761654   0.000000   0.000000 -29.777981 282.041912 286.300720   0.089301   0.172076 284.402603   0.155193
  1216   0.000000 300.064624 -53.420808 -22.479118  -0.735273  -0.735273   0.000000   0.000000 -29.811659 282.018583 286.282160   0.089307   0.172076 284.379865   0.155193
  1217   0.000000 299.933353 -53.432262 -22.484783  -0.709194  -0.709194   0.000000   0.000000 -29.845034 281.995343 286.263645   0.089313   0.172076 284.357210   0.155193
  1218   0.000000 299.802402 -53.443861 -22.490554  -0.683414  -0.683414   0.000000   0.000000 -29.878116 281.972190 286.245178   0.089319   0.172076 284.334636   0.155193
  1219   0.000000 299.671763 -53.455603 -22.496422  -0.657929  -0.657929   0.000000   0.000000 -29.910914 281.949122 286.226756   0.089325   0.172076 284.312140   0.155194
  1220   0.000000 299.541433 -53.467485 -22.502374  -0.632737  -0.632737   0.000000   0.000000 -29.943437 281.926136 286.208379   0.089331   0.172076 284.289721   0.155194
  1221   0.000000 299.411404 -53.479502 -22.508397  -0.607835  -0.607835   0.000000   0.000000 -29.975697 281.903232 286.190047   0.089336   0.172076 284.267376   0.155194
  1222   0.000000 299.281671 -53.491652 -22.514475  -0.583221  -0.583221   0.000000   0.000000 -30.007705 281.880407 286.171760   0.089342   0.172076 284.245104   0.155194
  1223   0.000000 299.152227 -53.503929 -22.520590  -0.558894  -0.558894   0.000000   0.000000 -30.039472 281.857659 286.153518   0.089348   0.172076 284.222900   0.155194
  1224   0.000000 299.023065 -53.516329 -22.526716  -0.534851  -0.534851   0.000000   0.000000 -30.071013 281.834984 286.135319   0.089354   0.172076 284.200762   0.155195
  1225   0.000000 298.894177 -53.528847 -22.532816  -0.511092  -0.511092   0.000000   0.000000 -30.102345 281.812380 286.117164   0.089359   0.172076 284.178684   0.155195
  1226   0.000000 298.765551 -53.541476 -22.538850  -0.487618  -0.487618   0.000000   0.000000 -30.133490 281.789841 286.099052   0.089365   0.172076 284.156663   0.155195
  1227   0.000000 298.637176 -53.554206 -22.544777  -0.464430  -0.464430   0.000000   0.000000 -30.164475 281.767365 286.080983   0.089371   0.172076 284.134694   0.155195
  1228   0.000000 298.509043 -53.567027 -22.550567  -0.441529  -0.441529   0.000000   0.000000 -30.195327 281.744946 286.062956   0.089376   0.172076 284.112771   0.155195
  1229   0.000000 298.381141 -53.579928 -22.556195  -0.418918  -0.418918   0.000000   0.000000 -30.226072 281.722581 286.044971   0.089382   0.172076 284.090893   0.155195
  1230   0.000000 298.253465 -53.592899 -22.561645  -0.396595  -0.396595   0.000000   0.000000 -30.256729 281.700269 286.027028   0.089388   0.172076 284.069056   0.155196
  1231   0.000000 298.126009 -53.605935 -22.566909  -0.374560  -0.374560   0.000000   0.000000 -30.287314 281.678006 286.009126   0.089393   0.172076 284.047258   0.155196
  1232   0.000000 297.998768 -53.619029 -22.571984  -0.352812  -0.352812   0.000000   0.000000 -30.317837 281.655792 285.991264   0.089399   0.172076 284.025498   0.155196
  1233   0.000000 297.871742 -53.632177 -22.576872  -0.331347  -0.331347   0.000000   0.000000 -30.348305 281.633626 285.973443   0.089404   0.172076 284.003777   0.155196
  1234   0.000000 297.744927 -53.645377 -22.581581  -0.310163  -0.310163   0.000000   0.000000 -30.378720 281.611507 285.955662   0.089410   0.172076 283.982093   0.155196
  1235   0.000000 297.618323 -53.658628 -22.586121  -0.289255  -0.289255   0.000000   0.000000 -30.409082 281.589436 285.937920   0.089416   0.172076 283.960448   0.155196
  1236   0.000000 297.491930 -53.671930 -22.590504  -0.268618  -0.268618   0.000000   0.000000 -30.439388 281.567413 285.920217   0.089421   0.172076 283.938841   0.155196
  1237   0.000000 297.365750 -53.685283 -22.594747  -0.248249  -0.248249   0.000000   0.000000 -30.469633 281.545438 285.902554   0.089427   0.172076 283.917275   0.155196
  1238   0.000000 297.239782 -53.698690 -22.598865  -0.228141  -0.228141   0.000000   0.000000 -30.499811 281.523512 285.884928   0.089432   0.172076 283.895750   0.155196
  1239   0.000000 297.114028 -53.712152 -22.602874  -0.208289  -0.208289   0.000000   0.000000 -30.529914 281.501636 285.867341   0.089437   0.172076 283.874267   0.155196
  1240   0.000000 296.988490 -53.725671 -22.606793  -0.188688  -0.188688   0.000000   0.000000 -30.559934 281.479812 285.849792   0.089443   0.172076 283.852828   0.155197
  1241   0.000000 296.863169 -53.739250 -22.610638  -0.169331  -0.169331   0.000000   0.000000 -30.589862 281.458039 285.832280   0.089448   0.172076 283.831433   0.155197
  1242   0.000000 296.738067 -53.752892 -22.614428  -0.150214  -0.150214   0.000000   0.000000 -30.619689 281.436318 285.814805   0.089454   0.172076 283.810086   0.155197
  1243   0.000000 296.613185 -53.766600 -22.618177  -0.131331  -0.131331   0.000000   0.000000 -30.649407 281.414652 285.797367   0.089459   0.172076 283.788785   0.155197
  1244   0.000000 296.488525 -53.780376 -22.621904  -0.112676  -0.112676   0.000000   0.000000 -30.679007 281.393040 285.779966   0.089464   0.172076 283.767534   0.155197
  1245   0.000000 296.364088 -53.794223 -22.625623  -0.094243  -0.094243   0.000000   0.000000 -30.708481 281.371483 285.762601   0.089470   0.172076 283.746333   0.155197
  1246   0.000000 296.239876 -53.808144 -22.629349  -0.076029  -0.076029   0.000000   0.000000 -30.737820 281.349983 285.745272   0.089475   0.172076 283.725183   0.155197
  1247   0.000000 296.115890 -53.822141 -22.633096  -0.058027  -0.058027   0.000000   0.000000 -30.767017 281.328541 285.727978   0.089481   0.172076 283.704085   0.155197
  1248   0.000000 295.992130 -53.836217 -22.636878  -0.040234  -0.040234   0.000000   0.000000 -30.796065 281.307155 285.710721   0.089486   0.172076 283.683041   0.155197
  1249   0.000000 295.868598 -53.850374 -22.640705  -0.022643  -0.022643   0.000000   0.000000 -30.824956 281.285829 285.693498   0.089491   0.172076 283.662050   0.155197
  1250   0.000000 295.745293 -53.864614 -22.644590  -0.005251  -0.005251   0.000000   0.000000 -30.853686 281.264561 285.676311   0.089496   0.172076 283.641115   0.155197
  1251   0.000000 295.622218 -53.878940 -22.648543   0.011947   0.011947   0.000000   0.000000 -30.882249 281.243353 285.659159   0.089502   0.172076 283.620235   0.155197
  1252   0.000000 295.499372 -53.893352 -22.652573   0.028955   0.028955   0.000000   0.000000 -30.910639 281.222205 285.642041   0.089507   0.172076 283.599412   0.155197
  1253   0.000000 295.376755 -53.907852 -22.656689   0.045777   0.045777   0.000000   0.000000 -30.938852 281.201117 285.624957   0.089512   0.172076 283.578645   0.155197
  1254   0.000000 295.254368 -53.922442 -22.660899   0.062417   0.062417   0.000000   0.000000 -30.966884 281.180089 285.607908   0.089517   0.172076 283.557935   0.155197
  1255   0.000000 295.132210 -53.937124 -22.665211   0.078878   0.078878   0.000000   0.000000 -30.994732 281.159123 285.590893   0.089523   0.172076 283.537284   0.155197
  1256   0.000000 295.010282 -53.951897 -22.669629   0.095164   0.095164   0.000000   0.000000 -31.022392 281.138217 285.573912   0.089528   0.172076 283.516690   0.155197
  1257   0.000000 294.888582 -53.966763 -22.674161   0.111279   0.111279   0.000000   0.000000 -31.049863 281.117373 285.556965   0.089533   0.172076 283.496154   0.155197
  1258   0.000000 294.767111 -53.981723 -22.678811   0.127225   0.127225   0.000000   0.000000 -31.077141 281.096590 285.540050   0.089538   0.172076 283.475677   0.155197
  1259   0.000000 294.645867 -53.996777 -22.683584   0.143005   0.143005   0.000000   0.000000 -31.104225 281.075868 285.523170   0.089543   0.172076 283.455258   0.155197
  1260   0.000000 294.524851 -54.011926 -22.688482   0.158623   0.158623   0.000000   0.000000 -31.131115 281.055207 285.506322   0.089548   0.172076 283.434898   0.155197
  1261   0.000000 294.404061 -54.027170 -22.693510   0.174082   0.174082   0.000000   0.000000 -31.157808 281.034607 285.489508   0.089553   0.172076 283.414597   0.155197
  1262   0.000000 294.283497 -54.042509 -22.698670   0.189383   0.189383   0.000000   0.000000 -31.184304 281.014068 285.472726   0.089558   0.172076 283.394353   0.155197
  1263   0.000000 294.163158 -54.057944 -22.703964   0.204530   0.204530   0.000000   0.000000 -31.210604 280.993590 285.455977   0.089564   0.172076 283.374169   0.155197
  1264   0.000000 294.043042 -54.073475 -22.709395   0.219524   0.219524   0.000000   0.000000 -31.236707 280.973173 285.439260   0.089569   0.172076 283.354042   0.155197
  1265   0.000000 293.923149 -54.089100 -22.714962   0.234369   0.234369   0.000000   0.000000 -31.262612 280.952815 285.422576   0.089574   0.172076 283.333974   0.155197
  1266   0.000000 293.803477 -54.104821 -22.720667   0.249067   0.249067   0.000000   0.000000 -31.288322 280.932518 285.405924   0.089579   0.172076 283.313963   0.155196
  1267   0.000000 293.684026 -54.120637 -22.726511   0.263619   0.263619   0.000000   0.000000 -31.313836 280.912281 285.389304   0.089584   0.172076 283.294010   0.155196
  1268   0.000000 293.564793 -54.136547 -22.732494   0.278027   0.278027   0.000000   0.000000 -31.339156 280.892104 285.372715   0.089589   0.172076 283.274114   0.155196
  1269   0.000000 293.445778 -54.152551 -22.738615   0.292294   0.292294   0.000000   0.000000 -31.364283 280.871985 285.356159   0.089594   0.172076 283.254275   0.155196
  1270   0.000000 293.326979 -54.168649 -22.744874   0.306421   0.306421   0.000000   0.000000 -31.389218 280.851925 285.339634   0.089599   0.172076 283.234493   0.155196
  1271   0.000000 293.208395 -54.184840 -22.751270   0.320411   0.320411   0.000000   0.000000 -31.413963 280.831924 285.323141   0.089604   0.172076 283.214767   0.155196
  1272   0.000000 293.090025 -54.201123 -22.757802   0.334264   0.334264   0.000000   0.000000 -31.438519 280.811980 285.306679   0.089609   0.172076 283.195096   0.155196
  1273   0.000000 292.971866 -54.217498 -22.764468   0.347983   0.347983   0.000000   0.000000 -31.462889 280.792094 285.290248   0.089614   0.172076 283.175481   0.155196
  1274   0.000000 292.853918 -54.233963 -22.771268   0.361568   0.361568   0.000000   0.000000 -31.487074 280.772265 285.273848   0.089619   0.172076 283.155921   0.155196
  1275   0.000000 292.736179 -54.250518 -22.778199   0.375022   0.375022   0.000000   0.000000 -31.511077 280.752493 285.257479   0.089624   0.172076 283.136415   0.155196
  1276   0.000000 292.618646 -54.267163 -22.785258   0.388347   0.388347   0.000000   0.000000 -31.534900 280.732777 285.241141   0.089628   0.172076 283.116963   0.155196
  1277   0.000000 292.501320 -54.283895 -22.792445   0.401542   0.401542   0.000000   0.000000 -31.558546 280.713116 285.224833   0.089633   0.172076 283.097564   0.155195
  1278   0.000000 292.384197 -54.300715 -22.799755   0.414610   0.414610   0.000000   0.000000 -31.582017 280.693511 285.208556   0.089638   0.172076 283.078218   0.155195
  1279   0.000000 292.267277 -54.317621 -22.807187   0.427551   0.427551   0.000000   0.000000 -31.605315 280.673960 285.192309   0.089643   0.172076 283.058925   0.155195
  1280   0.000000 292.150558 -54.334612 -22.814737   0.440368   0.440368   0.000000   0.000000 -31.628444 280.654463 285.176093   0.089648   0.172076 283.039683   0.155195
  1281   0.000000 292.034037 -54.351687 -22.822402   0.453061   0.453061   0.000000   0.000000 -31.651407 280.635019 285.159906   0.089653   0.172076 283.020491   0.155195
  1282   0.000000 291.917713 -54.368844 -22.830178   0.465631   0.465631   0.000000   0.000000 -31.674207 280.615629 285.143750   0.089658   0.172076 283.001350   0.155195
  1283   0.000000 291.801585 -54.386083 -22.838061   0.478079   0.478079   0.000000   0.000000 -31.696847 280.596290 285.127623   0.089663   0.172076 282.982259   0.155195
  1284   0.000000 291.685650 -54.403402 -22.846046   0.490406   0.490406   0.000000   0.000000 -31.719330 280.577003 285.111526   0.089667   0.172076 282.963217   0.155195
  1285   0.000000 291.569905 -54.420801 -22.854127   0.502613   0.502613   0.000000   0.000000 -31.741661 280.557766 285.095458   0.089672   0.172076 282.944222   0.155194
  1286   0.000000 291.454350 -54.438276 -22.862299   0.514700   0.514700   0.000000   0.000000 -31.763844 280.538580 285.079420   0.089677   0.172076 282.925274   0.155194
  1287   0.000000 291.338981 -54.455828 -22.870553   0.526668   0.526668   0.000000   0.000000 -31.785883 280.519442 285.063411   0.089682   0.172076 282.906373   0.155194
  1288   0.000000 291.223795 -54.473453 -22.878883   0.538517   0.538517   0.000000   0.000000 -31.807784 280.500352 285.047431   0.089686   0.172076 282.887516   0.155194
  1289   0.000000 291.108791 -54.491150 -22.887281   0.550248   0.550248   0.000000   0.000000 -31.829553 280.481310 285.031481   0.089691   0.172076 282.868703   0.155194
  1290   0.000000 290.993965 -54.508918 -22.895739   0.561861   0.561861   0.000000   0.000000 -31.851195 280.462314 285.015559   0.089696   0.172076 282.849933   0.155194
  1291   0.000000 290.879315 -54.526753 -22.904251   0.573355   0.573355   0.000000   0.000000 -31.872716 280.443362 284.999665   0.089701   0.172076 282.831205   0.155193
  1292   0.000000 290.764839 -54.544653 -22.912811   0.584732   0.584732   0.000000   0.000000 -31.894120 280.424456 284.983801   0.089705   0.172076 282.812518   0.155193
  1293   0.000000 290.650534 -54.562617 -22.921413   0.595992   0.595992   0.000000   0.000000 -31.915414 280.405593 284.967964   0.089710   0.172076 282.793871   0.155193
  1294   0.000000 290.536398 -54.580643 -22.930052   0.607134   0.607134   0.000000   0.000000 -31.936601 280.386773 284.952156   0.089715   0.172076 282.775263   0.155193
  1295   0.000000 290.422430 -54.598729 -22.938724   0.618160   0.618160   0.000000   0.000000 -31.957687 280.367995 284.936377   0.089720   0.172076 282.756694   0.155193
  1296   0.000000 290.308628 -54.616873 -22.947425   0.629071   0.629071   0.000000   0.000000 -31.978674 280.349258 284.920625   0.089724   0.172076 282.738162   0.155193
  1297   0.000000 290.194990 -54.635074 -22.956154   0.639866   0.639866   0.000000   0.000000 -31.999565 280.330563 284.904901   0.089729   0.172076 282.719668   0.155192
  1298   0.000000 290.081515 -54.653330 -22.964907   0.650548   0.650548   0.000000   0.000000 -32.020365 280.311908 284.889204   0.089734   0.172076 282.701211   0.155192
  1299   0.000000 289.968201 -54.671640 -22.973683   0.661117   0.661117   0.000000   0.000000 -32.041075 280.293293 284.873535   0.089738   0.172076 282.682791   0.155192
  1300   0.000000 289.855049 -54.690003 -22.982481   0.671574   0.671574   0.000000   0.000000 -32.061697 280.274718 284.857894   0.089743   0.172076 282.664407   0.155192
  1301   0.000000 289.742056 -54.708418 -22.991301   0.681919   0.681919   0.000000   0.000000 -32.082233 280.256182 284.842280   0.089748   0.172076 282.646058   0.155192
  1302   0.000000 289.629222 -54.726883 -23.000142   0.692156   0.692156   0.000000   0.000000 -32.102683 280.237686 284.826693   0.089752   0.172076 282.627745   0.155191
  1303   0.000000 289.516547 -54.745399 -23.009005   0.702284   0.702284   0.000000   0.000000 -32.123050 280.219228 284.811133   0.089757   0.172076 282.609468   0.155191
  1304   0.000000 289.404030 -54.763965 -23.017890   0.712305   0.712305   0.000000   0.000000 -32.143334 280.200809 284.795600   0.089761   0.172076 282.591226   0.155191
  1305   0.000000 289.291670 -54.782579 -23.026798   0.722221   0.722221   0.000000   0.000000 -32.163535 280.182429 284.780093   0.089766   0.172076 282.573019   0.155191
  1306   0.000000 289.179468 -54.801241 -23.035730   0.732033   0.732033   0.000000   0.000000 -32.183654 280.164086 284.764614   0.089771   0.172076 282.554848   0.155190
  1307   0.000000 289.067422 -54.819951 -23.044688   0.741742   0.741742   0.000000   0.000000 -32.203690 280.145782 284.749160   0.089775   0.172076 282.536711   0.155190
  1308   0.000000 288.955532 -54.838709 -23.053672   0.751350   0.751350   0.000000   0.000000 -32.223645 280.127516 284.733733   0.089780   0.172076 282.518609   0.155190
  1309   0.000000 288.843799 -54.857513 -23.062684   0.760858   0.760858   0.000000   0.000000 -32.243517 280.109288 284.718332   0.089784   0.172076 282.500542   0.155190
  1310   0.000000 288.732222 -54.876364 -23.071725   0.770268   0.770268   0.000000   0.000000 -32.263306 280.091098 284.702957   0.089789   0.172076 282.482510   0.155190
  1311   0.000000 288.620800 -54.895261 -23.080797   0.779580   0.779580   0.000000   0.000000 -32.283013 280.072946 284.687609   0.089793   0.172076 282.464513   0.155189
  1312   0.000000 288.509534 -54.914204 -23.089901   0.788798   0.788798   0.000000   0.000000 -32.302638 280.054832 284.672286   0.089798   0.172076 282.446551   0.155189
  1313   0.000000 288.398423 -54.933193 -23.099039   0.797921   0.797921   0.000000   0.000000 -32.322178 280.036755 284.656988   0.089802   0.172076 282.428623   0.155189
  1314   0.000000 288.287467 -54.952227 -23.108212   0.806952   0.806952   0.000000   0.000000 -32.341636 280.018715 284.641717   0.089807   0.172076 282.410730   0.155189
  1315   0.000000 288.176666 -54.971306 -23.117422   0.815892   0.815892   0.000000   0.000000 -32.361010 280.000713 284.626470   0.089811   0.172076 282.392872   0.155188
  1316   0.000000 288.066021 -54.990430 -23.126669   0.824742   0.824742   0.000000   0.000000 -32.380299 279.982749 284.611250   0.089816   0.172076 282.375049   0.155188
  1317   0.000000 287.955529 -55.009598 -23.135956   0.833504   0.833504   0.000000   0.000000 -32.399504 279.964822 284.596054   0.089820   0.172076 282.357260   0.155188
  1318   0.000000 287.845192 -55.028811 -23.145283   0.842178   0.842178   0.000000   0.000000 -32.418625 279.946932 284.580884   0.089825   0.172076 282.339507   0.155188
  1319   0.000000 287.735009 -55.048067 -23.154651   0.850766   0.850766   0.000000   0.000000 -32.437661 279.929079 284.565738   0.089829   0.172076 282.321787   0.155187
  1320   0.000000 287.624980 -55.067367 -23.164061   0.859270   0.859270   0.000000   0.000000 -32.456613 279.911264 284.550618   0.089834   0.172076 282.304103   0.155187
  1321   0.000000 287.515105 -55.086711 -23.173515   0.867691   0.867691   0.000000   0.000000 -32.475479 279.893485 284.535522   0.089838   0.172076 282.286452   0.155187
  1322   0.000000 287.405383 -55.106097 -23.183012   0.876029   0.876029   0.000000   0.000000 -32.494260 279.875743 284.520451   0.089843   0.172076 282.268836   0.155187
  1323   0.000000 287.295814 -55.125526 -23.192553   0.884285   0.884285   0.000000   0.000000 -32.512957 279.858038 284.505405   0.089847   0.172076 282.251255   0.155186
  1324   0.000000 287.186398 -55.144998 -23.202139   0.892462   0.892462   0.000000   0.000000 -32.531569 279.840369 284.490383   0.089852   0.172076 282.233708   0.155186
  1325   0.000000 287.077135 -55.164511 -23.211770   0.900560   0.900560   0.000000   0.000000 -32.550096 279.822737 284.475385   0.089856   0.172076 282.216194   0.155186
  1326   0.000000 286.968023 -55.184066 -23.221446   0.908580   0.908580   0.000000   0.000000 -32.568539 279.805141 284.460412   0.089860   0.172076 282.198715   0.155185
  1327   0.000000 286.859063 -55.203662 -23.231168   0.916523   0.916523   0.000000   0.000000 -32.586898 279.787581 284.445463   0.089865   0.172076 282.181270   0.155185
  1328   0.000000 286.750255 -55.223298 -23.240935   0.924390   0.924390   0.000000   0.000000 -32.605174 279.770057 284.430538   0.089869   0.172076 282.163858   0.155185
  1329   0.000000 286.641597 -55.242975 -23.250746   0.932181   0.932181   0.000000   0.000000 -32.623366 279.752569 284.415637   0.089874   0.172076 282.146480   0.155185
  1330   0.000000 286.533089 -55.262692 -23.260601   0.939899   0.939899   0.000000   0.000000 -32.641476 279.735117 284.400760   0.089878   0.172076 282.129135   0.155184
  1331   0.000000 286.424731 -55.282448 -23.270499   0.947542   0.947542   0.000000   0.000000 -32.659505 279.717699 284.385907   0.089882   0.172076 282.111823   0.155184
  1332   0.000000 286.316522 -55.302243 -23.280439   0.955113   0.955113   0.000000   0.000000 -32.677453 279.700317 284.371078   0.089887   0.172076 282.094544   0.155184
  1333   0.000000 286.208461 -55.322076 -23.290420   0.962612   0.962612   0.000000   0.000000 -32.695322 279.682970 284.356272   0.089891   0.172076 282.077297   0.155183
  1334   0.000000 286.100548 -55.341946 -23.300440   0.970040   0.970040   0.000000   0.000000 -32.713112 279.665657 284.341489   0.089895   0.172076 282.060083   0.155183
  1335   0.000000 285.992781 -55.361853 -23.310499   0.977396   0.977396   0.000000   0.000000 -32.730825 279.648379 284.326730   0.089900   0.172076 282.042900   0.155183
  1336   0.000000 285.885161 -55.381796 -23.320594   0.984683   0.984683   0.000000   0.000000 -32.748462 279.631134 284.311995   0.089904   0.172076 282.025750   0.155183
  1337   0.000000 285.777686 -55.401775 -23.330725   0.991900   0.991900   0.000000   0.000000 -32.766024 279.613923 284.297282   0.089908   0.172076 282.008631   0.155182
  1338   0.000000 285.670357 -55.421789 -23.340889   0.999048   0.999048   0.000000   0.000000 -32.783514 279.596746 284.282593   0.089913   0.172076 281.991542   0.155182
  1339   0.000000 285.563171 -55.441836 -23.351087   1.006127   1.006127   0.000000   0.000000 -32.800931 279.579602 284.267927   0.089917   0.172076 281.974485   0.155182
  1340   0.000000 285.456128 -55.461917 -23.361316   1.013138   1.013138   0.000000   0.000000 -32.818277 279.562491 284.253284   0.089921   0.172076 281.957459   0.155181
  1341   0.000000 285.349228 -55.482031 -23.371575   1.020083   1.020083   0.000000   0.000000 -32.835553 279.545412 284.238663   0.089926   0.172076 281.940462   0.155181
  1342   0.000000 285.242471 -55.502176 -23.381863   1.026960   1.026960   0.000000   0.000000 -32.852761 279.528366 284.224066   0.089930   0.172076 281.923496   0.155181
  1343   0.000000 285.135855 -55.522353 -23.392179   1.033771   1.033771   0.000000   0.000000 -32.869902 279.511351 284.209491   0.089934   0.172076 281.906560   0.155180
  1344   0.000000 285.029379 -55.542561 -23.402523   1.040517   1.040517   0.000000   0.000000 -32.886977 279.494369 284.194939   0.089939   0.172076 281.889653   0.155180
  1345   0.000000 284.923044 -55.562798 -23.412893   1.047198   1.047198   0.000000   0.000000 -32.903986 279.477419 284.180409   0.089943   0.172076 281.872775   0.155180
  1346   0.000000 284.816849 -55.583066 -23.423289   1.053814   1.053814   0.000000   0.000000 -32.920930 279.460500 284.165901   0.089947   0.172076 281.855927   0.155179
  1347   0.000000 284.710794 -55.603362 -23.433710   1.060367   1.060367   0.000000   0.000000 -32.937811 279.443612 284.151416   0.089951   0.172076 281.839108   0.155179
  1348   0.000000 284.604877 -55.623686 -23.444156   1.066856   1.066856   0.000000   0.000000 -32.954630 279.426755 284.136953   0.089956   0.172076 281.822318   0.155179
  1349   0.000000 284.499099 -55.644038 -23.454627   1.073283   1.073283   0.000000   0.000000 -32.971386 279.409929 284.122512   0.089960   0.172076 281.805556   0.155178
  1350   0.000000 284.393458 -55.664417 -23.465121   1.079649   1.079649   0.000000   0.000000 -32.988080 279.393134 284.108093   0.089964   0.172075 281.788823   0.155178
  1351   0.000000 284.287956 -55.684823 -23.475638   1.085953   1.085953   0.000000   0.000000 -33.004714 279.376370 284.093697   0.089968   0.172075 281.772119   0.155178
  1352   0.000000 284.182591 -55.705255 -23.486180   1.092197   1.092197   0.000000   0.000000 -33.021287 279.359636 284.079322   0.089973   0.172075 281.755442   0.155177
  1353   0.000000 284.077362 -55.725713 -23.496744   1.098381   1.098381   0.000000   0.000000 -33.037801 279.342932 284.064968   0.089977   0.172075 281.738794   0.155177
  1354   0.000000 283.972271 -55.746197 -23.507331   1.104506   1.104506   0.000000   0.000000 -33.054255 279.326258 284.050637   0.089981   0.172075 281.722174   0.155177
  1355   0.000000 283.867316 -55.766705 -23.517942   1.110572   1.110572   0.000000   0.000000 -33.070650 279.309614 284.036327   0.089985   0.172075 281.705581   0.155176
  1356   0.000000 283.762496 -55.787237 -23.528575   1.116581   1.116581   0.000000   0.000000 -33.086987 279.293000 284.022038   0.089989   0.172075 281.689016   0.155176
  1357   0.000000 283.657813 -55.807794 -23.539231   1.122533   1.122533   0.000000   0.000000 -33.103265 279.276416 284.007771   0.089994   0.172075 281.672479   0.155176
  1358   0.000000 283.553265 -55.828374 -23.549909   1.128428   1.128428   0.000000   0.000000 -33.119486 279.259862 283.993526   0.089998   0.172075 281.655970   0.155175
  1359   0.000000 283.448852 -55.848977 -23.560610   1.134267   1.134267   0.000000   0.000000 -33.135649 279.243336 283.979301   0.090002   0.172075 281.639487   0.155175
  1360   0.000000 283.344573 -55.869603 -23.571334   1.140051   1.140051   0.000000   0.000000 -33.151755 279.226840 283.965098   0.090006   0.172075 281.623033   0.155175
  1361   0.000000 283.240430 -55.890252 -23.582079   1.145781   1.145781   0.000000   0.000000 -33.167805 279.210373 283.950916   0.090010   0.172075 281.606605   0.155174
  1362   0.000000 283.136420 -55.910922 -23.592847   1.151456   1.151456   0.000000   0.000000 -33.183797 279.193936 283.936755   0.090014   0.172075 281.590204   0.155174
  1363   0.000000 283.032545 -55.931614 -23.603636   1.157078   1.157078   0.000000   0.000000 -33.199734 279.177527 283.922615   0.090019   0.172075 281.573830   0.155174
  1364   0.000000 282.928803 -55.952327 -23.614447   1.162648   1.162648   0.000000   0.000000 -33.215616 279.161147 283.908495   0.090023   0.172075 281.557483   0.155173
  1365   0.000000 282.825194 -55.973060 -23.625279   1.168165   1.168165   0.000000   0.000000 -33.231442 279.144795 283.894397   0.090027   0.172075 281.541162   0.155173
  1366   0.000000 282.721718 -55.993814 -23.636132   1.173631   1.173631   0.000000   0.000000 -33.247214 279.128472 283.880319   0.090031   0.172075 281.524868   0.155172
  1367   0.000000 282.618375 -56.014588 -23.647006   1.179045   1.179045   0.000000   0.000000 -33.262931 279.112177 283.866262   0.090035   0.172075 281.508601   0.155172
  1368   0.000000 282.515165 -56.035382 -23.657900   1.184409   1.184409   0.000000   0.000000 -33.278594 279.095910 283.852225   0.090039   0.172075 281.492360   0.155172
  1369   0.000000 282.412086 -56.056194 -23.668814   1.189723   1.189723   0.000000   0.000000 -33.294204 279.079672 283.838209   0.090043   0.172075 281.476144   0.155171
  1370   0.000000 282.309139 -56.077025 -23.679748   1.194987   1.194987   0.000000   0.000000 -33.309761 279.063461 283.824213   0.090048   0.172075 281.459955   0.155171
  1371   0.000000 282.206323 -56.097874 -23.690700   1.200203   1.200203   0.000000   0.000000 -33.325266 279.047278 283.810238   0.090052   0.172075 281.443792   0.155171
  1372   0.000000 282.103638 -56.118742 -23.701672   1.205370   1.205370   0.000000   0.000000 -33.340719 279.031122 283.796282   0.090056   0.172075 281.427654   0.155170
  1373   0.000000 282.001084 -56.139626 -23.712662   1.210489   1.210489   0.000000   0.000000 -33.356120 279.014994 283.782347   0.090060   0.172075 281.411542   0.155170
  1374   0.000000 281.898661 -56.160528 -23.723670   1.215560   1.215560   0.000000   0.000000 -33.371470 278.998894 283.768432   0.090064   0.172075 281.395456   0.155170
  1375   0.000000 281.796367 -56.181446 -23.734696   1.220585   1.220585   0.000000   0.000000 -33.386770 278.982820 283.754537   0.090068   0.172075 281.379394   0.155169
  1376   0.000000 281.694204 -56.202380 -23.745740   1.225562   1.225562   0.000000   0.000000 -33.402019 278.966774 283.740662   0.090072   0.172075 281.363358   0.155169
  1377   0.000000 281.592169 -56.223330 -23.756801   1.230494   1.230494   0.000000   0.000000 -33.417218 278.950754 283.726807   0.090076   0.172075 281.347347   0.155168
  1378   0.000000 281.490264 -56.244295 -23.767879   1.235380   1.235380   0.000000   0.000000 -33.432369 278.934761 283.712971   0.090080   0.172075 281.331362   0.155168
  1379   0.000000 281.388488 -56.265276 -23.778973   1.240222   1.240222   0.000000   0.000000 -33.447470 278.918795 283.699156   0.090084   0.172075 281.315401   0.155168
  1380   0.000000 281.286841 -56.286271 -23.790085   1.245018   1.245018   0.000000   0.000000 -33.462522 278.902856 283.685359   0.090088   0.172075 281.299464   0.155167
  1381   0.000000 281.185322 -56.307280 -23.801212   1.249770   1.249770   0.000000   0.000000 -33.477526 278.886942 283.671583   0.090093   0.172075 281.283553   0.155167
  1382   0.000000 281.083931 -56.328303 -23.812355   1.254479   1.254479   0.000000   0.000000 -33.492483 278.871056 283.657826   0.090097   0.172075 281.267666   0.155166
  1383   0.000000 280.982668 -56.349340 -23.823514   1.259144   1.259144   0.000000   0.000000 -33.507391 278.855195 283.644088   0.090101   0.172075 281.251803   0.155166
  1384   0.000000 280.881532 -56.370389 -23.834689   1.263767   1.263767   0.000000   0.000000 -33.522253 278.839360 283.630370   0.090105   0.172075 281.235965   0.155166
  1385   0.000000 280.780524 -56.391452 -23.845878   1.268347   1.268347   0.000000   0.000000 -33.537068 278.823551 283.616671   0.090109   0.172075 281.220151   0.155165
  1386   0.000000 280.679643 -56.412527 -23.857083   1.272885   1.272885   0.000000   0.000000 -33.551836 278.807769 283.602991   0.090113   0.172075 281.204361   0.155165
  1387   0.000000 280.578889 -56.433614 -23.868303   1.277382   1.277382   0.000000   0.000000 -33.566558 278.792011 283.589330   0.090117   0.172075 281.188595   0.155164
  1388   0.000000 280.478261 -56.454713 -23.879537   1.281838   1.281838   0.000000   0.000000 -33.581234 278.776280 283.575689   0.090121   0.172075 281.172853   0.155164
  1389   0.000000 280.377760 -56.475823 -23.890786   1.286253   1.286253   0.000000   0.000000 -33.595865 278.760573 283.562066   0.090125   0.172075 281.157134   0.155164
  1390   0.000000 280.277385 -56.496944 -23.902049   1.290628   1.290628   0.000000   0.000000 -33.610451 278.744893 283.548463   0.090129   0.172075 281.141440   0.155163
  1391   0.000000 280.177135 -56.518076 -23.913326   1.294964   1.294964   0.000000   0.000000 -33.624991 278.729237 283.534878   0.090133   0.172075 281.125769   0.155163
  1392   0.000000 280.077011 -56.539218 -23.924616   1.299259   1.299259   0.000000   0.000000 -33.639487 278.713606 283.521312   0.090137   0.172075 281.110121   0.155162
  1393   0.000000 279.977013 -56.560370 -23.935920   1.303516   1.303516   0.000000   0.000000 -33.653939 278.698001 283.507765   0.090141   0.172075 281.094497   0.155162
  1394   0.000000 279.877139 -56.581532 -23.947237   1.307735   1.307735   0.000000   0.000000 -33.668347 278.682420 283.494236   0.090145   0.172075 281.078897   0.155162
  1395   0.000000 279.777391 -56.602703 -23.958567   1.311915   1.311915   0.000000   0.000000 -33.682711 278.666865 283.480726   0.090149   0.172075 281.063319   0.155161
  1396   0.000000 279.677767 -56.623883 -23.969910   1.316058   1.316058   0.000000   0.000000 -33.697031 278.651334 283.467235   0.090153   0.172075 281.047765   0.155161
  1397   0.000000 279.578267 -56.645072 -23.981265   1.320163   1.320163   0.000000   0.000000 -33.711309 278.635827 283.453762   0.090157   0.172075 281.032233   0.155160
  1398   0.000000 279.478892 -56.666269 -23.992633   1.324231   1.324231   0.000000   0.000000 -33.725544 278.620345 283.440307   0.090161   0.172075 281.016725   0.155160
  1399   0.000000 279.379640 -56.687474 -24.004012   1.328263   1.328263   0.000000   0.000000 -33.739737 278.604887 283.426871   0.090165   0.172075 281.001239   0.155160
  1400   0.000000 279.280512 -56.708687 -24.015404   1.332258   1.332258   0.000000   0.000000 -33.753887 278.589454 283.413453   0.090169   0.172075 280.985776   0.155159
  1401   0.000000 279.181508 -56.729907 -24.026807   1.336217   1.336217   0.000000   0.000000 -33.767996 278.574045 283.400054   0.090173   0.172075 280.970336   0.155159
  1402   0.000000 279.082627 -56.751135 -24.038222   1.340141   1.340141   0.000000   0.000000 -33.782062 278.558660 283.386672   0.090177   0.172075 280.954918   0.155158
  1403   0.000000 278.983869 -56.772369 -24.049648   1.344030   1.344030   0.000000   0.000000 -33.796088 278.543298 283.373309   0.090181   0.172075 280.939523   0.155158
  1404   0.000000 278.885233 -56.793610 -24.061085   1.347884   1.347884   0.000000   0.000000 -33.810073 278.527961 283.359963   0.090185   0.172075 280.924150   0.155158
  1405   0.000000 278.786721 -56.814856 -24.072532   1.351704   1.351704   0.000000   0.000000 -33.824016 278.512647 283.346636   0.090188   0.172075 280.908799   0.155157
  1406   0.000000 278.688330 -56.836109 -24.083991   1.355489   1.355489   0.000000   0.000000 -33.837920 278.497357 283.333326   0.090192   0.172075 280.893471   0.155157
  1407   0.000000 278.590062 -56.857367 -24.095459   1.359241   1.359241   0.000000   0.000000 -33.851783 278.482091 283.320034   0.090196   0.172075 280.878164   0.155156
  1408   0.000000 278.491915 -56.878630 -24.106938   1.362960   1.362960   0.000000   0.000000 -33.865606 278.466848 283.306760   0.090200   0.172075 280.862880   0.155156
  1409   0.000000 278.393891 -56.899899 -24.118427   1.366645   1.366645   0.000000   0.000000 -33.879389 278.451628 283.293504   0.090204   0.172075 280.847617   0.155155
  1410   0.000000 278.295987 -56.921172 -24.129926   1.370298   1.370298   0.000000   0.000000 -33.893133 278.436432 283.280266   0.090208   0.172075 280.832376   0.155155
  1411   0.000000 278.198206 -56.942449 -24.141434   1.373918   1.373918   0.000000   0.000000 -33.906837 278.421258 283.267045   0.090212   0.172075 280.817158   0.155155
  1412   0.000000 278.100545 -56.963730 -24.152952   1.377506   1.377506   0.000000   0.000000 -33.920503 278.406108 283.253841   0.090216   0.172075 280.801960   0.155154
  1413   0.000000 278.003005 -56.985015 -24.164478   1.381062   1.381062   0.000000   0.000000 -33.934130 278.390981 283.240655   0.090220   0.172075 280.786784   0.155154
  1414   0.000000 277.905585 -57.006304 -24.176014   1.384587   1.384587   0.000000   0.000000 -33.947719 278.375877 283.227487   0.090224   0.172075 280.771630   0.155153
  1415   0.000000 277.808286 -57.027596 -24.187558   1.388081   1.388081   0.000000   0.000000 -33.961269 278.360795 283.214335   0.090228   0.172075 280.756497   0.155153
  1416   0.000000 277.711107 -57.048891 -24.199111   1.391544   1.391544   0.000000   0.000000 -33.974781 278.345736 283.201201   0.090232   0.172074 280.741386   0.155152
  1417   0.000000 277.614049 -57.070188 -24.210672   1.394977   1.394977   0.000000   0.000000 -33.988256 278.330700 283.188085   0.090235   0.172074 280.726295   0.155152
  1418   0.000000 277.517110 -57.091488 -24.222242   1.398379   1.398379   0.000000   0.000000 -34.001693 278.315686 283.174985   0.090239   0.172074 280.711226   0.155152
  1419   0.000000 277.420290 -57.112790 -24.233819   1.401752   1.401752   0.000000   0.000000 -34.015093 278.300695 283.161903   0.090243   0.172074 280.696178   0.155151
  1420   0.000000 277.323591 -57.134094 -24.245404   1.405095   1.405095   0.000000   0.000000 -34.028456 278.285726 283.148838   0.090247   0.172074 280.681151   0.155151
  1421   0.000000 277.227010 -57.155399 -24.256997   1.408408   1.408408   0.000000   0.000000 -34.041782 278.270779 283.135789   0.090251   0.172074 280.666145   0.155150
  1422   0.000000 277.130548 -57.176706 -24.268597   1.411693   1.411693   0.000000   0.000000 -34.055072 278.255854 283.122758   0.090255   0.172074 280.651159   0.155150
  1423   0.000000 277.034205 -57.198014 -24.280204   1.414948   1.414948   0.000000   0.000000 -34.068326 278.240952 283.109743   0.090259   0.172074 280.636195   0.155149
  1424   0.000000 276.937981 -57.219322 -24.291817   1.418176   1.418176   0.000000   0.000000 -34.081543 278.226071 283.096746   0.090263   0.172074 280.621251   0.155149
  1425   0.000000 276.841875 -57.240631 -24.303438   1.421375   1.421375   0.000000   0.000000 -34.094724 278.211212 283.083765   0.090266   0.172074 280.606327   0.155149
  1426   0.000000 276.745887 -57.261941 -24.315065   1.424546   1.424546   0.000000   0.000000 -34.107870 278.196375 283.070801   0.090270   0.172074 280.591424   0.155148
  1427   0.000000 276.650018 -57.283250 -24.326699   1.427690   1.427690   0.000000   0.000000 -34.120981 278.181560 283.057854   0.090274   0.172074 280.576542   0.155148
  1428   0.000000 276.554266 -57.304559 -24.338338   1.430806   1.430806   0.000000   0.000000 -34.134056 278.166766 283.044923   0.090278   0.172074 280.561680   0.155147
  1429   0.000000 276.458631 -57.325868 -24.349984   1.433895   1.433895   0.000000   0.000000 -34.147096 278.151994 283.032008   0.090282   0.172074 280.546838   0.155147
  1430   0.000000 276.363114 -57.347175 -24.361635   1.436957   1.436957   0.000000   0.000000 -34.160102 278.137243 283.019111   0.090286   0.172074 280.532016   0.155146
  1431   0.000000 276.267715 -57.368482 -24.373291   1.439993   1.439993   0.000000   0.000000 -34.173073 278.122514 283.006229   0.090290   0.172074 280.517215   0.155146
  1432   0.000000 276.172432 -57.389787 -24.384953   1.443002   1.443002   0.000000   0.000000 -34.186009 278.107806 282.993365   0.090293   0.172074 280.502433   0.155145
  1433   0.000000 276.077266 -57.411091 -24.396621   1.445985   1.445985   0.000000   0.000000 -34.198912 278.093119 282.980516   0.090297   0.172074 280.487672   0.155145
  1434   0.000000 275.982217 -57.432394 -24.408293   1.448943   1.448943   0.000000   0.000000 -34.211781 278.078453 282.967684   0.090301   0.172074 280.472930   0.155144
  1435   0.000000 275.887284 -57.453694 -24.419969   1.451874   1.451874   0.000000   0.000000 -34.224616 278.063808 282.954868   0.090305   0.172074 280.458208   0.155144
  1436   0.000000 275.792468 -57.474992 -24.431650   1.454781   1.454781   0.000000   0.000000 -34.237418 278.049184 282.942068   0.090309   0.172074 280.443506   0.155144
  1437   0.000000 275.697768 -57.496287 -24.443336   1.457662   1.457662   0.000000   0.000000 -34.250186 278.034581 282.929284   0.090313   0.172074 280.428823   0.155143
  1438   0.000000 275.603183 -57.517580 -24.455026   1.460519   1.460519   0.000000   0.000000 -34.262922 278.019999 282.916517   0.090316   0.172074 280.414161   0.155143
  1439   0.000000 275.508714 -57.538870 -24.466719   1.463351   1.463351   0.000000   0.000000 -34.275624 278.005437 282.903765   0.090320   0.172074 280.399517   0.155142
  1440   0.000000 275.414361 -57.560157 -24.478416   1.466158   1.466158   0.000000   0.000000 -34.288294 277.990896 282.891030   0.090324   0.172074 280.384893   0.155142
  1441   0.000000 275.320123 -57.581440 -24.490133   1.468942   1.468942   0.000000   0.000000 -34.300932 277.976377 282.878310   0.090328   0.172074 280.370290   0.155141
  1442   0.000000 275.226000 -57.602724 -24.501867   1.471703   1.471703   0.000000   0.000000 -34.313532 277.961879 282.865606   0.090332   0.172074 280.355707   0.155141
  1443   0.000000 275.131991 -57.624007 -24.513616   1.474444   1.474444   0.000000   0.000000 -34.326093 277.947402 282.852918   0.090335   0.172074 280.341144   0.155140
  1444   0.000000 275.038097 -57.645291 -24.525381   1.477163   1.477163   0.000000   0.000000 -34.338617 277.932946 282.840246   0.090339   0.172074 280.326601   0.155140
  1445   0.000000 274.944317 -57.666576 -24.537161   1.479860   1.479860   0.000000   0.000000 -34.351102 277.918511 282.827590   0.090343   0.172074 280.312079   0.155139
  1446   0.000000 274.850651 -57.687860 -24.548954   1.482537   1.482537   0.000000   0.000000 -34.363551 277.904097 282.814949   0.090347   0.172074 280.297576   0.155139
  1447   0.000000 274.757098 -57.709143 -24.560761   1.485192   1.485192   0.000000   0.000000 -34.375962 277.889704 282.802324   0.090351   0.172074 280.283093   0.155139
  1448   0.000000 274.663659 -57.730426 -24.572581   1.487827   1.487827   0.000000   0.000000 -34.388337 277.875332 282.789715   0.090354   0.172074 280.268630   0.155138
  1449   0.000000 274.570333 -57.751707 -24.584412   1.490440   1.490440   0.000000   0.000000 -34.400676 277.860981 282.777121   0.090358   0.172074 280.254187   0.155138
  1450   0.000000 274.477119 -57.772987 -24.596255   1.493033   1.493033   0.000000   0.000000 -34.412980 277.846650 282.764542   0.090362   0.172074 280.239763   0.155137
  1451   0.000000 274.384018 -57.794266 -24.608109   1.495606   1.495606   0.000000   0.000000 -34.425248 277.832339 282.751979   0.090366   0.172074 280.225358   0.155137
  1452   0.000000 274.291029 -57.815542 -24.619974   1.498157   1.498157   0.000000   0.000000 -34.437482 277.818049 282.739432   0.090369   0.172074 280.210973   0.155136
  1453   0.000000 274.198153 -57.836817 -24.631848   1.500689   1.500689   0.000000   0.000000 -34.449681 277.803779 282.726900   0.090373   0.172074 280.196607   0.155136
  1454   0.000000 274.105387 -57.858089 -24.643732   1.503200   1.503200   0.000000   0.000000 -34.461846 277.789529 282.714383   0.090377   0.172074 280.182261   0.155135
  1455   0.000000 274.012734 -57.879358 -24.655625   1.505691   1.505691   0.000000   0.000000 -34.473978 277.775299 282.701882   0.090381   0.172074 280.167933   0.155135
  1456   0.000000 273.920192 -57.900624 -24.667526   1.508161   1.508161   0.000000   0.000000 -34.486077 277.761089 282.689395   0.090385   0.172074 280.153624   0.155134
  1457   0.000000 273.827760 -57.921887 -24.679435   1.510612   1.510612   0.000000   0.000000 -34.498142 277.746899 282.676924   0.090388   0.172074 280.139334   0.155134
  1458   0.000000 273.735440 -57.943147 -24.691351   1.513043   1.513043   0.000000   0.000000 -34.510175 277.732729 282.664468   0.090392   0.172074 280.125062   0.155133
  1459   0.000000 273.643230 -57.964403 -24.703275   1.515454   1.515454   0.000000   0.000000 -34.522176 277.718578 282.652027   0.090396   0.172074 280.110810   0.155133
  1460   0.000000 273.551131 -57.985655 -24.715205   1.517846   1.517846   0.000000   0.000000 -34.534145 277.704447 282.639602   0.090400   0.172074 280.096576   0.155132
  1461   0.000000 273.459142 -58.006902 -24.727141   1.520218   1.520218   0.000000   0.000000 -34.546083 277.690335 282.627191   0.090403   0.172074 280.082360   0.155132
  1462   0.000000 273.367262 -58.028145 -24.739083   1.522570   1.522570   0.000000   0.000000 -34.557989 277.676243 282.614795   0.090407   0.172074 280.068163   0.155132
  1463   0.000000 273.275493 -58.049383 -24.751030   1.524904   1.524904   0.000000   0.000000 -34.569865 277.662170 282.602414   0.090411   0.172074 280.053984   0.155131
  1464   0.000000 273.183832 -58.070617 -24.762982   1.527218   1.527218   0.000000   0.000000 -34.581710 277.648116 282.590048   0.090414   0.172074 280.039823   0.155131
  1465   0.000000 273.092282 -58.091845 -24.774938   1.529513   1.529513   0.000000   0.000000 -34.593525 277.634081 282.577697   0.090418   0.172074 280.025680   0.155130
  1466   0.000000 273.000840 -58.113067 -24.786899   1.531789   1.531789   0.000000   0.000000 -34.605309 277.620066 282.565360   0.090422   0.172074 280.011556   0.155130
  1467   0.000000 272.909507 -58.134284 -24.798863   1.534046   1.534046   0.000000   0.000000 -34.617065 277.606069 282.553039   0.090426   0.172074 279.997449   0.155129
  1468   0.000000 272.818282 -58.155495 -24.810830   1.536285   1.536285   0.000000   0.000000 -34.628790 277.592091 282.540732   0.090429   0.172074 279.983360   0.155129
  1469   0.000000 272.727167 -58.176700 -24.822800   1.538505   1.538505   0.000000   0.000000 -34.640487 277.578132 282.528439   0.090433   0.172074 279.969289   0.155128
  1470   0.000000 272.636159 -58.197899 -24.834773   1.540706   1.540706   0.000000   0.000000 -34.652155 277.564191 282.516162   0.090437   0.172074 279.955235   0.155128
  1471   0.000000 272.545259 -58.219091 -24.846747   1.542890   1.542890   0.000000   0.000000 -34.663795 277.550269 282.503898   0.090441   0.172074 279.941200   0.155127
  1472   0.000000 272.454467 -58.240276 -24.858724   1.545055   1.545055   0.000000   0.000000 -34.675406 277.536366 282.491650   0.090444   0.172074 279.927181   0.155127
  1473   0.000000 272.363783 -58.261454 -24.870701   1.547202   1.547202   0.000000   0.000000 -34.686989 277.522481 282.479416   0.090448   0.172073 279.913181   0.155126
  1474   0.000000 272.273206 -58.282625 -24.882680   1.549331   1.549331   0.000000   0.000000 -34.698545 277.508614 282.467196   0.090452   0.172073 279.899197   0.155126
  1475   0.000000 272.182737 -58.303788 -24.894659   1.551442   1.551442   0.000000   0.000000 -34.710073 277.494765 282.454990   0.090455   0.172073 279.885231   0.155125
  1476   0.000000 272.092374 -58.324944 -24.906639   1.553535   1.553535   0.000000   0.000000 -34.721575 277.480935 282.442799   0.090459   0.172073 279.871282   0.155125
  1477   0.000000 272.002118 -58.346091 -24.918619   1.555610   1.555610   0.000000   0.000000 -34.733049 277.467123 282.430623   0.090463   0.172073 279.857350   0.155124
  1478   0.000000 271.911969 -58.367231 -24.930598   1.557669   1.557669   0.000000   0.000000 -34.744497 277.453329 282.418460   0.090466   0.172073 279.843436   0.155124
  1479   0.000000 271.821926 -58.388362 -24.942576   1.559709   1.559709   0.000000   0.000000 -34.755918 277.439553 282.406312   0.090470   0.172073 279.829538   0.155123
  1480   0.000000 271.731990 -58.409485 -24.954554   1.561733   1.561733   0.000000   0.000000 -34.767313 277.425794 282.394178   0.090474   0.172073 279.815657   0.155123
  1481   0.000000 271.642159 -58.430599 -24.966530   1.563739   1.563739   0.000000   0.000000 -34.778683 277.412054 282.382058   0.090478   0.172073 279.801793   0.155122
  1482   0.000000 271.552434 -58.451704 -24.978504   1.565728   1.565728   0.000000   0.000000 -34.790027 277.398331 282.369952   0.090481   0.172073 279.787946   0.155122
  1483   0.000000 271.462815 -58.472800 -24.990476   1.567700   1.567700   0.000000   0.000000 -34.801345 277.384626 282.357860   0.090485   0.172073 279.774115   0.155121
  1484   0.000000 271.373302 -58.493886 -25.002446   1.569656   1.569656   0.000000   0.000000 -34.812639 277.370938 282.345782   0.090489   0.172073 279.760301   0.155121
  1485   0.000000 271.283893 -58.514963 -25.014413   1.571594   1.571594   0.000000   0.000000 -34.823907 277.357268 282.333718   0.090492   0.172073 279.746504   0.155120
  1486   0.000000 271.194590 -58.536030 -25.026377   1.573516   1.573516   0.000000   0.000000 -34.835151 277.343615 282.321668   0.090496   0.172073 279.732723   0.155120
  1487   0.000000 271.105391 -58.557088 -25.038338   1.575422   1.575422   0.000000   0.000000 -34.846370 277.329979 282.309632   0.090500   0.172073 279.718959   0.155119
  1488   0.000000 271.016298 -58.578135 -25.050295   1.577311   1.577311   0.000000   0.000000 -34.857566 277.316361 282.297609   0.090503   0.172073 279.705210   0.155119
  1489   0.000000 270.927308 -58.599172 -25.062249   1.579184   1.579184   0.000000   0.000000 -34.868737 277.302760 282.285601   0.090507   0.172073 279.691478   0.155118
  1490   0.000000 270.838423 -58.620198 -25.074198   1.581041   1.581041   0.000000   0.000000 -34.879885 277.289176 282.273606   0.090511   0.172073 279.677763   0.155118
  1491   0.000000 270.749643 -58.641214 -25.086143   1.582882   1.582882   0.000000   0.000000 -34.891009 277.275609 282.261625   0.090514   0.172073 279.664063   0.155117
  1492   0.000000 270.660966 -58.662219 -25.098083   1.584706   1.584706   0.000000   0.000000 -34.902110 277.262059 282.249657   0.090518   0.172073 279.650379   0.155117
  1493   0.000000 270.572392 -58.683212 -25.110017   1.586515   1.586515   0.000000   0.000000 -34.913188 277.248526 282.237704   0.090522   0.172073 279.636712   0.155116
  1494   0.000000 270.483923 -58.704195 -25.121947   1.588308   1.588308   0.000000   0.000000 -34.924243 277.235010 282.225763   0.090525   0.172073 279.623060   0.155116
  1495   0.000000 270.395557 -58.725166 -25.133871   1.590086   1.590086   0.000000   0.000000 -34.935275 277.221510 282.213837   0.090529   0.172073 279.609424   0.155115
  1496   0.000000 270.307293 -58.746125 -25.145788   1.591848   1.591848   0.000000   0.000000 -34.946285 277.208027 282.201923   0.090533   0.172073 279.595804   0.155115
  1497   0.000000 270.219133 -58.767073 -25.157700   1.593594   1.593594   0.000000   0.000000 -34.957273 277.194561 282.190024   0.090536   0.172073 279.582200   0.155114
  1498   0.000000 270.131076 -58.788009 -25.169605   1.595326   1.595326   0.000000   0.000000 -34.968239 277.181111 282.178137   0.090540   0.172073 279.568611   0.155114
  1499   0.000000 270.043121 -58.808932 -25.181504   1.597042   1.597042   0.000000   0.000000 -34.979183 277.167678 282.166264   0.090543   0.172073 279.555038   0.155114
  1500   0.000000 269.955269 -58.829844 -25.193395   1.598743   1.598743   0.000000   0.000000 -34.990106 277.154261 282.154405   0.090547   0.172073 279.541480   0.155113
  1501   0.000000 269.867519 -58.850742 -25.205279   1.600429   1.600429   0.000000   0.000000 -35.001007 277.140860 282.142558   0.090551   0.172073 279.527938   0.155113
  1502   0.000000 269.779871 -58.871628 -25.217156   1.602100   1.602100   0.000000   0.000000 -35.011888 277.127476 282.130725   0.090554   0.172073 279.514411   0.155112
  1503   0.000000 269.692325 -58.892502 -25.229024   1.603756   1.603756   0.000000   0.000000 -35.022747 277.114108 282.118906   0.090558   0.172073 279.500899   0.155112
  1504   0.000000 269.604880 -58.913362 -25.240885   1.605398   1.605398   0.000000   0.000000 -35.033586 277.100756 282.107099   0.090562   0.172073 279.487403   0.155111
  1505   0.000000 269.517537 -58.934209 -25.252737   1.607025   1.607025   0.000000   0.000000 -35.044404 277.087419 282.095305   0.090565   0.172073 279.473922   0.155111
  1506   0.000000 269.430296 -58.955043 -25.264581   1.608638   1.608638   0.000000   0.000000 -35.055202 277.074099 282.083525   0.090569   0.172073 279.460456   0.155110
  1507   0.000000 269.343155 -58.975864 -25.276416   1.610236   1.610236   0.000000   0.000000 -35.065979 277.060795 282.071758   0.090572   0.172073 279.447005   0.155110
  1508   0.000000 269.256116 -58.996670 -25.288241   1.611820   1.611820   0.000000   0.000000 -35.076737 277.047507 282.060003   0.090576   0.172073 279.433569   0.155109
  1509   0.000000 269.169177 -59.017463 -25.300058   1.613389   1.613389   0.000000   0.000000 -35.087475 277.034234 282.048262   0.090580   0.172073 279.420148   0.155108
  1510   0.000000 269.082339 -59.038242 -25.311864   1.614945   1.614945   0.000000   0.000000 -35.098194 277.020977 282.036533   0.090583   0.172073 279.406741   0.155108
  1511   0.000000 268.995601 -59.059007 -25.323661   1.616487   1.616487   0.000000   0.000000 -35.108893 277.007736 282.024818   0.090587   0.172073 279.393350   0.155107
  1512   0.000000 268.908964 -59.079758 -25.335448   1.618014   1.618014   0.000000   0.000000 -35.119573 276.994510 282.013115   0.090591   0.172073 279.379973   0.155107
  1513   0.000000 268.822426 -59.100494 -25.347224   1.619528   1.619528   0.000000   0.000000 -35.130235 276.981300 282.001425   0.090594   0.172073 279.366611   0.155106
  1514   0.000000 268.735989 -59.121216 -25.358990   1.621029   1.621029   0.000000   0.000000 -35.140877 276.968105 281.989748   0.090598   0.172073 279.353264   0.155106
  1515   0.000000 268.649651 -59.141923 -25.370745   1.622515   1.622515   0.000000   0.000000 -35.151501 276.954926 281.978084   0.090601   0.172073 279.339931   0.155105
  1516   0.000000 268.563412 -59.162615 -25.382489   1.623988   1.623988   0.000000   0.000000 -35.162107 276.941762 281.966432   0.090605   0.172073 279.326612   0.155105
  1517   0.000000 268.477273 -59.183292 -25.394222   1.625448   1.625448   0.000000   0.000000 -35.172694 276.928613 281.954794   0.090609   0.172073 279.313308   0.155104
  1518   0.000000 268.391233 -59.203954 -25.405943   1.626894   1.626894   0.000000   0.000000 -35.183264 276.915479 281.943167   0.090612   0.172073 279.300019   0.155104
  1519   0.000000 268.305292 -59.224600 -25.417652   1.628328   1.628328   0.000000   0.000000 -35.193815 276.902361 281.931554   0.090616   0.172073 279.286743   0.155103
  1520   0.000000 268.219449 -59.245231 -25.429350   1.629748   1.629748   0.000000   0.000000 -35.204349 276.889257 281.919952   0.090619   0.172073 279.273482   0.155103
  1521   0.000000 268.133706 -59.265847 -25.441035   1.631155   1.631155   0.000000   0.000000 -35.214866 276.876169 281.908364   0.090623   0.172073 279.260235   0.155102
  1522   0.000000 268.048060 -59.286447 -25.452708   1.632549   1.632549   0.000000   0.000000 -35.225365 276.863095 281.896788   0.090627   0.172073 279.247003   0.155102
  1523   0.000000 267.962513 -59.307031 -25.464368   1.633930   1.633930   0.000000   0.000000 -35.235847 276.850037 281.885224   0.090630   0.172073 279.233784   0.155101
  1524   0.000000 267.877064 -59.327599 -25.476015   1.635298   1.635298   0.000000   0.000000 -35.246312 276.836993 281.873673   0.090634   0.172073 279.220579   0.155101
  1525   0.000000 267.791712 -59.348150 -25.487649   1.636654   1.636654   0.000000   0.000000 -35.256761 276.823964 281.862134   0.090637   0.172072 279.207388   0.155100
  1526   0.000000 267.706459 -59.368686 -25.499270   1.637997   1.637997   0.000000   0.000000 -35.267193 276.810949 281.850607   0.090641   0.172072 279.194211   0.155100
  1527   0.000000 267.621303 -59.389205 -25.510877   1.639328   1.639328   0.000000   0.000000 -35.277609 276.797949 281.839093   0.090644   0.172072 279.181048   0.155099
  1528   0.000000 267.536244 -59.409708 -25.522471   1.640646   1.640646   0.000000   0.000000 -35.288008 276.784964 281.827591   0.090648   0.172072 279.167899   0.155099
  1529   0.000000 267.451282 -59.430194 -25.534050   1.641952   1.641952   0.000000   0.000000 -35.298392 276.771993 281.816101   0.090652   0.172072 279.154763   0.155098
  1530   0.000000 267.366417 -59.450663 -25.545616   1.643245   1.643245   0.000000   0.000000 -35.308759 276.759037 281.804624   0.090655   0.172072 279.141641   0.155098
  1531   0.000000 267.281649 -59.471115 -25.557167   1.644527   1.644527   0.000000   0.000000 -35.319111 276.746095 281.793159   0.090659   0.172072 279.128533   0.155097
  1532   0.000000 267.196977 -59.491550 -25.568704   1.645796   1.645796   0.000000   0.000000 -35.329447 276.733167 281.781705   0.090662   0.172072 279.115438   0.155097
  1533   0.000000 267.112402 -59.511968 -25.580225   1.647053   1.647053   0.000000   0.000000 -35.339768 276.720253 281.770264   0.090666   0.172072 279.102357   0.155096
  1534   0.000000 267.027923 -59.532369 -25.591732   1.648299   1.648299   0.000000   0.000000 -35.350074 276.707354 281.758835   0.090669   0.172072 279.089289   0.155096
  1535   0.000000 266.943540 -59.552752 -25.603224   1.649533   1.649533   0.000000   0.000000 -35.360365 276.694469 281.747418   0.090673   0.172072 279.076235   0.155095
  1536   0.000000 266.859253 -59.573118 -25.614700   1.650754   1.650754   0.000000   0.000000 -35.370641 276.681598 281.736013   0.090677   0.172072 279.063193   0.155095
  1537   0.000000 266.775062 -59.593466 -25.626161   1.651965   1.651965   0.000000   0.000000 -35.380902 276.668741 281.724619   0.090680   0.172072 279.050165   0.155094
  1538   0.000000 266.690966 -59.613796 -25.637606   1.653163   1.653163   0.000000   0.000000 -35.391149 276.655898 281.713238   0.090684   0.172072 279.037151   0.155094
  1539   0.000000 266.606965 -59.634109 -25.649035   1.654351   1.654351   0.000000   0.000000 -35.401382 276.643069 281.701869   0.090687   0.172072 279.024149   0.155093
  1540   0.000000 266.523059 -59.654403 -25.660448   1.655526   1.655526   0.000000   0.000000 -35.411600 276.630253 281.690511   0.090691   0.172072 279.011161   0.155093
  1541   0.000000 266.439249 -59.674680 -25.671844   1.656691   1.656691   0.000000   0.000000 -35.421804 276.617452 281.679165   0.090694   0.172072 278.998185   0.155092
  1542   0.000000 266.355533 -59.694938 -25.683224   1.657844   1.657844   0.000000   0.000000 -35.431995 276.604664 281.667831   0.090698   0.172072 278.985223   0.155092
  1543   0.000000 266.271911 -59.715177 -25.694588   1.658986   1.658986   0.000000   0.000000 -35.442171 276.591890 281.656509   0.090701   0.172072 278.972273   0.155091
  1544   0.000000 266.188384 -59.735399 -25.705934   1.660117   1.660117   0.000000   0.000000 -35.452335 276.579129 281.645198   0.090705   0.172072 278.959337   0.155091
  1545   0.000000 266.104951 -59.755601 -25.717263   1.661237   1.661237   0.000000   0.000000 -35.462484 276.566382 281.633899   0.090709   0.172072 278.946413   0.155090
  1546   0.000000 266.021612 -59.775785 -25.728575   1.662346   1.662346   0.000000   0.000000 -35.472621 276.553648 281.622612   0.090712   0.172072 278.933502   0.155090
  1547   0.000000 265.938367 -59.795950 -25.739870   1.663444   1.663444   0.000000   0.000000 -35.482744 276.540928 281.611336   0.090716   0.172072 278.920603   0.155089
  1548   0.000000 265.855216 -59.816097 -25.751147   1.664531   1.664531   0.000000   0.000000 -35.492855 276.528221 281.600072   0.090719   0.172072 278.907718   0.155089
  1549   0.000000 265.772158 -59.836224 -25.762406   1.665608   1.665608   0.000000   0.000000 -35.502953 276.515528 281.588819   0.090723   0.172072 278.894844   0.155088
  1550   0.000000 265.689193 -59.856332 -25.773647   1.666674   1.666674   0.000000   0.000000 -35.513038 276.502848 281.577578   0.090726   0.172072 278.881984   0.155087
  1551   0.000000 265.606321 -59.876421 -25.784870   1.667729   1.667729   0.000000   0.000000 -35.523111 276.490181 281.566348   0.090730   0.172072 278.869136   0.155087
  1552   0.000000 265.523543 -59.896491 -25.796074   1.668774   1.668774   0.000000   0.000000 -35.533171 276.477527 281.555130   0.090733   0.172072 278.856300   0.155086
  1553   0.000000 265.440857 -59.916541 -25.807260   1.669809   1.669809   0.000000   0.000000 -35.543220 276.464886 281.543923   0.090737   0.172072 278.843477   0.155086
  1554   0.000000 265.358263 -59.936572 -25.818428   1.670833   1.670833   0.000000   0.000000 -35.553256 276.452259 281.532727   0.090740   0.172072 278.830666   0.155085
  1555   0.000000 265.275762 -59.956584 -25.829576   1.671847   1.671847   0.000000   0.000000 -35.563281 276.439644 281.521543   0.090744   0.172072 278.817868   0.155085
  1556   0.000000 265.193353 -59.976575 -25.840706   1.672851   1.672851   0.000000   0.000000 -35.573293 276.427042 281.510370   0.090747   0.172072 278.805081   0.155084
  1557   0.000000 265.111036 -59.996547 -25.851816   1.673844   1.673844   0.000000   0.000000 -35.583295 276.414454 281.499208   0.090751   0.172072 278.792307   0.155084
  1558   0.000000 265.028810 -60.016499 -25.862907   1.674828   1.674828   0.000000   0.000000 -35.593285 276.401878 281.488058   0.090754   0.172072 278.779545   0.155083
  1559   0.000000 264.946677 -60.036431 -25.873979   1.675802   1.675802   0.000000   0.000000 -35.603263 276.389314 281.476919   0.090758   0.172072 278.766795   0.155083
  1560   0.000000 264.864635 -60.056343 -25.885030   1.676766   1.676766   0.000000   0.000000 -35.613231 276.376764 281.465791   0.090761   0.172072 278.754057   0.155082
  1561   0.000000 264.782683 -60.076234 -25.896062   1.677720   1.677720   0.000000   0.000000 -35.623188 276.364226 281.454673   0.090765   0.172072 278.741332   0.155082
  1562   0.000000 264.700824 -60.096106 -25.907074   1.678664   1.678664   0.000000   0.000000 -35.633133 276.351701 281.443567   0.090769   0.172072 278.728618   0.155081
  1563   0.000000 264.619054 -60.115957 -25.918066   1.679599   1.679599   0.000000   0.000000 -35.643068 276.339188 281.432473   0.090772   0.172072 278.715916   0.155081
  1564   0.000000 264.537376 -60.135788 -25.929037   1.680524   1.680524   0.000000   0.000000 -35.652993 276.326688 281.421389   0.090776   0.172072 278.703225   0.155080
  1565   0.000000 264.455788 -60.155598 -25.939988   1.681439   1.681439   0.000000   0.000000 -35.662907 276.314200 281.410316   0.090779   0.172072 278.690547   0.155080
  1566   0.000000 264.374290 -60.175387 -25.950919   1.682345   1.682345   0.000000   0.000000 -35.672811 276.301725 281.399254   0.090783   0.172072 278.677880   0.155079
  1567   0.000000 264.292883 -60.195156 -25.961828   1.683242   1.683242   0.000000   0.000000 -35.682705 276.289262 281.388203   0.090786   0.172072 278.665225   0.155079
  1568   0.000000 264.211565 -60.214905 -25.972717   1.684129   1.684129   0.000000   0.000000 -35.692589 276.276811 281.377163   0.090790   0.172072 278.652582   0.155078
  1569   0.000000 264.130338 -60.234632 -25.983585   1.685007   1.685007   0.000000   0.000000 -35.702464 276.264372 281.366133   0.090793   0.172072 278.639950   0.155078
  1570   0.000000 264.049199 -60.254338 -25.994431   1.685876   1.685876   0.000000   0.000000 -35.712328 276.251946 281.355115   0.090797   0.172072 278.627330   0.155077
  1571   0.000000 263.968150 -60.274024 -26.005256   1.686735   1.686735   0.000000   0.000000 -35.722183 276.239532 281.344107   0.090800   0.172072 278.614721   0.155076
  1572   0.000000 263.887191 -60.293688 -26.016059   1.687586   1.687586   0.000000   0.000000 -35.732029 276.227130 281.333111   0.090804   0.172072 278.602124   0.155076
  1573   0.000000 263.806320 -60.313331 -26.026841   1.688427   1.688427   0.000000   0.000000 -35.741865 276.214740 281.322124   0.090807   0.172072 278.589538   0.155075
  1574   0.000000 263.725538 -60.332953 -26.037601   1.689260   1.689260   0.000000   0.000000 -35.751692 276.202362 281.311149   0.090811   0.172072 278.576963   0.155075
  1575   0.000000 263.644845 -60.352554 -26.048339   1.690084   1.690084   0.000000   0.000000 -35.761511 276.189996 281.300184   0.090814   0.172071 278.564400   0.155074
  1576   0.000000 263.564240 -60.372133 -26.059055   1.690899   1.690899   0.000000   0.000000 -35.771320 276.177641 281.289230   0.090818   0.172071 278.551848   0.155074
  1577   0.000000 263.483724 -60.391691 -26.069749   1.691705   1.691705   0.000000   0.000000 -35.781121 276.165299 281.278286   0.090821   0.172071 278.539307   0.155073
  1578   0.000000 263.403296 -60.411228 -26.080420   1.692503   1.692503   0.000000   0.000000 -35.790913 276.152968 281.267353   0.090825   0.172071 278.526777   0.155073
  1579   0.000000 263.322955 -60.430742 -26.091069   1.693292   1.693292   0.000000   0.000000 -35.800697 276.140649 281.256431   0.090828   0.172071 278.514259   0.155072
  1580   0.000000 263.242702 -60.450235 -26.101695   1.694072   1.694072   0.000000   0.000000 -35.810472 276.128342 281.245519   0.090831   0.172071 278.501751   0.155072
  1581   0.000000 263.162537 -60.469707 -26.112299   1.694844   1.694844   0.000000   0.000000 -35.820239 276.116047 281.234618   0.090835   0.172071 278.489255   0.155071
  1582   0.000000 263.082459 -60.489156 -26.122879   1.695608   1.695608   0.000000   0.000000 -35.829998 276.103763 281.223727   0.090838   0.172071 278.476769   0.155071
  1583   0.000000 263.002468 -60.508584 -26.133437   1.696363   1.696363   0.000000   0.000000 -35.839750 276.091490 281.212846   0.090842   0.172071 278.464294   0.155070
  1584   0.000000 262.922565 -60.527990 -26.143971   1.697110   1.697110   0.000000   0.000000 -35.849493 276.079229 281.201976   0.090845   0.172071 278.451831   0.155070
  1585   0.000000 262.842747 -60.547374 -26.154482   1.697849   1.697849   0.000000   0.000000 -35.859229 276.066979 281.191116   0.090849   0.172071 278.439378   0.155069
  1586   0.000000 262.763017 -60.566735 -26.164969   1.698579   1.698579   0.000000   0.000000 -35.868957 276.054741 281.180267   0.090852   0.172071 278.426936   0.155069
  1587   0.000000 262.683373 -60.586075 -26.175433   1.699302   1.699302   0.000000   0.000000 -35.878678 276.042514 281.169428   0.090856   0.172071 278.414504   0.155068
  1588   0.000000 262.603815 -60.605392 -26.185873   1.700016   1.700016   0.000000   0.000000 -35.888392 276.030299 281.158599   0.090859   0.172071 278.402083   0.155068
  1589   0.000000 262.524343 -60.624687 -26.196290   1.700723   1.700723   0.000000   0.000000 -35.898098 276.018095 281.147780   0.090863   0.172071 278.389673   0.155067
  1590   0.000000 262.444957 -60.643960 -26.206682   1.701421   1.701421   0.000000   0.000000 -35.907798 276.005901 281.136971   0.090866   0.172071 278.377274   0.155066
  1591   0.000000 262.365657 -60.663210 -26.217051   1.702112   1.702112   0.000000   0.000000 -35.917491 275.993719 281.126173   0.090870   0.172071 278.364885   0.155066
  1592   0.000000 262.286442 -60.682438 -26.227395   1.702795   1.702795   0.000000   0.000000 -35.927177 275.981548 281.115385   0.090873   0.172071 278.352506   0.155065
  1593   0.000000 262.207313 -60.701644 -26.237715   1.703470   1.703470   0.000000   0.000000 -35.936856 275.969389 281.104607   0.090877   0.172071 278.340138   0.155065
  1594   0.000000 262.128268 -60.720827 -26.248010   1.704137   1.704137   0.000000   0.000000 -35.946529 275.957240 281.093839   0.090880   0.172071 278.327781   0.155064
  1595   0.000000 262.049309 -60.739987 -26.258281   1.704797   1.704797   0.000000   0.000000 -35.956195 275.945102 281.083081   0.090884   0.172071 278.315434   0.155064
  1596   0.000000 261.970434 -60.759125 -26.268527   1.705449   1.705449   0.000000   0.000000 -35.965855 275.932975 281.072333   0.090887   0.172071 278.303097   0.155063
  1597   0.000000 261.891644 -60.778240 -26.278749   1.706094   1.706094   0.000000   0.000000 -35.975509 275.920859 281.061595   0.090891   0.172071 278.290770   0.155063
  1598   0.000000 261.812938 -60.797332 -26.288946   1.706731   1.706731   0.000000   0.000000 -35.985157 275.908753 281.050867   0.090894   0.172071 278.278454   0.155062
  1599   0.000000 261.734316 -60.816401 -26.299117   1.707361   1.707361   0.000000   0.000000 -35.994799 275.896659 281.040149   0.090897   0.172071 278.266147   0.155062
  1600   0.000000 261.655778 -60.835448 -26.309264   1.707983   1.707983   0.000000   0.000000 -36.004435 275.884575 281.029441   0.090901   0.172071 278.253851   0.155061
  1601   0.000000 261.577325 -60.854472 -26.319385   1.708598   1.708598   0.000000   0.000000 -36.014066 275.872502 281.018743   0.090904   0.172071 278.241565   0.155061
  1602   0.000000 261.498954 -60.873472 -26.329481   1.709206   1.709206   0.000000   0.000000 -36.023691 275.860439 281.008055   0.090908   0.172071 278.229290   0.155060
  1603   0.000000 261.420667 -60.892450 -26.339551   1.709807   1.709807   0.000000   0.000000 -36.033311 275.848387 280.997376   0.090911   0.172071 278.217024   0.155060
  1604   0.000000 261.342464 -60.911404 -26.349596   1.710401   1.710401   0.000000   0.000000 -36.042925 275.836346 280.986708   0.090915   0.172071 278.204768   0.155059
  1605   0.000000 261.264343 -60.930336 -26.359615   1.710987   1.710987   0.000000   0.000000 -36.052535 275.824315 280.976049   0.090918   0.172071 278.192522   0.155058
  1606   0.000000 261.186305 -60.949244 -26.369608   1.711567   1.711567   0.000000   0.000000 -36.062139 275.812294 280.965399   0.090922   0.172071 278.180286   0.155058
  1607   0.000000 261.108350 -60.968129 -26.379576   1.712140   1.712140   0.000000   0.000000 -36.071738 275.800284 280.954760   0.090925   0.172071 278.168059   0.155057
  1608   0.000000 261.030477 -60.986991 -26.389517   1.712705   1.712705   0.000000   0.000000 -36.081333 275.788284 280.944130   0.090929   0.172071 278.155843   0.155057
  1609   0.000000 260.952687 -61.005829 -26.399433   1.713264   1.713264   0.000000   0.000000 -36.090922 275.776294 280.933510   0.090932   0.172071 278.143636   0.155056
  1610   0.000000 260.874979 -61.024644 -26.409322   1.713817   1.713817   0.000000   0.000000 -36.100508 275.764315 280.922899   0.090935   0.172071 278.131439   0.155056
  1611   0.000000 260.797353 -61.043436 -26.419185   1.714362   1.714362   0.000000   0.000000 -36.110088 275.752346 280.912298   0.090939   0.172071 278.119252   0.155055
  1612   0.000000 260.719808 -61.062204 -26.429021   1.714901   1.714901   0.000000   0.000000 -36.119665 275.740387 280.901707   0.090942   0.172071 278.107074   0.155055
  1613   0.000000 260.642345 -61.080949 -26.438831   1.715433   1.715433   0.000000   0.000000 -36.129237 275.728439 280.891125   0.090946   0.172071 278.094906   0.155054
  1614   0.000000 260.564964 -61.099670 -26.448615   1.715958   1.715958   0.000000   0.000000 -36.138805 275.716500 280.880553   0.090949   0.172071 278.082748   0.155054
  1615   0.000000 260.487663 -61.118368 -26.458372   1.716477   1.716477   0.000000   0.000000 -36.148369 275.704571 280.869990   0.090953   0.172071 278.070599   0.155053
  1616   0.000000 260.410444 -61.137042 -26.468101   1.716990   1.716990   0.000000   0.000000 -36.157929 275.692653 280.859436   0.090956   0.172071 278.058459   0.155053
  1617   0.000000 260.333305 -61.155692 -26.477804   1.717496   1.717496   0.000000   0.000000 -36.167485 275.680744 280.848892   0.090960   0.172071 278.046329   0.155052
  1618   0.000000 260.256248 -61.174319 -26.487480   1.717995   1.717995   0.000000   0.000000 -36.177037 275.668845 280.838358   0.090963   0.172071 278.034208   0.155051
  1619   0.000000 260.179270 -61.192922 -26.497129   1.718489   1.718489   0.000000   0.000000 -36.186586 275.656956 280.827832   0.090966   0.172071 278.022097   0.155051
  1620   0.000000 260.102373 -61.211502 -26.506751   1.718976   1.718976   0.000000   0.000000 -36.196132 275.645077 280.817316   0.090970   0.172071 278.009995   0.155050
  1621   0.000000 260.025556 -61.230057 -26.516346   1.719457   1.719457   0.000000   0.000000 -36.205674 275.633208 280.806810   0.090973   0.172071 277.997902   0.155050
  1622   0.000000 259.948818 -61.248589 -26.525913   1.719932   1.719932   0.000000   0.000000 -36.215213 275.621348 280.796312   0.090977   0.172071 277.985818   0.155049
  1623   0.000000 259.872161 -61.267097 -26.535453   1.720400   1.720400   0.000000   0.000000 -36.224749 275.609498 280.785824   0.090980   0.172071 277.973744   0.155049
  1624   0.000000 259.795583 -61.285581 -26.544965   1.720863   1.720863   0.000000   0.000000 -36.234281 275.597658 280.775345   0.090984   0.172070 277.961679   0.155048
  1625   0.000000 259.719084 -61.304041 -26.554449   1.721319   1.721319   0.000000   0.000000 -36.243811 275.585827 280.764876   0.090987   0.172070 277.949622   0.155048
  1626   0.000000 259.642665 -61.322477 -26.563906   1.721770   1.721770   0.000000   0.000000 -36.253338 275.574006 280.754415   0.090990   0.172070 277.937575   0.155047
  1627   0.000000 259.566324 -61.340889 -26.573335   1.722215   1.722215   0.000000   0.000000 -36.262863 275.562195 280.743964   0.090994   0.172070 277.925537   0.155047
  1628   0.000000 259.490062 -61.359277 -26.582737   1.722653   1.722653   0.000000   0.000000 -36.272384 275.550393 280.733522   0.090997   0.172070 277.913508   0.155046
  1629   0.000000 259.413879 -61.377641 -26.592110   1.723086   1.723086   0.000000   0.000000 -36.281903 275.538600 280.723089   0.091001   0.172070 277.901487   0.155046
  1630   0.000000 259.337774 -61.395981 -26.601455   1.723513   1.723513   0.000000   0.000000 -36.291420 275.526817 280.712665   0.091004   0.172070 277.889476   0.155045
  1631   0.000000 259.261748 -61.414297 -26.610772   1.723935   1.723935   0.000000   0.000000 -36.300935 275.515043 280.702250   0.091007   0.172070 277.877474   0.155045
  1632   0.000000 259.185799 -61.432589 -26.620061   1.724351   1.724351   0.000000   0.000000 -36.310447 275.503278 280.691843   0.091011   0.172070 277.865480   0.155044
  1633   0.000000 259.109929 -61.450857 -26.629321   1.724761   1.724761   0.000000   0.000000 -36.319957 275.491523 280.681446   0.091014   0.172070 277.853495   0.155043
  1634   0.000000 259.034136 -61.469100 -26.638554   1.725165   1.725165   0.000000   0.000000 -36.329465 275.479777 280.671058   0.091018   0.172070 277.841519   0.155043
  1635   0.000000 258.958420 -61.487319 -26.647757   1.725564   1.725564   0.000000   0.000000 -36.338972 275.468040 280.660679   0.091021   0.172070 277.829551   0.155042
  1636   0.000000 258.882782 -61.505514 -26.656933   1.725958   1.725958   0.000000   0.000000 -36.348476 275.456312 280.650309   0.091025   0.172070 277.817593   0.155042
  1637   0.000000 258.807221 -61.523685 -26.666079   1.726346   1.726346   0.000000   0.000000 -36.357979 275.444593 280.639948   0.091028   0.172070 277.805642   0.155041
  1638   0.000000 258.731737 -61.541831 -26.675197   1.726729   1.726729   0.000000   0.000000 -36.367480 275.432884 280.629595   0.091031   0.172070 277.793701   0.155041
  1639   0.000000 258.656330 -61.559953 -26.684286   1.727106   1.727106   0.000000   0.000000 -36.376980 275.421183 280.619251   0.091035   0.172070 277.781768   0.155040
  1640   0.000000 258.580999 -61.578051 -26.693347   1.727478   1.727478   0.000000   0.000000 -36.386478 275.409492 280.608917   0.091038   0.172070 277.769843   0.155040
  1641   0.000000 258.505745 -61.596124 -26.702378   1.727845   1.727845   0.000000   0.000000 -36.395976 275.397809 280.598590   0.091042   0.172070 277.757927   0.155039
  1642   0.000000 258.430567 -61.614173 -26.711381   1.728207   1.728207   0.000000   0.000000 -36.405472 275.386135 280.588273   0.091045   0.172070 277.746019   0.155039
  1643   0.000000 258.355465 -61.632197 -26.720354   1.728563   1.728563   0.000000   0.000000 -36.414966 275.374470 280.577964   0.091048   0.172070 277.734120   0.155038
  1644   0.000000 258.280439 -61.650197 -26.729298   1.728914   1.728914   0.000000   0.000000 -36.424460 275.362814 280.567665   0.091052   0.172070 277.722229   0.155037
  1645   0.000000 258.205488 -61.668173 -26.738213   1.729261   1.729261   0.000000   0.000000 -36.433953 275.351167 280.557373   0.091055   0.172070 277.710347   0.155037
  1646   0.000000 258.130613 -61.686124 -26.747099   1.729602   1.729602   0.000000   0.000000 -36.443445 275.339528 280.547091   0.091059   0.172070 277.698472   0.155036
  1647   0.000000 258.055814 -61.704051 -26.755956   1.729938   1.729938   0.000000   0.000000 -36.452937 275.327898 280.536817   0.091062   0.172070 277.686606   0.155036
  1648   0.000000 257.981089 -61.721953 -26.764783   1.730269   1.730269   0.000000   0.000000 -36.462428 275.316277 280.526551   0.091065   0.172070 277.674748   0.155035
  1649   0.000000 257.906440 -61.739830 -26.773580   1.730596   1.730596   0.000000   0.000000 -36.471918 275.304665 280.516294   0.091069   0.172070 277.662899   0.155035
  1650   0.000000 257.831865 -61.757683 -26.782349   1.730917   1.730917   0.000000   0.000000 -36.481408 275.293061 280.506046   0.091072   0.172070 277.651057   0.155034
  1651   0.000000 257.757365 -61.775512 -26.791087   1.731234   1.731234   0.000000   0.000000 -36.490898 275.281465 280.495806   0.091076   0.172070 277.639224   0.155034
  1652   0.000000 257.682939 -61.793316 -26.799796   1.731546   1.731546   0.000000   0.000000 -36.500387 275.269878 280.485575   0.091079   0.172070 277.627398   0.155033
  1653   0.000000 257.608587 -61.811095 -26.808475   1.731853   1.731853   0.000000   0.000000 -36.509876 275.258300 280.475352   0.091082   0.172070 277.615581   0.155033
  1654   0.000000 257.534310 -61.828849 -26.817124   1.732155   1.732155   0.000000   0.000000 -36.519365 275.246730 280.465138   0.091086   0.172070 277.603772   0.155032
  1655   0.000000 257.460106 -61.846579 -26.825744   1.732453   1.732453   0.000000   0.000000 -36.528854 275.235168 280.454932   0.091089   0.172070 277.591970   0.155032
  1656   0.000000 257.385976 -61.864285 -26.834334   1.732746   1.732746   0.000000   0.000000 -36.538344 275.223615 280.444734   0.091093   0.172070 277.580177   0.155031
  1657   0.000000 257.311920 -61.881965 -26.842893   1.733035   1.733035   0.000000   0.000000 -36.547833 275.212070 280.434545   0.091096   0.172070 277.568391   0.155030
  1658   0.000000 257.237937 -61.899621 -26.851423   1.733319   1.733319   0.000000   0.000000 -36.557323 275.200533 280.424364   0.091099   0.172070 277.556613   0.155030
  1659   0.000000 257.164027 -61.917252 -26.859922   1.733599   1.733599   0.000000   0.000000 -36.566813 275.189005 280.414191   0.091103   0.172070 277.544843   0.155029
  1660   0.000000 257.090190 -61.934859 -26.868392   1.733874   1.733874   0.000000   0.000000 -36.576304 275.177485 280.404027   0.091106   0.172070 277.533081   0.155029
  1661   0.000000 257.016426 -61.952440 -26.876831   1.734145   1.734145   0.000000   0.000000 -36.585795 275.165973 280.393871   0.091110   0.172070 277.521327   0.155028
  1662   0.000000 256.942734 -61.969997 -26.885240   1.734412   1.734412   0.000000   0.000000 -36.595287 275.154469 280.383723   0.091113   0.172070 277.509580   0.155028
  1663   0.000000 256.869115 -61.987530 -26.893618   1.734674   1.734674   0.000000   0.000000 -36.604780 275.142973 280.373584   0.091116   0.172070 277.497841   0.155027
  1664   0.000000 256.795568 -62.005037 -26.901967   1.734932   1.734932   0.000000   0.000000 -36.614273 275.131485 280.363452   0.091120   0.172070 277.486109   0.155027
  1665   0.000000 256.722094 -62.022520 -26.910285   1.735186   1.735186   0.000000   0.000000 -36.623768 275.120006 280.353329   0.091123   0.172070 277.474385   0.155026
  1666   0.000000 256.648691 -62.039978 -26.918572   1.735435   1.735435   0.000000   0.000000 -36.633263 275.108534 280.343214   0.091127   0.172070 277.462669   0.155026
  1667   0.000000 256.575360 -62.057411 -26.926829   1.735681   1.735681   0.000000   0.000000 -36.642760 275.097070 280.333107   0.091130   0.172070 277.450960   0.155025
  1668   0.000000 256.502101 -62.074819 -26.935055   1.735922   1.735922   0.000000   0.000000 -36.652258 275.085614 280.323008   0.091133   0.172070 277.439259   0.155025
  1669   0.000000 256.428913 -62.092203 -26.943251   1.736159   1.736159   0.000000   0.000000 -36.661756 275.074166 280.312917   0.091137   0.172070 277.427565   0.155024
  1670   0.000000 256.355796 -62.109561 -26.951415   1.736392   1.736392   0.000000   0.000000 -36.671257 275.062726 280.302834   0.091140   0.172070 277.415879   0.155023
  1671   0.000000 256.282750 -62.126895 -26.959550   1.736622   1.736622   0.000000   0.000000 -36.680758 275.051294 280.292760   0.091143   0.172070 277.404200   0.155023
  1672   0.000000 256.209775 -62.144204 -26.967653   1.736847   1.736847   0.000000   0.000000 -36.690262 275.039869 280.282693   0.091147   0.172069 277.392528   0.155022
  1673   0.000000 256.136871 -62.161488 -26.975726   1.737068   1.737068   0.000000   0.000000 -36.699766 275.028452 280.272634   0.091150   0.172069 277.380864   0.155022
  1674   0.000000 256.064038 -62.178747 -26.983767   1.737286   1.737286   0.000000   0.000000 -36.709273 275.017043 280.262583   0.091154   0.172069 277.369207   0.155021
  1675   0.000000 255.991274 -62.195981 -26.991778   1.737500   1.737500   0.000000   0.000000 -36.718781 275.005642 280.252540   0.091157   0.172069 277.357557   0.155021
  1676   0.000000 255.918581 -62.213191 -26.999758   1.737709   1.737709   0.000000   0.000000 -36.728291 274.994248 280.242505   0.091160   0.172069 277.345915   0.155020
  1677   0.000000 255.845958 -62.230375 -27.007707   1.737916   1.737916   0.000000   0.000000 -36.737803 274.982861 280.232478   0.091164   0.172069 277.334279   0.155020
  1678   0.000000 255.773405 -62.247535 -27.015624   1.738118   1.738118   0.000000   0.000000 -36.747317 274.971483 280.222459   0.091167   0.172069 277.322651   0.155019
  1679   0.000000 255.700922 -62.264670 -27.023511   1.738317   1.738317   0.000000   0.000000 -36.756833 274.960112 280.212447   0.091170   0.172069 277.311030   0.155019
  1680   0.000000 255.628508 -62.281780 -27.031367   1.738512   1.738512   0.000000   0.000000 -36.766351 274.948748 280.202444   0.091174   0.172069 277.299416   0.155018
  1681   0.000000 255.556163 -62.298864 -27.039191   1.738703   1.738703   0.000000   0.000000 -36.775871 274.937392 280.192448   0.091177   0.172069 277.287809   0.155017
  1682   0.000000 255.483887 -62.315924 -27.046984   1.738891   1.738891   0.000000   0.000000 -36.785394 274.926043 280.182460   0.091181   0.172069 277.276209   0.155017
  1683   0.000000 255.411681 -62.332959 -27.054746   1.739076   1.739076   0.000000   0.000000 -36.794919 274.914701 280.172479   0.091184   0.172069 277.264616   0.155016
  1684   0.000000 255.339543 -62.349970 -27.062476   1.739257   1.739257   0.000000   0.000000 -36.804446 274.903367 280.162507   0.091187   0.172069 277.253030   0.155016
  1685   0.000000 255.267474 -62.366955 -27.070175   1.739434   1.739434   0.000000   0.000000 -36.813976 274.892040 280.152542   0.091191   0.172069 277.241451   0.155015
  1686   0.000000 255.195474 -62.383915 -27.077843   1.739608   1.739608   0.000000   0.000000 -36.823509 274.880721 280.142584   0.091194   0.172069 277.229879   0.155015
  1687   0.000000 255.123541 -62.400850 -27.085480   1.739779   1.739779   0.000000   0.000000 -36.833044 274.869409 280.132635   0.091197   0.172069 277.218314   0.155014
  1688   0.000000 255.051677 -62.417761 -27.093084   1.739946   1.739946   0.000000   0.000000 -36.842582 274.858104 280.122693   0.091201   0.172069 277.206756   0.155014
  1689   0.000000 254.979881 -62.434646 -27.100658   1.740110   1.740110   0.000000   0.000000 -36.852122 274.846806 280.112758   0.091204   0.172069 277.195204   0.155013
  1690   0.000000 254.908153 -62.451507 -27.108200   1.740271   1.740271   0.000000   0.000000 -36.861666 274.835515 280.102831   0.091207   0.172069 277.183659   0.155013
  1691   0.000000 254.836492 -62.468342 -27.115710   1.740428   1.740428   0.000000   0.000000 -36.871213 274.824232 280.092912   0.091211   0.172069 277.172121   0.155012
  1692   0.000000 254.764899 -62.485153 -27.123189   1.740583   1.740583   0.000000   0.000000 -36.880762 274.812955 280.083000   0.091214   0.172069 277.160590   0.155011
  1693   0.000000 254.693373 -62.501938 -27.130636   1.740734   1.740734   0.000000   0.000000 -36.890315 274.801686 280.073096   0.091218   0.172069 277.149065   0.155011
  1694   0.000000 254.621914 -62.518699 -27.138051   1.740882   1.740882   0.000000   0.000000 -36.899871 274.790423 280.063199   0.091221   0.172069 277.137547   0.155010
  1695   0.000000 254.550522 -62.535435 -27.145435   1.741027   1.741027   0.000000   0.000000 -36.909430 274.779168 280.053309   0.091224   0.172069 277.126035   0.155010
  1696   0.000000 254.479197 -62.552145 -27.152787   1.741169   1.741169   0.000000   0.000000 -36.918992 274.767919 280.043428   0.091228   0.172069 277.114531   0.155009
  1697   0.000000 254.407939 -62.568831 -27.160107   1.741307   1.741307   0.000000   0.000000 -36.928558 274.756678 280.033553   0.091231   0.172069 277.103032   0.155009
  1698   0.000000 254.336747 -62.585492 -27.167395   1.741443   1.741443   0.000000   0.000000 -36.938127 274.745443 280.023686   0.091234   0.172069 277.091541   0.155008
  1699   0.000000 254.265622 -62.602128 -27.174652   1.741576   1.741576   0.000000   0.000000 -36.947700 274.734215 280.013826   0.091238   0.172069 277.080055   0.155008
  1700   0.000000 254.194562 -62.618739 -27.181876   1.741706   1.741706   0.000000   0.000000 -36.957276 274.722994 280.003974   0.091241   0.172069 277.068577   0.155007
  1701   0.000000 254.123569 -62.635325 -27.189069   1.741833   1.741833   0.000000   0.000000 -36.966856 274.711780 279.994129   0.091244   0.172069 277.057104   0.155007
  1702   0.000000 254.052642 -62.651886 -27.196230   1.741958   1.741958   0.000000   0.000000 -36.976439 274.700573 279.984291   0.091248   0.172069 277.045638   0.155006
  1703   0.000000 253.981780 -62.668422 -27.203359   1.742079   1.742079   0.000000   0.000000 -36.986027 274.689372 279.974460   0.091251   0.172069 277.034179   0.155005
  1704   0.000000 253.910983 -62.684933 -27.210456   1.742198   1.742198   0.000000   0.000000 -36.995618 274.678178 279.964637   0.091254   0.172069 277.022725   0.155005
  1705   0.000000 253.840252 -62.701419 -27.217521   1.742314   1.742314   0.000000   0.000000 -37.005213 274.666991 279.954821   0.091258   0.172069 277.011278   0.155004
  1706   0.000000 253.769587 -62.717880 -27.224554   1.742427   1.742427   0.000000   0.000000 -37.014812 274.655810 279.945012   0.091261   0.172069 276.999838   0.155004
  1707   0.000000 253.698986 -62.734316 -27.231555   1.742537   1.742537   0.000000   0.000000 -37.024415 274.644636 279.935210   0.091264   0.172069 276.988404   0.155003
  1708   0.000000 253.628450 -62.750727 -27.238524   1.742645   1.742645   0.000000   0.000000 -37.034022 274.633468 279.925416   0.091268   0.172069 276.976975   0.155003
  1709   0.000000 253.557979 -62.767114 -27.245460   1.742751   1.742751   0.000000   0.000000 -37.043634 274.622307 279.915629   0.091271   0.172069 276.965553   0.155002
  1710   0.000000 253.487572 -62.783475 -27.252365   1.742853   1.742853   0.000000   0.000000 -37.053249 274.611153 279.905848   0.091274   0.172069 276.954138   0.155002
  1711   0.000000 253.417230 -62.799812 -27.259238   1.742953   1.742953   0.000000   0.000000 -37.062869 274.600005 279.896075   0.091278   0.172069 276.942728   0.155001
  1712   0.000000 253.346952 -62.816123 -27.266078   1.743051   1.743051   0.000000   0.000000 -37.072493 274.588863 279.886309   0.091281   0.172069 276.931325   0.155001
  1713   0.000000 253.276738 -62.832410 -27.272886   1.743146   1.743146   0.000000   0.000000 -37.082122 274.577728 279.876550   0.091285   0.172069 276.919927   0.155000
  1714   0.000000 253.206588 -62.848671 -27.279662   1.743239   1.743239   0.000000   0.000000 -37.091755 274.566600 279.866799   0.091288   0.172069 276.908536   0.155000
  1715   0.000000 253.136502 -62.864908 -27.286406   1.743329   1.743329   0.000000   0.000000 -37.101392 274.555477 279.857054   0.091291   0.172069 276.897151   0.154999
  1716   0.000000 253.066479 -62.881120 -27.293117   1.743417   1.743417   0.000000   0.000000 -37.111034 274.544361 279.847316   0.091295   0.172069 276.885771   0.154998
  1717   0.000000 252.996520 -62.897307 -27.299797   1.743503   1.743503   0.000000   0.000000 -37.120681 274.533252 279.837585   0.091298   0.172069 276.874398   0.154998
  1718   0.000000 252.926624 -62.913469 -27.306444   1.743586   1.743586   0.000000   0.000000 -37.130332 274.522148 279.827861   0.091301   0.172069 276.863030   0.154997
  1719   0.000000 252.856791 -62.929606 -27.313058   1.743667   1.743667   0.000000   0.000000 -37.139989 274.511051 279.818144   0.091305   0.172069 276.851669   0.154997
  1720   0.000000 252.787021 -62.945718 -27.319641   1.743745   1.743745   0.000000   0.000000 -37.149649 274.499960 279.808434   0.091308   0.172068 276.840313   0.154996
  1721   0.000000 252.717314 -62.961806 -27.326191   1.743822   1.743822   0.000000   0.000000 -37.159315 274.488875 279.798731   0.091311   0.172068 276.828964   0.154996
  1722   0.000000 252.647670 -62.977868 -27.332709   1.743896   1.743896   0.000000   0.000000 -37.168986 274.477797 279.789034   0.091315   0.172068 276.817620   0.154995
  1723   0.000000 252.578088 -62.993906 -27.339194   1.743968   1.743968   0.000000   0.000000 -37.178661 274.466724 279.779345   0.091318   0.172068 276.806282   0.154995
  1724   0.000000 252.508569 -63.009918 -27.345647   1.744038   1.744038   0.000000   0.000000 -37.188342 274.455658 279.769662   0.091321   0.172068 276.794950   0.154994
  1725   0.000000 252.439112 -63.025906 -27.352068   1.744106   1.744106   0.000000   0.000000 -37.198028 274.444598 279.759986   0.091325   0.172068 276.783623   0.154994
  1726   0.000000 252.369717 -63.041869 -27.358456   1.744172   1.744172   0.000000   0.000000 -37.207719 274.433543 279.750317   0.091328   0.172068 276.772302   0.154993
  1727   0.000000 252.300384 -63.057807 -27.364812   1.744235   1.744235   0.000000   0.000000 -37.217415 274.422495 279.740655   0.091331   0.172068 276.760987   0.154992
  1728   0.000000 252.231112 -63.073721 -27.371135   1.744297   1.744297   0.000000   0.000000 -37.227116 274.411453 279.730999   0.091335   0.172068 276.749678   0.154992
  1729   0.000000 252.161902 -63.089609 -27.377426   1.744357   1.744357   0.000000   0.000000 -37.236822 274.400417 279.721350   0.091338   0.172068 276.738374   0.154991
  1730   0.000000 252.092754 -63.105473 -27.383685   1.744415   1.744415   0.000000   0.000000 -37.246534 274.389386 279.711708   0.091341   0.172068 276.727076   0.154991
  1731   0.000000 252.023667 -63.121312 -27.389911   1.744471   1.744471   0.000000   0.000000 -37.256251 274.378362 279.702073   0.091345   0.172068 276.715783   0.154990
  1732   0.000000 251.954641 -63.137126 -27.396105   1.744525   1.744525   0.000000   0.000000 -37.265974 274.367343 279.692444   0.091348   0.172068 276.704496   0.154990
  1733   0.000000 251.885676 -63.152915 -27.402266   1.744577   1.744577   0.000000   0.000000 -37.275702 274.356331 279.682822   0.091351   0.172068 276.693215   0.154989
  1734   0.000000 251.816773 -63.168679 -27.408394   1.744627   1.744627   0.000000   0.000000 -37.285436 274.345324 279.673206   0.091355   0.172068 276.681939   0.154989
  1735   0.000000 251.747929 -63.184419 -27.414491   1.744675   1.744675   0.000000   0.000000 -37.295175 274.334323 279.663597   0.091358   0.172068 276.670669   0.154988
  1736   0.000000 251.679147 -63.200134 -27.420554   1.744722   1.744722   0.000000   0.000000 -37.304920 274.323327 279.653995   0.091361   0.172068 276.659404   0.154988
  1737   0.000000 251.610424 -63.215824 -27.426586   1.744767   1.744767   0.000000   0.000000 -37.314670 274.312338 279.644399   0.091365   0.172068 276.648144   0.154987
  1738   0.000000 251.541762 -63.231489 -27.432584   1.744810   1.744810   0.000000   0.000000 -37.324426 274.301354 279.634810   0.091368   0.172068 276.636890   0.154986
  1739   0.000000 251.473161 -63.247130 -27.438551   1.744852   1.744852   0.000000   0.000000 -37.334188 274.290376 279.625227   0.091371   0.172068 276.625642   0.154986
  1740   0.000000 251.404619 -63.262746 -27.444484   1.744892   1.744892   0.000000   0.000000 -37.343956 274.279403 279.615651   0.091374   0.172068 276.614398   0.154985
  1741   0.000000 251.336137 -63.278337 -27.450386   1.744930   1.744930   0.000000   0.000000 -37.353730 274.268437 279.606081   0.091378   0.172068 276.603161   0.154985
  1742   0.000000 251.267715 -63.293903 -27.456254   1.744967   1.744967   0.000000   0.000000 -37.363509 274.257475 279.596517   0.091381   0.172068 276.591928   0.154984
  1743   0.000000 251.199352 -63.309445 -27.462090   1.745002   1.745002   0.000000   0.000000 -37.373295 274.246520 279.586961   0.091384   0.172068 276.580701   0.154984
  1744   0.000000 251.131049 -63.324962 -27.467894   1.745035   1.745035   0.000000   0.000000 -37.383086 274.235570 279.577410   0.091388   0.172068 276.569479   0.154983
  1745   0.000000 251.062805 -63.340454 -27.473665   1.745068   1.745068   0.000000   0.000000 -37.392884 274.224625 279.567866   0.091391   0.172068 276.558262   0.154983
  1746   0.000000 250.994620 -63.355921 -27.479404   1.745098   1.745098   0.000000   0.000000 -37.402687 274.213686 279.558328   0.091394   0.172068 276.547050   0.154982
  1747   0.000000 250.926494 -63.371364 -27.485110   1.745127   1.745127   0.000000   0.000000 -37.412497 274.202752 279.548797   0.091398   0.172068 276.535844   0.154982
  1748   0.000000 250.858427 -63.386782 -27.490783   1.745155   1.745155   0.000000   0.000000 -37.422313 274.191824 279.539272   0.091401   0.172068 276.524643   0.154981
  1749   0.000000 250.790419 -63.402176 -27.496424   1.745181   1.745181   0.000000   0.000000 -37.432135 274.180901 279.529753   0.091404   0.172068 276.513447   0.154980
  1750   0.000000 250.722469 -63.417545 -27.502032   1.745206   1.745206   0.000000   0.000000 -37.441963 274.169984 279.520241   0.091408   0.172068 276.502256   0.154980
  1751   0.000000 250.654578 -63.432889 -27.507608   1.745230   1.745230   0.000000   0.000000 -37.451797 274.159072 279.510735   0.091411   0.172068 276.491070   0.154979
  1752   0.000000 250.586745 -63.448209 -27.513152   1.745252   1.745252   0.000000   0.000000 -37.461638 274.148166 279.501235   0.091414   0.172068 276.479889   0.154979
  1753   0.000000 250.518970 -63.463504 -27.518662   1.745273   1.745273   0.000000   0.000000 -37.471485 274.137265 279.491741   0.091418   0.172068 276.468714   0.154978
  1754   0.000000 250.451253 -63.478775 -27.524141   1.745292   1.745292   0.000000   0.000000 -37.481339 274.126369 279.482254   0.091421   0.172068 276.457543   0.154978
  1755   0.000000 250.383594 -63.494021 -27.529587   1.745311   1.745311   0.000000   0.000000 -37.491199 274.115478 279.472773   0.091424   0.172068 276.446378   0.154977
  1756   0.000000 250.315993 -63.509242 -27.535000   1.745328   1.745328   0.000000   0.000000 -37.501065 274.104593 279.463298   0.091428   0.172068 276.435217   0.154977
  1757   0.000000 250.248449 -63.524439 -27.540380   1.745344   1.745344   0.000000   0.000000 -37.510938 274.093712 279.453829   0.091431   0.172068 276.424061   0.154976
  1758   0.000000 250.180963 -63.539611 -27.545729   1.745359   1.745359   0.000000   0.000000 -37.520818 274.082838 279.444367   0.091434   0.172068 276.412911   0.154976
  1759   0.000000 250.113534 -63.554759 -27.551044   1.745373   1.745373   0.000000   0.000000 -37.530704 274.071968 279.434910   0.091437   0.172068 276.401765   0.154975
  1760   0.000000 250.046163 -63.569882 -27.556327   1.745385   1.745385   0.000000   0.000000 -37.540596 274.061103 279.425460   0.091441   0.172068 276.390624   0.154974
  1761   0.000000 249.978848 -63.584980 -27.561578   1.745397   1.745397   0.000000   0.000000 -37.550496 274.050244 279.416015   0.091444   0.172068 276.379488   0.154974
  1762   0.000000 249.911591 -63.600055 -27.566796   1.745407   1.745407   0.000000   0.000000 -37.560402 274.039389 279.406577   0.091447   0.172068 276.368357   0.154973
  1763   0.000000 249.844390 -63.615104 -27.571982   1.745417   1.745417   0.000000   0.000000 -37.570315 274.028540 279.397145   0.091451   0.172068 276.357231   0.154973
  1764   0.000000 249.777246 -63.630130 -27.577135   1.745425   1.745425   0.000000   0.000000 -37.580234 274.017696 279.387719   0.091454   0.172068 276.346109   0.154972
  1765   0.000000 249.710158 -63.645130 -27.582256   1.745433   1.745433   0.000000   0.000000 -37.590160 274.006857 279.378299   0.091457   0.172068 276.334993   0.154972
  1766   0.000000 249.643127 -63.660107 -27.587344   1.745439   1.745439   0.000000   0.000000 -37.600093 273.996023 279.368885   0.091461   0.172068 276.323881   0.154971
  1767   0.000000 249.576152 -63.675059 -27.592400   1.745445   1.745445   0.000000   0.000000 -37.610033 273.985194 279.359476   0.091464   0.172068 276.312774   0.154971
  1768   0.000000 249.509233 -63.689986 -27.597424   1.745450   1.745450   0.000000   0.000000 -37.619980 273.974369 279.350074   0.091467   0.172067 276.301671   0.154970
  1769   0.000000 249.442370 -63.704889 -27.602414   1.745453   1.745453   0.000000   0.000000 -37.629934 273.963550 279.340678   0.091471   0.172067 276.290573   0.154970
  1770   0.000000 249.375563 -63.719768 -27.607373   1.745456   1.745456   0.000000   0.000000 -37.639894 273.952736 279.331288   0.091474   0.172067 276.279480   0.154969
  1771   0.000000 249.308812 -63.734622 -27.612299   1.745458   1.745458   0.000000   0.000000 -37.649862 273.941927 279.321903   0.091477   0.172067 276.268392   0.154968
  1772   0.000000 249.242116 -63.749452 -27.617193   1.745460   1.745460   0.000000   0.000000 -37.659837 273.929970 279.312520   0.091480   0.172067 276.256547   0.154968
  1773   0.000000 249.175476 -63.759369 -27.627431   1.768714   1.768714   0.000000   0.000000 -37.677850 273.918804 279.303140   0.091484   0.172067 276.245222   0.154967
  1774   0.000000 249.108853 -63.772632 -27.633831   1.771026   1.771026   0.000000   0.000000 -37.690355 273.907783 279.293766   0.091487   0.172067 276.233996   0.154967
  1775   0.000000 249.042273 -63.786476 -27.639678   1.773800   1.773800   0.000000   0.000000 -37.701882 273.896798 279.284397   0.091490   0.172067 276.222795   0.154966
  1776   0.000000 248.975740 -63.800435 -27.645375   1.776654   1.776654   0.000000   0.000000 -37.713194 273.885823 279.275032   0.091493   0.172067 276.211603   0.154966
  1777   0.000000 248.909255 -63.814403 -27.651016   1.779527   1.779527   0.000000   0.000000 -37.724463 273.874855 279.265673   0.091497   0.172067 276.200416   0.154965
  1778   0.000000 248.842817 -63.828357 -27.656621   1.782406   1.782406   0.000000   0.000000 -37.735731 273.863890 279.256319   0.091500   0.172067 276.189232   0.154965
  1779   0.000000 248.776426 -63.842291 -27.662195   1.785288   1.785288   0.000000   0.000000 -37.747004 273.852930 279.246971   0.091503   0.172067 276.178052   0.154964
  1780   0.000000 248.710083 -63.856204 -27.667739   1.788171   1.788171   0.000000   0.000000 -37.758287 273.841973 279.237627   0.091507   0.172067 276.166876   0.154963
  1781   0.000000 248.643787 -63.870095 -27.673253   1.791056   1.791056   0.000000   0.000000 -37.769578 273.831020 279.228288   0.091510   0.172067 276.155703   0.154963
  1782   0.000000 248.577538 -63.883965 -27.678737   1.793942   1.793942   0.000000   0.000000 -37.780879 273.820070 279.218954   0.091513   0.172067 276.144533   0.154962
  1783   0.000000 248.511336 -63.897813 -27.684191   1.796830   1.796830   0.000000   0.000000 -37.792189 273.809124 279.209626   0.091516   0.172067 276.133367   0.154962
  1784   0.000000 248.445182 -63.911639 -27.689615   1.799720   1.799720   0.000000   0.000000 -37.803509 273.798182 279.200302   0.091519   0.172067 276.122204   0.154961
  1785   0.000000 248.379073 -63.925444 -27.695008   1.802611   1.802611   0.000000   0.000000 -37.814839 273.787243 279.190983   0.091523   0.172067 276.111044   0.154961
  1786   0.000000 248.313012 -63.939227 -27.700371   1.805503   1.805503   0.000000   0.000000 -37.826179 273.776308 279.181670   0.091526   0.172067 276.099888   0.154960
  1787   0.000000 248.246997 -63.952988 -27.705703   1.808397   1.808397   0.000000   0.000000 -37.837528 273.765377 279.172361   0.091529   0.172067 276.088735   0.154960
  1788   0.000000 248.181029 -63.966728 -27.711005   1.811292   1.811292   0.000000   0.000000 -37.848888 273.754449 279.163057   0.091532   0.172067 276.077585   0.154959
  1789   0.000000 248.115107 -63.980445 -27.716277   1.814189   1.814189   0.000000   0.000000 -37.860257 273.743524 279.153758   0.091536   0.172067 276.066439   0.154958
  1790   0.000000 248.049231 -63.994142 -27.721518   1.817088   1.817088   0.000000   0.000000 -37.871637 273.732603 279.144464   0.091539   0.172067 276.055295   0.154958
  1791   0.000000 247.983401 -64.007816 -27.726728   1.819988   1.819988   0.000000   0.000000 -37.883027 273.721686 279.135176   0.091542   0.172067 276.044155   0.154957
  1792   0.000000 247.917618 -64.021469 -27.731907   1.822890   1.822890   0.000000   0.000000 -37.894427 273.710772 279.125892   0.091545   0.172067 276.033018   0.154957
  1793   0.000000 247.851880 -64.035099 -27.737055   1.825793   1.825793   0.000000   0.000000 -37.905838 273.699861 279.116612   0.091548   0.172067 276.021884   0.154956
  1794   0.000000 247.786189 -64.048709 -27.742173   1.828698   1.828698   0.000000   0.000000 -37.917258 273.688954 279.107338   0.091552   0.172067 276.010754   0.154956
  1795   0.000000 247.720543 -64.062296 -27.747260   1.831604   1.831604   0.000000   0.000000 -37.928690 273.678050 279.098069   0.091555   0.172067 275.999626   0.154955
  1796   0.000000 247.654943 -64.075861 -27.752316   1.834512   1.834512   0.000000   0.000000 -37.940131 273.667149 279.088804   0.091558   0.172067 275.988502   0.154954
  1797   0.000000 247.589388 -64.089405 -27.757341   1.837422   1.837422   0.000000   0.000000 -37.951583 273.656252 279.079545   0.091561   0.172067 275.977380   0.154954
  1798   0.000000 247.523879 -64.102927 -27.762335   1.840333   1.840333   0.000000   0.000000 -37.963046 273.645358 279.070290   0.091564   0.172067 275.966262   0.154953
  1799   0.000000 247.458415 -64.116427 -27.767298   1.843246   1.843246   0.000000   0.000000 -37.974519 273.634468 279.061040   0.091568   0.172067 275.955147   0.154953
  1800   0.000000 247.392997 -64.129905 -27.772230   1.846161   1.846161   0.000000   0.000000 -37.986003 273.623580 279.051794   0.091571   0.172067 275.944034   0.154952
  1801   0.000000 247.327624 -64.143362 -27.777088   1.849077   1.849077   0.000000   0.000000 -37.997498 273.612694 279.042554   0.091574   0.172067 275.932923   0.154951
  1802   0.000000 247.262296 -64.156788 -27.781883   1.851988   1.851988   0.000000   0.000000 -38.009016 273.601810 279.033318   0.091577   0.172067 275.921812   0.154951
  1803   0.000000 247.197014 -64.170184 -27.786616   1.854896   1.854896   0.000000   0.000000 -38.020560 273.590926 279.024087   0.091580   0.172067 275.910701   0.154950
  1804   0.000000 247.131778 -64.183547 -27.791289   1.857799   1.857799   0.000000   0.000000 -38.032129 273.580043 279.014861   0.091583   0.172067 275.899591   0.154950
  1805   0.000000 247.066587 -64.196880 -27.795903   1.860698   1.860698   0.000000   0.000000 -38.043723 273.569162 279.005639   0.091586   0.172067 275.888482   0.154949
  1806   0.000000 247.001442 -64.210181 -27.800459   1.863594   1.863594   0.000000   0.000000 -38.055343 273.558281 278.996422   0.091590   0.172067 275.877374   0.154949
  1807   0.000000 246.936343 -64.223450 -27.804958   1.866487   1.866487   0.000000   0.000000 -38.066986 273.547402 278.987210   0.091593   0.172067 275.866266   0.154948
  1808   0.000000 246.871290 -64.236689 -27.809401   1.869377   1.869377   0.000000   0.000000 -38.078654 273.536524 278.978002   0.091596   0.172067 275.855159   0.154947
  1809   0.000000 246.806282 -64.249897 -27.813789   1.872265   1.872265   0.000000   0.000000 -38.090344 273.525648 278.968799   0.091599   0.172067 275.844053   0.154947
  1810   0.000000 246.741320 -64.263075 -27.818122   1.875151   1.875151   0.000000   0.000000 -38.102058 273.514773 278.959601   0.091602   0.172067 275.832948   0.154946
  1811   0.000000 246.676404 -64.276221 -27.822401   1.878035   1.878035   0.000000   0.000000 -38.113794 273.503899 278.950407   0.091605   0.172067 275.821844   0.154946
  1812   0.000000 246.611534 -64.289338 -27.826627   1.880917   1.880917   0.000000   0.000000 -38.125553 273.493027 278.941217   0.091608   0.172067 275.810741   0.154945
  1813   0.000000 246.546709 -64.302424 -27.830800   1.883798   1.883798   0.000000   0.000000 -38.137334 273.482156 278.932032   0.091612   0.172067 275.799639   0.154944
  1814   0.000000 246.481930 -64.315480 -27.834921   1.886678   1.886678   0.000000   0.000000 -38.149136 273.471286 278.922852   0.091615   0.172066 275.788539   0.154944
  1815   0.000000 246.417197 -64.328507 -27.838991   1.889558   1.889558   0.000000   0.000000 -38.160960 273.460418 278.913676   0.091618   0.172066 275.777439   0.154943
  1816   0.000000 246.352509 -64.341503 -27.843009   1.892436   1.892436   0.000000   0.000000 -38.172805 273.449551 278.904504   0.091621   0.172066 275.766340   0.154943
  1817   0.000000 246.287866 -64.354469 -27.846977   1.895315   1.895315   0.000000   0.000000 -38.184672 273.438686 278.895337   0.091624   0.172066 275.755243   0.154942
  1818   0.000000 246.223269 -64.367406 -27.850895   1.898193   1.898193   0.000000   0.000000 -38.196559 273.427822 278.886174   0.091627   0.172066 275.744146   0.154942
  1819   0.000000 246.158717 -64.380314 -27.854763   1.901071   1.901071   0.000000   0.000000 -38.208466 273.416960 278.877016   0.091630   0.172066 275.733051   0.154941
  1820   0.000000 246.094210 -64.393191 -27.858581   1.903949   1.903949   0.000000   0.000000 -38.220395 273.406099 278.867862   0.091633   0.172066 275.721957   0.154940
  1821   0.000000 246.029749 -64.406040 -27.862351   1.906827   1.906827   0.000000   0.000000 -38.232343 273.395240 278.858713   0.091636   0.172066 275.710864   0.154940
  1822   0.000000 245.965332 -64.418859 -27.866072   1.909706   1.909706   0.000000   0.000000 -38.244312 273.384382 278.849568   0.091640   0.172066 275.699772   0.154939
  1823   0.000000 245.900960 -64.431649 -27.869745   1.912585   1.912585   0.000000   0.000000 -38.256301 273.373525 278.840427   0.091643   0.172066 275.688682   0.154939
  1824   0.000000 245.836633 -64.444410 -27.873370   1.915465   1.915465   0.000000   0.000000 -38.268310 273.362670 278.831290   0.091646   0.172066 275.677592   0.154938
  1825   0.000000 245.772351 -64.457142 -27.876947   1.918346   1.918346   0.000000   0.000000 -38.280338 273.351817 278.822158   0.091649   0.172066 275.666504   0.154937
  1826   0.000000 245.708114 -64.469845 -27.880477   1.921228   1.921228   0.000000   0.000000 -38.292386 273.340965 278.813030   0.091652   0.172066 275.655417   0.154937
  1827   0.000000 245.643920 -64.482520 -27.883960   1.924111   1.924111   0.000000   0.000000 -38.304454 273.330114 278.803906   0.091655   0.172066 275.644332   0.154936
  1828   0.000000 245.579772 -64.495165 -27.887396   1.926995   1.926995   0.000000   0.000000 -38.316541 273.319265 278.794786   0.091658   0.172066 275.633247   0.154936
  1829   0.000000 245.515667 -64.507782 -27.890786   1.929880   1.929880   0.000000   0.000000 -38.328648 273.308418 278.785671   0.091661   0.172066 275.622164   0.154935
  1830   0.000000 245.451607 -64.520370 -27.894130   1.932767   1.932767   0.000000   0.000000 -38.340774 273.297572 278.776560   0.091664   0.172066 275.611082   0.154934
  1831   0.000000 245.387590 -64.532930 -27.897427   1.935655   1.935655   0.000000   0.000000 -38.352919 273.286727 278.767453   0.091667   0.172066 275.600001   0.154934
  1832   0.000000 245.323618 -64.545461 -27.900679   1.938545   1.938545   0.000000   0.000000 -38.365083 273.275884 278.758350   0.091670   0.172066 275.588921   0.154933
  1833   0.000000 245.259689 -64.557964 -27.903885   1.941437   1.941437   0.000000   0.000000 -38.377266 273.265042 278.749252   0.091673   0.172066 275.577843   0.154933
  1834   0.000000 245.195804 -64.570439 -27.907047   1.944331   1.944331   0.000000   0.000000 -38.389468 273.254202 278.740157   0.091676   0.172066 275.566765   0.154932
  1835   0.000000 245.131963 -64.582886 -27.910163   1.947226   1.947226   0.000000   0.000000 -38.401689 273.243363 278.731067   0.091679   0.172066 275.555689   0.154931
  1836   0.000000 245.068165 -64.595304 -27.913234   1.950123   1.950123   0.000000   0.000000 -38.413929 273.232525 278.721980   0.091682   0.172066 275.544614   0.154931
  1837   0.000000 245.004410 -64.607694 -27.916260   1.953023   1.953023   0.000000   0.000000 -38.426188 273.221689 278.712898   0.091685   0.172066 275.533540   0.154930
  1838   0.000000 244.940699 -64.620056 -27.919242   1.955924   1.955924   0.000000   0.000000 -38.438466 273.210854 278.703820   0.091688   0.172066 275.522468   0.154929
  1839   0.000000 244.877031 -64.632391 -27.922180   1.958828   1.958828   0.000000   0.000000 -38.450762 273.200021 278.694746   0.091691   0.172066 275.511396   0.154929
  1840   0.000000 244.813405 -64.644697 -27.925073   1.961734   1.961734   0.000000   0.000000 -38.463077 273.189189 278.685676   0.091695   0.172066 275.500326   0.154928
  1841   0.000000 244.749823 -64.656976 -27.927923   1.964642   1.964642   0.000000   0.000000 -38.475410 273.178358 278.676610   0.091698   0.172066 275.489257   0.154928
  1842   0.000000 244.686283 -64.669227 -27.930729   1.967553   1.967553   0.000000   0.000000 -38.487762 273.167529 278.667548   0.091701   0.172066 275.478189   0.154927
  1843   0.000000 244.622786 -64.681450 -27.933491   1.970466   1.970466   0.000000   0.000000 -38.500133 273.156701 278.658489   0.091704   0.172066 275.467122   0.154926
  1844   0.000000 244.559331 -64.693646 -27.936210   1.973382   1.973382   0.000000   0.000000 -38.512521 273.147079 278.649441   0.091707   0.172066 275.456846   0.154926
  1845   0.000000 244.495919 -64.710880 -27.932891   1.951640   1.951640   0.000000   0.000000 -38.516534 273.136628 278.640397   0.091710   0.172066 275.446030   0.154925
  1846   0.000000 244.432591 -64.724557 -27.933800   1.952215   1.952215   0.000000   0.000000 -38.526387 273.126035 278.631359   0.091713   0.172066 275.435120   0.154925
  1847   0.000000 244.369317 -64.737592 -27.935247   1.952253   1.952253   0.000000   0.000000 -38.537266 273.115412 278.622325   0.091716   0.172066 275.424191   0.154924
  1848   0.000000 244.306095 -64.750462 -27.936779   1.952199   1.952199   0.000000   0.000000 -38.548386 273.104785 278.613296   0.091719   0.172066 275.413259   0.154923
  1849   0.000000 244.242922 -64.763271 -27.938295   1.952125   1.952125   0.000000   0.000000 -38.559572 273.094159 278.604271   0.091722   0.172066 275.402329   0.154923
  1850   0.000000 244.179799 -64.776044 -27.939772   1.952047   1.952047   0.000000   0.000000 -38.570784 273.083535 278.595251   0.091725   0.172066 275.391400   0.154922
  1851   0.000000 244.116725 -64.788785 -27.941207   1.951969   1.951969   0.000000   0.000000 -38.582015 273.072912 278.586235   0.091728   0.172066 275.380473   0.154921
  1852   0.000000 244.053700 -64.801497 -27.942598   1.951891   1.951891   0.000000   0.000000 -38.593261 273.062293 278.577224   0.091731   0.172066 275.369549   0.154921
  1853   0.000000 243.990724 -64.814178 -27.943945   1.951814   1.951814   0.000000   0.000000 -38.604523 273.051675 278.568218   0.091734   0.172066 275.358627   0.154920
  1854   0.000000 243.927797 -64.826831 -27.945248   1.951738   1.951738   0.000000   0.000000 -38.615800 273.041060 278.559216   0.091737   0.172066 275.347707   0.154920
  1855   0.000000 243.864919 -64.839453 -27.946507   1.951663   1.951663   0.000000   0.000000 -38.627093 272.915231 278.549709   0.091740   0.172066 275.261125   0.154919
  1856   0.000000 243.802090 -64.368395 -28.514014   1.623512   1.623512   0.000000   0.000000 -39.441347 272.891011 278.540154   0.091743   0.172066 275.240936   0.154919
  1857   0.000000 243.735384 -64.327507 -28.568548   1.557184   1.557184   0.000000   0.000000 -39.544000 272.880488 278.530613   0.091747   0.172065 275.229961   0.154918
  1858   0.000000 243.668275 -64.344445 -28.571405   1.529234   1.529234   0.000000   0.000000 -39.550874 272.872303 278.521096   0.091750   0.172065 275.220552   0.154918
  1859   0.000000 243.601130 -64.371222 -28.564612   1.507847   1.507847   0.000000   0.000000 -39.541552 272.864493 278.511604   0.091754   0.172065 275.211376   0.154917
  1860   0.000000 243.534029 -64.399540 -28.555494   1.487554   1.487554   0.000000   0.000000 -39.529772 272.856725 278.502136   0.091757   0.172065 275.202208   0.154917
  1861   0.000000 243.466999 -64.427966 -28.545390   1.467420   1.467420   0.000000   0.000000 -39.517880 272.848942 278.492693   0.091761   0.172065 275.193014   0.154916
  1862   0.000000 243.400058 -64.456256 -28.534591   1.447295   1.447295   0.000000   0.000000 -39.506255 272.841140 278.483274   0.091764   0.172065 275.183793   0.154916
  1863   0.000000 243.333219 -64.484372 -28.523201   1.427166   1.427166   0.000000   0.000000 -39.494938 272.833319 278.473878   0.091768   0.172065 275.174547   0.154915
  1864   0.000000 243.266494 -64.512310 -28.511284   1.407036   1.407036   0.000000   0.000000 -39.483914 272.825482 278.464505   0.091771   0.172065 275.165282   0.154915
  1865   0.000000 243.199893 -64.540072 -28.498895   1.386917   1.386917   0.000000   0.000000 -39.473160 272.817632 278.455154   0.091775   0.172065 275.156000   0.154914
  1866   0.000000 243.133424 -64.567662 -28.486078   1.366815   1.366815   0.000000   0.000000 -39.462654 272.809772 278.445826   0.091779   0.172065 275.146706   0.154914
  1867   0.000000 243.067095 -64.595083 -28.472877   1.346740   1.346740   0.000000   0.000000 -39.452377 272.801903 278.436519   0.091782   0.172065 275.137401   0.154914
  1868   0.000000 243.000913 -64.622337 -28.459329   1.326696   1.326696   0.000000   0.000000 -39.442311 272.794028 278.427233   0.091786   0.172065 275.128089   0.154913
  1869   0.000000 242.934884 -64.649428 -28.445466   1.306692   1.306692   0.000000   0.000000 -39.432440 272.786147 278.417969   0.091790   0.172065 275.118773   0.154913
  1870   0.000000 242.869012 -64.676358 -28.431320   1.286731   1.286731   0.000000   0.000000 -39.422749 272.778264 278.408724   0.091793   0.172065 275.109453   0.154912
  1871   0.000000 242.803303 -64.703129 -28.416917   1.266818   1.266818   0.000000   0.000000 -39.413226 272.770378 278.399501   0.091797   0.172065 275.100133   0.154912
  1872   0.000000 242.737759 -64.729744 -28.402283   1.246958   1.246958   0.000000   0.000000 -39.403858 272.762492 278.390297   0.091801   0.172065 275.090813   0.154912
  1873   0.000000 242.672384 -64.756206 -28.387439   1.227153   1.227153   0.000000   0.000000 -39.394636 272.754606 278.381113   0.091805   0.172065 275.081495   0.154911
  1874   0.000000 242.607180 -64.782515 -28.372405   1.207408   1.207408   0.000000   0.000000 -39.385548 272.746721 278.371948   0.091809   0.172065 275.072181   0.154911
  1875   0.000000 242.542151 -64.808675 -28.357200   1.187724   1.187724   0.000000   0.000000 -39.376587 272.738839 278.362802   0.091812   0.172065 275.062872   0.154910
  1876   0.000000 242.477297 -64.834687 -28.341841   1.168105   1.168105   0.000000   0.000000 -39.367744 272.730959 278.353675   0.091816   0.172065 275.053569   0.154910
  1877   0.000000 242.412621 -64.860552 -28.326342   1.148551   1.148551   0.000000   0.000000 -39.359011 272.723084 278.344567   0.091820   0.172065 275.044273   0.154910
  1878   0.000000 242.348123 -64.886274 -28.310717   1.129066   1.129066   0.000000   0.000000 -39.350383 272.715212 278.335477   0.091824   0.172065 275.034984   0.154909
  1879   0.000000 242.283805 -64.911853 -28.294979   1.109650   1.109650   0.000000   0.000000 -39.341853 272.707346 278.326405   0.091828   0.172065 275.025704   0.154909
  1880   0.000000 242.219668 -64.937291 -28.279138   1.090305   1.090305   0.000000   0.000000 -39.333414 272.699485 278.317351   0.091832   0.172065 275.016433   0.154909
  1881   0.000000 242.155712 -64.962590 -28.263206   1.071032   1.071032   0.000000   0.000000 -39.325063 272.691630 278.308314   0.091836   0.172065 275.007172   0.154908
  1882   0.000000 242.091937 -64.987751 -28.247192   1.051832   1.051832   0.000000   0.000000 -39.316794 272.683781 278.299295   0.091840   0.172065 274.997922   0.154908
  1883   0.000000 242.028344 -65.012776 -28.231104   1.032706   1.032706   0.000000   0.000000 -39.308602 272.675938 278.290293   0.091844   0.172065 274.988682   0.154908
  1884   0.000000 241.964932 -65.037666 -28.214951   1.013654   1.013654   0.000000   0.000000 -39.300485 272.668103 278.281308   0.091848   0.172065 274.979454   0.154907
  1885   0.000000 241.901702 -65.062423 -28.198739   0.994678   0.994678   0.000000   0.000000 -39.292437 272.660275 278.272340   0.091852   0.172065 274.970237   0.154907
  1886   0.000000 241.838654 -65.087048 -28.182475   0.975777   0.975777   0.000000   0.000000 -39.284456 272.652455 278.263389   0.091856   0.172065 274.961033   0.154907
  1887   0.000000 241.775787 -65.111543 -28.166166   0.956952   0.956952   0.000000   0.000000 -39.276538 272.644642 278.254453   0.091860   0.172065 274.951841   0.154907
  1888   0.000000 241.713100 -65.135908 -28.149816   0.938203   0.938203   0.000000   0.000000 -39.268681 272.636837 278.245534   0.091864   0.172065 274.942661   0.154906
  1889   0.000000 241.650593 -65.160146 -28.133432   0.919530   0.919530   0.000000   0.000000 -39.260881 272.629040 278.236631   0.091868   0.172065 274.933495   0.154906
  1890   0.000000 241.588266 -65.184257 -28.117017   0.900934   0.900934   0.000000   0.000000 -39.253137 272.621252 278.227744   0.091872   0.172065 274.924341   0.154906
  1891   0.000000 241.526118 -65.208242 -28.100576   0.882414   0.882414   0.000000   0.000000 -39.245445 272.613472 278.218873   0.091877   0.172065 274.915201   0.154905
  1892   0.000000 241.464149 -65.232104 -28.084113   0.863970   0.863970   0.000000   0.000000 -39.237805 272.605701 278.210017   0.091881   0.172065 274.906075   0.154905
  1893   0.000000 241.402356 -65.255842 -28.067631   0.845603   0.845603   0.000000   0.000000 -39.230213 272.597938 278.201176   0.091885   0.172065 274.896962   0.154905
  1894   0.000000 241.340740 -65.279459 -28.051135   0.827312   0.827312   0.000000   0.000000 -39.222668 272.590184 278.192351   0.091889   0.172065 274.887863   0.154905
  1895   0.000000 241.279300 -65.302956 -28.034626   0.809096   0.809096   0.000000   0.000000 -39.215168 272.582439 278.183541   0.091893   0.172065 274.878777   0.154904
  1896   0.000000 241.218035 -65.326333 -28.018108   0.790957   0.790957   0.000000   0.000000 -39.207711 272.574703 278.174745   0.091898   0.172065 274.869706   0.154904
  1897   0.000000 241.156944 -65.349592 -28.001583   0.772893   0.772893   0.000000   0.000000 -39.200297 272.566975 278.165964   0.091902   0.172065 274.860648   0.154904
  1898   0.000000 241.096025 -65.372733 -27.985054   0.754905   0.754905   0.000000   0.000000 -39.192923 272.559257 278.157198   0.091906   0.172065 274.851605   0.154904
  1899   0.000000 241.035278 -65.395759 -27.968523   0.736991   0.736991   0.000000   0.000000 -39.185589 272.551548 278.148447   0.091910   0.172065 274.842575   0.154903
  1900   0.000000 240.974703 -65.418669 -27.951992   0.719152   0.719152   0.000000   0.000000 -39.178293 272.543848 278.139710   0.091915   0.172065 274.833560   0.154903
  1901   0.000000 240.914296 -65.441466 -27.935462   0.701387   0.701387   0.000000   0.000000 -39.171034 272.536157 278.130987   0.091919   0.172065 274.824559   0.154903
  1902   0.000000 240.854059 -65.464150 -27.918936   0.683696   0.683696   0.000000   0.000000 -39.163810 272.528475 278.122278   0.091924   0.172065 274.815572   0.154903
  1903   0.000000 240.793989 -65.486721 -27.902415   0.666078   0.666078   0.000000   0.000000 -39.156622 272.520802 278.113583   0.091928   0.172065 274.806598   0.154903
  1904   0.000000 240.734086 -65.509182 -27.885900   0.648533   0.648533   0.000000   0.000000 -39.149469 272.513138 278.104902   0.091932   0.172065 274.797639   0.154902
  1905   0.000000 240.674348 -65.531534 -27.869393   0.631061   0.631061   0.000000   0.000000 -39.142348 272.505483 278.096234   0.091937   0.172065 274.788694   0.154902
  1906   0.000000 240.614774 -65.553776 -27.852895   0.613662   0.613662   0.000000   0.000000 -39.135260 272.497837 278.087581   0.091941   0.172065 274.779763   0.154902
  1907   0.000000 240.555364 -65.575910 -27.836406   0.596334   0.596334   0.000000   0.000000 -39.128204 272.490200 278.078940   0.091946   0.172065 274.770846   0.154902
  1908   0.000000 240.496115 -65.597938 -27.819929   0.579077   0.579077   0.000000   0.000000 -39.121179 272.482573 278.070313   0.091950   0.172065 274.761943   0.154902
  1909   0.000000 240.437027 -65.619859 -27.803463   0.561891   0.561891   0.000000   0.000000 -39.114184 272.474954 278.061700   0.091955   0.172065 274.753054   0.154902
  1910   0.000000 240.378099 -65.641675 -27.787010   0.544776   0.544776   0.000000   0.000000 -39.107220 272.467344 278.053099   0.091959   0.172065 274.744179   0.154901
  1911   0.000000 240.319329 -65.663388 -27.770570   0.527730   0.527730   0.000000   0.000000 -39.100284 272.459744 278.044512   0.091964   0.172065 274.735317   0.154901
  1912   0.000000 240.260717 -65.684997 -27.754145   0.510754   0.510754   0.000000   0.000000 -39.093378 272.452152 278.035937   0.091968   0.172065 274.726469   0.154901
  1913   0.000000 240.202261 -65.706503 -27.737734   0.493846   0.493846   0.000000   0.000000 -39.086500 272.444569 278.027376   0.091973   0.172065 274.717635   0.154901
  1914   0.000000 240.143960 -65.727908 -27.721338   0.477008   0.477008   0.000000   0.000000 -39.079650 272.436994 278.018827   0.091977   0.172065 274.708815   0.154901
  1915   0.000000 240.085812 -65.749213 -27.704958   0.460237   0.460237   0.000000   0.000000 -39.072828 272.429429 278.010291   0.091982   0.172065 274.700008   0.154901
  1916   0.000000 240.027817 -65.770418 -27.688594   0.443533   0.443533   0.000000   0.000000 -39.066033 272.421872 278.001767   0.091987   0.172065 274.691214   0.154901
  1917   0.000000 239.969974 -65.791524 -27.672247   0.426897   0.426897   0.000000   0.000000 -39.059265 272.414324 277.993256   0.091991   0.172065 274.682433   0.154900
  1918   0.000000 239.912281 -65.812532 -27.655916   0.410327   0.410327   0.000000   0.000000 -39.052523 272.406784 277.984757   0.091996   0.172065 274.673666   0.154900
  1919   0.000000 239.854738 -65.833442 -27.639603   0.393822   0.393822   0.000000   0.000000 -39.045808 272.399253 277.976270   0.092001   0.172065 274.664913   0.154900
  1920   0.000000 239.797342 -65.854257 -27.623308   0.377384   0.377384   0.000000   0.000000 -39.039119 272.391731 277.967796   0.092005   0.172065 274.656172   0.154900
  1921   0.000000 239.740093 -65.874975 -27.607030   0.361010   0.361010   0.000000   0.000000 -39.032455 272.384217 277.959334   0.092010   0.172065 274.647444   0.154900
  1922   0.000000 239.682991 -65.895599 -27.590770   0.344701   0.344701   0.000000   0.000000 -39.025817 272.376711 277.950883   0.092015   0.172065 274.638729   0.154900
  1923   0.000000 239.626032 -65.916129 -27.574528   0.328456   0.328456   0.000000   0.000000 -39.019204 272.369214 277.942445   0.092019   0.172065 274.630027   0.154900
  1924   0.000000 239.569217 -65.936566 -27.558304   0.312274   0.312274   0.000000   0.000000 -39.012617 272.361725 277.934019   0.092024   0.172065 274.621338   0.154900
  1925   0.000000 239.512545 -65.956910 -27.542099   0.296156   0.296156   0.000000   0.000000 -39.006054 272.354244 277.925604   0.092029   0.172065 274.612662   0.154900
  1926   0.000000 239.456014 -65.977163 -27.525912   0.280100   0.280100   0.000000   0.000000 -38.999517 272.346772 277.917201   0.092034   0.172065 274.603998   0.154900
  1927   0.000000 239.399623 -65.997325 -27.509744   0.264106   0.264106   0.000000   0.000000 -38.993003 272.339308 277.908810   0.092039   0.172065 274.595346   0.154899
  1928   0.000000 239.343371 -66.017396 -27.493594   0.248173   0.248173   0.000000   0.000000 -38.986515 272.331851 277.900430   0.092043   0.172065 274.586707   0.154899
  1929   0.000000 239.287257 -66.037378 -27.477464   0.232302   0.232302   0.000000   0.000000 -38.980051 272.324403 277.892061   0.092048   0.172065 274.578081   0.154899
  1930   0.000000 239.231280 -66.057271 -27.461351   0.216491   0.216491   0.000000   0.000000 -38.973611 272.316962 277.883704   0.092053   0.172065 274.569466   0.154899
  1931   0.000000 239.175439 -66.077077 -27.445257   0.200741   0.200741   0.000000   0.000000 -38.967196 272.309530 277.875359   0.092058   0.172065 274.560864   0.154899
  1932   0.000000 239.119733 -66.096795 -27.429182   0.185050   0.185050   0.000000   0.000000 -38.960804 272.302105 277.867024   0.092063   0.172065 274.552273   0.154899
  1933   0.000000 239.064160 -66.116426 -27.413126   0.169419   0.169419   0.000000   0.000000 -38.954437 272.294688 277.858701   0.092068   0.172065 274.543695   0.154899
  1934   0.000000 239.008720 -66.135971 -27.397088   0.153846   0.153846   0.000000   0.000000 -38.948094 272.287278 277.850389   0.092073   0.172065 274.535128   0.154899
  1935   0.000000 238.953411 -66.155432 -27.381068   0.138331   0.138331   0.000000   0.000000 -38.941775 272.279876 277.842088   0.092078   0.172065 274.526573   0.154899
  1936   0.000000 238.898233 -66.174807 -27.365067   0.122875   0.122875   0.000000   0.000000 -38.935479 272.272482 277.833798   0.092083   0.172065 274.518030   0.154899
  1937   0.000000 238.843184 -66.194099 -27.349084   0.107476   0.107476   0.000000   0.000000 -38.929208 272.265095 277.825518   0.092088   0.172065 274.509498   0.154899
  1938   0.000000 238.788264 -66.213308 -27.333119   0.092134   0.092134   0.000000   0.000000 -38.922961 272.257716 277.817250   0.092093   0.172065 274.500977   0.154899
  1939   0.000000 238.733471 -66.232434 -27.317173   0.076848   0.076848   0.000000   0.000000 -38.916737 272.250344 277.808992   0.092098   0.172065 274.492468   0.154899
  1940   0.000000 238.678805 -66.251478 -27.301244   0.061618   0.061618   0.000000   0.000000 -38.910537 272.242979 277.800745   0.092103   0.172065 274.483971   0.154899
  1941   0.000000 238.624264 -66.270440 -27.285333   0.046445   0.046445   0.000000   0.000000 -38.904362 272.235622 277.792509   0.092108   0.172065 274.475484   0.154899
  1942   0.000000 238.569848 -66.289322 -27.269440   0.031326   0.031326   0.000000   0.000000 -38.898210 272.228271 277.784283   0.092113   0.172065 274.467008   0.154899
  1943   0.000000 238.515555 -66.308124 -27.253565   0.016262   0.016262   0.000000   0.000000 -38.892082 272.220928 277.776068   0.092118   0.172065 274.458544   0.154899
  1944   0.000000 238.461384 -66.326847 -27.237707   0.001253   0.001253   0.000000   0.000000 -38.885978 272.213592 277.767863   0.092123   0.172065 274.450090   0.154899
  1945   0.000000 238.407335 -66.345491 -27.221866  -0.013703  -0.013703  -0.000000  -0.000000 -38.879898 272.206263 277.759668   0.092128   0.172065 274.441647   0.154899
  1946   0.000000 238.353406 -66.364056 -27.206043  -0.028605  -0.028605  -0.000000  -0.000000 -38.873841 272.198940 277.751484   0.092133   0.172065 274.433215   0.154899
  1947   0.000000 238.299598 -66.382544 -27.190237  -0.043453  -0.043453  -0.000000  -0.000000 -38.867809 272.191625 277.743311   0.092138   0.172065 274.424793   0.154899
  1948   0.000000 238.245907 -66.400955 -27.174447  -0.058249  -0.058249  -0.000000  -0.000000 -38.861801 272.184316 277.735147   0.092144   0.172065 274.416382   0.154899
  1949   0.000000 238.192335 -66.419289 -27.158674  -0.072993  -0.072993  -0.000000  -0.000000 -38.855817 272.177014 277.726993   0.092149   0.172065 274.407981   0.154899
  1950   0.000000 238.138879 -66.437548 -27.142918  -0.087684  -0.087684  -0.000000  -0.000000 -38.849857 272.169718 277.718850   0.092154   0.172065 274.399590   0.154899
  1951   0.000000 238.085539 -66.455731 -27.127178  -0.102324  -0.102324  -0.000000  -0.000000 -38.843921 272.162430 277.710717   0.092159   0.172065 274.391210   0.154899
  1952   0.000000 238.032315 -66.473839 -27.111455  -0.116913  -0.116913  -0.000000  -0.000000 -38.838010 272.155147 277.702593   0.092164   0.172065 274.382840   0.154899
  1953   0.000000 237.979204 -66.491873 -27.095747  -0.131451  -0.131451  -0.000000  -0.000000 -38.832122 272.147872 277.694480   0.092170   0.172065 274.374480   0.154899
  1954   0.000000 237.926206 -66.509833 -27.080055  -0.145939  -0.145939  -0.000000  -0.000000 -38.826259 272.140602 277.686377   0.092175   0.172065 274.366129   0.154899
  1955   0.000000 237.873321 -66.527721 -27.064380  -0.160376  -0.160376  -0.000000  -0.000000 -38.820420 272.133339 277.678283   0.092180   0.172065 274.357789   0.154899
  1956   0.000000 237.820547 -66.545535 -27.048719  -0.174764  -0.174764  -0.000000  -0.000000 -38.814606 272.126082 277.670199   0.092186   0.172065 274.349458   0.154900
  1957   0.000000 237.767884 -66.563278 -27.033074  -0.189103  -0.189103  -0.000000  -0.000000 -38.808816 272.118832 277.662125   0.092191   0.172065 274.341137   0.154900
  1958   0.000000 237.715330 -66.580949 -27.017444  -0.203392  -0.203392  -0.000000  -0.000000 -38.803051 272.111587 277.654060   0.092196   0.172065 274.332826   0.154900
  1959   0.000000 237.662886 -66.598549 -27.001829  -0.217633  -0.217633  -0.000000  -0.000000 -38.797311 272.104349 277.646006   0.092201   0.172065 274.324524   0.154900
  1960   0.000000 237.610549 -66.616079 -26.986229  -0.231826  -0.231826  -0.000000  -0.000000 -38.791595 272.097117 277.637960   0.092207   0.172065 274.316232   0.154900
  1961   0.000000 237.558320 -66.633538 -26.970644  -0.245971  -0.245971  -0.000000  -0.000000 -38.785903 272.089891 277.629924   0.092212   0.172065 274.307949   0.154900
  1962   0.000000 237.506196 -66.650928 -26.955073  -0.260068  -0.260068  -0.000000  -0.000000 -38.780237 272.082670 277.621898   0.092218   0.172065 274.299675   0.154900
  1963   0.000000 237.454179 -66.668249 -26.939516  -0.274118  -0.274118  -0.000000  -0.000000 -38.774596 272.075456 277.613881   0.092223   0.172065 274.291410   0.154900
  1964   0.000000 237.402266 -66.685501 -26.923974  -0.288121  -0.288121  -0.000000  -0.000000 -38.768979 272.068247 277.605874   0.092228   0.172065 274.283154   0.154900
  1965   0.000000 237.350457 -66.702685 -26.908446  -0.302078  -0.302078  -0.000000  -0.000000 -38.763388 272.061044 277.597876   0.092234   0.172065 274.274907   0.154900
  1966   0.000000 237.298751 -66.719802 -26.892931  -0.315989  -0.315989  -0.000000  -0.000000 -38.757821 272.053847 277.589887   0.092239   0.172065 274.266670   0.154901
  1967   0.000000 237.247148 -66.736852 -26.877430  -0.329853  -0.329853  -0.000000  -0.000000 -38.752280 272.046655 277.581907   0.092245   0.172065 274.258441   0.154901
  1968   0.000000 237.195646 -66.753834 -26.861942  -0.343672  -0.343672  -0.000000  -0.000000 -38.746765 272.039469 277.573937   0.092250   0.172065 274.250220   0.154901
  1969   0.000000 237.144244 -66.770751 -26.846468  -0.357446  -0.357446  -0.000000  -0.000000 -38.741274 272.032288 277.565975   0.092256   0.172065 274.242009   0.154901
  1970   0.000000 237.092943 -66.787602 -26.831006  -0.371175  -0.371175  -0.000000  -0.000000 -38.735809 272.025113 277.558023   0.092261   0.172065 274.233806   0.154901
  1971   0.000000 237.041741 -66.804388 -26.815558  -0.384860  -0.384860  -0.000000  -0.000000 -38.730369 272.017944 277.550080   0.092267   0.172065 274.225611   0.154901
  1972   0.000000 236.990638 -66.821108 -26.800122  -0.398500  -0.398500  -0.000000  -0.000000 -38.724956 272.010779 277.542146   0.092272   0.172065 274.217425   0.154901
  1973   0.000000 236.939632 -66.837765 -26.784699  -0.412096  -0.412096  -0.000000  -0.000000 -38.719567 272.003620 277.534221   0.092278   0.172065 274.209247   0.154901
  1974   0.000000 236.888724 -66.854357 -26.769289  -0.425648  -0.425648  -0.000000  -0.000000 -38.714205 271.996466 277.526305   0.092283   0.172065 274.201077   0.154902
  1975   0.000000 236.837911 -66.870886 -26.753890  -0.439157  -0.439157  -0.000000  -0.000000 -38.708868 271.989318 277.518397   0.092289   0.172065 274.192916   0.154902
  1976   0.000000 236.787195 -66.887352 -26.738504  -0.452623  -0.452623  -0.000000  -0.000000 -38.703557 271.982174 277.510499   0.092295   0.172065 274.184763   0.154902
  1977   0.000000 236.736573 -66.903754 -26.723130  -0.466047  -0.466047  -0.000000  -0.000000 -38.698272 271.975036 277.502609   0.092300   0.172065 274.176617   0.154902
  1978   0.000000 236.686045 -66.920095 -26.707767  -0.479427  -0.479427  -0.000000  -0.000000 -38.693014 271.967902 277.494728   0.092306   0.172065 274.168480   0.154902
  1979   0.000000 236.635611 -66.936374 -26.692417  -0.492766  -0.492766  -0.000000  -0.000000 -38.687781 271.960774 277.486856   0.092311   0.172065 274.160350   0.154902
  1980   0.000000 236.585269 -66.952591 -26.677077  -0.506062  -0.506062  -0.000000  -0.000000 -38.682575 271.953650 277.478992   0.092317   0.172065 274.152229   0.154903
  1981   0.000000 236.535020 -66.968747 -26.661749  -0.519317  -0.519317  -0.000000  -0.000000 -38.677395 271.946531 277.471137   0.092323   0.172065 274.144115   0.154903
  1982   0.000000 236.484862 -66.984843 -26.646432  -0.532531  -0.532531  -0.000000  -0.000000 -38.672241 271.939417 277.463291   0.092328   0.172065 274.136008   0.154903
  1983   0.000000 236.434795 -67.000878 -26.631126  -0.545703  -0.545703  -0.000000  -0.000000 -38.667114 271.932308 277.455453   0.092334   0.172065 274.127909   0.154903
  1984   0.000000 236.384817 -67.016853 -26.615831  -0.558835  -0.558835  -0.000000  -0.000000 -38.662014 271.925204 277.447624   0.092340   0.172065 274.119818   0.154903
  1985   0.000000 236.334930 -67.032769 -26.600547  -0.571926  -0.571926  -0.000000  -0.000000 -38.656940 271.918104 277.439803   0.092346   0.172065 274.111734   0.154904
  1986   0.000000 236.285130 -67.048626 -26.585273  -0.584977  -0.584977  -0.000000  -0.000000 -38.651892 271.911009 277.431990   0.092351   0.172065 274.103658   0.154904
  1987   0.000000 236.235419 -67.064424 -26.570010  -0.597987  -0.597987  -0.000000  -0.000000 -38.646872 271.903918 277.424186   0.092357   0.172065 274.095588   0.154904
  1988   0.000000 236.185796 -67.080163 -26.554757  -0.610958  -0.610958  -0.000000  -0.000000 -38.641878 271.896832 277.416391   0.092363   0.172065 274.087526   0.154904
  1989   0.000000 236.136259 -67.095844 -26.539514  -0.623889  -0.623889  -0.000000  -0.000000 -38.636912 271.889750 277.408603   0.092369   0.172065 274.079472   0.154904
  1990   0.000000 236.086809 -67.111468 -26.524282  -0.636781  -0.636781  -0.000000  -0.000000 -38.631972 271.882673 277.400824   0.092374   0.172065 274.071424   0.154905
  1991   0.000000 236.037444 -67.127035 -26.509059  -0.649634  -0.649634  -0.000000  -0.000000 -38.627059 271.875600 277.393053   0.092380   0.172065 274.063383   0.154905
  1992   0.000000 235.988164 -67.142544 -26.493846  -0.662449  -0.662449  -0.000000  -0.000000 -38.622174 271.868531 277.385290   0.092386   0.172065 274.055349   0.154905
  1993   0.000000 235.938968 -67.157997 -26.478642  -0.675224  -0.675224  -0.000000  -0.000000 -38.617316 271.861467 277.377536   0.092392   0.172065 274.047322   0.154905
  1994   0.000000 235.889856 -67.173393 -26.463448  -0.687962  -0.687962  -0.000000  -0.000000 -38.612485 271.854406 277.369789   0.092398   0.172065 274.039302   0.154905
  1995   0.000000 235.840827 -67.188734 -26.448264  -0.700661  -0.700661  -0.000000  -0.000000 -38.607682 271.847350 277.362051   0.092404   0.172065 274.031288   0.154906
  1996   0.000000 235.791881 -67.204019 -26.433089  -0.713323  -0.713323  -0.000000  -0.000000 -38.602906 271.840298 277.354321   0.092409   0.172065 274.023282   0.154906
  1997   0.000000 235.743017 -67.219249 -26.417923  -0.725947  -0.725947  -0.000000  -0.000000 -38.598157 271.833251 277.346599   0.092415   0.172065 274.015281   0.154906
  1998   0.000000 235.694234 -67.234424 -26.402766  -0.738533  -0.738533  -0.000000  -0.000000 -38.593436 271.826207 277.338884   0.092421   0.172065 274.007288   0.154906
  1999   0.000000 235.645532 -67.249544 -26.387618  -0.751082  -0.751082  -0.000000  -0.000000 -38.588743 271.819167 277.331178   0.092427   0.172065 273.999301   0.154907
  2000   0.000000 235.596910 -67.264610 -26.372478  -0.763595  -0.763595  -0.000000  -0.000000 -38.584078 271.812131 277.323479   0.092433   0.172065 273.991320   0.154907
  2001   0.000000 235.548368 -67.279622 -26.357348  -0.776071  -0.776071  -0.000000  -0.000000 -38.579440 271.805099 277.315789   0.092439   0.172065 273.983346   0.154907
  2002   0.000000 235.499904 -67.294581 -26.342226  -0.788510  -0.788510  -0.000000  -0.000000 -38.574830 271.798071 277.308106   0.092445   0.172065 273.975378   0.154907
  2003   0.000000 235.451520 -67.309486 -26.327113  -0.800913  -0.800913  -0.000000  -0.000000 -38.570249 271.791046 277.300431   0.092451   0.172065 273.967416   0.154908
  2004   0.000000 235.403213 -67.324338 -26.312008  -0.813280  -0.813280  -0.000000  -0.000000 -38.565695 271.784025 277.292764   0.092457   0.172065 273.959460   0.154908
  2005   0.000000 235.354984 -67.339137 -26.296911  -0.825611  -0.825611  -0.000000  -0.000000 -38.561169 271.777008 277.285104   0.092463   0.172065 273.951511   0.154908
  2006   0.000000 235.306832 -67.353885 -26.281822  -0.837907  -0.837907  -0.000000  -0.000000 -38.556672 271.769995 277.277453   0.092469   0.172065 273.943567   0.154909
  2007   0.000000 235.258756 -67.368580 -26.266742  -0.850167  -0.850167  -0.000000  -0.000000 -38.552202 271.762986 277.269809   0.092475   0.172065 273.935630   0.154909
  2008   0.000000 235.210756 -67.383223 -26.251670  -0.862392  -0.862392  -0.000000  -0.000000 -38.547761 271.755979 277.262172   0.092481   0.172065 273.927698   0.154909
  2009   0.000000 235.162832 -67.397814 -26.236605  -0.874582  -0.874582  -0.000000  -0.000000 -38.543349 271.748977 277.254543   0.092487   0.172065 273.919772   0.154909
  2010   0.000000 235.114982 -67.412355 -26.221548  -0.886737  -0.886737  -0.000000  -0.000000 -38.538964 271.741978 277.246922   0.092493   0.172065 273.911852   0.154910
  2011   0.000000 235.067207 -67.426845 -26.206499  -0.898857  -0.898857  -0.000000  -0.000000 -38.534608 271.734982 277.239308   0.092499   0.172065 273.903938   0.154910
  2012   0.000000 235.019505 -67.441284 -26.191458  -0.910943  -0.910943  -0.000000  -0.000000 -38.530281 271.727990 277.231702   0.092505   0.172065 273.896030   0.154910
  2013   0.000000 234.971877 -67.455672 -26.176424  -0.922995  -0.922995  -0.000000  -0.000000 -38.525982 271.721001 277.224103   0.092512   0.172065 273.888127   0.154911
  2014   0.000000 234.924321 -67.470011 -26.161398  -0.935013  -0.935013  -0.000000  -0.000000 -38.521712 271.714016 277.216511   0.092518   0.172065 273.880230   0.154911
  2015   0.000000 234.876838 -67.484299 -26.146379  -0.946997  -0.946997  -0.000000  -0.000000 -38.517470 271.707033 277.208927   0.092524   0.172065 273.872338   0.154911
  2016   0.000000 234.829426 -67.498539 -26.131368  -0.958947  -0.958947  -0.000000  -0.000000 -38.513258 271.700054 277.201351   0.092530   0.172065 273.864452   0.154912
  2017   0.000000 234.782086 -67.512729 -26.116363  -0.970864  -0.970864  -0.000000  -0.000000 -38.509074 271.693079 277.193781   0.092536   0.172065 273.856572   0.154912
  2018   0.000000 234.734817 -67.526870 -26.101366  -0.982748  -0.982748  -0.000000  -0.000000 -38.504919 271.686106 277.186219   0.092542   0.172065 273.848696   0.154912
  2019   0.000000 234.687618 -67.540962 -26.086376  -0.994599  -0.994599  -0.000000  -0.000000 -38.500792 271.679137 277.178664   0.092548   0.172065 273.840826   0.154913
  2020   0.000000 234.640490 -67.555006 -26.071393  -1.006416  -1.006416  -0.000000  -0.000000 -38.496695 271.672170 277.171117   0.092555   0.172065 273.832962   0.154913
  2021   0.000000 234.593430 -67.569002 -26.056417  -1.018201  -1.018201  -0.000000  -0.000000 -38.492627 271.665207 277.163576   0.092561   0.172065 273.825102   0.154913
  2022   0.000000 234.546440 -67.582950 -26.041448  -1.029953  -1.029953  -0.000000  -0.000000 -38.488587 271.658247 277.156043   0.092567   0.172065 273.817248   0.154914
  2023   0.000000 234.499518 -67.596850 -26.026486  -1.041673  -1.041673  -0.000000  -0.000000 -38.484577 271.651289 277.148517   0.092573   0.172065 273.809399   0.154914
  2024   0.000000 234.452664 -67.610702 -26.011530  -1.053361  -1.053361  -0.000000  -0.000000 -38.480596 271.644335 277.140998   0.092580   0.172065 273.801555   0.154914
  2025   0.000000 234.405878 -67.624508 -25.996581  -1.065017  -1.065017  -0.000000  -0.000000 -38.476644 271.637383 277.133486   0.092586   0.172065 273.793715   0.154915
  2026   0.000000 234.359158 -67.638267 -25.981639  -1.076641  -1.076641  -0.000000  -0.000000 -38.472722 271.630435 277.125982   0.092592   0.172065 273.785881   0.154915
  2027   0.000000 234.312506 -67.651978 -25.966704  -1.088233  -1.088233  -0.000000  -0.000000 -38.468828 271.623489 277.118484   0.092599   0.172065 273.778052   0.154915
  2028   0.000000 234.265920 -67.665644 -25.951775  -1.099793  -1.099793  -0.000000  -0.000000 -38.464964 271.616546 277.110993   0.092605   0.172065 273.770228   0.154916
  2029   0.000000 234.219400 -67.679263 -25.936852  -1.111322  -1.111322  -0.000000  -0.000000 -38.461130 271.609606 277.103509   0.092611   0.172065 273.762408   0.154916
  2030   0.000000 234.172945 -67.692837 -25.921936  -1.122820  -1.122820  -0.000000  -0.000000 -38.457324 271.602668 277.096032   0.092617   0.172065 273.754593   0.154916
  2031   0.000000 234.126555 -67.706364 -25.907026  -1.134287  -1.134287  -0.000000  -0.000000 -38.453548 271.595733 277.088562   0.092624   0.172065 273.746783   0.154917
  2032   0.000000 234.080230 -67.719847 -25.892123  -1.145723  -1.145723  -0.000000  -0.000000 -38.449802 271.588801 277.081099   0.092630   0.172065 273.738978   0.154917
  2033   0.000000 234.033969 -67.733284 -25.877226  -1.157128  -1.157128  -0.000000  -0.000000 -38.446085 271.581872 277.073643   0.092637   0.172065 273.731177   0.154918
  2034   0.000000 233.987772 -67.746675 -25.862335  -1.168503  -1.168503  -0.000000  -0.000000 -38.442398 271.574945 277.066193   0.092643   0.172065 273.723381   0.154918
  2035   0.000000 233.941638 -67.760023 -25.847450  -1.179847  -1.179847  -0.000000  -0.000000 -38.438740 271.568020 277.058750   0.092649   0.172065 273.715590   0.154918
  2036   0.000000 233.895567 -67.773325 -25.832572  -1.191161  -1.191161  -0.000000  -0.000000 -38.435112 271.561098 277.051314   0.092656   0.172065 273.707803   0.154919
  2037   0.000000 233.849559 -67.786583 -25.817700  -1.202445  -1.202445  -0.000000  -0.000000 -38.431514 271.554179 277.043885   0.092662   0.172065 273.700020   0.154919
  2038   0.000000 233.803613 -67.799798 -25.802833  -1.213699  -1.213699  -0.000000  -0.000000 -38.427945 271.547262 277.036463   0.092669   0.172065 273.692242   0.154920
  2039   0.000000 233.757728 -67.812968 -25.787973  -1.224923  -1.224923  -0.000000  -0.000000 -38.424406 271.540347 277.029047   0.092675   0.172065 273.684468   0.154920
  2040   0.000000 233.711905 -67.826094 -25.773119  -1.236117  -1.236117  -0.000000  -0.000000 -38.420897 271.533435 277.021637   0.092682   0.172065 273.676698   0.154920
  2041   0.000000 233.666143 -67.839177 -25.758271  -1.247282  -1.247282  -0.000000  -0.000000 -38.417418 271.526525 277.014235   0.092688   0.172066 273.668933   0.154921
  2042   0.000000 233.620442 -67.852217 -25.743429  -1.258417  -1.258417  -0.000000  -0.000000 -38.413968 271.519617 277.006839   0.092695   0.172066 273.661172   0.154921
  2043   0.000000 233.574800 -67.865214 -25.728592  -1.269523  -1.269523  -0.000000  -0.000000 -38.410548 271.512712 276.999449   0.092701   0.172066 273.653415   0.154922
  2044   0.000000 233.529219 -67.878168 -25.713762  -1.280600  -1.280600  -0.000000  -0.000000 -38.407158 271.505809 276.992066   0.092708   0.172066 273.645663   0.154922
  2045   0.000000 233.483697 -67.891079 -25.698937  -1.291648  -1.291648  -0.000000  -0.000000 -38.403799 271.498908 276.984690   0.092714   0.172066 273.637914   0.154922
  2046   0.000000 233.438234 -67.903948 -25.684119  -1.302667  -1.302667  -0.000000  -0.000000 -38.400469 271.492010 276.977320   0.092721   0.172066 273.630169   0.154923
  2047   0.000000 233.392829 -67.916775 -25.669306  -1.313658  -1.313658  -0.000000  -0.000000 -38.397169 271.485113 276.969956   0.092727   0.172066 273.622429   0.154923
  2048   0.000000 233.347483 -67.929559 -25.654499  -1.324620  -1.324620  -0.000000  -0.000000 -38.393899 271.478219 276.962599   0.092734   0.172066 273.614692   0.154924
  2049   0.000000 233.302195 -67.942302 -25.639697  -1.335553  -1.335553  -0.000000  -0.000000 -38.390658 271.471327 276.955248   0.092740   0.172066 273.606960   0.154924
  2050   0.000000 233.256965 -67.955003 -25.624902  -1.346458  -1.346458  -0.000000  -0.000000 -38.387448 271.464436 276.947903   0.092747   0.172066 273.599231   0.154925
  2051   0.000000 233.211792 -67.967663 -25.610112  -1.357335  -1.357335  -0.000000  -0.000000 -38.384269 271.457548 276.940565   0.092754   0.172066 273.591506   0.154925
  2052   0.000000 233.166676 -67.980282 -25.595328  -1.368184  -1.368184  -0.000000  -0.000000 -38.381119 271.450662 276.933233   0.092760   0.172066 273.583785   0.154926
  2053   0.000000 233.121616 -67.992859 -25.580549  -1.379005  -1.379005  -0.000000  -0.000000 -38.377999 271.443778 276.925908   0.092767   0.172066 273.576068   0.154926
  2054   0.000000 233.076612 -68.005396 -25.565776  -1.389798  -1.389798  -0.000000  -0.000000 -38.374909 271.436896 276.918589   0.092773   0.172066 273.568355   0.154926
  2055   0.000000 233.031665 -68.017892 -25.551009  -1.400563  -1.400563  -0.000000  -0.000000 -38.371850 271.430015 276.911276   0.092780   0.172066 273.560645   0.154927
  2056   0.000000 232.986773 -68.030348 -25.536248  -1.411301  -1.411301  -0.000000  -0.000000 -38.368820 271.423137 276.903969   0.092787   0.172066 273.552939   0.154927
  2057   0.000000 232.941936 -68.042763 -25.521492  -1.422012  -1.422012  -0.000000  -0.000000 -38.365821 271.416260 276.896668   0.092793   0.172066 273.545236   0.154928
  2058   0.000000 232.897154 -68.055138 -25.506742  -1.432695  -1.432695  -0.000000  -0.000000 -38.362852 271.409386 276.889373   0.092800   0.172066 273.537538   0.154928
  2059   0.000000 232.852426 -68.067474 -25.491997  -1.443351  -1.443351  -0.000000  -0.000000 -38.359914 271.402513 276.882085   0.092807   0.172066 273.529842   0.154929
  2060   0.000000 232.807753 -68.079769 -25.477258  -1.453980  -1.453980  -0.000000  -0.000000 -38.357005 271.395642 276.874803   0.092814   0.172066 273.522151   0.154929
  2061   0.000000 232.763134 -68.092025 -25.462525  -1.464582  -1.464582  -0.000000  -0.000000 -38.354127 271.388772 276.867526   0.092820   0.172066 273.514462   0.154930
  2062   0.000000 232.718568 -68.104242 -25.447797  -1.475157  -1.475157  -0.000000  -0.000000 -38.351279 271.381905 276.860256   0.092827   0.172066 273.506777   0.154930
  2063   0.000000 232.674055 -68.116420 -25.433075  -1.485705  -1.485705  -0.000000  -0.000000 -38.348461 271.375039 276.852992   0.092834   0.172066 273.499096   0.154931
  2064   0.000000 232.629595 -68.128558 -25.418359  -1.496227  -1.496227  -0.000000  -0.000000 -38.345673 271.368174 276.845734   0.092841   0.172066 273.491418   0.154931
  2065   0.000000 232.585188 -68.140658 -25.403648  -1.506722  -1.506722  -0.000000  -0.000000 -38.342916 271.361311 276.838481   0.092847   0.172066 273.483743   0.154932
  2066   0.000000 232.540833 -68.152719 -25.388942  -1.517191  -1.517191  -0.000000  -0.000000 -38.340189 271.354450 276.831235   0.092854   0.172066 273.476072   0.154932
  2067   0.000000 232.496530 -68.164742 -25.374242  -1.527634  -1.527634  -0.000000  -0.000000 -38.337492 271.347591 276.823995   0.092861   0.172066 273.468404   0.154933
  2068   0.000000 232.452278 -68.176726 -25.359548  -1.538051  -1.538051  -0.000000  -0.000000 -38.334826 271.340733 276.816760   0.092868   0.172066 273.460739   0.154933
  2069   0.000000 232.408078 -68.188672 -25.344859  -1.548441  -1.548441  -0.000000  -0.000000 -38.332190 271.333876 276.809531   0.092875   0.172066 273.453077   0.154934
  2070   0.000000 232.363929 -68.200580 -25.330176  -1.558806  -1.558806  -0.000000  -0.000000 -38.329584 271.327022 276.802309   0.092881   0.172066 273.445419   0.154934
  2071   0.000000 232.319831 -68.212450 -25.315499  -1.569145  -1.569145  -0.000000  -0.000000 -38.327009 271.320168 276.795092   0.092888   0.172066 273.437764   0.154935
  2072   0.000000 232.275783 -68.224283 -25.300827  -1.579458  -1.579458  -0.000000  -0.000000 -38.324464 271.313316 276.787880   0.092895   0.172066 273.430111   0.154935
  2073   0.000000 232.231785 -68.236078 -25.286161  -1.589745  -1.589745  -0.000000  -0.000000 -38.321949 271.306466 276.780675   0.092902   0.172066 273.422462   0.154936
  2074   0.000000 232.187837 -68.247836 -25.271500  -1.600007  -1.600007  -0.000000  -0.000000 -38.319465 271.299616 276.773475   0.092909   0.172066 273.414816   0.154936
  2075   0.000000 232.143938 -68.259557 -25.256845  -1.610244  -1.610244  -0.000000  -0.000000 -38.317011 271.292769 276.766281   0.092916   0.172066 273.407173   0.154937
  2076   0.000000 232.100089 -68.271241 -25.242196  -1.620455  -1.620455  -0.000000  -0.000000 -38.314588 271.285922 276.759093   0.092923   0.172066 273.399533   0.154937
  2077   0.000000 232.056289 -68.282888 -25.227552  -1.630641  -1.630641  -0.000000  -0.000000 -38.312194 271.279077 276.751910   0.092930   0.172066 273.391896   0.154938
  2078   0.000000 232.012537 -68.294498 -25.212914  -1.640802  -1.640802  -0.000000  -0.000000 -38.309832 271.272233 276.744733   0.092937   0.172066 273.384261   0.154938
  2079   0.000000 231.968834 -68.306072 -25.198281  -1.650938  -1.650938  -0.000000  -0.000000 -38.307499 271.265391 276.737562   0.092943   0.172066 273.376630   0.154939
  2080   0.000000 231.925179 -68.317609 -25.183654  -1.661049  -1.661049  -0.000000  -0.000000 -38.305197 271.258550 276.730396   0.092950   0.172066 273.369001   0.154940
  2081   0.000000 231.881571 -68.329111 -25.169033  -1.671136  -1.671136  -0.000000  -0.000000 -38.302925 271.251710 276.723236   0.092957   0.172066 273.361376   0.154940
  2082   0.000000 231.838011 -68.340576 -25.154417  -1.681197  -1.681197  -0.000000  -0.000000 -38.300684 271.244871 276.716081   0.092964   0.172066 273.353753   0.154941
  2083   0.000000 231.794499 -68.352005 -25.139807  -1.691234  -1.691234  -0.000000  -0.000000 -38.298473 271.238033 276.708932   0.092971   0.172066 273.346133   0.154941
  2084   0.000000 231.751033 -68.363399 -25.125203  -1.701247  -1.701247  -0.000000  -0.000000 -38.296292 271.231197 276.701788   0.092978   0.172066 273.338515   0.154942
  2085   0.000000 231.707614 -68.374757 -25.110605  -1.711235  -1.711235  -0.000000  -0.000000 -38.294142 271.224361 276.694650   0.092985   0.172066 273.330900   0.154942
  2086   0.000000 231.664242 -68.386079 -25.096012  -1.721199  -1.721199  -0.000000  -0.000000 -38.292022 271.217527 276.687518   0.092992   0.172066 273.323288   0.154943
  2087   0.000000 231.620916 -68.397367 -25.081425  -1.731139  -1.731139  -0.000000  -0.000000 -38.289933 271.210694 276.680390   0.092999   0.172066 273.315679   0.154943
  2088   0.000000 231.577635 -68.408619 -25.066844  -1.741054  -1.741054  -0.000000  -0.000000 -38.287874 271.203862 276.673268   0.093006   0.172066 273.308072   0.154944
  2089   0.000000 231.534400 -68.419836 -25.052268  -1.750946  -1.750946  -0.000000  -0.000000 -38.285845 271.197031 276.666152   0.093014   0.172066 273.300468   0.154945
  2090   0.000000 231.491211 -68.431018 -25.037699  -1.760813  -1.760813  -0.000000  -0.000000 -38.283846 271.190201 276.659041   0.093021   0.172066 273.292866   0.154945
  2091   0.000000 231.448067 -68.442166 -25.023135  -1.770657  -1.770657  -0.000000  -0.000000 -38.281878 271.183372 276.651935   0.093028   0.172066 273.285267   0.154946
  2092   0.000000 231.404967 -68.453279 -25.008577  -1.780477  -1.780477  -0.000000  -0.000000 -38.279940 271.176544 276.644835   0.093035   0.172066 273.277671   0.154946
  2093   0.000000 231.361913 -68.464358 -24.994024  -1.790273  -1.790273  -0.000000  -0.000000 -38.278033 271.169717 276.637740   0.093042   0.172066 273.270076   0.154947
  2094   0.000000 231.318902 -68.475402 -24.979478  -1.800046  -1.800046  -0.000000  -0.000000 -38.276156 271.162891 276.630650   0.093049   0.172066 273.262485   0.154948
  2095   0.000000 231.275936 -68.486413 -24.964938  -1.809795  -1.809795  -0.000000  -0.000000 -38.274309 271.156066 276.623565   0.093056   0.172067 273.254896   0.154948
  2096   0.000000 231.233013 -68.497389 -24.950403  -1.819521  -1.819521  -0.000000  -0.000000 -38.272492 271.149242 276.616486   0.093063   0.172067 273.247309   0.154949
  2097   0.000000 231.190134 -68.508331 -24.935874  -1.829223  -1.829223  -0.000000  -0.000000 -38.270706 271.142419 276.609411   0.093070   0.172067 273.239724   0.154949
  2098   0.000000 231.147299 -68.519240 -24.921352  -1.838903  -1.838903  -0.000000  -0.000000 -38.268950 271.135596 276.602342   0.093078   0.172067 273.232142   0.154950
  2099   0.000000 231.104506 -68.530116 -24.906835  -1.848559  -1.848559  -0.000000  -0.000000 -38.267224 271.128774 276.595279   0.093085   0.172067 273.224562   0.154951
  2100   0.000000 231.061756 -68.540957 -24.892324  -1.858192  -1.858192  -0.000000  -0.000000 -38.265529 271.121954 276.588220   0.093092   0.172067 273.216984   0.154951
  2101   0.000000 231.019049 -68.551766 -24.877820  -1.867802  -1.867802  -0.000000  -0.000000 -38.263864 271.115134 276.581166   0.093099   0.172067 273.209409   0.154952
  2102   0.000000 230.976385 -68.562541 -24.863321  -1.877389  -1.877389  -0.000000  -0.000000 -38.262229 271.108314 276.574118   0.093106   0.172067 273.201836   0.154952
  2103   0.000000 230.933762 -68.573284 -24.848828  -1.886953  -1.886953  -0.000000  -0.000000 -38.260624 271.101496 276.567074   0.093114   0.172067 273.194265   0.154953
  2104   0.000000 230.891181 -68.583993 -24.834342  -1.896495  -1.896495  -0.000000  -0.000000 -38.259050 271.094678 276.560036   0.093121   0.172067 273.186697   0.154954
  2105   0.000000 230.848642 -68.594670 -24.819862  -1.906014  -1.906014  -0.000000  -0.000000 -38.257505 271.087861 276.553003   0.093128   0.172067 273.179130   0.154954
  2106   0.000000 230.806144 -68.605314 -24.805387  -1.915510  -1.915510  -0.000000  -0.000000 -38.255991 271.081045 276.545974   0.093135   0.172067 273.171566   0.154955
  2107   0.000000 230.763688 -68.615926 -24.790919  -1.924984  -1.924984  -0.000000  -0.000000 -38.254507 271.074229 276.538951   0.093143   0.172067 273.164003   0.154955
  2108   0.000000 230.721272 -68.626505 -24.776457  -1.934436  -1.934436  -0.000000  -0.000000 -38.253054 271.067414 276.531933   0.093150   0.172067 273.156443   0.154956
  2109   0.000000 230.678897 -68.637053 -24.762002  -1.943865  -1.943865  -0.000000  -0.000000 -38.251630 271.060600 276.524919   0.093157   0.172067 273.148885   0.154957
  2110   0.000000 230.636563 -68.647568 -24.747552  -1.953272  -1.953272  -0.000000  -0.000000 -38.250237 271.053786 276.517911   0.093164   0.172067 273.141329   0.154957
  2111   0.000000 230.594269 -68.658051 -24.733109  -1.962657  -1.962657  -0.000000  -0.000000 -38.248873 271.046973 276.510907   0.093172   0.172067 273.133775   0.154958
  2112   0.000000 230.552015 -68.668502 -24.718672  -1.972019  -1.972019  -0.000000  -0.000000 -38.247540 271.040160 276.503909   0.093179   0.172067 273.126223   0.154959
  2113   0.000000 230.509800 -68.678922 -24.704242  -1.981360  -1.981360  -0.000000  -0.000000 -38.246237 271.033348 276.496915   0.093186   0.172067 273.118672   0.154959
  2114   0.000000 230.467625 -68.689310 -24.689817  -1.990679  -1.990679  -0.000000  -0.000000 -38.244964 271.026537 276.489926   0.093194   0.172067 273.111124   0.154960
  2115   0.000000 230.425490 -68.699666 -24.675399  -1.999975  -1.999975  -0.000000  -0.000000 -38.243721 271.019726 276.482942   0.093201   0.172067 273.103578   0.154961
  2116   0.000000 230.383394 -68.709992 -24.660988  -2.009250  -2.009250  -0.000000  -0.000000 -38.242508 271.012916 276.475962   0.093209   0.172067 273.096034   0.154961
  2117   0.000000 230.341336 -68.720286 -24.646583  -2.018504  -2.018504  -0.000000  -0.000000 -38.241325 271.006106 276.468988   0.093216   0.172067 273.088491   0.154962
  2118   0.000000 230.299317 -68.730549 -24.632184  -2.027735  -2.027735  -0.000000  -0.000000 -38.240172 270.999296 276.462018   0.093223   0.172067 273.080950   0.154963
  2119   0.000000 230.257337 -68.740781 -24.617792  -2.036945  -2.036945  -0.000000  -0.000000 -38.239049 270.992488 276.455053   0.093231   0.172067 273.073411   0.154963
  2120   0.000000 230.215395 -68.750982 -24.603407  -2.046134  -2.046134  -0.000000  -0.000000 -38.237956 270.985679 276.448092   0.093238   0.172067 273.065874   0.154964
  2121   0.000000 230.173491 -68.761153 -24.589028  -2.055301  -2.055301  -0.000000  -0.000000 -38.236893 270.978871 276.441137   0.093246   0.172067 273.058339   0.154965
  2122   0.000000 230.131625 -68.771293 -24.574655  -2.064447  -2.064447  -0.000000  -0.000000 -38.235860 270.972063 276.434186   0.093253   0.172067 273.050806   0.154965
  2123   0.000000 230.089796 -68.781403 -24.560290  -2.073571  -2.073571  -0.000000  -0.000000 -38.234856 270.965256 276.427239   0.093260   0.172067 273.043274   0.154966
  2124   0.000000 230.048005 -68.791482 -24.545931  -2.082675  -2.082675  -0.000000  -0.000000 -38.233883 270.958449 276.420298   0.093268   0.172067 273.035744   0.154967
  2125   0.000000 230.006251 -68.801531 -24.531578  -2.091757  -2.091757  -0.000000  -0.000000 -38.232939 270.951643 276.413360   0.093275   0.172067 273.028215   0.154967
  2126   0.000000 229.964534 -68.811550 -24.517232  -2.100818  -2.100818  -0.000000  -0.000000 -38.232026 270.944836 276.406428   0.093283   0.172067 273.020689   0.154968
  2127   0.000000 229.922854 -68.821539 -24.502893  -2.109858  -2.109858  -0.000000  -0.000000 -38.231142 270.938030 276.399500   0.093290   0.172067 273.013164   0.154969
  2128   0.000000 229.881210 -68.831498 -24.488561  -2.118877  -2.118877  -0.000000  -0.000000 -38.230288 270.931225 276.392577   0.093298   0.172067 273.005640   0.154969
  2129   0.000000 229.839603 -68.841428 -24.474236  -2.127875  -2.127875  -0.000000  -0.000000 -38.229463 270.924420 276.385658   0.093305   0.172067 272.998118   0.154970
  2130   0.000000 229.798032 -68.851328 -24.459917  -2.136852  -2.136852  -0.000000  -0.000000 -38.228669 270.917615 276.378744   0.093313   0.172067 272.990598   0.154971
  2131   0.000000 229.756497 -68.861198 -24.445605  -2.145809  -2.145809  -0.000000  -0.000000 -38.227904 270.910810 276.371834   0.093320   0.172067 272.983080   0.154971
  2132   0.000000 229.714997 -68.871039 -24.431300  -2.154745  -2.154745  -0.000000  -0.000000 -38.227169 270.904005 276.364929   0.093328   0.172067 272.975563   0.154972
  2133   0.000000 229.673533 -68.880851 -24.417002  -2.163660  -2.163660  -0.000000  -0.000000 -38.226463 270.897201 276.358028   0.093335   0.172067 272.968047   0.154973
  2134   0.000000 229.632105 -68.890633 -24.402711  -2.172555  -2.172555  -0.000000  -0.000000 -38.225787 270.890397 276.351131   0.093343   0.172067 272.960533   0.154974
  2135   0.000000 229.590712 -68.900387 -24.388427  -2.181429  -2.181429  -0.000000  -0.000000 -38.225141 270.883593 276.344239   0.093351   0.172067 272.953020   0.154974
  2136   0.000000 229.549353 -68.910112 -24.374151  -2.190283  -2.190283  -0.000000  -0.000000 -38.224524 270.876789 276.337352   0.093358   0.172067 272.945509   0.154975
  2137   0.000000 229.508030 -68.919808 -24.359881  -2.199117  -2.199117  -0.000000  -0.000000 -38.223937 270.869986 276.330469   0.093366   0.172068 272.937999   0.154976
  2138   0.000000 229.466740 -68.929475 -24.345618  -2.207930  -2.207930  -0.000000  -0.000000 -38.223380 270.863182 276.323590   0.093373   0.172068 272.930491   0.154976
  2139   0.000000 229.425486 -68.939114 -24.331362  -2.216723  -2.216723  -0.000000  -0.000000 -38.222852 270.856379 276.316715   0.093381   0.172068 272.922984   0.154977
  2140   0.000000 229.384265 -68.948724 -24.317114  -2.225496  -2.225496  -0.000000  -0.000000 -38.222353 270.849576 276.309845   0.093389   0.172068 272.915479   0.154978
  2141   0.000000 229.343079 -68.958306 -24.302872  -2.234249  -2.234249  -0.000000  -0.000000 -38.221884 270.842773 276.302979   0.093396   0.172068 272.907975   0.154979
  2142   0.000000 229.301926 -68.967859 -24.288638  -2.242982  -2.242982  -0.000000  -0.000000 -38.221445 270.835970 276.296118   0.093404   0.172068 272.900472   0.154979
  2143   0.000000 229.260807 -68.977385 -24.274411  -2.251694  -2.251694  -0.000000  -0.000000 -38.221034 270.829167 276.289261   0.093412   0.172068 272.892971   0.154980
  2144   0.000000 229.219721 -68.986883 -24.260192  -2.260387  -2.260387  -0.000000  -0.000000 -38.220654 270.822364 276.282408   0.093419   0.172068 272.885471   0.154981
  2145   0.000000 229.178668 -68.996352 -24.245980  -2.269060  -2.269060  -0.000000  -0.000000 -38.220302 270.815562 276.275559   0.093427   0.172068 272.877972   0.154982
  2146   0.000000 229.137649 -69.005794 -24.231775  -2.277713  -2.277713  -0.000000  -0.000000 -38.219980 270.808759 276.268714   0.093435   0.172068 272.870474   0.154982
  2147   0.000000 229.096662 -69.015208 -24.217577  -2.286347  -2.286347  -0.000000  -0.000000 -38.219687 270.801956 276.261874   0.093442   0.172068 272.862978   0.154983
  2148   0.000000 229.055708 -69.024595 -24.203387  -2.294961  -2.294961  -0.000000  -0.000000 -38.219424 270.795154 276.255038   0.093450   0.172068 272.855483   0.154984
  2149   0.000000 229.014787 -69.033954 -24.189205  -2.303555  -2.303555  -0.000000  -0.000000 -38.219189 270.788351 276.248206   0.093458   0.172068 272.847989   0.154985
  2150   0.000000 228.973898 -69.043286 -24.175030  -2.312129  -2.312129  -0.000000  -0.000000 -38.218984 270.781548 276.241378   0.093466   0.172068 272.840497   0.154985
  2151   0.000000 228.933041 -69.052591 -24.160862  -2.320685  -2.320685  -0.000000  -0.000000 -38.218808 270.774745 276.234554   0.093473   0.172068 272.833005   0.154986
  2152   0.000000 228.892216 -69.061869 -24.146702  -2.329220  -2.329220  -0.000000  -0.000000 -38.218662 270.767943 276.227735   0.093481   0.172068 272.825515   0.154987
  2153   0.000000 228.851422 -69.071119 -24.132550  -2.337736  -2.337736  -0.000000  -0.000000 -38.218544 270.761140 276.220919   0.093489   0.172068 272.818026   0.154988
  2154   0.000000 228.810661 -69.080343 -24.118405  -2.346233  -2.346233  -0.000000  -0.000000 -38.218455 270.754337 276.214108   0.093497   0.172068 272.810538   0.154988
  2155   0.000000 228.769930 -69.089540 -24.104268  -2.354711  -2.354711  -0.000000  -0.000000 -38.218396 270.747534 276.207300   0.093504   0.172068 272.803051   0.154989
  2156   0.000000 228.729231 -69.098710 -24.090139  -2.363170  -2.363170  -0.000000  -0.000000 -38.218366 270.740731 276.200497   0.093512   0.172068 272.795565   0.154990
  2157   0.000000 228.688563 -69.107854 -24.076017  -2.371609  -2.371609  -0.000000  -0.000000 -38.218364 270.733927 276.193698   0.093520   0.172068 272.788081   0.154991
  2158   0.000000 228.647926 -69.116971 -24.061903  -2.380029  -2.380029  -0.000000  -0.000000 -38.218392 270.727124 276.186902   0.093528   0.172068 272.780597   0.154991
  2159   0.000000 228.607320 -69.126062 -24.047797  -2.388430  -2.388430  -0.000000  -0.000000 -38.218448 270.720320 276.180111   0.093536   0.172068 272.773114   0.154992
  2160   0.000000 228.566744 -69.135126 -24.033699  -2.396813  -2.396813  -0.000000  -0.000000 -38.218533 270.713517 276.173324   0.093543   0.172068 272.765633   0.154993
  2161   0.000000 228.526198 -69.144165 -24.019694  -2.405179  -2.405179  -0.000000  -0.000000 -38.218647 270.706717 276.166540   0.093551   0.172068 272.758157   0.154994
  2162   0.000000 228.485682 -69.153193 -24.005757  -2.413521  -2.413521  -0.000000  -0.000000 -38.218764 270.699921 276.159761   0.093559   0.172068 272.750688   0.154995
  2163   0.000000 228.445195 -69.162216 -23.991881  -2.421837  -2.421837  -0.000000  -0.000000 -38.218876 270.693130 276.152985   0.093567   0.172068 272.743224   0.154995
  2164   0.000000 228.404737 -69.171232 -23.978062  -2.430127  -2.430127  -0.000000  -0.000000 -38.218986 270.686343 276.146214   0.093575   0.172068 272.735767   0.154996
  2165   0.000000 228.364307 -69.180243 -23.964299  -2.438391  -2.438391  -0.000000  -0.000000 -38.219093 270.679561 276.139446   0.093583   0.172068 272.728315   0.154997
  2166   0.000000 228.323906 -69.189247 -23.950590  -2.446630  -2.446630  -0.000000  -0.000000 -38.219198 270.672782 276.132683   0.093591   0.172068 272.720869   0.154998
  2167   0.000000 228.283532 -69.198245 -23.936933  -2.454845  -2.454845  -0.000000  -0.000000 -38.219303 270.666008 276.125923   0.093599   0.172068 272.713428   0.154998
  2168   0.000000 228.243185 -69.207236 -23.923326  -2.463034  -2.463034  -0.000000  -0.000000 -38.219409 270.659237 276.119168   0.093607   0.172068 272.705992   0.154999
  2169   0.000000 228.202865 -69.216220 -23.909768  -2.471200  -2.471200  -0.000000  -0.000000 -38.219517 270.652470 276.112416   0.093614   0.172068 272.698561   0.155000
  2170   0.000000 228.162573 -69.225196 -23.896257  -2.479341  -2.479341  -0.000000  -0.000000 -38.219626 270.645706 276.105668   0.093622   0.172068 272.691136   0.155001
  2171   0.000000 228.122307 -69.234164 -23.882793  -2.487459  -2.487459  -0.000000  -0.000000 -38.219739 270.638946 276.098925   0.093630   0.172068 272.683715   0.155002
  2172   0.000000 228.082068 -69.243124 -23.869374  -2.495553  -2.495553  -0.000000  -0.000000 -38.219855 270.632189 276.092185   0.093638   0.172069 272.676299   0.155003
  2173   0.000000 228.041855 -69.252076 -23.855999  -2.503625  -2.503625  -0.000000  -0.000000 -38.219976 270.625435 276.085449   0.093646   0.172069 272.668887   0.155003
  2174   0.000000 228.001669 -69.261019 -23.842667  -2.511673  -2.511673  -0.000000  -0.000000 -38.220102 270.618684 276.078718   0.093654   0.172069 272.661480   0.155004
  2175   0.000000 227.961508 -69.269954 -23.829378  -2.519698  -2.519698  -0.000000  -0.000000 -38.220233 270.611937 276.071990   0.093662   0.172069 272.654078   0.155005
  2176   0.000000 227.921374 -69.278880 -23.816130  -2.527701  -2.527701  -0.000000  -0.000000 -38.220369 270.605193 276.065266   0.093670   0.172069 272.646680   0.155006
  2177   0.000000 227.881266 -69.287796 -23.802922  -2.535682  -2.535682  -0.000000  -0.000000 -38.220512 270.598452 276.058546   0.093678   0.172069 272.639286   0.155007
  2178   0.000000 227.841184 -69.296704 -23.789755  -2.543640  -2.543640  -0.000000  -0.000000 -38.220662 270.591713 276.051830   0.093686   0.172069 272.631896   0.155007
  2179   0.000000 227.801127 -69.305602 -23.776627  -2.551576  -2.551576  -0.000000  -0.000000 -38.220818 270.584978 276.045118   0.093694   0.172069 272.624511   0.155008
  2180   0.000000 227.761096 -69.314491 -23.763537  -2.559490  -2.559490  -0.000000  -0.000000 -38.220982 270.578245 276.038410   0.093702   0.172069 272.617129   0.155009
  2181   0.000000 227.721091 -69.323370 -23.750485  -2.567383  -2.567383  -0.000000  -0.000000 -38.221153 270.571515 276.031706   0.093710   0.172069 272.609752   0.155010
  2182   0.000000 227.681112 -69.332239 -23.737471  -2.575254  -2.575254  -0.000000  -0.000000 -38.221332 270.564788 276.025005   0.093719   0.172069 272.602379   0.155011
  2183   0.000000 227.641158 -69.341098 -23.724493  -2.583104  -2.583104  -0.000000  -0.000000 -38.221520 270.558064 276.018309   0.093727   0.172069 272.595010   0.155012
  2184   0.000000 227.601229 -69.349947 -23.711552  -2.590932  -2.590932  -0.000000  -0.000000 -38.221715 270.551342 276.011617   0.093735   0.172069 272.587645   0.155012
  2185   0.000000 227.561326 -69.358786 -23.698647  -2.598739  -2.598739  -0.000000  -0.000000 -38.221919 270.544624 276.004928   0.093743   0.172069 272.580283   0.155013
  2186   0.000000 227.521449 -69.367615 -23.685776  -2.606525  -2.606525  -0.000000  -0.000000 -38.222132 270.537907 275.998243   0.093751   0.172069 272.572926   0.155014
  2187   0.000000 227.481596 -69.376434 -23.672941  -2.614290  -2.614290  -0.000000  -0.000000 -38.222353 270.531193 275.991563   0.093759   0.172069 272.565572   0.155015
  2188   0.000000 227.441770 -69.385242 -23.660140  -2.622034  -2.622034  -0.000000  -0.000000 -38.222583 270.524482 275.984886   0.093767   0.172069 272.558222   0.155016
  2189   0.000000 227.401968 -69.394040 -23.647374  -2.629757  -2.629757  -0.000000  -0.000000 -38.222823 270.517774 275.978212   0.093775   0.172069 272.550876   0.155017
  2190   0.000000 227.362192 -69.402827 -23.634641  -2.637460  -2.637460  -0.000000  -0.000000 -38.223072 270.511068 275.971543   0.093783   0.172069 272.543533   0.155018
  2191   0.000000 227.322441 -69.411603 -23.621942  -2.645143  -2.645143  -0.000000  -0.000000 -38.223330 270.504364 275.964878   0.093792   0.172069 272.536194   0.155018
  2192   0.000000 227.282715 -69.420369 -23.609275  -2.652804  -2.652804  -0.000000  -0.000000 -38.223597 270.497663 275.958216   0.093800   0.172069 272.528859   0.155019
  2193   0.000000 227.243015 -69.429124 -23.596641  -2.660446  -2.660446  -0.000000  -0.000000 -38.223874 270.490964 275.951559   0.093808   0.172069 272.521528   0.155020
  2194   0.000000 227.203339 -69.437868 -23.584040  -2.668067  -2.668067  -0.000000  -0.000000 -38.224161 270.484268 275.944905   0.093816   0.172069 272.514200   0.155021
  2195   0.000000 227.163689 -69.446601 -23.571471  -2.675668  -2.675668  -0.000000  -0.000000 -38.224458 270.477574 275.938255   0.093824   0.172069 272.506876   0.155022
  2196   0.000000 227.124064 -69.455323 -23.558933  -2.683249  -2.683249  -0.000000  -0.000000 -38.224764 270.470883 275.931609   0.093832   0.172069 272.499555   0.155023
  2197   0.000000 227.084465 -69.464034 -23.546427  -2.690810  -2.690810  -0.000000  -0.000000 -38.225080 270.464194 275.924966   0.093841   0.172069 272.492238   0.155024
  2198   0.000000 227.044890 -69.472734 -23.533953  -2.698351  -2.698351  -0.000000  -0.000000 -38.225406 270.457507 275.918327   0.093849   0.172069 272.484924   0.155025
  2199   0.000000 227.005340 -69.481423 -23.521509  -2.705872  -2.705872  -0.000000  -0.000000 -38.225742 270.450823 275.911693   0.093857   0.172069 272.477614   0.155025
  2200   0.000000 226.965816 -69.490100 -23.509097  -2.713374  -2.713374  -0.000000  -0.000000 -38.226088 270.444141 275.905062   0.093865   0.172069 272.470308   0.155026
  2201   0.000000 226.926317 -69.498767 -23.496714  -2.720855  -2.720855  -0.000000  -0.000000 -38.226444 270.437461 275.898434   0.093874   0.172069 272.463005   0.155027
  2202   0.000000 226.886842 -69.507422 -23.484363  -2.728317  -2.728317  -0.000000  -0.000000 -38.226810 270.430784 275.891811   0.093882   0.172069 272.455705   0.155028
  2203   0.000000 226.847393 -69.516066 -23.472041  -2.735760  -2.735760  -0.000000  -0.000000 -38.227186 270.424109 275.885191   0.093890   0.172069 272.448409   0.155029
  2204   0.000000 226.807969 -69.524698 -23.459749  -2.743183  -2.743183  -0.000000  -0.000000 -38.227573 270.417436 275.878575   0.093898   0.172070 272.441116   0.155030
  2205   0.000000 226.768570 -69.533319 -23.447487  -2.750587  -2.750587  -0.000000  -0.000000 -38.227969 270.410766 275.871963   0.093907   0.172070 272.433827   0.155031
  2206   0.000000 226.729196 -69.541929 -23.435254  -2.757971  -2.757971  -0.000000  -0.000000 -38.228376 270.404098 275.865354   0.093915   0.172070 272.426541   0.155032
  2207   0.000000 226.689847 -69.550527 -23.423051  -2.765337  -2.765337  -0.000000  -0.000000 -38.228792 270.397432 275.858749   0.093923   0.172070 272.419258   0.155033
  2208   0.000000 226.650522 -69.559114 -23.410877  -2.772683  -2.772683  -0.000000  -0.000000 -38.229219 270.390769 275.852148   0.093932   0.172070 272.411979   0.155033
  2209   0.000000 226.611223 -69.567689 -23.398732  -2.780010  -2.780010  -0.000000  -0.000000 -38.229656 270.384107 275.845551   0.093940   0.172070 272.404703   0.155034
  2210   0.000000 226.571949 -69.576253 -23.386615  -2.787317  -2.787317  -0.000000  -0.000000 -38.230104 270.377448 275.838957   0.093948   0.172070 272.397431   0.155035
  2211   0.000000 226.532700 -69.584805 -23.374528  -2.794606  -2.794606  -0.000000  -0.000000 -38.230561 270.370791 275.832367   0.093957   0.172070 272.390162   0.155036
  2212   0.000000 226.493476 -69.593346 -23.362468  -2.801876  -2.801876  -0.000000  -0.000000 -38.231029 270.364137 275.825780   0.093965   0.172070 272.382896   0.155037
  2213   0.000000 226.454276 -69.601875 -23.350437  -2.809127  -2.809127  -0.000000  -0.000000 -38.231506 270.357484 275.819198   0.093973   0.172070 272.375634   0.155038
  2214   0.000000 226.415102 -69.610393 -23.338434  -2.816360  -2.816360  -0.000000  -0.000000 -38.231994 270.350834 275.812619   0.093982   0.172070 272.368375   0.155039
  2215   0.000000 226.375952 -69.618898 -23.326459  -2.823573  -2.823573  -0.000000  -0.000000 -38.232492 270.344186 275.806043   0.093990   0.172070 272.361119   0.155040
  2216   0.000000 226.336828 -69.627393 -23.314512  -2.830768  -2.830768  -0.000000  -0.000000 -38.233001 270.337540 275.799472   0.093998   0.172070 272.353867   0.155041
  2217   0.000000 226.297728 -69.635875 -23.302593  -2.837945  -2.837945  -0.000000  -0.000000 -38.233519 270.330897 275.792904   0.094007   0.172070 272.346618   0.155042
  2218   0.000000 226.258653 -69.644346 -23.290701  -2.845102  -2.845102  -0.000000  -0.000000 -38.234048 270.324255 275.786339   0.094015   0.172070 272.339372   0.155043
  2219   0.000000 226.219602 -69.652805 -23.278837  -2.852242  -2.852242  -0.000000  -0.000000 -38.234586 270.317616 275.779778   0.094024   0.172070 272.332130   0.155043
  2220   0.000000 226.180577 -69.661253 -23.267000  -2.859362  -2.859362  -0.000000  -0.000000 -38.235135 270.310979 275.773221   0.094032   0.172070 272.324890   0.155044
  2221   0.000000 226.141576 -69.669689 -23.255190  -2.866465  -2.866465  -0.000000  -0.000000 -38.235694 270.304344 275.766668   0.094041   0.172070 272.317654   0.155045
  2222   0.000000 226.102601 -69.678113 -23.243407  -2.873549  -2.873549  -0.000000  -0.000000 -38.236263 270.297712 275.760118   0.094049   0.172070 272.310422   0.155046
  2223   0.000000 226.063649 -69.686525 -23.231651  -2.880615  -2.880615  -0.000000  -0.000000 -38.236842 270.291081 275.753571   0.094058   0.172070 272.303192   0.155047
  2224   0.000000 226.024723 -69.694926 -23.219922  -2.887663  -2.887663  -0.000000  -0.000000 -38.237431 270.284453 275.747028   0.094066   0.172070 272.295966   0.155048
  2225   0.000000 225.985821 -69.703315 -23.208219  -2.894692  -2.894692  -0.000000  -0.000000 -38.238030 270.277826 275.740489   0.094074   0.172070 272.288743   0.155049
  2226   0.000000 225.946944 -69.711692 -23.196543  -2.901704  -2.901704  -0.000000  -0.000000 -38.238639 270.271202 275.733953   0.094083   0.172070 272.281523   0.155050
  2227   0.000000 225.908092 -69.720058 -23.184893  -2.908697  -2.908697  -0.000000  -0.000000 -38.239258 270.264580 275.727421   0.094091   0.172070 272.274306   0.155051
  2228   0.000000 225.869264 -69.728412 -23.173270  -2.915672  -2.915672  -0.000000  -0.000000 -38.239887 270.257960 275.720893   0.094100   0.172070 272.267093   0.155052
  2229   0.000000 225.830461 -69.736754 -23.161673  -2.922630  -2.922630  -0.000000  -0.000000 -38.240526 270.251343 275.714368   0.094108   0.172070 272.259883   0.155053
  2230   0.000000 225.791683 -69.745084 -23.150102  -2.929570  -2.929570  -0.000000  -0.000000 -38.241174 270.244727 275.707846   0.094117   0.172070 272.252676   0.155054
  2231   0.000000 225.752929 -69.753403 -23.138557  -2.936491  -2.936491  -0.000000  -0.000000 -38.241833 270.238114 275.701328   0.094126   0.172070 272.245472   0.155055
  2232   0.000000 225.714200 -69.761709 -23.127037  -2.943395  -2.943395  -0.000000  -0.000000 -38.242501 270.231502 275.694814   0.094134   0.172070 272.238271   0.155056
  2233   0.000000 225.675495 -69.770005 -23.115544  -2.950282  -2.950282  -0.000000  -0.000000 -38.243180 270.224893 275.688303   0.094143   0.172071 272.231074   0.155057
  2234   0.000000 225.636815 -69.778288 -23.104076  -2.957150  -2.957150  -0.000000  -0.000000 -38.243868 270.218286 275.681795   0.094151   0.172071 272.223880   0.155058
  2235   0.000000 225.598159 -69.786560 -23.092634  -2.964001  -2.964001  -0.000000  -0.000000 -38.244566 270.211681 275.675291   0.094160   0.172071 272.216688   0.155059
  2236   0.000000 225.559528 -69.794820 -23.081217  -2.970835  -2.970835  -0.000000  -0.000000 -38.245273 270.205078 275.668791   0.094168   0.172071 272.209501   0.155060
  2237   0.000000 225.520921 -69.803068 -23.069825  -2.977651  -2.977651  -0.000000  -0.000000 -38.245990 270.198477 275.662294   0.094177   0.172071 272.202316   0.155061
  2238   0.000000 225.482338 -69.811305 -23.058459  -2.984449  -2.984449  -0.000000  -0.000000 -38.246717 270.191879 275.655801   0.094185   0.172071 272.195134   0.155061
  2239   0.000000 225.443780 -69.819530 -23.047118  -2.991231  -2.991231  -0.000000  -0.000000 -38.247454 270.185282 275.649311   0.094194   0.172071 272.187955   0.155062
  2240   0.000000 225.405247 -69.827743 -23.035802  -2.997994  -2.997994  -0.000000  -0.000000 -38.248200 270.178687 275.642824   0.094203   0.172071 272.180780   0.155063
  2241   0.000000 225.366737 -69.835944 -23.024511  -3.004741  -3.004741  -0.000000  -0.000000 -38.248956 270.172095 275.636341   0.094211   0.172071 272.173608   0.155064
  2242   0.000000 225.328252 -69.844134 -23.013245  -3.011470  -3.011470  -0.000000  -0.000000 -38.249721 270.165505 275.629861   0.094220   0.172071 272.166439   0.155065
  2243   0.000000 225.289791 -69.852312 -23.002003  -3.018182  -3.018182  -0.000000  -0.000000 -38.250496 270.158916 275.623385   0.094229   0.172071 272.159273   0.155066
  2244   0.000000 225.251355 -69.860479 -22.990786  -3.024877  -3.024877  -0.000000  -0.000000 -38.251280 270.152330 275.616912   0.094237   0.172071 272.152110   0.155067
  2245   0.000000 225.212943 -69.868634 -22.979594  -3.031555  -3.031555  -0.000000  -0.000000 -38.252074 270.145746 275.610443   0.094246   0.172071 272.144950   0.155068
  2246   0.000000 225.174554 -69.876777 -22.968427  -3.038215  -3.038215  -0.000000  -0.000000 -38.252877 270.139164 275.603977   0.094255   0.172071 272.137793   0.155069
  2247   0.000000 225.136190 -69.884909 -22.957283  -3.044859  -3.044859  -0.000000  -0.000000 -38.253690 270.132584 275.597514   0.094263   0.172071 272.130639   0.155070
  2248   0.000000 225.097851 -69.893029 -22.946165  -3.051486  -3.051486  -0.000000  -0.000000 -38.254512 270.126006 275.591055   0.094272   0.172071 272.123489   0.155071
  2249   0.000000 225.059535 -69.901137 -22.935070  -3.058096  -3.058096  -0.000000  -0.000000 -38.255343 270.119430 275.584599   0.094281   0.172071 272.116341   0.155072
  2250   0.000000 225.021243 -69.909234 -22.923999  -3.064689  -3.064689  -0.000000  -0.000000 -38.256184 270.112856 275.578147   0.094289   0.172071 272.109197   0.155073
  2251   0.000000 224.982976 -69.917319 -22.912953  -3.071265  -3.071265  -0.000000  -0.000000 -38.257034 270.106284 275.571698   0.094298   0.172071 272.102055   0.155074
  2252   0.000000 224.944732 -69.925393 -22.901931  -3.077824  -3.077824  -0.000000  -0.000000 -38.257893 270.099715 275.565252   0.094307   0.172071 272.094917   0.155075
  2253   0.000000 224.906512 -69.933455 -22.890932  -3.084367  -3.084367  -0.000000  -0.000000 -38.258761 270.093147 275.558809   0.094315   0.172071 272.087782   0.155076
  2254   0.000000 224.868317 -69.941506 -22.879958  -3.090893  -3.090893  -0.000000  -0.000000 -38.259639 270.086581 275.552370   0.094324   0.172071 272.080650   0.155077
  2255   0.000000 224.830145 -69.949545 -22.869007  -3.097402  -3.097402  -0.000000  -0.000000 -38.260526 270.080017 275.545935   0.094333   0.172071 272.073521   0.155078
  2256   0.000000 224.791997 -69.957572 -22.858079  -3.103895  -3.103895  -0.000000  -0.000000 -38.261421 270.073456 275.539503   0.094342   0.172071 272.066394   0.155079
  2257   0.000000 224.753873 -69.965588 -22.847176  -3.110371  -3.110371  -0.000000  -0.000000 -38.262326 270.066896 275.533074   0.094351   0.172071 272.059271   0.155080
  2258   0.000000 224.715773 -69.973593 -22.836296  -3.116831  -3.116831  -0.000000  -0.000000 -38.263240 270.060339 275.526648   0.094359   0.172071 272.052151   0.155081
  2259   0.000000 224.677697 -69.981586 -22.825439  -3.123275  -3.123275  -0.000000  -0.000000 -38.264164 270.053783 275.520226   0.094368   0.172071 272.045034   0.155082
  2260   0.000000 224.639644 -69.989568 -22.814606  -3.129702  -3.129702  -0.000000  -0.000000 -38.265096 270.047230 275.513806   0.094377   0.172071 272.037920   0.155083
  2261   0.000000 224.601615 -69.997538 -22.803796  -3.136112  -3.136112  -0.000000  -0.000000 -38.266037 270.040678 275.507391   0.094386   0.172072 272.030809   0.155084
  2262   0.000000 224.563610 -70.005497 -22.793009  -3.142506  -3.142506  -0.000000  -0.000000 -38.266987 270.034129 275.500978   0.094394   0.172072 272.023701   0.155085
  2263   0.000000 224.525628 -70.013445 -22.782245  -3.148885  -3.148885  -0.000000  -0.000000 -38.267945 270.027582 275.494569   0.094403   0.172072 272.016596   0.155086
  2264   0.000000 224.487671 -70.021381 -22.771505  -3.155246  -3.155246  -0.000000  -0.000000 -38.268913 270.021036 275.488163   0.094412   0.172072 272.009494   0.155087
  2265   0.000000 224.449736 -70.029306 -22.760787  -3.161592  -3.161592  -0.000000  -0.000000 -38.269890 270.014493 275.481761   0.094421   0.172072 272.002395   0.155088
  2266   0.000000 224.411826 -70.037219 -22.750092  -3.167922  -3.167922  -0.000000  -0.000000 -38.270875 270.007951 275.475361   0.094430   0.172072 271.995299   0.155089
  2267   0.000000 224.373938 -70.045121 -22.739420  -3.174235  -3.174235  -0.000000  -0.000000 -38.271869 270.001412 275.468965   0.094439   0.172072 271.988206   0.155090
  2268   0.000000 224.336075 -70.053012 -22.728771  -3.180533  -3.180533  -0.000000  -0.000000 -38.272872 269.994875 275.462572   0.094448   0.172072 271.981116   0.155091
  2269   0.000000 224.298234 -70.060892 -22.718145  -3.186814  -3.186814  -0.000000  -0.000000 -38.273884 269.988339 275.456183   0.094456   0.172072 271.974029   0.155093
  2270   0.000000 224.260417 -70.068760 -22.707541  -3.193080  -3.193080  -0.000000  -0.000000 -38.274904 269.981806 275.449796   0.094465   0.172072 271.966945   0.155094
  2271   0.000000 224.222624 -70.076617 -22.696959  -3.199330  -3.199330  -0.000000  -0.000000 -38.275933 269.975274 275.443413   0.094474   0.172072 271.959864   0.155095
  2272   0.000000 224.184854 -70.084463 -22.686401  -3.205563  -3.205563  -0.000000  -0.000000 -38.276970 269.968745 275.437033   0.094483   0.172072 271.952786   0.155096
  2273   0.000000 224.147107 -70.092298 -22.675864  -3.211781  -3.211781  -0.000000  -0.000000 -38.278016 269.962218 275.430656   0.094492   0.172072 271.945711   0.155097
  2274   0.000000 224.109384 -70.100121 -22.665350  -3.217984  -3.217984  -0.000000  -0.000000 -38.279071 269.955692 275.424283   0.094501   0.172072 271.938639   0.155098
  2275   0.000000 224.071683 -70.107934 -22.654858  -3.224170  -3.224170  -0.000000  -0.000000 -38.280134 269.949169 275.417913   0.094510   0.172072 271.931569   0.155099
  2276   0.000000 224.034006 -70.115735 -22.644389  -3.230341  -3.230341  -0.000000  -0.000000 -38.281206 269.942648 275.411545   0.094519   0.172072 271.924503   0.155100
  2277   0.000000 223.996352 -70.123525 -22.633941  -3.236496  -3.236496  -0.000000  -0.000000 -38.282286 269.936128 275.405182   0.094528   0.172072 271.917440   0.155101
  2278   0.000000 223.958722 -70.131304 -22.623516  -3.242636  -3.242636  -0.000000  -0.000000 -38.283374 269.929611 275.398821   0.094537   0.172072 271.910379   0.155102
  2279   0.000000 223.921114 -70.139072 -22.613113  -3.248760  -3.248760  -0.000000  -0.000000 -38.284471 269.923095 275.392463   0.094546   0.172072 271.903322   0.155103
  2280   0.000000 223.883529 -70.146829 -22.602731  -3.254869  -3.254869  -0.000000  -0.000000 -38.285576 269.916582 275.386109   0.094555   0.172072 271.896267   0.155104
  2281   0.000000 223.845968 -70.154575 -22.592372  -3.260962  -3.260962  -0.000000  -0.000000 -38.286690 269.910070 275.379757   0.094563   0.172072 271.889215   0.155105
  2282   0.000000 223.808429 -70.162310 -22.582034  -3.267039  -3.267039  -0.000000  -0.000000 -38.287812 269.903561 275.373409   0.094572   0.172072 271.882166   0.155106
  2283   0.000000 223.770913 -70.170034 -22.571718  -3.273102  -3.273102  -0.000000  -0.000000 -38.288942 269.897053 275.367064   0.094581   0.172072 271.875120   0.155107
  2284   0.000000 223.733421 -70.177747 -22.561424  -3.279149  -3.279149  -0.000000  -0.000000 -38.290080 269.890547 275.360723   0.094590   0.172072 271.868077   0.155108
  2285   0.000000 223.695951 -70.185449 -22.551151  -3.285180  -3.285180  -0.000000  -0.000000 -38.291227 269.884044 275.354384   0.094599   0.172072 271.861037   0.155109
  2286   0.000000 223.658504 -70.193141 -22.540900  -3.291197  -3.291197  -0.000000  -0.000000 -38.292382 269.877542 275.348048   0.094608   0.172072 271.854000   0.155110
  2287   0.000000 223.621080 -70.200821 -22.530670  -3.297198  -3.297198  -0.000000  -0.000000 -38.293545 269.871042 275.341716   0.094618   0.172073 271.846966   0.155111
  2288   0.000000 223.583678 -70.208490 -22.520462  -3.303184  -3.303184  -0.000000  -0.000000 -38.294716 269.864544 275.335387   0.094627   0.172073 271.839934   0.155113
  2289   0.000000 223.546300 -70.216149 -22.510275  -3.309155  -3.309155  -0.000000  -0.000000 -38.295895 269.858049 275.329060   0.094636   0.172073 271.832906   0.155114
  2290   0.000000 223.508944 -70.223797 -22.500109  -3.315111  -3.315111  -0.000000  -0.000000 -38.297082 269.851555 275.322737   0.094645   0.172073 271.825880   0.155115
  2291   0.000000 223.471610 -70.231434 -22.489965  -3.321052  -3.321052  -0.000000  -0.000000 -38.298277 269.845063 275.316417   0.094654   0.172073 271.818857   0.155116
  2292   0.000000 223.434299 -70.239060 -22.479842  -3.326977  -3.326977  -0.000000  -0.000000 -38.299480 269.838573 275.310100   0.094663   0.172073 271.811837   0.155117
  2293   0.000000 223.397011 -70.246676 -22.469740  -3.332888  -3.332888  -0.000000  -0.000000 -38.300691 269.832085 275.303786   0.094672   0.172073 271.804820   0.155118
  2294   0.000000 223.359746 -70.254280 -22.459659  -3.338784  -3.338784  -0.000000  -0.000000 -38.301910 269.825599 275.297475   0.094681   0.172073 271.797806   0.155119
  2295   0.000000 223.322503 -70.261875 -22.449599  -3.344665  -3.344665  -0.000000  -0.000000 -38.303137 269.819115 275.291168   0.094690   0.172073 271.790795   0.155120
  2296   0.000000 223.285282 -70.269458 -22.439560  -3.350531  -3.350531  -0.000000  -0.000000 -38.304371 269.812632 275.284863   0.094699   0.172073 271.783786   0.155121
  2297   0.000000 223.248084 -70.277031 -22.429542  -3.356383  -3.356383  -0.000000  -0.000000 -38.305614 269.806152 275.278561   0.094708   0.172073 271.776781   0.155122
  2298   0.000000 223.210908 -70.284593 -22.419544  -3.362219  -3.362219  -0.000000  -0.000000 -38.306864 269.799674 275.272263   0.094717   0.172073 271.769778   0.155123
  2299   0.000000 223.173754 -70.292145 -22.409568  -3.368041  -3.368041  -0.000000  -0.000000 -38.308122 269.793198 275.265967   0.094726   0.172073 271.762778   0.155124
  2300   0.000000 223.136623 -70.299686 -22.399612  -3.373848  -3.373848  -0.000000  -0.000000 -38.309388 269.786723 275.259675   0.094736   0.172073 271.755781   0.155125
  2301   0.000000 223.099514 -70.307216 -22.389677  -3.379641  -3.379641  -0.000000  -0.000000 -38.310662 269.780251 275.253385   0.094745   0.172073 271.748786   0.155127
  2302   0.000000 223.062428 -70.314736 -22.379762  -3.385419  -3.385419  -0.000000  -0.000000 -38.311943 269.773780 275.247099   0.094754   0.172073 271.741795   0.155128
  2303   0.000000 223.025363 -70.322246 -22.369868  -3.391182  -3.391182  -0.000000  -0.000000 -38.313232 269.767311 275.240815   0.094763   0.172073 271.734806   0.155129
  2304   0.000000 222.988321 -70.329745 -22.359994  -3.396931  -3.396931  -0.000000  -0.000000 -38.314528 269.760845 275.234535   0.094772   0.172073 271.727820   0.155130
  2305   0.000000 222.951301 -70.337233 -22.350141  -3.402665  -3.402665  -0.000000  -0.000000 -38.315832 269.754380 275.228258   0.094781   0.172073 271.720837   0.155131
  2306   0.000000 222.914303 -70.344711 -22.340308  -3.408385  -3.408385  -0.000000  -0.000000 -38.317144 269.747917 275.221983   0.094791   0.172073 271.713857   0.155132
  2307   0.000000 222.877327 -70.352179 -22.330495  -3.414091  -3.414091  -0.000000  -0.000000 -38.318463 269.741456 275.215712   0.094800   0.172073 271.706880   0.155133
  2308   0.000000 222.840373 -70.359636 -22.320703  -3.419782  -3.419782  -0.000000  -0.000000 -38.319789 269.734997 275.209443   0.094809   0.172073 271.699905   0.155134
  2309   0.000000 222.803441 -70.367083 -22.310931  -3.425459  -3.425459  -0.000000  -0.000000 -38.321123 269.728540 275.203178   0.094818   0.172073 271.692933   0.155135
  2310   0.000000 222.766530 -70.374520 -22.301179  -3.431121  -3.431121  -0.000000  -0.000000 -38.322465 269.722085 275.196915   0.094827   0.172073 271.685964   0.155137
  2311   0.000000 222.729642 -70.381947 -22.291447  -3.436769  -3.436769  -0.000000  -0.000000 -38.323813 269.715631 275.190656   0.094837   0.172074 271.678998   0.155138
  2312   0.000000 222.692776 -70.389363 -22.281735  -3.442403  -3.442403  -0.000000  -0.000000 -38.325170 269.709180 275.184399   0.094846   0.172074 271.672034   0.155139
  2313   0.000000 222.655931 -70.396769 -22.272043  -3.448023  -3.448023  -0.000000  -0.000000 -38.326533 269.702731 275.178145   0.094855   0.172074 271.665074   0.155140
  2314   0.000000 222.619109 -70.404164 -22.262371  -3.453629  -3.453629  -0.000000  -0.000000 -38.327904 269.696283 275.171895   0.094864   0.172074 271.658116   0.155141
  2315   0.000000 222.582308 -70.411550 -22.252719  -3.459220  -3.459220  -0.000000  -0.000000 -38.329282 269.689837 275.165647   0.094874   0.172074 271.651160   0.155142
  2316   0.000000 222.545528 -70.418925 -22.243087  -3.464798  -3.464798  -0.000000  -0.000000 -38.330667 269.683394 275.159402   0.094883   0.172074 271.644208   0.155143
  2317   0.000000 222.508771 -70.426291 -22.233474  -3.470361  -3.470361  -0.000000  -0.000000 -38.332060 269.676952 275.153160   0.094892   0.172074 271.637258   0.155144
  2318   0.000000 222.472035 -70.433646 -22.223881  -3.475911  -3.475911  -0.000000  -0.000000 -38.333460 269.670512 275.146921   0.094901   0.172074 271.630312   0.155145
  2319   0.000000 222.435320 -70.440991 -22.214308  -3.481446  -3.481446  -0.000000  -0.000000 -38.334866 269.664074 275.140685   0.094911   0.172074 271.623367   0.155147
  2320   0.000000 222.398628 -70.448326 -22.204754  -3.486968  -3.486968  -0.000000  -0.000000 -38.336280 269.657638 275.134452   0.094920   0.172074 271.616426   0.155148
  2321   0.000000 222.361956 -70.455651 -22.195220  -3.492476  -3.492476  -0.000000  -0.000000 -38.337702 269.651204 275.128222   0.094929   0.172074 271.609488   0.155149
  2322   0.000000 222.325306 -70.462966 -22.185706  -3.497970  -3.497970  -0.000000  -0.000000 -38.339130 269.644771 275.121995   0.094939   0.172074 271.602552   0.155150
  2323   0.000000 222.288678 -70.470271 -22.176211  -3.503450  -3.503450  -0.000000  -0.000000 -38.340565 269.638341 275.115770   0.094948   0.172074 271.595619   0.155151
  2324   0.000000 222.252071 -70.477566 -22.166735  -3.508916  -3.508916  -0.000000  -0.000000 -38.342007 269.631912 275.109549   0.094957   0.172074 271.588688   0.155152
  2325   0.000000 222.215485 -70.484851 -22.157278  -3.514369  -3.514369  -0.000000  -0.000000 -38.343456 269.625486 275.103330   0.094967   0.172074 271.581761   0.155153
  2326   0.000000 222.178921 -70.492126 -22.147841  -3.519807  -3.519807  -0.000000  -0.000000 -38.344912 269.619061 275.097114   0.094976   0.172074 271.574836   0.155155
  2327   0.000000 222.142378 -70.499391 -22.138424  -3.525233  -3.525233  -0.000000  -0.000000 -38.346375 269.612638 275.090902   0.094985   0.172074 271.567913   0.155156
  2328   0.000000 222.105856 -70.506647 -22.129025  -3.530644  -3.530644  -0.000000  -0.000000 -38.347845 269.606217 275.084692   0.094995   0.172074 271.560994   0.155157
  2329   0.000000 222.069356 -70.513893 -22.119645  -3.536042  -3.536042  -0.000000  -0.000000 -38.349322 269.599798 275.078484   0.095004   0.172074 271.554077   0.155158
  2330   0.000000 222.032877 -70.521128 -22.110285  -3.541426  -3.541426  -0.000000  -0.000000 -38.350805 269.593381 275.072280   0.095013   0.172074 271.547163   0.155159
  2331   0.000000 221.996419 -70.528355 -22.100944  -3.546797  -3.546797  -0.000000  -0.000000 -38.352296 269.586965 275.066079   0.095023   0.172074 271.540252   0.155160
  2332   0.000000 221.959981 -70.535571 -22.091621  -3.552155  -3.552155  -0.000000  -0.000000 -38.353793 269.580552 275.059880   0.095032   0.172074 271.533343   0.155161
  2333   0.000000 221.923565 -70.542778 -22.082318  -3.557499  -3.557499  -0.000000  -0.000000 -38.355297 269.574140 275.053684   0.095042   0.172074 271.526437   0.155163
  2334   0.000000 221.887171 -70.549975 -22.073034  -3.562829  -3.562829  -0.000000  -0.000000 -38.356807 269.567731 275.047491   0.095051   0.172074 271.519534   0.155164
  2335   0.000000 221.850797 -70.557162 -22.063768  -3.568146  -3.568146  -0.000000  -0.000000 -38.358324 269.561323 275.041301   0.095060   0.172075 271.512634   0.155165
  2336   0.000000 221.814444 -70.564340 -22.054521  -3.573450  -3.573450  -0.000000  -0.000000 -38.359848 269.554917 275.035114   0.095070   0.172075 271.505736   0.155166
  2337   0.000000 221.778112 -70.571508 -22.045293  -3.578740  -3.578740  -0.000000  -0.000000 -38.361379 269.548513 275.028929   0.095079   0.172075 271.498841   0.155167
  2338   0.000000 221.741800 -70.578666 -22.036084  -3.584018  -3.584018  -0.000000  -0.000000 -38.362916 269.542111 275.022748   0.095089   0.172075 271.491948   0.155168
  2339   0.000000 221.705510 -70.585815 -22.026893  -3.589282  -3.589282  -0.000000  -0.000000 -38.364459 269.535710 275.016569   0.095098   0.172075 271.485058   0.155169
  2340   0.000000 221.669241 -70.592955 -22.017721  -3.594532  -3.594532  -0.000000  -0.000000 -38.366010 269.529312 275.010393   0.095108   0.172075 271.478171   0.155171
  2341   0.000000 221.632992 -70.600084 -22.008568  -3.599770  -3.599770  -0.000000  -0.000000 -38.367566 269.522915 275.004220   0.095117   0.172075 271.471287   0.155172
  2342   0.000000 221.596764 -70.607205 -21.999433  -3.604994  -3.604994  -0.000000  -0.000000 -38.369129 269.516521 274.998049   0.095127   0.172075 271.464405   0.155173
  2343   0.000000 221.560557 -70.614316 -21.990316  -3.610206  -3.610206  -0.000000  -0.000000 -38.370699 269.510128 274.991881   0.095136   0.172075 271.457526   0.155174
  2344   0.000000 221.524370 -70.621417 -21.981218  -3.615404  -3.615404  -0.000000  -0.000000 -38.372275 269.503737 274.985716   0.095145   0.172075 271.450650   0.155175
  2345   0.000000 221.488204 -70.628510 -21.972138  -3.620589  -3.620589  -0.000000  -0.000000 -38.373857 269.497348 274.979554   0.095155   0.172075 271.443776   0.155176
  2346   0.000000 221.452059 -70.635592 -21.963077  -3.625761  -3.625761  -0.000000  -0.000000 -38.375445 269.490961 274.973395   0.095164   0.172075 271.436905   0.155178
  2347   0.000000 221.415934 -70.642666 -21.954034  -3.630920  -3.630920  -0.000000  -0.000000 -38.377040 269.484575 274.967238   0.095174   0.172075 271.430037   0.155179
  2348   0.000000 221.379830 -70.649730 -21.945009  -3.636067  -3.636067  -0.000000  -0.000000 -38.378642 269.478192 274.961085   0.095184   0.172075 271.423171   0.155180
  2349   0.000000 221.343746 -70.656785 -21.936003  -3.641200  -3.641200  -0.000000  -0.000000 -38.380249 269.471810 274.954933   0.095193   0.172075 271.416308   0.155181
  2350   0.000000 221.307683 -70.663830 -21.927015  -3.646320  -3.646320  -0.000000  -0.000000 -38.381863 269.465430 274.948785   0.095203   0.172075 271.409447   0.155182
  2351   0.000000 221.271640 -70.670867 -21.918044  -3.651428  -3.651428  -0.000000  -0.000000 -38.383483 269.459052 274.942639   0.095212   0.172075 271.402590   0.155184
  2352   0.000000 221.235617 -70.677894 -21.909092  -3.656523  -3.656523  -0.000000  -0.000000 -38.385109 269.452676 274.936497   0.095222   0.172075 271.395734   0.155185
  2353   0.000000 221.199615 -70.684912 -21.900158  -3.661605  -3.661605  -0.000000  -0.000000 -38.386741 269.446302 274.930356   0.095231   0.172075 271.388882   0.155186
  2354   0.000000 221.163633 -70.691921 -21.891242  -3.666674  -3.666674  -0.000000  -0.000000 -38.388379 269.439930 274.924219   0.095241   0.172075 271.382032   0.155187
  2355   0.000000 221.127672 -70.698920 -21.882344  -3.671731  -3.671731  -0.000000  -0.000000 -38.390024 269.433559 274.918084   0.095250   0.172075 271.375185   0.155188
  2356   0.000000 221.091731 -70.705911 -21.873463  -3.676775  -3.676775  -0.000000  -0.000000 -38.391674 269.427191 274.911952   0.095260   0.172075 271.368340   0.155189
  2357   0.000000 221.055809 -70.712892 -21.864601  -3.681806  -3.681806  -0.000000  -0.000000 -38.393330 269.420824 274.905823   0.095270   0.172075 271.361498   0.155191
  2358   0.000000 221.019909 -70.719865 -21.855756  -3.686825  -3.686825  -0.000000  -0.000000 -38.394993 269.414459 274.899696   0.095279   0.172076 271.354659   0.155192
  2359   0.000000 220.984028 -70.726828 -21.846929  -3.691831  -3.691831  -0.000000  -0.000000 -38.396661 269.408096 274.893573   0.095289   0.172076 271.347822   0.155193
  2360   0.000000 220.948167 -70.733782 -21.838120  -3.696824  -3.696824  -0.000000  -0.000000 -38.398336 269.401735 274.887451   0.095298   0.172076 271.340988   0.155194
  2361   0.000000 220.912327 -70.740728 -21.829329  -3.701805  -3.701805  -0.000000  -0.000000 -38.400016 269.395375 274.881333   0.095308   0.172076 271.334157   0.155195
  2362   0.000000 220.876506 -70.747664 -21.820555  -3.706774  -3.706774  -0.000000  -0.000000 -38.401702 269.389018 274.875217   0.095318   0.172076 271.327328   0.155197
  2363   0.000000 220.840706 -70.754592 -21.811799  -3.711730  -3.711730  -0.000000  -0.000000 -38.403394 269.382662 274.869104   0.095327   0.172076 271.320501   0.155198
  2364   0.000000 220.804925 -70.761510 -21.803060  -3.716674  -3.716674  -0.000000  -0.000000 -38.405092 269.376309 274.862994   0.095337   0.172076 271.313678   0.155199
  2365   0.000000 220.769164 -70.768420 -21.794339  -3.721605  -3.721605  -0.000000  -0.000000 -38.406795 269.369957 274.856886   0.095347   0.172076 271.306857   0.155200
  2366   0.000000 220.733424 -70.775321 -21.785635  -3.726524  -3.726524  -0.000000  -0.000000 -38.408504 269.363606 274.850781   0.095356   0.172076 271.300038   0.155201
  2367   0.000000 220.697703 -70.782213 -21.776949  -3.731430  -3.731430  -0.000000  -0.000000 -38.410219 269.357258 274.844678   0.095366   0.172076 271.293222   0.155203
  2368   0.000000 220.662002 -70.789096 -21.768281  -3.736325  -3.736325  -0.000000  -0.000000 -38.411940 269.350912 274.838578   0.095376   0.172076 271.286409   0.155204
  2369   0.000000 220.626321 -70.795971 -21.759629  -3.741207  -3.741207  -0.000000  -0.000000 -38.413667 269.344567 274.832481   0.095385   0.172076 271.279599   0.155205
  2370   0.000000 220.590659 -70.802837 -21.750995  -3.746077  -3.746077  -0.000000  -0.000000 -38.415399 269.338224 274.826387   0.095395   0.172076 271.272790   0.155206
  2371   0.000000 220.555018 -70.809694 -21.742378  -3.750934  -3.750934  -0.000000  -0.000000 -38.417136 269.331884 274.820295   0.095405   0.172076 271.265985   0.155208
  2372   0.000000 220.519396 -70.816542 -21.733779  -3.755780  -3.755780  -0.000000  -0.000000 -38.418879 269.325545 274.814206   0.095414   0.172076 271.259182   0.155209
  2373   0.000000 220.483794 -70.823382 -21.725196  -3.760613  -3.760613  -0.000000  -0.000000 -38.420628 269.319207 274.808119   0.095424   0.172076 271.252382   0.155210
  2374   0.000000 220.448211 -70.830213 -21.716631  -3.765434  -3.765434  -0.000000  -0.000000 -38.422382 269.312872 274.802035   0.095434   0.172076 271.245584   0.155211
  2375   0.000000 220.412648 -70.837035 -21.708083  -3.770243  -3.770243  -0.000000  -0.000000 -38.424142 269.306538 274.795954   0.095443   0.172076 271.238789   0.155212
  2376   0.000000 220.377104 -70.843849 -21.699552  -3.775040  -3.775040  -0.000000  -0.000000 -38.425907 269.300207 274.789875   0.095453   0.172076 271.231996   0.155214
  2377   0.000000 220.341581 -70.850655 -21.691038  -3.779825  -3.779825  -0.000000  -0.000000 -38.427678 269.293877 274.783799   0.095463   0.172076 271.225206   0.155215
  2378   0.000000 220.306076 -70.857451 -21.682541  -3.784598  -3.784598  -0.000000  -0.000000 -38.429454 269.287549 274.777725   0.095473   0.172076 271.218419   0.155216
  2379   0.000000 220.270591 -70.864240 -21.674062  -3.789359  -3.789359  -0.000000  -0.000000 -38.431235 269.281223 274.771655   0.095482   0.172076 271.211634   0.155217
  2380   0.000000 220.235126 -70.871019 -21.665599  -3.794108  -3.794108  -0.000000  -0.000000 -38.433022 269.274899 274.765586   0.095492   0.172077 271.204852   0.155219
  2381   0.000000 220.199680 -70.877791 -21.657152  -3.798846  -3.798846  -0.000000  -0.000000 -38.434814 269.268576 274.759521   0.095502   0.172077 271.198072   0.155220
  2382   0.000000 220.164253 -70.884554 -21.648723  -3.803571  -3.803571  -0.000000  -0.000000 -38.436611 269.262255 274.753457   0.095512   0.172077 271.191295   0.155221
  2383   0.000000 220.128846 -70.891308 -21.640311  -3.808285  -3.808285  -0.000000  -0.000000 -38.438414 269.255937 274.747397   0.095522   0.172077 271.184520   0.155222
  2384   0.000000 220.093458 -70.898054 -21.631915  -3.812986  -3.812986  -0.000000  -0.000000 -38.440222 269.249620 274.741339   0.095531   0.172077 271.177748   0.155223
  2385   0.000000 220.058089 -70.904792 -21.623536  -3.817676  -3.817676  -0.000000  -0.000000 -38.442035 269.243305 274.735284   0.095541   0.172077 271.170979   0.155225
  2386   0.000000 220.022740 -70.911521 -21.615174  -3.822354  -3.822354  -0.000000  -0.000000 -38.443853 269.236991 274.729231   0.095551   0.172077 271.164212   0.155226
  2387   0.000000 219.987409 -70.918242 -21.606829  -3.827021  -3.827021  -0.000000  -0.000000 -38.445676 269.230680 274.723181   0.095561   0.172077 271.157448   0.155227
  2388   0.000000 219.952098 -70.924955 -21.598500  -3.831676  -3.831676  -0.000000  -0.000000 -38.447505 269.224370 274.717133   0.095571   0.172077 271.150686   0.155228
  2389   0.000000 219.916807 -70.931660 -21.590187  -3.836319  -3.836319  -0.000000  -0.000000 -38.449338 269.218062 274.711088   0.095580   0.172077 271.143926   0.155230
  2390   0.000000 219.881534 -70.938356 -21.581892  -3.840950  -3.840950  -0.000000  -0.000000 -38.451177 269.211757 274.705045   0.095590   0.172077 271.137170   0.155231
  2391   0.000000 219.846280 -70.945044 -21.573612  -3.845570  -3.845570  -0.000000  -0.000000 -38.453020 269.205452 274.699005   0.095600   0.172077 271.130416   0.155232
  2392   0.000000 219.811046 -70.951724 -21.565350  -3.850178  -3.850178  -0.000000  -0.000000 -38.454869 269.199150 274.692968   0.095610   0.172077 271.123664   0.155233
  2393   0.000000 219.775830 -70.958396 -21.557103  -3.854775  -3.854775  -0.000000  -0.000000 -38.456723 269.192850 274.686933   0.095620   0.172077 271.116915   0.155235
  2394   0.000000 219.740634 -70.965059 -21.548874  -3.859360  -3.859360  -0.000000  -0.000000 -38.458581 269.186551 274.680900   0.095630   0.172077 271.110168   0.155236
  2395   0.000000 219.705456 -70.971715 -21.540660  -3.863934  -3.863934  -0.000000  -0.000000 -38.460444 269.180254 274.674870   0.095640   0.172077 271.103424   0.155237
  2396   0.000000 219.670298 -70.978362 -21.532463  -3.868496  -3.868496  -0.000000   0.000000 -38.462313 269.173959 274.668843   0.095649   0.172077 271.096683   0.155238
  2397   0.000000 219.635158 -70.985002 -21.524282  -3.873047  -3.873047  -0.000000   0.000000 -38.464186 269.167666 274.662818   0.095659   0.172077 271.089944   0.155240
  2398   0.000000 219.600037 -70.991633 -21.516118  -3.877586  -3.877586  -0.000000   0.000000 -38.466064 269.161375 274.656796   0.095669   0.172077 271.083207   0.155241
  2399   0.000000 219.564936 -70.998256 -21.507969  -3.882114  -3.882114  -0.000000   0.000000 -38.467946 269.155086 274.650776   0.095679   0.172077 271.076473   0.155242
  2400   0.000000 219.529853 -71.004872 -21.499837  -3.886631  -3.886631  -0.000000   0.000000 -38.469834 269.148798 274.644759   0.095689   0.172077 271.069742   0.155243
  2401   0.000000 219.494788 -71.011479 -21.491722  -3.891136  -3.891136  -0.000000   0.000000 -38.471726 269.142512 274.638744   0.095699   0.172077 271.063013   0.155245
  2402   0.000000 219.459743 -71.018079 -21.483622  -3.895630  -3.895630  -0.000000   0.000000 -38.473623 269.136228 274.632732   0.095709   0.172078 271.056287   0.155246
  2403   0.000000 219.424716 -71.024670 -21.475538  -3.900113  -3.900113  -0.000000   0.000000 -38.475524 269.129946 274.626722   0.095719   0.172078 271.049563   0.155247
  2404   0.000000 219.389708 -71.031254 -21.467471  -3.904584  -3.904584  -0.000000   0.000000 -38.477430 269.123666 274.620715   0.095729   0.172078 271.042842   0.155248
  2405   0.000000 219.354719 -71.037830 -21.459419  -3.909044  -3.909044  -0.000000   0.000000 -38.479341 269.117388 274.614710   0.095739   0.172078 271.036123   0.155250
  2406   0.000000 219.319749 -71.044398 -21.451383  -3.913494  -3.913494  -0.000000   0.000000 -38.481257 269.111111 274.608708   0.095749   0.172078 271.029407   0.155251
  2407   0.000000 219.284797 -71.050958 -21.443364  -3.917931  -3.917931  -0.000000   0.000000 -38.483176 269.104836 274.602708   0.095759   0.172078 271.022693   0.155252
  2408   0.000000 219.249863 -71.057510 -21.435360  -3.922358  -3.922358  -0.000000   0.000000 -38.485101 269.098563 274.596710   0.095769   0.172078 271.015982   0.155253
  2409   0.000000 219.214949 -71.064055 -21.427373  -3.926774  -3.926774  -0.000000   0.000000 -38.487030 269.092292 274.590716   0.095779   0.172078 271.009273   0.155255
  2410   0.000000 219.180052 -71.070591 -21.419401  -3.931179  -3.931179  -0.000000   0.000000 -38.488963 269.086023 274.584723   0.095788   0.172078 271.002567   0.155256
  2411   0.000000 219.145175 -71.077120 -21.411445  -3.935572  -3.935572  -0.000000   0.000000 -38.490901 269.079756 274.578733   0.095798   0.172078 270.995863   0.155257
  2412   0.000000 219.110315 -71.083642 -21.403504  -3.939955  -3.939955  -0.000000   0.000000 -38.492843 269.073490 274.572746   0.095808   0.172078 270.989162   0.155259
  2413   0.000000 219.075475 -71.090156 -21.395580  -3.944326  -3.944326  -0.000000   0.000000 -38.494790 269.067226 274.566761   0.095818   0.172078 270.982463   0.155260
  2414   0.000000 219.040652 -71.096662 -21.387671  -3.948687  -3.948687  -0.000000   0.000000 -38.496741 269.060964 274.560778   0.095828   0.172078 270.975767   0.155261
  2415   0.000000 219.005849 -71.103160 -21.379778  -3.953036  -3.953036  -0.000000   0.000000 -38.498696 269.054704 274.554798   0.095839   0.172078 270.969073   0.155262
  2416   0.000000 218.971063 -71.109651 -21.371901  -3.957375  -3.957375  -0.000000   0.000000 -38.500656 269.048446 274.548820   0.095849   0.172078 270.962382   0.155264
  2417   0.000000 218.936296 -71.116134 -21.364039  -3.961703  -3.961703  -0.000000   0.000000 -38.502619 269.042190 274.542845   0.095859   0.172078 270.955693   0.155265
  2418   0.000000 218.901547 -71.122610 -21.356193  -3.966020  -3.966020  -0.000000   0.000000 -38.504587 269.035935 274.536872   0.095869   0.172078 270.949007   0.155266
  2419   0.000000 218.866817 -71.129078 -21.348363  -3.970326  -3.970326  -0.000000   0.000000 -38.506560 269.029682 274.530902   0.095879   0.172078 270.942323   0.155267
  2420   0.000000 218.832105 -71.135539 -21.340548  -3.974621  -3.974621  -0.000000   0.000000 -38.508536 269.023431 274.524934   0.095889   0.172078 270.935642   0.155269
  2421   0.000000 218.797411 -71.141992 -21.332748  -3.978905  -3.978905  -0.000000   0.000000 -38.510517 269.017182 274.518968   0.095899   0.172078 270.928963   0.155270
  2422   0.000000 218.762735 -71.148438 -21.324965  -3.983179  -3.983179  -0.000000   0.000000 -38.512501 269.010935 274.513005   0.095909   0.172078 270.922287   0.155271
  2423   0.000000 218.728077 -71.154876 -21.317196  -3.987442  -3.987442  -0.000000   0.000000 -38.514490 269.004690 274.507044   0.095919   0.172079 270.915613   0.155273
  2424   0.000000 218.693438 -71.161307 -21.309443  -3.991694  -3.991694  -0.000000   0.000000 -38.516483 268.998446 274.501086   0.095929   0.172079 270.908942   0.155274
  2425   0.000000 218.658817 -71.167731 -21.301705  -3.995936  -3.995936  -0.000000   0.000000 -38.518480 268.992204 274.495130   0.095939   0.172079 270.902273   0.155275
  2426   0.000000 218.624214 -71.174147 -21.293983  -4.000167  -4.000167  -0.000000   0.000000 -38.520480 268.985965 274.489177   0.095949   0.172079 270.895607   0.155277
  2427   0.000000 218.589629 -71.180556 -21.286276  -4.004387  -4.004387  -0.000000   0.000000 -38.522485 268.979727 274.483226   0.095959   0.172079 270.888943   0.155278
  2428   0.000000 218.555062 -71.186957 -21.278585  -4.008597  -4.008597  -0.000000   0.000000 -38.524494 268.973490 274.477277   0.095969   0.172079 270.882282   0.155279
  2429   0.000000 218.520513 -71.193352 -21.270908  -4.012796  -4.012796  -0.000000   0.000000 -38.526506 268.967256 274.471331   0.095980   0.172079 270.875623   0.155280
  2430   0.000000 218.485982 -71.199738 -21.263247  -4.016984  -4.016984  -0.000000   0.000000 -38.528523 268.961023 274.465387   0.095990   0.172079 270.868967   0.155282
  2431   0.000000 218.451469 -71.206118 -21.255601  -4.021162  -4.021162  -0.000000   0.000000 -38.530543 268.954793 274.459445   0.096000   0.172079 270.862313   0.155283
  2432   0.000000 218.416975 -71.212491 -21.247970  -4.025330  -4.025330  -0.000000   0.000000 -38.532567 268.948564 274.453506   0.096010   0.172079 270.855662   0.155284
  2433   0.000000 218.382498 -71.218856 -21.240355  -4.029487  -4.029487  -0.000000   0.000000 -38.534595 268.942337 274.447569   0.096020   0.172079 270.849013   0.155286
  2434   0.000000 218.348039 -71.225214 -21.232754  -4.033633  -4.033633  -0.000000   0.000000 -38.536627 268.936112 274.441635   0.096030   0.172079 270.842366   0.155287
  2435   0.000000 218.313598 -71.231565 -21.225169  -4.037769  -4.037769  -0.000000   0.000000 -38.538663 268.929888 274.435703   0.096040   0.172079 270.835722   0.155288
  2436   0.000000 218.279174 -71.237909 -21.217599  -4.041895  -4.041895  -0.000000   0.000000 -38.540702 268.923667 274.429773   0.096051   0.172079 270.829081   0.155290
  2437   0.000000 218.244769 -71.244245 -21.210044  -4.046010  -4.046010  -0.000000   0.000000 -38.542745 268.917447 274.423846   0.096061   0.172079 270.822442   0.155291
  2438   0.000000 218.210381 -71.250575 -21.202503  -4.050115  -4.050115  -0.000000   0.000000 -38.544791 268.911230 274.417921   0.096071   0.172079 270.815805   0.155292
  2439   0.000000 218.176012 -71.256897 -21.194978  -4.054210  -4.054210  -0.000000   0.000000 -38.546841 268.905014 274.411999   0.096081   0.172079 270.809171   0.155293
  2440   0.000000 218.141660 -71.263213 -21.187468  -4.058294  -4.058294  -0.000000   0.000000 -38.548895 268.898799 274.406078   0.096091   0.172079 270.802540   0.155295
  2441   0.000000 218.107326 -71.269521 -21.179972  -4.062368  -4.062368  -0.000000   0.000000 -38.550952 268.892587 274.400160   0.096102   0.172079 270.795910   0.155296
  2442   0.000000 218.073009 -71.275823 -21.172492  -4.066432  -4.066432  -0.000000   0.000000 -38.553013 268.886377 274.394245   0.096112   0.172079 270.789284   0.155297
  2443   0.000000 218.038710 -71.282117 -21.165026  -4.070486  -4.070486  -0.000000   0.000000 -38.555077 268.880168 274.388332   0.096122   0.172079 270.782660   0.155299
  2444   0.000000 218.004429 -71.288405 -21.157575  -4.074529  -4.074529  -0.000000   0.000000 -38.557145 268.873962 274.382421   0.096132   0.172080 270.776038   0.155300
  2445   0.000000 217.970166 -71.294685 -21.150139  -4.078562  -4.078562  -0.000000   0.000000 -38.559216 268.867757 274.376512   0.096142   0.172080 270.769419   0.155301
  2446   0.000000 217.935920 -71.300959 -21.142718  -4.082585  -4.082585  -0.000000   0.000000 -38.561290 268.861554 274.370606   0.096153   0.172080 270.762802   0.155303
  2447   0.000000 217.901692 -71.307225 -21.135312  -4.086598  -4.086598  -0.000000   0.000000 -38.563368 268.855352 274.364702   0.096163   0.172080 270.756188   0.155304
  2448   0.000000 217.867481 -71.313485 -21.127920  -4.090600  -4.090600  -0.000000   0.000000 -38.565450 268.849153 274.358801   0.096173   0.172080 270.749576   0.155305
  2449   0.000000 217.833288 -71.319738 -21.120543  -4.094593  -4.094593  -0.000000   0.000000 -38.567534 268.842956 274.352902   0.096183   0.172080 270.742966   0.155307
  2450   0.000000 217.799113 -71.325985 -21.113181  -4.098575  -4.098575  -0.000000   0.000000 -38.569622 268.836760 274.347005   0.096194   0.172080 270.736359   0.155308
  2451   0.000000 217.764955 -71.332224 -21.105833  -4.102548  -4.102548  -0.000000   0.000000 -38.571713 268.830566 274.341110   0.096204   0.172080 270.729755   0.155309
  2452   0.000000 217.730814 -71.338457 -21.098500  -4.106510  -4.106510  -0.000000   0.000000 -38.573808 268.824374 274.335218   0.096214   0.172080 270.723153   0.155311
  2453   0.000000 217.696691 -71.344682 -21.091181  -4.110463  -4.110463  -0.000000   0.000000 -38.575905 268.818184 274.329328   0.096224   0.172080 270.716553   0.155312
  2454   0.000000 217.662586 -71.350902 -21.083877  -4.114405  -4.114405  -0.000000   0.000000 -38.578006 268.811996 274.323440   0.096235   0.172080 270.709956   0.155313
  2455   0.000000 217.628498 -71.357114 -21.076588  -4.118338  -4.118338  -0.000000   0.000000 -38.580110 268.805810 274.317555   0.096245   0.172080 270.703362   0.155315
  2456   0.000000 217.594427 -71.363320 -21.069313  -4.122260  -4.122260  -0.000000   0.000000 -38.582217 268.799625 274.311672   0.096255   0.172080 270.696769   0.155316
  2457   0.000000 217.560374 -71.369519 -21.062053  -4.126173  -4.126173  -0.000000   0.000000 -38.584327 268.793443 274.305791   0.096266   0.172080 270.690180   0.155317
  2458   0.000000 217.526338 -71.375711 -21.054807  -4.130076  -4.130076  -0.000000   0.000000 -38.586440 268.787262 274.299913   0.096276   0.172080 270.683592   0.155319
  2459   0.000000 217.492320 -71.381897 -21.047575  -4.133969  -4.133969  -0.000000   0.000000 -38.588557 268.781083 274.294037   0.096286   0.172080 270.677008   0.155320
  2460   0.000000 217.458318 -71.388076 -21.040358  -4.137852  -4.137852  -0.000000   0.000000 -38.590676 268.774906 274.288163   0.096297   0.172080 270.670425   0.155321
  2461   0.000000 217.424335 -71.394248 -21.033155  -4.141725  -4.141725  -0.000000   0.000000 -38.592798 268.768731 274.282291   0.096307   0.172080 270.663845   0.155323
  2462   0.000000 217.390368 -71.400414 -21.025967  -4.145589  -4.145589  -0.000000   0.000000 -38.594923 268.762557 274.276422   0.096317   0.172080 270.657268   0.155324
  2463   0.000000 217.356419 -71.406574 -21.018793  -4.149442  -4.149442  -0.000000   0.000000 -38.597051 268.756386 274.270555   0.096328   0.172080 270.650693   0.155325
  2464   0.000000 217.322487 -71.412727 -21.011633  -4.153286  -4.153286  -0.000000   0.000000 -38.599182 268.750216 274.264690   0.096338   0.172081 270.644120   0.155327
  2465   0.000000 217.288572 -71.418873 -21.004487  -4.157121  -4.157121  -0.000000   0.000000 -38.601316 268.744048 274.258827   0.096348   0.172081 270.637550   0.155328
  2466   0.000000 217.254674 -71.425013 -20.997356  -4.160945  -4.160945  -0.000000   0.000000 -38.603452 268.737883 274.252967   0.096359   0.172081 270.630983   0.155329
  2467   0.000000 217.220794 -71.431146 -20.990239  -4.164760  -4.164760  -0.000000   0.000000 -38.605592 268.731719 274.247109   0.096369   0.172081 270.624418   0.155331
  2468   0.000000 217.186930 -71.437273 -20.983136  -4.168565  -4.168565  -0.000000   0.000000 -38.607734 268.725556 274.241253   0.096380   0.172081 270.617855   0.155332
  2469   0.000000 217.153084 -71.443394 -20.976047  -4.172361  -4.172361  -0.000000   0.000000 -38.609879 268.719396 274.235400   0.096390   0.172081 270.611295   0.155333
  2470   0.000000 217.119255 -71.449508 -20.968973  -4.176147  -4.176147  -0.000000   0.000000 -38.612026 268.713238 274.229549   0.096400   0.172081 270.604737   0.155335
  2471   0.000000 217.085443 -71.455616 -20.961913  -4.179923  -4.179923  -0.000000   0.000000 -38.614177 268.707081 274.223700   0.096411   0.172081 270.598182   0.155336
  2472   0.000000 217.051648 -71.461717 -20.954866  -4.183690  -4.183690  -0.000000   0.000000 -38.616330 268.700926 274.217853   0.096421   0.172081 270.591629   0.155337
  2473   0.000000 217.017871 -71.467812 -20.947834  -4.187447  -4.187447  -0.000000   0.000000 -38.618485 268.694774 274.212008   0.096432   0.172081 270.585078   0.155339
  2474   0.000000 216.984110 -71.473901 -20.940816  -4.191195  -4.191195  -0.000000   0.000000 -38.620643 268.688623 274.206166   0.096442   0.172081 270.578530   0.155340
  2475   0.000000 216.950366 -71.479983 -20.933812  -4.194933  -4.194933  -0.000000   0.000000 -38.622804 268.682474 274.200326   0.096453   0.172081 270.571985   0.155341
  2476   0.000000 216.916640 -71.486059 -20.926821  -4.198662  -4.198662  -0.000000   0.000000 -38.624967 268.676327 274.194488   0.096463   0.172081 270.565442   0.155343
  2477   0.000000 216.882930 -71.492129 -20.919845  -4.202381  -4.202381  -0.000000   0.000000 -38.627133 268.670181 274.188653   0.096473   0.172081 270.558901   0.155344
  2478   0.000000 216.849237 -71.498193 -20.912883  -4.206091  -4.206091  -0.000000   0.000000 -38.629301 268.664038 274.182820   0.096484   0.172081 270.552363   0.155346
  2479   0.000000 216.815561 -71.504250 -20.905935  -4.209791  -4.209791  -0.000000   0.000000 -38.631472 268.657896 274.176988   0.096494   0.172081 270.545827   0.155347
  2480   0.000000 216.781903 -71.510301 -20.899000  -4.213482  -4.213482  -0.000000   0.000000 -38.633645 268.651757 274.171160   0.096505   0.172081 270.539294   0.155348
  2481   0.000000 216.748261 -71.516346 -20.892080  -4.217164  -4.217164  -0.000000   0.000000 -38.635820 268.645619 274.165333   0.096515   0.172081 270.532763   0.155350
  2482   0.000000 216.714636 -71.522385 -20.885173  -4.220836  -4.220836  -0.000000   0.000000 -38.637998 268.639483 274.159508   0.096526   0.172081 270.526235   0.155351
  2483   0.000000 216.681028 -71.528418 -20.878280  -4.224499  -4.224499  -0.000000   0.000000 -38.640178 268.633349 274.153686   0.096536   0.172081 270.519709   0.155352
  2484   0.000000 216.647436 -71.534445 -20.871401  -4.228153  -4.228153  -0.000000   0.000000 -38.642361 268.627217 274.147866   0.096547   0.172082 270.513185   0.155354
  2485   0.000000 216.613862 -71.540465 -20.864536  -4.231797  -4.231797  -0.000000   0.000000 -38.644545 268.621087 274.142048   0.096557   0.172082 270.506664   0.155355
  2486   0.000000 216.580304 -71.546480 -20.857684  -4.235433  -4.235433  -0.000000   0.000000 -38.646732 268.614958 274.136233   0.096568   0.172082 270.500146   0.155356
  2487   0.000000 216.546764 -71.552488 -20.850846  -4.239058  -4.239058  -0.000000   0.000000 -38.648922 268.608832 274.130419   0.096578   0.172082 270.493629   0.155358
  2488   0.000000 216.513240 -71.558490 -20.844022  -4.242675  -4.242675  -0.000000   0.000000 -38.651113 268.602707 274.124608   0.096589   0.172082 270.487116   0.155359
  2489   0.000000 216.479732 -71.564487 -20.837212  -4.246283  -4.246283  -0.000000   0.000000 -38.653306 268.596585 274.118799   0.096599   0.172082 270.480605   0.155361
  2490   0.000000 216.446242 -71.570477 -20.830415  -4.249881  -4.249881  -0.000000   0.000000 -38.655502 268.590464 274.112992   0.096610   0.172082 270.474096   0.155362
  2491   0.000000 216.412768 -71.576461 -20.823632  -4.253470  -4.253470  -0.000000   0.000000 -38.657700 268.584345 274.107188   0.096620   0.172082 270.467589   0.155363
  2492   0.000000 216.379311 -71.582439 -20.816862  -4.257050  -4.257050  -0.000000   0.000000 -38.659900 268.578228 274.101385   0.096631   0.172082 270.461086   0.155365
  2493   0.000000 216.345871 -71.588412 -20.810106  -4.260621  -4.260621  -0.000000   0.000000 -38.662101 268.572113 274.095585   0.096642   0.172082 270.454584   0.155366
  2494   0.000000 216.312448 -71.594378 -20.803364  -4.264183  -4.264183  -0.000000   0.000000 -38.664305 268.566000 274.089787   0.096652   0.172082 270.448085   0.155367
  2495   0.000000 216.279041 -71.600339 -20.796635  -4.267735  -4.267735  -0.000000   0.000000 -38.666511 268.559889 274.083991   0.096663   0.172082 270.441589   0.155369
  2496   0.000000 216.245650 -71.606293 -20.789920  -4.271279  -4.271279  -0.000000   0.000000 -38.668719 268.553779 274.078197   0.096673   0.172082 270.435095   0.155370
  2497   0.000000 216.212277 -71.612242 -20.783218  -4.274814  -4.274814  -0.000000   0.000000 -38.670928 268.547672 274.072406   0.096684   0.172082 270.428603   0.155372
  2498   0.000000 216.178920 -71.618185 -20.776530  -4.278339  -4.278339  -0.000000   0.000000 -38.673140 268.541566 274.066617   0.096694   0.172082 270.422114   0.155373
  2499   0.000000 216.145580 -71.624122 -20.769855  -4.281856  -4.281856  -0.000000   0.000000 -38.675353 268.535462 274.060829   0.096705   0.172082 270.415627   0.155374
  2500   0.000000 216.112256 -71.630054 -20.763194  -4.285363  -4.285363  -0.000000   0.000000 -38.677569 268.529361 274.055044   0.096716   0.172082 270.409143   0.155376
  2501   0.000000 216.078949 -71.635979 -20.756546  -4.288862  -4.288862  -0.000000   0.000000 -38.679786 268.523261 274.049262   0.096726   0.172082 270.402661   0.155377
  2502   0.000000 216.045658 -71.641899 -20.749912  -4.292352  -4.292352  -0.000000   0.000000 -38.682005 268.517163 274.043481   0.096737   0.172082 270.396182   0.155378
  2503   0.000000 216.012384 -71.647813 -20.743290  -4.295833  -4.295833  -0.000000   0.000000 -38.684225 268.511067 274.037702   0.096747   0.172082 270.389705   0.155380
  2504   0.000000 215.979126 -71.653721 -20.736683  -4.299304  -4.299304  -0.000000   0.000000 -38.686447 268.504973 274.031926   0.096758   0.172083 270.383231   0.155381
  2505   0.000000 215.945885 -71.659623 -20.730088  -4.302767  -4.302767  -0.000000   0.000000 -38.688671 268.498881 274.026152   0.096769   0.172083 270.376759   0.155383
  2506   0.000000 215.912661 -71.665520 -20.723507  -4.306222  -4.306222  -0.000000   0.000000 -38.690897 268.492790 274.020380   0.096779   0.172083 270.370289   0.155384
  2507   0.000000 215.879453 -71.671411 -20.716939  -4.309667  -4.309667  -0.000000   0.000000 -38.693124 268.486702 274.014610   0.096790   0.172083 270.363822   0.155385
  2508   0.000000 215.846261 -71.677297 -20.710384  -4.313104  -4.313104  -0.000000   0.000000 -38.695353 268.480616 274.008842   0.096801   0.172083 270.357357   0.155387
  2509   0.000000 215.813086 -71.683176 -20.703843  -4.316531  -4.316531  -0.000000   0.000000 -38.697584 268.474531 274.003076   0.096811   0.172083 270.350895   0.155388
  2510   0.000000 215.779927 -71.689051 -20.697315  -4.319950  -4.319950  -0.000000   0.000000 -38.699816 268.468449 273.997313   0.096822   0.172083 270.344436   0.155390
  2511   0.000000 215.746785 -71.694919 -20.690800  -4.323360  -4.323360  -0.000000   0.000000 -38.702049 268.462368 273.991551   0.096833   0.172083 270.337978   0.155391
  2512   0.000000 215.713659 -71.700782 -20.684298  -4.326762  -4.326762  -0.000000   0.000000 -38.704284 268.456289 273.985792   0.096843   0.172083 270.331524   0.155392
  2513   0.000000 215.680550 -71.706639 -20.677809  -4.330155  -4.330155  -0.000000   0.000000 -38.706521 268.450212 273.980035   0.096854   0.172083 270.325071   0.155394
  2514   0.000000 215.647457 -71.712491 -20.671334  -4.333539  -4.333539  -0.000000   0.000000 -38.708759 268.444138 273.974280   0.096865   0.172083 270.318621   0.155395
  2515   0.000000 215.614380 -71.718337 -20.664871  -4.336914  -4.336914  -0.000000   0.000000 -38.710998 268.438065 273.968527   0.096875   0.172083 270.312174   0.155397
  2516   0.000000 215.581320 -71.724178 -20.658422  -4.340281  -4.340281  -0.000000   0.000000 -38.713238 268.431994 273.962776   0.096886   0.172083 270.305729   0.155398
  2517   0.000000 215.548276 -71.730013 -20.651986  -4.343639  -4.343639  -0.000000   0.000000 -38.715480 268.425925 273.957028   0.096897   0.172083 270.299287   0.155399
  2518   0.000000 215.515248 -71.735843 -20.645563  -4.346989  -4.346989  -0.000000   0.000000 -38.717724 268.419857 273.951281   0.096908   0.172083 270.292847   0.155401
  2519   0.000000 215.482237 -71.741667 -20.639152  -4.350329  -4.350329  -0.000000   0.000000 -38.719968 268.413792 273.945537   0.096918   0.172083 270.286409   0.155402
  2520   0.000000 215.449242 -71.747486 -20.632755  -4.353662  -4.353662  -0.000000   0.000000 -38.722214 268.407729 273.939795   0.096929   0.172083 270.279974   0.155404
  2521   0.000000 215.416263 -71.753300 -20.626240  -4.356976  -4.356976  -0.000000   0.000000 -38.724461 268.401660 273.934055   0.096940   0.172083 270.273532   0.155405
  2522   0.000000 215.383302 -71.759076 -20.619657  -4.360284  -4.360284  -0.000000   0.000000 -38.726763 268.395583 273.928317   0.096950   0.172083 270.267084   0.155406
  2523   0.000000 215.350357 -71.764808 -20.613022  -4.363590  -4.363590  -0.000000   0.000000 -38.729132 268.389499 273.922580   0.096961   0.172084 270.260627   0.155408
  2524   0.000000 215.317431 -71.770494 -20.606341  -4.366895  -4.366895  -0.000000   0.000000 -38.731571 268.383407 273.916846   0.096972   0.172084 270.254164   0.155409
  2525   0.000000 215.284522 -71.776135 -20.599618  -4.370198  -4.370198  -0.000000   0.000000 -38.734077 268.377307 273.911114   0.096983   0.172084 270.247694   0.155411
  2526   0.000000 215.251632 -71.781731 -20.592854  -4.373500  -4.373500  -0.000000   0.000000 -38.736648 268.371200 273.905384   0.096994   0.172084 270.241217   0.155412
  2527   0.000000 215.218760 -71.787284 -20.586053  -4.376799  -4.376799  -0.000000   0.000000 -38.739283 268.365087 273.899655   0.097004   0.172084 270.234734   0.155413
  2528   0.000000 215.185906 -71.792794 -20.579215  -4.380096  -4.380096  -0.000000   0.000000 -38.741979 268.358966 273.893928   0.097015   0.172084 270.228244   0.155415
  2529   0.000000 215.153070 -71.798262 -20.572342  -4.383391  -4.383391  -0.000000   0.000000 -38.744734 268.352839 273.888203   0.097026   0.172084 270.221749   0.155416
  2530   0.000000 215.120252 -71.803690 -20.565437  -4.386682  -4.386682  -0.000000   0.000000 -38.747547 268.346706 273.882480   0.097037   0.172084 270.215249   0.155418
  2531   0.000000 215.087452 -71.809078 -20.558499  -4.389970  -4.389970  -0.000000   0.000000 -38.750416 268.340567 273.876758   0.097047   0.172084 270.208742   0.155419
  2532   0.000000 215.054671 -71.814427 -20.551530  -4.393256  -4.393256  -0.000000   0.000000 -38.753340 268.334422 273.871038   0.097058   0.172084 270.202231   0.155421
  2533   0.000000 215.021907 -71.819738 -20.544532  -4.396537  -4.396537  -0.000000   0.000000 -38.756316 268.328271 273.865320   0.097069   0.172084 270.195714   0.155422
  2534   0.000000 214.989162 -71.825011 -20.537505  -4.399815  -4.399815  -0.000000   0.000000 -38.759345 268.322114 273.859603   0.097080   0.172084 270.189193   0.155423
  2535   0.000000 214.956434 -71.830247 -20.530451  -4.403090  -4.403090  -0.000000   0.000000 -38.762424 268.315952 273.853888   0.097091   0.172084 270.182666   0.155425
  2536   0.000000 214.923724 -71.835447 -20.523371  -4.406360  -4.406360  -0.000000   0.000000 -38.765553 268.309785 273.848175   0.097102   0.172084 270.176135   0.155426
  2537   0.000000 214.891031 -71.840611 -20.516265  -4.409626  -4.409626  -0.000000   0.000000 -38.768731 268.303612 273.842463   0.097112   0.172084 270.169599   0.155428
  2538   0.000000 214.858355 -71.845740 -20.509134  -4.412888  -4.412888  -0.000000   0.000000 -38.771956 268.297434 273.836752   0.097123   0.172084 270.163058   0.155429
  2539   0.000000 214.825697 -71.850834 -20.501979  -4.416146  -4.416146  -0.000000   0.000000 -38.775228 268.291251 273.831043   0.097134   0.172084 270.156513   0.155430
  2540   0.000000 214.793055 -71.855894 -20.494801  -4.419400  -4.419400  -0.000000   0.000000 -38.778547 268.285062 273.825335   0.097145   0.172084 270.149964   0.155432
  2541   0.000000 214.760430 -71.860920 -20.487601  -4.422649  -4.422649  -0.000000   0.000000 -38.781911 268.278869 273.819629   0.097156   0.172084 270.143410   0.155433
  2542   0.000000 214.727822 -71.865913 -20.480378  -4.425893  -4.425893  -0.000000   0.000000 -38.785319 268.272671 273.813924   0.097167   0.172085 270.136852   0.155435
  2543   0.000000 214.695230 -71.870874 -20.473134  -4.429133  -4.429133  -0.000000   0.000000 -38.788772 268.266468 273.808221   0.097178   0.172085 270.130290   0.155436
  2544   0.000000 214.662655 -71.875802 -20.465869  -4.432368  -4.432368  -0.000000   0.000000 -38.792268 268.260260 273.802519   0.097189   0.172085 270.123724   0.155438
  2545   0.000000 214.630095 -71.880699 -20.458584  -4.435598  -4.435598  -0.000000   0.000000 -38.795808 268.254048 273.796818   0.097199   0.172085 270.117153   0.155439
  2546   0.000000 214.597551 -71.885564 -20.451279  -4.438824  -4.438824  -0.000000   0.000000 -38.799389 268.247831 273.791119   0.097210   0.172085 270.110579   0.155441
  2547   0.000000 214.565022 -71.890398 -20.443955  -4.442044  -4.442044  -0.000000   0.000000 -38.803013 268.241609 273.785420   0.097221   0.172085 270.104000   0.155442
  2548   0.000000 214.532509 -71.895202 -20.436612  -4.445260  -4.445260  -0.000000   0.000000 -38.806678 268.235383 273.779724   0.097232   0.172085 270.097418   0.155443
  2549   0.000000 214.500010 -71.899975 -20.429250  -4.448470  -4.448470  -0.000000   0.000000 -38.810384 268.229152 273.774028   0.097243   0.172085 270.090831   0.155445
  2550   0.000000 214.467527 -71.904718 -20.421870  -4.451676  -4.451676  -0.000000   0.000000 -38.814131 268.222917 273.768334   0.097254   0.172085 270.084241   0.155446
  2551   0.000000 214.435058 -71.909432 -20.414473  -4.454876  -4.454876  -0.000000   0.000000 -38.817918 268.216677 273.762640   0.097265   0.172085 270.077647   0.155448
  2552   0.000000 214.402604 -71.914116 -20.407058  -4.458071  -4.458071  -0.000000   0.000000 -38.821745 268.210432 273.756948   0.097276   0.172085 270.071049   0.155449
  2553   0.000000 214.370164 -71.918772 -20.399627  -4.461262  -4.461262  -0.000000   0.000000 -38.825611 268.204184 273.751258   0.097287   0.172085 270.064447   0.155451
  2554   0.000000 214.337738 -71.923398 -20.392178  -4.464446  -4.464446  -0.000000   0.000000 -38.829517 268.197931 273.745568   0.097298   0.172085 270.057841   0.155452
  2555   0.000000 214.305325 -71.927997 -20.384714  -4.467626  -4.467626  -0.000000   0.000000 -38.833462 268.191673 273.739879   0.097309   0.172085 270.051232   0.155453
  2556   0.000000 214.272926 -71.932567 -20.377233  -4.470800  -4.470800  -0.000000   0.000000 -38.837445 268.185411 273.734192   0.097320   0.172085 270.044618   0.155455
  2557   0.000000 214.240541 -71.937110 -20.369737  -4.473969  -4.473969  -0.000000   0.000000 -38.841467 268.179145 273.728506   0.097331   0.172085 270.038001   0.155456
  2558   0.000000 214.208168 -71.941626 -20.362225  -4.477133  -4.477133  -0.000000   0.000000 -38.845527 268.172874 273.722821   0.097342   0.172085 270.031381   0.155458
  2559   0.000000 214.175808 -71.946114 -20.354698  -4.480291  -4.480291  -0.000000   0.000000 -38.849625 268.166599 273.717137   0.097353   0.172085 270.024756   0.155459
  2560   0.000000 214.143461 -71.950575 -20.347156  -4.483444  -4.483444  -0.000000   0.000000 -38.853760 268.160320 273.711454   0.097364   0.172085 270.018128   0.155461
  2561   0.000000 214.111127 -71.955010 -20.339599  -4.486591  -4.486591  -0.000000   0.000000 -38.857933 268.154037 273.705771   0.097375   0.172086 270.011496   0.155462
  2562   0.000000 214.078804 -71.959418 -20.332028  -4.489733  -4.489733  -0.000000   0.000000 -38.862144 268.147749 273.700091   0.097386   0.172086 270.004860   0.155464
  2563   0.000000 214.046494 -71.963800 -20.324442  -4.492870  -4.492870  -0.000000   0.000000 -38.866391 268.141457 273.694411   0.097397   0.172086 269.998221   0.155465
  2564   0.000000 214.014195 -71.968156 -20.316843  -4.496001  -4.496001  -0.000000   0.000000 -38.870675 268.135161 273.688732   0.097408   0.172086 269.991578   0.155466
  2565   0.000000 213.981908 -71.972486 -20.309229  -4.499126  -4.499126  -0.000000   0.000000 -38.874996 268.128860 273.683054   0.097419   0.172086 269.984931   0.155468
  2566   0.000000 213.949633 -71.976791 -20.301602  -4.502246  -4.502246  -0.000000   0.000000 -38.879354 268.122555 273.677377   0.097430   0.172086 269.978281   0.155469
  2567   0.000000 213.917368 -71.981071 -20.293962  -4.505361  -4.505361  -0.000000   0.000000 -38.883748 268.116246 273.671700   0.097441   0.172086 269.971626   0.155471
  2568   0.000000 213.885115 -71.985326 -20.286308  -4.508470  -4.508470  -0.000000   0.000000 -38.888178 268.109933 273.666025   0.097452   0.172086 269.964969   0.155472
  2569   0.000000 213.852872 -71.989556 -20.278641  -4.511573  -4.511573  -0.000000   0.000000 -38.892644 268.103616 273.660351   0.097463   0.172086 269.958307   0.155474
  2570   0.000000 213.820640 -71.993761 -20.270961  -4.514671  -4.514671  -0.000000   0.000000 -38.897146 268.097294 273.654678   0.097474   0.172086 269.951642   0.155475
  2571   0.000000 213.788418 -71.997942 -20.263268  -4.517763  -4.517763  -0.000000   0.000000 -38.901684 268.090968 273.649005   0.097485   0.172086 269.944973   0.155477
  2572   0.000000 213.756206 -72.002099 -20.255562  -4.520849  -4.520849  -0.000000   0.000000 -38.906257 268.084638 273.643334   0.097496   0.172086 269.938300   0.155478
  2573   0.000000 213.724004 -72.006232 -20.247845  -4.523930  -4.523930  -0.000000   0.000000 -38.910866 268.078304 273.637663   0.097507   0.172086 269.931624   0.155480
  2574   0.000000 213.691812 -72.010341 -20.240114  -4.527006  -4.527006  -0.000000   0.000000 -38.915510 268.071966 273.631993   0.097518   0.172086 269.924944   0.155481
  2575   0.000000 213.659630 -72.014426 -20.232372  -4.530075  -4.530075  -0.000000   0.000000 -38.920190 268.065623 273.626324   0.097529   0.172086 269.918261   0.155482
  2576   0.000000 213.627457 -72.018488 -20.224618  -4.533139  -4.533139  -0.000000   0.000000 -38.924904 268.059276 273.620656   0.097540   0.172086 269.911573   0.155484
  2577   0.000000 213.595293 -72.022527 -20.216851  -4.536198  -4.536198  -0.000000   0.000000 -38.929654 268.052925 273.614988   0.097551   0.172086 269.904883   0.155485
  2578   0.000000 213.563138 -72.026543 -20.209073  -4.539250  -4.539250  -0.000000   0.000000 -38.934438 268.046570 273.609321   0.097562   0.172086 269.898188   0.155487
  2579   0.000000 213.530992 -72.030535 -20.201284  -4.542297  -4.542297  -0.000000   0.000000 -38.939258 268.040211 273.603656   0.097574   0.172087 269.891490   0.155488
  2580   0.000000 213.498855 -72.034506 -20.193483  -4.545338  -4.545338  -0.000000   0.000000 -38.944112 268.033847 273.597990   0.097585   0.172087 269.884787   0.155490
  2581   0.000000 213.466726 -72.038453 -20.185670  -4.548374  -4.548374  -0.000000   0.000000 -38.949000 268.027480 273.592326   0.097596   0.172087 269.878082   0.155491
  2582   0.000000 213.434605 -72.042379 -20.177846  -4.551404  -4.551404  -0.000000   0.000000 -38.953923 268.021108 273.586662   0.097607   0.172087 269.871372   0.155493
  2583   0.000000 213.402493 -72.046282 -20.170011  -4.554428  -4.554428  -0.000000   0.000000 -38.958881 268.014732 273.580999   0.097618   0.172087 269.864659   0.155494
  2584   0.000000 213.370388 -72.050163 -20.162165  -4.557446  -4.557446  -0.000000   0.000000 -38.963873 268.008352 273.575337   0.097629   0.172087 269.857942   0.155496
  2585   0.000000 213.338291 -72.054022 -20.154308  -4.560459  -4.560459  -0.000000   0.000000 -38.968899 268.001967 273.569676   0.097640   0.172087 269.851222   0.155497
  2586   0.000000 213.306202 -72.057860 -20.146441  -4.563466  -4.563466  -0.000000   0.000000 -38.973959 267.995578 273.564015   0.097652   0.172087 269.844497   0.155499
  2587   0.000000 213.274120 -72.061676 -20.138563  -4.566467  -4.566467  -0.000000   0.000000 -38.979053 267.989186 273.558354   0.097663   0.172087 269.837769   0.155500
  2588   0.000000 213.242045 -72.065470 -20.130674  -4.569462  -4.569462  -0.000000   0.000000 -38.984181 267.982789 273.552695   0.097674   0.172087 269.831038   0.155502
  2589   0.000000 213.209978 -72.069244 -20.122774  -4.572452  -4.572452  -0.000000   0.000000 -38.989343 267.976388 273.547036   0.097685   0.172087 269.824302   0.155503
  2590   0.000000 213.177917 -72.072996 -20.114864  -4.575436  -4.575436  -0.000000   0.000000 -38.994539 267.969982 273.541378   0.097696   0.172087 269.817563   0.155505
  2591   0.000000 213.145863 -72.076727 -20.106944  -4.578414  -4.578414  -0.000000   0.000000 -38.999769 267.963573 273.535720   0.097707   0.172087 269.810820   0.155506
  2592   0.000000 213.113815 -72.080438 -20.099014  -4.581386  -4.581386  -0.000000   0.000000 -39.005032 267.957159 273.530063   0.097719   0.172087 269.804073   0.155507
  2593   0.000000 213.081774 -72.084127 -20.091074  -4.584353  -4.584353  -0.000000   0.000000 -39.010329 267.950741 273.524406   0.097730   0.172087 269.797323   0.155509
  2594   0.000000 213.049740 -72.087797 -20.083124  -4.587313  -4.587313  -0.000000   0.000000 -39.015659 267.944319 273.518751   0.097741   0.172087 269.790568   0.155510
  2595   0.000000 213.017711 -72.091446 -20.075163  -4.590268  -4.590268  -0.000000   0.000000 -39.021023 267.937892 273.513095   0.097752   0.172087 269.783810   0.155512
  2596   0.000000 212.985688 -72.095074 -20.067193  -4.593217  -4.593217  -0.000000   0.000000 -39.026420 267.931462 273.507440   0.097763   0.172087 269.777049   0.155513
  2597   0.000000 212.953672 -72.098683 -20.059214  -4.596161  -4.596161  -0.000000   0.000000 -39.031850 267.925027 273.501786   0.097775   0.172088 269.770283   0.155515
  2598   0.000000 212.921660 -72.102272 -20.051224  -4.599098  -4.599098  -0.000000   0.000000 -39.037313 267.918588 273.496132   0.097786   0.172088 269.763514   0.155516
  2599   0.000000 212.889655 -72.105840 -20.043225  -4.602030  -4.602030  -0.000000   0.000000 -39.042810 267.912145 273.490479   0.097797   0.172088 269.756741   0.155518
  2600   0.000000 212.857654 -72.109389 -20.035217  -4.604956  -4.604956  -0.000000   0.000000 -39.048339 267.905698 273.484827   0.097808   0.172088 269.749964   0.155519
  2601   0.000000 212.825659 -72.112919 -20.027199  -4.607876  -4.607876  -0.000000   0.000000 -39.053902 267.899246 273.479174   0.097820   0.172088 269.743183   0.155521
  2602   0.000000 212.793669 -72.116429 -20.019172  -4.610790  -4.610790  -0.000000   0.000000 -39.059497 267.892790 273.473523   0.097831   0.172088 269.736399   0.155522
  2603   0.000000 212.761684 -72.119919 -20.011136  -4.613698  -4.613698  -0.000000   0.000000 -39.065126 267.886330 273.467871   0.097842   0.172088 269.729610   0.155524
  2604   0.000000 212.729704 -72.123391 -20.003091  -4.616600  -4.616600  -0.000000   0.000000 -39.070787 267.879866 273.462221   0.097853   0.172088 269.722818   0.155525
  2605   0.000000 212.697728 -72.126843 -19.995037  -4.619497  -4.619497  -0.000000   0.000000 -39.076480 267.873398 273.456570   0.097865   0.172088 269.716022   0.155527
  2606   0.000000 212.665757 -72.130277 -19.986973  -4.622388  -4.622388  -0.000000   0.000000 -39.082207 267.866925 273.450920   0.097876   0.172088 269.709223   0.155528
  2607   0.000000 212.633790 -72.133691 -19.978901  -4.625272  -4.625272  -0.000000   0.000000 -39.087966 267.860448 273.445271   0.097887   0.172088 269.702419   0.155530
  2608   0.000000 212.601827 -72.137087 -19.970820  -4.628151  -4.628151  -0.000000   0.000000 -39.093757 267.853967 273.439622   0.097899   0.172088 269.695612   0.155531
  2609   0.000000 212.569869 -72.140464 -19.962730  -4.631025  -4.631025  -0.000000   0.000000 -39.099581 267.847482 273.433973   0.097910   0.172088 269.688801   0.155533
  2610   0.000000 212.537914 -72.143823 -19.954632  -4.633892  -4.633892  -0.000000   0.000000 -39.105438 267.840992 273.428325   0.097921   0.172088 269.681985   0.155534
  2611   0.000000 212.505964 -72.147163 -19.946525  -4.636753  -4.636753  -0.000000   0.000000 -39.111327 267.834499 273.422677   0.097933   0.172088 269.675167   0.155536
  2612   0.000000 212.474017 -72.150485 -19.938409  -4.639608  -4.639608  -0.000000   0.000000 -39.117247 267.828001 273.417029   0.097944   0.172088 269.668344   0.155537
  2613   0.000000 212.442073 -72.153788 -19.930285  -4.642458  -4.642458  -0.000000   0.000000 -39.123201 267.821498 273.411382   0.097955   0.172088 269.661517   0.155539
  2614   0.000000 212.410133 -72.157074 -19.922153  -4.645302  -4.645302  -0.000000   0.000000 -39.129186 267.814992 273.405735   0.097967   0.172088 269.654687   0.155540
  2615   0.000000 212.378197 -72.160342 -19.914013  -4.648139  -4.648139  -0.000000   0.000000 -39.135203 267.808481 273.400089   0.097978   0.172089 269.647852   0.155542
  2616   0.000000 212.346263 -72.163592 -19.905864  -4.650971  -4.650971  -0.000000   0.000000 -39.141253 267.801966 273.394442   0.097989   0.172089 269.641014   0.155543
  2617   0.000000 212.314333 -72.166824 -19.897707  -4.653797  -4.653797  -0.000000   0.000000 -39.147334 267.795447 273.388797   0.098001   0.172089 269.634172   0.155545
  2618   0.000000 212.282406 -72.170038 -19.889542  -4.656617  -4.656617  -0.000000   0.000000 -39.153448 267.788923 273.383151   0.098012   0.172089 269.627326   0.155546
  2619   0.000000 212.250481 -72.173235 -19.881369  -4.659431  -4.659431  -0.000000   0.000000 -39.159593 267.782396 273.377506   0.098023   0.172089 269.620476   0.155548
  2620   0.000000 212.218559 -72.176415 -19.873188  -4.662239  -4.662239  -0.000000   0.000000 -39.165770 267.775864 273.371861   0.098035   0.172089 269.613622   0.155549
  2621   0.000000 212.186640 -72.179577 -19.864999  -4.665041  -4.665041  -0.000000   0.000000 -39.171978 267.769328 273.366216   0.098046   0.172089 269.606765   0.155551
  2622   0.000000 212.154723 -72.182722 -19.856802  -4.667837  -4.667837  -0.000000   0.000000 -39.178218 267.762787 273.360571   0.098057   0.172089 269.599903   0.155552
  2623   0.000000 212.122809 -72.185850 -19.848598  -4.670627  -4.670627  -0.000000   0.000000 -39.184490 267.756242 273.354927   0.098069   0.172089 269.593038   0.155554
  2624   0.000000 212.090897 -72.188961 -19.840386  -4.673412  -4.673412  -0.000000   0.000000 -39.190794 267.749693 273.349283   0.098080   0.172089 269.586168   0.155555
  2625   0.000000 212.058987 -72.192055 -19.832166  -4.676190  -4.676190  -0.000000   0.000000 -39.197129 267.743140 273.343639   0.098092   0.172089 269.579295   0.155557
  2626   0.000000 212.027079 -72.195132 -19.823939  -4.678962  -4.678962  -0.000000   0.000000 -39.203495 267.736583 273.337996   0.098103   0.172089 269.572418   0.155558
  2627   0.000000 211.995173 -72.198192 -19.815704  -4.681728  -4.681728  -0.000000   0.000000 -39.209893 267.730021 273.332352   0.098114   0.172089 269.565537   0.155560
  2628   0.000000 211.963269 -72.201236 -19.807462  -4.684489  -4.684489  -0.000000   0.000000 -39.216322 267.723455 273.326709   0.098126   0.172089 269.558652   0.155561
  2629   0.000000 211.931367 -72.204263 -19.799212  -4.687243  -4.687243  -0.000000   0.000000 -39.222782 267.716884 273.321066   0.098137   0.172089 269.551763   0.155563
  2630   0.000000 211.899466 -72.207274 -19.790955  -4.689992  -4.689992  -0.000000   0.000000 -39.229273 267.710310 273.315423   0.098149   0.172089 269.544870   0.155564
  2631   0.000000 211.867567 -72.210268 -19.782691  -4.692734  -4.692734  -0.000000   0.000000 -39.235796 267.703731 273.309781   0.098160   0.172089 269.537973   0.155566
  2632   0.000000 211.835669 -72.213246 -19.774420  -4.695470  -4.695470  -0.000000   0.000000 -39.242349 267.697148 273.304138   0.098172   0.172089 269.531072   0.155567
  2633   0.000000 211.803772 -72.216208 -19.766141  -4.698201  -4.698201  -0.000000   0.000000 -39.248934 267.690560 273.298496   0.098183   0.172090 269.524168   0.155569
  2634   0.000000 211.771877 -72.219154 -19.757856  -4.700925  -4.700925  -0.000000   0.000000 -39.255549 267.683969 273.292854   0.098195   0.172090 269.517259   0.155570
  2635   0.000000 211.739982 -72.222083 -19.749563  -4.703643  -4.703643  -0.000000   0.000000 -39.262196 267.677373 273.287212   0.098206   0.172090 269.510346   0.155572
  2636   0.000000 211.708089 -72.224997 -19.741264  -4.706356  -4.706356  -0.000000   0.000000 -39.268873 267.670772 273.281570   0.098218   0.172090 269.503430   0.155573
  2637   0.000000 211.676197 -72.227895 -19.732958  -4.709062  -4.709062  -0.000000   0.000000 -39.275581 267.664168 273.275928   0.098229   0.172090 269.496509   0.155575
  2638   0.000000 211.644305 -72.230777 -19.724645  -4.711762  -4.711762  -0.000000   0.000000 -39.282320 267.657559 273.270286   0.098240   0.172090 269.489585   0.155576
  2639   0.000000 211.612414 -72.233644 -19.716325  -4.714457  -4.714457  -0.000000   0.000000 -39.289089 267.650946 273.264644   0.098252   0.172090 269.482656   0.155578
  2640   0.000000 211.580523 -72.236495 -19.707999  -4.717145  -4.717145  -0.000000   0.000000 -39.295889 267.644328 273.259003   0.098263   0.172090 269.475724   0.155580
  2641   0.000000 211.548634 -72.239331 -19.699665  -4.719827  -4.719827  -0.000000   0.000000 -39.302719 267.637707 273.253361   0.098275   0.172090 269.468787   0.155581
  2642   0.000000 211.516744 -72.242151 -19.691326  -4.722503  -4.722503  -0.000000   0.000000 -39.309580 267.631081 273.247720   0.098287   0.172090 269.461847   0.155583
  2643   0.000000 211.484855 -72.244956 -19.682980  -4.725173  -4.725173  -0.000000   0.000000 -39.316472 267.624450 273.242078   0.098298   0.172090 269.454903   0.155584
  2644   0.000000 211.452966 -72.247745 -19.674627  -4.727837  -4.727837  -0.000000   0.000000 -39.323394 267.617816 273.236437   0.098310   0.172090 269.447954   0.155586
  2645   0.000000 211.421077 -72.250520 -19.666268  -4.730495  -4.730495  -0.000000   0.000000 -39.330346 267.611177 273.230795   0.098321   0.172090 269.441002   0.155587
  2646   0.000000 211.389189 -72.253279 -19.657902  -4.733147  -4.733147  -0.000000   0.000000 -39.337328 267.604534 273.225154   0.098333   0.172090 269.434046   0.155589
  2647   0.000000 211.357300 -72.256024 -19.649531  -4.735792  -4.735792  -0.000000   0.000000 -39.344340 267.597886 273.219513   0.098344   0.172090 269.427085   0.155590
  2648   0.000000 211.325411 -72.258753 -19.641153  -4.738432  -4.738432  -0.000000   0.000000 -39.351383 267.591235 273.213871   0.098356   0.172090 269.420121   0.155592
  2649   0.000000 211.293522 -72.261468 -19.632769  -4.741065  -4.741065  -0.000000   0.000000 -39.358456 267.584579 273.208230   0.098367   0.172090 269.413153   0.155593
  2650   0.000000 211.261632 -72.264168 -19.624378  -4.743693  -4.743693  -0.000000   0.000000 -39.365558 267.577918 273.202588   0.098379   0.172090 269.406180   0.155595
  2651   0.000000 211.229742 -72.266853 -19.615982  -4.746314  -4.746314  -0.000000   0.000000 -39.372691 267.571254 273.196947   0.098390   0.172091 269.399204   0.155596
  2652   0.000000 211.197852 -72.269524 -19.607580  -4.748929  -4.748929  -0.000000   0.000000 -39.379853 267.564585 273.191306   0.098402   0.172091 269.392224   0.155598
  2653   0.000000 211.165961 -72.272180 -19.599171  -4.751538  -4.751538  -0.000000   0.000000 -39.387046 267.557912 273.185664   0.098414   0.172091 269.385240   0.155599
  2654   0.000000 211.134070 -72.274822 -19.590757  -4.754141  -4.754141  -0.000000   0.000000 -39.394268 267.551234 273.180022   0.098425   0.172091 269.378251   0.155601
  2655   0.000000 211.102177 -72.277449 -19.582337  -4.756738  -4.756738  -0.000000   0.000000 -39.401519 267.544552 273.174381   0.098437   0.172091 269.371259   0.155602
  2656   0.000000 211.070284 -72.280062 -19.573911  -4.759329  -4.759329  -0.000000   0.000000 -39.408801 267.537866 273.168739   0.098448   0.172091 269.364263   0.155604
  2657   0.000000 211.038390 -72.282661 -19.565480  -4.761913  -4.761913  -0.000000   0.000000 -39.416112 267.531176 273.163097   0.098460   0.172091 269.357262   0.155606
  2658   0.000000 211.006495 -72.285246 -19.557043  -4.764491  -4.764491  -0.000000   0.000000 -39.423452 267.524481 273.157455   0.098472   0.172091 269.350258   0.155607
  2659   0.000000 210.974599 -72.287817 -19.548600  -4.767064  -4.767064  -0.000000   0.000000 -39.430822 267.517782 273.151813   0.098483   0.172091 269.343250   0.155609
  2660   0.000000 210.942702 -72.290374 -19.540151  -4.769630  -4.769630  -0.000000   0.000000 -39.438221 267.511079 273.146171   0.098495   0.172091 269.336237   0.155610
  2661   0.000000 210.910804 -72.292916 -19.531697  -4.772190  -4.772190  -0.000000   0.000000 -39.445650 267.504371 273.140529   0.098506   0.172091 269.329221   0.155612
  2662   0.000000 210.878904 -72.295445 -19.523238  -4.774743  -4.774743  -0.000000   0.000000 -39.453108 267.497659 273.134887   0.098518   0.172091 269.322200   0.155613
  2663   0.000000 210.847003 -72.297961 -19.514773  -4.777291  -4.777291  -0.000000   0.000000 -39.460595 267.490943 273.129244   0.098530   0.172091 269.315176   0.155615
  2664   0.000000 210.815101 -72.300462 -19.506303  -4.779832  -4.779832  -0.000000   0.000000 -39.468112 267.484222 273.123602   0.098541   0.172091 269.308147   0.155616
  2665   0.000000 210.783197 -72.302950 -19.497827  -4.782367  -4.782367  -0.000000   0.000000 -39.475657 267.477497 273.117959   0.098553   0.172091 269.301115   0.155618
  2666   0.000000 210.751291 -72.305425 -19.489346  -4.784896  -4.784896  -0.000000   0.000000 -39.483231 267.470768 273.112316   0.098565   0.172091 269.294078   0.155619
  2667   0.000000 210.719384 -72.307886 -19.480860  -4.787419  -4.787419  -0.000000   0.000000 -39.490835 267.464035 273.106673   0.098576   0.172091 269.287038   0.155621
  2668   0.000000 210.687475 -72.310333 -19.472369  -4.789935  -4.789935  -0.000000   0.000000 -39.498467 267.457297 273.101030   0.098588   0.172092 269.279993   0.155622
  2669   0.000000 210.655564 -72.312768 -19.463873  -4.792445  -4.792445  -0.000000   0.000000 -39.506128 267.450555 273.095386   0.098600   0.172092 269.272945   0.155624
  2670   0.000000 210.623652 -72.315188 -19.455372  -4.794949  -4.794949  -0.000000   0.000000 -39.513818 267.443809 273.089742   0.098611   0.172092 269.265892   0.155626
  2671   0.000000 210.591737 -72.317596 -19.446865  -4.797447  -4.797447  -0.000000   0.000000 -39.521537 267.437058 273.084099   0.098623   0.172092 269.258835   0.155627
  2672   0.000000 210.559821 -72.319991 -19.438354  -4.799939  -4.799939  -0.000000   0.000000 -39.529285 267.430303 273.078455   0.098635   0.172092 269.251775   0.155629
  2673   0.000000 210.527902 -72.322373 -19.429838  -4.802424  -4.802424  -0.000000   0.000000 -39.537060 267.423544 273.072810   0.098646   0.172092 269.244710   0.155630
  2674   0.000000 210.495981 -72.324741 -19.421317  -4.804903  -4.804903  -0.000000   0.000000 -39.544865 267.416780 273.067166   0.098658   0.172092 269.237641   0.155632
  2675   0.000000 210.464058 -72.327097 -19.412791  -4.807376  -4.807376  -0.000000   0.000000 -39.552698 267.410012 273.061521   0.098670   0.172092 269.230568   0.155633
  2676   0.000000 210.432133 -72.329440 -19.404260  -4.809842  -4.809842  -0.000000   0.000000 -39.560559 267.403240 273.055876   0.098682   0.172092 269.223491   0.155635
  2677   0.000000 210.400205 -72.331770 -19.395725  -4.812303  -4.812303  -0.000000   0.000000 -39.568449 267.396464 273.050231   0.098693   0.172092 269.216410   0.155636
  2678   0.000000 210.368275 -72.334087 -19.387185  -4.814757  -4.814757  -0.000000   0.000000 -39.576367 267.389683 273.044585   0.098705   0.172092 269.209325   0.155638
  2679   0.000000 210.336342 -72.336392 -19.378640  -4.817204  -4.817204  -0.000000   0.000000 -39.584313 267.382898 273.038939   0.098717   0.172092 269.202236   0.155640
  2680   0.000000 210.304407 -72.338684 -19.370091  -4.819646  -4.819646  -0.000000   0.000000 -39.592288 267.376109 273.033293   0.098729   0.172092 269.195143   0.155641
  2681   0.000000 210.272469 -72.340964 -19.361538  -4.822081  -4.822081  -0.000000   0.000000 -39.600290 267.369315 273.027647   0.098740   0.172092 269.188046   0.155643
  2682   0.000000 210.240529 -72.343231 -19.352980  -4.824509  -4.824509  -0.000000   0.000000 -39.608321 267.362517 273.022000   0.098752   0.172092 269.180945   0.155644
  2683   0.000000 210.208585 -72.345486 -19.344417  -4.826932  -4.826932  -0.000000   0.000000 -39.616379 267.355715 273.016353   0.098764   0.172092 269.173840   0.155646
  2684   0.000000 210.176639 -72.347729 -19.335850  -4.829348  -4.829348  -0.000000   0.000000 -39.624466 267.348909 273.010706   0.098776   0.172092 269.166731   0.155647
  2685   0.000000 210.144690 -72.349959 -19.327279  -4.831758  -4.831758  -0.000000   0.000000 -39.632580 267.342098 273.005058   0.098787   0.172092 269.159618   0.155649
  2686   0.000000 210.112739 -72.352177 -19.318704  -4.834161  -4.834161  -0.000000   0.000000 -39.640722 267.335283 272.999410   0.098799   0.172093 269.152501   0.155650
  2687   0.000000 210.080784 -72.354383 -19.310124  -4.836559  -4.836559  -0.000000   0.000000 -39.648892 267.328464 272.993762   0.098811   0.172093 269.145379   0.155652
  2688   0.000000 210.048826 -72.356577 -19.301541  -4.838949  -4.838949  -0.000000   0.000000 -39.657089 267.321640 272.988113   0.098823   0.172093 269.138254   0.155654
  2689   0.000000 210.016865 -72.358759 -19.292953  -4.841334  -4.841334  -0.000000   0.000000 -39.665314 267.314812 272.982465   0.098835   0.172093 269.131125   0.155655
  2690   0.000000 209.984901 -72.360929 -19.284361  -4.843712  -4.843712  -0.000000   0.000000 -39.673566 267.307980 272.976815   0.098846   0.172093 269.123991   0.155657
  2691   0.000000 209.952933 -72.363087 -19.275765  -4.846084  -4.846084  -0.000000   0.000000 -39.681846 267.301144 272.971166   0.098858   0.172093 269.116854   0.155658
  2692   0.000000 209.920963 -72.365234 -19.267165  -4.848449  -4.848449  -0.000000   0.000000 -39.690153 267.294303 272.965516   0.098870   0.172093 269.109712   0.155660
  2693   0.000000 209.888989 -72.367369 -19.258562  -4.850808  -4.850808  -0.000000   0.000000 -39.698488 267.287458 272.959865   0.098882   0.172093 269.102567   0.155661
  2694   0.000000 209.857011 -72.369492 -19.249954  -4.853160  -4.853160  -0.000000   0.000000 -39.706850 267.280609 272.954214   0.098894   0.172093 269.095417   0.155663
  2695   0.000000 209.825030 -72.371603 -19.241343  -4.855507  -4.855507  -0.000000   0.000000 -39.715239 267.273755 272.948563   0.098906   0.172093 269.088264   0.155664
  2696   0.000000 209.793046 -72.373703 -19.232727  -4.857846  -4.857846  -0.000000   0.000000 -39.723655 267.266898 272.942912   0.098917   0.172093 269.081106   0.155666
  2697   0.000000 209.761058 -72.375791 -19.224108  -4.860180  -4.860180  -0.000000   0.000000 -39.732098 267.260036 272.937260   0.098929   0.172093 269.073944   0.155668
  2698   0.000000 209.729066 -72.377868 -19.215486  -4.862507  -4.862507  -0.000000   0.000000 -39.740568 267.253169 272.931607   0.098941   0.172093 269.066779   0.155669
  2699   0.000000 209.697071 -72.379934 -19.206860  -4.864827  -4.864827  -0.000000   0.000000 -39.749065 267.246299 272.925954   0.098953   0.172093 269.059609   0.155671
  2700   0.000000 209.665072 -72.381988 -19.198230  -4.867141  -4.867141  -0.000000   0.000000 -39.757589 267.239424 272.920301   0.098965   0.172093 269.052435   0.155672
  2701   0.000000 209.633069 -72.384031 -19.189596  -4.869449  -4.869449  -0.000000   0.000000 -39.766140 267.232545 272.914647   0.098977   0.172093 269.045258   0.155674
  2702   0.000000 209.601063 -72.386063 -19.180960  -4.871750  -4.871750  -0.000000   0.000000 -39.774717 267.225662 272.908993   0.098989   0.172093 269.038076   0.155675
  2703   0.000000 209.569052 -72.388084 -19.172319  -4.874045  -4.874045  -0.000000   0.000000 -39.783321 267.218774 272.903339   0.099001   0.172094 269.030890   0.155677
  2704   0.000000 209.537038 -72.390094 -19.163676  -4.876334  -4.876334  -0.000000   0.000000 -39.791952 267.211882 272.897684   0.099012   0.172094 269.023700   0.155679
  2705   0.000000 209.505020 -72.392092 -19.155029  -4.878615  -4.878615  -0.000000   0.000000 -39.800609 267.204986 272.892028   0.099024   0.172094 269.016507   0.155680
  2706   0.000000 209.472997 -72.394080 -19.146379  -4.880891  -4.880891  -0.000000   0.000000 -39.809292 267.198086 272.886372   0.099036   0.172094 269.009309   0.155682
  2707   0.000000 209.440971 -72.396057 -19.137725  -4.883160  -4.883160  -0.000000   0.000000 -39.818002 267.191181 272.880716   0.099048   0.172094 269.002107   0.155683
  2708   0.000000 209.408940 -72.398023 -19.129068  -4.885422  -4.885422  -0.000000   0.000000 -39.826739 267.184273 272.875059   0.099060   0.172094 268.994901   0.155685
  2709   0.000000 209.376906 -72.399979 -19.120409  -4.887678  -4.887678  -0.000000   0.000000 -39.835501 267.177360 272.869401   0.099072   0.172094 268.987691   0.155686
  2710   0.000000 209.344867 -72.401923 -19.111746  -4.889928  -4.889928  -0.000000   0.000000 -39.844290 267.170443 272.863743   0.099084   0.172094 268.980477   0.155688
  2711   0.000000 209.312823 -72.403857 -19.103080  -4.892171  -4.892171  -0.000000   0.000000 -39.853104 267.163521 272.858085   0.099096   0.172094 268.973259   0.155690
  2712   0.000000 209.280776 -72.405781 -19.094411  -4.894407  -4.894407  -0.000000   0.000000 -39.861945 267.156596 272.852426   0.099108   0.172094 268.966038   0.155691
  2713   0.000000 209.248724 -72.407694 -19.085739  -4.896637  -4.896637  -0.000000   0.000000 -39.870812 267.149666 272.846766   0.099120   0.172094 268.958812   0.155693
  2714   0.000000 209.216667 -72.409596 -19.077064  -4.898861  -4.898861  -0.000000   0.000000 -39.879704 267.142732 272.841106   0.099132   0.172094 268.951582   0.155694
  2715   0.000000 209.184606 -72.411489 -19.068386  -4.901077  -4.901077  -0.000000   0.000000 -39.888622 267.135793 272.835446   0.099144   0.172094 268.944348   0.155696
  2716   0.000000 209.152541 -72.413370 -19.059705  -4.903288  -4.903288  -0.000000   0.000000 -39.897566 267.128851 272.829785   0.099156   0.172094 268.937110   0.155698
  2717   0.000000 209.120471 -72.415242 -19.051022  -4.905492  -4.905492  -0.000000   0.000000 -39.906536 267.121904 272.824123   0.099168   0.172094 268.929868   0.155699
  2718   0.000000 209.088397 -72.417103 -19.042336  -4.907689  -4.907689  -0.000000   0.000000 -39.915531 267.114953 272.818461   0.099180   0.172094 268.922622   0.155701
  2719   0.000000 209.056318 -72.418954 -19.033647  -4.909880  -4.909880  -0.000000   0.000000 -39.924552 267.107998 272.812798   0.099192   0.172094 268.915372   0.155702
  2720   0.000000 209.024234 -72.420795 -19.024956  -4.912064  -4.912064  -0.000000   0.000000 -39.933599 267.101039 272.807135   0.099204   0.172095 268.908119   0.155704
  2721   0.000000 208.992145 -72.422626 -19.016262  -4.914242  -4.914242  -0.000000   0.000000 -39.942670 267.094076 272.801471   0.099216   0.172095 268.900861   0.155705
  2722   0.000000 208.960052 -72.424448 -19.007565  -4.916413  -4.916413  -0.000000   0.000000 -39.951767 267.087108 272.795807   0.099228   0.172095 268.893599   0.155707
  2723   0.000000 208.927954 -72.426259 -18.998866  -4.918577  -4.918577  -0.000000   0.000000 -39.960889 267.080136 272.790141   0.099240   0.172095 268.886333   0.155709
  2724   0.000000 208.895851 -72.428060 -18.990165  -4.920735  -4.920735  -0.000000   0.000000 -39.970037 267.073160 272.784476   0.099252   0.172095 268.879064   0.155710
  2725   0.000000 208.863743 -72.429851 -18.981461  -4.922886  -4.922886  -0.000000   0.000000 -39.979209 267.066180 272.778810   0.099264   0.172095 268.871790   0.155712
  2726   0.000000 208.831630 -72.431633 -18.972755  -4.925031  -4.925031  -0.000000   0.000000 -39.988406 267.059196 272.773143   0.099276   0.172095 268.864512   0.155713
  2727   0.000000 208.799512 -72.433405 -18.964046  -4.927169  -4.927169  -0.000000   0.000000 -39.997629 267.052207 272.767475   0.099288   0.172095 268.857231   0.155715
  2728   0.000000 208.767390 -72.435167 -18.955335  -4.929300  -4.929300  -0.000000   0.000000 -40.006876 267.045215 272.761807   0.099300   0.172095 268.849945   0.155717
  2729   0.000000 208.735262 -72.436920 -18.946622  -4.931425  -4.931425  -0.000000   0.000000 -40.016148 267.038218 272.756139   0.099312   0.172095 268.842655   0.155718
  2730   0.000000 208.703129 -72.438663 -18.937907  -4.933543  -4.933543  -0.000000   0.000000 -40.025445 267.031217 272.750469   0.099324   0.172095 268.835362   0.155720
  2731   0.000000 208.670991 -72.440397 -18.929190  -4.935655  -4.935655  -0.000000   0.000000 -40.034766 267.024212 272.744799   0.099336   0.172095 268.828065   0.155721
  2732   0.000000 208.638848 -72.442122 -18.920470  -4.937760  -4.937760  -0.000000   0.000000 -40.044112 267.017203 272.739129   0.099348   0.172095 268.820763   0.155723
  2733   0.000000 208.606699 -72.443837 -18.911749  -4.939858  -4.939858  -0.000000   0.000000 -40.053482 267.010190 272.733458   0.099360   0.172095 268.813458   0.155725
  2734   0.000000 208.574546 -72.445542 -18.903025  -4.941950  -4.941950  -0.000000   0.000000 -40.062877 267.003172 272.727786   0.099372   0.172095 268.806149   0.155726
  2735   0.000000 208.542387 -72.447239 -18.894300  -4.944035  -4.944035  -0.000000   0.000000 -40.072296 266.996151 272.722113   0.099384   0.172095 268.798836   0.155728
  2736   0.000000 208.510222 -72.448926 -18.885573  -4.946113  -4.946113  -0.000000   0.000000 -40.081740 266.989125 272.716440   0.099396   0.172095 268.791518   0.155729
  2737   0.000000 208.478053 -72.450604 -18.876844  -4.948185  -4.948185  -0.000000   0.000000 -40.091207 266.982095 272.710766   0.099408   0.172096 268.784197   0.155731
  2738   0.000000 208.445878 -72.452274 -18.868113  -4.950250  -4.950250  -0.000000   0.000000 -40.100699 266.975061 272.705092   0.099420   0.172096 268.776873   0.155733
  2739   0.000000 208.413698 -72.453934 -18.859380  -4.952308  -4.952308  -0.000000   0.000000 -40.110215 266.968023 272.699417   0.099433   0.172096 268.769544   0.155734
  2740   0.000000 208.381512 -72.455585 -18.850646  -4.954360  -4.954360  -0.000000   0.000000 -40.119754 266.960981 272.693741   0.099445   0.172096 268.762211   0.155736
  2741   0.000000 208.349320 -72.457227 -18.841909  -4.956405  -4.956405  -0.000000   0.000000 -40.129318 266.953935 272.688064   0.099457   0.172096 268.754874   0.155737
  2742   0.000000 208.317124 -72.458861 -18.833172  -4.958443  -4.958443  -0.000000   0.000000 -40.138905 266.946885 272.682387   0.099469   0.172096 268.747534   0.155739
  2743   0.000000 208.284921 -72.460485 -18.824433  -4.960475  -4.960475  -0.000000   0.000000 -40.148516 266.939830 272.676709   0.099481   0.172096 268.740189   0.155740
  2744   0.000000 208.252713 -72.462101 -18.815692  -4.962499  -4.962499  -0.000000   0.000000 -40.158151 266.932772 272.671030   0.099493   0.172096 268.732841   0.155742
  2745   0.000000 208.220500 -72.463708 -18.806949  -4.964517  -4.964517  -0.000000   0.000000 -40.167809 266.925709 272.665351   0.099505   0.172096 268.725489   0.155744
  2746   0.000000 208.188280 -72.465307 -18.798206  -4.966529  -4.966529  -0.000000   0.000000 -40.177491 266.918643 272.659671   0.099518   0.172096 268.718133   0.155745
  2747   0.000000 208.156056 -72.466897 -18.789461  -4.968534  -4.968534  -0.000000   0.000000 -40.187196 266.911572 272.653990   0.099530   0.172096 268.710773   0.155747
  2748   0.000000 208.123825 -72.468479 -18.780714  -4.970531  -4.970531  -0.000000   0.000000 -40.196924 266.904498 272.648308   0.099542   0.172096 268.703409   0.155749
  2749   0.000000 208.091589 -72.470052 -18.771967  -4.972523  -4.972523  -0.000000   0.000000 -40.206676 266.897419 272.642626   0.099554   0.172096 268.696041   0.155750
  2750   0.000000 208.059346 -72.471616 -18.763218  -4.974507  -4.974507  -0.000000   0.000000 -40.216451 266.890336 272.636943   0.099566   0.172096 268.688670   0.155752
  2751   0.000000 208.027098 -72.473173 -18.754467  -4.976485  -4.976485  -0.000000   0.000000 -40.226249 266.883249 272.631259   0.099578   0.172096 268.681294   0.155753
  2752   0.000000 207.994845 -72.474721 -18.745716  -4.978456  -4.978456  -0.000000   0.000000 -40.236069 266.876159 272.625575   0.099591   0.172096 268.673915   0.155755
  2753   0.000000 207.962585 -72.476261 -18.736964  -4.980420  -4.980420  -0.000000   0.000000 -40.245913 266.869064 272.619890   0.099603   0.172096 268.666532   0.155757
  2754   0.979998 207.930319 -71.693794 -18.728210  -4.982377  -4.982377  -0.000000   0.000000 -40.255780 266.892700 272.614339   0.099615   0.172097 268.679740   0.155758
  2755   0.990959 207.898048 -71.807118 -18.556521  -4.944828  -4.944828  -0.000000   0.000000 -40.051470 266.895515 272.608829   0.099627   0.172097 268.678933   0.155760
  2756   1.018969 207.866744 -71.824238 -18.494115  -4.933923  -4.933923  -0.000000   0.000000 -39.993202 266.892381 272.603334   0.099639   0.172097 268.674201   0.155761
  2757   1.064576 207.835770 -71.803643 -18.463528  -4.930691  -4.930691  -0.000000   0.000000 -39.976669 266.887948 272.597846   0.099651   0.172097 268.668623   0.155763
  2758   1.128645 207.804940 -71.763051 -18.440053  -4.929143  -4.929143  -0.000000   0.000000 -39.969285 266.883697 272.592367   0.099663   0.172097 268.663178   0.155764
  2759   1.212325 207.774210 -71.707394 -18.415757  -4.927368  -4.927368  -0.000000   0.000000 -39.960690 266.880126 272.586900   0.099676   0.172097 268.658195   0.155766
  2760   1.317010 207.743583 -71.637509 -18.387942  -4.924721  -4.924721  -0.000000   0.000000 -39.947413 266.877434 272.581448   0.099688   0.172097 268.653807   0.155768
  2761   1.444286 207.713078 -71.552887 -18.355512  -4.920945  -4.920945  -0.000000   0.000000 -39.928093 266.875731 272.576015   0.099700   0.172097 268.650087   0.155769
  2762   1.595877 207.682723 -71.452557 -18.317834  -4.915895  -4.915895  -0.000000   0.000000 -39.901986 266.875104 272.570606   0.099712   0.172097 268.647093   0.155771
  2763   1.773590 207.652547 -71.335385 -18.274396  -4.909456  -4.909456  -0.000000   0.000000 -39.868518 266.875633 272.565226   0.099724   0.172097 268.644879   0.155772
  2764   1.979254 207.622585 -71.200196 -18.224705  -4.901518  -4.901518  -0.000000   0.000000 -39.827152 266.877400 272.559880   0.099736   0.172097 268.643498   0.155774
  2765   2.214672 207.592875 -71.045828 -18.168263  -4.891972  -4.891972  -0.000000   0.000000 -39.777363 266.880481 272.554573   0.099748   0.172097 268.643003   0.155776
  2766   2.481567 207.563458 -70.871170 -18.104570  -4.880708  -4.880708  -0.000000   0.000000 -39.718641 266.884952 272.549310   0.099760   0.172097 268.643445   0.155777
  2767   2.781548 207.534378 -70.675188 -18.033130  -4.867622  -4.867622  -0.000000   0.000000 -39.650505 266.890881 272.544098   0.099772   0.172097 268.644868   0.155779
  2768   3.116071 207.505683 -70.456942 -17.953460  -4.852611  -4.852611  -0.000000   0.000000 -39.572517 266.898329 272.538942   0.099784   0.172097 268.647313   0.155780
  2769   3.486422 207.477425 -70.215597 -17.865099  -4.835580  -4.835580  -0.000000   0.000000 -39.484291 266.907347 272.533848   0.099796   0.172097 268.650816   0.155782
  2770   3.893697 207.449656 -69.950436 -17.767613  -4.816445  -4.816445  -0.000000   0.000000 -39.385504 266.917979 272.528823   0.099808   0.172097 268.655404   0.155783
  2771   4.338792 207.422434 -69.660855 -17.660599  -4.795129  -4.795129  -0.000000   0.000000 -39.275904 266.930257 272.523872   0.099820   0.172098 268.661099   0.155785
  2772   4.822409 207.395818 -69.346369 -17.543693  -4.771565  -4.771565  -0.000000   0.000000 -39.155310 266.944201 272.519003   0.099832   0.172098 268.667914   0.155786
  2773   5.345052 207.369870 -69.006603 -17.416564  -4.745699  -4.745699  -0.000000   0.000000 -39.023616 266.959822 272.514221   0.099844   0.172098 268.675856   0.155788
  2774   5.907041 207.344653 -68.641291 -17.278923  -4.717486  -4.717486  -0.000000   0.000000 -38.880790 266.977122 272.509532   0.099856   0.172098 268.684926   0.155790
  2775   6.508519 207.320234 -68.250263 -17.130517  -4.686892  -4.686892  -0.000000   0.000000 -38.726869 266.996091 272.504942   0.099868   0.172098 268.695117   0.155791
  2776   7.149469 207.296679 -67.833443 -16.971131  -4.653895  -4.653895  -0.000000   0.000000 -38.561955 267.016713 272.500457   0.099880   0.172098 268.706418   0.155793
  2777   7.829728 207.274057 -67.390834 -16.800585  -4.618478  -4.618478  -0.000000   0.000000 -38.386212 267.038961 272.496084   0.099891   0.172098 268.718810   0.155794
  2778   8.549001 207.252436 -66.922513 -16.618735  -4.580639  -4.580639  -0.000000   0.000000 -38.199858 267.062803 272.491826   0.099903   0.172098 268.732273   0.155796
  2779   9.306879 207.231888 -66.428620 -16.425466  -4.540379  -4.540379  -0.000000   0.000000 -38.003159 267.088200 272.487689   0.099914   0.172098 268.746780   0.155797
  2780  10.102851 207.212483 -65.909350 -16.220696  -4.497709  -4.497709  -0.000000   0.000000 -37.796424 267.115108 272.483679   0.099926   0.172098 268.762301   0.155798
  2781  10.936324 207.194292 -65.364947 -16.004371  -4.452646  -4.452646  -0.000000   0.000000 -37.579996 267.143479 272.479800   0.099937   0.172098 268.778806   0.155800
  2782  11.806630 207.177386 -64.795694 -15.776461  -4.405214  -4.405214  -0.000000   0.000000 -37.354247 267.173259 272.476055   0.099949   0.172098 268.796259   0.155801
  2783  12.713041 207.161836 -64.201908 -15.536962  -4.355442  -4.355442  -0.000000   0.000000 -37.119573 267.204395 272.472450   0.099960   0.172098 268.814624   0.155803
  2784  13.654783 207.147713 -63.583933 -15.285893  -4.303361  -4.303361  -0.000000   0.000000 -36.876387 267.236828 272.468987   0.099971   0.172098 268.833866   0.155804
  2785  14.631042 207.135087 -62.942137 -15.023294  -4.249011  -4.249011  -0.000000   0.000000 -36.625116 267.270501 272.465671   0.099982   0.172098 268.853945   0.155805
  2786  15.640978 207.124027 -62.276904 -14.749223  -4.192431  -4.192431  -0.000000   0.000000 -36.366193 267.305353 272.462505   0.099994   0.172098 268.874825   0.155807
  2787  16.683728 207.114603 -61.588632 -14.463758  -4.133665  -4.133665  -0.000000   0.000000 -36.100057 267.341326 272.459490   0.100004   0.172098 268.896467   0.155808
  2788  17.758415 207.106883 -60.877730 -14.166995  -4.072761  -4.072761  -0.000000   0.000000 -35.827147 267.378359 272.456630   0.100015   0.172098 268.918834   0.155809
  2789  18.864157 207.100932 -60.144613 -13.859044  -4.009766  -4.009766  -0.000000   0.000000 -35.547898 267.416393 272.453927   0.100026   0.172099 268.941890   0.155811
  2790  20.000069 207.096818 -59.389702 -13.540031  -3.944731  -3.944731  -0.000000   0.000000 -35.262741 267.455369 272.451383   0.100037   0.172099 268.965598   0.155812
  2791  21.165266 207.094603 -58.613418 -13.210098  -3.877706  -3.877706  -0.000000   0.000000 -34.972098 267.495231 272.449000   0.100047   0.172099 268.989923   0.155813
  2792  22.358874 207.094352 -57.816184 -12.869397  -3.808746  -3.808746  -0.000000   0.000000 -34.676381 267.535922 272.446778   0.100058   0.172099 269.014833   0.155815
  2793  23.580024 207.096126 -56.998421 -12.518096  -3.737903  -3.737903  -0.000000   0.000000 -34.375993 267.577389 272.444720   0.100068   0.172099 269.040295   0.155816
  2794  24.827862 207.099984 -56.160550 -12.156374  -3.665231  -3.665231  -0.000000   0.000000 -34.071322 267.619578 272.442826   0.100078   0.172099 269.066279   0.155817
  2795  26.101547 207.105984 -55.302985 -11.784420  -3.590785  -3.590785  -0.000000   0.000000 -33.762742 267.662439 272.441097   0.100089   0.172099 269.092755   0.155818
  2796  27.400257 207.114184 -54.426139 -11.402437  -3.514618  -3.514618  -0.000000   0.000000 -33.450612 267.705923 272.439534   0.100099   0.172099 269.119696   0.155819
  2797  28.723183 207.124636 -53.530417 -11.010636  -3.436784  -3.436784  -0.000000   0.000000 -33.135278 267.749983 272.438136   0.100108   0.172099 269.147076   0.155820
  2798  30.069539 207.137394 -52.616222 -10.609237  -3.357338  -3.357338  -0.000000   0.000000 -32.817068 267.794576 272.436904   0.100118   0.172099 269.174871   0.155821
  2799  31.438556 207.152509 -51.683948 -10.198471  -3.276333  -3.276333  -0.000000   0.000000 -32.496295 267.839658 272.435838   0.100128   0.172099 269.203058   0.155822
  2800  32.829486 207.170027 -50.733985  -9.778578  -3.193821  -3.193821  -0.000000   0.000000 -32.173256 267.885189 272.434937   0.100137   0.172099 269.231616   0.155824
  2801  34.241602 207.189996 -49.766717  -9.349802  -3.109855  -3.109855  -0.000000   0.000000 -31.848233 267.931132 272.434201   0.100147   0.172099 269.260525   0.155825
  2802  35.674196 207.212459 -48.782519  -8.912400  -3.024486  -3.024486  -0.000000   0.000000 -31.521489 267.977448 272.433631   0.100156   0.172099 269.289768   0.155825
  2803  37.126584 207.237457 -47.781761  -8.466633  -2.937763  -2.937763  -0.000000   0.000000 -31.193276 268.024106 272.433224   0.100165   0.172099 269.319327   0.155826
  2804  38.598099 207.265029 -46.764808  -8.012767  -2.849736  -2.849736  -0.000000   0.000000 -30.863826 268.071072 272.432981   0.100174   0.172099 269.349188   0.155827
  2805  40.088096 207.295212 -45.732017  -7.551078  -2.760454  -2.760454  -0.000000   0.000000 -30.533360 268.118317 272.432900   0.100183   0.172099 269.379338   0.155828
  2806  41.595952 207.328040 -44.683737  -7.081843  -2.669963  -2.669963  -0.000000   0.000000 -30.202083 268.165811 272.432981   0.100192   0.172099 269.409762   0.155829
  2807  43.121061 207.363545 -43.620314  -6.605347  -2.578309  -2.578309  -0.000000   0.000000 -29.870186 268.213530 272.433222   0.100200   0.172099 269.440451   0.155830
  2808  44.662839 207.401755 -42.542086  -6.121877  -2.485536  -2.485536  -0.000000   0.000000 -29.537846 268.261447 272.433623   0.100209   0.172099 269.471394   0.155831
  2809  46.220720 207.442696 -41.449384  -5.631725  -2.391689  -2.391689  -0.000000   0.000000 -29.205228 268.309541 272.434181   0.100217   0.172099 269.502581   0.155832
  2810  47.794156 207.486393 -40.342533  -5.135185  -2.296807  -2.296807  -0.000000   0.000000 -28.872486 268.357788 272.434897   0.100225   0.172099 269.534006   0.155832
  2811  49.382619 207.532865 -39.221855  -4.632555  -2.200934  -2.200934  -0.000000   0.000000 -28.539761 268.406171 272.435768   0.100233   0.172099 269.565660   0.155833
  2812  50.985598 207.582132 -38.087663  -4.124133  -2.104106  -2.104106  -0.000000   0.000000 -28.207182 268.454670 272.436794   0.100241   0.172099 269.597537   0.155834
  2813  52.602598 207.634207 -36.940266  -3.610221  -2.006364  -2.006364  -0.000000   0.000000 -27.874869 268.503267 272.437972   0.100248   0.172099 269.629632   0.155834
  2814  54.233143 207.689104 -35.779966  -3.091119  -1.907742  -1.907742  -0.000000   0.000000 -27.542931 268.551948 272.439301   0.100256   0.172099 269.661939   0.155835
  2815  55.876772 207.746832 -34.607061  -2.567128  -1.808277  -1.808277  -0.000000   0.000000 -27.211471 268.600698 272.440781   0.100263   0.172099 269.694455   0.155836
  2816  57.533039 207.807398 -33.421843  -2.038551  -1.708003  -1.708003  -0.000000   0.000000 -26.880579 268.649503 272.442408   0.100271   0.172099 269.727175   0.155836
  2817  59.201514 207.870806 -32.224600  -1.505686  -1.606953  -1.606953  -0.000000   0.000000 -26.550339 268.698350 272.444183   0.100278   0.172099 269.760097   0.155837
  2818  60.881781 207.937057 -31.015612  -0.968833  -1.505157  -1.505157  -0.000000   0.000000 -26.220828 268.747229 272.446102   0.100284   0.172099 269.793216   0.155837
  2819  62.573439 208.006149 -29.795159  -0.428290  -1.402646  -1.402646  -0.000000   0.000000 -25.892117 268.796128 272.448166   0.100291   0.172100 269.826532   0.155838
  2820  64.276100 208.078077 -28.563511   0.115651  -1.299450  -1.299450  -0.000000   0.000000 -25.564267 268.845038 272.450371   0.100298   0.172100 269.864012   0.155838
  2821  65.989390 208.299656 -27.187327   0.136872  -1.222943  -1.222943  -0.000000   0.000000 -25.237336 268.914508 272.452808   0.100304   0.172100 269.926804   0.155838
  2822  67.712946 208.505296 -25.900050   0.563376  -1.095843  -1.095843  -0.000000   0.000000 -24.768099 268.981983 272.455464   0.100311   0.172100 269.986483   0.155839
  2823  69.446419 208.706119 -24.601424   0.984054  -0.970550  -0.970550  -0.000000   0.000000 -24.314365 269.048203 272.458331   0.100317   0.172100 270.044557   0.155839
  2824  71.189470 208.900805 -23.295877   1.414500  -0.845654  -0.845654  -0.000000   0.000000 -23.870899 269.113172 272.461401   0.100322   0.172100 270.100926   0.155839
  2825  72.941773 209.089766 -21.983305   1.852125  -0.721344  -0.721344  -0.000000   0.000000 -23.437607 269.177019 272.464667   0.100328   0.172100 270.155738   0.155840
  2826  74.703012 209.275040 -20.662616   2.290414  -0.597588  -0.597588  -0.000000   0.000000 -23.013531 269.240071 272.468122   0.100334   0.172100 270.209409   0.155840
  2827  76.472881 209.459946 -19.332332   2.721389  -0.473945  -0.473945  -0.000000   0.000000 -22.596356 269.302808 272.471762   0.100339   0.172100 270.262576   0.155840
  2828  78.251086 209.648373 -17.991087   3.137651  -0.349617  -0.349617  -0.000000   0.000000 -22.182684 269.365781 272.475588   0.100344   0.172100 270.315968   0.155840
  2829  80.037341 209.844395 -16.637621   3.532376  -0.223631  -0.223631  -0.000000   0.000000 -21.768651 269.429559 272.479600   0.100349   0.172100 270.370343   0.155840
  2830  81.831369 210.051927 -15.270890   3.899778  -0.094938  -0.094938  -0.000000   0.000000 -21.350285 269.494685 272.483802   0.100354   0.172100 270.426429   0.155840
  2831  83.632903 210.274453 -13.890135   4.235405   0.037497   0.037497   0.000000  -0.000000 -20.923816 269.561637 272.488199   0.100358   0.172100 270.484870   0.155840
  2832  85.441685 210.514829 -12.494911   4.536290   0.174621   0.174621   0.000000  -0.000000 -20.485934 269.630806 272.492800   0.100363   0.172100 270.546197   0.155840
  2833  87.257465 210.775164 -11.085096   4.800955   0.317240   0.317240   0.000000  -0.000000 -20.033958 269.702477 272.497613   0.100367   0.172100 270.610804   0.155840
  2834  89.080000 211.056770  -9.660866   5.029319   0.465974   0.465974   0.000000  -0.000000 -19.565948 269.776826 272.502646   0.100370   0.172100 270.678939   0.155840
  2835  90.909056 211.360173  -8.222664   5.222517   0.621245   0.621245   0.000000  -0.000000 -19.080744 269.853919 272.507910   0.100374   0.172100 270.750706   0.155840
  2836  92.744406 211.685176  -6.771154   5.382682   0.783270   0.783270   0.000000  -0.000000 -18.577937 269.933726 272.513414   0.100378   0.172100 270.826078   0.155840
  2837  94.585829 212.030947  -5.307167   5.512704   0.952075   0.952075   0.000000  -0.000000 -18.057816 270.016129 272.519167   0.100381   0.172100 270.904914   0.155839
  2838  96.433114 212.396135  -3.831655   5.616003   1.127512   1.127512   0.000000  -0.000000 -17.521261 270.100941 272.525175   0.100384   0.172100 270.986976   0.155839
  2839  98.286052 212.778986  -2.345649   5.696314   1.309286   1.309286   0.000000  -0.000000 -16.969638 270.187920 272.531445   0.100386   0.172100 271.071955   0.155839
  2840 100.144444 213.177458  -0.850212   5.757512   1.496986   1.496986   0.000000  -0.000000 -16.404676 270.276789 272.537982   0.100388   0.172100 271.159492   0.155838
  2841 102.008096 213.589333   0.653586   5.803461   1.690112   1.690112   0.000000  -0.000000 -15.828355 270.367248 272.544791   0.100390   0.172099 271.249193   0.155838
  2842 103.876820 214.012308   2.164700   5.837906   1.888105   1.888105   0.000000  -0.000000 -15.242799 270.458988 272.551873   0.100392   0.172099 271.340653   0.155837
  2843 105.750434 214.444077   3.682127   5.864387   2.090372   2.090372   0.000000  -0.000000 -14.650190 270.551702 272.559229   0.100394   0.172099 271.433467   0.155836
  2844 107.628759 214.882389   5.204918   5.886182   2.296305   2.296305   0.000000  -0.000000 -14.052686 270.645092 272.566859   0.100395   0.172099 271.527239   0.155836
  2845 109.511626 215.325105   6.732196   5.906278   2.505302   2.505302   0.000000  -0.000000 -13.452369 270.738875 272.574761   0.100396   0.172099 271.621598   0.155835
  2846 111.398866 215.770227   8.263151   5.927347   2.716778   2.716778   0.000000  -0.000000 -12.851197 270.832793 272.582932   0.100396   0.172099 271.716194   0.155834
  2847 113.290318 216.215924   9.797052   5.951747   2.930181   2.930181   0.000000  -0.000000 -12.250977 270.926607 272.591370   0.100396   0.172099 271.810713   0.155833
  2848 115.185825 216.660544  11.333239   5.981527   3.144993   3.144993   0.000000  -0.000000 -11.653340 271.020107 272.600069   0.100396   0.172099 271.904870   0.155832
  2849 117.085234 217.102622  12.871130   6.018438   3.360739   3.360739   0.000000  -0.000000 -11.059737 271.113105 272.609024   0.100396   0.172099 271.998416   0.155831
  2850 118.988397 217.540882  14.410212   6.063942   3.576990   3.576990   0.000000  -0.000000 -10.471434 271.205442 272.618230   0.100395   0.172099 272.091135   0.155830
  2851 120.895171 217.974241  15.950052   6.119199   3.793363   3.793363   0.000000  -0.000000  -9.889515 271.296982 272.627679   0.100394   0.172099 272.182843   0.155829
  2852 122.805414 218.401800  17.490285   6.185099   4.009525   4.009525   0.000000  -0.000000  -9.314877 271.387616 272.637365   0.100392   0.172099 272.273394   0.155827
  2853 124.718991 218.822844  19.030612   6.262283   4.225196   4.225196   0.000000  -0.000000  -8.748243 271.477257 272.647281   0.100391   0.172099 272.362668   0.155826
  2854 126.635770 219.236825  20.570799   6.351155   4.440140   4.440140   0.000000  -0.000000  -8.190170 271.565841 272.657421   0.100389   0.172099 272.450578   0.155825
  2855 128.555622 219.643354  22.110666   6.451909   4.654172   4.654172   0.000000  -0.000000  -7.641061 271.653322 272.667776   0.100386   0.172099 272.537063   0.155823
  2856 130.478422 220.042187  23.650090   6.564545   4.867150   4.867150   0.000000   0.000000  -7.101175 271.739676 272.678339   0.100384   0.172099 272.622086   0.155822
  2857 132.404047 220.433217  25.188995   6.688884   5.078975   5.078975   0.000000   0.000000  -6.570646 271.824892 272.689104   0.100381   0.172099 272.705635   0.155820
  2858 134.332380 220.816453  26.727349   6.824595   5.289589   5.289589   0.000000   0.000000  -6.049488 271.908976 272.700064   0.100378   0.172099 272.787715   0.155818
  2859 136.263305 221.192018  28.265158   6.971205   5.498966   5.498966   0.000000   0.000000  -5.537615 271.991947 272.711211   0.100374   0.172099 272.868353   0.155817
  2860 138.196710 221.560127  29.802466   7.128121   5.707116   5.707116   0.000000   0.000000  -5.034848 272.656126 272.725106   0.100370   0.172099 273.198587   0.155815
  2861 140.132485 221.921080  28.911303  19.390299   7.731874   7.731874   0.000000   0.000000  -0.482859 272.729074 272.739101   0.100363   0.172099 273.272512   0.155812
  2862 142.070523 222.451988  30.639582  18.651866   7.650841   7.650841   0.000000   0.000000  -0.070183 272.863595 272.753466   0.100357   0.172098 273.391926   0.155810
  2863 144.010722 222.954652  32.085570  19.383019   7.798142   7.798142   0.000000   0.000000   0.770907 272.990152 272.768162   0.100350   0.172098 273.504400   0.155807
  2864 145.952979 223.450053  33.559202  19.977898   7.908970   7.908970   0.000000   0.000000   1.553930 273.116212 272.783184   0.100343   0.172098 273.615512   0.155805
  2865 147.897196 223.937635  35.028633  20.601753   8.011915   8.011915   0.000000   0.000000   2.331201 273.241319 272.798523   0.100336   0.172098 273.725010   0.155802
  2866 149.843277 224.419029  36.497206  21.237321   8.101800   8.101800   0.000000   0.000000   3.099575 273.366999 272.814178   0.100328   0.172098 273.833663   0.155800
  2867 151.791127 224.895615  37.959680  21.912202   8.140297   8.140297   0.000000   0.000000   3.869744 273.492001 272.830144   0.100321   0.172098 273.941174   0.155797
  2868 153.740657 225.369009  39.422723  22.591892   8.170950   8.170950   0.000000   0.000000   4.632999 273.616637 272.846415   0.100314   0.172098 274.047862   0.155795
  2869 155.691775 225.840296  40.885944  23.278496   8.194694   8.194694   0.000000   0.000000   5.391552 273.741044 272.862988   0.100307   0.172098 274.153915   0.155792
  2870 157.644396 226.310438  42.349573  23.970843   8.212189   8.212189   0.000000   0.000000   6.146397 273.865353 272.879857   0.100299   0.172098 274.259502   0.155789
  2871 159.598434 226.780211  43.813701  24.668445   8.224058   8.224058   0.000000   0.000000   6.898469 273.989664 272.897021   0.100292   0.172098 274.364757   0.155787
  2872 161.553806 227.250196  45.278360  25.371067   8.230820   8.230820   0.000000   0.000000   7.648500 274.114051 272.914477   0.100285   0.172097 274.469780   0.155784
  2873 163.510432 227.720775  46.743523  26.078737   8.232895   8.232895   0.000000   0.000000   8.397018 274.238557 272.932221   0.100277   0.172097 274.574631   0.155781
  2874 165.468231 228.192142  48.209113  26.791702   8.230601   8.230601   0.000000   0.000000   9.144347 274.363199 272.950253   0.100270   0.172097 274.679340   0.155779
  2875 167.427127 228.664316  49.675014  27.510360   8.224163   8.224163   0.000000   0.000000   9.890619 274.487968 272.968570   0.100263   0.172097 274.783904   0.155776
  2876 169.387044 229.137169  51.141082  28.235215   8.213720   8.213720   0.000000   0.000000  10.635788 274.612835 272.987169   0.100256   0.172097 274.888290   0.155774
  2877 171.347908 229.610457  52.607160  28.966809   8.199343   8.199343   0.000000   0.000000  11.379667 274.737754 273.006047   0.100249   0.172097 274.992450   0.155771
  2878 173.309647 230.083851  54.073085  29.705675   8.181050   8.181050   0.000000   0.000000  12.121951 274.862668 273.025203   0.100241   0.172097 275.096315   0.155768
  2879 175.272191 230.556975  55.538703  30.452288   8.158821   8.158821   0.000000   0.000000  12.862256 274.987512 273.044632   0.100234   0.172097 275.199810   0.155766
  2880 177.235471 231.029438  57.003873  31.207022   8.132618   8.132618   0.000000   0.000000  13.600160 275.112222 273.064333   0.100227   0.172097 275.302859   0.155763
  2881 179.199418 231.500864  58.468482  31.970099   8.102397   8.102397   0.000000   0.000000  14.335229 275.236738 273.084300   0.100220   0.172097 275.405386   0.155761
  2882 181.163968 231.970921  59.932436  32.741642   8.068133   8.068133   0.000000   0.000000  15.067061 275.361003 273.104532   0.100214   0.172096 275.507325   0.155758
  2883 183.129054 232.439340  61.395679  33.521602   8.029819   8.029819   0.000000   0.000000  15.795300 275.484975 273.125023   0.100207   0.172096 275.608622   0.155755
  2884 185.094615 232.905932  62.858182  34.309787   7.987479   7.987479   0.000000   0.000000  16.519658 275.608619 273.145771   0.100200   0.172096 275.709236   0.155753
  2885 187.060588 233.370591  64.319946  35.105874   7.941177   7.941177   0.000000   0.000000  17.239935 275.731917 273.166772   0.100194   0.172096 275.809144   0.155750
  2886 189.026913 233.833299  65.780995  35.909434   7.891015   7.891015   0.000000   0.000000  17.956020 275.854863 273.188021   0.100187   0.172096 275.908336   0.155748
  2887 190.993530 234.294117  67.241372  36.719961   7.837131   7.837131   0.000000   0.000000  18.667894 275.977460 273.209514   0.100181   0.172096 276.006819   0.155745
  2888 192.960381 234.753177  68.701131  37.536901   7.779699   7.779699   0.000000   0.000000  19.375622 276.099634 273.231249   0.100174   0.172096 276.104591   0.155743
  2889 194.927409 235.210667  70.160737  38.357473   7.721968   7.721968   0.000000   0.000000  20.078694 276.220150 273.253216   0.100168   0.172096 276.201394   0.155740
  2890 196.894559 235.666792  71.625703  39.150939   7.705915   7.705915   0.000000   0.000000  20.768541 276.340476 273.275411   0.100162   0.172096 276.297660   0.155738
  2891 198.861775 236.121541  73.089614  39.952357   7.687238   7.687238   0.000000   0.000000  21.455453 276.460505 273.297832   0.100156   0.172096 276.393398   0.155736
  2892 200.829004 236.575198  74.553147  40.757766   7.666018   7.666018   0.000000   0.000000  22.138713 276.580288 273.320476   0.100150   0.172096 276.488681   0.155733
  2893 202.796193 237.028002  76.016267  41.567198   7.642506   7.642506   0.000000   0.000000  22.818689 276.699856 273.343340   0.100144   0.172095 276.583564   0.155731
  2894 204.763292 237.480165  77.478994  42.380354   7.616890   7.616890   0.000000   0.000000  23.495614 276.819235 273.366421   0.100138   0.172095 276.678094   0.155728
  2895 206.730248 237.931856  78.941324  43.197069   7.589345   7.589345   0.000000   0.000000  24.169699 276.938448 273.389718   0.100132   0.172095 276.772311   0.155726
  2896 208.697014 238.383200  80.403240  44.017249   7.560024   7.560024   0.000000   0.000000  24.841111 277.057509 273.413227   0.100126   0.172095 276.866244   0.155723
  2897 210.663539 238.834275  81.864710  44.840865   7.529055   7.529055   0.000000   0.000000  25.509971 277.176426 273.436947   0.100120   0.172095 276.959911   0.155721
  2898 212.629777 239.285114  83.325693  45.667937   7.496542   7.496542   0.000000   0.000000  26.176351 277.295201 273.460876   0.100115   0.172095 277.053323   0.155719
  2899 214.595680 239.735711  84.786141  46.498513   7.462568   7.462568   0.000000   0.000000  26.840275 277.413830 273.485011   0.100109   0.172095 277.146483   0.155716
  2900 216.561202 240.186028  86.246003  47.332652   7.427197   7.427197   0.000000   0.000000  27.501732 277.532304 273.509350   0.100104   0.172095 277.239388   0.155714
  2901 218.526299 240.636006  87.705228  48.170409   7.390476   7.390476   0.000000   0.000000  28.160678 277.650612 273.533891   0.100098   0.172095 277.332031   0.155712
  2902 220.490925 241.085577  89.163768  49.011814   7.352443   7.352443   0.000000   0.000000  28.817050 277.768742 273.558631   0.100093   0.172095 277.424401   0.155709
  2903 222.455038 241.534669  90.621583  49.856868   7.313132   7.313132   0.000000   0.000000  29.470775 277.886681 273.583569   0.100087   0.172095 277.516489   0.155707
  2904 224.418594 241.983218  92.078638  50.705536   7.272574   7.272574   0.000000   0.000000  30.121780 278.004417 273.608703   0.100082   0.172094 277.608285   0.155705
  2905 226.381551 242.431172  93.534906  51.557741   7.230802   7.230802   0.000000   0.000000  30.770001 278.121942 273.634029   0.100077   0.172094 277.699783   0.155702
  2906 228.343868 242.878498  94.990368  52.413372   7.187856   7.187856   0.000000   0.000000  31.415389 278.239248 273.659546   0.100072   0.172094 277.790981   0.155700
  2907 230.305504 243.325186  96.445011  53.272289   7.143781   7.143781   0.000000   0.000000  32.057916 278.356333 273.685251   0.100067   0.172094 277.881876   0.155698
  2908 232.266420 243.771240  97.898828  54.134329   7.098630   7.098630   0.000000   0.000000  32.697574 278.473196 273.711143   0.100062   0.172094 277.972475   0.155695
  2909 234.226576 244.216686  99.351813  54.999319   7.052464   7.052464   0.000000   0.000000  33.334375 278.589840 273.737218   0.100057   0.172094 278.062782   0.155693
  2910 236.185933 244.661561 100.803965  55.867087   7.005347   7.005347   0.000000   0.000000  33.968352 278.706268 273.763476   0.100052   0.172094 278.152808   0.155691
  2911 238.144453 245.105912 102.255277  56.737468   6.957349   6.957349   0.000000   0.000000  34.599549 278.822487 273.789913   0.100048   0.172094 278.242562   0.155689
  2912 240.102100 245.549787 103.705744  57.610317   6.908541   6.908541   0.000000   0.000000  35.228019 278.938503 273.816528   0.100043   0.172094 278.332056   0.155687
  2913 242.058836 245.993234 105.155355  58.485510   6.858990   6.858990   0.000000   0.000000  35.853819 279.054320 273.843320   0.100038   0.172094 278.421300   0.155684
  2914 244.014624 246.436292 106.604093  59.362952   6.808764   6.808764   0.000000   0.000000  36.477001 279.169944 273.870285   0.100034   0.172094 278.510302   0.155682
  2915 245.969430 246.878992 108.051940  60.242572   6.757923   6.757923   0.000000   0.000000  37.097612 279.285378 273.897422   0.100030   0.172094 278.599071   0.155680
  2916 247.923219 247.321349 109.498871  61.124327   6.706521   6.706521   0.000000   0.000000  37.715688 279.400623 273.924730   0.100025   0.172093 278.687609   0.155678
  2917 249.875955 247.763366 110.944856  62.008193   6.654607   6.654607   0.000000   0.000000  38.331251 279.515679 273.952206   0.100021   0.172093 278.775921   0.155676
  2918 251.827605 248.205031 112.389864  62.894165   6.602218   6.602218   0.000000   0.000000  38.944310 279.630543 273.979849   0.100017   0.172093 278.864004   0.155674
  2919 253.778135 248.646322 113.833861  63.782246   6.549390   6.549390   0.000000   0.000000  39.554858 279.745210 274.007656   0.100013   0.172093 278.951856   0.155672
  2920 255.727512 249.087205 115.276812  64.672442   6.496148   6.496148   0.000000   0.000000  40.162879 279.859676 274.035627   0.100009   0.172093 279.039473   0.155670
  2921 257.675704 249.527640 116.718682  65.564761   6.442515   6.442515   0.000000   0.000000  40.768346 279.973934 274.063759   0.100005   0.172093 279.126849   0.155668
  2922 259.622679 249.967581 118.159438  66.459203   6.388510   6.388510   0.000000   0.000000  41.371227 280.087977 274.092050   0.100002   0.172093 279.213978   0.155666
  2923 261.568406 250.406984 119.599047  67.355762   6.334148   6.334148   0.000000   0.000000  41.971484 280.201797 274.120500   0.099998   0.172093 279.300851   0.155664
  2924 263.512852 250.845804 121.037479  68.254419   6.279447   6.279447   0.000000   0.000000  42.569082 280.315388 274.149104   0.099994   0.172093 279.387464   0.155662
  2925 265.455988 251.283998 122.474707  69.155149   6.224421   6.224421   0.000000   0.000000  43.163984 280.428743 274.177863   0.099991   0.172093 279.473810   0.155660
  2926 267.397783 251.721531 123.910704  70.057916   6.169088   6.169088   0.000000   0.000000  43.756158 280.541857 274.206774   0.099988   0.172093 279.559884   0.155658
  2927 269.338207 252.158367 125.345445  70.962680   6.113465   6.113465   0.000000   0.000000  44.345579 280.654725 274.235836   0.099984   0.172093 279.645680   0.155656
  2928 271.277232 252.594479 126.778907  71.869397   6.057572   6.057572   0.000000   0.000000  44.932223 280.767342 274.265046   0.099981   0.172093 279.731197   0.155654
  2929 273.214828 253.029841 128.211068  72.778020   6.001429   6.001429   0.000000   0.000000  45.516073 280.879704 274.294402   0.099978   0.172092 279.816429   0.155652
  2930 275.150966 253.464429 129.641903  73.688507   5.945056   5.945056   0.000000   0.000000  46.097116 280.991809 274.323903   0.099975   0.172092 279.901376   0.155650
  2931 277.085618 253.898223 131.071390  74.600818   5.888476   5.888476   0.000000   0.000000  46.675340 281.103653 274.353548   0.099972   0.172092 279.986033   0.155648
  2932 279.018757 254.331199 132.499504  75.514920   5.831709   5.831709   0.000000   0.000000  47.250735 281.215232 274.383333   0.099969   0.172092 280.070399   0.155646
  2933 280.950355 254.763334 133.926222  76.430782   5.774775   5.774775   0.000000   0.000000  47.823292 281.326544 274.413258   0.099966   0.172092 280.154471   0.155644
  2934 282.880385 255.194603 135.351517  77.348383   5.717695   5.717695   0.000000   0.000000  48.392999 281.437584 274.443321   0.099964   0.172092 280.238246   0.155643
  2935 284.808820 255.624977 136.775363  78.267703   5.660484   5.660484   0.000000   0.000000  48.959844 281.548350 274.473519   0.099961   0.172092 280.321719   0.155641
  2936 286.735634 256.054428 138.197734  79.188727   5.603160   5.603160   0.000000   0.000000  49.523812 281.658836 274.503852   0.099959   0.172092 280.404888   0.155639
  2937 288.660800 256.482922 139.618603  80.111442   5.545737   5.545737   0.000000   0.000000  50.084885 281.769038 274.534317   0.099956   0.172092 280.487748   0.155637
  2938 290.584294 256.910426 141.037943  81.035833   5.488228   5.488228   0.000000   0.000000  50.643046 281.878952 274.564912   0.099954   0.172092 280.570294   0.155635
  2939 292.506088 257.336906 142.455728  81.961886   5.430647   5.430647   0.000000   0.000000  51.198273 281.988572 274.595637   0.099952   0.172092 280.652521   0.155634
  2940 294.426160 257.762326 143.871934  82.889585   5.373004   5.373004   0.000000   0.000000  51.750547 282.097895 274.626488   0.099949   0.172092 280.734425   0.155632
  2941 296.344482 258.186654 145.286534  83.818909   5.315312   5.315312   0.000000   0.000000  52.299847 282.206915 274.657464   0.099947   0.172092 280.816002   0.155630
  2942 298.261032 258.609856 146.699505  84.749837   5.257580   5.257580   0.000000   0.000000  52.846154 282.315628 274.688564   0.099945   0.172092 280.897246   0.155629
  2943 300.175784 259.031901 148.110824  85.682342   5.199822   5.199822   0.000000   0.000000  53.389449 282.424031 274.719786   0.099943   0.172092 280.978154   0.155627
  2944 302.088715 259.452759 149.520469  86.616397   5.142047   5.142047   0.000000   0.000000  53.929716 282.532119 274.751127   0.099942   0.172091 281.058723   0.155625
  2945 303.999802 259.872404 150.928418  87.551972   5.084268   5.084268   0.000000   0.000000  54.466941 282.639888 274.782587   0.099940   0.172091 281.138947   0.155624
  2946 305.909020 260.290809 152.334650  88.489038   5.026496   5.026496   0.000000   0.000000  55.001112 282.747337 274.814163   0.099938   0.172091 281.218825   0.155622
  2947 307.816347 260.707950 153.739144  89.427562   4.968744   4.968744   0.000000   0.000000  55.532218 282.854460 274.845853   0.099937   0.172091 281.298354   0.155621
  2948 309.721759 261.123805 155.141879  90.367515   4.911025   4.911025   0.000000   0.000000  56.060250 282.961257 274.877657   0.099935   0.172091 281.377531   0.155619
  2949 311.625235 261.538349 156.542835  91.308867   4.853350   4.853350   0.000000   0.000000  56.585200 283.067723 274.909571   0.099934   0.172091 281.456353   0.155617
  2950 313.526752 261.951563 157.941992  92.251589   4.795730   4.795730   0.000000   0.000000  57.107062 283.173857 274.941595   0.099932   0.172091 281.534818   0.155616
  2951 315.426287 262.363425 159.339330  93.195652   4.738179   4.738179   0.000000   0.000000  57.625831 283.279655 274.973727   0.099931   0.172091 281.612923   0.155614
  2952 317.323819 262.773914 160.734830  94.141027   4.680707   4.680707   0.000000   0.000000  58.141500 283.385116 275.005964   0.099930   0.172091 281.690667   0.155613
  2953 319.219326 263.183011 162.128470  95.087687   4.623326   4.623326   0.000000   0.000000  58.654064 283.490238 275.038306   0.099929   0.172091 281.768048   0.155612
  2954 321.112788 263.590694 163.520234  96.035603   4.566045   4.566045   0.000000   0.000000  59.163520 283.595017 275.070751   0.099928   0.172091 281.845062   0.155610
  2955 323.004181 263.996946 164.910100  96.984747   4.508876   4.508876   0.000000   0.000000  59.669863 283.699452 275.103296   0.099927   0.172091 281.921709   0.155609
  2956 324.893487 264.401748 166.298052  97.935089   4.451828   4.451828   0.000000   0.000000  60.173090 283.803541 275.135941   0.099926   0.172091 281.997987   0.155607
  2957 326.780683 264.805081 167.684070  98.886597   4.394911   4.394911   0.000000   0.000000  60.673199 283.907281 275.168683   0.099925   0.172091 282.073893   0.155606
  2958 328.665750 265.206931 169.068138  99.839241   4.338136   4.338136   0.000000   0.000000  61.170188 284.010672 275.201521   0.099925   0.172091 282.149426   0.155604
  2959 330.548666 265.607281 170.450239 100.792987   4.281511   4.281511   0.000000   0.000000  61.664057 284.113712 275.234454   0.099924   0.172091 282.224585   0.155603
  2960 332.429413 266.006118 171.830355 101.747801   4.225047   4.225047   0.000000   0.000000  62.154807 284.216399 275.267479   0.099924   0.172091 282.299370   0.155602
  2961 334.307970 266.403428 173.208471 102.703650   4.168752   4.168752   0.000000   0.000000  62.642440 284.318732 275.300595   0.099923   0.172091 282.373778   0.155600
  2962 336.184317 266.799200 174.584570 103.660500   4.112637   4.112637   0.000000   0.000000  63.126958 284.420710 275.333800   0.099923   0.172090 282.447810   0.155599
  2963 338.058435 267.193424 175.958638 104.618315   4.056710   4.056710   0.000000   0.000000  63.608366 284.515387 275.367063   0.099923   0.172090 282.520547   0.155598
  2964 339.930304 267.586088 177.363669 105.379063   4.255764   4.255764   0.000000   0.000000  64.038269 284.609119 275.400379   0.099922   0.172090 282.592833   0.155597
  2965 341.799906 267.976203 178.768615 106.128220   4.500880   4.500880   0.000000   0.000000  64.461180 284.702435 275.433748   0.099921   0.172090 282.664589   0.155595
  2966 343.667221 268.363772 180.170956 106.880489   4.745042   4.745042   0.000000   0.000000  64.880814 284.795299 275.467167   0.099920   0.172090 282.735814   0.155594
  2967 345.532230 268.748868 181.570919 107.634435   4.988259   4.988259   0.000000   0.000000  65.296930 284.887724 275.500635   0.099919   0.172090 282.806521   0.155592
  2968 347.394916 269.131550 182.968491 108.390089   5.230658   5.230658   0.000000   0.000000  65.709621 284.979714 275.534151   0.099917   0.172090 282.876722   0.155590
  2969 349.255258 269.511867 184.363684 109.147313   5.472332   5.472332   0.000000   0.000000  66.118935 285.071274 275.567715   0.099915   0.172090 282.946427   0.155589
  2970 351.113240 269.889867 185.756506 109.906005   5.713363   5.713363   0.000000   0.000000  66.524918 285.162411 275.601323   0.099913   0.172090 283.015644   0.155587
  2971 352.968843 270.265589 187.146960 110.666067   5.953822   5.953822   0.000000   0.000000  66.927615 285.253128 275.634976   0.099911   0.172090 283.084381   0.155585
  2972 354.822049 270.639071 188.535049 111.427412   6.193768   6.193768   0.000000   0.000000  67.327065 285.343429 275.668671   0.099908   0.172090 283.152647   0.155583
  2973 356.672841 271.010346 189.920774 112.189958   6.433256   6.433256   0.000000   0.000000  67.723309 285.433320 275.702408   0.099905   0.172090 283.220449   0.155581
  2974 358.521200 271.379445 191.304136 112.953630   6.672329   6.672329   0.000000   0.000000  68.116383 285.522803 275.736186   0.099902   0.172090 283.287792   0.155579
  2975 360.367109 271.746396 192.685133 113.718358   6.911030   6.911030   0.000000   0.000000  68.506322 285.611883 275.770003   0.099898   0.172090 283.354683   0.155577
  2976 362.210551 272.111226 194.063763 114.484075   7.149392   7.149392   0.000000   0.000000  68.893159 285.700562 275.803858   0.099894   0.172090 283.421127   0.155574
  2977 364.051509 272.473959 195.440023 115.250718   7.387446   7.387446   0.000000   0.000000  69.276928 285.788844 275.837750   0.099890   0.172089 283.487130   0.155572
  2978 365.889965 272.834620 196.813909 116.018230   7.625220   7.625220   0.000000   0.000000  69.657659 285.876733 275.871678   0.099886   0.172089 283.552697   0.155569
  2979 367.725903 273.193228 198.185418 116.786554   7.862736   7.862736   0.000000   0.000000  70.035384 285.964231 275.905641   0.099881   0.172089 283.617834   0.155567
  2980 369.559306 273.549807 199.554544 117.555638   8.100017   8.100017   0.000000   0.000000  70.410133 286.051343 275.939638   0.099876   0.172089 283.682543   0.155564
  2981 371.390157 273.904376 200.921282 118.325430   8.337081   8.337081   0.000000   0.000000  70.781935 286.138070 275.973667   0.099871   0.172089 283.746832   0.155562
  2982 373.218440 274.256953 202.285626 119.095882   8.573943   8.573943   0.000000   0.000000  71.150818 286.224416 276.007728   0.099866   0.172089 283.810702   0.155559
  2983 375.044139 274.607557 203.647572 119.866948   8.810619   8.810619   0.000000   0.000000  71.516810 286.310383 276.041820   0.099860   0.172089 283.874160   0.155556
  2984 376.867236 274.956207 205.007112 120.638583   9.047121   9.047121   0.000000   0.000000  71.879939 286.395975 276.075942   0.099854   0.172089 283.937208   0.155553
  2985 378.687717 275.302918 206.364241 121.410744   9.283461   9.283461   0.000000   0.000000  72.240231 286.481194 276.110093   0.099848   0.172089 283.999852   0.155550
  2986 380.505565 275.647708 207.718951 122.183388   9.519648   9.519648   0.000000   0.000000  72.597713 286.566044 276.144271   0.099842   0.172089 284.062094   0.155547
  2987 382.320765 275.990593 209.071237 122.956475   9.755692   9.755692   0.000000   0.000000  72.952411 286.650526 276.178476   0.099835   0.172088 284.123939   0.155544
  2988 384.133300 276.331589 210.421091 123.729965   9.991600   9.991600   0.000000   0.000000  73.304350 286.734643 276.212707   0.099828   0.172088 284.185390   0.155541
  2989 385.943155 276.670712 211.768506 124.503819  10.227379  10.227379   0.000000   0.000000  73.653557 286.818399 276.246963   0.099821   0.172088 284.246452   0.155538
  2990 387.750314 277.007976 213.113476 125.278000  10.463035  10.463035   0.000000   0.000000  74.000055 286.901796 276.281243   0.099813   0.172088 284.307127   0.155534
  2991 389.554763 277.343398 214.455994 126.052471  10.698575  10.698575   0.000000   0.000000  74.343870 286.984836 276.315546   0.099806   0.172088 284.367419   0.155531
  2992 391.356486 277.676991 215.796053 126.827195  10.934001  10.934001   0.000000   0.000000  74.685027 287.067521 276.349872   0.099798   0.172088 284.427332   0.155528
  2993 393.155467 278.008772 217.133645 127.602137  11.169320  11.169320   0.000000   0.000000  75.023549 287.149856 276.384219   0.099790   0.172088 284.486870   0.155524
  2994 394.951692 278.338753 218.468763 128.377262  11.404533  11.404533   0.000000   0.000000  75.359461 287.231842 276.418586   0.099781   0.172088 284.546034   0.155520
  2995 396.745146 278.666951 219.801402 129.152537  11.639646  11.639646   0.000000   0.000000  75.692787 287.313481 276.452974   0.099773   0.172087 284.604830   0.155517
  2996 398.535814 278.993378 221.131553 129.927928  11.874660  11.874660   0.000000   0.000000  76.023550 287.394776 276.487380   0.099764   0.172087 284.663261   0.155513
  2997 400.323681 279.318051 222.459209 130.703402  12.109578  12.109578   0.000000   0.000000  76.351773 287.475731 276.521805   0.099755   0.172087 284.721329   0.155509
  2998 402.108733 279.640981 223.784363 131.478927  12.344402  12.344402   0.000000   0.000000  76.677480 287.556346 276.556247   0.099745   0.172087 284.779038   0.155505
  2999 403.890955 279.962184 225.107009 132.254471  12.579134  12.579134   0.000000   0.000000  77.000694 287.636625 276.590706   0.099736   0.172087 284.836391   0.155501
  3000 405.670333 280.281674 226.427139 133.030003  12.813775  12.813775   0.000000   0.000000  77.321437 287.716570 276.625180   0.099726   0.172087 284.893392   0.155497
  3001 407.446852 280.599463 227.744746 133.805493  13.048327  13.048327   0.000000   0.000000  77.639733 287.796184 276.659670   0.099716   0.172086 284.950043   0.155493
  3002 409.220498 280.915567 229.059823 134.580910  13.282790  13.282790   0.000000   0.000000  77.955602 287.875469 276.694174   0.099705   0.172086 285.006348   0.155489
  3003 410.991258 281.229998 230.372364 135.356224  13.517167  13.517167   0.000000   0.000000  78.269068 287.954427 276.728691   0.099695   0.172086 285.062310   0.155484
  3004 412.759117 281.542770 231.682362 136.131406  13.751456  13.751456   0.000000   0.000000  78.580153 288.033061 276.763222   0.099684   0.172086 285.117931   0.155480
  3005 414.524061 281.853896 232.989809 136.906427  13.985659  13.985659   0.000000   0.000000  78.888877 288.111374 276.797765   0.099673   0.172086 285.173216   0.155475
  3006 416.286076 282.163391 234.294698 137.681257  14.219777  14.219777   0.000000   0.000000  79.195264 288.189366 276.832319   0.099662   0.172086 285.228167   0.155471
  3007 418.045150 282.471266 235.597024 138.455870  14.453809  14.453809   0.000000   0.000000  79.499333 288.267042 276.866884   0.099650   0.172085 285.282787   0.155466
  3008 419.801267 282.777537 236.896779 139.230237  14.687756  14.687756   0.000000   0.000000  79.801107 288.344403 276.901459   0.099638   0.172085 285.337080   0.155462
  3009 421.554414 283.082215 238.193957 140.004330  14.921617  14.921617   0.000000   0.000000  80.100606 288.421451 276.936044   0.099626   0.172085 285.391047   0.155457
  3010 423.304579 283.385314 239.488550 140.778122  15.155392  15.155392   0.000000   0.000000  80.397851 288.498189 276.970637   0.099614   0.172085 285.444692   0.155452
  3011 425.051747 283.686846 240.780552 141.551588  15.389082  15.389082   0.000000   0.000000  80.692863 288.574619 277.005239   0.099602   0.172085 285.498018   0.155447
  3012 426.795906 283.986826 242.069957 142.324699  15.622686  15.622686   0.000000   0.000000  80.985662 288.650744 277.039849   0.099589   0.172085 285.551028   0.155442
  3013 428.537042 284.285265 243.356758 143.097432  15.856203  15.856203   0.000000   0.000000  81.276267 288.726565 277.074465   0.099576   0.172084 285.603725   0.155437
  3014 430.275141 284.582176 244.640948 143.869759  16.089633  16.089633   0.000000   0.000000  81.564700 288.802085 277.109088   0.099563   0.172084 285.656111   0.155432
  3015 432.010192 284.877571 245.922521 144.641655  16.322976  16.322976   0.000000   0.000000  81.850979 288.877305 277.143716   0.099550   0.172084 285.708190   0.155427
  3016 433.742181 285.171464 247.201471 145.413096  16.556230  16.556230   0.000000   0.000000  82.135125 288.952229 277.178350   0.099536   0.172084 285.759963   0.155421
  3017 435.471094 285.463867 248.477790 146.184057  16.789396  16.789396   0.000000   0.000000  82.417156 289.026858 277.212988   0.099523   0.172084 285.811435   0.155416
  3018 437.196920 285.754792 249.751472 146.954514  17.022472  17.022472   0.000000   0.000000  82.697091 289.101195 277.247631   0.099509   0.172083 285.862606   0.155411
  3019 438.919646 286.044251 251.022511 147.724442  17.255457  17.255457   0.000000   0.000000  82.974949 289.175241 277.282276   0.099494   0.172083 285.913481   0.155405
  3020 440.639258 286.332256 252.290901 148.493818  17.488351  17.488351   0.000000   0.000000  83.250750 289.248998 277.316925   0.099480   0.172083 285.964062   0.155400
  3021 442.355744 286.618819 253.556636 149.262619  17.721153  17.721153   0.000000   0.000000  83.524511 289.322469 277.351576   0.099465   0.172083 286.014351   0.155394
  3022 444.069093 286.903953 254.819708 150.030821  17.953862  17.953862   0.000000   0.000000  83.796250 289.395656 277.386229   0.099450   0.172083 286.064352   0.155388
  3023 445.779290 287.187668 256.080112 150.798401  18.186476  18.186476   0.000000   0.000000  84.065986 289.468560 277.420883   0.099435   0.172082 286.114066   0.155382
  3024 447.486325 287.469977 257.337841 151.565338  18.418994  18.418994   0.000000   0.000000  84.333736 289.541184 277.455538   0.099420   0.172082 286.163496   0.155376
  3025 449.190184 287.750891 258.592889 152.331609  18.651417  18.651417   0.000000   0.000000  84.599518 289.613529 277.490194   0.099404   0.172082 286.212645   0.155371
  3026 450.890856 288.030422 259.845250 153.097192  18.883741  18.883741   0.000000   0.000000  84.863349 289.685598 277.524849   0.099389   0.172082 286.261515   0.155364
  3027 452.588327 288.308581 261.094918 153.862065  19.115967  19.115967   0.000000   0.000000  85.125246 289.757393 277.559503   0.099373   0.172081 286.310109   0.155358
  3028 454.282588 288.585378 262.341886 154.626208  19.348092  19.348092   0.000000   0.000000  85.385227 289.828915 277.594157   0.099357   0.172081 286.358428   0.155352
  3029 455.973624 288.860826 263.586149 155.389598  19.580116  19.580116   0.000000   0.000000  85.643307 289.900166 277.628808   0.099340   0.172081 286.406476   0.155346
  3030 457.661424 289.134935 264.827700 156.152216  19.812037  19.812037   0.000000   0.000000  85.899504 289.971148 277.663458   0.099324   0.172081 286.454255   0.155340
  3031 459.345977 289.407716 266.066534 156.914041  20.043854  20.043854   0.000000   0.000000  86.153834 290.041863 277.698105   0.099307   0.172080 286.501768   0.155333
  3032 461.027271 289.679180 267.302643 157.675052  20.275566  20.275566   0.000000   0.000000  86.406313 290.112314 277.732748   0.099290   0.172080 286.549015   0.155327
  3033 462.705293 289.949338 268.536023 158.435230  20.507171  20.507171   0.000000   0.000000  86.656956 290.182500 277.767389   0.099273   0.172080 286.596001   0.155320
  3034 464.380032 290.218199 269.766667 159.194554  20.738667  20.738667   0.000000   0.000000  86.905780 290.252425 277.802025   0.099255   0.172080 286.642727   0.155314
  3035 466.051477 290.485775 270.994570 159.953005  20.970054  20.970054   0.000000   0.000000  87.152800 290.322090 277.836657   0.099238   0.172080 286.689194   0.155307
  3036 467.719616 290.752077 272.219724 160.710565  21.201329  21.201329   0.000000   0.000000  87.398031 290.391497 277.871285   0.099220   0.172079 286.735407   0.155300
  3037 469.384437 291.017113 273.442125 161.467213  21.432491  21.432491   0.000000   0.000000  87.641489 290.460648 277.905907   0.099202   0.172079 286.781366   0.155293
  3038 471.045929 291.280895 274.661766 162.222932  21.663539  21.663539   0.000000   0.000000  87.883187 290.529543 277.940523   0.099183   0.172079 286.827074   0.155286
  3039 472.704081 291.543432 275.878642 162.977702  21.894471  21.894471   0.000000   0.000000  88.123143 290.598186 277.975133   0.099165   0.172078 286.872533   0.155279
  3040 474.358880 291.804735 277.092747 163.731505  22.125286  22.125286   0.000000   0.000000  88.361368 290.666577 278.009737   0.099146   0.172078 286.917745   0.155272
  3041 476.010317 292.064812 278.304075 164.484324  22.355981  22.355981   0.000000   0.000000  88.597879 290.734719 278.044335   0.099128   0.172078 286.962713   0.155265
  3042 477.658380 292.323675 279.512620 165.236140  22.586555  22.586555   0.000000   0.000000  88.832689 290.802612 278.078924   0.099109   0.172078 287.007438   0.155258
  3043 479.303058 292.581332 280.718376 165.986936  22.817007  22.817007   0.000000   0.000000  89.065813 290.870259 278.113507   0.099089   0.172077 287.051922   0.155251
  3044 480.944339 292.837793 281.921338 166.736694  23.047335  23.047335   0.000000   0.000000  89.297263 290.937660 278.148081   0.099070   0.172077 287.096167   0.155243
  3045 482.582212 293.093067 283.121499 167.485397  23.277536  23.277536   0.000000   0.000000  89.527054 291.004818 278.182647   0.099050   0.172077 287.140176   0.155236
  3046 484.216667 293.347164 284.318855 168.233029  23.507611  23.507611   0.000000   0.000000  89.755199 291.071735 278.217204   0.099030   0.172077 287.183950   0.155228
  3047 485.847693 293.600093 285.513399 168.979572  23.737555  23.737555   0.000000   0.000000  89.981712 291.138410 278.251752   0.099010   0.172076 287.227492   0.155221
  3048 487.475279 293.851863 286.705126 169.725009  23.967369  23.967369   0.000000   0.000000  90.206605 291.204847 278.286291   0.098990   0.172076 287.270802   0.155213
  3049 489.099414 294.102483 287.894030 170.469326  24.197050  24.197050   0.000000   0.000000  90.429892 291.271047 278.320820   0.098970   0.172076 287.313884   0.155205
  3050 490.720087 294.351962 289.080105 171.212505  24.426595  24.426595   0.000000   0.000000  90.651586 291.337010 278.355339   0.098949   0.172075 287.356739   0.155198
  3051 492.337287 294.600309 290.263347 171.954530  24.656005  24.656005   0.000000   0.000000  90.871698 291.402739 278.389847   0.098928   0.172075 287.399369   0.155190
  3052 493.951005 294.847532 291.443748 172.695386  24.885276  24.885276   0.000000   0.000000  91.090242 291.468235 278.424345   0.098907   0.172075 287.441775   0.155182
  3053 495.561228 295.093641 292.621305 173.435058  25.114406  25.114406   0.000000   0.000000  91.307229 291.533499 278.458831   0.098886   0.172075 287.483960   0.155174
  3054 497.167948 295.338643 293.796010 174.173529  25.343394  25.343394   0.000000   0.000000  91.522673 291.598532 278.493306   0.098865   0.172074 287.525925   0.155166
  3055 498.771153 295.582547 294.967859 174.910785  25.572239  25.572239   0.000000   0.000000  91.736584 291.663337 278.527769   0.098843   0.172074 287.567672   0.155158
  3056 500.370833 295.825361 296.136847 175.646811  25.800937  25.800937   0.000000   0.000000  91.948975 291.727914 278.562220   0.098822   0.172074 287.609203   0.155149
  3057 501.966977 296.067094 297.302967 176.381593  26.029487  26.029487   0.000000   0.000000  92.159857 291.792264 278.596658   0.098800   0.172073 287.650519   0.155141
  3058 503.559575 296.307753 298.466214 177.115115  26.257887  26.257887   0.000000   0.000000  92.369242 291.856390 278.631084   0.098778   0.172073 287.691623   0.155133
  3059 505.148617 296.547347 299.626583 177.847363  26.486135  26.486135   0.000000   0.000000  92.577142 291.920292 278.665497   0.098755   0.172073 287.732515   0.155124
  3060 506.734093 296.785884 300.784068 178.578323  26.714229  26.714229   0.000000   0.000000  92.783567 291.983972 278.699896   0.098733   0.172072 287.773198   0.155116
  3061 508.315993 297.023371 301.938664 179.307981  26.942168  26.942168   0.000000   0.000000  92.988528 292.047430 278.734282   0.098710   0.172072 287.813674   0.155107
  3062 509.894305 297.259817 303.090365 180.036323  27.169948  27.169948   0.000000   0.000000  93.192037 292.110669 278.768654   0.098688   0.172072 287.853943   0.155098
  3063 511.469021 297.495228 304.239166 180.763336  27.397568  27.397568   0.000000   0.000000  93.394104 292.173689 278.803012   0.098665   0.172071 287.894007   0.155090
  3064 513.040130 297.729613 305.385063 181.489006  27.625026  27.625026   0.000000   0.000000  93.594740 292.236491 278.837355   0.098641   0.172071 287.933869   0.155081
  3065 514.607622 297.962978 306.528048 182.213319  27.852320  27.852320   0.000000   0.000000  93.793955 292.299077 278.871683   0.098618   0.172071 287.973529   0.155072
  3066 516.171488 298.195333 307.668118 182.936263  28.079448  28.079448   0.000000   0.000000  93.991760 292.361448 278.905996   0.098594   0.172070 288.012989   0.155063
  3067 517.731716 298.426682 308.805266 183.657824  28.306407  28.306407   0.000000   0.000000  94.188165 292.423605 278.940294   0.098571   0.172070 288.052251   0.155054
  3068 519.288299 298.657035 309.939488 184.377991  28.533196  28.533196   0.000000   0.000000  94.383180 292.485550 278.974576   0.098547   0.172070 288.091317   0.155045
  3069 520.841224 298.886398 311.070778 185.096749  28.759812  28.759812   0.000000   0.000000  94.576814 292.547283 279.008843   0.098523   0.172069 288.130187   0.155036
  3070 522.390484 299.114778 312.199130 185.814086  28.986253  28.986253   0.000000   0.000000  94.769079 292.608805 279.043093   0.098499   0.172069 288.168863   0.155026
  3071 523.936068 299.342182 313.324541 186.529991  29.212517  29.212517   0.000000   0.000000  94.959983 292.670118 279.077327   0.098474   0.172069 288.207346   0.155017
  3072 525.477966 299.568617 314.447004 187.244451  29.438602  29.438602   0.000000   0.000000  95.149536 292.731223 279.111544   0.098450   0.172068 288.245639   0.155008
  3073 527.016170 299.794090 315.566514 187.957454  29.664505  29.664505   0.000000   0.000000  95.337748 292.792120 279.145745   0.098425   0.172068 288.283742   0.154998
  3074 528.550668 300.018607 316.683067 188.668988  29.890225  29.890225   0.000000   0.000000  95.524628 292.852811 279.179928   0.098400   0.172068 288.321657   0.154988
  3075 530.081452 300.242176 317.796656 189.379041  30.115759  30.115759   0.000000   0.000000  95.710184 292.913297 279.214093   0.098375   0.172067 288.359385   0.154979
  3076 531.608513 300.464802 318.907277 190.087602  30.341104  30.341104   0.000000   0.000000  95.894427 292.973579 279.248242   0.098350   0.172067 288.396928   0.154969
  3077 533.131840 300.686493 320.014925 190.794659  30.566259  30.566259   0.000000   0.000000  96.077364 293.033658 279.282372   0.098324   0.172066 288.434287   0.154959
  3078 534.651425 300.907254 321.119594 191.500201  30.791222  30.791222   0.000000   0.000000  96.259006 293.093535 279.316484   0.098299   0.172066 288.471463   0.154950
  3079 536.167257 301.127092 322.221280 192.204217  31.015989  31.015989   0.000000   0.000000  96.439361 293.153211 279.350578   0.098273   0.172066 288.508458   0.154940
  3080 537.679328 301.346014 323.319977 192.906696  31.240559  31.240559   0.000000   0.000000  96.618436 293.212687 279.384653   0.098247   0.172065 288.545272   0.154930
  3081 539.187629 301.564026 324.415680 193.607626  31.464929  31.464929   0.000000   0.000000  96.796242 293.271964 279.418709   0.098221   0.172065 288.581908   0.154920
  3082 540.692150 301.781133 325.508385 194.306998  31.689098  31.689098   0.000000   0.000000  96.972785 293.331043 279.452746   0.098195   0.172065 288.618367   0.154909
  3083 542.192881 301.997342 326.598086 195.004800  31.913062  31.913062   0.000000   0.000000  97.148075 293.389924 279.486764   0.098168   0.172064 288.654649   0.154899
  3084 543.689815 302.212659 327.684778 195.701022  32.136819  32.136819   0.000000   0.000000  97.322120 293.448609 279.520763   0.098142   0.172064 288.690756   0.154889
  3085 545.182941 302.427089 328.768456 196.395654  32.360367  32.360367   0.000000   0.000000  97.494928 293.507099 279.554741   0.098115   0.172063 288.726690   0.154879
  3086 546.672250 302.640640 329.849116 197.088685  32.583704  32.583704   0.000000   0.000000  97.666506 293.565395 279.588700   0.098088   0.172063 288.762451   0.154868
  3087 548.157734 302.853315 330.926753 197.780106  32.806827  32.806827   0.000000   0.000000  97.836863 293.623497 279.622639   0.098061   0.172063 288.798041   0.154858
  3088 549.639384 303.065122 332.001360 198.469906  33.029733  33.029733   0.000000   0.000000  98.006007 293.681406 279.656557   0.098034   0.172062 288.833460   0.154847
  3089 551.117190 303.276065 333.072934 199.158075  33.252421  33.252421   0.000000   0.000000  98.173944 293.739124 279.690455   0.098007   0.172062 288.868711   0.154837
  3090 552.591144 303.486151 334.141470 199.844605  33.474888  33.474888   0.000000   0.000000  98.340683 293.796650 279.724332   0.097979   0.172061 288.903794   0.154826
  3091 554.061236 303.695385 335.206963 200.529484  33.697131  33.697131   0.000000   0.000000  98.506232 293.853987 279.758187   0.097952   0.172061 288.938710   0.154815
  3092 555.527459 303.903772 336.269407 201.212704  33.919148  33.919148   0.000000   0.000000  98.670596 293.911134 279.792022   0.097924   0.172061 288.973461   0.154804
  3093 556.989802 304.111318 337.328799 201.894256  34.140937  34.140937   0.000000   0.000000  98.833785 293.968093 279.825835   0.097896   0.172060 289.008047   0.154793
  3094 558.448258 304.318028 338.385132 202.574130  34.362495  34.362495   0.000000   0.000000  98.995805 294.024865 279.859627   0.097868   0.172060 289.042471   0.154782
  3095 559.902817 304.523907 339.438403 203.252317  34.583819  34.583819   0.000000   0.000000  99.156663 294.081449 279.893397   0.097840   0.172059 289.076732   0.154771
  3096 561.353471 304.728961 340.488607 203.928807  34.804907  34.804907   0.000000   0.000000  99.316366 294.137848 279.927145   0.097811   0.172059 289.110832   0.154760
  3097 562.800212 304.933195 341.535739 204.603593  35.025757  35.025757   0.000000   0.000000  99.474921 294.194062 279.960871   0.097783   0.172059 289.144771   0.154749
  3098 564.243030 305.136614 342.579794 205.276665  35.246366  35.246366   0.000000   0.000000  99.632335 294.250091 279.994574   0.097754   0.172058 289.178553   0.154738
  3099 565.681917 305.339223 343.620767 205.948015  35.466731  35.466731   0.000000   0.000000  99.788615 294.305936 280.028255   0.097725   0.172058 289.212176   0.154726
  3100 567.116864 305.541027 344.658654 206.617633  35.686850  35.686850   0.000000   0.000000  99.943767 294.361599 280.061913   0.097696   0.172057 289.245642   0.154715
  3101 568.547864 305.742030 345.693449 207.285513  35.906720  35.906720   0.000000   0.000000 100.097798 294.417079 280.095548   0.097667   0.172057 289.278952   0.154704
  3102 569.974907 305.942239 346.725150 207.951644  36.126339  36.126339   0.000000   0.000000 100.250715 294.472378 280.129161   0.097638   0.172056 289.312108   0.154692
  3103 571.397985 306.141657 347.753749 208.616019  36.345705  36.345705   0.000000   0.000000 100.402523 294.527496 280.162749   0.097609   0.172056 289.345110   0.154680
  3104 572.817090 306.340290 348.779244 209.278630  36.564814  36.564814   0.000000   0.000000 100.553230 294.582435 280.196315   0.097579   0.172056 289.377959   0.154669
  3105 574.232213 306.538142 349.801629 209.939469  36.783664  36.783664   0.000000   0.000000 100.702842 294.637194 280.229856   0.097549   0.172055 289.410657   0.154657
  3106 575.643346 306.735218 350.820900 210.598528  37.002253  37.002253   0.000000   0.000000 100.851364 294.691775 280.263374   0.097519   0.172055 289.443203   0.154645
  3107 577.050481 306.931522 351.837052 211.255798  37.220578  37.220578   0.000000   0.000000 100.998803 294.746177 280.296868   0.097490   0.172054 289.475600   0.154633
  3108 578.453610 307.127059 352.850081 211.911273  37.438635  37.438635   0.000000   0.000000 101.145165 294.800403 280.330338   0.097459   0.172054 289.507847   0.154621
  3109 579.852723 307.321834 353.859981 212.564944  37.656424  37.656424   0.000000   0.000000 101.290456 294.854452 280.363783   0.097429   0.172053 289.539947   0.154609
  3110 581.247814 307.515851 354.866750 213.216804  37.873940  37.873940   0.000000   0.000000 101.434682 294.908325 280.397204   0.097399   0.172053 289.571900   0.154597
  3111 582.638874 307.709114 355.870381 213.866845  38.091182  38.091182   0.000000   0.000000 101.577848 294.962023 280.430600   0.097368   0.172052 289.603706   0.154585
  3112 584.025894 307.901629 356.870871 214.515061  38.308147  38.308147   0.000000   0.000000 101.719961 295.015547 280.463971   0.097338   0.172052 289.635368   0.154573
  3113 585.408867 308.093398 357.868214 215.161443  38.524831  38.524831   0.000000   0.000000 101.861026 295.068896 280.497318   0.097307   0.172051 289.666885   0.154560
  3114 586.787785 308.284427 358.862408 215.805985  38.741233  38.741233   0.000000   0.000000 102.001048 295.122072 280.530639   0.097276   0.172051 289.698258   0.154548
  3115 588.162640 308.474720 359.853446 216.448680  38.957350  38.957350   0.000000   0.000000 102.140034 295.175076 280.563935   0.097245   0.172051 289.729490   0.154536
  3116 589.533423 308.664280 360.841325 217.089520  39.173179  39.173179   0.000000   0.000000 102.277989 295.227907 280.597205   0.097214   0.172050 289.760579   0.154523
  3117 590.900127 308.853113 361.826041 217.728499  39.388717  39.388717   0.000000   0.000000 102.414917 295.280568 280.630450   0.097183   0.172050 289.791528   0.154511
  3118 592.262744 309.041222 362.807588 218.365609  39.603961  39.603961   0.000000   0.000000 102.550826 295.333057 280.663668   0.097151   0.172049 289.822336   0.154498
  3119 593.621266 309.228611 363.785963 219.000845  39.818910  39.818910   0.000000   0.000000 102.685718 295.385376 280.696861   0.097120   0.172049 289.853006   0.154485
  3120 600.525480 309.415284 369.200997 219.634199  40.033560  40.033560   0.000000   0.000000 102.819601 295.538825 280.730477   0.097088   0.172048 289.891625   0.154472
  3121 601.877977 309.601245 369.635391 223.533254  40.749619  40.749619   0.000000   0.000000 103.658436 295.577642 280.764000   0.097056   0.172048 289.920983   0.154459
  3122 603.226347 309.799564 370.687728 223.674749  40.897666  40.897666   0.000000   0.000000 103.695489 295.632983 280.797507   0.097023   0.172047 289.953386   0.154446
  3123 604.570582 309.993854 371.644903 224.370848  41.128680  41.128680   0.000000   0.000000 103.848330 295.685509 280.830985   0.096991   0.172047 289.984966   0.154433
  3124 605.910675 310.186773 372.612370 224.982485  41.346302  41.346302   0.000000   0.000000 103.981668 295.738130 280.864436   0.096958   0.172046 290.016334   0.154420
  3125 607.246618 310.378114 373.574426 225.604881  41.565033  41.565033   0.000000   0.000000 104.115860 295.790432 280.897858   0.096926   0.172046 290.047426   0.154407
  3126 608.578403 310.568058 374.533436 226.223782  41.782786  41.782786   0.000000   0.000000 104.248023 295.842495 280.931251   0.096893   0.172045 290.078276   0.154393
  3127 609.906023 310.756702 375.489061 226.841279  41.999940  41.999940   0.000000   0.000000 104.378713 295.894322 280.964615   0.096860   0.172045 290.108899   0.154380
  3128 611.229470 310.944133 376.441364 227.457024  42.216489  42.216489   0.000000   0.000000 104.507950 295.945923 280.997949   0.096827   0.172044 290.139308   0.154366
  3129 612.548738 311.130425 377.390346 228.071038  42.432477  42.432477   0.000000   0.000000 104.635815 295.997306 281.031253   0.096794   0.172044 290.169516   0.154353
  3130 613.863817 311.315637 378.336015 228.683288  42.647932  42.647932   0.000000   0.000000 104.762368 296.048479 281.064528   0.096760   0.172043 290.199530   0.154339
  3131 615.174701 311.499822 379.278375 229.293752  42.862877  42.862877   0.000000   0.000000 104.887661 296.099448 281.097772   0.096727   0.172043 290.229360   0.154325
  3132 616.481382 311.683024 380.217431 229.902409  43.077332  43.077332   0.000000   0.000000 105.011735 296.150218 281.130985   0.096694   0.172042 290.259013   0.154312
  3133 617.783854 311.865281 381.153187 230.509239  43.291312  43.291312   0.000000   0.000000 105.134628 296.200792 281.164168   0.096660   0.172042 290.288494   0.154298
  3134 619.082108 312.046626 382.085643 231.114224  43.504829  43.504829   0.000000   0.000000 105.256373 296.251176 281.197319   0.096626   0.172041 290.317810   0.154284
  3135 620.376137 312.227087 383.014802 231.717348  43.717895  43.717895   0.000000   0.000000 105.376998 296.301372 281.230440   0.096592   0.172041 290.346964   0.154270
  3136 621.665935 312.406690 383.940664 232.318596  43.930518  43.930518   0.000000   0.000000 105.496527 296.351383 281.263529   0.096558   0.172040 290.375960   0.154256
  3137 622.951493 312.585457 384.863229 232.917953  44.142704  44.142704   0.000000   0.000000 105.614981 296.401212 281.296586   0.096524   0.172040 290.404804   0.154242
  3138 624.232804 312.763409 385.782498 233.515407  44.354461  44.354461   0.000000   0.000000 105.732381 296.450862 281.329613   0.096490   0.172039 290.433497   0.154228
  3139 625.509862 312.940562 386.698469 234.110944  44.565791  44.565791   0.000000   0.000000 105.848744 296.500333 281.362607   0.096456   0.172038 290.462043   0.154213
  3140 626.782659 313.116934 387.611142 234.704553  44.776698  44.776698   0.000000   0.000000 105.964085 296.549629 281.395570   0.096421   0.172038 290.490444   0.154199
  3141 628.051188 313.292539 388.520514 235.296224  44.987187  44.987187   0.000000   0.000000 106.078418 296.598751 281.428500   0.096387   0.172037 290.518703   0.154185
  3142 629.315442 313.467389 389.426586 235.885946  45.197257  45.197257   0.000000   0.000000 106.191757 296.647701 281.461399   0.096352   0.172037 290.546822   0.154170
  3143 630.575413 313.641498 390.329354 236.473710  45.406912  45.406912   0.000000   0.000000 106.304114 296.696479 281.494265   0.096317   0.172036 290.574803   0.154156
  3144 631.831095 313.814876 391.228817 237.059505  45.616152  45.616152   0.000000   0.000000 106.415499 296.745088 281.527099   0.096283   0.172036 290.602648   0.154141
  3145 633.082481 313.987534 392.124973 237.643325  45.824978  45.824978   0.000000   0.000000 106.525922 296.793528 281.559900   0.096248   0.172035 290.630358   0.154127
  3146 634.329564 314.159481 393.017819 238.225159  46.033390  46.033390   0.000000   0.000000 106.635393 296.841801 281.592669   0.096213   0.172035 290.657937   0.154112
  3147 635.572336 314.330725 393.907353 238.805001  46.241387  46.241387   0.000000   0.000000 106.743921 296.889908 281.625406   0.096178   0.172034 290.685384   0.154097
  3148 636.810791 314.501276 394.793573 239.382842  46.448971  46.448971   0.000000   0.000000 106.851514 296.937850 281.658110   0.096142   0.172034 290.712702   0.154082
  3149 638.044923 314.671141 395.676475 239.958676  46.656140  46.656140   0.000000   0.000000 106.958180 296.985627 281.690780   0.096107   0.172033 290.739891   0.154067
  3150 639.274723 314.840328 396.556057 240.532496  46.862892  46.862892   0.000000   0.000000 107.063925 297.033241 281.723419   0.096072   0.172032 290.766954   0.154052
  3151 640.500185 315.008842 397.432316 241.104294  47.069229  47.069229   0.000000   0.000000 107.168758 297.080693 281.756024   0.096036   0.172032 290.793891   0.154037
  3152 641.721303 315.176692 398.305250 241.674065  47.275147  47.275147   0.000000   0.000000 107.272684 297.127983 281.788595   0.096000   0.172031 290.820703   0.154022
  3153 642.938070 315.343882 399.174856 242.241801  47.480646  47.480646   0.000000   0.000000 107.375710 297.175112 281.821134   0.095965   0.172031 290.847392   0.154007
  3154 644.150478 315.510419 400.041129 242.807498  47.685724  47.685724   0.000000   0.000000 107.477842 297.222080 281.853640   0.095929   0.172030 290.873959   0.153992
  3155 645.358522 315.676309 400.904069 243.371149  47.890380  47.890380   0.000000   0.000000 107.579085 297.268890 281.886112   0.095893   0.172030 290.900405   0.153976
  3156 646.562194 315.841556 401.763670 243.932748  48.094613  48.094613   0.000000   0.000000 107.679445 297.315540 281.918551   0.095857   0.172029 290.926730   0.153961
  3157 647.761488 316.006167 402.619931 244.492291  48.298419  48.298419   0.000000   0.000000 107.778927 297.362033 281.950956   0.095821   0.172028 290.952936   0.153946
  3158 648.956398 316.170145 403.472849 245.049771  48.501798  48.501798   0.000000   0.000000 107.877537 297.408367 281.983328   0.095785   0.172028 290.979024   0.153930
  3159 650.146915 316.333496 404.322419 245.605184  48.704748  48.704748   0.000000   0.000000 107.975279 297.454545 282.015666   0.095748   0.172027 291.004994   0.153915
  3160 651.333035 316.496224 405.168639 246.158524  48.907266  48.907266   0.000000   0.000000 108.072157 297.500567 282.047970   0.095712   0.172027 291.030848   0.153899
  3161 652.514751 316.658334 406.011507 246.709787  49.109351  49.109351   0.000000   0.000000 108.168178 297.546432 282.080240   0.095675   0.172026 291.056586   0.153883
  3162 653.692056 316.819830 406.851018 247.258968  49.311000  49.311000   0.000000   0.000000 108.263344 297.592142 282.112477   0.095639   0.172025 291.082209   0.153868
  3163 654.864943 316.980716 407.687169 247.806062  49.512211  49.512211   0.000000   0.000000 108.357661 297.637698 282.144679   0.095602   0.172025 291.107717   0.153852
  3164 656.033406 317.140996 408.519958 248.351065  49.712982  49.712982   0.000000   0.000000 108.451132 297.683099 282.176847   0.095565   0.172024 291.133113   0.153836
  3165 657.197439 317.300675 409.349381 248.893973  49.913311  49.913311   0.000000   0.000000 108.543762 297.728346 282.208981   0.095529   0.172024 291.158396   0.153820
  3166 658.357035 317.459755 410.175435 249.434780  50.113196  50.113196   0.000000   0.000000 108.635554 297.773440 282.241081   0.095492   0.172023 291.183567   0.153804
  3167 659.512188 317.618241 410.998117 249.973483  50.312633  50.312633   0.000000   0.000000 108.726513 297.818381 282.273147   0.095455   0.172022 291.208627   0.153788
  3168 660.662892 317.776136 411.817423 250.510077  50.511621  50.511621   0.000000   0.000000 108.816642 297.863170 282.305178   0.095418   0.172022 291.233576   0.153772
  3169 661.809140 317.933443 412.633351 251.044560  50.710157  50.710157   0.000000   0.000000 108.905945 297.907807 282.337174   0.095381   0.172021 291.258416   0.153755
  3170 662.950926 318.090167 413.445897 251.576926  50.908239  50.908239   0.000000   0.000000 108.994426 297.952292 282.369137   0.095343   0.172021 291.283146   0.153739
  3171 664.088244 318.246310 414.255058 252.107171  51.105865  51.105865   0.000000   0.000000 109.082087 297.996626 282.401064   0.095306   0.172020 291.307769   0.153723
  3172 665.221088 318.401876 415.060831 252.635293  51.303031  51.303031   0.000000   0.000000 109.168933 298.040809 282.432957   0.095269   0.172019 291.332283   0.153706
  3173 666.349450 318.556868 415.863213 253.161287  51.499736  51.499736   0.000000   0.000000 109.254967 298.084842 282.464814   0.095231   0.172019 291.356691   0.153690
  3174 667.473327 318.711289 416.662201 253.685150  51.695977  51.695977   0.000000   0.000000 109.340193 298.128725 282.496637   0.095194   0.172018 291.380992   0.153673
  3175 668.592710 318.865142 417.457791 254.206878  51.891751  51.891751   0.000000   0.000000 109.424612 298.172458 282.528425   0.095156   0.172018 291.405187   0.153657
  3176 669.707594 319.018431 418.249980 254.726468  52.087056  52.087056   0.000000   0.000000 109.508230 298.216042 282.560178   0.095118   0.172017 291.429277   0.153640
  3177 670.817973 319.171158 419.038766 255.243916  52.281889  52.281889   0.000000   0.000000 109.591048 298.259477 282.591896   0.095080   0.172016 291.453262   0.153623
  3178 671.923841 319.323326 419.824144 255.759219  52.476248  52.476248   0.000000   0.000000 109.673070 298.302764 282.623578   0.095043   0.172016 291.477143   0.153607
  3179 673.025192 319.474938 420.606113 256.272373  52.670130  52.670130   0.000000   0.000000 109.754299 298.345902 282.655226   0.095005   0.172015 291.500921   0.153590
  3180 674.122020 319.625997 421.384669 256.783376  52.863533  52.863533   0.000000   0.000000 109.834738 298.388893 282.686837   0.094967   0.172014 291.524595   0.153573
  3181 675.214319 319.776506 422.159809 257.292225  53.056453  53.056453   0.000000   0.000000 109.914389 298.431736 282.718414   0.094929   0.172014 291.548168   0.153556
  3182 676.302083 319.926467 422.931530 257.798915  53.248889  53.248889   0.000000   0.000000 109.993257 298.474432 282.749955   0.094890   0.172013 291.571639   0.153539
  3183 677.385306 320.075883 423.699828 258.303445  53.440837  53.440837   0.000000   0.000000 110.071343 298.516981 282.781460   0.094852   0.172012 291.595008   0.153522
  3184 678.463982 320.224756 424.464701 258.805811  53.632295  53.632295   0.000000   0.000000 110.148650 298.559384 282.812929   0.094814   0.172012 291.618277   0.153505
  3185 679.538105 320.373090 425.226146 259.306010  53.823261  53.823261   0.000000   0.000000 110.225181 298.601640 282.844363   0.094776   0.172011 291.641446   0.153488
  3186 680.607671 320.520888 425.984160 259.804039  54.013731  54.013731   0.000000   0.000000 110.300940 298.643751 282.875761   0.094737   0.172011 291.664515   0.153470
  3187 681.672672 320.668150 426.738740 260.299897  54.203704  54.203704   0.000000   0.000000 110.375927 298.685716 282.907123   0.094699   0.172010 291.687485   0.153453
  3188 682.733103 320.814881 427.489883 260.793579  54.393175  54.393175   0.000000   0.000000 110.450147 298.727535 282.938449   0.094660   0.172009 291.710356   0.153436
  3189 683.788958 320.961081 428.237585 261.285083  54.582144  54.582144   0.000000   0.000000 110.523601 298.769209 282.969739   0.094622   0.172009 291.733129   0.153418
  3190 684.840232 321.106755 428.981845 261.774406  54.770606  54.770606   0.000000   0.000000 110.596293 298.810739 283.000993   0.094583   0.172008 291.755805   0.153401
  3191 685.886919 321.251904 429.722658 262.261547  54.958560  54.958560   0.000000   0.000000 110.668224 298.852124 283.032210   0.094544   0.172007 291.778384   0.153383
  3192 686.929013 321.396531 430.460023 262.746501  55.146003  55.146003   0.000000   0.000000 110.739398 298.893365 283.063391   0.094505   0.172007 291.800866   0.153365
  3193 687.966509 321.540638 431.193936 263.229268  55.332931  55.332931   0.000000   0.000000 110.809816 298.934462 283.094536   0.094466   0.172006 291.823253   0.153348
  3194 688.999401 321.684227 431.924395 263.709844  55.519343  55.519343   0.000000   0.000000 110.879482 298.975415 283.125644   0.094427   0.172005 291.845543   0.153330
  3195 690.027684 321.827301 432.651396 264.188227  55.705236  55.705236   0.000000   0.000000 110.948397 299.016225 283.156716   0.094388   0.172005 291.867739   0.153312
  3196 691.051351 321.969862 433.374937 264.664414  55.890607  55.890607   0.000000   0.000000 111.016564 299.056891 283.187751   0.094349   0.172004 291.889840   0.153294
  3197 692.070398 322.111912 434.095015 265.138403  56.075453  56.075453   0.000000   0.000000 111.083985 299.097415 283.218749   0.094310   0.172003 291.911846   0.153276
  3198 693.084819 322.253453 434.811627 265.610193  56.259772  56.259772   0.000000   0.000000 111.150663 299.137796 283.249710   0.094271   0.172003 291.933760   0.153258
  3199 694.094609 322.394488 435.524770 266.079780  56.443560  56.443560   0.000000   0.000000 111.216599 299.178034 283.280635   0.094232   0.172002 291.955580   0.153240
  3200 695.099762 322.535019 436.234442 266.547162  56.626816  56.626816   0.000000   0.000000 111.281796 299.218130 283.311522   0.094192   0.172001 291.977307   0.153222
  3201 696.100272 322.675048 436.940641 267.012338  56.809537  56.809537   0.000000   0.000000 111.346257 299.258085 283.342373   0.094153   0.172001 291.998942   0.153204
  3202 697.096135 322.814577 437.643362 267.475305  56.991719  56.991719   0.000000   0.000000 111.409983 299.297897 283.373186   0.094114   0.172000 292.020485   0.153186
  3203 698.087345 322.953608 438.342604 267.936060  57.173361  57.173361   0.000000   0.000000 111.472977 299.337568 283.403962   0.094074   0.171999 292.041936   0.153168
  3204 699.073897 323.092143 439.038363 268.394603  57.354460  57.354460   0.000000   0.000000 111.535240 299.377098 283.434701   0.094035   0.171999 292.063297   0.153149
  3205 700.055785 323.230184 439.730638 268.850931  57.535012  57.535012   0.000000   0.000000 111.596775 299.416486 283.465403   0.093995   0.171998 292.084567   0.153131
  3206 701.033005 323.367734 440.419425 269.305042  57.715016  57.715016   0.000000   0.000000 111.657584 299.455734 283.496067   0.093956   0.171997 292.105747   0.153112
  3207 702.005550 323.504795 441.104722 269.756935  57.894468  57.894468   0.000000   0.000000 111.717669 299.494841 283.526693   0.093916   0.171996 292.126837   0.153094
  3208 702.973416 323.641368 441.786527 270.206606  58.073366  58.073366   0.000000   0.000000 111.777033 299.533808 283.557282   0.093876   0.171996 292.147838   0.153075
  3209 703.936598 323.777455 442.464836 270.654055  58.251708  58.251708   0.000000   0.000000 111.835676 299.572634 283.587834   0.093836   0.171995 292.168751   0.153057
  3210 704.895091 323.913058 443.139647 271.099279  58.429490  58.429490   0.000000   0.000000 111.893601 299.611320 283.618347   0.093797   0.171994 292.189575   0.153038
  3211 705.848888 324.048180 443.810958 271.542277  58.606710  58.606710   0.000000   0.000000 111.950810 299.649866 283.648823   0.093757   0.171994 292.210311   0.153019
  3212 706.797986 324.182823 444.478766 271.983047  58.783366  58.783366   0.000000   0.000000 112.007306 299.688273 283.679260   0.093717   0.171993 292.230959   0.153001
  3213 707.742380 324.316987 445.143068 272.421588  58.959454  58.959454   0.000000   0.000000 112.063089 299.726540 283.709660   0.093677   0.171992 292.251520   0.152982
  3214 708.682063 324.450676 445.803863 272.857897  59.134972  59.134972   0.000000   0.000000 112.118162 299.764668 283.740022   0.093637   0.171992 292.271995   0.152963
  3215 709.617031 324.583890 446.461147 273.291973  59.309918  59.309918   0.000000   0.000000 112.172526 299.802657 283.770345   0.093597   0.171991 292.292383   0.152944
  3216 710.547280 324.716633 447.114918 273.723814  59.484289  59.484289   0.000000   0.000000 112.226184 299.840507 283.800630   0.093557   0.171990 292.312685   0.152925
  3217 711.472804 324.848905 447.765174 274.153419  59.658081  59.658081   0.000000   0.000000 112.279138 299.878219 283.830877   0.093516   0.171989 292.332902   0.152906
  3218 712.393598 324.980709 448.411912 274.580787  59.831294  59.831294   0.000000   0.000000 112.331389 299.915791 283.861086   0.093476   0.171989 292.353034   0.152887
  3219 713.309658 325.112046 449.055130 275.005915  60.003923  60.003923   0.000000   0.000000 112.382938 299.953226 283.891256   0.093436   0.171988 292.373080   0.152867
  3220 714.220978 325.242918 449.694826 275.428803  60.175967  60.175967   0.000000   0.000000 112.433789 299.990522 283.921387   0.093396   0.171987 292.393043   0.152848
  3221 715.127554 325.373328 450.330997 275.849448  60.347422  60.347422   0.000000   0.000000 112.483942 300.027680 283.951480   0.093355   0.171986 292.412921   0.152829
  3222 716.029381 325.503276 450.963640 276.267850  60.518286  60.518286   0.000000   0.000000 112.533399 300.064700 283.981534   0.093315   0.171986 292.432716   0.152810
  3223 716.926454 325.632765 451.592754 276.684006  60.688557  60.688557   0.000000   0.000000 112.582163 300.101583 284.011549   0.093275   0.171985 292.452428   0.152790
  3224 717.818768 325.761796 452.218337 277.097917  60.858232  60.858232   0.000000   0.000000 112.630234 300.138328 284.041526   0.093234   0.171984 292.472057   0.152771
  3225 718.706319 325.890372 452.840385 277.509579  61.027309  61.027309   0.000000   0.000000 112.677615 300.174936 284.071463   0.093194   0.171984 292.491603   0.152751
  3226 719.589102 326.018493 453.458897 277.918993  61.195784  61.195784   0.000000   0.000000 112.724307 300.211406 284.101362   0.093153   0.171983 292.511068   0.152732
  3227 720.467112 326.146161 454.073871 278.326157  61.363655  61.363655   0.000000   0.000000 112.770312 300.247740 284.131221   0.093113   0.171982 292.530450   0.152712
  3228 721.340345 326.273379 454.685304 278.731069  61.530921  61.530921   0.000000   0.000000 112.815631 300.283936 284.161041   0.093072   0.171981 292.549752   0.152692
  3229 722.208795 326.400148 455.293193 279.133728  61.697577  61.697577   0.000000   0.000000 112.860266 300.319996 284.190822   0.093031   0.171981 292.568972   0.152673
  3230 723.072459 326.526470 455.897538 279.534133  61.863622  61.863622   0.000000   0.000000 112.904219 300.355919 284.220563   0.092991   0.171980 292.588112   0.152653
  3231 723.931332 326.652346 456.498336 279.932284  62.029053  62.029053   0.000000   0.000000 112.947491 300.391706 284.250265   0.092950   0.171979 292.607171   0.152633
  3232 724.785409 326.777777 457.095584 280.328178  62.193867  62.193867   0.000000   0.000000 112.990084 300.427356 284.279928   0.092909   0.171978 292.626151   0.152613
  3233 725.634686 326.902767 457.689280 280.721815  62.358063  62.358063   0.000000   0.000000 113.031999 300.462870 284.309551   0.092869   0.171978 292.645051   0.152593
  3234 726.479158 327.027315 458.279423 281.113193  62.521637  62.521637   0.000000   0.000000 113.073239 300.498249 284.339134   0.092828   0.171977 292.663872   0.152573
  3235 727.318821 327.151425 458.866010 281.502313  62.684587  62.684587   0.000000   0.000000 113.113804 300.533491 284.368677   0.092787   0.171976 292.682614   0.152553
  3236 728.153670 327.275097 459.449040 281.889172  62.846910  62.846910   0.000000   0.000000 113.153695 300.568597 284.398181   0.092746   0.171975 292.701277   0.152533
  3237 728.983701 327.398333 460.028510 282.273769  63.008605  63.008605   0.000000   0.000000 113.192916 300.603568 284.427645   0.092705   0.171975 292.719863   0.152513
  3238 729.808909 327.521134 460.604417 282.656104  63.169668  63.169668   0.000000   0.000000 113.231466 300.638404 284.457068   0.092664   0.171974 292.738370   0.152493
  3239 730.629291 327.643503 461.176762 283.036176  63.330097  63.330097   0.000000   0.000000 113.269347 300.673104 284.486452   0.092623   0.171973 292.756801   0.152473
  3240 731.444842 327.765441 461.745540 283.413984  63.489889  63.489889   0.000000   0.000000 113.306562 300.707669 284.515796   0.092582   0.171972 292.775154   0.152452
  3241 732.255557 327.886949 462.310751 283.789880  63.649056  63.649056   0.000000   0.000000 113.343111 300.742090 284.545099   0.092541   0.171972 292.793432   0.152432
  3242 733.061433 328.008032 462.872440 284.163576  63.807543  63.807543   0.000000   0.000000 113.378939 300.776370 284.574362   0.092500   0.171971 292.811634   0.152412
  3243 733.862465 328.128692 463.430598 284.535114  63.965358  63.965358   0.000000   0.000000 113.414059 300.810509 284.603584   0.092459   0.171970 292.829763   0.152391
  3244 734.658648 328.248933 463.985223 284.904483  64.122499  64.122499   0.000000   0.000000 113.448473 300.844507 284.632766   0.092418   0.171969 292.847818   0.152371
  3245 735.449980 328.368757 464.536313 285.271683  64.278964  64.278964   0.000000   0.000000 113.482186 300.878364 284.661907   0.092377   0.171969 292.865800   0.152350
  3246 736.236454 328.488167 465.083865 285.636710  64.434752  64.434752   0.000000   0.000000 113.515200 300.912082 284.691008   0.092336   0.171968 292.883709   0.152329
  3247 737.018068 328.607164 465.627879 285.999562  64.589862  64.589862   0.000000   0.000000 113.547519 300.945659 284.720067   0.092295   0.171967 292.901546   0.152309
  3248 737.794818 328.725751 466.168351 286.360237  64.744292  64.744292   0.000000   0.000000 113.579143 300.979097 284.749086   0.092254   0.171966 292.919311   0.152288
  3249 738.566698 328.843931 466.705279 286.718734  64.898040  64.898040   0.000000   0.000000 113.610077 301.012395 284.778063   0.092213   0.171965 292.937004   0.152267
  3250 739.333706 328.961705 467.238662 287.075049  65.051104  65.051104   0.000000   0.000000 113.640323 301.045554 284.806999   0.092171   0.171965 292.954626   0.152247
  3251 740.095837 329.079075 467.768498 287.429183  65.203483  65.203483   0.000000   0.000000 113.669882 301.078574 284.835894   0.092130   0.171964 292.972178   0.152226
  3252 740.853087 329.196044 468.294785 287.781133  65.355175  65.355175   0.000000   0.000000 113.698757 301.111455 284.864748   0.092089   0.171963 292.989660   0.152205
  3253 741.605452 329.312613 468.817522 288.130898  65.506177  65.506177   0.000000   0.000000 113.726951 301.144197 284.893560   0.092048   0.171962 293.007071   0.152184
  3254 742.352928 329.428784 469.336705 288.478476  65.656488  65.656488   0.000000   0.000000 113.754463 301.176801 284.922330   0.092006   0.171961 293.024413   0.152163
  3255 743.095511 329.544558 469.852335 288.823868  65.806105  65.806105   0.000000   0.000000 113.781298 301.209267 284.951059   0.091965   0.171961 293.041686   0.152142
  3256 743.833198 329.659939 470.364409 289.167071  65.955027  65.955027   0.000000   0.000000 113.807456 301.241595 284.979746   0.091924   0.171960 293.058890   0.152121
  3257 744.565984 329.774927 470.872925 289.508085  66.103252  66.103252   0.000000   0.000000 113.832940 301.273784 285.008392   0.091882   0.171959 293.076026   0.152100
  3258 745.293866 329.889524 471.377882 289.846909  66.250777  66.250777   0.000000   0.000000 113.857750 301.305836 285.036995   0.091841   0.171958 293.093094   0.152078
  3259 746.016840 330.003732 471.879279 290.183543  66.397600  66.397600   0.000000   0.000000 113.881889 301.337750 285.065556   0.091800   0.171958 293.110094   0.152057
  3260 746.734902 330.117552 472.377114 290.517984  66.543719  66.543719   0.000000   0.000000 113.905358 301.369526 285.094075   0.091758   0.171957 293.127027   0.152036
  3261 747.448048 330.230987 472.871385 290.850234  66.689132  66.689132   0.000000   0.000000 113.928158 301.401165 285.122552   0.091717   0.171956 293.143893   0.152015
  3262 748.156275 330.344037 473.362091 291.180291  66.833836  66.833836   0.000000   0.000000 113.950291 301.432667 285.150987   0.091676   0.171955 293.160692   0.151993
  3263 748.859578 330.456705 473.849231 291.508154  66.977831  66.977831   0.000000   0.000000 113.971760 301.464031 285.179379   0.091634   0.171954 293.177424   0.151972
  3264 749.557955 330.568992 474.332803 291.833824  67.121113  67.121113   0.000000   0.000000 113.992563 301.495258 285.207729   0.091593   0.171954 293.194091   0.151950
  3265 750.251401 330.680899 474.812806 292.157300  67.263680  67.263680   0.000000   0.000000 114.012705 301.526348 285.236036   0.091551   0.171953 293.210693   0.151929
  3266 750.939913 330.792429 475.289238 292.478581  67.405530  67.405530   0.000000   0.000000 114.032185 301.557301 285.264300   0.091510   0.171952 293.227229   0.151907
  3267 751.623487 330.903583 475.762099 292.797668  67.546661  67.546661   0.000000   0.000000 114.051005 301.588117 285.292522   0.091468   0.171951 293.243700   0.151886
  3268 752.302120 331.014362 476.231386 293.114559  67.687071  67.687071   0.000000   0.000000 114.069166 301.618796 285.320701   0.091427   0.171950 293.260106   0.151864
  3269 752.975809 331.124767 476.697100 293.429256  67.826758  67.826758   0.000000   0.000000 114.086669 301.649339 285.348836   0.091385   0.171949 293.276448   0.151842
  3270 753.644549 331.234802 477.159238 293.741756  67.965719  67.965719   0.000000   0.000000 114.103517 301.679745 285.376929   0.091344   0.171949 293.292726   0.151821
  3271 754.308337 331.344466 477.617799 294.052061  68.103952  68.103952   0.000000   0.000000 114.119709 301.710014 285.404979   0.091302   0.171948 293.308941   0.151799
  3272 754.967169 331.453761 478.072782 294.360170  68.241456  68.241456   0.000000   0.000000 114.135248 301.740147 285.432985   0.091261   0.171947 293.325092   0.151777
  3273 755.621043 331.562690 478.524186 294.666083  68.378228  68.378228   0.000000   0.000000 114.150134 301.770144 285.460949   0.091219   0.171946 293.341180   0.151755
  3274 756.269955 331.671253 478.972010 294.969800  68.514265  68.514265   0.000000   0.000000 114.164369 301.800004 285.488868   0.091178   0.171945 293.357205   0.151733
  3275 756.913902 331.779451 479.416253 295.271321  68.649567  68.649567   0.000000   0.000000 114.177953 301.829728 285.516744   0.091136   0.171945 293.373168   0.151711
  3276 757.552879 331.887287 479.856914 295.570646  68.784130  68.784130   0.000000   0.000000 114.190888 301.859316 285.544577   0.091095   0.171944 293.389069   0.151689
  3277 758.186884 331.994762 480.293991 295.867775  68.917952  68.917952   0.000000   0.000000 114.203175 301.888768 285.572366   0.091053   0.171943 293.404909   0.151667
  3278 758.815914 332.101878 480.727484 296.162708  69.051033  69.051033   0.000000   0.000000 114.214815 301.918084 285.600111   0.091012   0.171942 293.420687   0.151645
  3279 759.439965 332.208635 481.157391 296.455445  69.183368  69.183368   0.000000   0.000000 114.225809 301.947264 285.627813   0.090970   0.171941 293.436403   0.151623
  3280 760.059034 332.315035 481.583712 296.745986  69.314957  69.314957   0.000000   0.000000 114.236158 301.976308 285.655470   0.090929   0.171940 293.452059   0.151601
  3281 760.673117 332.421080 482.006446 297.034331  69.445797  69.445797   0.000000   0.000000 114.245864 302.005216 285.683084   0.090887   0.171940 293.467655   0.151579
  3282 761.282212 332.526771 482.425591 297.320481  69.575886  69.575886   0.000000   0.000000 114.254926 302.033988 285.710653   0.090846   0.171939 293.483190   0.151557
  3283 761.886316 332.632109 482.841148 297.604436  69.705223  69.705223   0.000000   0.000000 114.263347 302.062625 285.738178   0.090804   0.171938 293.498666   0.151534
  3284 762.485425 332.737096 483.253114 297.886195  69.833804  69.833804   0.000000   0.000000 114.271127 302.091126 285.765659   0.090763   0.171937 293.514081   0.151512
  3285 763.079535 332.841733 483.661489 298.165759  69.961629  69.961629   0.000000   0.000000 114.278268 302.119491 285.793096   0.090721   0.171936 293.529438   0.151490
  3286 763.668645 332.946023 484.066272 298.443128  70.088694  70.088694   0.000000   0.000000 114.284769 302.147721 285.820488   0.090680   0.171935 293.544736   0.151467
  3287 764.252751 333.049965 484.467463 298.718303  70.214999  70.214999   0.000000   0.000000 114.290633 302.175815 285.847835   0.090638   0.171935 293.559974   0.151445
  3288 764.831849 333.153561 484.865060 298.991283  70.340541  70.340541   0.000000   0.000000 114.295860 302.203774 285.875138   0.090597   0.171934 293.575155   0.151422
  3289 765.405938 333.256814 485.259063 299.262069  70.465318  70.465318   0.000000   0.000000 114.300451 302.231597 285.902396   0.090555   0.171933 293.590277   0.151400
  3290 765.975013 333.359723 485.649472 299.530662  70.589328  70.589328   0.000000   0.000000 114.304407 302.259285 285.929609   0.090513   0.171932 293.605342   0.151377
  3291 766.539072 333.462291 486.036284 299.797061  70.712569  70.712569   0.000000   0.000000 114.307729 302.286837 285.956778   0.090472   0.171931 293.620349   0.151355
  3292 767.098113 333.564520 486.419500 300.061267  70.835039  70.835039   0.000000   0.000000 114.310418 302.314255 285.983901   0.090430   0.171930 293.635299   0.151332
  3293 767.652131 333.666409 486.799118 300.323280  70.956737  70.956737   0.000000   0.000000 114.312474 302.341537 286.010979   0.090389   0.171929 293.650193   0.151309
  3294 768.201125 333.767961 487.175139 300.583101  71.077660  71.077660   0.000000   0.000000 114.313900 302.368683 286.038013   0.090347   0.171929 293.665029   0.151287
  3295 768.745091 333.869177 487.547561 300.840730  71.197807  71.197807   0.000000   0.000000 114.314695 302.395695 286.065001   0.090306   0.171928 293.679809   0.151264
  3296 769.284026 333.970058 487.916384 301.096167  71.317175  71.317175   0.000000   0.000000 114.314860 302.422571 286.091943   0.090264   0.171927 293.694533   0.151241
  3297 769.817928 334.070606 488.281608 301.349413  71.435763  71.435763   0.000000   0.000000 114.314397 302.449313 286.118840   0.090223   0.171926 293.709202   0.151218
  3298 770.346795 334.170822 488.643230 301.600468  71.553569  71.553569   0.000000   0.000000 114.313305 302.475919 286.145692   0.090182   0.171925 293.723815   0.151195
  3299 770.870622 334.270707 489.001252 301.849333  71.670591  71.670591   0.000000   0.000000 114.311587 302.502390 286.172498   0.090140   0.171924 293.738373   0.151172
  3300 771.389409 334.370263 489.355672 302.096007  71.786827  71.786827   0.000000   0.000000 114.309243 302.528726 286.199259   0.090099   0.171923 293.752876   0.151149
  3301 771.903150 334.469491 489.706491 302.340493  71.902275  71.902275   0.000000   0.000000 114.306273 302.554927 286.225973   0.090057   0.171923 293.767324   0.151126
  3302 772.411846 334.568392 490.053706 302.582789  72.016934  72.016934   0.000000   0.000000 114.302679 302.580994 286.252642   0.090016   0.171922 293.781718   0.151103
  3303 772.915491 334.666967 490.397318 302.822896  72.130802  72.130802   0.000000   0.000000 114.298462 302.606925 286.279265   0.089974   0.171921 293.796058   0.151080
  3304 773.414085 334.765219 490.737327 303.060816  72.243877  72.243877   0.000000   0.000000 114.293621 302.632722 286.305842   0.089933   0.171920 293.810344   0.151057
  3305 773.907624 334.863147 491.073732 303.296548  72.356157  72.356157   0.000000   0.000000 114.288159 302.658383 286.332373   0.089892   0.171919 293.824577   0.151034
  3306 774.396105 334.960754 491.406532 303.530093  72.467641  72.467641   0.000000   0.000000 114.282075 302.683910 286.358857   0.089850   0.171918 293.838756   0.151011
  3307 774.879527 335.058041 491.735727 303.761451  72.578327  72.578327   0.000000   0.000000 114.275371 302.709302 286.385295   0.089809   0.171917 293.852883   0.150988
  3308 775.357887 335.155008 492.061317 303.990624  72.688212  72.688212   0.000000   0.000000 114.268047 302.734559 286.411687   0.089767   0.171917 293.866956   0.150965
  3309 775.831182 335.251658 492.383301 304.217610  72.797297  72.797297   0.000000   0.000000 114.260104 302.759682 286.438033   0.089726   0.171916 293.880978   0.150941
  3310 776.299410 335.347991 492.701678 304.442412  72.905577  72.905577   0.000000   0.000000 114.251543 302.784669 286.464332   0.089685   0.171915 293.894947   0.150918
  3311 776.762568 335.444009 493.016449 304.665030  73.013053  73.013053   0.000000   0.000000 114.242365 302.809522 286.490584   0.089643   0.171914 293.908865   0.150895
  3312 777.220654 335.539713 493.327614 304.885463  73.119722  73.119722   0.000000   0.000000 114.232570 302.834241 286.516789   0.089602   0.171913 293.922731   0.150871
  3313 777.673666 335.635105 493.635171 305.103714  73.225584  73.225584   0.000000   0.000000 114.222160 302.858824 286.542948   0.089561   0.171912 293.936545   0.150848
  3314 778.121601 335.730184 493.939120 305.319781  73.330635  73.330635   0.000000   0.000000 114.211134 302.883273 286.569060   0.089520   0.171911 293.950309   0.150824
  3315 778.564457 335.824954 494.239462 305.533667  73.434875  73.434875   0.000000   0.000000 114.199494 302.907588 286.595125   0.089478   0.171910 293.964022   0.150801
  3316 779.002232 335.919415 494.536196 305.745371  73.538301  73.538301   0.000000   0.000000 114.187241 302.931768 286.621143   0.089437   0.171909 293.977684   0.150777
  3317 779.434923 336.013567 494.829321 305.954894  73.640914  73.640914   0.000000   0.000000 114.174374 302.955813 286.647113   0.089396   0.171909 293.991296   0.150754
  3318 779.862529 336.107414 495.118838 306.162236  73.742710  73.742710   0.000000   0.000000 114.160896 302.979724 286.673037   0.089355   0.171908 294.004858   0.150730
  3319 780.285046 336.200954 495.404747 306.367399  73.843688  73.843688   0.000000   0.000000 114.146806 303.003500 286.698913   0.089314   0.171907 294.018370   0.150707
  3320 780.702473 336.294191 495.687046 306.570383  73.943847  73.943847   0.000000   0.000000 114.132106 303.027141 286.724742   0.089272   0.171906 294.031833   0.150683
  3321 781.114808 336.387125 495.965736 306.771188  74.043186  74.043186   0.000000   0.000000 114.116795 303.050648 286.750523   0.089231   0.171905 294.045247   0.150659
  3322 781.522048 336.479757 496.240817 306.969815  74.141702  74.141702   0.000000   0.000000 114.100875 303.074021 286.776257   0.089190   0.171904 294.058612   0.150636
  3323 781.924192 336.572089 496.512288 307.166265  74.239395  74.239395   0.000000   0.000000 114.084347 303.097259 286.801943   0.089149   0.171903 294.071927   0.150612
  3324 782.321237 336.664121 496.780150 307.360538  74.336263  74.336263   0.000000   0.000000 114.067211 303.120362 286.827581   0.089108   0.171902 294.085195   0.150588
  3325 782.713181 336.755855 497.044403 307.552636  74.432304  74.432304   0.000000   0.000000 114.049467 303.143332 286.853172   0.089067   0.171902 294.098414   0.150564
  3326 783.100022 336.847292 497.305045 307.742558  74.527517  74.527517   0.000000   0.000000 114.031118 303.166166 286.878715   0.089026   0.171901 294.111586   0.150541
  3327 783.481759 336.938434 497.562078 307.930305  74.621901  74.621901   0.000000   0.000000 114.012162 303.188866 286.904209   0.088985   0.171900 294.124709   0.150517
  3328 783.858389 337.029281 497.815501 308.115878  74.715454  74.715454   0.000000   0.000000 113.992601 303.211432 286.929656   0.088944   0.171899 294.137786   0.150493
  3329 784.229910 337.119834 498.065314 308.299277  74.808176  74.808176   0.000000   0.000000 113.972436 303.233864 286.955054   0.088903   0.171898 294.150815   0.150469
  3330 784.596320 337.210096 498.311517 308.480504  74.900063  74.900063   0.000000   0.000000 113.951667 303.256161 286.980404   0.088862   0.171897 294.163797   0.150445
  3331 784.957619 337.300066 498.554110 308.659559  74.991116  74.991116   0.000000   0.000000 113.930295 303.278323 287.005706   0.088821   0.171896 294.176732   0.150421
  3332 785.313802 337.389746 498.793093 308.836442  75.081333  75.081333   0.000000   0.000000 113.908321 303.300352 287.030960   0.088780   0.171895 294.189621   0.150397
  3333 785.664870 337.479138 499.028466 309.011154  75.170713  75.170713   0.000000   0.000000 113.885744 303.322245 287.056164   0.088739   0.171894 294.202464   0.150373
  3334 786.010819 337.568242 499.260229 309.183695  75.259254  75.259254   0.000000   0.000000 113.862567 303.344005 287.081321   0.088698   0.171893 294.215261   0.150349
  3335 786.351649 337.657060 499.488382 309.354068  75.346955  75.346955   0.000000   0.000000 113.838789 303.365630 287.106428   0.088658   0.171893 294.228012   0.150325
  3336 786.687357 337.745592 499.712926 309.522271  75.433815  75.433815   0.000000   0.000000 113.814412 303.387121 287.131487   0.088617   0.171892 294.240718   0.150301
  3337 787.017942 337.833840 499.933860 309.688306  75.519833  75.519833   0.000000   0.000000 113.789435 303.408477 287.156497   0.088576   0.171891 294.253378   0.150277
  3338 787.343402 337.921805 500.151185 309.852173  75.605007  75.605007   0.000000   0.000000 113.763860 303.429700 287.181459   0.088535   0.171890 294.265994   0.150252
  3339 787.663736 338.009488 500.364900 310.013874  75.689336  75.689336   0.000000   0.000000 113.737687 303.450787 287.206371   0.088495   0.171889 294.278564   0.150228
  3340 787.978940 338.096890 500.575005 310.173408  75.772820  75.772820   0.000000   0.000000 113.710917 303.471741 287.231234   0.088454   0.171888 294.291090   0.150204
  3341 788.289016 338.184012 500.781502 310.330776  75.855457  75.855457   0.000000   0.000000 113.683550 303.492560 287.256048   0.088413   0.171887 294.303572   0.150180
  3342 788.593959 338.270856 500.984389 310.485980  75.937245  75.937245   0.000000   0.000000 113.655588 303.513245 287.280812   0.088373   0.171886 294.316010   0.150155
  3343 788.893769 338.357423 501.183668 310.639019  76.018184  76.018184   0.000000   0.000000 113.627030 303.533796 287.305528   0.088332   0.171885 294.328404   0.150131
  3344 789.188445 338.443713 501.379338 310.789894  76.098273  76.098273   0.000000   0.000000 113.597877 303.554212 287.330193   0.088292   0.171884 294.340754   0.150107
  3345 789.477985 338.529727 501.571400 310.938606  76.177510  76.177510   0.000000   0.000000 113.568131 303.574494 287.354810   0.088251   0.171883 294.353061   0.150082
  3346 789.762386 338.615468 501.759853 311.085156  76.255895  76.255895   0.000000   0.000000 113.537791 303.594642 287.379377   0.088211   0.171883 294.365325   0.150058
  3347 790.041649 338.700935 501.944699 311.229543  76.333427  76.333427   0.000000   0.000000 113.506858 303.614656 287.403894   0.088170   0.171882 294.377546   0.150034
  3348 790.315771 338.786130 502.125937 311.371770  76.410104  76.410104   0.000000   0.000000 113.475333 303.634535 287.428361   0.088130   0.171881 294.389724   0.150009
  3349 790.584751 338.871055 502.303568 311.511836  76.485925  76.485925   0.000000   0.000000 113.443217 303.654280 287.452779   0.088089   0.171880 294.401860   0.149985
  3350 790.848588 338.955709 502.477591 311.649742  76.560890  76.560890   0.000000   0.000000 113.410510 303.673891 287.477146   0.088049   0.171879 294.413953   0.149960
  3351 791.107280 339.040095 502.648008 311.785489  76.634997  76.634997   0.000000   0.000000 113.377212 303.693367 287.501464   0.088009   0.171878 294.426005   0.149936
  3352 791.360826 339.124213 502.814818 311.919077  76.708246  76.708246   0.000000   0.000000 113.343325 303.712709 287.525731   0.087968   0.171877 294.438014   0.149911
  3353 791.609225 339.208064 502.978022 312.050507  76.780636  76.780636   0.000000   0.000000 113.308849 303.731918 287.549948   0.087928   0.171876 294.449982   0.149887
  3354 791.852475 339.291649 503.137620 312.179780  76.852166  76.852166   0.000000   0.000000 113.273784 303.750991 287.574115   0.087888   0.171875 294.461909   0.149862
  3355 792.090575 339.374970 503.293613 312.306896  76.922834  76.922834   0.000000   0.000000 113.238132 303.769931 287.598232   0.087848   0.171874 294.473795   0.149838
  3356 792.323524 339.458027 503.446001 312.431855  76.992641  76.992641   0.000000   0.000000 113.201892 303.788736 287.622298   0.087807   0.171873 294.485639   0.149813
  3357 792.551320 339.540821 503.594783 312.554659  77.061585  77.061585   0.000000   0.000000 113.165066 303.807408 287.646314   0.087767   0.171872 294.497443   0.149788
  3358 792.773964 339.623354 503.739962 312.675308  77.129665  77.129665   0.000000   0.000000 113.127654 303.825944 287.670279   0.087727   0.171871 294.509207   0.149764
  3359 792.991452 339.705627 503.881537 312.793803  77.196881  77.196881   0.000000   0.000000 113.089656 303.844347 287.694194   0.087687   0.171871 294.520930   0.149739
  3360 793.203785 339.787640 504.019508 312.910143  77.263232  77.263232   0.000000   0.000000 113.051074 303.862616 287.718058   0.087647   0.171870 294.532613   0.149714
  3361 793.410961 339.869394 504.153876 313.024331  77.328716  77.328716   0.000000   0.000000 113.011907 303.880750 287.741871   0.087607   0.171869 294.544256   0.149690
  3362 793.612978 339.950891 504.284642 313.136365  77.393335  77.393335   0.000000   0.000000 112.972157 303.898750 287.765632   0.087567   0.171868 294.555859   0.149665
  3363 793.809837 340.032131 504.411806 313.246248  77.457085  77.457085   0.000000   0.000000 112.931824 303.916616 287.789343   0.087527   0.171867 294.567423   0.149640
  3364 794.001536 340.113116 504.535368 313.353978  77.519968  77.519968   0.000000   0.000000 112.890909 303.934348 287.813003   0.087487   0.171866 294.578948   0.149615
  3365 794.188074 340.193847 504.655329 313.459558  77.581982  77.581982   0.000000   0.000000 112.849412 303.951946 287.836612   0.087448   0.171865 294.590434   0.149591
  3366 794.369450 340.274324 504.771689 313.562988  77.643126  77.643126   0.000000   0.000000 112.807334 303.969409 287.860170   0.087408   0.171864 294.601881   0.149566
  3367 794.545664 340.354548 504.884449 313.664267  77.703400  77.703400   0.000000   0.000000 112.764676 303.986738 287.883676   0.087368   0.171863 294.613289   0.149541
  3368 794.716713 340.434521 504.993610 313.763397  77.762804  77.762804   0.000000   0.000000 112.721437 304.003933 287.907130   0.087328   0.171862 294.624658   0.149516
  3369 794.882598 340.514243 505.099172 313.860378  77.821336  77.821336   0.000000   0.000000 112.677619 304.020994 287.930534   0.087289   0.171861 294.635990   0.149491
  3370 795.043317 340.593715 505.201135 313.955210  77.878997  77.878997   0.000000   0.000000 112.633223 304.037921 287.953885   0.087249   0.171860 294.647283   0.149466
  3371 795.198870 340.672939 505.299500 314.047895  77.935785  77.935785   0.000000   0.000000 112.588248 304.054713 287.977185   0.087209   0.171859 294.658539   0.149441
  3372 795.349256 340.751915 505.394268 314.138432  77.991700  77.991700   0.000000   0.000000 112.542696 304.071372 288.000434   0.087170   0.171858 294.669757   0.149416
  3373 795.494474 340.830644 505.485439 314.226823  78.046742  78.046742   0.000000   0.000000 112.496568 304.087896 288.023630   0.087130   0.171857 294.680937   0.149391
  3374 795.634523 340.909127 505.573015 314.313067  78.100909  78.100909   0.000000   0.000000 112.449862 304.104286 288.046775   0.087091   0.171857 294.692080   0.149366
  3375 795.769403 340.987366 505.656994 314.397165  78.154202  78.154202   0.000000   0.000000 112.402582 304.120542 288.069867   0.087051   0.171856 294.703186   0.149341
  3376 795.899113 341.065360 505.737379 314.479117  78.206621  78.206621   0.000000   0.000000 112.354726 304.136664 288.092908   0.087012   0.171855 294.714255   0.149316
  3377 796.023652 341.143111 505.814170 314.558925  78.258164  78.258164   0.000000   0.000000 112.306295 304.152652 288.115896   0.086973   0.171854 294.725287   0.149291
  3378 796.143020 341.220620 505.887367 314.636588  78.308831  78.308831   0.000000   0.000000 112.257291 304.168506 288.138832   0.086933   0.171853 294.736283   0.149266
  3379 796.257215 341.297888 505.956972 314.712106  78.358622  78.358622   0.000000   0.000000 112.207714 304.184225 288.161716   0.086894   0.171852 294.747242   0.149241
  3380 796.366239 341.374915 506.022984 314.785481  78.407536  78.407536   0.000000   0.000000 112.157563 304.199811 288.184547   0.086855   0.171851 294.758166   0.149216
  3381 796.470089 341.451703 506.085404 314.856713  78.455573  78.455573   0.000000   0.000000 112.106841 304.215262 288.207326   0.086816   0.171850 294.769053   0.149191
  3382 796.568765 341.528252 506.144234 314.925802  78.502734  78.502734   0.000000   0.000000 112.055548 304.230579 288.230053   0.086777   0.171849 294.779904   0.149166
  3383 796.662267 341.604564 506.199474 314.992748  78.549016  78.549016   0.000000   0.000000 112.003683 304.245762 288.252727   0.086738   0.171848 294.790720   0.149141
  3384 796.750595 341.680639 506.251124 315.057552  78.594421  78.594421   0.000000   0.000000 111.951249 304.260811 288.275348   0.086699   0.171847 294.801500   0.149116
  3385 796.833747 341.756477 506.299186 315.120214  78.638948  78.638948   0.000000   0.000000 111.898245 304.275726 288.297916   0.086660   0.171846 294.812245   0.149091
  3386 796.911724 341.832081 506.343660 315.180735  78.682597  78.682597   0.000000   0.000000 111.844671 304.290507 288.320431   0.086621   0.171845 294.822955   0.149066
  3387 796.984525 341.907450 506.384546 315.239115  78.725367  78.725367   0.000000   0.000000 111.790530 304.305154 288.342894   0.086582   0.171844 294.833630   0.149040
  3388 797.052150 341.982586 506.421847 315.295354  78.767258  78.767258   0.000000   0.000000 111.735821 304.319667 288.365303   0.086543   0.171843 294.844270   0.149015
  3389 797.114598 342.057490 506.455561 315.349453  78.808270  78.808270   0.000000   0.000000 111.680544 304.334046 288.387660   0.086504   0.171842 294.854875   0.148990
  3390 797.171869 342.132161 506.485691 315.401411  78.848403  78.848403   0.000000   0.000000 111.624701 304.348290 288.409963   0.086465   0.171841 294.865446   0.148965
  3391 797.223963 342.206602 506.512237 315.451230  78.887656  78.887656   0.000000   0.000000 111.568293 304.362401 288.432213   0.086427   0.171841 294.875983   0.148940
  3392 797.270879 342.280813 506.535200 315.498909  78.926031  78.926031   0.000000   0.000000 111.511318 304.376378 288.454409   0.086388   0.171840 294.886486   0.148914
  3393 797.312618 342.354794 506.554580 315.544449  78.963525  78.963525   0.000000   0.000000 111.453780 304.390221 288.476552   0.086349   0.171839 294.896954   0.148889
  3394 797.349178 342.428547 506.570379 315.587850  79.000140  79.000140   0.000000   0.000000 111.395677 304.403929 288.498642   0.086311   0.171838 294.907389   0.148864
  3395 797.380561 342.502073 506.582597 315.629112  79.035876  79.035876   0.000000   0.000000 111.337011 304.417504 288.520678   0.086272   0.171837 294.917790   0.148839
  3396 797.406764 342.575371 506.591236 315.668236  79.070732  79.070732   0.000000   0.000000 111.277782 304.430945 288.542660   0.086234   0.171836 294.928158   0.148813
  3397 797.427790 342.648444 506.596295 315.705221  79.104708  79.104708   0.000000   0.000000 111.217991 304.444252 288.564589   0.086195   0.171835 294.938492   0.148788
  3398 797.443637 342.721291 506.597776 315.740069  79.137804  79.137804   0.000000   0.000000 111.157638 304.457424 288.586464   0.086157   0.171834 294.948794   0.148763
  3399 797.454305 342.793914 506.595680 315.772778  79.170021  79.170021   0.000000   0.000000 111.096724 304.470463 288.608285   0.086119   0.171833 294.959062   0.148737
  3400 797.459794 342.866313 506.590008 315.803350  79.201358  79.201358   0.000000   0.000000 111.035250 304.483368 288.630052   0.086080   0.171832 294.969297   0.148712
  3401 797.460105 342.938489 506.580760 315.831785  79.231815  79.231815   0.000000   0.000000 110.973217 304.496139 288.651765   0.086042   0.171831 294.979500   0.148687
  3402 797.455237 343.010443 506.567938 315.858082  79.261393  79.261393   0.000000   0.000000 110.910624 304.508777 288.673423   0.086004   0.171830 294.989670   0.148662
  3403 797.445190 343.082175 506.551542 315.882242  79.290092  79.290092   0.000000   0.000000 110.847473 304.521280 288.695028   0.085966   0.171829 294.999807   0.148636
  3404 797.429965 343.153687 506.531574 315.904265  79.317911  79.317911   0.000000   0.000000 110.783765 304.533649 288.716578   0.085928   0.171828 295.009912   0.148611
  3405 797.409561 343.224979 506.508034 315.924151  79.344851  79.344851   0.000000   0.000000 110.719499 304.545885 288.738074   0.085890   0.171827 295.019985   0.148585
  3406 797.383978 343.296052 506.480922 315.941901  79.370912  79.370912   0.000000   0.000000 110.654677 304.557987 288.759515   0.085852   0.171826 295.030026   0.148560
  3407 797.353218 343.366906 506.450242 315.957513  79.396094  79.396094   0.000000   0.000000 110.589298 304.569955 288.780902   0.085814   0.171825 295.040036   0.148535
  3408 797.317278 343.437542 506.415992 315.970989  79.420398  79.420398   0.000000   0.000000 110.523365 304.581789 288.802235   0.085776   0.171824 295.050013   0.148509
  3409 797.276161 343.507961 506.378174 315.982328  79.443824  79.443824   0.000000   0.000000 110.456878 304.593489 288.823512   0.085738   0.171823 295.059959   0.148484
  3410 797.229866 343.578164 506.336790 315.991531  79.466371  79.466371   0.000000   0.000000 110.389836 304.605056 288.844735   0.085700   0.171822 295.069873   0.148458
  3411 797.178394 343.648151 506.291839 315.998598  79.488041  79.488041   0.000000   0.000000 110.322241 304.616488 288.865903   0.085663   0.171822 295.079756   0.148433
  3412 797.121744 343.717923 506.243324 316.003527  79.508833  79.508833   0.000000   0.000000 110.254094 304.627787 288.887017   0.085625   0.171821 295.089608   0.148408
  3413 797.059917 343.787481 506.191244 316.006321  79.528748  79.528748   0.000000   0.000000 110.185395 304.638953 288.908075   0.085587   0.171820 295.099429   0.148382
  3414 796.992914 343.856825 506.135602 316.006978  79.547786  79.547786   0.000000   0.000000 110.116144 304.649984 288.929078   0.085550   0.171819 295.109219   0.148357
  3415 796.920734 343.925956 506.076398 316.005498  79.565948  79.565948   0.000000   0.000000 110.046343 304.660882 288.950026   0.085512   0.171818 295.118978   0.148331
  3416 796.843378 343.994875 506.013633 316.001882  79.583233  79.583233   0.000000   0.000000 109.975992 304.671646 288.970919   0.085475   0.171817 295.128706   0.148306
  3417 796.760847 344.063582 505.947308 315.996129  79.599643  79.599643   0.000000   0.000000 109.905092 304.682277 288.991757   0.085438   0.171816 295.138404   0.148280
  3418 796.673140 344.132078 505.877425 315.988240  79.615178  79.615178   0.000000   0.000000 109.833643 304.692774 289.012539   0.085400   0.171815 295.148071   0.148255
  3419 796.580259 344.200363 505.803984 315.978214  79.629838  79.629838   0.000000   0.000000 109.761646 304.703137 289.033266   0.085363   0.171814 295.157708   0.148230
  3420 796.482203 344.268439 505.726986 315.966051  79.643623  79.643623   0.000000   0.000000 109.689102 304.713367 289.053937   0.085326   0.171813 295.167315   0.148204
  3421 796.378974 344.336305 505.646433 315.951751  79.656534  79.656534   0.000000   0.000000 109.616012 304.723463 289.074553   0.085289   0.171812 295.176891   0.148179
  3422 796.270571 344.403963 505.562325 315.935313  79.668572  79.668572   0.000000   0.000000 109.542375 304.733426 289.095113   0.085251   0.171811 295.186438   0.148153
  3423 796.156996 344.471413 505.474664 315.916739  79.679738  79.679738   0.000000   0.000000 109.468193 304.743255 289.115617   0.085214   0.171810 295.195954   0.148128
  3424 796.038249 344.538656 505.383450 315.896027  79.690031  79.690031   0.000000   0.000000 109.393467 304.752951 289.136066   0.085177   0.171809 295.205441   0.148102
  3425 795.914331 344.605692 505.288686 315.873178  79.699452  79.699452   0.000000   0.000000 109.318197 304.762513 289.156458   0.085140   0.171808 295.214898   0.148077
  3426 795.785241 344.672521 505.190371 315.848191  79.708002  79.708002   0.000000   0.000000 109.242384 304.771942 289.176795   0.085103   0.171807 295.224326   0.148051
  3427 795.650982 344.739145 505.088508 315.821066  79.715681  79.715681   0.000000   0.000000 109.166028 304.781237 289.197076   0.085067   0.171806 295.233724   0.148026
  3428 795.511553 344.805564 504.983096 315.791803  79.722490  79.722490   0.000000   0.000000 109.089131 304.790399 289.217300   0.085030   0.171805 295.243093   0.148000
  3429 795.366955 344.871778 504.874139 315.760401  79.728430  79.728430   0.000000   0.000000 109.011693 304.799428 289.237469   0.084993   0.171804 295.252433   0.147975
  3430 795.217189 344.937788 504.761635 315.726861  79.733502  79.733502   0.000000   0.000000 108.933714 304.808323 289.257581   0.084957   0.171803 295.261743   0.147949
  3431 795.062256 345.003595 504.645587 315.691181  79.737706  79.737706   0.000000   0.000000 108.855195 304.817085 289.277637   0.084920   0.171802 295.271024   0.147924
  3432 794.902157 345.069199 504.525996 315.653363  79.741042  79.741042   0.000000   0.000000 108.776138 304.825714 289.297637   0.084883   0.171801 295.280276   0.147898
  3433 794.736892 345.134600 504.402863 315.613405  79.743512  79.743512   0.000000   0.000000 108.696542 304.834209 289.317580   0.084847   0.171801 295.289500   0.147873
  3434 794.566462 345.199800 504.276189 315.571307  79.745116  79.745116   0.000000   0.000000 108.616409 304.842572 289.337466   0.084810   0.171800 295.298695   0.147847
  3435 794.390869 345.264798 504.145976 315.527069  79.745855  79.745855   0.000000   0.000000 108.535738 304.850801 289.357296   0.084774   0.171799 295.307860   0.147822
  3436 794.210112 345.329595 504.012224 315.480690  79.745730  79.745730   0.000000   0.000000 108.454532 304.858897 289.377069   0.084738   0.171798 295.316998   0.147796
  3437 794.024193 345.394192 503.874934 315.432170  79.744741  79.744741   0.000000   0.000000 108.372790 304.866859 289.396786   0.084702   0.171797 295.326107   0.147771
  3438 793.833114 345.458589 503.734109 315.381509  79.742890  79.742890   0.000000   0.000000 108.290514 304.874689 289.416446   0.084665   0.171796 295.335187   0.147745
  3439 793.636874 345.522786 503.589749 315.328707  79.740178  79.740178   0.000000   0.000000 108.207704 304.882386 289.436048   0.084629   0.171795 295.344239   0.147720
  3440 793.435475 345.586784 503.441855 315.273762  79.736604  79.736604   0.000000   0.000000 108.124360 304.889949 289.455594   0.084593   0.171794 295.353262   0.147694
  3441 793.228918 345.650584 503.290428 315.216675  79.732171  79.732171   0.000000   0.000000 108.040484 304.897380 289.475083   0.084557   0.171793 295.362258   0.147669
  3442 793.017204 345.714186 503.135471 315.157445  79.726878  79.726878   0.000000   0.000000 107.956076 304.904677 289.494515   0.084521   0.171792 295.371225   0.147643
  3443 792.800334 345.777590 502.976983 315.096071  79.720727  79.720727   0.000000   0.000000 107.871137 304.911842 289.513890   0.084485   0.171791 295.380164   0.147618
  3444 792.578310 345.840797 502.814967 315.032554  79.713720  79.713720   0.000000   0.000000 107.785667 304.918874 289.533207   0.084449   0.171790 295.389076   0.147593
  3445 792.351131 345.903807 502.649423 314.966892  79.705856  79.705856   0.000000   0.000000 107.699669 304.925773 289.552467   0.084414   0.171789 295.397959   0.147567
  3446 792.118801 345.966620 502.480354 314.899086  79.697136  79.697136   0.000000   0.000000 107.613141 304.932539 289.571670   0.084378   0.171788 295.406815   0.147542
  3447 791.881319 346.029238 502.307759 314.829134  79.687563  79.687563   0.000000   0.000000 107.526085 304.939172 289.590815   0.084342   0.171787 295.415642   0.147516
  3448 791.638687 346.091660 502.131640 314.757036  79.677137  79.677137   0.000000   0.000000 107.438502 304.945673 289.609903   0.084307   0.171786 295.424442   0.147491
  3449 791.390906 346.153887 501.951999 314.682791  79.665858  79.665858   0.000000   0.000000 107.350392 304.952041 289.628933   0.084271   0.171785 295.433215   0.147465
  3450 791.137978 346.215919 501.768838 314.606400  79.653728  79.653728   0.000000   0.000000 107.261756 304.958276 289.647905   0.084236   0.171784 295.441959   0.147440
  3451 790.879903 346.277756 501.582156 314.527861  79.640749  79.640749   0.000000   0.000000 107.172595 304.964379 289.666820   0.084200   0.171783 295.450676   0.147414
  3452 790.616683 346.339400 501.391956 314.447174  79.626920  79.626920   0.000000   0.000000 107.082910 304.970349 289.685677   0.084165   0.171782 295.459366   0.147389
  3453 790.348320 346.400849 501.198238 314.364338  79.612244  79.612244   0.000000   0.000000 106.992701 304.976186 289.704476   0.084130   0.171781 295.468028   0.147363
  3454 790.074815 346.462106 501.001005 314.279352  79.596721  79.596721   0.000000   0.000000 106.901970 304.981891 289.723218   0.084094   0.171780 295.476663   0.147338
  3455 789.796169 346.523169 500.800257 314.192217  79.580352  79.580352   0.000000   0.000000 106.810716 304.987464 289.741901   0.084059   0.171779 295.485271   0.147312
  3456 789.512384 346.584039 500.595996 314.102931  79.563140  79.563140   0.000000   0.000000 106.718941 304.992904 289.760526   0.084024   0.171779 295.493851   0.147287
  3457 789.223461 346.644717 500.388223 314.011493  79.545084  79.545084   0.000000   0.000000 106.626646 304.998212 289.779093   0.083989   0.171778 295.502404   0.147262
  3458 788.929402 346.705203 500.176939 313.917903  79.526187  79.526187   0.000000   0.000000 106.533831 305.003387 289.797602   0.083954   0.171777 295.510930   0.147236
  3459 788.630207 346.765497 499.962146 313.822161  79.506449  79.506449   0.000000   0.000000 106.440497 305.008431 289.816053   0.083919   0.171776 295.519429   0.147211
  3460 788.325880 346.825599 499.743846 313.724265  79.485871  79.485871   0.000000   0.000000 106.346645 305.013341 289.834445   0.083884   0.171775 295.527900   0.147185
  3461 788.016420 346.885510 499.522039 313.624215  79.464456  79.464456   0.000000   0.000000 106.252275 305.018120 289.852779   0.083850   0.171774 295.536345   0.147160
  3462 787.701831 346.945231 499.296726 313.522010  79.442203  79.442203   0.000000   0.000000 106.157388 305.022767 289.871054   0.083815   0.171773 295.544762   0.147135
  3463 787.382113 347.004760 499.067910 313.417649  79.419115  79.419115   0.000000   0.000000 106.061986 305.027281 289.889271   0.083780   0.171772 295.553153   0.147109
  3464 787.057268 347.064099 498.835592 313.311132  79.395193  79.395193   0.000000   0.000000 105.966069 305.031664 289.907430   0.083746   0.171771 295.561516   0.147084
  3465 786.727298 347.123248 498.599772 313.202457  79.370438  79.370438   0.000000   0.000000 105.869638 305.035914 289.925530   0.083711   0.171770 295.569853   0.147058
  3466 786.392205 347.182207 498.360453 313.091625  79.344852  79.344852   0.000000   0.000000 105.772693 305.040033 289.943571   0.083677   0.171769 295.578163   0.147033
  3467 786.051989 347.240976 498.117636 312.978633  79.318436  79.318436   0.000000   0.000000 105.675235 305.044019 289.961553   0.083642   0.171768 295.586445   0.147008
  3468 785.706654 347.299556 497.871322 312.863482  79.291191  79.291191   0.000000   0.000000 105.577266 305.047874 289.979476   0.083608   0.171767 295.594701   0.146982
  3469 785.356201 347.357946 497.621513 312.746170  79.263119  79.263119   0.000000   0.000000 105.478785 305.051597 289.997341   0.083574   0.171766 295.602931   0.146957
  3470 785.000631 347.416147 497.368209 312.626697  79.234220  79.234220   0.000000   0.000000 105.379794 305.055189 290.015147   0.083540   0.171765 295.611133   0.146932
  3471 784.639946 347.474159 497.111413 312.505062  79.204498  79.204498   0.000000   0.000000 105.280294 305.058648 290.032893   0.083505   0.171764 295.619309   0.146906
  3472 784.274149 347.531983 496.851126 312.381264  79.173953  79.173953   0.000000   0.000000 105.180285 305.061976 290.050581   0.083471   0.171763 295.627458   0.146881
  3473 783.903241 347.589618 496.587349 312.255302  79.142586  79.142586   0.000000   0.000000 105.079768 305.065172 290.068209   0.083437   0.171762 295.635580   0.146856
  3474 783.527224 347.647064 496.320084 312.127175  79.110399  79.110399   0.000000   0.000000 104.978744 305.068237 290.085778   0.083404   0.171761 295.643675   0.146830
  3475 783.146100 347.704322 496.049333 311.996882  79.077394  79.077394   0.000000   0.000000 104.877214 305.071171 290.103288   0.083370   0.171760 295.651744   0.146805
  3476 782.759871 347.761393 495.775095 311.864422  79.043572  79.043572   0.000000   0.000000 104.775179 305.073972 290.120738   0.083336   0.171759 295.659786   0.146780
  3477 782.368539 347.818275 495.497374 311.729795  79.008935  79.008935   0.000000   0.000000 104.672639 305.076643 290.138129   0.083302   0.171759 295.667801   0.146755
  3478 781.972106 347.874969 495.216171 311.592999  78.973484  78.973484   0.000000   0.000000 104.569595 305.079182 290.155461   0.083268   0.171758 295.675790   0.146729
  3479 781.570574 347.931476 494.931487 311.454033  78.937220  78.937220   0.000000   0.000000 104.466049 305.081590 290.172733   0.083235   0.171757 295.683752   0.146704
  3480 781.163946 347.987795 494.643323 311.312897  78.900147  78.900147   0.000000   0.000000 104.362000 305.083867 290.189946   0.083201   0.171756 295.691687   0.146679
  3481 780.752222 348.043927 494.351682 311.169589  78.862264  78.862264   0.000000   0.000000 104.257450 305.086013 290.207099   0.083168   0.171755 295.699595   0.146654
  3482 780.335406 348.099871 494.056564 311.024109  78.823574  78.823574   0.000000   0.000000 104.152399 305.088027 290.224192   0.083134   0.171754 295.707477   0.146629
  3483 779.913499 348.155628 493.757971 310.876456  78.784078  78.784078   0.000000   0.000000 104.046849 305.089911 290.241225   0.083101   0.171753 295.715332   0.146603
  3484 779.486505 348.211198 493.455904 310.726627  78.743779  78.743779   0.000000   0.000000 103.940800 305.091664 290.258199   0.083068   0.171752 295.723161   0.146578
  3485 779.054424 348.266581 493.150366 310.574624  78.702677  78.702677   0.000000   0.000000 103.834254 305.093285 290.275112   0.083035   0.171751 295.730963   0.146553
  3486 778.617259 348.321776 492.841358 310.420443  78.660775  78.660775   0.000000   0.000000 103.727210 305.094776 290.291966   0.083001   0.171750 295.738738   0.146528
  3487 778.175012 348.376785 492.528880 310.264085  78.618073  78.618073   0.000000   0.000000 103.619670 305.096136 290.308760   0.082968   0.171749 295.746486   0.146503
  3488 777.727686 348.431607 492.212936 310.105548  78.574575  78.574575   0.000000   0.000000 103.511634 305.097366 290.325494   0.082935   0.171748 295.754208   0.146478
  3489 777.275284 348.486241 491.893525 309.944831  78.530281  78.530281   0.000000   0.000000 103.403104 305.098465 290.342167   0.082903   0.171747 295.761903   0.146453
  3490 776.817806 348.540689 491.570651 309.781934  78.485194  78.485194   0.000000   0.000000 103.294080 305.099433 290.358781   0.082870   0.171746 295.769571   0.146427
  3491 776.355257 348.594950 491.244313 309.616854  78.439314  78.439314   0.000000   0.000000 103.184563 305.100270 290.375334   0.082837   0.171745 295.777212   0.146402
  3492 775.887637 348.649024 490.914515 309.449592  78.392645  78.392645   0.000000   0.000000 103.074555 305.100978 290.391827   0.082804   0.171744 295.784827   0.146377
  3493 775.414950 348.702911 490.581258 309.280145  78.345187  78.345187   0.000000   0.000000 102.964055 305.101555 290.408260   0.082771   0.171743 295.792415   0.146352
  3494 774.937198 348.756611 490.244542 309.108513  78.296943  78.296943   0.000000   0.000000 102.853064 305.102001 290.424632   0.082739   0.171742 295.799976   0.146327
  3495 774.454383 348.810124 489.904370 308.934694  78.247915  78.247915   0.000000   0.000000 102.741585 305.102317 290.440944   0.082706   0.171742 295.807510   0.146302
  3496 773.966509 348.863450 489.560743 308.758688  78.198103  78.198103   0.000000   0.000000 102.629616 305.102503 290.457195   0.082674   0.171741 295.815017   0.146277
  3497 773.473576 348.916589 489.213664 308.580494  78.147511  78.147511   0.000000   0.000000 102.517160 305.102559 290.473385   0.082642   0.171740 295.822497   0.146252
  3498 772.975589 348.969542 488.863133 308.400109  78.096140  78.096140   0.000000   0.000000 102.404217 305.102485 290.489515   0.082609   0.171739 295.829950   0.146227
  3499 772.472550 349.022307 488.509152 308.217533  78.043991  78.043991   0.000000   0.000000 102.290788 305.102281 290.505585   0.082577   0.171738 295.837377   0.146202
  3500 771.964460 349.074885 488.151722 308.032765  77.991068  77.991068   0.000000   0.000000 102.176874 305.101947 290.521593   0.082545   0.171737 295.844776   0.146177
  3501 771.451324 349.127275 487.790847 307.845804  77.937371  77.937371   0.000000   0.000000 102.062476 305.101483 290.537541   0.082513   0.171736 295.852148   0.146153
  3502 770.933143 349.179479 487.426526 307.656648  77.882903  77.882903   0.000000   0.000000 101.947594 305.100890 290.553428   0.082481   0.171735 295.859493   0.146128
  3503 770.409920 349.231495 487.058762 307.465297  77.827665  77.827665   0.000000   0.000000 101.832230 305.100166 290.569254   0.082449   0.171734 295.866811   0.146103
  3504 769.881658 349.283323 486.687556 307.271748  77.771661  77.771661   0.000000   0.000000 101.716383 305.099313 290.585019   0.082417   0.171733 295.874102   0.146078
  3505 769.348360 349.334964 486.312910 307.076002  77.714890  77.714890   0.000000   0.000000 101.600057 305.098331 290.600724   0.082385   0.171732 295.881366   0.146053
  3506 768.810029 349.386418 485.934826 306.878056  77.657356  77.657356   0.000000   0.000000 101.483250 305.097219 290.616367   0.082353   0.171731 295.888602   0.146028
  3507 768.266666 349.437683 485.553306 306.677909  77.599061  77.599061   0.000000   0.000000 101.365964 305.095977 290.631949   0.082322   0.171730 295.895811   0.146003
  3508 767.718276 349.488760 485.168351 306.475561  77.540007  77.540007   0.000000   0.000000 101.248200 305.094606 290.647469   0.082290   0.171729 295.902993   0.145979
  3509 767.164860 349.539650 484.779962 306.271010  77.480195  77.480195   0.000000   0.000000 101.129958 305.093106 290.662929   0.082258   0.171728 295.910147   0.145954
  3510 766.606422 349.590351 484.388142 306.064254  77.419627  77.419627   0.000000   0.000000 101.011240 305.091477 290.678327   0.082227   0.171728 295.917274   0.145929
  3511 766.042965 349.640864 483.992892 305.855293  77.358307  77.358307   0.000000   0.000000 100.892046 305.089718 290.693664   0.082196   0.171727 295.924373   0.145904
  3512 765.474491 349.691188 483.594214 305.644125  77.296235  77.296235   0.000000   0.000000 100.772378 305.087831 290.708940   0.082164   0.171726 295.931445   0.145880
  3513 764.901004 349.741323 483.192110 305.430750  77.233414  77.233414   0.000000   0.000000 100.652236 305.085814 290.724154   0.082133   0.171725 295.938489   0.145855
  3514 764.322507 349.791270 482.786581 305.215165  77.169846  77.169846   0.000000   0.000000 100.531621 305.083669 290.739307   0.082102   0.171724 295.945505   0.145830
  3515 763.739002 349.841028 482.377629 304.997369  77.105533  77.105533   0.000000   0.000000 100.410534 305.081395 290.754398   0.082071   0.171723 295.952494   0.145806
  3516 763.150493 349.890596 481.965256 304.777362  77.040477  77.040477   0.000000   0.000000 100.288976 305.078991 290.769428   0.082040   0.171722 295.959455   0.145781
  3517 762.556982 349.939975 481.549464 304.555142  76.974681  76.974681   0.000000   0.000000 100.166947 305.076460 290.784396   0.082009   0.171721 295.966388   0.145756
  3518 761.958473 349.989164 481.130255 304.330707  76.908146  76.908146   0.000000   0.000000 100.044449 305.073799 290.799302   0.081978   0.171720 295.973293   0.145732
  3519 761.354968 350.038163 480.707629 304.104057  76.840875  76.840875   0.000000   0.000000  99.921483 305.071011 290.814147   0.081947   0.171719 295.980170   0.145707
  3520 760.746472 350.086972 480.281590 303.875191  76.772869  76.772869   0.000000   0.000000  99.798048 305.068093 290.828929   0.081916   0.171718 295.987018   0.145683
  3521 760.132987 350.135590 479.852139 303.644106  76.704131  76.704131   0.000000   0.000000  99.674147 305.065048 290.843650   0.081885   0.171717 295.993839   0.145658
  3522 759.514516 350.184018 479.419277 303.410801  76.634664  76.634664   0.000000   0.000000  99.549781 305.061874 290.858310   0.081855   0.171716 296.000632   0.145634
  3523 758.891063 350.232255 478.983007 303.175276  76.564469  76.564469   0.000000   0.000000  99.424949 305.058572 290.872907   0.081824   0.171716 296.007396   0.145609
  3524 758.262631 350.280301 478.543330 302.937529  76.493548  76.493548   0.000000   0.000000  99.299653 305.055141 290.887442   0.081794   0.171715 296.014132   0.145585
  3525 757.629222 350.328156 478.100248 302.697559  76.421905  76.421905   0.000000   0.000000  99.173894 305.051583 290.901915   0.081763   0.171714 296.020839   0.145560
  3526 756.990841 350.375818 477.653763 302.455365  76.349540  76.349540   0.000000   0.000000  99.047672 305.047896 290.916327   0.081733   0.171713 296.027518   0.145536
  3527 756.347491 350.423289 477.203878 302.210944  76.276456  76.276456   0.000000   0.000000  98.920989 305.044082 290.930676   0.081703   0.171712 296.034168   0.145512
  3528 755.699175 350.470568 476.750593 301.964297  76.202656  76.202656   0.000000   0.000000  98.793846 305.040140 290.944963   0.081673   0.171711 296.040790   0.145487
  3529 755.045896 350.517654 476.293910 301.715421  76.128142  76.128142   0.000000   0.000000  98.666242 305.036070 290.959187   0.081642   0.171710 296.047382   0.145463
  3530 754.387658 350.564547 475.833832 301.464315  76.052916  76.052916   0.000000   0.000000  98.538180 305.031873 290.973350   0.081612   0.171709 296.053946   0.145439
  3531 753.724465 350.611247 475.370361 301.210979  75.976980  75.976980   0.000000   0.000000  98.409660 305.027548 290.987450   0.081582   0.171708 296.060481   0.145414
  3532 753.056319 350.657753 474.903498 300.955410  75.900337  75.900337   0.000000   0.000000  98.280684 305.023095 291.001488   0.081552   0.171707 296.066987   0.145390
  3533 752.383224 350.704066 474.433245 300.697608  75.822989  75.822989   0.000000   0.000000  98.151250 305.018515 291.015463   0.081523   0.171706 296.073464   0.145366
  3534 751.705184 350.750184 473.959604 300.437571  75.744938  75.744938   0.000000   0.000000  98.021362 305.013808 291.029376   0.081493   0.171706 296.079912   0.145342
  3535 751.022203 350.796108 473.482578 300.175297  75.666186  75.666186   0.000000   0.000000  97.891020 305.008973 291.043227   0.081463   0.171705 296.086330   0.145317
  3536 750.334283 350.841837 473.002168 299.910787  75.586737  75.586737   0.000000   0.000000  97.760223 305.004011 291.057015   0.081434   0.171704 296.092719   0.145293
  3537 749.641429 350.887371 472.518375 299.644038  75.506592  75.506592   0.000000   0.000000  97.628975 304.998922 291.070740   0.081404   0.171703 296.099078   0.145269
  3538 748.943644 350.932709 472.031203 299.375049  75.425753  75.425753   0.000000   0.000000  97.497274 304.993707 291.084403   0.081375   0.171702 296.105407   0.145245
  3539 748.240931 350.977852 471.540652 299.103818  75.344223  75.344223   0.000000   0.000000  97.365123 304.988364 291.098004   0.081345   0.171701 296.111707   0.145221
  3540 747.533295 351.022798 471.046726 298.830345  75.262005  75.262005   0.000000   0.000000  97.232522 304.982894 291.111541   0.081316   0.171700 296.117978   0.145197
  3541 746.820739 351.067547 470.549426 298.554629  75.179100  75.179100   0.000000   0.000000  97.099472 304.977298 291.125016   0.081287   0.171699 296.124218   0.145173
  3542 746.103267 351.112099 470.048753 298.276667  75.095512  75.095512   0.000000   0.000000  96.965973 304.971575 291.138428   0.081257   0.171698 296.130428   0.145149
  3543 745.380882 351.156453 469.544711 297.996459  75.011242  75.011242   0.000000   0.000000  96.832028 304.965725 291.151777   0.081228   0.171697 296.136608   0.145125
  3544 744.653589 351.200610 469.037301 297.714004  74.926292  74.926292   0.000000   0.000000  96.697636 304.959749 291.165064   0.081199   0.171696 296.142758   0.145101
  3545 743.921391 351.244568 468.526525 297.429299  74.840666  74.840666   0.000000   0.000000  96.562798 304.953646 291.178287   0.081170   0.171696 296.148878   0.145077
  3546 743.184292 351.288328 468.012385 297.142345  74.754366  74.754366   0.000000   0.000000  96.427516 304.947418 291.191447   0.081141   0.171695 296.154967   0.145053
  3547 742.442296 351.331888 467.494883 296.853139  74.667394  74.667394   0.000000   0.000000  96.291790 304.941062 291.204545   0.081113   0.171694 296.161025   0.145029
  3548 741.695407 351.375248 466.974022 296.561681  74.579753  74.579753   0.000000   0.000000  96.155622 304.934581 291.217579   0.081084   0.171693 296.167053   0.145005
  3549 740.943629 351.418409 466.449803 296.267969  74.491444  74.491444   0.000000   0.000000  96.019011 304.927974 291.230551   0.081055   0.171692 296.173050   0.144982
  3550 740.186965 351.461369 465.922229 295.972001  74.402471  74.402471   0.000000   0.000000  95.881960 304.921240 291.243459   0.081027   0.171691 296.179017   0.144958
  3551 739.425419 351.504128 465.391301 295.673778  74.312836  74.312836   0.000000   0.000000  95.744468 304.914381 291.256304   0.080998   0.171690 296.184952   0.144934
  3552 738.658997 351.546685 464.857022 295.373297  74.222542  74.222542   0.000000   0.000000  95.606536 304.907396 291.269086   0.080970   0.171689 296.190856   0.144910
  3553 737.887701 351.589041 464.319394 295.070557  74.131590  74.131590   0.000000   0.000000  95.468167 304.900285 291.281805   0.080941   0.171688 296.196729   0.144887
  3554 737.111535 351.631194 463.778419 294.765558  74.039984  74.039984   0.000000   0.000000  95.329359 304.893048 291.294461   0.080913   0.171688 296.202570   0.144863
  3555 736.330505 351.673144 463.234099 294.458297  73.947725  73.947725   0.000000   0.000000  95.190115 304.885686 291.307053   0.080885   0.171687 296.208380   0.144839
  3556 735.544613 351.714891 462.686437 294.148774  73.854817  73.854817   0.000000   0.000000  95.050436 304.878199 291.319582   0.080857   0.171686 296.214158   0.144816
  3557 734.753864 351.756434 462.135435 293.836987  73.761262  73.761262   0.000000   0.000000  94.910321 304.870586 291.332047   0.080829   0.171685 296.219905   0.144792
  3558 733.958263 351.797773 461.581094 293.522935  73.667062  73.667062   0.000000   0.000000  94.769772 304.862848 291.344449   0.080801   0.171684 296.225619   0.144769
  3559 733.157813 351.838907 461.023417 293.206618  73.572220  73.572220   0.000000   0.000000  94.628790 304.854984 291.356788   0.080773   0.171683 296.231302   0.144745
  3560 732.352518 351.879835 460.462407 292.888034  73.476738  73.476738   0.000000   0.000000  94.487376 304.846995 291.369063   0.080745   0.171682 296.236953   0.144722
  3561 731.542383 351.920557 459.898065 292.567181  73.380619  73.380619   0.000000   0.000000  94.345530 304.838882 291.381274   0.080717   0.171681 296.242571   0.144698
  3562 730.727413 351.961073 459.330394 292.244059  73.283866  73.283866   0.000000   0.000000  94.203253 304.830643 291.393422   0.080689   0.171680 296.248157   0.144675
  3563 729.907610 352.001382 458.759396 291.918667  73.186481  73.186481   0.000000   0.000000  94.060547 304.822280 291.405506   0.080662   0.171680 296.253710   0.144651
  3564 729.082981 352.041484 458.185073 291.591002  73.088466  73.088466   0.000000   0.000000  93.917412 304.813791 291.417527   0.080634   0.171679 296.259231   0.144628
  3565 728.253528 352.081377 457.607428 291.261065  72.989824  72.989824   0.000000   0.000000  93.773849 304.805178 291.429484   0.080607   0.171678 296.264719   0.144605
  3566 727.419257 352.121062 457.026463 290.928855  72.890558  72.890558   0.000000   0.000000  93.629859 304.796441 291.441377   0.080579   0.171677 296.270174   0.144581
  3567 726.580171 352.160537 456.442180 290.594369  72.790670  72.790670   0.000000   0.000000  93.485443 304.787578 291.453207   0.080552   0.171676 296.275596   0.144558
  3568 725.736276 352.199803 455.854582 290.257607  72.690163  72.690163   0.000000   0.000000  93.340601 304.778592 291.464973   0.080525   0.171675 296.280985   0.144535
  3569 724.887576 352.238859 455.263671 289.918568  72.589039  72.589039   0.000000   0.000000  93.195334 304.769481 291.476675   0.080497   0.171674 296.286340   0.144512
  3570 724.034075 352.277703 454.669449 289.577250  72.487301  72.487301   0.000000   0.000000  93.049644 304.760246 291.488313   0.080470   0.171673 296.291662   0.144489
  3571 723.175777 352.316336 454.071919 289.233654  72.384951  72.384951   0.000000   0.000000  92.903531 304.750886 291.499887   0.080443   0.171673 296.296951   0.144465
  3572 722.312688 352.354758 453.471082 288.887776  72.281993  72.281993   0.000000   0.000000  92.756996 304.741403 291.511397   0.080416   0.171672 296.302205   0.144442
  3573 721.444811 352.392966 452.866943 288.539618  72.178428  72.178428   0.000000   0.000000  92.610040 304.731795 291.522843   0.080389   0.171671 296.307426   0.144419
  3574 720.572152 352.430961 452.259502 288.189177  72.074259  72.074259   0.000000   0.000000  92.462664 304.722064 291.534226   0.080363   0.171670 296.312612   0.144396
  3575 719.694715 352.468743 451.648762 287.836453  71.969490  71.969490   0.000000   0.000000  92.314868 304.712209 291.545544   0.080336   0.171669 296.317765   0.144373
  3576 718.812505 352.506310 451.034727 287.481444  71.864122  71.864122   0.000000   0.000000  92.166653 304.702230 291.556798   0.080309   0.171668 296.322883   0.144350
  3577 717.925526 352.543662 450.417397 287.124149  71.758157  71.758157   0.000000   0.000000  92.018021 304.692127 291.567988   0.080283   0.171667 296.327967   0.144327
  3578 717.033783 352.580798 449.796777 286.764569  71.651600  71.651600   0.000000   0.000000  91.868972 304.681901 291.579114   0.080256   0.171667 296.333015   0.144304
  3579 716.137281 352.617718 449.172867 286.402701  71.544452  71.544452   0.000000   0.000000  91.719506 304.671551 291.590176   0.080230   0.171666 296.338030   0.144282
  3580 715.236024 352.654421 448.545671 286.038544  71.436716  71.436716   0.000000   0.000000  91.569626 304.661078 291.601173   0.080203   0.171665 296.343009   0.144259
  3581 714.330018 352.690906 447.915192 285.672098  71.328394  71.328394   0.000000   0.000000  91.419331 304.650481 291.612107   0.080177   0.171664 296.347953   0.144236
  3582 713.419267 352.727174 447.281431 285.303362  71.219489  71.219489   0.000000   0.000000  91.268622 304.639762 291.622976   0.080151   0.171663 296.352862   0.144213
  3583 712.503776 352.763222 446.644392 284.932335  71.110004  71.110004   0.000000   0.000000  91.117501 304.628919 291.633781   0.080125   0.171662 296.357735   0.144190
  3584 711.583549 352.799051 446.004077 284.559016  70.999942  70.999942   0.000000   0.000000  90.965968 304.617953 291.644521   0.080099   0.171661 296.362573   0.144168
  3585 710.658593 352.834660 445.360488 284.183404  70.889305  70.889305   0.000000   0.000000  90.814024 304.606864 291.655197   0.080073   0.171661 296.367375   0.144145
  3586 709.728911 352.870048 444.713628 283.805498  70.778095  70.778095   0.000000   0.000000  90.661669 304.595653 291.665809   0.080047   0.171660 296.372141   0.144122
  3587 708.794508 352.905214 444.063500 283.425298  70.666316  70.666316   0.000000   0.000000  90.508905 304.584318 291.676356   0.080021   0.171659 296.376871   0.144100
  3588 707.855390 352.940159 443.410106 283.042802  70.553970  70.553970   0.000000   0.000000  90.355732 304.572861 291.686839   0.079995   0.171658 296.381565   0.144077
  3589 706.911562 352.974880 442.753450 282.658010  70.441059  70.441059   0.000000   0.000000  90.202152 304.561281 291.697258   0.079969   0.171657 296.386223   0.144055
  3590 705.963028 353.009378 442.093533 282.270921  70.327587  70.327587   0.000000   0.000000  90.048164 304.549579 291.707612   0.079944   0.171656 296.390844   0.144032
  3591 705.009794 353.043652 441.430358 281.881534  70.213556  70.213556   0.000000   0.000000  89.893771 304.537754 291.717901   0.079918   0.171656 296.395429   0.144010
  3592 704.051865 353.077701 440.763929 281.489848  70.098968  70.098968   0.000000   0.000000  89.738972 304.525807 291.728126   0.079893   0.171655 296.399976   0.143987
  3593 703.089246 353.111525 440.094247 281.095863  69.983826  69.983826   0.000000   0.000000  89.583768 304.513738 291.738286   0.079867   0.171654 296.404487   0.143965
  3594 702.121941 353.145122 439.421316 280.699577  69.868134  69.868134   0.000000   0.000000  89.428161 304.501546 291.748382   0.079842   0.171653 296.408960   0.143943
  3595 701.149957 353.178493 438.745138 280.300991  69.751893  69.751893   0.000000   0.000000  89.272151 304.489232 291.758413   0.079817   0.171652 296.413396   0.143920
  3596 700.173298 353.211636 438.065715 279.900103  69.635106  69.635106   0.000000   0.000000  89.115738 304.476797 291.768379   0.079792   0.171651 296.417795   0.143898
  3597 699.191970 353.244550 437.383052 279.496913  69.517777  69.517777   0.000000   0.000000  88.958924 304.464239 291.778280   0.079767   0.171650 296.422156   0.143876
  3598 698.205978 353.277236 436.697150 279.091420  69.399906  69.399906   0.000000   0.000000  88.801710 304.451559 291.788117   0.079742   0.171650 296.426479   0.143854
  3599 697.215326 353.309691 436.008013 278.683624  69.281499  69.281499   0.000000   0.000000  88.644096 304.438758 291.797889   0.079717   0.171649 296.430764   0.143832
  3600 696.220021 353.341916 435.315643 278.273523  69.162556  69.162556   0.000000   0.000000  88.486083 304.425835 291.807596   0.079692   0.171648 296.435011   0.143810
  3601 695.220068 353.373910 434.620043 277.861310  69.043088  69.043088   0.000000   0.000000  88.327672 304.412786 291.817239   0.079667   0.171647 296.439220   0.143788
  3602 694.215472 353.405674 433.921244 277.446825  68.923069  68.923069   0.000000   0.000000  88.168832 304.399612 291.826816   0.079642   0.171646 296.443391   0.143766
  3603 693.206239 353.437208 433.219242 277.030090  68.802508  68.802508   0.000000   0.000000  88.009571 304.386314 291.836329   0.079618   0.171646 296.447525   0.143744
  3604 692.192373 353.468511 432.514041 276.611098  68.681407  68.681407   0.000000   0.000000  87.849893 304.372891 291.845777   0.079593   0.171645 296.451621   0.143722
  3605 691.173881 353.499584 431.805644 276.189845  68.559772  68.559772   0.000000   0.000000  87.689798 304.359343 291.855159   0.079569   0.171644 296.455680   0.143700
  3606 690.150767 353.530426 431.094051 275.766329  68.437605  68.437605   0.000000   0.000000  87.529289 304.345672 291.864477   0.079544   0.171643 296.459700   0.143678
  3607 689.123038 353.561038 430.379265 275.340547  68.314910  68.314910   0.000000   0.000000  87.368369 304.331878 291.873729   0.079520   0.171642 296.463682   0.143656
  3608 688.090699 353.591418 429.661290 274.912497  68.191691  68.191691   0.000000   0.000000  87.207039 304.317960 291.882917   0.079496   0.171641 296.467625   0.143634
  3609 687.053755 353.621566 428.940126 274.482176  68.067951  68.067951   0.000000   0.000000  87.045301 304.303919 291.892039   0.079471   0.171641 296.471531   0.143612
  3610 686.012213 353.651482 428.215777 274.049583  67.943693  67.943693   0.000000   0.000000  86.883157 304.289754 291.901096   0.079447   0.171640 296.475397   0.143591
  3611 684.966077 353.681165 427.488245 273.614714  67.818922  67.818922   0.000000   0.000000  86.720609 304.275468 291.910088   0.079423   0.171639 296.479225   0.143569
  3612 683.915353 353.710615 426.757532 273.177569  67.693639  67.693639   0.000000   0.000000  86.557658 304.261058 291.919014   0.079399   0.171638 296.483013   0.143547
  3613 682.860047 353.739830 426.023641 272.738144  67.567849  67.567849   0.000000   0.000000  86.394306 304.246526 291.927876   0.079375   0.171637 296.486762   0.143526
  3614 681.800165 353.768811 425.286575 272.296439  67.441554  67.441554   0.000000   0.000000  86.230554 304.231872 291.936672   0.079352   0.171637 296.490472   0.143504
  3615 680.735712 353.797556 424.546336 271.852452  67.314758  67.314758   0.000000   0.000000  86.066404 304.217096 291.945402   0.079328   0.171636 296.494143   0.143483
  3616 679.666694 353.826064 423.802927 271.406181  67.187464  67.187464   0.000000   0.000000  85.901857 304.202198 291.954068   0.079304   0.171635 296.497773   0.143461
  3617 678.593117 353.854336 423.056350 270.957624  67.059675  67.059675   0.000000   0.000000  85.736914 304.187179 291.962668   0.079281   0.171634 296.501364   0.143440
  3618 677.514987 353.882369 422.306609 270.506781  66.931393  66.931393   0.000000   0.000000  85.571577 304.172038 291.971202   0.079257   0.171633 296.504914   0.143418
  3619 676.432309 353.910165 421.553705 270.053649  66.802622  66.802622   0.000000   0.000000  85.405847 304.156775 291.979671   0.079234   0.171633 296.508424   0.143397
  3620 675.345090 353.937720 420.797643 269.598228  66.673366  66.673366   0.000000   0.000000  85.239726 304.141391 291.988075   0.079210   0.171632 296.511893   0.143376
  3621 674.253335 353.965036 420.038424 269.140516  66.543626  66.543626   0.000000   0.000000  85.073213 304.125886 291.996413   0.079187   0.171631 296.515322   0.143355
  3622 673.157051 353.992110 419.276051 268.680512  66.413406  66.413406   0.000000   0.000000  84.906312 304.110260 292.004685   0.079164   0.171630 296.518709   0.143333
  3623 672.056242 354.018943 418.510528 268.218215  66.282709  66.282709   0.000000   0.000000  84.739022 304.094513 292.012892   0.079141   0.171629 296.522055   0.143312
  3624 670.950916 354.045532 417.741858 267.753624  66.151538  66.151538   0.000000   0.000000  84.571344 304.078645 292.021034   0.079118   0.171629 296.525360   0.143291
  3625 669.841078 354.071878 416.970042 267.286738  66.019896  66.019896   0.000000   0.000000  84.403281 304.062657 292.029110   0.079095   0.171628 296.528623   0.143270
  3626 668.726734 354.097980 416.195084 266.817555  65.887786  65.887786   0.000000   0.000000  84.234833 304.046549 292.037120   0.079072   0.171627 296.531845   0.143249
  3627 667.607890 354.123836 415.416988 266.346076  65.755210  65.755210   0.000000   0.000000  84.066001 304.030320 292.045064   0.079049   0.171626 296.535024   0.143228
  3628 666.484553 354.149446 414.635756 265.872299  65.622171  65.622171   0.000000   0.000000  83.896786 304.013970 292.052943   0.079026   0.171625 296.538161   0.143207
  3629 665.356728 354.174809 413.851391 265.396223  65.488673  65.488673   0.000000   0.000000  83.727189 303.997501 292.060756   0.079004   0.171625 296.541256   0.143186
  3630 664.224422 354.199924 413.063896 264.917848  65.354719  65.354719   0.000000   0.000000  83.557212 303.980912 292.068504   0.078981   0.171624 296.544308   0.143165
  3631 663.087640 354.224790 412.273275 264.437172  65.220310  65.220310   0.000000   0.000000  83.386854 303.964202 292.076186   0.078959   0.171623 296.547317   0.143144
  3632 661.946390 354.249406 411.479530 263.954196  65.085451  65.085451   0.000000   0.000000  83.216118 303.947373 292.083802   0.078936   0.171622 296.550283   0.143123
  3633 660.800677 354.273772 410.682664 263.468919  64.950143  64.950143   0.000000   0.000000  83.045004 303.930425 292.091352   0.078914   0.171621 296.553205   0.143103
  3634 659.650508 354.297886 409.882682 262.981340  64.814390  64.814390   0.000000   0.000000  82.873513 303.913357 292.098836   0.078891   0.171621 296.556084   0.143082
  3635 658.495888 354.321747 409.079585 262.491458  64.678195  64.678195   0.000000   0.000000  82.701646 303.896169 292.106255   0.078869   0.171620 296.558919   0.143061
  3636 657.336825 354.345355 408.273378 261.999273  64.541560  64.541560   0.000000   0.000000  82.529404 303.878863 292.113607   0.078847   0.171619 296.561710   0.143041
  3637 656.173324 354.368708 407.464063 261.504785  64.404489  64.404489   0.000000   0.000000  82.356787 303.861437 292.120894   0.078825   0.171618 296.564457   0.143020
  3638 655.005392 354.391806 406.651644 261.007993  64.266983  64.266983   0.000000   0.000000  82.183798 303.843892 292.128115   0.078803   0.171618 296.567160   0.143000
  3639 653.833035 354.414648 405.836124 260.508898  64.129046  64.129046   0.000000   0.000000  82.010436 303.826227 292.135270   0.078781   0.171617 296.569818   0.142979
  3640 652.656261 354.437232 405.017507 260.007497  63.990681  63.990681   0.000000   0.000000  81.836703 303.808445 292.142359   0.078759   0.171616 296.572431   0.142959
  3641 651.475074 354.459559 404.195795 259.503792  63.851891  63.851891   0.000000   0.000000  81.662599 303.790543 292.149382   0.078738   0.171615 296.574999   0.142938
  3642 650.289482 354.481626 403.370992 258.997782  63.712678  63.712678   0.000000   0.000000  81.488125 303.772523 292.156339   0.078716   0.171615 296.577521   0.142918
  3643 649.099492 354.503433 402.543102 258.489467  63.573044  63.573044   0.000000   0.000000  81.313282 303.754384 292.163231   0.078694   0.171614 296.579998   0.142897
  3644 647.905109 354.524979 401.712128 257.978847  63.432994  63.432994   0.000000   0.000000  81.138071 303.736126 292.170056   0.078673   0.171613 296.582430   0.142877
  3645 646.706341 354.546264 400.878074 257.465921  63.292529  63.292529   0.000000   0.000000  80.962494 303.717751 292.176815   0.078651   0.171612 296.584815   0.142857
  3646 645.503194 354.567285 400.040942 256.950690  63.151653  63.151653   0.000000   0.000000  80.786549 303.699257 292.183508   0.078630   0.171611 296.587154   0.142837
  3647 644.295674 354.588043 399.200737 256.433154  63.010367  63.010367   0.000000   0.000000  80.610239 303.680644 292.190135   0.078609   0.171611 296.589447   0.142817
  3648 643.083789 354.608535 398.357462 255.913312  62.868676  62.868676   0.000000   0.000000  80.433565 303.661914 292.196696   0.078587   0.171610 296.591693   0.142797
  3649 641.867545 354.628762 397.511120 255.391164  62.726581  62.726581   0.000000   0.000000  80.256526 303.643066 292.203191   0.078566   0.171609 296.593892   0.142777
  3650 640.646949 354.648723 396.661715 254.866712  62.584086  62.584086   0.000000   0.000000  80.079124 303.624100 292.209620   0.078545   0.171608 296.596045   0.142757
  3651 639.422007 354.668415 395.809252 254.339954  62.441192  62.441192   0.000000   0.000000  79.901359 303.605016 292.215983   0.078524   0.171608 296.598149   0.142737
  3652 638.192727 354.687839 394.953732 253.810891  62.297904  62.297904   0.000000   0.000000  79.723233 303.585815 292.222279   0.078503   0.171607 296.600207   0.142717
  3653 636.959116 354.706994 394.095161 253.279524  62.154223  62.154223   0.000000   0.000000  79.544746 303.566495 292.228510   0.078482   0.171606 296.602216   0.142697
  3654 635.721179 354.725878 393.233542 252.745851  62.010152  62.010152   0.000000   0.000000  79.365899 303.547059 292.234674   0.078461   0.171605 296.604178   0.142677
  3655 634.478924 354.744490 392.368878 252.209875  61.865695  61.865695   0.000000   0.000000  79.186693 303.527505 292.240772   0.078441   0.171605 296.606091   0.142657
  3656 633.232358 354.762829 391.501173 251.671595  61.720853  61.720853   0.000000   0.000000  79.007127 303.507833 292.246804   0.078420   0.171604 296.607956   0.142638
  3657 631.981489 354.780896 390.630432 251.131011  61.575630  61.575630   0.000000   0.000000  78.827204 303.488044 292.252770   0.078400   0.171603 296.609772   0.142618
  3658 630.726322 354.798687 389.756657 250.588124  61.430027  61.430027   0.000000   0.000000  78.646924 303.468139 292.258669   0.078379   0.171603 296.611540   0.142598
  3659 629.466864 354.816204 388.879853 250.042934  61.284049  61.284049   0.000000   0.000000  78.466287 303.448116 292.264502   0.078359   0.171602 296.613258   0.142579
  3660 628.203124 354.833444 388.000024 249.495442  61.137697  61.137697   0.000000   0.000000  78.285294 303.427976 292.270269   0.078338   0.171601 296.614927   0.142559
  3661 626.935108 354.850406 387.117173 248.945648  60.990974  60.990974   0.000000   0.000000  78.103946 303.407719 292.275970   0.078318   0.171600 296.616546   0.142540
  3662 625.662823 354.867090 386.231304 248.393553  60.843884  60.843884   0.000000   0.000000  77.922244 303.387345 292.281604   0.078298   0.171600 296.618116   0.142520
  3663 624.386276 354.883495 385.342421 247.839158  60.696427  60.696427   0.000000   0.000000  77.740188 303.366855 292.287172   0.078278   0.171599 296.619635   0.142501
  3664 623.105474 354.899620 384.450529 247.282462  60.548608  60.548608   0.000000   0.000000  77.557779 303.346248 292.292674   0.078258   0.171598 296.621105   0.142481
  3665 621.820426 354.915463 383.555631 246.723468  60.400429  60.400429   0.000000   0.000000  77.375018 303.325524 292.298109   0.078238   0.171597 296.622524   0.142462
  3666 620.531137 354.931024 382.657731 246.162174  60.251892  60.251892   0.000000   0.000000  77.191905 303.304684 292.303478   0.078218   0.171597 296.623892   0.142443
  3667 619.237615 354.946301 381.756834 245.598584  60.103001  60.103001   0.000000   0.000000  77.008441 303.283727 292.308781   0.078198   0.171596 296.625209   0.142424
  3668 617.939867 354.961295 380.852943 245.032696  59.953757  59.953757   0.000000   0.000000  76.824626 303.262654 292.314017   0.078178   0.171595 296.626475   0.142405
  3669 616.637901 354.976003 379.946062 244.464512  59.804164  59.804164   0.000000   0.000000  76.640462 303.241465 292.319187   0.078159   0.171595 296.627690   0.142385
  3670 615.331725 354.990425 379.036196 243.894032  59.654224  59.654224   0.000000   0.000000  76.455948 303.220160 292.324290   0.078139   0.171594 296.628853   0.142366
  3671 614.021345 355.004560 378.123349 243.321259  59.503940  59.503940   0.000000   0.000000  76.271087 303.198738 292.329327   0.078120   0.171593 296.629964   0.142347
  3672 612.706768 355.018406 377.207525 242.746192  59.353314  59.353314   0.000000   0.000000  76.085877 303.177201 292.334298   0.078100   0.171592 296.631024   0.142328
  3673 611.388003 355.031963 376.288727 242.168832  59.202349  59.202349   0.000000   0.000000  75.900320 303.155547 292.339202   0.078081   0.171592 296.632031   0.142309
  3674 610.065057 355.045231 375.366962 241.589181  59.051048  59.051048   0.000000   0.000000  75.714416 303.133778 292.344040   0.078062   0.171591 296.632985   0.142291
  3675 608.737938 355.058207 374.442231 241.007240  58.899412  58.899412   0.000000   0.000000  75.528167 303.111893 292.348811   0.078042   0.171590 296.633887   0.142272
  3676 607.406652 355.070891 373.514541 240.423010  58.747446  58.747446   0.000000   0.000000  75.341572 303.089892 292.353516   0.078023   0.171590 296.634735   0.142253
  3677 606.071207 355.083281 372.583895 239.836491  58.595151  58.595151   0.000000   0.000000  75.154632 303.067775 292.358154   0.078004   0.171589 296.635531   0.142234
  3678 604.731612 355.095378 371.650298 239.247686  58.442530  58.442530   0.000000   0.000000  74.967348 303.045543 292.362726   0.077985   0.171588 296.636273   0.142216
  3679 603.387874 355.107180 370.713754 238.656595  58.289586  58.289586   0.000000   0.000000  74.779720 303.023196 292.367231   0.077966   0.171587 296.636961   0.142197
  3680 602.039999 355.118685 369.774267 238.063220  58.136320  58.136320   0.000000   0.000000  74.591749 303.000732 292.371670   0.077948   0.171587 296.637596   0.142178
  3681 600.687998 355.129894 368.831842 237.467562  57.982737  57.982737   0.000000   0.000000  74.403436 302.978154 292.376042   0.077929   0.171586 296.638176   0.142160
  3682 599.331876 355.140804 367.886483 236.869622  57.828837  57.828837   0.000000   0.000000  74.214780 302.955460 292.380348   0.077910   0.171585 296.638703   0.142141
  3683 597.971641 355.151415 366.938196 236.269402  57.674625  57.674625   0.000000   0.000000  74.025784 302.932651 292.384587   0.077892   0.171585 296.639174   0.142123
  3684 596.607302 355.161727 365.986983 235.666903  57.520102  57.520102   0.000000   0.000000  73.836446 302.909726 292.388760   0.077873   0.171584 296.639591   0.142105
  3685 595.238867 355.171737 365.032851 235.062126  57.365270  57.365270   0.000000   0.000000  73.646768 302.886687 292.392865   0.077855   0.171583 296.639952   0.142086
  3686 593.866342 355.181445 364.075803 234.455074  57.210134  57.210134   0.000000   0.000000  73.456751 302.863532 292.396905   0.077836   0.171583 296.640259   0.142068
  3687 592.489737 355.190850 363.115844 233.845747  57.054694  57.054694   0.000000   0.000000  73.266394 302.840263 292.400877   0.077818   0.171582 296.640510   0.142050
  3688 591.109059 355.199951 362.152979 233.234148  56.898954  56.898954   0.000000   0.000000  73.075698 302.816878 292.404783   0.077800   0.171581 296.640705   0.142032
  3689 589.724316 355.208748 361.187212 232.620277  56.742916  56.742916   0.000000   0.000000  72.884664 302.793379 292.408623   0.077782   0.171581 296.640844   0.142013
  3690 588.335516 355.217238 360.218548 232.004138  56.586582  56.586582   0.000000   0.000000  72.693293 302.769765 292.412396   0.077763   0.171580 296.640927   0.141995
  3691 586.942667 355.225421 359.246993 231.385730  56.429956  56.429956   0.000000   0.000000  72.501584 302.746036 292.416102   0.077745   0.171579 296.640954   0.141977
  3692 585.545777 355.233296 358.272550 230.765057  56.273039  56.273039   0.000000   0.000000  72.309539 302.722192 292.419741   0.077728   0.171579 296.640924   0.141959
  3693 584.144855 355.240863 357.295224 230.142119  56.115835  56.115835   0.000000   0.000000  72.117157 302.698234 292.423314   0.077710   0.171578 296.640837   0.141941
  3694 582.739908 355.248119 356.315021 229.516919  55.958345  55.958345   0.000000   0.000000  71.924440 302.674161 292.426820   0.077692   0.171577 296.640693   0.141924
  3695 581.330945 355.255064 355.331944 228.889459  55.800572  55.800572   0.000000   0.000000  71.731388 302.649974 292.430259   0.077674   0.171577 296.640491   0.141906
  3696 579.917974 355.261698 354.346000 228.259741  55.642519  55.642519   0.000000   0.000000  71.538001 302.625672 292.433632   0.077657   0.171576 296.640232   0.141888
  3697 578.501003 355.268018 353.357193 227.627766  55.484187  55.484187   0.000000   0.000000  71.344280 302.601256 292.436938   0.077639   0.171575 296.639916   0.141870
  3698 577.080040 355.274025 352.365527 226.993536  55.325581  55.325581   0.000000   0.000000  71.150225 302.576725 292.440177   0.077622   0.171575 296.639541   0.141853
  3699 575.655094 355.279717 351.371008 226.357054  55.166701  55.166701   0.000000   0.000000  70.955836 302.552080 292.443349   0.077604   0.171574 296.639108   0.141835
  3700 574.226173 355.285093 350.373641 225.718322  55.007551  55.007551   0.000000   0.000000  70.761115 302.527321 292.446455   0.077587   0.171573 296.638616   0.141817
  3701 572.793286 355.290152 349.373431 225.077342  54.848133  54.848133   0.000000   0.000000  70.566061 302.502447 292.449494   0.077570   0.171573 296.638066   0.141800
  3702 571.356441 355.294893 348.370383 224.434115  54.688449  54.688449   0.000000   0.000000  70.370676 302.477460 292.452466   0.077552   0.171572 296.637457   0.141782
  3703 569.915646 355.299315 347.364502 223.788645  54.528502  54.528502   0.000000   0.000000  70.174959 302.452358 292.455371   0.077535   0.171571 296.636788   0.141765
  3704 568.470911 355.303417 346.355793 223.140933  54.368294  54.368294   0.000000   0.000000  69.978911 302.427143 292.458210   0.077518   0.171571 296.636060   0.141748
  3705 567.022242 355.307199 345.344262 222.490983  54.207828  54.207828   0.000000   0.000000  69.782532 302.401813 292.460981   0.077501   0.171570 296.635273   0.141730
  3706 565.569650 355.310658 344.329913 221.838795  54.047106  54.047106   0.000000   0.000000  69.585823 302.376370 292.463686   0.077484   0.171569 296.634425   0.141713
  3707 564.113143 355.313795 343.312752 221.184373  53.886130  53.886130   0.000000   0.000000  69.388784 302.350812 292.466324   0.077468   0.171569 296.633518   0.141696
  3708 562.652729 355.316608 342.292784 220.527719  53.724904  53.724904   0.000000   0.000000  69.191416 302.325141 292.468895   0.077451   0.171568 296.632550   0.141679
  3709 561.188417 355.319096 341.270014 219.868836  53.563428  53.563428   0.000000   0.000000  68.993718 302.299356 292.471400   0.077434   0.171567 296.631521   0.141661
  3710 559.720216 355.321259 340.244448 219.207726  53.401707  53.401707   0.000000   0.000000  68.795692 302.273457 292.473837   0.077418   0.171567 296.630432   0.141644
  3711 558.248134 355.323094 339.216091 218.544391  53.239741  53.239741   0.000000   0.000000  68.597338 302.247444 292.476208   0.077401   0.171566 296.629281   0.141627
  3712 556.772181 355.324602 338.184949 217.878835  53.077535  53.077535   0.000000   0.000000  68.398657 302.221318 292.478512   0.077385   0.171565 296.628069   0.141610
  3713 555.292366 355.325781 337.151026 217.211059  52.915089  52.915089   0.000000   0.000000  68.199647 302.195078 292.480748   0.077368   0.171565 296.626796   0.141594
  3714 553.808696 355.326631 336.114329 216.541067  52.752406  52.752406   0.000000   0.000000  68.000311 302.168725 292.482918   0.077352   0.171564 296.625461   0.141577
  3715 552.321181 355.327149 335.074862 215.868862  52.589489  52.589489   0.000000   0.000000  67.800648 302.142258 292.485021   0.077336   0.171564 296.624064   0.141560
  3716 550.829831 355.327336 334.032632 215.194446  52.426340  52.426340   0.000000   0.000000  67.600659 302.115678 292.487057   0.077320   0.171563 296.622604   0.141543
  3717 549.334653 355.327190 332.987644 214.517822  52.262961  52.262961   0.000000   0.000000  67.400344 302.088984 292.489026   0.077304   0.171562 296.621082   0.141526
  3718 547.835658 355.326710 331.939903 213.838992  52.099355  52.099355   0.000000   0.000000  67.199703 302.062177 292.490929   0.077288   0.171562 296.619498   0.141510
  3719 546.332854 355.325896 330.889415 213.157961  51.935524  51.935524   0.000000   0.000000  66.998737 302.035256 292.492764   0.077272   0.171561 296.617850   0.141493
  3720 544.826250 355.324746 329.836186 212.474731  51.771470  51.771470   0.000000   0.000000  66.797446 302.008222 292.494532   0.077256   0.171560 296.616139   0.141477
  3721 543.315855 355.323259 328.780222 211.789304  51.607197  51.607197   0.000000   0.000000  66.595830 301.981075 292.496233   0.077240   0.171560 296.614365   0.141460
  3722 541.801680 355.321435 327.721528 211.101684  51.442705  51.442705   0.000000   0.000000  66.393891 301.953814 292.497868   0.077225   0.171559 296.612527   0.141444
  3723 540.283732 355.319272 326.660110 210.411875  51.277997  51.277997   0.000000   0.000000  66.191627 301.926441 292.499435   0.077209   0.171559 296.610626   0.141427
  3724 538.762021 355.316769 325.595974 209.719879  51.113076  51.113076   0.000000   0.000000  65.989040 301.898954 292.500935   0.077193   0.171558 296.608660   0.141411
  3725 537.236557 355.313926 324.529126 209.025699  50.947945  50.947945   0.000000   0.000000  65.786130 301.871354 292.502368   0.077178   0.171557 296.606630   0.141395
  3726 535.707349 355.310741 323.459571 208.329339  50.782604  50.782604   0.000000   0.000000  65.582897 301.843640 292.503735   0.077163   0.171557 296.604535   0.141379
  3727 534.174406 355.307214 322.387315 207.630802  50.617057  50.617057   0.000000   0.000000  65.379341 301.815814 292.505034   0.077147   0.171556 296.602375   0.141362
  3728 532.637738 355.303343 321.312365 206.930092  50.451306  50.451306   0.000000   0.000000  65.175463 301.787875 292.506266   0.077132   0.171556 296.600150   0.141346
  3729 531.097354 355.299127 320.234727 206.227212  50.285353  50.285353   0.000000   0.000000  64.971263 301.759823 292.507431   0.077117   0.171555 296.597860   0.141330
  3730 529.553264 355.294566 319.154406 205.522164  50.119200  50.119200   0.000000   0.000000  64.766741 301.731657 292.508529   0.077102   0.171554 296.595504   0.141314
  3731 528.005477 355.289658 318.071408 204.814954  49.952850  49.952850   0.000000   0.000000  64.561898 301.703379 292.509560   0.077087   0.171554 296.593082   0.141298
  3732 526.454004 355.284402 316.985740 204.105584  49.786305  49.786305   0.000000   0.000000  64.356734 301.674988 292.510524   0.077072   0.171553 296.590595   0.141282
  3733 524.898853 355.278799 315.897408 203.394058  49.619567  49.619567   0.000000   0.000000  64.151249 301.646484 292.511421   0.077057   0.171553 296.588041   0.141266
  3734 523.340034 355.272845 314.806418 202.680379  49.452638  49.452638   0.000000   0.000000  63.945443 301.617867 292.512250   0.077042   0.171552 296.585420   0.141251
  3735 521.777558 355.266541 313.712776 201.964552  49.285522  49.285522   0.000000   0.000000  63.739317 301.589137 292.513013   0.077027   0.171551 296.582733   0.141235
  3736 520.211434 355.259886 312.616488 201.246580  49.118219  49.118219   0.000000   0.000000  63.532872 301.560295 292.513708   0.077013   0.171551 296.579979   0.141219
  3737 518.641671 355.252878 311.517561 200.526467  48.950732  48.950732   0.000000   0.000000  63.326106 301.531339 292.514336   0.076998   0.171550 296.577157   0.141204
  3738 517.068281 355.245516 310.416001 199.804217  48.783063  48.783063   0.000000   0.000000  63.119021 301.502271 292.514897   0.076984   0.171550 296.574268   0.141188
  3739 515.491272 355.237801 309.311814 199.079833  48.615215  48.615215   0.000000   0.000000  62.911616 301.473090 292.515391   0.076969   0.171549 296.571311   0.141173
  3740 513.910654 355.229729 308.205008 198.353320  48.447190  48.447190   0.000000   0.000000  62.703892 301.443797 292.515818   0.076955   0.171548 296.568286   0.141157
  3741 512.326438 355.221302 307.095587 197.624681  48.278990  48.278990   0.000000   0.000000  62.495850 301.414391 292.516178   0.076940   0.171548 296.565193   0.141142
  3742 510.738635 355.212517 305.983559 196.893922  48.110617  48.110617   0.000000   0.000000  62.287489 301.384872 292.516470   0.076926   0.171547 296.562032   0.141126
  3743 509.147253 355.203373 304.868931 196.161044  47.942073  47.942073   0.000000   0.000000  62.078810 301.355240 292.516695   0.076912   0.171547 296.558801   0.141111
  3744 507.552303 355.193870 303.751708 195.426054  47.773361  47.773361   0.000000   0.000000  61.869813 301.325496 292.516853   0.076898   0.171546 296.555502   0.141096
  3745 505.953795 355.184007 302.631898 194.688955  47.604482  47.604482   0.000000   0.000000  61.660497 301.295639 292.516944   0.076884   0.171546 296.552133   0.141080
  3746 504.351740 355.173782 301.509507 193.949752  47.435439  47.435439   0.000000   0.000000  61.450864 301.265670 292.516968   0.076870   0.171545 296.548695   0.141065
  3747 502.746148 355.163195 300.384542 193.208448  47.266235  47.266235   0.000000   0.000000  61.240914 301.235588 292.516924   0.076856   0.171544 296.545188   0.141050
  3748 501.137029 355.152245 299.257009 192.465048  47.096870  47.096870   0.000000   0.000000  61.030646 301.205393 292.516813   0.076843   0.171544 296.541610   0.141035
  3749 499.524394 355.140930 298.126915 191.719557  46.927348  46.927348   0.000000   0.000000  60.820062 301.175086 292.516635   0.076829   0.171543 296.537962   0.141020
  3750 497.908253 355.129250 296.994268 190.971979  46.757670  46.757670   0.000000   0.000000  60.609160 301.144667 292.516389   0.076815   0.171543 296.534244   0.141005
  3751 496.288617 355.117204 295.859074 190.222318  46.587839  46.587839   0.000000   0.000000  60.397942 301.114135 292.516077   0.076802   0.171542 296.530454   0.140990
  3752 494.665496 355.104790 294.721340 189.470580  46.417857  46.417857   0.000000   0.000000  60.186407 301.083490 292.515696   0.076788   0.171542 296.526594   0.140976
  3753 493.038901 355.092008 293.581072 188.716768  46.247725  46.247725   0.000000   0.000000  59.974556 301.052733 292.515249   0.076775   0.171541 296.522663   0.140961
  3754 491.408843 355.078857 292.438279 187.960888  46.077446  46.077446   0.000000   0.000000  59.762388 301.021864 292.514734   0.076761   0.171540 296.518660   0.140946
  3755 489.775332 355.065336 291.292966 187.202944  45.907023  45.907023   0.000000   0.000000  59.549905 300.990882 292.514152   0.076748   0.171540 296.514585   0.140931
  3756 488.138379 355.051443 290.145141 186.442941  45.736456  45.736456   0.000000   0.000000  59.337106 300.959787 292.513503   0.076735   0.171539 296.510439   0.140917
  3757 486.497995 355.037178 288.994812 185.680884  45.565749  45.565749   0.000000   0.000000  59.123991 300.928581 292.512786   0.076722   0.171539 296.506220   0.140902
  3758 484.854191 355.022540 287.841985 184.916778  45.394903  45.394903   0.000000   0.000000  58.910561 300.897261 292.512002   0.076709   0.171538 296.501929   0.140888
  3759 483.206978 355.007527 286.686667 184.150628  45.223921  45.223921   0.000000   0.000000  58.696815 300.865830 292.511151   0.076696   0.171538 296.497565   0.140873
  3760 481.556366 354.992140 285.528866 183.382439  45.052804  45.052804   0.000000   0.000000  58.482754 300.834286 292.510232   0.076683   0.171537 296.493128   0.140859
  3761 479.902368 354.976376 284.368590 182.612216  44.881554  44.881554   0.000000   0.000000  58.268378 300.802629 292.509246   0.076670   0.171537 296.488617   0.140845
  3762 478.244993 354.960235 283.205844 181.839964  44.710175  44.710175   0.000000   0.000000  58.053687 300.770861 292.508192   0.076657   0.171536 296.484033   0.140830
  3763 476.584254 354.943715 282.040638 181.065688  44.538667  44.538667   0.000000   0.000000  57.838681 300.738979 292.507071   0.076645   0.171536 296.479376   0.140816
  3764 474.920161 354.926817 280.872978 180.289394  44.367032  44.367032   0.000000   0.000000  57.623360 300.706986 292.505882   0.076632   0.171535 296.474644   0.140802
  3765 473.252726 354.909538 279.702872 179.511088  44.195273  44.195273   0.000000   0.000000  57.407725 300.674880 292.504626   0.076620   0.171535 296.469838   0.140788
  3766 471.581960 354.891878 278.530328 178.730773  44.023392  44.023392   0.000000   0.000000  57.191775 300.642662 292.503303   0.076607   0.171534 296.464958   0.140774
  3767 469.907874 354.873836 277.355352 177.948456  43.851391  43.851391   0.000000   0.000000  56.975511 300.610331 292.501912   0.076595   0.171533 296.460002   0.140760
  3768 468.230481 354.855411 276.177954 177.164143  43.679272  43.679272   0.000000   0.000000  56.758932 300.577888 292.500454   0.076582   0.171533 296.454972   0.140746
  3769 466.549791 354.836602 274.998139 176.377839  43.507037  43.507037   0.000000   0.000000  56.542040 300.545333 292.498928   0.076570   0.171532 296.449866   0.140732
  3770 464.865816 354.817407 273.815917 175.589550  43.334687  43.334687   0.000000   0.000000  56.324833 300.512665 292.497335   0.076558   0.171532 296.444684   0.140718
  3771 463.178567 354.797827 272.631295 174.799281  43.162225  43.162225   0.000000   0.000000  56.107312 300.479885 292.495674   0.076546   0.171531 296.439427   0.140704
  3772 461.488058 354.777859 271.444281 174.007038  42.989653  42.989653   0.000000   0.000000  55.889477 300.446993 292.493946   0.076534   0.171531 296.434094   0.140691
  3773 459.794298 354.757503 270.254883 173.212827  42.816973  42.816973   0.000000   0.000000  55.671328 300.413988 292.492150   0.076522   0.171530 296.428684   0.140677
  3774 458.097301 354.736757 269.063108 172.416654  42.644187  42.644187   0.000000   0.000000  55.452866 300.380871 292.490286   0.076510   0.171530 296.423197   0.140663
  3775 456.397077 354.715622 267.868966 171.618525  42.471296  42.471296   0.000000   0.000000  55.234090 300.347641 292.488355   0.076498   0.171529 296.417633   0.140650
  3776 454.693640 354.694096 266.672463 170.818446  42.298303  42.298303   0.000000   0.000000  55.015000 300.314299 292.486357   0.076487   0.171529 296.411992   0.140636
  3777 452.987001 354.672177 265.473608 170.016422  42.125210  42.125210   0.000000   0.000000  54.795596 300.280845 292.484291   0.076475   0.171528 296.406274   0.140623
  3778 451.277172 354.649865 264.272410 169.212462  41.952018  41.952018   0.000000   0.000000  54.575879 300.247278 292.482157   0.076463   0.171528 296.400478   0.140609
  3779 449.564165 354.627159 263.068876 168.406569  41.778730  41.778730   0.000000   0.000000  54.355849 300.213599 292.479956   0.076452   0.171527 296.394604   0.140596
  3780 447.847993 354.604058 261.863014 167.598751  41.605347  41.605347   0.000000   0.000000  54.135504 300.179808 292.477687   0.076440   0.171527 296.388651   0.140583
  3781 446.128668 354.580560 260.654834 166.789015  41.431872  41.431872   0.000000   0.000000  53.914847 300.145904 292.475350   0.076429   0.171526 296.382620   0.140569
  3782 444.406202 354.556665 259.444344 165.977366  41.258306  41.258306   0.000000   0.000000  53.693876 300.111888 292.472946   0.076418   0.171526 296.376510   0.140556
  3783 442.680608 354.532372 258.231552 165.163811  41.084652  41.084652   0.000000   0.000000  53.472591 300.077759 292.470474   0.076407   0.171525 296.370320   0.140543
  3784 440.951899 354.507680 257.016466 164.348357  40.910910  40.910910   0.000000   0.000000  53.250994 300.043518 292.467935   0.076395   0.171525 296.364052   0.140530
  3785 439.220086 354.482588 255.799095 163.531011  40.737084  40.737084   0.000000   0.000000  53.029082 300.009164 292.465327   0.076384   0.171524 296.357703   0.140517
  3786 437.485183 354.457094 254.579449 162.711779  40.563174  40.563174   0.000000   0.000000  52.806858 299.974698 292.462652   0.076373   0.171524 296.351274   0.140504
  3787 435.747203 354.431198 253.357535 161.890667  40.389184  40.389184   0.000000   0.000000  52.584320 299.940119 292.459910   0.076362   0.171523 296.344766   0.140491
  3788 434.006158 354.404899 252.133362 161.067684  40.215114  40.215114   0.000000   0.000000  52.361468 299.905428 292.457099   0.076352   0.171523 296.338176   0.140478
  3789 432.262061 354.378196 250.906940 160.242835  40.040966  40.040966   0.000000   0.000000  52.138304 299.870625 292.454221   0.076341   0.171522 296.331506   0.140466
  3790 430.514925 354.351087 249.678277 159.416128  39.866743  39.866743   0.000000   0.000000  51.914826 299.835709 292.451275   0.076330   0.171522 296.324754   0.140453
  3791 428.764764 354.323571 248.447383 158.587570  39.692446  39.692446   0.000000   0.000000  51.691034 299.800680 292.448262   0.076319   0.171521 296.317921   0.140440
  3792 427.011590 354.295649 247.214265 157.757168  39.518078  39.518078   0.000000   0.000000  51.466929 299.765539 292.445180   0.076309   0.171521 296.311006   0.140428
  3793 425.255417 354.267318 245.978934 156.924930  39.343639  39.343639   0.000000   0.000000  51.242511 299.730285 292.442031   0.076298   0.171521 296.304009   0.140415
  3794 423.496258 354.238577 244.741399 156.090863  39.169132  39.169132   0.000000   0.000000  51.017779 299.694919 292.438814   0.076288   0.171520 296.296930   0.140403
  3795 421.734126 354.209426 243.501668 155.254974  38.994559  38.994559   0.000000   0.000000  50.792734 299.659440 292.435529   0.076278   0.171520 296.289768   0.140390
  3796 419.969036 354.179864 242.259751 154.417270  38.819921  38.819921   0.000000   0.000000  50.567375 299.623848 292.432177   0.076267   0.171519 296.282523   0.140378
  3797 418.201000 354.149889 241.015658 153.577760  38.645221  38.645221   0.000000   0.000000  50.341702 299.588144 292.428756   0.076257   0.171519 296.275194   0.140365
  3798 416.430032 354.119501 239.769399 152.736451  38.470460  38.470460   0.000000   0.000000  50.115716 299.552327 292.425268   0.076247   0.171518 296.267783   0.140353
  3799 414.656146 354.088698 238.520981 151.893351  38.295639  38.295639   0.000000   0.000000  49.889416 299.516397 292.421711   0.076237   0.171518 296.260287   0.140341
  3800 412.879356 354.057479 237.270416 151.048468  38.120761  38.120761   0.000000   0.000000  49.662802 299.480355 292.418087   0.076227   0.171517 296.252707   0.140329
  3801 411.099676 354.025844 236.017713 150.201809  37.945828  37.945828   0.000000   0.000000  49.435874 299.444200 292.414395   0.076217   0.171517 296.245042   0.140317
  3802 409.317119 353.993791 234.762881 149.353383  37.770840  37.770840   0.000000   0.000000  49.208633 299.407932 292.410635   0.076207   0.171516 296.237293   0.140305
  3803 407.531701 353.961319 233.505931 148.503198  37.595801  37.595801   0.000000   0.000000  48.981077 299.371551 292.406807   0.076197   0.171516 296.229458   0.140293
  3804 405.743434 353.928427 232.246872 147.651261  37.420711  37.420711   0.000000   0.000000  48.753207 299.335057 292.402911   0.076188   0.171515 296.221538   0.140281
  3805 403.952335 353.895115 230.985715 146.797582  37.245573  37.245573   0.000000   0.000000  48.525023 299.298451 292.398947   0.076178   0.171515 296.213533   0.140269
  3806 402.158416 353.861380 229.722469 145.942169  37.070388  37.070388   0.000000   0.000000  48.296525 299.261732 292.394916   0.076168   0.171515 296.205441   0.140257
  3807 400.361693 353.827223 228.457145 145.085030  36.895158  36.895158   0.000000   0.000000  48.067712 299.224899 292.390816   0.076159   0.171514 296.197262   0.140245
  3808 398.562180 353.792642 227.189753 144.226173  36.719885  36.719885   0.000000   0.000000  47.838585 299.187954 292.386648   0.076150   0.171514 296.188997   0.140233
  3809 396.759891 353.757635 225.920303 143.365608  36.544570  36.544570   0.000000   0.000000  47.609143 299.150896 292.382412   0.076140   0.171513 296.180645   0.140222
  3810 394.954843 353.722203 224.648805 142.503343  36.369215  36.369215   0.000000   0.000000  47.379387 299.113724 292.378108   0.076131   0.171513 296.172206   0.140210
  3811 393.147049 353.686343 223.375271 141.639387  36.193823  36.193823   0.000000   0.000000  47.149315 299.076440 292.373736   0.076122   0.171512 296.163678   0.140199
  3812 391.336525 353.650055 222.099711 140.773749  36.018393  36.018393   0.000000   0.000000  46.918929 299.039043 292.369296   0.076113   0.171512 296.155063   0.140187
  3813 389.523285 353.613338 220.822134 139.906438  35.842929  35.842929   0.000000   0.000000  46.688227 299.001532 292.364788   0.076104   0.171512 296.146359   0.140176
  3814 387.707346 353.576190 219.542553 139.037463  35.667432  35.667432   0.000000   0.000000  46.457210 298.963908 292.360211   0.076095   0.171511 296.137566   0.140164
  3815 385.888722 353.538611 218.260978 138.166834  35.491903  35.491903   0.000000   0.000000  46.225878 298.926171 292.355567   0.076086   0.171511 296.128684   0.140153
  3816 384.067430 353.500599 216.977421 137.294560  35.316344  35.316344   0.000000   0.000000  45.994230 298.888321 292.350854   0.076077   0.171510 296.119713   0.140142
  3817 382.243484 353.462154 215.691891 136.420650  35.140758  35.140758   0.000000   0.000000  45.762267 298.850357 292.346074   0.076068   0.171510 296.110651   0.140130
  3818 380.416900 353.423273 214.404400 135.545114  34.965145  34.965145   0.000000   0.000000  45.529987 298.812281 292.341225   0.076059   0.171509 296.101500   0.140119
  3819 378.587695 353.383958 213.114959 134.667962  34.789507  34.789507   0.000000   0.000000  45.297392 298.774090 292.336307   0.076051   0.171509 296.092258   0.140108
  3820 376.755884 353.344205 211.823581 133.789203  34.613846  34.613846   0.000000   0.000000  45.064480 298.735787 292.331322   0.076042   0.171509 296.082925   0.140097
  3821 374.921484 353.304014 210.530275 132.908847  34.438163  34.438163   0.000000   0.000000  44.831252 298.697369 292.326268   0.076034   0.171508 296.073501   0.140086
  3822 373.084510 353.263384 209.235055 132.026905  34.262461  34.262461   0.000000   0.000000  44.597707 298.658839 292.321147   0.076025   0.171508 296.063985   0.140075
  3823 371.244979 353.222314 207.937930 131.143387  34.086740  34.086740   0.000000   0.000000  44.363846 298.620195 292.315956   0.076017   0.171507 296.054377   0.140064
  3824 369.402907 353.180802 206.638914 130.258302  33.911002  33.911002   0.000000   0.000000  44.129668 298.581437 292.310698   0.076009   0.171507 296.044677   0.140053
  3825 367.558312 353.138848 205.338017 129.371662  33.735250  33.735250   0.000000   0.000000  43.895172 298.542565 292.305371   0.076000   0.171507 296.034883   0.140043
  3826 365.711210 353.096451 204.035253 128.483477  33.559483  33.559483   0.000000   0.000000  43.660359 298.503580 292.299976   0.075992   0.171506 296.024997   0.140032
  3827 363.861618 353.053609 202.730633 127.593757  33.383705  33.383705   0.000000   0.000000  43.425229 298.464481 292.294513   0.075984   0.171506 296.015017   0.140021
  3828 362.009553 353.010321 201.424168 126.702513  33.207916  33.207916   0.000000   0.000000  43.189780 298.425269 292.288981   0.075976   0.171505 296.004943   0.140011
  3829 360.155032 352.966586 200.115873 125.809756  33.032119  33.032119   0.000000   0.000000  42.954014 298.385942 292.283381   0.075968   0.171505 295.994775   0.140000
  3830 358.298072 352.922403 198.805758 124.915497  32.856314  32.856314   0.000000   0.000000  42.717930 298.346502 292.277712   0.075961   0.171505 295.984512   0.139990
  3831 356.438691 352.877772 197.493837 124.019748  32.680504  32.680504   0.000000   0.000000  42.481527 298.306947 292.271975   0.075953   0.171504 295.974154   0.139979
  3832 354.576907 352.832689 196.180122 123.122519  32.504689  32.504689   0.000000   0.000000  42.244805 298.267279 292.266170   0.075945   0.171504 295.963700   0.139969
  3833 352.712738 352.787156 194.864626 122.223822  32.328872  32.328872   0.000000   0.000000  42.007764 298.227496 292.260296   0.075937   0.171503 295.953151   0.139959
  3834 350.846201 352.741169 193.547361 121.323669  32.153053  32.153053   0.000000   0.000000  41.770404 298.187600 292.254353   0.075930   0.171503 295.942505   0.139948
  3835 348.977315 352.694730 192.228342 120.422071  31.977235  31.977235   0.000000   0.000000  41.532725 298.147589 292.248342   0.075922   0.171503 295.931762   0.139938
  3836 347.106097 352.647835 190.907580 119.519040  31.801418  31.801418   0.000000   0.000000  41.294726 298.107464 292.242263   0.075915   0.171502 295.920921   0.139928
  3837 345.232567 352.600484 189.585090 118.614588  31.625605  31.625605   0.000000   0.000000  41.056407 298.067225 292.236115   0.075908   0.171502 295.909983   0.139918
  3838 343.356743 352.552676 188.260885 117.708727  31.449797  31.449797   0.000000   0.000000  40.817768 298.026871 292.229898   0.075900   0.171501 295.898947   0.139908
  3839 341.478644 352.504409 186.934979 116.801470  31.273995  31.273995   0.000000   0.000000  40.578808 297.986403 292.223613   0.075893   0.171501 295.887812   0.139898
  3840 339.598289 352.455683 185.607384 115.892828  31.098201  31.098201   0.000000   0.000000  40.339528 297.945820 292.217260   0.075886   0.171501 295.876579   0.139888
  3841 337.715697 352.406496 184.278115 114.982815  30.922416  30.922416   0.000000   0.000000  40.099926 297.905123 292.210837   0.075879   0.171500 295.865245   0.139878
  3842 335.830887 352.356848 182.947186 114.071444  30.746641  30.746641   0.000000   0.000000  39.860003 297.864312 292.204346   0.075872   0.171500 295.853812   0.139868
  3843 333.943879 352.306736 181.614612 113.158727  30.570879  30.570879   0.000000   0.000000  39.619758 297.823385 292.197786   0.075865   0.171500 295.842278   0.139858
  3844 332.054692 352.256160 180.280406 112.244677  30.395130  30.395130   0.000000   0.000000  39.379191 297.782344 292.191158   0.075858   0.171499 295.830644   0.139849
  3845 330.163347 352.205118 178.944582 111.329307  30.219396  30.219396   0.000000   0.000000  39.138302 297.741188 292.184461   0.075851   0.171499 295.818908   0.139839
  3846 328.269864 352.153610 177.607157 110.412632  30.043678  30.043678   0.000000   0.000000  38.897091 297.699917 292.177695   0.075845   0.171499 295.807070   0.139830
  3847 326.374263 352.101633 176.268143 109.494664  29.867979  29.867979   0.000000   0.000000  38.655556 297.658532 292.170860   0.075838   0.171498 295.795129   0.139820
  3848 324.476564 352.049188 174.927557 108.575418  29.692298  29.692298   0.000000   0.000000  38.413698 297.617031 292.163957   0.075832   0.171498 295.783086   0.139811
  3849 322.576789 351.996272 173.585414 107.654906  29.516637  29.516637   0.000000   0.000000  38.171517 297.575415 292.156985   0.075825   0.171497 295.770939   0.139801
  3850 320.674957 351.942884 172.241727 106.733145  29.340999  29.340999   0.000000   0.000000  37.929011 297.533684 292.149944   0.075819   0.171497 295.758688   0.139792
  3851 318.771092 351.889024 170.896514 105.810147  29.165383  29.165383   0.000000   0.000000  37.686182 297.491838 292.142834   0.075812   0.171497 295.746333   0.139782
  3852 316.865213 351.834689 169.549790 104.885927  28.989792  28.989792   0.000000   0.000000  37.443027 297.449876 292.135655   0.075806   0.171496 295.733873   0.139773
  3853 314.957343 351.779880 168.201571 103.960500  28.814227  28.814227   0.000000   0.000000  37.199548 297.407799 292.128407   0.075800   0.171496 295.721307   0.139764
  3854 313.047503 351.724593 166.851871 103.033881  28.638690  28.638690   0.000000   0.000000  36.955743 297.365607 292.121091   0.075794   0.171496 295.708635   0.139755
  3855 311.135715 351.668829 165.500709 102.106085  28.463180  28.463180   0.000000   0.000000  36.711613 297.323299 292.113705   0.075788   0.171495 295.695857   0.139746
  3856 309.222003 351.612585 164.148100 101.177127  28.287701  28.287701   0.000000   0.000000  36.467156 297.280875 292.106251   0.075782   0.171495 295.682971   0.139737
  3857 307.306388 351.555862 162.794060 100.247023  28.112252  28.112252   0.000000   0.000000  36.222373 297.238336 292.098727   0.075776   0.171495 295.669977   0.139728
  3858 305.388893 351.498656 161.438607  99.315789  27.936836  27.936836   0.000000   0.000000  35.977263 297.195681 292.091135   0.075770   0.171494 295.656874   0.139719
  3859 303.469542 351.440967 160.081757  98.383440  27.761453  27.761453   0.000000   0.000000  35.731826 297.152910 292.083473   0.075764   0.171494 295.643663   0.139710
  3860 301.548358 351.382794 158.723528  97.449993  27.586106  27.586106   0.000000   0.000000  35.486062 297.110024 292.075742   0.075758   0.171494 295.630342   0.139701
  3861 299.625364 351.324136 157.363937  96.515464  27.410794  27.410794   0.000000   0.000000  35.239969 297.067021 292.067943   0.075753   0.171493 295.616910   0.139692
  3862 297.700584 351.264991 156.003002  95.579869  27.235520  27.235520   0.000000   0.000000  34.993548 297.023902 292.060074   0.075747   0.171493 295.603368   0.139684
  3863 295.774044 351.205357 154.640741  94.643227  27.060284  27.060284   0.000000   0.000000  34.746797 296.980667 292.052136   0.075742   0.171493 295.589714   0.139675
  3864 293.845766 351.145234 153.277170  93.705553  26.885088  26.885088   0.000000   0.000000  34.499718 296.937315 292.044128   0.075736   0.171492 295.575947   0.139667
  3865 291.915777 351.084619 151.912310  92.766865  26.709933  26.709933   0.000000   0.000000  34.252309 296.893847 292.036052   0.075731   0.171492 295.562068   0.139658
  3866 289.984101 351.023513 150.546179  91.827181  26.534819  26.534819   0.000000   0.000000  34.004569 296.850263 292.027906   0.075726   0.171492 295.548074   0.139650
  3867 288.050763 350.961913 149.178794  90.886519  26.359750  26.359750   0.000000   0.000000  33.756500 296.806562 292.019691   0.075720   0.171491 295.533966   0.139641
  3868 286.115790 350.899818 147.810176  89.944896  26.184724  26.184724   0.000000   0.000000  33.508099 296.762745 292.011407   0.075715   0.171491 295.519743   0.139633
  3869 284.179207 350.837226 146.440344  89.002332  26.009744  26.009744   0.000000   0.000000  33.259366 296.718811 292.003053   0.075710   0.171491 295.505405   0.139625
  3870 282.241041 350.774137 145.069317  88.058844  25.834811  25.834811   0.000000   0.000000  33.010302 296.674760 291.994630   0.075705   0.171491 295.490949   0.139616
  3871 280.301319 350.710549 143.697114  87.114453  25.659925  25.659925   0.000000   0.000000  32.760905 296.630592 291.986138   0.075700   0.171490 295.476376   0.139608
  3872 278.360067 350.646460 142.323757  86.169176  25.485088  25.485088   0.000000   0.000000  32.511176 296.586307 291.977576   0.075695   0.171490 295.461684   0.139600
  3873 276.417314 350.581869 140.949266  85.223035  25.310302  25.310302   0.000000   0.000000  32.261113 296.541905 291.968945   0.075691   0.171490 295.446873   0.139592
  3874 274.473086 350.516775 139.573660  84.276048  25.135566  25.135566   0.000000   0.000000  32.010716 296.497385 291.960245   0.075686   0.171489 295.431943   0.139584
  3875 272.527413 350.451176 138.196962  83.328236  24.960882  24.960882   0.000000   0.000000  31.759985 296.452749 291.951475   0.075681   0.171489 295.416891   0.139576
  3876 270.580322 350.385070 136.819192  82.379619  24.786251  24.786251   0.000000   0.000000  31.508919 296.407995 291.942635   0.075677   0.171489 295.401717   0.139568
  3877 268.631843 350.318457 135.440373  81.430219  24.611674  24.611674   0.000000   0.000000  31.257517 296.363123 291.933726   0.075672   0.171488 295.386421   0.139560
  3878 266.682005 350.251335 134.060525  80.480055  24.437151  24.437151   0.000000   0.000000  31.005780 296.318134 291.924747   0.075668   0.171488 295.371001   0.139552
  3879 264.730838 350.183703 132.679671  79.529151  24.262685  24.262685   0.000000   0.000000  30.753707 296.273027 291.915699   0.075663   0.171488 295.355456   0.139545
  3880 262.778372 350.115558 131.297834  78.577527  24.088276  24.088276   0.000000   0.000000  30.501297 296.227802 291.906581   0.075659   0.171488 295.339785   0.139537
  3881 260.824637 350.046900 129.915036  77.625207  23.913925  23.913925   0.000000   0.000000  30.248549 296.182460 291.897394   0.075655   0.171487 295.323988   0.139529
  3882 258.869666 349.977726 128.531301  76.672212  23.739632  23.739632   0.000000   0.000000  29.995464 296.136999 291.888136   0.075651   0.171487 295.308062   0.139522
  3883 256.913488 349.908036 127.146653  75.718565  23.565398  23.565398   0.000000   0.000000  29.742040 296.091420 291.878809   0.075647   0.171487 295.292008   0.139514
  3884 254.956137 349.837828 125.761115  74.764290  23.391226  23.391226   0.000000   0.000000  29.488277 296.045723 291.869412   0.075643   0.171486 295.275823   0.139507
  3885 252.997645 349.767100 124.374711  73.809411  23.217114  23.217114   0.000000   0.000000  29.234174 295.999908 291.859946   0.075639   0.171486 295.259507   0.139499
  3886 251.038044 349.695851 122.987467  72.853952  23.043065  23.043065   0.000000   0.000000  28.979732 295.953973 291.850409   0.075635   0.171486 295.243058   0.139492
  3887 249.077369 349.624079 121.599408  71.897937  22.869078  22.869078   0.000000   0.000000  28.724948 295.907921 291.840803   0.075631   0.171486 295.226475   0.139485
  3888 247.115653 349.551783 120.210558  70.941391  22.695155  22.695155   0.000000   0.000000  28.469824 295.861750 291.831127   0.075627   0.171485 295.209757   0.139478
  3889 245.152930 349.478961 118.820944  69.984341  22.521296  22.521296   0.000000   0.000000  28.214357 295.815459 291.821381   0.075624   0.171485 295.192901   0.139470
  3890 243.189236 349.405611 117.430593  69.026811  22.347503  22.347503   0.000000   0.000000  27.958548 295.769050 291.811565   0.075620   0.171485 295.175908   0.139463
  3891 241.224607 349.331733 116.039531  68.068828  22.173775  22.173775   0.000000   0.000000  27.702396 295.722522 291.801679   0.075616   0.171484 295.158774   0.139456
  3892 239.259078 349.257323 114.647785  67.110419  22.000113  22.000113   0.000000   0.000000  27.445900 295.675874 291.791723   0.075613   0.171484 295.141498   0.139449
  3893 237.292686 349.182382 113.255383  66.151611  21.826519  21.826519   0.000000   0.000000  27.189060 295.629108 291.781697   0.075610   0.171484 295.124080   0.139442
  3894 235.325468 349.106906 111.862353  65.192433  21.652992  21.652992   0.000000   0.000000  26.931875 295.582221 291.771601   0.075606   0.171484 295.106515   0.139435
  3895 233.357464 349.030895 110.468725  64.232912  21.479533  21.479533   0.000000   0.000000  26.674345 295.535215 291.761434   0.075603   0.171483 295.088804   0.139428
  3896 231.388710 348.954346 109.074526  63.273078  21.306143  21.306143   0.000000   0.000000  26.416468 295.488090 291.751198   0.075600   0.171483 295.070943   0.139422
  3897 229.419247 348.877258 107.679787  62.312959  21.132822  21.132822   0.000000   0.000000  26.158244 295.440844 291.740891   0.075597   0.171483 295.052931   0.139415
  3898 227.449114 348.799630 106.284538  61.352586  20.959571  20.959571   0.000000   0.000000  25.899673 295.393479 291.730514   0.075594   0.171483 295.034765   0.139408
  3899 225.478352 348.721459 104.888810  60.391990  20.786390  20.786390   0.000000   0.000000  25.640754 295.345994 291.720067   0.075591   0.171482 295.016442   0.139402
  3900 223.507002 348.642744 103.492634  59.431202  20.613279  20.613279   0.000000   0.000000  25.381485 295.298388 291.709550   0.075588   0.171482 294.997960   0.139395
  3901 221.535106 348.563483 102.096042  58.470253  20.440238  20.440238   0.000000   0.000000  25.121867 295.250662 291.698962   0.075585   0.171482 294.979315   0.139388
  3902 219.562708 348.483674 100.699067  57.509176  20.267269  20.267269   0.000000   0.000000  24.861898 295.202815 291.688304   0.075582   0.171482 294.960505   0.139382
  3903 217.589850 348.403317  99.301741  56.548004  20.094371  20.094371   0.000000   0.000000  24.601579 295.154847 291.677575   0.075580   0.171481 294.941525   0.139376
  3904 215.616577 348.322408  97.904098  55.586771  19.921544  19.921544   0.000000   0.000000  24.340907 295.106759 291.666776   0.075577   0.171481 294.922372   0.139369
  3905 213.642933 348.240945  96.506173  54.625512  19.748789  19.748789   0.000000   0.000000  24.079882 295.058550 291.655906   0.075575   0.171481 294.903042   0.139363
  3906 211.668966 348.158929  95.108001  53.664261  19.576105  19.576105   0.000000   0.000000  23.818505 295.010219 291.644966   0.075572   0.171481 294.883527   0.139357
  3907 209.694722 348.076355  93.709617  52.703055  19.403492  19.403492   0.000000   0.000000  23.556772 294.961768 291.633956   0.075570   0.171481 294.863824   0.139351
  3908 207.720248 347.993223  92.311058  51.741931  19.230952  19.230952   0.000000   0.000000  23.294685 294.913195 291.622874   0.075567   0.171480 294.843923   0.139344
  3909 205.745594 347.909531  90.912360  50.780925  19.058482  19.058482   0.000000   0.000000  23.032242 294.864500 291.611722   0.075565   0.171480 294.823815   0.139338
  3910 203.770807 347.825277  89.513563  49.820077  18.886084  18.886084   0.000000   0.000000  22.769442 294.815683 291.600500   0.075563   0.171480 294.803488   0.139332
  3911 201.795941 347.740459  88.114704  48.859425  18.713756  18.713756   0.000000   0.000000  22.506284 294.766744 291.589206   0.075561   0.171480 294.782920   0.139326
  3912 199.821044 347.655075  86.715823  47.899009  18.541500  18.541500   0.000000   0.000000  22.242767 294.717684 291.577842   0.075559   0.171479 294.762063   0.139320
  3913 197.846171 347.569123  85.316961  46.938872  18.369313  18.369313   0.000000   0.000000  21.978890 294.668501 291.566407   0.075557   0.171479 294.740917   0.139315
  3914 195.871374 347.482601  83.918158  45.979053  18.197196  18.197196   0.000000   0.000000  21.714653 294.619195 291.554901   0.075555   0.171479 294.719487   0.139309
  3915 193.896709 347.395507  82.519456  45.019598  18.025148  18.025148   0.000000   0.000000  21.450055 294.569767 291.543325   0.075553   0.171479 294.697775   0.139303
  3916 191.922231 347.307840  81.120898  44.060549  17.853168  17.853168   0.000000   0.000000  21.185093 294.520215 291.531677   0.075551   0.171479 294.675782   0.139297
  3917 189.947996 347.219598  79.722529  43.101951  17.681256  17.681256   0.000000   0.000000  20.919768 294.470541 291.519958   0.075550   0.171478 294.653511   0.139292
  3918 187.974064 347.130777  78.324393  42.143851  17.509410  17.509410   0.000000   0.000000  20.654077 294.420743 291.508169   0.075548   0.171478 294.630963   0.139286
  3919 186.000492 347.041378  76.926535  41.186295  17.337631  17.337631   0.000000   0.000000  20.388021 294.370822 291.496308   0.075547   0.171478 294.608140   0.139281
  3920 184.027342 346.951396  75.529003  40.229333  17.165915  17.165915   0.000000   0.000000  20.121597 294.320777 291.484376   0.075545   0.171478 294.585043   0.139275
  3921 182.054676 346.860831  74.131845  39.273014  16.994263  16.994263   0.000000   0.000000  19.854804 294.270608 291.472373   0.075544   0.171477 294.561673   0.139270
  3922 180.082557 346.769681  72.735108  38.317388  16.822672  16.822672   0.000000   0.000000  19.587641 294.220314 291.460299   0.075542   0.171477 294.538033   0.139264
  3923 178.111048 346.677943  71.338845  37.362508  16.651142  16.651142   0.000000   0.000000  19.320107 294.169896 291.448153   0.075541   0.171477 294.514124   0.139259
  3924 176.140217 346.585615  69.943105  36.408428  16.479669  16.479669   0.000000   0.000000  19.052199 294.119353 291.435937   0.075540   0.171477 294.489946   0.139254
  3925 174.170129 346.492695  68.547941  35.455203  16.308254  16.308254   0.000000   0.000000  18.783918 294.068685 291.423648   0.075539   0.171477 294.465501   0.139249
  3926 172.200856 346.399182  67.153408  34.502889  16.136892  16.136892   0.000000   0.000000  18.515259 294.017892 291.411289   0.075538   0.171476 294.440791   0.139244
  3927 170.232466 346.305073  65.759559  33.551545  15.965583  15.965583   0.000000   0.000000  18.246223 293.966973 291.398858   0.075537   0.171476 294.415816   0.139238
  3928 168.265031 346.210366  64.366453  32.601229  15.794323  15.794323   0.000000   0.000000  17.976808 293.915928 291.386355   0.075536   0.171476 294.390577   0.139233
  3929 166.298627 346.115059  62.974145  31.652005  15.623109  15.623109   0.000000   0.000000  17.707010 293.864756 291.373781   0.075535   0.171476 294.365076   0.139228
  3930 164.333327 346.019150  61.582697  30.703935  15.451939  15.451939   0.000000   0.000000  17.436828 293.813458 291.361135   0.075534   0.171476 294.339314   0.139224
  3931 162.369209 345.922637  60.192168  29.757084  15.280810  15.280810   0.000000   0.000000  17.166261 293.762033 291.348418   0.075534   0.171476 294.313290   0.139219
  3932 160.406352 345.825518  58.802621  28.811521  15.109717  15.109717   0.000000   0.000000  16.895305 293.710480 291.335628   0.075533   0.171475 294.287007   0.139214
  3933 158.444838 345.727791  57.414120  27.867313  14.938657  14.938657   0.000000   0.000000  16.623958 293.658799 291.322767   0.075533   0.171475 294.260464   0.139209
  3934 156.484748 345.629454  56.026731  26.924533  14.767625  14.767625   0.000000   0.000000  16.352218 293.606989 291.309834   0.075532   0.171475 294.233662   0.139204
  3935 154.526167 345.530504  54.640521  25.983254  14.596617  14.596617   0.000000   0.000000  16.080081 293.555050 291.296830   0.075532   0.171475 294.206602   0.139200
  3936 152.569183 345.430940  53.255559  25.043554  14.425627  14.425627   0.000000   0.000000  15.807545 293.502982 291.283753   0.075531   0.171475 294.179285   0.139195
  3937 150.613885 345.330760  51.871918  24.105511  14.254651  14.254651   0.000000   0.000000  15.534605 293.450784 291.270604   0.075531   0.171474 294.151709   0.139191
  3938 148.660364 345.229962  50.489669  23.169206  14.083681  14.083681   0.000000   0.000000  15.261259 293.398455 291.257383   0.075531   0.171474 294.123877   0.139186
  3939 146.708713 345.128544  49.108889  22.234724  13.912711  13.912711   0.000000   0.000000  14.987502 293.345994 291.244090   0.075531   0.171474 294.095788   0.139182
  3940 144.759029 345.026504  47.729656  21.302154  13.741734  13.741734   0.000000   0.000000  14.713331 293.293402 291.230724   0.075531   0.171474 294.067442   0.139177
  3941 142.811410 344.923841  46.352048  20.371587  13.570742  13.570742   0.000000   0.000000  14.438740 293.240676 291.217287   0.075531   0.171474 294.038838   0.139173
  3942 140.865957 344.820552  44.976149  19.443117  13.399727  13.399727   0.000000   0.000000  14.163725 293.187816 291.203776   0.075531   0.171474 294.009978   0.139169
  3943 138.922773 344.716636  43.602043  18.516842  13.228677  13.228677   0.000000   0.000000  13.888279 293.134822 291.190194   0.075531   0.171474 293.980860   0.139165
  3944 136.981965 344.612091  42.229818  17.592867  13.057584  13.057584   0.000000   0.000000  13.612398 293.081692 291.176538   0.075531   0.171473 293.951484   0.139160
  3945 135.043643 344.506917  40.859565  16.671297  12.886436  12.886436   0.000000   0.000000  13.336074 293.028425 291.162811   0.075532   0.171473 293.921849   0.139156
  3946 133.107918 344.401111  39.491376  15.752245  12.715218  12.715218   0.000000   0.000000  13.059300 292.975019 291.149010   0.075532   0.171473 293.891955   0.139152
  3947 131.174905 344.294674  38.125348  14.835828  12.543919  12.543919   0.000000   0.000000  12.782068 292.921474 291.135136   0.075533   0.171473 293.861801   0.139148
  3948 129.244722 344.187603  36.761580  13.922170  12.372522  12.372522   0.000000   0.000000  12.504368 292.867788 291.121189   0.075533   0.171473 293.831386   0.139144
  3949 127.317492 344.079898  35.400177  13.011400  12.201009  12.201009   0.000000   0.000000  12.226192 292.813959 291.107170   0.075534   0.171473 293.800708   0.139141
  3950 125.393339 343.971558  34.041245  12.103654  12.029361  12.029361   0.000000   0.000000  11.947528 292.759986 291.093077   0.075534   0.171472 293.769765   0.139137
  3951 123.472392 343.862585  32.684896  11.199077  11.857556  11.857556   0.000000   0.000000  11.668364 292.705865 291.078910   0.075535   0.171472 293.738556   0.139133
  3952 121.554782 343.752977  31.331245  10.297821  11.685571  11.685571   0.000000   0.000000  11.388685 292.651596 291.064671   0.075536   0.171472 293.707080   0.139129
  3953 119.640646 343.642735  29.980412   9.400050  11.513377  11.513377   0.000000   0.000000  11.108477 292.597174 291.050357   0.075537   0.171472 293.675332   0.139126
  3954 117.730123 343.531861  28.632523   8.505937  11.340944  11.340944   0.000000   0.000000  10.827721 292.542598 291.035970   0.075538   0.171472 293.643311   0.139122
  3955 115.823356 343.420357  27.287710   7.615670  11.168235  11.168235   0.000000   0.000000  10.546398 292.487864 291.021509   0.075539   0.171472 293.611013   0.139118
  3956 113.920494 343.308225  25.946108   6.729451  10.995208  10.995208   0.000000   0.000000  10.264484 292.432967 291.006973   0.075540   0.171472 293.578434   0.139115
  3957 112.021689 343.195469  24.607864   5.847501  10.821817  10.821817   0.000000   0.000000   9.981953 292.377903 290.992364   0.075541   0.171472 293.545570   0.139111
  3958 110.127098 343.082093  23.273128   4.970062  10.648002  10.648002   0.000000   0.000000   9.698774 292.322666 290.977679   0.075543   0.171471 293.512417   0.139108
  3959 108.236882 342.968104  21.942062   4.097405  10.473696  10.473696   0.000000   0.000000   9.414911 292.267251 290.962920   0.075544   0.171471 293.478967   0.139105
  3960 106.351208 342.853510  20.614838   3.229835  10.298813  10.298813   0.000000   0.000000   9.130321 292.211650 290.948085   0.075545   0.171471 293.445215   0.139101
  3961 104.470246 342.738320  19.291641   2.367700  10.123240  10.123240   0.000000   0.000000   8.844952 292.155853 290.933175   0.075547   0.171471 293.411151   0.139098
  3962 102.594175 342.622550  17.972670   1.511436   9.946829   9.946829   0.000000   0.000000   8.558742 292.099848 290.918190   0.075548   0.171471 293.376765   0.139095
  3963 100.723175 342.506217  16.658149   0.661585   9.769362   9.769362   0.000000   0.000000   8.271608 292.043619 290.903127   0.075550   0.171471 293.342046   0.139092
  3964  98.857434 342.389345  15.348331  -0.181065   9.590436   9.590436   0.000000   0.000000   7.983441 291.987143 290.887988   0.075552   0.171471 293.304933   0.139089
  3965  96.997147 342.298815  14.067951  -1.088477   9.386213   9.386213   0.000000   0.000000   7.694079 291.933537 290.872787   0.075554   0.171471 293.271399   0.139086
  3966  95.142512 342.197584  12.767444  -1.882811   9.196897   9.196897   0.000000   0.000000   7.425255 291.878160 290.857514   0.075556   0.171470 293.236386   0.139083
  3967  93.293736 342.087571  11.472579  -2.669932   9.007907   9.007907   0.000000   0.000000   7.144520 291.821298 290.842164   0.075558   0.171470 293.200158   0.139080
  3968  91.451031 341.969556  10.182733  -3.447969   8.819699   8.819699   0.000000   0.000000   6.853941 291.763106 290.826731   0.075560   0.171470 293.162827   0.139077
  3969  89.614618 341.844223   8.897918  -4.217390   8.632344   8.632344   0.000000   0.000000   6.554620 291.703715 290.811211   0.075562   0.171470 293.124490   0.139075
  3970  87.784722 341.712167   7.618157  -4.978574   8.445900   8.445900   0.000000   0.000000   6.247526 291.643242 290.795599   0.075564   0.171470 293.085230   0.139072
  3971  85.961578 341.573906   6.343501  -5.731855   8.260413   8.260413   0.000000   0.000000   5.933506 291.581791 290.779891   0.075566   0.171470 293.045120   0.139069
  3972  84.145427 341.429894   5.074021  -6.477525   8.075920   8.075920   0.000000   0.000000   5.613304 291.519452 290.764084   0.075569   0.171470 293.004223   0.139067
  3973  82.336519 341.280534   3.809810  -7.215837   7.892449   7.892449   0.000000   0.000000   5.287580 291.456307 290.748175   0.075571   0.171470 292.962595   0.139064
  3974  80.535113 341.126184   2.550977  -7.947004   7.710026   7.710026   0.000000   0.000000   4.956919 291.392426 290.732162   0.075574   0.171470 292.920284   0.139062
  3975  78.741474 340.967164   1.297649  -8.671205   7.528669   7.528669   0.000000   0.000000   4.621846 291.327877 290.716043   0.075576   0.171470 292.877336   0.139060
  3976  76.955879 340.803763   0.049971  -9.388590   7.348398   7.348398   0.000000   0.000000   4.282833 291.262717 290.699816   0.075579   0.171469 292.833789   0.139057
  3977  75.178612 340.636244  -1.191902 -10.099276   7.169227   7.169227   0.000000   0.000000   3.940306 291.197002 290.683480   0.075582   0.171469 292.789682   0.139055
  3978  73.409968 340.464843  -2.427798 -10.803356   6.991174   6.991174   0.000000   0.000000   3.594653 291.130780 290.667033   0.075585   0.171469 292.745046   0.139053
  3979  71.650252 340.289780  -3.657532 -11.500898   6.814251   6.814251   0.000000   0.000000   3.246231 291.064097 290.650474   0.075588   0.171469 292.699913   0.139051
  3980  69.899779 340.111254  -4.880908 -12.191950   6.638475   6.638475   0.000000   0.000000   2.895365 290.996996 290.633802   0.075591   0.171469 292.654311   0.139048
  3981  68.158876 339.929450  -6.097716 -12.876538   6.463861   6.463861   0.000000   0.000000   2.542358 290.929516 290.617017   0.075594   0.171469 292.608268   0.139046
  3982  66.427879 339.744541  -7.307736 -13.554670   6.290424   6.290424   0.000000   0.000000   2.187493 290.861694 290.600118   0.075597   0.171469 292.561808   0.139044
  3983  64.707139 339.556685  -8.510736 -14.226337   6.118181   6.118181   0.000000   0.000000   1.831032 290.793567 290.583106   0.075600   0.171469 292.514956   0.139042
  3984  62.997016 339.366034  -9.706474 -14.891515   5.947150   5.947150   0.000000   0.000000   1.473226 290.725166 290.565980   0.075604   0.171469 292.467734   0.139041
  3985  61.297884 339.172728 -10.894695 -15.550164   5.777347   5.777347   0.000000   0.000000   1.114309 290.656526 290.548739   0.075607   0.171469 292.420166   0.139039
  3986  59.610131 338.976899 -12.075135 -16.202231   5.608793   5.608793   0.000000   0.000000   0.754506 290.587675 290.531385   0.075611   0.171469 292.372271   0.139037
  3987  57.934158 338.778673 -13.247516 -16.847648   5.441506   5.441506   0.000000   0.000000   0.394033 290.518645 290.513917   0.075614   0.171469 292.324071   0.139035
  3988  56.270379 338.578171 -14.411553 -17.486337   5.275508   5.275508   0.000000   0.000000   0.033098 290.449465 290.496336   0.075618   0.171469 292.275586   0.139034
  3989  54.619225 338.375507 -15.566947 -18.118203   5.110821   5.110821   0.000000   0.000000  -0.328099 290.380162 290.478642   0.075621   0.171469 292.226835   0.139032
  3990  52.981139 338.170789 -16.713387 -18.743142   4.947466   4.947466   0.000000   0.000000  -0.689362 290.310765 290.460837   0.075625   0.171468 292.177838   0.139030
  3991  51.356583 337.964123 -17.850552 -19.361033   4.785465   4.785465   0.000000   0.000000  -1.050501 290.241302 290.442921   0.075629   0.171468 292.128613   0.139029
  3992  49.746032 337.755609 -18.978110 -19.971744   4.624843   4.624843   0.000000   0.000000  -1.411329 290.171799 290.424894   0.075633   0.171468 292.079179   0.139028
  3993  48.149981 337.545344 -20.095713 -20.575126   4.465621   4.465621   0.000000   0.000000  -1.771662 290.102284 290.406758   0.075637   0.171468 292.029553   0.139026
  3994  46.568940 337.333423 -21.203002 -21.171012   4.307822   4.307822   0.000000   0.000000  -2.131322 290.032781 290.388514   0.075641   0.171468 291.979752   0.139025
  3995  45.003438 337.119935 -22.299605 -21.759213   4.151468   4.151468   0.000000   0.000000  -2.490131 289.963318 290.370164   0.075645   0.171468 291.929794   0.139023
  3996  43.454021 336.904968 -23.385134 -22.339510   3.996577   3.996577   0.000000   0.000000  -2.847919 289.893919 290.351707   0.075650   0.171468 291.879691   0.139022
  3997  41.921254 336.688605 -24.459185 -22.911627   3.843162   3.843162   0.000000   0.000000  -3.204520 289.824606 290.333147   0.075654   0.171468 291.829454   0.139021
  3998  40.405723 336.470924 -25.521335 -23.475131   3.691217   3.691217   0.000000   0.000000  -3.559783 289.755398 290.314483   0.075658   0.171468 291.779083   0.139020
  3999  38.908031 336.251953 -26.571162 -24.029358   3.540580   3.540580   0.000000   0.000000  -3.913595 289.686306 290.295719   0.075663   0.171468 291.728592   0.139019
  4000  37.428803 336.031746 -27.608171 -24.574546   3.391281   3.391281   0.000000   0.000000  -4.265891 289.617360 290.276854   0.075667   0.171468 291.678007   0.139018
  4001  35.968685 335.810358 -28.631950 -25.110643   3.243404   3.243404   0.000000   0.000000  -4.616462 289.548595 290.257892   0.075672   0.171468 291.627355   0.139017
  4002  34.528340 335.587845 -29.642085 -25.637552   3.097033   3.097033   0.000000   0.000000  -4.965081 289.480046 290.238834   0.075676   0.171468 291.576663   0.139016
  4003  33.108457 335.364268 -30.638147 -26.155158   2.952246   2.952246   0.000000   0.000000  -5.311516 289.411748 290.219681   0.075681   0.171468 291.525957   0.139015
  4004  31.709741 335.139685 -31.619690 -26.663331   2.809120   2.809120   0.000000   0.000000  -5.655532 289.343737 290.200436   0.075686   0.171468 291.475265   0.139014
  4005  30.332921 334.914159 -32.586255 -27.161931   2.667728   2.667728   0.000000   0.000000  -5.996892 289.276051 290.181101   0.075691   0.171468 291.424613   0.139013
  4006  28.978747 334.687752 -33.537364 -27.650804   2.528141   2.528141   0.000000   0.000000  -6.335353 289.208727 290.161679   0.075695   0.171468 291.374029   0.139012
  4007  27.647986 334.460527 -34.472530 -28.129788   2.390427   2.390427   0.000000   0.000000  -6.670669 289.141802 290.142172   0.075700   0.171468 291.323542   0.139012
  4008  26.341428 334.232551 -35.391248 -28.598709   2.254654   2.254654   0.000000   0.000000  -7.002591 289.075317 290.122583   0.075705   0.171468 291.273178   0.139011
  4009  25.059882 334.003888 -36.293003 -29.057384   2.120888   2.120888   0.000000   0.000000  -7.330863 289.009311 290.102915   0.075710   0.171468 291.222967   0.139010
  4010  23.804173 333.774607 -37.177264 -29.505621   1.989195   1.989195   0.000000   0.000000  -7.655227 288.943824 290.083169   0.075716   0.171468 291.172937   0.139010
  4011  22.575145 333.544776 -38.043493 -29.943222   1.859639   1.859639   0.000000   0.000000  -7.975421 288.878897 290.063351   0.075721   0.171468 291.123117   0.139009
  4012  21.373653 333.314463 -38.891140 -30.369978   1.732283   1.732283   0.000000   0.000000  -8.291178 288.814573 290.043462   0.075726   0.171468 291.073539   0.139008
  4013  20.200570 333.083740 -39.719646 -30.785677   1.607192   1.607192   0.000000   0.000000  -8.602228 288.750893 290.023507   0.075731   0.171468 291.024230   0.139008
  4014  19.056776 332.852677 -40.528447 -31.190096   1.484427   1.484427   0.000000   0.000000  -8.908298 288.687901 290.003488   0.075737   0.171468 290.975223   0.139008
  4015  17.943157 332.621349 -41.316973 -31.583012   1.364050   1.364050   0.000000   0.000000  -9.209112 288.625640 289.983410   0.075742   0.171468 290.926548   0.139007
  4016  16.860605 332.389829 -42.084652 -31.964193   1.246123   1.246123   0.000000   0.000000  -9.504391 288.564154 289.963276   0.075748   0.171468 290.878235   0.139007
  4017  15.810009 332.158192 -42.830915 -32.333408   1.130704   1.130704   0.000000   0.000000  -9.793859 288.503486 289.943091   0.075753   0.171468 290.830317   0.139006
  4018  14.792251 331.926515 -43.555195 -32.690421   1.017852   1.017852   0.000000   0.000000 -10.077235 288.443680 289.922858   0.075759   0.171468 290.782823   0.139006
  4019  13.808201 331.694873 -44.256934 -33.034997   0.907625   0.907625   0.000000   0.000000 -10.354243 288.384780 289.902581   0.075764   0.171467 290.735784   0.139006
  4020  12.858710 331.463347 -44.935588 -33.366901   0.800077   0.800077   0.000000   0.000000 -10.624609 288.326828 289.882266   0.075770   0.171467 290.689232   0.139006
  4021  11.944601 331.232016 -45.590631 -33.685903   0.695260   0.695260   0.000000   0.000000 -10.888062 288.269867 289.861916   0.075776   0.171467 290.643197   0.139005
  4022  11.066658 331.000959 -46.221559 -33.991777   0.593224   0.593224   0.000000   0.000000 -11.144341 288.213937 289.841536   0.075782   0.171467 290.597707   0.139005
  4023  10.225622 330.770258 -46.827902 -34.284303   0.494016   0.494016   0.000000   0.000000 -11.393191 288.159078 289.821131   0.075787   0.171467 290.552792   0.139005
  4024   9.422172 330.539995 -47.409225 -34.563273   0.397677   0.397677   0.000000   0.000000 -11.634371 288.105327 289.800706   0.075793   0.171467 290.508479   0.139005
  4025   8.656918 330.310252 -47.965142 -34.828492   0.304243   0.304243   0.000000   0.000000 -11.867653 288.052719 289.780266   0.075799   0.171467 290.464793   0.139005
  4026   7.930386 330.081112 -48.495319 -35.079779   0.213747   0.213747   0.000000   0.000000 -12.092828 288.001286 289.759816   0.075805   0.171467 290.421758   0.139005
  4027   7.243001 329.852657 -48.999487 -35.316969   0.126211   0.126211   0.000000   0.000000 -12.309709 287.951055 289.739360   0.075811   0.171467 290.379396   0.139005
  4028   6.595077 329.624968 -49.477451 -35.539920   0.041652   0.041652   0.000000   0.000000 -12.518136 287.902050 289.718904   0.075817   0.171467 290.337724   0.139005
  4029   5.986797 329.398126 -49.929099 -35.748505  -0.039925  -0.039925   0.000000   0.000000 -12.717977 287.854291 289.698454   0.075823   0.171467 290.296757   0.139005
  4030   5.418197 329.172211 -50.354410 -35.942610  -0.118524  -0.118524   0.000000   0.000000 -12.909141 287.807788 289.678013   0.075829   0.171467 290.256505   0.139005
  4031   4.889153 328.947295 -50.753465 -36.122104  -0.194168  -0.194168   0.000000   0.000000 -13.091580 287.762545 289.657588   0.075836   0.171467 290.216966   0.139005
  4032   4.399368 328.723444 -51.126454 -36.286681  -0.266913  -0.266913   0.000000   0.000000 -13.265303 287.718551 289.637183   0.075842   0.171467 290.178133   0.139005
  4033   3.948357 328.500698 -51.473663 -36.436262  -0.336846  -0.336846   0.000000   0.000000 -13.430424 287.675789 289.616803   0.075848   0.171467 290.139999   0.139005
  4034   3.535439 328.279110 -51.795492 -36.571079  -0.404043  -0.404043   0.000000   0.000000 -13.587100 287.634242 289.596453   0.075854   0.171467 290.102559   0.139006
  4035   3.159735 328.058749 -52.092499 -36.691529  -0.468571  -0.468571   0.000000   0.000000 -13.735472 287.593897 289.576136   0.075861   0.171467 290.065814   0.139006
  4036   2.820164 327.839689 -52.365401 -36.798094  -0.530491  -0.530491   0.000000   0.000000 -13.875672 287.554738 289.555858   0.075867   0.171467 290.029767   0.139006
  4037   2.515456 327.622008 -52.615060 -36.891325  -0.589861  -0.589861   0.000000   0.000000 -14.007841 287.516744 289.535623   0.075873   0.171467 289.994414   0.139006
  4038   2.244162 327.405782 -52.842460 -36.971826  -0.646745  -0.646745   0.000000   0.000000 -14.132148 287.479892 289.515434   0.075880   0.171467 289.959754   0.139006
  4039   2.004679 327.191086 -53.048688 -37.040252  -0.701216  -0.701216   0.000000   0.000000 -14.248795 287.444150 289.495296   0.075886   0.171467 289.925778   0.139007
  4040   1.795281 326.977989 -53.234904 -37.097290  -0.753358  -0.753358   0.000000   0.000000 -14.358021 287.409483 289.475212   0.075893   0.171468 289.892475   0.139007
  4041   1.614163 326.766555 -53.402317 -37.143660  -0.803260  -0.803260   0.000000   0.000000 -14.460102 287.375850 289.455185   0.075899   0.171468 289.859832   0.139007
  4042   1.459480 326.556839 -53.552147 -37.180092  -0.851024  -0.851024   0.000000   0.000000 -14.555341 287.343210 289.435219   0.075905   0.171468 289.827831   0.139007
  4043   1.329411 326.348894 -53.685590 -37.207317  -0.896751  -0.896751   0.000000   0.000000 -14.644061 287.311517 289.415316   0.075912   0.171468 289.796454   0.139008
  4044   1.222207 326.142762 -53.803781 -37.226050  -0.940547  -0.940547   0.000000   0.000000 -14.726596 287.280727 289.395480   0.075918   0.171468 289.765681   0.139008
  4045   1.136254 325.938479 -53.907758 -37.236971  -0.982516  -0.982516   0.000000   0.000000 -14.803274 287.250798 289.375713   0.075925   0.171468 289.735494   0.139008
  4046   1.070126 325.736077 -53.998423 -37.240705  -1.022752  -1.022752   0.000000   0.000000 -14.874405 287.221692 289.356016   0.075932   0.171468 289.705876   0.139009
  4047   1.022641 325.535580 -54.076514 -37.237808  -1.061344  -1.061344   0.000000   0.000000 -14.940269 287.193378 289.336392   0.075938   0.171468 289.676812   0.139009
  4048   0.992896 325.337007 -54.142574 -37.228747  -1.098365  -1.098365   0.000000   0.000000 -15.001102 287.165831 289.316843   0.075945   0.171468 289.648293   0.139009
  4049   0.980309 325.140373 -54.196938 -37.213887  -1.133872  -1.133872   0.000000   0.000000 -15.057083 287.139038 289.297371   0.075951   0.171468 289.620311   0.139010
  4050   0.000000 324.945690 -55.027420 -37.193476  -1.167902  -1.167902   0.000000   0.000000 -15.108331 287.086350 289.277853   0.075958   0.171468 289.577692   0.139010
  4051   0.000000 324.752968 -54.945443 -37.447933  -1.253817  -1.253817   0.000000   0.000000 -15.340521 287.055738 289.258392   0.075965   0.171468 289.547807   0.139011
  4052   0.000000 324.559721 -54.971837 -37.471273  -1.295223  -1.295223   0.000000   0.000000 -15.418584 287.029063 289.239006   0.075971   0.171468 289.520124   0.139011
  4053   0.000000 324.367982 -55.016125 -37.455365  -1.328760  -1.328760   0.000000   0.000000 -15.469602 287.003216 289.219697   0.075978   0.171468 289.492995   0.139012
  4054   0.000000 324.178070 -55.062820 -37.432940  -1.360690  -1.360690   0.000000   0.000000 -15.515372 286.977661 289.200465   0.075985   0.171468 289.466134   0.139012
  4055   0.000000 323.990005 -55.109295 -37.409676  -1.392080  -1.392080   0.000000   0.000000 -15.559629 286.952308 289.181308   0.075992   0.171468 289.439495   0.139013
  4056   0.000000 323.803762 -55.155131 -37.386576  -1.423110  -1.423110   0.000000   0.000000 -15.603002 286.927141 289.162226   0.075998   0.171468 289.413069   0.139013
  4057   0.000000 323.619303 -55.200287 -37.363829  -1.453808  -1.453808   0.000000   0.000000 -15.645594 286.902159 289.143219   0.076005   0.171468 289.386852   0.139013
  4058   0.000000 323.436589 -55.244783 -37.341479  -1.484178  -1.484178   0.000000   0.000000 -15.687419 286.877359 289.124285   0.076012   0.171468 289.360844   0.139014
  4059   0.000000 323.255583 -55.288646 -37.319536  -1.514222  -1.514222   0.000000   0.000000 -15.728483 286.852740 289.105425   0.076019   0.171468 289.335041   0.139014
  4060   0.000000 323.076245 -55.331902 -37.298002  -1.543940  -1.543940   0.000000   0.000000 -15.768794 286.828299 289.086636   0.076026   0.171468 289.309439   0.139015
  4061   0.000000 322.898537 -55.374574 -37.276872  -1.573338  -1.573338   0.000000   0.000000 -15.808362 286.802892 289.067914   0.076032   0.171468 289.283408   0.139016
  4062   0.000000 322.722421 -55.411127 -37.268928  -1.570979  -1.570979   0.000000   0.000000 -15.855152 286.776257 289.049251   0.076039   0.171468 289.256797   0.139016
  4063   0.000000 322.547747 -55.440421 -37.276869  -1.535046  -1.535046   0.000000   0.000000 -15.910957 286.749596 289.030646   0.076046   0.171468 289.230261   0.139017
  4064   0.000000 322.374341 -55.468467 -37.287015  -1.500299  -1.500299   0.000000   0.000000 -15.967354 286.723078 289.012098   0.076053   0.171468 289.203885   0.139017
  4065   0.000000 322.202152 -55.496143 -37.297467  -1.466211  -1.466211   0.000000   0.000000 -16.023143 286.696729 288.993607   0.076060   0.171468 289.177679   0.139018
  4066   0.000000 322.031145 -55.523599 -37.307864  -1.432720  -1.432720   0.000000   0.000000 -16.078148 286.670548 288.975173   0.076066   0.171468 289.151640   0.139018
  4067   0.000000 321.861288 -55.550861 -37.318111  -1.399812  -1.399812   0.000000   0.000000 -16.132374 286.644530 288.956795   0.076073   0.171468 289.125760   0.139019
  4068   0.000000 321.692550 -55.577929 -37.328146  -1.367481  -1.367481   0.000000   0.000000 -16.185854 286.618668 288.938472   0.076080   0.171468 289.100033   0.139019
  4069   0.000000 321.524899 -55.604802 -37.337901  -1.335725  -1.335725   0.000000   0.000000 -16.238631 286.592954 288.920204   0.076087   0.171468 289.074450   0.139019
  4070   0.000000 321.358299 -55.631474 -37.347260  -1.304546  -1.304546   0.000000   0.000000 -16.290753 286.567379 288.901992   0.076093   0.171468 289.048999   0.139020
  4071   0.000000 321.192705 -55.657939 -37.356078  -1.273949  -1.273949   0.000000   0.000000 -16.342286 286.541931 288.883833   0.076100   0.171468 289.023667   0.139020
  4072   0.000000 321.028071 -55.684181 -37.364252  -1.243940  -1.243940   0.000000   0.000000 -16.393311 286.516598 288.865728   0.076107   0.171468 288.998443   0.139021
  4073   0.000000 320.864354 -55.710176 -37.371738  -1.214526  -1.214526   0.000000   0.000000 -16.443909 286.491370 288.847676   0.076113   0.171468 288.973317   0.139021
  4074   0.000000 320.701524 -55.735906 -37.378540  -1.185712  -1.185712   0.000000   0.000000 -16.494144 286.466239 288.829677   0.076120   0.171468 288.948284   0.139022
  4075   0.000000 320.539555 -55.761360 -37.384692  -1.157494  -1.157494   0.000000   0.000000 -16.544061 286.441203 288.811729   0.076127   0.171468 288.923340   0.139022
  4076   0.000000 320.378432 -55.786533 -37.390247  -1.129863  -1.129863   0.000000   0.000000 -16.593682 286.416260 288.793833   0.076133   0.171468 288.898485   0.139022
  4077   0.000000 320.218141 -55.811430 -37.395271  -1.102807  -1.102807   0.000000   0.000000 -16.643014 286.391409 288.775987   0.076140   0.171468 288.873720   0.139023
  4078   0.000000 320.058675 -55.836059 -37.399831  -1.076311  -1.076311   0.000000   0.000000 -16.692048 286.366654 288.758192   0.076147   0.171468 288.849047   0.139023
  4079   0.000000 319.900028 -55.860435 -37.403997  -1.050355  -1.050355   0.000000   0.000000 -16.740770 286.341996 288.740447   0.076153   0.171468 288.824470   0.139023
  4080   0.000000 319.742196 -55.884571 -37.407836  -1.024921  -1.024921   0.000000   0.000000 -16.789157 286.317438 288.722750   0.076160   0.171468 288.799991   0.139024
  4081   0.000000 319.585177 -55.908486 -37.411410  -0.999989  -0.999989   0.000000   0.000000 -16.837185 286.292984 288.705102   0.076166   0.171468 288.775615   0.139024
  4082   0.000000 319.428967 -55.932197 -37.414777  -0.975541  -0.975541   0.000000   0.000000 -16.884829 286.268636 288.687503   0.076173   0.171468 288.751345   0.139024
  4083   0.000000 319.273563 -55.955720 -37.417989  -0.951556  -0.951556   0.000000   0.000000 -16.932066 286.244398 288.669952   0.076179   0.171468 288.727183   0.139025
  4084   0.000000 319.118962 -55.979073 -37.421093  -0.928019  -0.928019   0.000000   0.000000 -16.978873 286.220272 288.652448   0.076186   0.171468 288.703132   0.139025
  4085   0.000000 318.965159 -56.002270 -37.424130  -0.904911  -0.904911   0.000000   0.000000 -17.025229 286.196260 288.634991   0.076192   0.171468 288.679195   0.139025
  4086   0.000000 318.812150 -56.025326 -37.427137  -0.882217  -0.882217   0.000000   0.000000 -17.071116 286.172364 288.617581   0.076199   0.171468 288.655374   0.139026
  4087   0.000000 318.659930 -56.048253 -37.430144  -0.859923  -0.859923   0.000000   0.000000 -17.116521 286.148584 288.600217   0.076205   0.171468 288.631669   0.139026
  4088   0.000000 318.508492 -56.071065 -37.433179  -0.838015  -0.838015   0.000000   0.000000 -17.161430 286.124924 288.582900   0.076212   0.171468 288.608083   0.139026
  4089   0.000000 318.357831 -56.093772 -37.436263  -0.816480  -0.816480   0.000000   0.000000 -17.205833 286.101382 288.565629   0.076218   0.171468 288.584615   0.139027
  4090   0.000000 318.207938 -56.116384 -37.439416  -0.795307  -0.795307   0.000000   0.000000 -17.249723 286.077961 288.548403   0.076225   0.171468 288.561267   0.139027
  4091   0.000000 318.058806 -56.138908 -37.442654  -0.774485  -0.774485   0.000000   0.000000 -17.293096 286.054659 288.531223   0.076231   0.171468 288.538038   0.139027
  4092   0.000000 317.910428 -56.161354 -37.445988  -0.754005  -0.754005   0.000000   0.000000 -17.335948 286.031476 288.514087   0.076238   0.171468 288.514929   0.139027
  4093   0.000000 317.762795 -56.183727 -37.449427  -0.733858  -0.733858   0.000000   0.000000 -17.378278 286.008413 288.496997   0.076244   0.171468 288.491938   0.139028
  4094   0.000000 317.615898 -56.206034 -37.452981  -0.714035  -0.714035   0.000000   0.000000 -17.420086 285.985469 288.479951   0.076250   0.171468 288.469066   0.139028
  4095   0.000000 317.469727 -56.228280 -37.456652  -0.694528  -0.694528   0.000000   0.000000 -17.461376 285.962643 288.462950   0.076257   0.171468 288.446311   0.139028
  4096   0.000000 317.324275 -56.250469 -37.460445  -0.675331  -0.675331   0.000000   0.000000 -17.502150 285.939934 288.445993   0.076263   0.171468 288.423673   0.139028
  4097   0.000000 317.179530 -56.272605 -37.464359  -0.656437  -0.656437   0.000000   0.000000 -17.542413 285.917341 288.429080   0.076270   0.171468 288.401151   0.139029
  4098   0.000000 317.035483 -56.294692 -37.468396  -0.637840  -0.637840   0.000000   0.000000 -17.582171 285.894863 288.412210   0.076276   0.171468 288.378742   0.139029
  4099   0.000000 316.892125 -56.316732 -37.472553  -0.619535  -0.619535   0.000000   0.000000 -17.621431 285.872498 288.395384   0.076282   0.171468 288.356447   0.139029
  4100   0.000000 316.749446 -56.338728 -37.476826  -0.601516  -0.601516   0.000000   0.000000 -17.660201 285.850246 288.378601   0.076289   0.171468 288.334262   0.139029
  4101   0.000000 316.607434 -56.360681 -37.481211  -0.583779  -0.583779   0.000000   0.000000 -17.698488 285.828104 288.361861   0.076295   0.171468 288.312187   0.139030
  4102   0.000000 316.466081 -56.382594 -37.485703  -0.566318  -0.566318   0.000000   0.000000 -17.736303 285.806071 288.345164   0.076301   0.171468 288.290220   0.139030
  4103   0.000000 316.325375 -56.404466 -37.490294  -0.549131  -0.549131   0.000000   0.000000 -17.773654 285.784145 288.328510   0.076308   0.171468 288.268360   0.139030
  4104   0.000000 316.185307 -56.426300 -37.494976  -0.532212  -0.532212   0.000000   0.000000 -17.810553 285.762325 288.311897   0.076314   0.171468 288.246603   0.139030
  4105   0.000000 316.045866 -56.448096 -37.499740  -0.515559  -0.515559   0.000000   0.000000 -17.847010 285.740608 288.295327   0.076320   0.171468 288.224948   0.139030
  4106   0.000000 315.907041 -56.469853 -37.504576  -0.499168  -0.499168   0.000000   0.000000 -17.883037 285.718993 288.278799   0.076326   0.171468 288.203393   0.139031
  4107   0.000000 315.768821 -56.491572 -37.509471  -0.483037  -0.483037   0.000000   0.000000 -17.918647 285.697477 288.262313   0.076333   0.171468 288.181936   0.139031
  4108   0.000000 315.631196 -56.513252 -37.514411  -0.467161  -0.467161   0.000000   0.000000 -17.953851 285.676058 288.245868   0.076339   0.171468 288.160575   0.139031
  4109   0.000000 315.494153 -56.534894 -37.519379  -0.451540  -0.451540   0.000000   0.000000 -17.988665 285.654735 288.229464   0.076345   0.171468 288.139306   0.139031
  4110   0.000000 315.357682 -56.556495 -37.524351  -0.436172  -0.436172   0.000000   0.000000 -18.023104 285.633503 288.213101   0.076352   0.171468 288.118127   0.139031
  4111   0.000000 315.221768 -56.578055 -37.529298  -0.421054  -0.421054   0.000000   0.000000 -18.057184 285.612361 288.196779   0.076358   0.171468 288.097033   0.139031
  4112   0.000000 315.086396 -56.599572 -37.534181  -0.406188  -0.406188   0.000000   0.000000 -18.090927 285.591303 288.180497   0.076364   0.171468 288.076022   0.139032
  4113   0.000000 314.951550 -56.621042 -37.538965  -0.391573  -0.391573   0.000000   0.000000 -18.124356 285.570327 288.164255   0.076370   0.171468 288.055088   0.139032
  4114   0.000000 314.817214 -56.642461 -37.543621  -0.377212  -0.377212   0.000000   0.000000 -18.157498 285.549428 288.148054   0.076377   0.171468 288.034228   0.139032
  4115   0.000000 314.683374 -56.663823 -37.548128  -0.363106  -0.363106   0.000000   0.000000 -18.190379 285.528603 288.131891   0.076383   0.171468 288.013438   0.139032
  4116   0.000000 314.550016 -56.685122 -37.552474  -0.349254  -0.349254   0.000000   0.000000 -18.223020 285.507848 288.115768   0.076389   0.171468 287.992716   0.139032
  4117   0.000000 314.417129 -56.706354 -37.556657  -0.335656  -0.335656   0.000000   0.000000 -18.255440 285.487162 288.099685   0.076395   0.171468 287.972059   0.139032
  4118   0.000000 314.284704 -56.727516 -37.560678  -0.322310  -0.322310   0.000000   0.000000 -18.287655 285.466543 288.083639   0.076401   0.171468 287.951465   0.139032
  4119   0.000000 314.152735 -56.748605 -37.564545  -0.309211  -0.309211   0.000000   0.000000 -18.319673 285.445989 288.067633   0.076408   0.171468 287.930934   0.139033
  4120   0.000000 314.021214 -56.769623 -37.568270  -0.296357  -0.296357   0.000000   0.000000 -18.351502 285.425501 288.051664   0.076414   0.171468 287.910464   0.139033
  4121   0.000000 313.890137 -56.790568 -37.571867  -0.283741  -0.283741   0.000000   0.000000 -18.383144 285.405076 288.035733   0.076420   0.171468 287.890057   0.139033
  4122   0.000000 313.759501 -56.811442 -37.575350  -0.271357  -0.271357   0.000000   0.000000 -18.414598 285.384716 288.019840   0.076426   0.171468 287.869712   0.139033
  4123   0.000000 313.629303 -56.832249 -37.578737  -0.259200  -0.259200   0.000000   0.000000 -18.445865 285.364421 288.003983   0.076432   0.171468 287.849430   0.139033
  4124   0.000000 313.499541 -56.852990 -37.582044  -0.247263  -0.247263   0.000000   0.000000 -18.476940 285.344190 287.988164   0.076438   0.171468 287.829210   0.139033
  4125   0.000000 313.370212 -56.873669 -37.585286  -0.235539  -0.235539   0.000000   0.000000 -18.507819 285.324025 287.972382   0.076445   0.171468 287.809054   0.139033
  4126   0.000000 313.241314 -56.894289 -37.588481  -0.224021  -0.224021   0.000000   0.000000 -18.538497 285.303926 287.956636   0.076451   0.171468 287.788962   0.139033
  4127   0.000000 313.112847 -56.914853 -37.591641  -0.212703  -0.212703   0.000000   0.000000 -18.568970 285.283893 287.940926   0.076457   0.171468 287.768934   0.139033
  4128   0.000000 312.984809 -56.935365 -37.594782  -0.201578  -0.201578   0.000000   0.000000 -18.599233 285.263927 287.925253   0.076463   0.171468 287.748972   0.139033
  4129   0.000000 312.857197 -56.955829 -37.597915  -0.190640  -0.190640   0.000000   0.000000 -18.629280 285.244028 287.909615   0.076469   0.171468 287.729075   0.139034
  4130   0.000000 312.730011 -56.976247 -37.601053  -0.179884  -0.179884   0.000000   0.000000 -18.659109 285.224196 287.894012   0.076475   0.171468 287.709245   0.139034
  4131   0.000000 312.603248 -56.996623 -37.604206  -0.169303  -0.169303   0.000000   0.000000 -18.688714 285.204432 287.878446   0.076481   0.171468 287.689481   0.139034
  4132   0.000000 312.476907 -57.016960 -37.607383  -0.158893  -0.158893   0.000000   0.000000 -18.718092 285.184737 287.862914   0.076487   0.171468 287.669784   0.139034
  4133   0.000000 312.350985 -57.037260 -37.610593  -0.148648  -0.148648   0.000000   0.000000 -18.747240 285.165109 287.847417   0.076494   0.171468 287.650154   0.139034
  4134   0.000000 312.225480 -57.057526 -37.613842  -0.138563  -0.138563   0.000000   0.000000 -18.776157 285.145549 287.831955   0.076500   0.171468 287.630591   0.139034
  4135   0.000000 312.100391 -57.077760 -37.617138  -0.128634  -0.128634   0.000000   0.000000 -18.804840 285.126058 287.816527   0.076506   0.171468 287.611095   0.139034
  4136   0.000000 311.975713 -57.097963 -37.620484  -0.118857  -0.118857   0.000000   0.000000 -18.833288 285.106634 287.801134   0.076512   0.171468 287.591666   0.139034
  4137   0.000000 311.851445 -57.118139 -37.623885  -0.109229  -0.109229   0.000000   0.000000 -18.861501 285.087279 287.785775   0.076518   0.171468 287.572304   0.139034
  4138   0.000000 311.727585 -57.138288 -37.627345  -0.099744  -0.099744   0.000000   0.000000 -18.889477 285.067991 287.770451   0.076524   0.171468 287.553008   0.139034
  4139   0.000000 311.604128 -57.158412 -37.630866  -0.090400  -0.090400   0.000000   0.000000 -18.917219 285.048770 287.755160   0.076530   0.171468 287.533779   0.139034
  4140   0.000000 311.481071 -57.178512 -37.634451  -0.081194  -0.081194   0.000000   0.000000 -18.944726 285.029617 287.739903   0.076536   0.171468 287.514616   0.139034
  4141   0.000000 311.358413 -57.198589 -37.638099  -0.072123  -0.072123   0.000000   0.000000 -18.971999 285.010530 287.724679   0.076542   0.171468 287.495519   0.139034
  4142   0.000000 311.236148 -57.218644 -37.641811  -0.063184  -0.063184   0.000000   0.000000 -18.999041 284.991510 287.709489   0.076548   0.171468 287.476487   0.139034
  4143   0.000000 311.114275 -57.238678 -37.645588  -0.054374  -0.054374   0.000000   0.000000 -19.025853 284.972555 287.694332   0.076554   0.171468 287.457519   0.139034
  4144   0.000000 310.992789 -57.258691 -37.649429  -0.045691  -0.045691   0.000000   0.000000 -19.052438 284.953665 287.679208   0.076560   0.171468 287.438616   0.139034
  4145   0.000000 310.871686 -57.278684 -37.653331  -0.037133  -0.037133   0.000000   0.000000 -19.078798 284.934840 287.664116   0.076566   0.171468 287.419776   0.139034
  4146   0.000000 310.750964 -57.298658 -37.657293  -0.028698  -0.028698   0.000000   0.000000 -19.104937 284.916078 287.649058   0.076572   0.171468 287.400999   0.139035
  4147   0.000000 310.630618 -57.318612 -37.661313  -0.020383  -0.020383   0.000000   0.000000 -19.130858 284.897380 287.634032   0.076578   0.171468 287.382284   0.139035
  4148   0.000000 310.510644 -57.338546 -37.665386  -0.012187  -0.012187   0.000000   0.000000 -19.156565 284.878744 287.619039   0.076585   0.171468 287.363631   0.139035
  4149   0.000000 310.391038 -57.358461 -37.669511  -0.004109  -0.004109   0.000000   0.000000 -19.182061 284.860170 287.604078   0.076591   0.171468 287.345038   0.139035
  4150   0.000000 310.271796 -57.378356 -37.673681   0.003853   0.003853   0.000000   0.000000 -19.207352 284.841657 287.589149   0.076597   0.171468 287.326504   0.139035
  4151   0.000000 310.152914 -57.398231 -37.677891   0.011700   0.011700   0.000000   0.000000 -19.232441 284.823204 287.574252   0.076603   0.171468 287.308029   0.139035
  4152   0.000000 310.034387 -57.418087 -37.682135   0.019434   0.019434   0.000000   0.000000 -19.257335 284.804809 287.559386   0.076609   0.171468 287.289612   0.139035
  4153   0.000000 309.916210 -57.437921 -37.686404   0.027056   0.027056   0.000000   0.000000 -19.282039 284.786473 287.544553   0.076615   0.171468 287.271251   0.139035
  4154   0.000000 309.798378 -57.457735 -37.690688   0.034566   0.034566   0.000000   0.000000 -19.306560 284.768193 287.529750   0.076621   0.171468 287.252946   0.139035
  4155   0.000000 309.680885 -57.477526 -37.694974   0.041964   0.041964   0.000000   0.000000 -19.330905 284.749968 287.514980   0.076627   0.171468 287.234693   0.139035
  4156   0.000000 309.563724 -57.497294 -37.699252   0.049250   0.049250   0.000000   0.000000 -19.355082 284.731797 287.500240   0.076633   0.171468 287.216493   0.139035
  4157   0.000000 309.446891 -57.517038 -37.703509   0.056425   0.056425   0.000000   0.000000 -19.379102 284.713678 287.485531   0.076639   0.171468 287.198343   0.139035
  4158   0.000000 309.330379 -57.536755 -37.707737   0.063489   0.063489   0.000000   0.000000 -19.402972 284.695610 287.470853   0.076645   0.171468 287.180243   0.139035
  4159   0.000000 309.214181 -57.556444 -37.711928   0.070441   0.070441   0.000000   0.000000 -19.426702 284.677592 287.456206   0.076651   0.171468 287.162189   0.139035
  4160   0.000000 309.098294 -57.576103 -37.716076   0.077281   0.077281   0.000000   0.000000 -19.450299 284.659621 287.441589   0.076657   0.171468 287.144182   0.139035
  4161   0.000000 308.982711 -57.595730 -37.720178   0.084011   0.084011   0.000000   0.000000 -19.473772 284.641698 287.427002   0.076662   0.171468 287.126221   0.139035
  4162   0.000000 308.867430 -57.615325 -37.724230   0.090631   0.090631   0.000000   0.000000 -19.497126 284.623822 287.412445   0.076668   0.171468 287.108304   0.139035
  4163   0.000000 308.752445 -57.634886 -37.728234   0.097142   0.097142   0.000000   0.000000 -19.520366 284.605991 287.397919   0.076674   0.171468 287.090431   0.139035
  4164   0.000000 308.637754 -57.654413 -37.732188   0.103545   0.103545   0.000000   0.000000 -19.543497 284.588204 287.383422   0.076680   0.171468 287.072601   0.139035
  4165   0.000000 308.523354 -57.673904 -37.736097   0.109842   0.109842   0.000000   0.000000 -19.566522 284.570463 287.368954   0.076686   0.171468 287.054814   0.139035
  4166   0.000000 308.409242 -57.693360 -37.739961   0.116036   0.116036   0.000000   0.000000 -19.589442 284.552765 287.354516   0.076692   0.171468 287.037069   0.139035
  4167   0.000000 308.295417 -57.712782 -37.743785   0.122128   0.122128   0.000000   0.000000 -19.612259 284.535111 287.340107   0.076698   0.171468 287.019367   0.139035
  4168   0.000000 308.181875 -57.732168 -37.747573   0.128120   0.128120   0.000000   0.000000 -19.634973 284.517501 287.325728   0.076704   0.171468 287.001707   0.139035
  4169   0.000000 308.068616 -57.751521 -37.751329   0.134015   0.134015   0.000000   0.000000 -19.657586 284.499934 287.311377   0.076710   0.171468 286.984089   0.139035
  4170   0.000000 307.955638 -57.770839 -37.755056   0.139816   0.139816   0.000000   0.000000 -19.680097 284.482411 287.297054   0.076716   0.171468 286.966512   0.139035
  4171   0.000000 307.842940 -57.790125 -37.758761   0.145524   0.145524   0.000000   0.000000 -19.702505 284.464931 287.282761   0.076722   0.171468 286.948978   0.139035
  4172   0.000000 307.730520 -57.809378 -37.762446   0.151142   0.151142   0.000000   0.000000 -19.724810 284.447494 287.268495   0.076728   0.171468 286.931486   0.139035
  4173   0.000000 307.618377 -57.828600 -37.766116   0.156672   0.156672   0.000000   0.000000 -19.747012 284.430100 287.254258   0.076734   0.171468 286.914036   0.139035
  4174   0.000000 307.506511 -57.847791 -37.769776   0.162117   0.162117   0.000000   0.000000 -19.769108 284.412749 287.240049   0.076740   0.171468 286.896627   0.139035
  4175   0.000000 307.394919 -57.866951 -37.773428   0.167479   0.167479   0.000000   0.000000 -19.791098 284.395442 287.225868   0.076746   0.171468 286.879261   0.139034
  4176   0.000000 307.283601 -57.886083 -37.777078   0.172761   0.172761   0.000000   0.000000 -19.812982 284.378178 287.211714   0.076752   0.171468 286.861937   0.139034
  4177   0.000000 307.172555 -57.905186 -37.780727   0.177964   0.177964   0.000000   0.000000 -19.834759 284.360956 287.197589   0.076758   0.171468 286.844655   0.139034
  4178   0.000000 307.061781 -57.924262 -37.784380   0.183090   0.183090   0.000000   0.000000 -19.856427 284.343778 287.183490   0.076763   0.171468 286.827415   0.139034
  4179   0.000000 306.951278 -57.943310 -37.788038   0.188142   0.188142   0.000000   0.000000 -19.877987 284.326643 287.169420   0.076769   0.171468 286.810217   0.139034
  4180   0.000000 306.841043 -57.962332 -37.791705   0.193121   0.193121   0.000000   0.000000 -19.899438 284.309550 287.155376   0.076775   0.171468 286.793061   0.139034
  4181   0.000000 306.731077 -57.981328 -37.795381   0.198030   0.198030   0.000000   0.000000 -19.920779 284.292501 287.141359   0.076781   0.171468 286.775947   0.139034
  4182   0.000000 306.621376 -58.000299 -37.799070   0.202869   0.202869   0.000000   0.000000 -19.942011 284.275494 287.127370   0.076787   0.171468 286.758874   0.139034
  4183   0.000000 306.511942 -58.019246 -37.802772   0.207641   0.207641   0.000000   0.000000 -19.963133 284.258529 287.113407   0.076793   0.171468 286.741843   0.139034
  4184   0.000000 306.402770 -58.038167 -37.806489   0.212347   0.212347   0.000000   0.000000 -19.984145 284.241607 287.099471   0.076799   0.171468 286.724853   0.139034
  4185   0.000000 306.293862 -58.057065 -37.810221   0.216989   0.216989   0.000000   0.000000 -20.005049 284.224726 287.085561   0.076805   0.171468 286.707905   0.139034
  4186   0.000000 306.185214 -58.075939 -37.813969   0.221567   0.221567   0.000000   0.000000 -20.025843 284.207888 287.071678   0.076811   0.171468 286.690997   0.139034
  4187   0.000000 306.076825 -58.094790 -37.817733   0.226083   0.226083   0.000000   0.000000 -20.046530 284.191091 287.057821   0.076817   0.171468 286.674131   0.139034
  4188   0.000000 305.968695 -58.113618 -37.821512   0.230539   0.230539   0.000000   0.000000 -20.067110 284.174336 287.043991   0.076822   0.171468 286.657305   0.139034
  4189   0.000000 305.860820 -58.132422 -37.825308   0.234935   0.234935   0.000000   0.000000 -20.087583 284.157622 287.030186   0.076828   0.171468 286.640519   0.139034
  4190   0.000000 305.753200 -58.151204 -37.829118   0.239272   0.239272   0.000000   0.000000 -20.107952 284.140948 287.016408   0.076834   0.171468 286.623773   0.139034
  4191   0.000000 305.645832 -58.169963 -37.832941   0.243551   0.243551   0.000000   0.000000 -20.128217 284.124315 287.002655   0.076840   0.171468 286.607066   0.139034
  4192   0.000000 305.538715 -58.188699 -37.836776   0.247773   0.247773   0.000000   0.000000 -20.148379 284.107722 286.988928   0.076846   0.171468 286.590399   0.139034
  4193   0.000000 305.431846 -58.207412 -37.840622   0.251939   0.251939   0.000000   0.000000 -20.168442 284.091168 286.975226   0.076852   0.171468 286.573771   0.139034
  4194   0.000000 305.325224 -58.226103 -37.844475   0.256050   0.256050   0.000000   0.000000 -20.188406 284.074654 286.961550   0.076858   0.171468 286.557181   0.139034
  4195   0.000000 305.218846 -58.244770 -37.848331   0.260106   0.260106   0.000000   0.000000 -20.208274 284.058179 286.947900   0.076864   0.171468 286.540628   0.139034
  4196   0.000000 305.112709 -58.263414 -37.852188   0.264107   0.264107   0.000000   0.000000 -20.228048 284.041741 286.934274   0.076869   0.171468 286.524113   0.139034
  4197   0.000000 305.006812 -58.282035 -37.856040   0.268054   0.268054   0.000000   0.000000 -20.247732 284.025341 286.920674   0.076875   0.171468 286.507634   0.139033
  4198   0.000000 304.901152 -58.300631 -37.859884   0.271947   0.271947   0.000000   0.000000 -20.267329 284.008979 286.907099   0.076881   0.171468 286.491191   0.139033
  4199   0.000000 304.795725 -58.319203 -37.863715   0.275786   0.275786   0.000000   0.000000 -20.286843 283.992652 286.893549   0.076887   0.171468 286.474784   0.139033
  4200   0.000000 304.690528 -58.337749 -37.867530   0.279571   0.279571   0.000000   0.000000 -20.306276 283.976361 286.880023   0.076893   0.171468 286.458411   0.139033
  4201   0.000000 304.585561 -58.356270 -37.871325   0.283303   0.283303   0.000000   0.000000 -20.325633 283.960105 286.866522   0.076899   0.171468 286.442071   0.139033
  4202   0.000000 304.480819 -58.374764 -37.875098   0.286981   0.286981   0.000000   0.000000 -20.344917 283.943884 286.853045   0.076904   0.171468 286.425766   0.139033
  4203   0.000000 304.376300 -58.393231 -37.878845   0.290606   0.290606   0.000000   0.000000 -20.364131 283.927697 286.839593   0.076910   0.171468 286.409493   0.139033
  4204   0.000000 304.272003 -58.411671 -37.882565   0.294179   0.294179   0.000000   0.000000 -20.383278 283.911543 286.826166   0.076916   0.171468 286.393252   0.139033
  4205   0.000000 304.167924 -58.430083 -37.886257   0.297699   0.297699   0.000000   0.000000 -20.402360 283.895422 286.812762   0.076922   0.171468 286.377044   0.139033
  4206   0.000000 304.064062 -58.448466 -37.889920   0.301167   0.301167   0.000000   0.000000 -20.421381 283.879334 286.799382   0.076928   0.171468 286.360867   0.139033
  4207   0.000000 303.960416 -58.466820 -37.893554   0.304584   0.304584   0.000000   0.000000 -20.440341 283.863278 286.786026   0.076934   0.171468 286.344721   0.139033
  4208   0.000000 303.856982 -58.485145 -37.897159   0.307950   0.307950   0.000000   0.000000 -20.459242 283.847253 286.772694   0.076940   0.171468 286.328606   0.139033
  4209   0.000000 303.753761 -58.503441 -37.900736   0.311267   0.311267   0.000000   0.000000 -20.478087 283.831261 286.759386   0.076945   0.171468 286.312522   0.139033
  4210   0.000000 303.650751 -58.521707 -37.904284   0.314535   0.314535   0.000000   0.000000 -20.496875 283.815300 286.746101   0.076951   0.171468 286.296468   0.139033
  4211   0.000000 303.547950 -58.539945 -37.907806   0.317755   0.317755   0.000000   0.000000 -20.515607 283.799371 286.732840   0.076957   0.171468 286.280445   0.139032
  4212   0.000000 303.445356 -58.558153 -37.911302   0.320928   0.320928   0.000000   0.000000 -20.534285 283.783472 286.719602   0.076963   0.171468 286.264451   0.139032
  4213   0.000000 303.342970 -58.576331 -37.914774   0.324054   0.324054   0.000000   0.000000 -20.552908 283.767604 286.706387   0.076969   0.171468 286.248488   0.139032
  4214   0.000000 303.240790 -58.594481 -37.918223   0.327136   0.327136   0.000000   0.000000 -20.571477 283.751767 286.693195   0.076974   0.171468 286.232555   0.139032
  4215   0.000000 303.138815 -58.612602 -37.921650   0.330174   0.330174   0.000000   0.000000 -20.589992 283.735961 286.680026   0.076980   0.171468 286.216651   0.139032
  4216   0.000000 303.037044 -58.630694 -37.925058   0.333168   0.333168   0.000000   0.000000 -20.608453 283.720185 286.666880   0.076986   0.171468 286.200777   0.139032
  4217   0.000000 302.935476 -58.648758 -37.928446   0.336121   0.336121   0.000000   0.000000 -20.626859 283.704440 286.653756   0.076992   0.171468 286.184933   0.139032
  4218   0.000000 302.834111 -58.666794 -37.931818   0.339032   0.339032   0.000000   0.000000 -20.645212 283.688725 286.640655   0.076998   0.171468 286.169118   0.139032
  4219   0.000000 302.732947 -58.684801 -37.935173   0.341903   0.341903   0.000000   0.000000 -20.663510 283.673041 286.627577   0.077004   0.171468 286.153333   0.139032
  4220   0.000000 302.631983 -58.702781 -37.938514   0.344735   0.344735   0.000000   0.000000 -20.681755 283.657386 286.614521   0.077009   0.171468 286.137577   0.139032
  4221   0.000000 302.531220 -58.720734 -37.941841   0.347529   0.347529   0.000000   0.000000 -20.699944 283.641762 286.601488   0.077015   0.171468 286.121850   0.139032
  4222   0.000000 302.430655 -58.738659 -37.945156   0.350285   0.350285   0.000000   0.000000 -20.718080 283.626167 286.588476   0.077021   0.171468 286.106153   0.139032
  4223   0.000000 302.330289 -58.756557 -37.948460   0.353005   0.353005   0.000000   0.000000 -20.736161 283.610603 286.575487   0.077027   0.171468 286.090485   0.139032
  4224   0.000000 302.230119 -58.774428 -37.951752   0.355689   0.355689   0.000000   0.000000 -20.754187 283.595068 286.562519   0.077033   0.171468 286.074846   0.139031
  4225   0.000000 302.130147 -58.792273 -37.955035   0.358339   0.358339   0.000000   0.000000 -20.772159 283.579563 286.549574   0.077038   0.171468 286.059236   0.139031
  4226   0.000000 302.030369 -58.810091 -37.958308   0.360954   0.360954   0.000000   0.000000 -20.790077 283.564087 286.536650   0.077044   0.171468 286.043654   0.139031
  4227   0.000000 301.930787 -58.827883 -37.961572   0.363535   0.363535   0.000000   0.000000 -20.807940 283.548641 286.523748   0.077050   0.171468 286.028102   0.139031
  4228   0.000000 301.831398 -58.845649 -37.964828   0.366084   0.366084   0.000000   0.000000 -20.825750 283.533224 286.510868   0.077056   0.171468 286.012578   0.139031
  4229   0.000000 301.732202 -58.863389 -37.968074   0.368601   0.368601   0.000000   0.000000 -20.843506 283.517836 286.498009   0.077061   0.171468 285.997082   0.139031
  4230   0.000000 301.633197 -58.881102 -37.971311   0.371086   0.371086   0.000000   0.000000 -20.861210 283.502477 286.485171   0.077067   0.171468 285.981615   0.139031
  4231   0.000000 301.534384 -58.898790 -37.974539   0.373540   0.373540   0.000000   0.000000 -20.878860 283.487146 286.472355   0.077073   0.171468 285.966175   0.139031
  4232   0.000000 301.435760 -58.916452 -37.977757   0.375964   0.375964   0.000000   0.000000 -20.896459 283.471845 286.459560   0.077079   0.171468 285.950764   0.139031
  4233   0.000000 301.337324 -58.934089 -37.980964   0.378357   0.378357   0.000000   0.000000 -20.914007 283.456571 286.446786   0.077085   0.171468 285.935380   0.139031
  4234   0.000000 301.239075 -58.951699 -37.984158   0.380721   0.380721   0.000000   0.000000 -20.931505 283.441325 286.434033   0.077090   0.171468 285.920023   0.139030
  4235   0.000000 301.141012 -58.969284 -37.987339   0.383055   0.383055   0.000000   0.000000 -20.948953 283.426107 286.421301   0.077096   0.171468 285.904693   0.139030
  4236   0.000000 301.043134 -58.986842 -37.990504   0.385360   0.385360   0.000000   0.000000 -20.966354 283.410917 286.408590   0.077102   0.171468 285.889390   0.139030
  4237   0.000000 300.945439 -59.004375 -37.993653   0.387636   0.387636   0.000000   0.000000 -20.983708 283.395754 286.395899   0.077108   0.171468 285.874114   0.139030
  4238   0.000000 300.847925 -59.021881 -37.996783   0.389883   0.389883   0.000000   0.000000 -21.001017 283.380617 286.383229   0.077114   0.171468 285.858864   0.139030
  4239   0.000000 300.750592 -59.039361 -37.999894   0.392102   0.392102   0.000000   0.000000 -21.018283 283.365507 286.370580   0.077119   0.171468 285.843639   0.139030
  4240   0.000000 300.653437 -59.056815 -38.002982   0.394292   0.394292   0.000000   0.000000 -21.035507 283.350424 286.357951   0.077125   0.171468 285.828440   0.139030
  4241   0.000000 300.556460 -59.074241 -38.006049   0.396454   0.396454   0.000000   0.000000 -21.052690 283.335366 286.345342   0.077131   0.171468 285.813267   0.139030
  4242   0.000000 300.459658 -59.091640 -38.009091   0.398587   0.398587   0.000000   0.000000 -21.069834 283.320334 286.332754   0.077137   0.171468 285.798118   0.139030
  4243   0.000000 300.363032 -59.109012 -38.012108   0.400693   0.400693   0.000000   0.000000 -21.086940 283.305327 286.320186   0.077142   0.171468 285.782994   0.139030
  4244   0.000000 300.266579 -59.126357 -38.015100   0.402772   0.402772   0.000000   0.000000 -21.104010 283.290346 286.307638   0.077148   0.171468 285.767894   0.139029
  4245   0.000000 300.170297 -59.143673 -38.018065   0.404822   0.404822   0.000000   0.000000 -21.121045 283.275389 286.295110   0.077154   0.171468 285.752818   0.139029
  4246   0.000000 300.074187 -59.160962 -38.021004   0.406846   0.406846   0.000000   0.000000 -21.138045 283.260457 286.282601   0.077160   0.171468 285.737766   0.139029
  4247   0.000000 299.978247 -59.178223 -38.023916   0.408843   0.408843   0.000000   0.000000 -21.155012 283.245549 286.270113   0.077165   0.171468 285.722738   0.139029
  4248   0.000000 299.882476 -59.195456 -38.026801   0.410814   0.410814   0.000000   0.000000 -21.171946 283.230666 286.257644   0.077171   0.171468 285.707734   0.139029
  4249   0.000000 299.786873 -59.212661 -38.029660   0.412758   0.412758   0.000000   0.000000 -21.188849 283.215806 286.245195   0.077177   0.171468 285.692753   0.139029
  4250   0.000000 299.691437 -59.229838 -38.032492   0.414677   0.414677   0.000000   0.000000 -21.205720 283.200971 286.232765   0.077183   0.171468 285.677795   0.139029
  4251   0.000000 299.596167 -59.246986 -38.035297   0.416571   0.416571   0.000000   0.000000 -21.222561 283.186159 286.220355   0.077188   0.171468 285.662860   0.139029
  4252   0.000000 299.501062 -59.264107 -38.038077   0.418440   0.418440   0.000000   0.000000 -21.239371 283.171371 286.207964   0.077194   0.171468 285.647949   0.139029
  4253   0.000000 299.406121 -59.281199 -38.040831   0.420284   0.420284   0.000000   0.000000 -21.256151 283.156607 286.195593   0.077200   0.171468 285.633060   0.139029
  4254   0.000000 299.311345 -59.298263 -38.043560   0.422105   0.422105   0.000000   0.000000 -21.272901 283.141865 286.183240   0.077206   0.171468 285.618194   0.139028
  4255   0.000000 299.216731 -59.315300 -38.046265   0.423903   0.423903   0.000000   0.000000 -21.289622 283.127148 286.170907   0.077211   0.171468 285.603350   0.139028
  4256   0.000000 299.122279 -59.332308 -38.048946   0.425677   0.425677   0.000000   0.000000 -21.306314 283.112453 286.158592   0.077217   0.171468 285.588529   0.139028
  4257   0.000000 299.027989 -59.349289 -38.051603   0.427429   0.427429   0.000000   0.000000 -21.322976 283.097781 286.146297   0.077223   0.171468 285.573731   0.139028
  4258   0.000000 298.933860 -59.366241 -38.054238   0.429159   0.429159   0.000000   0.000000 -21.339609 283.083132 286.134020   0.077229   0.171468 285.558955   0.139028
  4259   0.000000 298.839891 -59.383167 -38.056850   0.430868   0.430868   0.000000   0.000000 -21.356214 283.068506 286.121762   0.077234   0.171468 285.544201   0.139028
  4260   0.000000 298.746082 -59.400064 -38.059440   0.432555   0.432555   0.000000   0.000000 -21.372789 283.053903 286.109522   0.077240   0.171468 285.529469   0.139028
  4261   0.000000 298.652431 -59.416934 -38.062008   0.434222   0.434222   0.000000   0.000000 -21.389335 283.039323 286.097302   0.077246   0.171468 285.514760   0.139028
  4262   0.000000 298.558939 -59.433777 -38.064556   0.435869   0.435869   0.000000   0.000000 -21.405853 283.024765 286.085099   0.077252   0.171468 285.500072   0.139027
  4263   0.000000 298.465604 -59.450593 -38.067083   0.437496   0.437496   0.000000   0.000000 -21.422342 283.010229 286.072915   0.077257   0.171468 285.485407   0.139027
  4264   0.000000 298.372426 -59.467382 -38.069589   0.439104   0.439104   0.000000   0.000000 -21.438803 282.995716 286.060750   0.077263   0.171468 285.470763   0.139027
  4265   0.000000 298.279404 -59.484143 -38.072074   0.440692   0.440692   0.000000   0.000000 -21.455236 282.981225 286.048602   0.077269   0.171468 285.456141   0.139027
  4266   0.000000 298.186537 -59.500878 -38.074539   0.442262   0.442262   0.000000   0.000000 -21.471640 282.966756 286.036473   0.077275   0.171468 285.441541   0.139027
  4267   0.000000 298.093826 -59.517585 -38.076983   0.443814   0.443814   0.000000   0.000000 -21.488016 282.952310 286.024362   0.077280   0.171468 285.426962   0.139027
  4268   0.000000 298.001268 -59.534266 -38.079407   0.445347   0.445347   0.000000   0.000000 -21.504365 282.937885 286.012269   0.077286   0.171468 285.412404   0.139027
  4269   0.000000 297.908863 -59.550920 -38.081810   0.446863   0.446863   0.000000   0.000000 -21.520687 282.923481 286.000193   0.077292   0.171468 285.397868   0.139027
  4270   0.000000 297.816610 -59.567547 -38.084190   0.448361   0.448361   0.000000   0.000000 -21.536982 282.909100 285.988136   0.077297   0.171468 285.383353   0.139027
  4271   0.000000 297.724510 -59.584148 -38.086549   0.449842   0.449842   0.000000   0.000000 -21.553251 282.894740 285.976096   0.077303   0.171468 285.368858   0.139026
  4272   0.000000 297.632559 -59.600721 -38.088885   0.451305   0.451305   0.000000   0.000000 -21.569495 282.880401 285.964074   0.077309   0.171468 285.354385   0.139026
  4273   0.000000 297.540759 -59.617268 -38.091198   0.452752   0.452752   0.000000   0.000000 -21.585713 282.866083 285.952070   0.077315   0.171468 285.339932   0.139026
  4274   0.000000 297.449107 -59.633788 -38.093487   0.454182   0.454182   0.000000   0.000000 -21.601908 282.851786 285.940083   0.077320   0.171468 285.325499   0.139026
  4275   0.000000 297.357604 -59.650281 -38.095751   0.455596   0.455596   0.000000   0.000000 -21.618078 282.837510 285.928113   0.077326   0.171468 285.311086   0.139026
  4276   0.000000 297.266247 -59.666748 -38.097991   0.456992   0.456992   0.000000   0.000000 -21.634226 282.823254 285.916161   0.077332   0.171468 285.296694   0.139026
  4277   0.000000 297.175037 -59.683187 -38.100204   0.458373   0.458373   0.000000   0.000000 -21.650351 282.809019 285.904226   0.077337   0.171468 285.282321   0.139026
  4278   0.000000 297.083972 -59.699599 -38.102392   0.459737   0.459737   0.000000   0.000000 -21.666455 282.794804 285.892309   0.077343   0.171468 285.267968   0.139026
  4279   0.000000 296.993051 -59.715984 -38.104553   0.461086   0.461086   0.000000   0.000000 -21.682538 282.780608 285.880408   0.077349   0.171468 285.253635   0.139025
  4280   0.000000 296.902275 -59.732341 -38.106687   0.462418   0.462418   0.000000   0.000000 -21.698600 282.766433 285.868525   0.077355   0.171468 285.239321   0.139025
  4281   0.000000 296.811641 -59.748672 -38.108794   0.463735   0.463735   0.000000   0.000000 -21.714643 282.752278 285.856659   0.077360   0.171468 285.225026   0.139025
  4282   0.000000 296.721149 -59.764975 -38.110873   0.465036   0.465036   0.000000   0.000000 -21.730667 282.738142 285.844809   0.077366   0.171468 285.210751   0.139025
  4283   0.000000 296.630799 -59.781251 -38.112925   0.466322   0.466322   0.000000   0.000000 -21.746671 282.724026 285.832977   0.077372   0.171468 285.196494   0.139025
  4284   0.000000 296.540589 -59.797500 -38.114950   0.467592   0.467592   0.000000   0.000000 -21.762658 282.709929 285.821161   0.077377   0.171468 285.182256   0.139025
  4285   0.000000 296.450519 -59.813721 -38.116947   0.468848   0.468848   0.000000   0.000000 -21.778627 282.695851 285.809362   0.077383   0.171468 285.168037   0.139025
  4286   0.000000 296.360588 -59.829915 -38.118917   0.470089   0.470089   0.000000   0.000000 -21.794578 282.681792 285.797579   0.077389   0.171468 285.153836   0.139025
  4287   0.000000 296.270796 -59.846081 -38.120859   0.471316   0.471316   0.000000   0.000000 -21.810512 282.667752 285.785814   0.077395   0.171468 285.139654   0.139024
  4288   0.000000 296.181142 -59.862220 -38.122774   0.472528   0.472528   0.000000   0.000000 -21.826429 282.653731 285.774064   0.077400   0.171468 285.125490   0.139024
  4289   0.000000 296.091625 -59.878332 -38.124662   0.473726   0.473726   0.000000   0.000000 -21.842330 282.639729 285.762331   0.077406   0.171468 285.111345   0.139024
  4290   0.000000 296.002245 -59.894417 -38.126523   0.474911   0.474911   0.000000   0.000000 -21.858214 282.625746 285.750614   0.077412   0.171468 285.097218   0.139024
  4291   0.000000 295.913001 -59.910474 -38.128357   0.476082   0.476082   0.000000   0.000000 -21.874081 282.611781 285.738914   0.077417   0.171468 285.083109   0.139024
  4292   0.000000 295.823893 -59.926505 -38.130164   0.477239   0.477239   0.000000   0.000000 -21.889933 282.597834 285.727230   0.077423   0.171468 285.069017   0.139024
  4293   0.000000 295.734919 -59.942508 -38.131945   0.478384   0.478384   0.000000   0.000000 -21.905769 282.583906 285.715562   0.077429   0.171468 285.054944   0.139024
  4294   0.000000 295.646080 -59.958484 -38.133700   0.479516   0.479516   0.000000   0.000000 -21.921589 282.569996 285.703909   0.077435   0.171468 285.040889   0.139024
  4295   0.000000 295.557374 -59.974433 -38.135429   0.480635   0.480635   0.000000   0.000000 -21.937393 282.556105 285.692273   0.077440   0.171468 285.026852   0.139023
  4296   0.000000 295.468802 -59.990355 -38.137132   0.481742   0.481742   0.000000   0.000000 -21.953182 282.542231 285.680653   0.077446   0.171468 285.012832   0.139023
  4297   0.000000 295.380362 -60.006251 -38.138810   0.482837   0.482837   0.000000   0.000000 -21.968955 282.528376 285.669049   0.077452   0.171468 284.998830   0.139023
  4298   0.000000 295.292055 -60.022119 -38.140461   0.483919   0.483919   0.000000   0.000000 -21.984713 282.514538 285.657460   0.077457   0.171468 284.984845   0.139023
  4299   0.000000 295.203879 -60.037961 -38.142087   0.484991   0.484991   0.000000   0.000000 -22.000456 282.500718 285.645888   0.077463   0.171468 284.970878   0.139023
  4300   0.000000 295.115834 -60.053776 -38.143687   0.486050   0.486050   0.000000   0.000000 -22.016185 282.486916 285.634330   0.077469   0.171468 284.956928   0.139023
  4301   0.000000 295.027919 -60.069564 -38.145261   0.487099   0.487099   0.000000   0.000000 -22.031898 282.473132 285.622789   0.077474   0.171468 284.942995   0.139023
  4302   0.000000 294.940134 -60.085326 -38.146810   0.488136   0.488136   0.000000   0.000000 -22.047597 282.459365 285.611263   0.077480   0.171468 284.929079   0.139023
  4303   0.000000 294.852479 -60.101061 -38.148332   0.489162   0.489162   0.000000   0.000000 -22.063282 282.445616 285.599752   0.077486   0.171468 284.915181   0.139022
  4304   0.000000 294.764952 -60.116770 -38.149828   0.490178   0.490178   0.000000   0.000000 -22.078954 282.431884 285.588257   0.077491   0.171468 284.901299   0.139022
  4305   0.000000 294.677552 -60.132452 -38.151297   0.491182   0.491182   0.000000   0.000000 -22.094611 282.418169 285.576777   0.077497   0.171468 284.887434   0.139022
  4306   0.000000 294.590280 -60.148107 -38.152740   0.492176   0.492176   0.000000   0.000000 -22.110256 282.404471 285.565312   0.077503   0.171468 284.873586   0.139022
  4307   0.000000 294.503135 -60.163736 -38.154155   0.493160   0.493160   0.000000   0.000000 -22.125887 282.390790 285.553863   0.077508   0.171468 284.859755   0.139022
  4308   0.000000 294.416116 -60.179338 -38.155543   0.494133   0.494133   0.000000   0.000000 -22.141506 282.377126 285.542428   0.077514   0.171468 284.845939   0.139022
  4309   0.000000 294.329222 -60.194914 -38.156904   0.495096   0.495096   0.000000   0.000000 -22.157113 282.363479 285.531009   0.077520   0.171468 284.832141   0.139022
  4310   0.000000 294.242452 -60.210464 -38.158237   0.496049   0.496049   0.000000   0.000000 -22.172708 282.349849 285.519605   0.077526   0.171468 284.818358   0.139021
  4311   0.000000 294.155807 -60.225987 -38.159542   0.496992   0.496992   0.000000   0.000000 -22.188292 282.336235 285.508215   0.077531   0.171468 284.804592   0.139021
  4312   0.000000 294.069286 -60.241483 -38.160819   0.497925   0.497925   0.000000   0.000000 -22.203865 282.322637 285.496841   0.077537   0.171468 284.790841   0.139021
  4313   0.000000 293.982887 -60.256953 -38.162068   0.498849   0.498849   0.000000   0.000000 -22.219426 282.309056 285.485481   0.077543   0.171468 284.777107   0.139021
  4314   0.000000 293.896611 -60.272396 -38.163289   0.499762   0.499762   0.000000   0.000000 -22.234977 282.295491 285.474136   0.077548   0.171468 284.763388   0.139021
  4315   0.000000 293.810457 -60.287813 -38.164481   0.500666   0.500666   0.000000   0.000000 -22.250518 282.281942 285.462806   0.077554   0.171468 284.749685   0.139021
  4316   0.000000 293.724424 -60.303203 -38.165645   0.501561   0.501561   0.000000   0.000000 -22.266049 282.268409 285.451490   0.077560   0.171468 284.735998   0.139021
  4317   0.000000 293.638511 -60.318567 -38.166781   0.502446   0.502446   0.000000   0.000000 -22.281571 282.254891 285.440189   0.077565   0.171468 284.722326   0.139021
  4318   0.000000 293.552719 -60.333905 -38.167888   0.503322   0.503322   0.000000   0.000000 -22.297083 282.241390 285.428902   0.077571   0.171468 284.708670   0.139020
  4319   0.000000 293.467046 -60.349215 -38.168967   0.504190   0.504190   0.000000   0.000000 -22.312585 282.227905 285.417630   0.077577   0.171468 284.695029   0.139020
  4320   0.000000 293.381492 -60.364500 -38.170017   0.505048   0.505048   0.000000   0.000000 -22.328079 282.214435 285.406372   0.077582   0.171468 284.681403   0.139020
  4321   0.000000 293.296057 -60.379758 -38.171248   0.505898   0.505898   0.000000   0.000000 -22.343564 282.200987 285.395129   0.077588   0.171468 284.667801   0.139020
  4322   0.000000 293.210738 -60.395024 -38.172571   0.506756   0.506756   0.000000   0.000000 -22.358991 282.187563 285.383900   0.077594   0.171468 284.654221   0.139020
  4323   0.000000 293.125534 -60.410302 -38.173969   0.507622   0.507622   0.000000   0.000000 -22.374355 282.174162 285.372685   0.077599   0.171468 284.640664   0.139020
  4324   0.000000 293.040444 -60.425593 -38.175434   0.508496   0.508496   0.000000   0.000000 -22.389658 282.160784 285.361484   0.077605   0.171468 284.627129   0.139020
  4325   0.000000 292.955468 -60.440893 -38.176961   0.509376   0.509376   0.000000   0.000000 -22.404902 282.147428 285.350298   0.077611   0.171468 284.613616   0.139019
  4326   0.000000 292.870603 -60.456204 -38.178548   0.510262   0.510262   0.000000   0.000000 -22.420091 282.134093 285.339126   0.077616   0.171468 284.600124   0.139019
  4327   0.000000 292.785851 -60.471523 -38.180191   0.511152   0.511152   0.000000   0.000000 -22.435226 282.120780 285.327968   0.077622   0.171468 284.586653   0.139019
  4328   0.000000 292.701209 -60.486849 -38.181887   0.512046   0.512046   0.000000   0.000000 -22.450310 282.107489 285.316824   0.077628   0.171468 284.573203   0.139019
  4329   0.000000 292.616679 -60.502182 -38.183633   0.512943   0.512943   0.000000   0.000000 -22.465344 282.094218 285.305694   0.077633   0.171468 284.559774   0.139019
  4330   0.000000 292.532258 -60.517521 -38.185428   0.513841   0.513841   0.000000   0.000000 -22.480329 282.080969 285.294578   0.077639   0.171468 284.546365   0.139019
  4331   0.000000 292.447947 -60.532864 -38.187268   0.514741   0.514741   0.000000   0.000000 -22.495268 282.067739 285.283477   0.077645   0.171468 284.532976   0.139019
  4332   0.000000 292.363745 -60.548213 -38.189152   0.515642   0.515642   0.000000   0.000000 -22.510161 282.054530 285.272389   0.077650   0.171468 284.519607   0.139018
  4333   0.000000 292.279652 -60.563564 -38.191079   0.516544   0.516544   0.000000   0.000000 -22.525010 282.041342 285.261315   0.077656   0.171468 284.506258   0.139018
  4334   0.000000 292.195668 -60.578919 -38.193046   0.517445   0.517445   0.000000   0.000000 -22.539816 282.028173 285.250256   0.077662   0.171468 284.492928   0.139018
  4335   0.000000 292.111792 -60.594276 -38.195051   0.518346   0.518346   0.000000   0.000000 -22.554579 282.015024 285.239210   0.077667   0.171468 284.479617   0.139018
  4336   0.000000 292.028024 -60.609635 -38.197094   0.519246   0.519246   0.000000   0.000000 -22.569301 282.001895 285.228178   0.077673   0.171468 284.466326   0.139018
  4337   0.000000 291.944364 -60.624996 -38.199173   0.520145   0.520145   0.000000   0.000000 -22.583983 281.988785 285.217160   0.077679   0.171468 284.453053   0.139018
  4338   0.000000 291.860811 -60.640358 -38.201286   0.521042   0.521042   0.000000   0.000000 -22.598624 281.975694 285.206155   0.077684   0.171468 284.439800   0.139018
  4339   0.000000 291.777366 -60.655720 -38.203433   0.521938   0.521938   0.000000   0.000000 -22.613227 281.962623 285.195165   0.077690   0.171468 284.426565   0.139017
  4340   0.000000 291.694027 -60.671082 -38.205612   0.522832   0.522832   0.000000   0.000000 -22.627791 281.949571 285.184188   0.077695   0.171468 284.413349   0.139017
  4341   0.000000 291.610796 -60.686444 -38.207823   0.523723   0.523723   0.000000   0.000000 -22.642317 281.936538 285.173225   0.077701   0.171468 284.400151   0.139017
  4342   0.000000 291.527670 -60.701805 -38.210064   0.524612   0.524612   0.000000   0.000000 -22.656806 281.923524 285.162275   0.077707   0.171468 284.386972   0.139017
  4343   0.000000 291.444652 -60.717165 -38.212335   0.525499   0.525499   0.000000   0.000000 -22.671258 281.910528 285.151339   0.077712   0.171468 284.373811   0.139017
  4344   0.000000 291.361739 -60.732524 -38.214634   0.526383   0.526383   0.000000   0.000000 -22.685673 281.897552 285.140416   0.077718   0.171468 284.360669   0.139017
  4345   0.000000 291.278932 -60.747880 -38.216961   0.527263   0.527263   0.000000   0.000000 -22.700053 281.884593 285.129507   0.077724   0.171468 284.347544   0.139017
  4346   0.000000 291.196231 -60.763235 -38.219315   0.528141   0.528141   0.000000   0.000000 -22.714397 281.871654 285.118612   0.077729   0.171468 284.334438   0.139016
  4347   0.000000 291.113636 -60.778587 -38.221696   0.529016   0.529016   0.000000   0.000000 -22.728706 281.858733 285.107730   0.077735   0.171468 284.321349   0.139016
  4348   0.000000 291.031147 -60.793937 -38.224103   0.529887   0.529887   0.000000   0.000000 -22.742981 281.845830 285.096861   0.077741   0.171468 284.308279   0.139016
  4349   0.000000 290.948762 -60.809284 -38.226536   0.530755   0.530755   0.000000   0.000000 -22.757220 281.832945 285.086006   0.077746   0.171468 284.295226   0.139016
  4350   0.000000 290.866483 -60.824627 -38.228993   0.531619   0.531619   0.000000   0.000000 -22.771426 281.820078 285.075164   0.077752   0.171468 284.282191   0.139016
  4351   0.000000 290.784309 -60.839967 -38.231474   0.532480   0.532480   0.000000   0.000000 -22.785598 281.807230 285.064335   0.077758   0.171468 284.269174   0.139016
  4352   0.000000 290.702239 -60.855304 -38.233980   0.533338   0.533338   0.000000   0.000000 -22.799736 281.794400 285.053520   0.077763   0.171468 284.256174   0.139016
  4353   0.000000 290.620274 -60.870636 -38.236509   0.534191   0.534191   0.000000   0.000000 -22.813840 281.781587 285.042717   0.077769   0.171468 284.243192   0.139015
  4354   0.000000 290.538414 -60.885964 -38.239060   0.535041   0.535041   0.000000   0.000000 -22.827912 281.768792 285.031928   0.077775   0.171468 284.230227   0.139015
  4355   0.000000 290.456658 -60.901288 -38.241634   0.535887   0.535887   0.000000   0.000000 -22.841950 281.756016 285.021152   0.077780   0.171468 284.217279   0.139015
  4356   0.000000 290.375007 -60.916607 -38.244231   0.536730   0.536730   0.000000   0.000000 -22.855956 281.743257 285.010389   0.077786   0.171468 284.204349   0.139015
  4357   0.000000 290.293459 -60.931922 -38.246848   0.537568   0.537568   0.000000   0.000000 -22.869929 281.730515 284.999639   0.077791   0.171468 284.191436   0.139015
  4358   0.000000 290.212015 -60.947231 -38.249487   0.538403   0.538403   0.000000   0.000000 -22.883870 281.717791 284.988903   0.077797   0.171468 284.178541   0.139015
  4359   0.000000 290.130676 -60.962535 -38.252147   0.539233   0.539233   0.000000   0.000000 -22.897778 281.705085 284.978179   0.077803   0.171468 284.165662   0.139015
  4360   0.000000 290.049439 -60.977834 -38.254827   0.540060   0.540060   0.000000   0.000000 -22.911655 281.692396 284.967468   0.077808   0.171467 284.152801   0.139014
  4361   0.000000 289.968307 -60.993127 -38.257528   0.540883   0.540883   0.000000   0.000000 -22.925500 281.679725 284.956770   0.077814   0.171467 284.139956   0.139014
  4362   0.000000 289.887277 -61.008415 -38.260248   0.541702   0.541702   0.000000   0.000000 -22.939313 281.667071 284.946085   0.077820   0.171467 284.127129   0.139014
  4363   0.000000 289.806351 -61.023696 -38.262987   0.542516   0.542516   0.000000   0.000000 -22.953095 281.654434 284.935412   0.077825   0.171467 284.114318   0.139014
  4364   0.000000 289.725527 -61.038972 -38.265745   0.543327   0.543327   0.000000   0.000000 -22.966846 281.641815 284.924753   0.077831   0.171467 284.101525   0.139014
  4365   0.000000 289.644806 -61.054241 -38.268522   0.544133   0.544133   0.000000   0.000000 -22.980565 281.629213 284.914106   0.077836   0.171467 284.088748   0.139014
  4366   0.000000 289.564188 -61.069503 -38.271317   0.544936   0.544936   0.000000   0.000000 -22.994254 281.616627 284.903472   0.077842   0.171467 284.075987   0.139014
  4367   0.000000 289.483673 -61.084760 -38.274130   0.545734   0.545734   0.000000   0.000000 -23.007912 281.604059 284.892851   0.077848   0.171467 284.063244   0.139013
  4368   0.000000 289.403259 -61.100009 -38.276961   0.546528   0.546528   0.000000   0.000000 -23.021540 281.591508 284.882242   0.077853   0.171467 284.050517   0.139013
  4369   0.000000 289.322948 -61.115251 -38.279810   0.547318   0.547318   0.000000   0.000000 -23.035137 281.578974 284.871646   0.077859   0.171467 284.037807   0.139013
  4370   0.000000 289.242739 -61.130487 -38.282675   0.548104   0.548104   0.000000   0.000000 -23.048704 281.566456 284.861062   0.077865   0.171467 284.025113   0.139013
  4371   0.000000 289.162631 -61.145715 -38.285558   0.548886   0.548886   0.000000   0.000000 -23.062241 281.553956 284.850491   0.077870   0.171467 284.012435   0.139013
  4372   0.000000 289.082626 -61.160936 -38.288457   0.549663   0.549663   0.000000   0.000000 -23.075747 281.541472 284.839933   0.077876   0.171467 283.999775   0.139013
  4373   0.000000 289.002721 -61.176149 -38.291372   0.550437   0.550437   0.000000   0.000000 -23.089224 281.529005 284.829386   0.077881   0.171467 283.987130   0.139012
  4374   0.000000 288.922918 -61.191355 -38.294303   0.551206   0.551206   0.000000   0.000000 -23.102672 281.516554 284.818853   0.077887   0.171467 283.974502   0.139012
  4375   0.000000 288.843216 -61.206553 -38.297251   0.551971   0.551971   0.000000   0.000000 -23.116090 281.504120 284.808332   0.077893   0.171467 283.961890   0.139012
  4376   0.000000 288.763615 -61.221743 -38.300214   0.552732   0.552732   0.000000   0.000000 -23.129478 281.491703 284.797823   0.077898   0.171467 283.949294   0.139012
  4377   0.000000 288.684115 -61.236925 -38.303192   0.553489   0.553489   0.000000   0.000000 -23.142837 281.479302 284.787326   0.077904   0.171467 283.936714   0.139012
  4378   0.000000 288.604716 -61.252099 -38.306186   0.554242   0.554242   0.000000   0.000000 -23.156167 281.466918 284.776842   0.077910   0.171467 283.924151   0.139012
  4379   0.000000 288.525417 -61.267264 -38.309195   0.554990   0.554990   0.000000   0.000000 -23.169468 281.454550 284.766370   0.077915   0.171467 283.911603   0.139012
  4380   0.000000 288.446218 -61.282422 -38.312219   0.555735   0.555735   0.000000   0.000000 -23.182739 281.442198 284.755910   0.077921   0.171467 283.899072   0.139011
  4381   0.000000 288.367119 -61.297571 -38.315257   0.556475   0.556475   0.000000   0.000000 -23.195982 281.429863 284.745462   0.077926   0.171467 283.886556   0.139011
  4382   0.000000 288.288121 -61.312711 -38.318310   0.557211   0.557211   0.000000   0.000000 -23.209197 281.417544 284.735027   0.077932   0.171467 283.874056   0.139011
  4383   0.000000 288.209222 -61.327842 -38.321377   0.557943   0.557943   0.000000   0.000000 -23.222382 281.405241 284.724603   0.077938   0.171467 283.861573   0.139011
  4384   0.000000 288.130423 -61.342965 -38.324458   0.558671   0.558671   0.000000   0.000000 -23.235539 281.392954 284.714192   0.077943   0.171467 283.849105   0.139011
  4385   0.000000 288.051724 -61.358079 -38.327552   0.559395   0.559395   0.000000   0.000000 -23.248668 281.380683 284.703793   0.077949   0.171467 283.836653   0.139011
  4386   0.000000 287.973124 -61.373183 -38.330661   0.560115   0.560115   0.000000   0.000000 -23.261768 281.368428 284.693405   0.077954   0.171467 283.824216   0.139010
  4387   0.000000 287.894623 -61.388279 -38.333783   0.560831   0.560831   0.000000   0.000000 -23.274840 281.356190 284.683030   0.077960   0.171467 283.811796   0.139010
  4388   0.000000 287.816221 -61.403365 -38.336918   0.561543   0.561543   0.000000   0.000000 -23.287884 281.343967 284.672667   0.077966   0.171467 283.799391   0.139010
  4389   0.000000 287.737917 -61.418443 -38.340066   0.562251   0.562251   0.000000   0.000000 -23.300900 281.331760 284.662315   0.077971   0.171467 283.787001   0.139010
  4390   0.000000 287.659713 -61.433510 -38.343227   0.562955   0.562955   0.000000   0.000000 -23.313889 281.319569 284.651976   0.077977   0.171467 283.774627   0.139010
  4391   0.000000 287.581607 -61.448568 -38.346401   0.563655   0.563655   0.000000   0.000000 -23.326849 281.307394 284.641648   0.077982   0.171467 283.762269   0.139010
  4392   0.000000 287.503599 -61.463617 -38.349587   0.564350   0.564350   0.000000   0.000000 -23.339782 281.295234 284.631332   0.077988   0.171467 283.749926   0.139010
  4393   0.000000 287.425689 -61.478655 -38.352786   0.565042   0.565042   0.000000   0.000000 -23.352687 281.283090 284.621028   0.077994   0.171467 283.737599   0.139009
  4394   0.000000 287.347878 -61.493684 -38.355997   0.565730   0.565730   0.000000   0.000000 -23.365565 281.270962 284.610736   0.077999   0.171467 283.725287   0.139009
  4395   0.000000 287.270164 -61.508703 -38.359220   0.566414   0.566414   0.000000   0.000000 -23.378415 281.258849 284.600455   0.078005   0.171467 283.712990   0.139009
  4396   0.000000 287.192548 -61.523712 -38.362454   0.567094   0.567094   0.000000   0.000000 -23.391238 281.246752 284.590186   0.078010   0.171467 283.700708   0.139009
  4397   0.000000 287.115029 -61.538711 -38.365701   0.567770   0.567770   0.000000   0.000000 -23.404034 281.234671 284.579929   0.078016   0.171467 283.688442   0.139009
  4398   0.000000 287.037608 -61.553700 -38.368959   0.568443   0.568443   0.000000   0.000000 -23.416803 281.222605 284.569683   0.078022   0.171467 283.676191   0.139009
  4399   0.000000 286.960284 -61.568678 -38.372229   0.569111   0.569111   0.000000   0.000000 -23.429545 281.210554 284.559449   0.078027   0.171467 283.663955   0.139008
  4400   0.000000 286.883057 -61.583646 -38.375510   0.569775   0.569775   0.000000   0.000000 -23.442260 281.198519 284.549226   0.078033   0.171467 283.651735   0.139008
  4401   0.000000 286.805926 -61.598604 -38.378802   0.570436   0.570436   0.000000   0.000000 -23.454948 281.186499 284.539015   0.078038   0.171467 283.639529   0.139008
  4402   0.000000 286.728892 -61.613551 -38.382105   0.571093   0.571093   0.000000   0.000000 -23.467609 281.174495 284.528815   0.078044   0.171467 283.627338   0.139008
  4403   0.000000 286.651955 -61.628488 -38.385419   0.571746   0.571746   0.000000   0.000000 -23.480244 281.162505 284.518627   0.078050   0.171467 283.615163   0.139008
  4404   0.000000 286.575114 -61.643414 -38.388744   0.572395   0.572395   0.000000   0.000000 -23.492852 281.150531 284.508450   0.078055   0.171467 283.603002   0.139008
  4405   0.000000 286.498370 -61.658329 -38.392080   0.573041   0.573041   0.000000   0.000000 -23.505434 281.138572 284.498285   0.078061   0.171467 283.590856   0.139008
  4406   0.000000 286.421721 -61.673233 -38.395426   0.573682   0.573682   0.000000   0.000000 -23.517989 281.126628 284.488131   0.078066   0.171467 283.578726   0.139007
  4407   0.000000 286.345168 -61.688127 -38.398782   0.574320   0.574320   0.000000   0.000000 -23.530519 281.114699 284.477988   0.078072   0.171467 283.566610   0.139007
  4408   0.000000 286.268710 -61.703010 -38.402148   0.574955   0.574955   0.000000   0.000000 -23.543021 281.102786 284.467857   0.078078   0.171467 283.554508   0.139007
  4409   0.000000 286.192349 -61.717881 -38.405525   0.575585   0.575585   0.000000   0.000000 -23.555498 281.090887 284.457737   0.078083   0.171467 283.542422   0.139007
  4410   0.000000 286.116082 -61.732742 -38.408911   0.576212   0.576212   0.000000   0.000000 -23.567949 281.079003 284.447628   0.078089   0.171467 283.530350   0.139007
  4411   0.000000 286.039911 -61.747591 -38.412307   0.576835   0.576835   0.000000   0.000000 -23.580374 281.067134 284.437530   0.078094   0.171467 283.518293   0.139007
  4412   0.000000 285.963834 -61.762429 -38.415713   0.577455   0.577455   0.000000   0.000000 -23.592773 281.055280 284.427444   0.078100   0.171467 283.506251   0.139006
  4413   0.000000 285.887853 -61.777256 -38.419129   0.578071   0.578071   0.000000   0.000000 -23.605146 281.043441 284.417368   0.078105   0.171467 283.494223   0.139006
  4414   0.000000 285.811966 -61.792071 -38.422554   0.578683   0.578683   0.000000   0.000000 -23.617493 281.031616 284.407304   0.078111   0.171467 283.482210   0.139006
  4415   0.000000 285.736174 -61.806875 -38.425988   0.579292   0.579292   0.000000   0.000000 -23.629815 281.019807 284.397251   0.078117   0.171467 283.470211   0.139006
  4416   0.000000 285.660475 -61.821667 -38.429432   0.579897   0.579897   0.000000   0.000000 -23.642111 281.008012 284.387209   0.078122   0.171467 283.458227   0.139006
  4417   0.000000 285.584871 -61.836448 -38.432884   0.580498   0.580498   0.000000   0.000000 -23.654382 280.996231 284.377178   0.078128   0.171467 283.446257   0.139006
  4418   0.000000 285.509362 -61.851217 -38.436346   0.581096   0.581096   0.000000   0.000000 -23.666627 280.984465 284.367158   0.078133   0.171467 283.434302   0.139005
  4419   0.000000 285.433945 -61.865975 -38.439816   0.581691   0.581691   0.000000   0.000000 -23.678847 280.972714 284.357149   0.078139   0.171467 283.422361   0.139005
  4420   0.000000 285.358623 -61.880721 -38.443296   0.582282   0.582282   0.000000   0.000000 -23.691042 280.960978 284.347151   0.078145   0.171467 283.410434   0.139005
  4421   0.000000 285.283394 -61.895454 -38.446783   0.582869   0.582869   0.000000   0.000000 -23.703212 280.949255 284.337163   0.078150   0.171467 283.398522   0.139005
  4422   0.000000 285.208258 -61.910176 -38.450280   0.583453   0.583453   0.000000   0.000000 -23.715356 280.937548 284.327187   0.078156   0.171467 283.386624   0.139005
  4423   0.000000 285.133216 -61.924887 -38.453785   0.584034   0.584034   0.000000   0.000000 -23.727476 280.925854 284.317222   0.078161   0.171467 283.374740   0.139005
  4424   0.000000 285.058266 -61.939585 -38.457298   0.584611   0.584611   0.000000   0.000000 -23.739571 280.914175 284.307267   0.078167   0.171467 283.362870   0.139004
  4425   0.000000 284.983410 -61.954271 -38.460819   0.585184   0.585184   0.000000   0.000000 -23.751641 280.902511 284.297323   0.078172   0.171467 283.351015   0.139004
  4426   0.000000 284.908646 -61.968945 -38.464348   0.585755   0.585755   0.000000   0.000000 -23.763686 280.890860 284.287390   0.078178   0.171467 283.339174   0.139004
  4427   0.000000 284.833975 -61.983606 -38.467886   0.586322   0.586322   0.000000   0.000000 -23.775706 280.879224 284.277467   0.078184   0.171467 283.327346   0.139004
  4428   0.000000 284.759395 -61.998256 -38.471431   0.586885   0.586885   0.000000   0.000000 -23.787702 280.867602 284.267556   0.078189   0.171467 283.315533   0.139004
  4429   0.000000 284.684909 -62.012893 -38.474984   0.587445   0.587445   0.000000   0.000000 -23.799673 280.855995 284.257655   0.078195   0.171467 283.303734   0.139004
  4430   0.000000 284.610514 -62.027518 -38.478545   0.588002   0.588002   0.000000   0.000000 -23.811619 280.844401 284.247764   0.078200   0.171467 283.291948   0.139003
  4431   0.000000 284.536211 -62.042131 -38.482113   0.588556   0.588556   0.000000   0.000000 -23.823542 280.832822 284.237885   0.078206   0.171467 283.280177   0.139003
  4432   0.000000 284.462000 -62.056731 -38.485689   0.589106   0.589106   0.000000   0.000000 -23.835440 280.821256 284.228016   0.078211   0.171467 283.268420   0.139003
  4433   0.000000 284.387880 -62.071319 -38.489273   0.589653   0.589653   0.000000   0.000000 -23.847313 280.809705 284.218157   0.078217   0.171467 283.256676   0.139003
  4434   0.000000 284.313851 -62.085894 -38.492863   0.590197   0.590197   0.000000   0.000000 -23.859163 280.798168 284.208309   0.078223   0.171467 283.244946   0.139003
  4435   0.000000 284.239914 -62.100456 -38.496461   0.590737   0.590737   0.000000   0.000000 -23.870988 280.786644 284.198471   0.078228   0.171467 283.233230   0.139003
  4436   0.000000 284.166068 -62.115006 -38.500066   0.591275   0.591275   0.000000   0.000000 -23.882790 280.775135 284.188644   0.078234   0.171467 283.221528   0.139003
  4437   0.000000 284.092313 -62.129544 -38.503677   0.591809   0.591809   0.000000   0.000000 -23.894567 280.763639 284.178828   0.078239   0.171467 283.209839   0.139002
  4438   0.000000 284.018648 -62.144068 -38.507296   0.592339   0.592339   0.000000   0.000000 -23.906320 280.752158 284.169022   0.078245   0.171467 283.198165   0.139002
  4439   0.000000 283.945075 -62.158580 -38.510922   0.592867   0.592867   0.000000   0.000000 -23.918050 280.740690 284.159226   0.078250   0.171467 283.186503   0.139002
  4440   0.000000 283.871591 -62.173079 -38.514554   0.593392   0.593392   0.000000   0.000000 -23.929756 280.729235 284.149441   0.078256   0.171467 283.174856   0.139002
  4441   0.000000 283.798198 -62.187565 -38.518193   0.593913   0.593913   0.000000   0.000000 -23.941438 280.717795 284.139666   0.078262   0.171467 283.163222   0.139002
  4442   0.000000 283.724895 -62.202038 -38.521838   0.594431   0.594431   0.000000   0.000000 -23.953096 280.706368 284.129901   0.078267   0.171467 283.151601   0.139002
  4443   0.000000 283.651681 -62.216499 -38.525490   0.594946   0.594946   0.000000   0.000000 -23.964731 280.694955 284.120147   0.078273   0.171467 283.139994   0.139001
  4444   0.000000 283.578558 -62.230946 -38.529148   0.595458   0.595458   0.000000   0.000000 -23.976343 280.683555 284.110403   0.078278   0.171467 283.128401   0.139001
  4445   0.000000 283.505524 -62.245380 -38.532813   0.595967   0.595967   0.000000   0.000000 -23.987931 280.672169 284.100669   0.078284   0.171467 283.116821   0.139001
  4446   0.000000 283.432580 -62.259801 -38.536484   0.596473   0.596473   0.000000   0.000000 -23.999496 280.660797 284.090945   0.078289   0.171467 283.105254   0.139001
  4447   0.000000 283.359724 -62.274209 -38.540160   0.596976   0.596976   0.000000   0.000000 -24.011037 280.649438 284.081232   0.078295   0.171467 283.093701   0.139001
  4448   0.000000 283.286958 -62.288604 -38.543843   0.597476   0.597476   0.000000   0.000000 -24.022555 280.638093 284.071529   0.078300   0.171467 283.082161   0.139001
  4449   0.000000 283.214281 -62.302986 -38.547532   0.597973   0.597973   0.000000   0.000000 -24.034050 280.626761 284.061835   0.078306   0.171467 283.070635   0.139000
  4450   0.000000 283.141693 -62.317354 -38.551227   0.598467   0.598467   0.000000   0.000000 -24.045522 280.615442 284.052152   0.078312   0.171467 283.059122   0.139000
  4451   0.000000 283.069194 -62.331710 -38.554927   0.598958   0.598958   0.000000   0.000000 -24.056971 280.604137 284.042480   0.078317   0.171467 283.047622   0.139000
  4452   0.000000 282.996782 -62.346052 -38.558633   0.599445   0.599445   0.000000   0.000000 -24.068397 280.592845 284.032817   0.078323   0.171467 283.036135   0.139000
  4453   0.000000 282.924460 -62.360380 -38.562344   0.599930   0.599930   0.000000   0.000000 -24.079800 280.581567 284.023164   0.078328   0.171467 283.024661   0.139000
  4454   0.000000 282.852225 -62.374695 -38.566061   0.600412   0.600412   0.000000   0.000000 -24.091180 280.570301 284.013521   0.078334   0.171467 283.013201   0.139000
  4455   0.000000 282.780078 -62.388997 -38.569784   0.600891   0.600891   0.000000   0.000000 -24.102538 280.559049 284.003888   0.078339   0.171467 283.001753   0.138999
  4456   0.000000 282.708020 -62.403285 -38.573512   0.601368   0.601368   0.000000   0.000000 -24.113873 280.547811 283.994266   0.078345   0.171467 282.990319   0.138999
  4457   0.000000 282.636049 -62.417560 -38.577245   0.601841   0.601841   0.000000   0.000000 -24.125185 280.536585 283.984653   0.078350   0.171467 282.978898   0.138999
  4458   0.000000 282.564165 -62.431821 -38.580983   0.602311   0.602311   0.000000   0.000000 -24.136475 280.525372 283.975050   0.078356   0.171467 282.967490   0.138999
  4459   0.000000 282.492369 -62.446069 -38.584726   0.602779   0.602779   0.000000   0.000000 -24.147742 280.514173 283.965457   0.078361   0.171467 282.956095   0.138999
  4460   0.000000 282.420660 -62.460303 -38.588475   0.603244   0.603244   0.000000   0.000000 -24.158987 280.502986 283.955873   0.078367   0.171467 282.944712   0.138999
  4461   0.000000 282.349038 -62.474523 -38.592228   0.603706   0.603706   0.000000   0.000000 -24.170209 280.491813 283.946300   0.078373   0.171467 282.933343   0.138998
  4462   0.000000 282.277503 -62.488730 -38.595986   0.604165   0.604165   0.000000   0.000000 -24.181409 280.480653 283.936736   0.078378   0.171467 282.921986   0.138998
  4463   0.000000 282.206055 -62.502923 -38.599749   0.604621   0.604621   0.000000   0.000000 -24.192587 280.469505 283.927183   0.078384   0.171467 282.910643   0.138998
  4464   0.000000 282.134694 -62.517102 -38.603516   0.605074   0.605074   0.000000   0.000000 -24.203743 280.458371 283.917639   0.078389   0.171467 282.899312   0.138998
  4465   0.000000 282.063418 -62.531268 -38.607288   0.605525   0.605525   0.000000   0.000000 -24.214877 280.447249 283.908104   0.078395   0.171467 282.887994   0.138998
  4466   0.000000 281.992230 -62.545419 -38.611065   0.605973   0.605973   0.000000   0.000000 -24.225988 280.436140 283.898580   0.078400   0.171467 282.876689   0.138998
  4467   0.000000 281.921127 -62.559557 -38.614846   0.606418   0.606418   0.000000   0.000000 -24.237078 280.425044 283.889065   0.078406   0.171467 282.865396   0.138997
  4468   0.000000 281.850110 -62.573681 -38.618632   0.606861   0.606861   0.000000   0.000000 -24.248146 280.413961 283.879560   0.078411   0.171467 282.854117   0.138997
  4469   0.000000 281.779179 -62.587791 -38.622422   0.607300   0.607300   0.000000   0.000000 -24.259192 280.402891 283.870064   0.078417   0.171467 282.842850   0.138997
  4470   0.000000 281.708334 -62.601888 -38.626216   0.607738   0.607738   0.000000   0.000000 -24.270216 280.391833 283.860578   0.078422   0.171467 282.831595   0.138997
  4471   0.000000 281.637574 -62.615970 -38.630014   0.608172   0.608172   0.000000   0.000000 -24.281218 280.380788 283.851102   0.078428   0.171467 282.820353   0.138997
  4472   0.000000 281.566900 -62.630038 -38.633816   0.608604   0.608604   0.000000   0.000000 -24.292199 280.369756 283.841635   0.078434   0.171467 282.809124   0.138996
  4473   0.000000 281.496310 -62.644092 -38.637623   0.609033   0.609033   0.000000   0.000000 -24.303158 280.358736 283.832178   0.078439   0.171467 282.797907   0.138996
  4474   0.000000 281.425806 -62.658133 -38.641433   0.609459   0.609459   0.000000   0.000000 -24.314096 280.347729 283.822731   0.078445   0.171467 282.786703   0.138996
  4475   0.000000 281.355387 -62.672159 -38.645247   0.609883   0.609883   0.000000   0.000000 -24.325012 280.336734 283.813293   0.078450   0.171467 282.775511   0.138996
  4476   0.000000 281.285052 -62.686171 -38.649065   0.610304   0.610304   0.000000   0.000000 -24.335907 280.325752 283.803864   0.078456   0.171467 282.764332   0.138996
  4477   0.000000 281.214802 -62.700169 -38.652887   0.610722   0.610722   0.000000   0.000000 -24.346781 280.314783 283.794445   0.078461   0.171467 282.753165   0.138996
  4478   0.000000 281.144636 -62.714153 -38.656712   0.611138   0.611138   0.000000   0.000000 -24.357633 280.303826 283.785035   0.078467   0.171467 282.742011   0.138995
  4479   0.000000 281.074555 -62.728123 -38.660541   0.611552   0.611552   0.000000   0.000000 -24.368464 280.292881 283.775635   0.078472   0.171467 282.730869   0.138995
  4480   0.000000 281.004558 -62.742078 -38.664373   0.611962   0.611962   0.000000   0.000000 -24.379274 280.281949 283.766244   0.078478   0.171467 282.719739   0.138995
  4481   0.000000 280.934644 -62.756020 -38.668209   0.612371   0.612371   0.000000   0.000000 -24.390063 280.271029 283.756862   0.078483   0.171467 282.708621   0.138995
  4482   0.000000 280.864815 -62.769947 -38.672048   0.612776   0.612776   0.000000   0.000000 -24.400831 280.260122 283.747490   0.078489   0.171467 282.697516   0.138995
  4483   0.000000 280.795069 -62.783859 -38.675890   0.613179   0.613179   0.000000   0.000000 -24.411578 280.249226 283.738127   0.078494   0.171467 282.686423   0.138995
  4484   0.000000 280.725406 -62.797758 -38.679736   0.613580   0.613580   0.000000   0.000000 -24.422304 280.238344 283.728773   0.078500   0.171467 282.675342   0.138994
  4485   0.000000 280.655827 -62.811642 -38.683584   0.613978   0.613978   0.000000   0.000000 -24.433009 280.227473 283.719429   0.078505   0.171467 282.664274   0.138994
  4486   0.000000 280.586331 -62.825512 -38.687436   0.614374   0.614374   0.000000   0.000000 -24.443694 280.216614 283.710094   0.078511   0.171467 282.653217   0.138994
  4487   0.000000 280.516918 -62.839368 -38.691291   0.614767   0.614767   0.000000   0.000000 -24.454357 280.205768 283.700768   0.078517   0.171467 282.642173   0.138994
  4488   0.000000 280.447588 -62.853209 -38.695148   0.615157   0.615157   0.000000   0.000000 -24.465001 280.194934 283.691452   0.078522   0.171467 282.631141   0.138994
  4489   0.000000 280.378341 -62.867036 -38.699009   0.615546   0.615546   0.000000   0.000000 -24.475623 280.184112 283.682144   0.078528   0.171467 282.620121   0.138994
  4490   0.000000 280.309176 -62.880848 -38.702872   0.615931   0.615931   0.000000   0.000000 -24.486226 280.173302 283.672846   0.078533   0.171467 282.609113   0.138993
  4491   0.000000 280.240094 -62.894646 -38.706738   0.616315   0.616315   0.000000   0.000000 -24.496807 280.162504 283.663557   0.078539   0.171467 282.598116   0.138993
  4492   0.000000 280.171094 -62.908430 -38.710607   0.616695   0.616695   0.000000   0.000000 -24.507369 280.151718 283.654277   0.078544   0.171467 282.587132   0.138993
  4493   0.000000 280.102175 -62.922199 -38.714478   0.617074   0.617074   0.000000   0.000000 -24.517910 280.140944 283.645006   0.078550   0.171467 282.576160   0.138993
  4494   0.000000 280.033339 -62.935953 -38.718352   0.617450   0.617450   0.000000   0.000000 -24.528430 280.130183 283.635744   0.078555   0.171467 282.565200   0.138993
  4495   0.000000 279.964585 -62.949693 -38.722228   0.617823   0.617823   0.000000   0.000000 -24.538931 280.119433 283.626491   0.078561   0.171467 282.554251   0.138993
  4496   0.000000 279.895912 -62.963419 -38.726107   0.618195   0.618195   0.000000   0.000000 -24.549412 280.108695 283.617248   0.078566   0.171467 282.543315   0.138992
  4497   0.000000 279.827321 -62.977130 -38.729988   0.618564   0.618564   0.000000   0.000000 -24.559872 280.097968 283.608013   0.078572   0.171467 282.532390   0.138992
  4498   0.000000 279.758811 -62.990826 -38.733871   0.618930   0.618930   0.000000   0.000000 -24.570313 280.087254 283.598787   0.078577   0.171467 282.521477   0.138992
  4499   0.000000 279.690383 -63.004508 -38.737756   0.619294   0.619294   0.000000   0.000000 -24.580733 280.076552 283.589571   0.078583   0.171467 282.510576   0.138992
  4500   0.000000 279.622035 -63.018175 -38.741644   0.619656   0.619656   0.000000   0.000000 -24.591134 280.065861 283.580363   0.078588   0.171467 282.499687   0.138992
  4501   0.000000 279.553768 -63.031827 -38.745533   0.620016   0.620016   0.000000   0.000000 -24.601515 280.055182 283.571164   0.078594   0.171467 282.488809   0.138992
  4502   0.000000 279.485582 -63.045465 -38.749425   0.620373   0.620373   0.000000   0.000000 -24.611876 280.044515 283.561974   0.078599   0.171466 282.477943   0.138991
  4503   0.000000 279.417477 -63.059089 -38.753318   0.620728   0.620728   0.000000   0.000000 -24.622217 280.033859 283.552793   0.078605   0.171466 282.467089   0.138991
  4504   0.000000 279.349452 -63.072697 -38.757213   0.621080   0.621080   0.000000   0.000000 -24.632539 280.023215 283.543621   0.078610   0.171466 282.456246   0.138991
  4505   0.000000 279.281507 -63.086291 -38.761110   0.621430   0.621430   0.000000   0.000000 -24.642842 280.012583 283.534458   0.078616   0.171466 282.445415   0.138991
  4506   0.000000 279.213642 -63.099870 -38.765009   0.621778   0.621778   0.000000   0.000000 -24.653125 280.001962 283.525303   0.078621   0.171466 282.434595   0.138991
  4507   0.000000 279.145858 -63.113435 -38.768909   0.622124   0.622124   0.000000   0.000000 -24.663388 279.991353 283.516158   0.078627   0.171466 282.423787   0.138990
  4508   0.000000 279.078153 -63.126985 -38.772811   0.622468   0.622468   0.000000   0.000000 -24.673632 279.980755 283.507021   0.078632   0.171466 282.412991   0.138990
  4509   0.000000 279.010527 -63.140520 -38.776714   0.622809   0.622809   0.000000   0.000000 -24.683857 279.970169 283.497893   0.078638   0.171466 282.402206   0.138990
  4510   0.000000 278.942982 -63.154040 -38.780619   0.623148   0.623148   0.000000   0.000000 -24.694063 279.959595 283.488773   0.078643   0.171466 282.391432   0.138990
  4511   0.000000 278.875515 -63.167545 -38.784525   0.623485   0.623485   0.000000   0.000000 -24.704249 279.949032 283.479663   0.078649   0.171466 282.380670   0.138990
  4512   0.000000 278.808128 -63.181036 -38.788433   0.623819   0.623819   0.000000   0.000000 -24.714416 279.938480 283.470561   0.078654   0.171466 282.369919   0.138990
  4513   0.000000 278.740820 -63.194512 -38.792342   0.624151   0.624151   0.000000   0.000000 -24.724565 279.927940 283.461467   0.078660   0.171466 282.359180   0.138989
  4514   0.000000 278.673591 -63.207973 -38.796252   0.624482   0.624482   0.000000   0.000000 -24.734694 279.917411 283.452383   0.078665   0.171466 282.348452   0.138989
  4515   0.000000 278.606440 -63.221420 -38.800163   0.624810   0.624810   0.000000   0.000000 -24.744804 279.906893 283.443307   0.078671   0.171466 282.337735   0.138989
  4516   0.000000 278.539368 -63.234851 -38.804075   0.625135   0.625135   0.000000   0.000000 -24.754896 279.896387 283.434240   0.078676   0.171466 282.327030   0.138989
  4517   0.000000 278.472375 -63.248268 -38.807988   0.625459   0.625459   0.000000   0.000000 -24.764969 279.885892 283.425181   0.078682   0.171466 282.316336   0.138989
  4518   0.000000 278.405460 -63.261669 -38.811902   0.625780   0.625780   0.000000   0.000000 -24.775023 279.875408 283.416131   0.078688   0.171466 282.305653   0.138989
  4519   0.000000 278.338623 -63.275056 -38.815817   0.626100   0.626100   0.000000   0.000000 -24.785058 279.864936 283.407089   0.078693   0.171466 282.294981   0.138988
  4520   0.000000 278.271863 -63.288428 -38.819733   0.626417   0.626417   0.000000   0.000000 -24.795075 279.854474 283.398056   0.078699   0.171466 282.284320   0.138988
  4521   0.000000 278.205182 -63.301785 -38.823650   0.626732   0.626732   0.000000   0.000000 -24.805074 279.844024 283.389032   0.078704   0.171466 282.273671   0.138988
  4522   0.000000 278.138579 -63.315128 -38.827567   0.627045   0.627045   0.000000   0.000000 -24.815053 279.833585 283.380016   0.078710   0.171466 282.263033   0.138988
  4523   0.000000 278.072053 -63.328455 -38.831485   0.627356   0.627356   0.000000   0.000000 -24.825015 279.823157 283.371008   0.078715   0.171466 282.252405   0.138988
  4524   0.000000 278.005604 -63.341767 -38.835403   0.627664   0.627664   0.000000   0.000000 -24.834958 279.812740 283.362009   0.078721   0.171466 282.241789   0.138987
  4525   0.000000 277.939233 -63.355065 -38.839322   0.627971   0.627971   0.000000   0.000000 -24.844883 279.802334 283.353019   0.078726   0.171466 282.231184   0.138987
  4526   0.000000 277.872938 -63.368347 -38.843241   0.628275   0.628275   0.000000   0.000000 -24.854790 279.791939 283.344036   0.078732   0.171466 282.220590   0.138987
  4527   0.000000 277.806721 -63.381615 -38.847161   0.628578   0.628578   0.000000   0.000000 -24.864678 279.781556 283.335063   0.078737   0.171466 282.210007   0.138987
  4528   0.000000 277.740581 -63.394867 -38.851081   0.628878   0.628878   0.000000   0.000000 -24.874549 279.771183 283.326097   0.078743   0.171466 282.199435   0.138987
  4529   0.000000 277.674517 -63.408105 -38.855001   0.629176   0.629176   0.000000   0.000000 -24.884401 279.760821 283.317140   0.078748   0.171466 282.188874   0.138987
  4530   0.000000 277.608529 -63.421328 -38.858922   0.629473   0.629473   0.000000   0.000000 -24.894236 279.750470 283.308192   0.078754   0.171466 282.178323   0.138986
  4531   0.000000 277.542618 -63.434535 -38.862842   0.629767   0.629767   0.000000   0.000000 -24.904052 279.740130 283.299251   0.078759   0.171466 282.167784   0.138986
  4532   0.000000 277.476783 -63.447728 -38.866763   0.630059   0.630059   0.000000   0.000000 -24.913851 279.729800 283.290319   0.078765   0.171466 282.157255   0.138986
  4533   0.000000 277.411024 -63.460906 -38.870683   0.630349   0.630349   0.000000   0.000000 -24.923632 279.719482 283.281396   0.078770   0.171466 282.146737   0.138986
  4534   0.000000 277.345341 -63.474069 -38.874604   0.630637   0.630637   0.000000   0.000000 -24.933395 279.709174 283.272480   0.078775   0.171466 282.136230   0.138986
  4535   0.000000 277.279734 -63.487216 -38.878524   0.630923   0.630923   0.000000   0.000000 -24.943141 279.698877 283.263573   0.078781   0.171466 282.125734   0.138986
  4536   0.000000 277.214202 -63.500349 -38.882445   0.631207   0.631207   0.000000   0.000000 -24.952869 279.688591 283.254674   0.078786   0.171466 282.115248   0.138985
  4537   0.000000 277.148746 -63.513467 -38.886365   0.631489   0.631489   0.000000   0.000000 -24.962580 279.678316 283.245783   0.078792   0.171466 282.104774   0.138985
  4538   0.000000 277.083365 -63.526569 -38.890284   0.631770   0.631770   0.000000   0.000000 -24.972273 279.668051 283.236901   0.078797   0.171466 282.094310   0.138985
  4539   0.000000 277.018059 -63.539657 -38.894204   0.632048   0.632048   0.000000   0.000000 -24.981949 279.657797 283.228027   0.078803   0.171466 282.083856   0.138985
  4540   0.000000 276.952828 -63.552729 -38.898123   0.632324   0.632324   0.000000   0.000000 -24.991608 279.647553 283.219160   0.078808   0.171466 282.073413   0.138985
  4541   0.000000 276.887672 -63.565787 -38.902041   0.632598   0.632598   0.000000   0.000000 -25.001249 279.637321 283.210302   0.078814   0.171466 282.062981   0.138984
  4542   0.000000 276.822590 -63.578829 -38.905959   0.632870   0.632870   0.000000   0.000000 -25.010873 279.627098 283.201453   0.078819   0.171466 282.052559   0.138984
  4543   0.000000 276.757584 -63.591857 -38.909877   0.633141   0.633141   0.000000   0.000000 -25.020480 279.616886 283.192611   0.078825   0.171466 282.042148   0.138984
  4544   0.000000 276.692651 -63.604869 -38.913793   0.633409   0.633409   0.000000   0.000000 -25.030070 279.606685 283.183777   0.078830   0.171466 282.031748   0.138984
  4545   0.000000 276.627793 -63.617866 -38.917709   0.633676   0.633676   0.000000   0.000000 -25.039644 279.596494 283.174951   0.078836   0.171466 282.021358   0.138984
  4546   0.000000 276.563009 -63.630848 -38.921624   0.633940   0.633940   0.000000   0.000000 -25.049200 279.586314 283.166134   0.078841   0.171466 282.010978   0.138984
  4547   0.000000 276.498298 -63.643816 -38.925539   0.634203   0.634203   0.000000   0.000000 -25.058739 279.576144 283.157324   0.078847   0.171466 282.000609   0.138983
  4548   0.000000 276.433662 -63.656768 -38.929452   0.634464   0.634464   0.000000   0.000000 -25.068261 279.565985 283.148523   0.078852   0.171466 281.990250   0.138983
  4549   0.000000 276.369099 -63.669705 -38.933365   0.634722   0.634722   0.000000   0.000000 -25.077767 279.555836 283.139729   0.078858   0.171466 281.979902   0.138983
  4550   0.000000 276.304610 -63.682626 -38.937276   0.634979   0.634979   0.000000   0.000000 -25.087256 279.545697 283.130944   0.078863   0.171466 281.969564   0.138983
  4551   0.000000 276.240194 -63.695533 -38.941187   0.635234   0.635234   0.000000   0.000000 -25.096729 279.535568 283.122166   0.078869   0.171466 281.959236   0.138983
  4552   0.000000 276.175851 -63.708425 -38.945096   0.635488   0.635488   0.000000   0.000000 -25.106185 279.525450 283.113397   0.078874   0.171466 281.948918   0.138983
  4553   0.000000 276.111581 -63.721302 -38.949004   0.635739   0.635739   0.000000   0.000000 -25.115625 279.515342 283.104635   0.078880   0.171466 281.938611   0.138982
  4554   0.000000 276.047385 -63.734163 -38.952911   0.635988   0.635988   0.000000   0.000000 -25.125048 279.505245 283.095881   0.078885   0.171466 281.928315   0.138982
  4555   0.000000 275.983260 -63.747010 -38.956816   0.636236   0.636236   0.000000   0.000000 -25.134455 279.495157 283.087135   0.078891   0.171466 281.918028   0.138982
  4556   0.000000 275.919209 -63.759841 -38.960721   0.636482   0.636482   0.000000   0.000000 -25.143845 279.485080 283.078397   0.078896   0.171466 281.907751   0.138982
  4557   0.000000 275.855230 -63.772657 -38.964624   0.636726   0.636726   0.000000   0.000000 -25.153219 279.475013 283.069667   0.078902   0.171466 281.897485   0.138982
  4558   0.000000 275.791323 -63.785458 -38.968525   0.636968   0.636968   0.000000   0.000000 -25.162578 279.464956 283.060945   0.078907   0.171466 281.887229   0.138981
  4559   0.000000 275.727489 -63.798244 -38.972425   0.637208   0.637208   0.000000   0.000000 -25.171920 279.454910 283.052230   0.078913   0.171466 281.876983   0.138981
  4560   0.000000 275.663726 -63.811015 -38.976323   0.637447   0.637447   0.000000   0.000000 -25.181246 279.444873 283.043524   0.078918   0.171466 281.866747   0.138981
  4561   0.000000 275.600035 -63.823771 -38.980220   0.637683   0.637683   0.000000   0.000000 -25.190556 279.434846 283.034825   0.078924   0.171466 281.856522   0.138981
  4562   0.000000 275.536416 -63.836512 -38.984114   0.637918   0.637918   0.000000   0.000000 -25.199851 279.424830 283.026134   0.078929   0.171466 281.846306   0.138981
  4563   0.000000 275.472869 -63.849237 -38.988008   0.638151   0.638151   0.000000   0.000000 -25.209129 279.414823 283.017450   0.078935   0.171466 281.836100   0.138981
  4564   0.000000 275.409393 -63.861948 -38.991899   0.638383   0.638383   0.000000   0.000000 -25.218392 279.404826 283.008775   0.078940   0.171466 281.825904   0.138980
  4565   0.000000 275.345988 -63.874643 -38.995788   0.638612   0.638612   0.000000   0.000000 -25.227639 279.394840 283.000107   0.078946   0.171466 281.815719   0.138980
  4566   0.000000 275.282654 -63.887324 -38.999676   0.638840   0.638840   0.000000   0.000000 -25.236871 279.384863 282.991447   0.078951   0.171466 281.805543   0.138980
  4567   0.000000 275.219391 -63.899989 -39.003562   0.639066   0.639066   0.000000   0.000000 -25.246086 279.374896 282.982794   0.078956   0.171466 281.795377   0.138980
  4568   0.000000 275.156199 -63.912639 -39.007445   0.639290   0.639290   0.000000   0.000000 -25.255287 279.364939 282.974149   0.078962   0.171466 281.785221   0.138980
  4569   0.000000 275.093078 -63.925274 -39.011327   0.639513   0.639513   0.000000   0.000000 -25.264472 279.354992 282.965512   0.078967   0.171466 281.775075   0.138979
  4570   0.000000 275.030027 -63.937894 -39.015206   0.639734   0.639734   0.000000   0.000000 -25.273642 279.345054 282.956882   0.078973   0.171466 281.764939   0.138979
  4571   0.000000 274.967047 -63.950499 -39.019083   0.639953   0.639953   0.000000   0.000000 -25.282796 279.335127 282.948260   0.078978   0.171466 281.754812   0.138979
  4572   0.000000 274.904137 -63.963089 -39.022958   0.640170   0.640170   0.000000   0.000000 -25.291935 279.325209 282.939646   0.078984   0.171466 281.744695   0.138979
  4573   0.000000 274.841297 -63.975663 -39.026831   0.640385   0.640385   0.000000   0.000000 -25.301059 279.315301 282.931039   0.078989   0.171466 281.734589   0.138979
  4574   0.000000 274.778527 -63.988223 -39.030701   0.640599   0.640599   0.000000   0.000000 -25.310168 279.305403 282.922440   0.078995   0.171466 281.724491   0.138979
  4575   0.000000 274.715827 -64.000767 -39.034569   0.640812   0.640812   0.000000   0.000000 -25.319262 279.295514 282.913848   0.079000   0.171466 281.714404   0.138978
  4576   0.000000 274.653196 -64.013296 -39.038434   0.641022   0.641022   0.000000   0.000000 -25.328341 279.285635 282.905264   0.079006   0.171466 281.704326   0.138978
  4577   0.000000 274.590635 -64.025811 -39.042297   0.641231   0.641231   0.000000   0.000000 -25.337405 279.275766 282.896688   0.079011   0.171466 281.694258   0.138978
  4578   0.000000 274.528143 -64.038310 -39.046157   0.641438   0.641438   0.000000   0.000000 -25.346454 279.265906 282.888119   0.079017   0.171466 281.684200   0.138978
  4579   0.000000 274.465721 -64.050794 -39.050015   0.641643   0.641643   0.000000   0.000000 -25.355489 279.256056 282.879557   0.079022   0.171466 281.674151   0.138978
  4580   0.000000 274.403367 -64.063263 -39.053870   0.641847   0.641847   0.000000   0.000000 -25.364508 279.246215 282.871003   0.079028   0.171466 281.664111   0.138978
  4581   0.000000 274.341082 -64.075717 -39.057722   0.642049   0.642049   0.000000   0.000000 -25.373514 279.236384 282.862456   0.079033   0.171466 281.654082   0.138977
  4582   0.000000 274.278867 -64.088156 -39.061571   0.642250   0.642250   0.000000   0.000000 -25.382504 279.226562 282.853917   0.079038   0.171466 281.644062   0.138977
  4583   0.000000 274.216719 -64.100580 -39.065418   0.642449   0.642449   0.000000   0.000000 -25.391480 279.216750 282.845385   0.079044   0.171466 281.634051   0.138977
  4584   0.000000 274.154641 -64.112988 -39.069262   0.642646   0.642646   0.000000   0.000000 -25.400442 279.206948 282.836860   0.079049   0.171466 281.624050   0.138977
  4585   0.000000 274.092630 -64.125382 -39.073103   0.642841   0.642841   0.000000   0.000000 -25.409389 279.197154 282.828343   0.079055   0.171466 281.614058   0.138977
  4586   0.000000 274.030688 -64.137761 -39.076940   0.643035   0.643035   0.000000   0.000000 -25.418322 279.187371 282.819834   0.079060   0.171466 281.604076   0.138976
  4587   0.000000 273.968814 -64.150124 -39.080775   0.643228   0.643228   0.000000   0.000000 -25.427240 279.177596 282.811331   0.079066   0.171466 281.594103   0.138976
  4588   0.000000 273.907008 -64.162473 -39.084607   0.643418   0.643418   0.000000   0.000000 -25.436145 279.167831 282.802836   0.079071   0.171466 281.584139   0.138976
  4589   0.000000 273.845269 -64.174806 -39.088435   0.643608   0.643608   0.000000   0.000000 -25.445035 279.158075 282.794348   0.079077   0.171466 281.574185   0.138976
  4590   0.000000 273.783598 -64.187125 -39.092261   0.643795   0.643795   0.000000   0.000000 -25.453911 279.148329 282.785868   0.079082   0.171466 281.564241   0.138976
  4591   0.000000 273.721995 -64.199428 -39.096083   0.643981   0.643981   0.000000   0.000000 -25.462774 279.138592 282.777395   0.079088   0.171466 281.554305   0.138976
  4592   0.000000 273.660458 -64.211717 -39.099901   0.644165   0.644165   0.000000   0.000000 -25.471622 279.128864 282.768929   0.079093   0.171466 281.544379   0.138975
  4593   0.000000 273.598989 -64.223990 -39.103717   0.644348   0.644348   0.000000   0.000000 -25.480456 279.119145 282.760471   0.079099   0.171466 281.534462   0.138975
  4594   0.000000 273.537587 -64.236248 -39.107529   0.644529   0.644529   0.000000   0.000000 -25.489277 279.109436 282.752019   0.079104   0.171466 281.524554   0.138975
  4595   0.000000 273.476252 -64.248492 -39.111337   0.644709   0.644709   0.000000   0.000000 -25.498084 279.099735 282.743575   0.079109   0.171466 281.514656   0.138975
  4596   0.000000 273.414984 -64.260720 -39.115142   0.644887   0.644887   0.000000   0.000000 -25.506877 279.090044 282.735138   0.079115   0.171466 281.504767   0.138975
  4597   0.000000 273.353782 -64.272933 -39.118944   0.645063   0.645063   0.000000   0.000000 -25.515657 279.080362 282.726708   0.079120   0.171466 281.494886   0.138974
  4598   0.000000 273.292647 -64.285132 -39.122741   0.645238   0.645238   0.000000   0.000000 -25.524423 279.070689 282.718286   0.079126   0.171466 281.485015   0.138974
  4599   0.000000 273.231578 -64.297315 -39.126536   0.645412   0.645412   0.000000   0.000000 -25.533176 279.061026 282.709871   0.079131   0.171466 281.475154   0.138974
  4600   0.000000 273.170575 -64.309483 -39.130326   0.645584   0.645584   0.000000   0.000000 -25.541915 279.051371 282.701462   0.079137   0.171466 281.465301   0.138974
  4601   0.000000 273.109638 -64.321637 -39.134113   0.645754   0.645754   0.000000   0.000000 -25.550641 279.041725 282.693061   0.079142   0.171466 281.455457   0.138974
  4602   0.000000 273.048767 -64.333775 -39.137896   0.645923   0.645923   0.000000   0.000000 -25.559353 279.032088 282.684667   0.079148   0.171466 281.445622   0.138974
  4603   0.000000 272.987962 -64.345898 -39.141675   0.646090   0.646090   0.000000   0.000000 -25.568053 279.022460 282.676280   0.079153   0.171466 281.435797   0.138973
  4604   0.000000 272.927222 -64.358007 -39.145450   0.646256   0.646256   0.000000   0.000000 -25.576739 279.012842 282.667900   0.079159   0.171466 281.425980   0.138973
  4605   0.000000 272.866548 -64.370100 -39.149221   0.646421   0.646421   0.000000   0.000000 -25.585412 279.003232 282.659528   0.079164   0.171466 281.416172   0.138973
  4606   0.000000 272.805939 -64.382179 -39.152989   0.646584   0.646584   0.000000   0.000000 -25.594072 278.993631 282.651162   0.079169   0.171466 281.406374   0.138973
  4607   0.000000 272.745395 -64.394243 -39.156752   0.646745   0.646745   0.000000   0.000000 -25.602719 278.984039 282.642803   0.079175   0.171466 281.396584   0.138973
  4608   0.000000 272.684916 -64.406292 -39.160511   0.646905   0.646905   0.000000   0.000000 -25.611354 278.974455 282.634452   0.079180   0.171466 281.386803   0.138972
  4609   0.000000 272.624502 -64.418325 -39.164266   0.647063   0.647063   0.000000   0.000000 -25.619975 278.964881 282.626107   0.079186   0.171466 281.377031   0.138972
  4610   0.000000 272.564153 -64.430344 -39.168017   0.647220   0.647220   0.000000   0.000000 -25.628584 278.955315 282.617769   0.079191   0.171466 281.367268   0.138972
  4611   0.000000 272.503868 -64.442348 -39.171763   0.647376   0.647376   0.000000   0.000000 -25.637180 278.945758 282.609439   0.079197   0.171466 281.357513   0.138972
  4612   0.000000 272.443648 -64.454337 -39.175505   0.647530   0.647530   0.000000   0.000000 -25.645763 278.936210 282.601115   0.079202   0.171466 281.347768   0.138972
  4613   0.000000 272.383492 -64.466312 -39.179243   0.647683   0.647683   0.000000   0.000000 -25.654334 278.926671 282.592798   0.079208   0.171466 281.338031   0.138972
  4614   0.000000 272.323401 -64.478271 -39.182977   0.647834   0.647834   0.000000   0.000000 -25.662892 278.917140 282.584488   0.079213   0.171466 281.328303   0.138971
  4615   0.000000 272.263373 -64.490215 -39.186706   0.647984   0.647984   0.000000   0.000000 -25.671437 278.907618 282.576186   0.079218   0.171466 281.318584   0.138971
  4616   0.000000 272.203409 -64.502145 -39.190431   0.648132   0.648132   0.000000   0.000000 -25.679971 278.898105 282.567890   0.079224   0.171466 281.308873   0.138971
  4617   0.000000 272.143509 -64.514060 -39.194151   0.648279   0.648279   0.000000   0.000000 -25.688492 278.888600 282.559600   0.079229   0.171466 281.299171   0.138971
  4618   0.000000 272.083672 -64.525960 -39.197866   0.648425   0.648425   0.000000   0.000000 -25.697001 278.879104 282.551318   0.079235   0.171466 281.289478   0.138971
  4619   0.000000 272.023899 -64.537845 -39.201577   0.648569   0.648569   0.000000   0.000000 -25.705497 278.869617 282.543043   0.079240   0.171466 281.279793   0.138970
  4620   0.000000 271.964190 -64.549715 -39.205284   0.648712   0.648712   0.000000   0.000000 -25.713981 278.860138 282.534774   0.079246   0.171466 281.270117   0.138970
  4621   0.000000 271.904543 -64.561571 -39.208985   0.648853   0.648853   0.000000   0.000000 -25.722454 278.850668 282.526512   0.079251   0.171466 281.260450   0.138970
  4622   0.000000 271.844959 -64.573411 -39.212682   0.648993   0.648993   0.000000   0.000000 -25.730914 278.841206 282.518257   0.079257   0.171466 281.250791   0.138970
  4623   0.000000 271.785439 -64.585237 -39.216374   0.649132   0.649132   0.000000   0.000000 -25.739362 278.831752 282.510009   0.079262   0.171466 281.241141   0.138970
  4624   0.000000 271.725981 -64.597048 -39.220062   0.649269   0.649269   0.000000   0.000000 -25.747799 278.822307 282.501768   0.079267   0.171466 281.231499   0.138970
  4625   0.000000 271.666585 -64.608845 -39.223744   0.649405   0.649405   0.000000   0.000000 -25.756223 278.812871 282.493533   0.079273   0.171466 281.221865   0.138969
  4626   0.000000 271.607253 -64.620626 -39.227422   0.649539   0.649539   0.000000   0.000000 -25.764636 278.803443 282.485306   0.079278   0.171466 281.212241   0.138969
  4627   0.000000 271.547982 -64.632393 -39.231094   0.649673   0.649673   0.000000   0.000000 -25.773037 278.794023 282.477084   0.079284   0.171466 281.202624   0.138969
  4628   0.000000 271.488774 -64.644145 -39.234762   0.649805   0.649805   0.000000   0.000000 -25.781427 278.784612 282.468870   0.079289   0.171466 281.193016   0.138969
  4629   0.000000 271.429627 -64.655882 -39.238424   0.649935   0.649935   0.000000   0.000000 -25.789805 278.775209 282.460662   0.079295   0.171466 281.183417   0.138969
  4630   0.000000 271.370543 -64.667605 -39.242082   0.650064   0.650064   0.000000   0.000000 -25.798171 278.765815 282.452461   0.079300   0.171466 281.173825   0.138968
  4631   0.000000 271.311520 -64.679313 -39.245734   0.650192   0.650192   0.000000   0.000000 -25.806526 278.756429 282.444267   0.079305   0.171466 281.164242   0.138968
  4632   0.000000 271.252559 -64.691006 -39.249381   0.650319   0.650319   0.000000   0.000000 -25.814870 278.747051 282.436079   0.079311   0.171466 281.154668   0.138968
  4633   0.000000 271.193660 -64.702684 -39.253023   0.650444   0.650444   0.000000   0.000000 -25.823202 278.737681 282.427898   0.079316   0.171465 281.145102   0.138968
  4634   0.000000 271.134821 -64.714348 -39.256659   0.650568   0.650568   0.000000   0.000000 -25.831523 278.728319 282.419724   0.079322   0.171465 281.135544   0.138968
  4635   0.000000 271.076044 -64.725997 -39.260291   0.650691   0.650691   0.000000   0.000000 -25.839833 278.718966 282.411556   0.079327   0.171465 281.125994   0.138968
  4636   0.000000 271.017329 -64.737632 -39.263917   0.650812   0.650812   0.000000   0.000000 -25.848131 278.709621 282.403395   0.079333   0.171465 281.116453   0.138967
  4637   0.000000 270.958674 -64.749251 -39.267537   0.650932   0.650932   0.000000   0.000000 -25.856419 278.700284 282.395241   0.079338   0.171465 281.106920   0.138967
  4638   0.000000 270.900079 -64.760856 -39.271152   0.651051   0.651051   0.000000   0.000000 -25.864695 278.690955 282.387093   0.079344   0.171465 281.097394   0.138967
  4639   0.000000 270.841546 -64.772447 -39.274762   0.651169   0.651169   0.000000   0.000000 -25.872961 278.681635 282.378951   0.079349   0.171465 281.087878   0.138967
  4640   0.000000 270.783073 -64.784023 -39.278366   0.651285   0.651285   0.000000   0.000000 -25.881215 278.672322 282.370816   0.079354   0.171465 281.078369   0.138967
  4641   0.000000 270.724660 -64.795584 -39.281965   0.651400   0.651400   0.000000   0.000000 -25.889459 278.663018 282.362688   0.079360   0.171465 281.068868   0.138966
  4642   0.000000 270.666308 -64.807131 -39.285558   0.651514   0.651514   0.000000   0.000000 -25.897692 278.653721 282.354566   0.079365   0.171465 281.059376   0.138966
  4643   0.000000 270.608016 -64.818663 -39.289145   0.651626   0.651626   0.000000   0.000000 -25.905914 278.644433 282.346451   0.079371   0.171465 281.049892   0.138966
  4644   0.000000 270.549783 -64.830181 -39.292727   0.651738   0.651738   0.000000   0.000000 -25.914126 278.635153 282.338342   0.079376   0.171465 281.040415   0.138966
  4645   0.000000 270.491611 -64.841684 -39.296303   0.651848   0.651848   0.000000   0.000000 -25.922326 278.625880 282.330240   0.079382   0.171465 281.030947   0.138966
  4646   0.000000 270.433498 -64.853172 -39.299873   0.651957   0.651957   0.000000   0.000000 -25.930517 278.616616 282.322144   0.079387   0.171465 281.021487   0.138965
  4647   0.000000 270.375445 -64.864646 -39.303438   0.652065   0.652065   0.000000   0.000000 -25.938697 278.607359 282.314055   0.079392   0.171465 281.012034   0.138965
  4648   0.000000 270.317451 -64.876105 -39.306996   0.652171   0.652171   0.000000   0.000000 -25.946866 278.598111 282.305972   0.079398   0.171465 281.002590   0.138965
  4649   0.000000 270.259517 -64.887550 -39.310549   0.652276   0.652276   0.000000   0.000000 -25.955025 278.588870 282.297895   0.079403   0.171465 280.993154   0.138965
  4650   0.000000 270.201641 -64.898981 -39.314096   0.652380   0.652380   0.000000   0.000000 -25.963174 278.579637 282.289825   0.079409   0.171465 280.983725   0.138965
  4651   0.000000 270.143825 -64.910397 -39.317637   0.652483   0.652483   0.000000   0.000000 -25.971313 278.570412 282.281761   0.079414   0.171465 280.974305   0.138965
  4652   0.000000 270.086068 -64.921798 -39.321172   0.652585   0.652585   0.000000   0.000000 -25.979441 278.561195 282.273704   0.079420   0.171465 280.964892   0.138964
  4653   0.000000 270.028369 -64.933185 -39.324700   0.652686   0.652686   0.000000   0.000000 -25.987559 278.551986 282.265653   0.079425   0.171465 280.955487   0.138964
  4654   0.000000 269.970729 -64.944557 -39.328223   0.652785   0.652785   0.000000   0.000000 -25.995667 278.542784 282.257608   0.079430   0.171465 280.946090   0.138964
  4655   0.000000 269.913147 -64.955916 -39.331740   0.652883   0.652883   0.000000   0.000000 -26.003766 278.533591 282.249570   0.079436   0.171465 280.936701   0.138964
  4656   0.000000 269.855624 -64.967259 -39.335251   0.652980   0.652980   0.000000   0.000000 -26.011854 278.524405 282.241538   0.079441   0.171465 280.927320   0.138964
  4657   0.000000 269.798159 -64.978589 -39.338755   0.653076   0.653076   0.000000   0.000000 -26.019932 278.515226 282.233512   0.079447   0.171465 280.917946   0.138963
  4658   0.000000 269.740752 -64.989903 -39.342253   0.653171   0.653171   0.000000   0.000000 -26.028000 278.506056 282.225493   0.079452   0.171465 280.908580   0.138963
  4659   0.000000 269.683403 -65.001204 -39.345745   0.653265   0.653265   0.000000   0.000000 -26.036059 278.496893 282.217479   0.079457   0.171465 280.899222   0.138963
  4660   0.000000 269.626112 -65.012490 -39.349231   0.653357   0.653357   0.000000   0.000000 -26.044108 278.487737 282.209473   0.079463   0.171465 280.889872   0.138963
  4661   0.000000 269.568878 -65.023762 -39.352711   0.653449   0.653449   0.000000   0.000000 -26.052147 278.478590 282.201472   0.079468   0.171465 280.880529   0.138963
  4662   0.000000 269.511702 -65.035019 -39.356184   0.653539   0.653539   0.000000   0.000000 -26.060177 278.469450 282.193478   0.079474   0.171465 280.871194   0.138963
  4663   0.000000 269.454584 -65.046263 -39.359650   0.653628   0.653628   0.000000   0.000000 -26.068197 278.460317 282.185490   0.079479   0.171465 280.861866   0.138962
  4664   0.000000 269.397522 -65.057491 -39.363110   0.653716   0.653716   0.000000   0.000000 -26.076208 278.451192 282.177508   0.079485   0.171465 280.852547   0.138962
  4665   0.000000 269.340518 -65.068706 -39.366564   0.653803   0.653803   0.000000   0.000000 -26.084209 278.442075 282.169532   0.079490   0.171465 280.843234   0.138962
  4666   0.000000 269.283571 -65.079906 -39.370012   0.653889   0.653889   0.000000   0.000000 -26.092201 278.432965 282.161562   0.079495   0.171465 280.833930   0.138962
  4667   0.000000 269.226681 -65.091092 -39.373452   0.653974   0.653974   0.000000   0.000000 -26.100183 278.423862 282.153599   0.079501   0.171465 280.824633   0.138962
  4668   0.000000 269.169847 -65.102264 -39.376887   0.654058   0.654058   0.000000   0.000000 -26.108156 278.414768 282.145642   0.079506   0.171465 280.815343   0.138961
  4669   0.000000 269.113070 -65.113421 -39.380314   0.654141   0.654141   0.000000   0.000000 -26.116120 278.405680 282.137691   0.079512   0.171465 280.806061   0.138961
  4670   0.000000 269.056350 -65.124565 -39.383735   0.654222   0.654222   0.000000   0.000000 -26.124075 278.396600 282.129746   0.079517   0.171465 280.796786   0.138961
  4671   0.000000 268.999686 -65.135694 -39.387149   0.654303   0.654303   0.000000   0.000000 -26.132021 278.387528 282.121807   0.079522   0.171465 280.787519   0.138961
  4672   0.000000 268.943078 -65.146809 -39.390557   0.654382   0.654382   0.000000   0.000000 -26.139958 278.378462 282.113875   0.079528   0.171465 280.778260   0.138961
  4673   0.000000 268.886526 -65.157909 -39.393958   0.654461   0.654461   0.000000   0.000000 -26.147885 278.369405 282.105948   0.079533   0.171465 280.769007   0.138961
  4674   0.000000 268.830030 -65.168996 -39.397352   0.654538   0.654538   0.000000   0.000000 -26.155804 278.360354 282.098027   0.079539   0.171465 280.759763   0.138960
  4675   0.000000 268.773590 -65.180068 -39.400739   0.654615   0.654615   0.000000   0.000000 -26.163714 278.351311 282.090113   0.079544   0.171465 280.750525   0.138960
  4676   0.000000 268.717206 -65.191126 -39.404120   0.654690   0.654690   0.000000   0.000000 -26.171615 278.342275 282.082205   0.079550   0.171465 280.741295   0.138960
  4677   0.000000 268.660877 -65.202170 -39.407494   0.654765   0.654765   0.000000   0.000000 -26.179507 278.333247 282.074302   0.079555   0.171465 280.732072   0.138960
  4678   0.000000 268.604604 -65.213200 -39.410860   0.654838   0.654838   0.000000   0.000000 -26.187391 278.324225 282.066406   0.079560   0.171465 280.722857   0.138960
  4679   0.000000 268.548386 -65.224216 -39.414220   0.654910   0.654910   0.000000   0.000000 -26.195266 278.315211 282.058516   0.079566   0.171465 280.713649   0.138959
  4680   0.000000 268.492223 -65.235218 -39.417573   0.654982   0.654982   0.000000   0.000000 -26.203132 278.306204 282.050632   0.079571   0.171465 280.704448   0.138959
  4681   0.000000 268.436115 -65.246206 -39.420834   0.655052   0.655052   0.000000   0.000000 -26.210990 278.297202 282.042753   0.079577   0.171465 280.695252   0.138959
  4682   0.000000 268.380063 -65.257167 -39.424043   0.655115   0.655115   0.000000   0.000000 -26.218858 278.288204 282.034881   0.079582   0.171465 280.686060   0.138959
  4683   0.000000 268.324067 -65.268101 -39.427209   0.655170   0.655170   0.000000   0.000000 -26.226737 278.279211 282.027014   0.079587   0.171465 280.676873   0.138959
  4684   0.000000 268.268126 -65.279007 -39.430335   0.655217   0.655217   0.000000   0.000000 -26.234627 278.270221 282.019154   0.079593   0.171465 280.667690   0.138958
  4685   0.000000 268.212241 -65.289887 -39.433420   0.655258   0.655258   0.000000   0.000000 -26.242527 278.261237 282.011299   0.079598   0.171465 280.658512   0.138958
  4686   0.000000 268.156411 -65.300740 -39.436468   0.655293   0.655293   0.000000   0.000000 -26.250436 278.252257 282.003450   0.079604   0.171465 280.649339   0.138958
  4687   0.000000 268.100637 -65.311568 -39.439478   0.655323   0.655323   0.000000   0.000000 -26.258353 278.243282 281.995608   0.079609   0.171465 280.640171   0.138958
  4688   0.000000 268.044918 -65.322370 -39.442453   0.655347   0.655347   0.000000   0.000000 -26.266278 278.234312 281.987770   0.079614   0.171465 280.631008   0.138958
  4689   0.000000 267.989254 -65.333147 -39.445393   0.655366   0.655366   0.000000   0.000000 -26.274210 278.225346 281.979939   0.079620   0.171465 280.621850   0.138958
  4690   0.000000 267.933645 -65.343900 -39.448298   0.655381   0.655381   0.000000   0.000000 -26.282149 278.216386 281.972113   0.079625   0.171465 280.612696   0.138957
  4691   0.000000 267.878090 -65.354628 -39.451169   0.655391   0.655391   0.000000   0.000000 -26.290094 278.207430 281.964294   0.079631   0.171465 280.603548   0.138957
  4692   0.000000 267.822590 -65.365333 -39.454008   0.655398   0.655398   0.000000   0.000000 -26.298045 278.198479 281.956479   0.079636   0.171465 280.594405   0.138957
  4693   0.000000 267.767145 -65.376013 -39.456814   0.655401   0.655401   0.000000   0.000000 -26.306002 278.189533 281.948671   0.079641   0.171465 280.585267   0.138957
  4694   0.000000 267.711753 -65.386671 -39.459589   0.655400   0.655400   0.000000   0.000000 -26.313964 278.180592 281.940868   0.079647   0.171465 280.576135   0.138957
  4695   0.000000 267.656414 -65.397305 -39.462332   0.655396   0.655396   0.000000   0.000000 -26.321932 278.171656 281.933071   0.079652   0.171465 280.567007   0.138956
  4696   0.000000 267.601130 -65.407916 -39.465044   0.655388   0.655388   0.000000   0.000000 -26.329906 278.162725 281.925280   0.079658   0.171465 280.557884   0.138956
  4697   0.000000 267.545898 -65.418504 -39.467725   0.655378   0.655378   0.000000   0.000000 -26.337884 278.153799 281.917494   0.079663   0.171465 280.548767   0.138956
  4698   0.000000 267.490719 -65.429070 -39.470377   0.655365   0.655365   0.000000   0.000000 -26.345868 278.144877 281.909714   0.079668   0.171465 280.539654   0.138956
  4699   0.000000 267.435593 -65.439613 -39.472998   0.655349   0.655349   0.000000   0.000000 -26.353856 278.135961 281.901939   0.079674   0.171465 280.530546   0.138956
  4700   0.000000 267.380519 -65.450135 -39.475590   0.655331   0.655331   0.000000   0.000000 -26.361849 278.127049 281.894170   0.079679   0.171465 280.521444   0.138956
  4701   0.000000 267.325497 -65.460634 -39.478153   0.655310   0.655310   0.000000   0.000000 -26.369848 278.118142 281.886406   0.079685   0.171465 280.512346   0.138955
  4702   0.000000 267.270527 -65.471112 -39.480687   0.655287   0.655287   0.000000   0.000000 -26.377851 278.109240 281.878649   0.079690   0.171465 280.503254   0.138955
  4703   0.000000 267.215609 -65.481568 -39.483192   0.655262   0.655262   0.000000   0.000000 -26.385859 278.100343 281.870896   0.079695   0.171465 280.494166   0.138955
  4704   0.000000 267.160742 -65.492002 -39.485668   0.655234   0.655234   0.000000   0.000000 -26.393871 278.091451 281.863149   0.079701   0.171465 280.485084   0.138955
  4705   0.000000 267.105926 -65.502415 -39.488116   0.655204   0.655204   0.000000   0.000000 -26.401889 278.082563 281.855408   0.079706   0.171465 280.476006   0.138955
  4706   0.000000 267.051160 -65.512807 -39.490536   0.655173   0.655173   0.000000   0.000000 -26.409911 278.073680 281.847672   0.079712   0.171465 280.466934   0.138954
  4707   0.000000 266.996445 -65.523179 -39.492928   0.655140   0.655140   0.000000   0.000000 -26.417939 278.064802 281.839941   0.079717   0.171465 280.457866   0.138954
  4708   0.000000 266.941780 -65.533529 -39.495293   0.655104   0.655104   0.000000   0.000000 -26.425971 278.055929 281.832216   0.079722   0.171465 280.448803   0.138954
  4709   0.000000 266.887165 -65.543859 -39.497629   0.655067   0.655067   0.000000   0.000000 -26.434008 278.047060 281.824496   0.079728   0.171465 280.439745   0.138954
  4710   0.000000 266.832600 -65.554168 -39.499938   0.655029   0.655029   0.000000   0.000000 -26.442050 278.038196 281.816782   0.079733   0.171465 280.430691   0.138954
  4711   0.000000 266.778084 -65.564456 -39.502220   0.654988   0.654988   0.000000   0.000000 -26.450096 278.029337 281.809073   0.079739   0.171465 280.421643   0.138953
  4712   0.000000 266.723617 -65.574725 -39.504475   0.654947   0.654947   0.000000   0.000000 -26.458148 278.020482 281.801369   0.079744   0.171465 280.412599   0.138953
  4713   0.000000 266.669199 -65.584973 -39.506703   0.654903   0.654903   0.000000   0.000000 -26.466205 278.011632 281.793670   0.079749   0.171465 280.403560   0.138953
  4714   0.000000 266.614830 -65.595201 -39.508904   0.654859   0.654859   0.000000   0.000000 -26.474267 278.002787 281.785977   0.079755   0.171465 280.394526   0.138953
  4715   0.000000 266.560509 -65.605409 -39.511077   0.654813   0.654813   0.000000   0.000000 -26.482334 277.993946 281.778290   0.079760   0.171465 280.385496   0.138953
  4716   0.000000 266.506236 -65.615597 -39.513225   0.654765   0.654765   0.000000   0.000000 -26.490406 277.985109 281.770607   0.079766   0.171465 280.376471   0.138953
  4717   0.000000 266.452011 -65.625766 -39.515345   0.654717   0.654717   0.000000   0.000000 -26.498484 277.976278 281.762930   0.079771   0.171465 280.367451   0.138952
  4718   0.000000 266.397834 -65.635915 -39.517439   0.654667   0.654667   0.000000   0.000000 -26.506567 277.967450 281.755258   0.079776   0.171465 280.358435   0.138952
  4719   0.000000 266.343704 -65.646044 -39.519507   0.654616   0.654616   0.000000   0.000000 -26.514655 277.958627 281.747591   0.079782   0.171465 280.349424   0.138952
  4720   0.000000 266.289621 -65.656154 -39.521549   0.654564   0.654564   0.000000   0.000000 -26.522748 277.949809 281.739930   0.079787   0.171465 280.340417   0.138952
  4721   0.000000 266.235585 -65.666245 -39.523564   0.654510   0.654510   0.000000   0.000000 -26.530847 277.940995 281.732273   0.079793   0.171465 280.331415   0.138952
  4722   0.000000 266.181595 -65.676317 -39.525553   0.654456   0.654456   0.000000   0.000000 -26.538951 277.932185 281.724622   0.079798   0.171465 280.322417   0.138951
  4723   0.000000 266.127652 -65.686369 -39.527516   0.654401   0.654401   0.000000   0.000000 -26.547061 277.923380 281.716976   0.079803   0.171465 280.313424   0.138951
  4724   0.000000 266.073755 -65.696403 -39.529453   0.654344   0.654344   0.000000   0.000000 -26.555177 277.914578 281.709335   0.079809   0.171465 280.304435   0.138951
  4725   0.000000 266.019904 -65.706417 -39.531364   0.654287   0.654287   0.000000   0.000000 -26.563298 277.905782 281.701700   0.079814   0.171465 280.295451   0.138951
  4726   0.000000 265.966099 -65.716413 -39.533249   0.654229   0.654229   0.000000   0.000000 -26.571425 277.896989 281.694069   0.079819   0.171465 280.286471   0.138951
  4727   0.000000 265.912339 -65.726391 -39.535109   0.654170   0.654170   0.000000   0.000000 -26.579557 277.888201 281.686443   0.079825   0.171465 280.277496   0.138951
  4728   0.000000 265.858625 -65.736349 -39.536943   0.654110   0.654110   0.000000   0.000000 -26.587696 277.879417 281.678823   0.079830   0.171465 280.268525   0.138950
  4729   0.000000 265.804955 -65.746289 -39.538751   0.654049   0.654049   0.000000   0.000000 -26.595840 277.870637 281.671207   0.079836   0.171465 280.259558   0.138950
  4730   0.000000 265.751330 -65.756211 -39.540533   0.653988   0.653988   0.000000   0.000000 -26.603990 277.861862 281.663597   0.079841   0.171465 280.250595   0.138950
  4731   0.000000 265.697750 -65.766114 -39.542290   0.653925   0.653925   0.000000   0.000000 -26.612147 277.853090 281.655992   0.079846   0.171465 280.241637   0.138950
  4732   0.000000 265.644214 -65.775999 -39.544022   0.653863   0.653863   0.000000   0.000000 -26.620309 277.844323 281.648391   0.079852   0.171465 280.232683   0.138950
  4733   0.000000 265.590722 -65.785866 -39.545728   0.653799   0.653799   0.000000   0.000000 -26.628477 277.835560 281.640796   0.079857   0.171465 280.223733   0.138949
  4734   0.000000 265.537274 -65.795715 -39.547409   0.653735   0.653735   0.000000   0.000000 -26.636652 277.826801 281.633206   0.079863   0.171465 280.214787   0.138949
  4735   0.000000 265.483870 -65.805546 -39.549065   0.653670   0.653670   0.000000   0.000000 -26.644833 277.818046 281.625620   0.079868   0.171465 280.205845   0.138949
  4736   0.000000 265.430509 -65.815359 -39.550695   0.653604   0.653604   0.000000   0.000000 -26.653020 277.809295 281.618040   0.079873   0.171465 280.196908   0.138949
  4737   0.000000 265.377191 -65.825154 -39.552300   0.653538   0.653538   0.000000   0.000000 -26.661213 277.800548 281.610464   0.079879   0.171465 280.187975   0.138949
  4738   0.000000 265.323916 -65.834931 -39.553881   0.653472   0.653472   0.000000   0.000000 -26.669413 277.791805 281.602893   0.079884   0.171465 280.179045   0.138949
  4739   0.000000 265.270684 -65.844691 -39.555436   0.653404   0.653404   0.000000   0.000000 -26.677620 277.783066 281.595327   0.079889   0.171465 280.170120   0.138948
  4740   0.000000 265.217495 -65.854433 -39.556966   0.653337   0.653337   0.000000   0.000000 -26.685832 277.774331 281.587767   0.079895   0.171465 280.161199   0.138948
  4741   0.000000 265.164348 -65.864158 -39.558471   0.653269   0.653269   0.000000   0.000000 -26.694052 277.765599 281.580211   0.079900   0.171465 280.152282   0.138948
  4742   0.000000 265.111243 -65.873865 -39.559951   0.653200   0.653200   0.000000   0.000000 -26.702278 277.756872 281.572659   0.079906   0.171465 280.143369   0.138948
  4743   0.000000 265.058180 -65.883555 -39.561406   0.653131   0.653131   0.000000   0.000000 -26.710510 277.748149 281.565113   0.079911   0.171465 280.134459   0.138948
  4744   0.000000 265.005159 -65.893228 -39.562836   0.653061   0.653061   0.000000   0.000000 -26.718750 277.739429 281.557571   0.079916   0.171465 280.125554   0.138947
  4745   0.000000 264.952180 -65.902883 -39.564242   0.652992   0.652992   0.000000   0.000000 -26.726996 277.730713 281.550034   0.079922   0.171465 280.116652   0.138947
  4746   0.000000 264.899241 -65.912521 -39.565622   0.652921   0.652921   0.000000   0.000000 -26.735249 277.722001 281.542502   0.079927   0.171465 280.107755   0.138947
  4747   0.000000 264.846344 -65.922143 -39.566978   0.652851   0.652851   0.000000   0.000000 -26.743509 277.713293 281.534975   0.079932   0.171465 280.098861   0.138947
  4748   0.000000 264.793488 -65.931747 -39.568310   0.652780   0.652780   0.000000   0.000000 -26.751776 277.704588 281.527453   0.079938   0.171465 280.089971   0.138947
  4749   0.000000 264.740673 -65.941334 -39.569616   0.652709   0.652709   0.000000   0.000000 -26.760050 277.695888 281.519935   0.079943   0.171465 280.081085   0.138946
  4750   0.000000 264.687898 -65.950905 -39.570898   0.652637   0.652637   0.000000   0.000000 -26.768330 277.687191 281.512422   0.079949   0.171465 280.072203   0.138946
  4751   0.000000 264.635163 -65.960458 -39.572156   0.652565   0.652565   0.000000   0.000000 -26.776618 277.678497 281.504913   0.079954   0.171465 280.063324   0.138946
  4752   0.000000 264.582469 -65.969996 -39.573389   0.652493   0.652493   0.000000   0.000000 -26.784914 277.669807 281.497410   0.079959   0.171465 280.054449   0.138946
  4753   0.000000 264.529815 -65.979516 -39.574597   0.652421   0.652421   0.000000   0.000000 -26.793216 277.661121 281.489911   0.079965   0.171465 280.045578   0.138946
  4754   0.000000 264.477200 -65.989020 -39.575781   0.652348   0.652348   0.000000   0.000000 -26.801526 277.652439 281.482416   0.079970   0.171465 280.036710   0.138946
  4755   0.000000 264.424625 -65.998507 -39.576941   0.652276   0.652276   0.000000   0.000000 -26.809842 277.643760 281.474927   0.079976   0.171465 280.027846   0.138945
  4756   0.000000 264.372089 -66.007978 -39.578076   0.652203   0.652203   0.000000   0.000000 -26.818167 277.635085 281.467441   0.079981   0.171465 280.018986   0.138945
  4757   0.000000 264.319593 -66.017433 -39.579187   0.652129   0.652129   0.000000   0.000000 -26.826498 277.626413 281.459961   0.079986   0.171465 280.010130   0.138945
  4758   0.000000 264.267136 -66.026871 -39.580274   0.652056   0.652056   0.000000   0.000000 -26.834838 277.617744 281.452485   0.079992   0.171465 280.001277   0.138945
  4759   0.000000 264.214717 -66.036293 -39.581336   0.651983   0.651983   0.000000   0.000000 -26.843184 277.609080 281.445014   0.079997   0.171465 279.992427   0.138945
  4760   0.000000 264.162337 -66.045699 -39.582374   0.651909   0.651909   0.000000   0.000000 -26.851538 277.600418 281.437547   0.080002   0.171464 279.983581   0.138944
  4761   0.000000 264.109995 -66.055089 -39.583388   0.651836   0.651836   0.000000   0.000000 -26.859900 277.591760 281.430085   0.080008   0.171464 279.974739   0.138944
  4762   0.000000 264.057692 -66.064463 -39.584378   0.651762   0.651762   0.000000   0.000000 -26.868270 277.583106 281.422627   0.080013   0.171464 279.965900   0.138944
  4763   0.000000 264.005427 -66.073821 -39.585344   0.651688   0.651688   0.000000   0.000000 -26.876647 277.574455 281.415174   0.080018   0.171464 279.957064   0.138944
  4764   0.000000 263.953200 -66.083163 -39.586285   0.651614   0.651614   0.000000   0.000000 -26.885032 277.565807 281.407725   0.080024   0.171464 279.948232   0.138944
  4765   0.000000 263.901010 -66.092489 -39.587203   0.651540   0.651540   0.000000   0.000000 -26.893424 277.557163 281.400281   0.080029   0.171464 279.939403   0.138944
  4766   0.000000 263.848858 -66.101800 -39.588096   0.651466   0.651466   0.000000   0.000000 -26.901825 277.548522 281.392841   0.080035   0.171464 279.930578   0.138943
  4767   0.000000 263.796744 -66.111094 -39.588965   0.651392   0.651392   0.000000   0.000000 -26.910233 277.539884 281.385405   0.080040   0.171464 279.921756   0.138943
  4768   0.000000 263.744666 -66.120374 -39.589811   0.651318   0.651318   0.000000   0.000000 -26.918649 277.531250 281.377974   0.080045   0.171464 279.912938   0.138943
  4769   0.000000 263.692626 -66.129637 -39.590632   0.651245   0.651245   0.000000   0.000000 -26.927074 277.522619 281.370548   0.080051   0.171464 279.904122   0.138943
  4770   0.000000 263.640622 -66.138885 -39.591430   0.651171   0.651171   0.000000   0.000000 -26.935506 277.513991 281.363126   0.080056   0.171464 279.895310   0.138943
  4771   0.000000 263.588655 -66.148117 -39.592204   0.651097   0.651097   0.000000   0.000000 -26.943946 277.505366 281.355708   0.080061   0.171464 279.886502   0.138942
  4772   0.000000 263.536725 -66.157334 -39.592954   0.651023   0.651023   0.000000   0.000000 -26.952394 277.496745 281.348295   0.080067   0.171464 279.877696   0.138942
  4773   0.000000 263.484831 -66.166536 -39.593680   0.650949   0.650949   0.000000   0.000000 -26.960851 277.488126 281.340886   0.080072   0.171464 279.868894   0.138942
  4774   0.000000 263.432973 -66.175723 -39.594382   0.650875   0.650875   0.000000   0.000000 -26.969316 277.479511 281.333481   0.080078   0.171464 279.860095   0.138942
  4775   0.000000 263.381151 -66.184894 -39.595061   0.650802   0.650802   0.000000   0.000000 -26.977789 277.470900 281.326081   0.080083   0.171464 279.851300   0.138942
  4776   0.000000 263.329365 -66.194050 -39.595715   0.650728   0.650728   0.000000   0.000000 -26.986270 277.462291 281.318685   0.080088   0.171464 279.842507   0.138942
  4777   0.000000 263.277615 -66.203191 -39.596347   0.650655   0.650655   0.000000   0.000000 -26.994759 277.453685 281.311293   0.080094   0.171464 279.833718   0.138941
  4778   0.000000 263.225900 -66.212317 -39.596954   0.650581   0.650581   0.000000   0.000000 -27.003257 277.445083 281.303906   0.080099   0.171464 279.824931   0.138941
  4779   0.000000 263.174220 -66.221427 -39.597538   0.650508   0.650508   0.000000   0.000000 -27.011763 277.436483 281.296523   0.080104   0.171464 279.816148   0.138941
  4780   0.000000 263.122575 -66.230523 -39.598098   0.650435   0.650435   0.000000   0.000000 -27.020278 277.427887 281.289144   0.080110   0.171464 279.807368   0.138941
  4781   0.000000 263.070966 -66.239604 -39.598635   0.650362   0.650362   0.000000   0.000000 -27.028801 277.419293 281.281769   0.080115   0.171464 279.798591   0.138941
  4782   0.000000 263.019391 -66.248670 -39.599148   0.650289   0.650289   0.000000   0.000000 -27.037332 277.410703 281.274399   0.080120   0.171464 279.789817   0.138940
  4783   0.000000 262.967851 -66.257722 -39.599638   0.650217   0.650217   0.000000   0.000000 -27.045872 277.402115 281.267033   0.080126   0.171464 279.781046   0.138940
  4784   0.000000 262.916346 -66.266758 -39.600105   0.650144   0.650144   0.000000   0.000000 -27.054421 277.393531 281.259671   0.080131   0.171464 279.772278   0.138940
  4785   0.000000 262.864875 -66.275780 -39.600547   0.650072   0.650072   0.000000   0.000000 -27.062978 277.384949 281.252313   0.080137   0.171464 279.763513   0.138940
  4786   0.000000 262.813438 -66.284788 -39.600967   0.650000   0.650000   0.000000   0.000000 -27.071544 277.376371 281.244959   0.080142   0.171464 279.754751   0.138940
  4787   0.000000 262.762035 -66.293781 -39.601363   0.649929   0.649929   0.000000   0.000000 -27.080119 277.367795 281.237609   0.080147   0.171464 279.745992   0.138940
  4788   0.000000 262.710666 -66.302759 -39.601736   0.649857   0.649857   0.000000   0.000000 -27.088702 277.359222 281.230264   0.080153   0.171464 279.737236   0.138939
  4789   0.000000 262.659330 -66.311723 -39.602085   0.649786   0.649786   0.000000   0.000000 -27.097294 277.350652 281.222923   0.080158   0.171464 279.728483   0.138939
  4790   0.000000 262.608029 -66.320672 -39.602412   0.649715   0.649715   0.000000   0.000000 -27.105895 277.342085 281.215586   0.080163   0.171464 279.719733   0.138939
  4791   0.000000 262.556760 -66.329607 -39.602714   0.649644   0.649644   0.000000   0.000000 -27.114504 277.333521 281.208253   0.080169   0.171464 279.710985   0.138939
  4792   0.000000 262.505525 -66.338528 -39.602994   0.649574   0.649574   0.000000   0.000000 -27.123123 277.324959 281.200924   0.080174   0.171464 279.702241   0.138939
  4793   0.000000 262.454323 -66.347434 -39.603251   0.649504   0.649504   0.000000   0.000000 -27.131750 277.316401 281.193599   0.080179   0.171464 279.693499   0.138938
  4794   0.000000 262.403154 -66.356327 -39.603484   0.649434   0.649434   0.000000   0.000000 -27.140386 277.307845 281.186278   0.080185   0.171464 279.684760   0.138938
  4795   0.000000 262.352018 -66.365205 -39.603695   0.649364   0.649364   0.000000   0.000000 -27.149031 277.299292 281.178961   0.080190   0.171464 279.676024   0.138938
  4796   0.000000 262.300914 -66.374069 -39.603882   0.649295   0.649295   0.000000   0.000000 -27.157685 277.290741 281.171648   0.080195   0.171464 279.667290   0.138938
  4797   0.000000 262.249843 -66.382919 -39.604046   0.649226   0.649226   0.000000   0.000000 -27.166348 277.282194 281.164340   0.080201   0.171464 279.658559   0.138938
  4798   0.000000 262.198804 -66.391755 -39.604187   0.649157   0.649157   0.000000   0.000000 -27.175020 277.273649 281.157035   0.080206   0.171464 279.649832   0.138938
  4799   0.000000 262.147798 -66.400577 -39.604305   0.649089   0.649089   0.000000   0.000000 -27.183702 277.265107 281.149734   0.080212   0.171464 279.641106   0.138937
  4800   0.000000 262.096823 -66.409385 -39.604401   0.649021   0.649021   0.000000   0.000000 -27.192392 277.256567 281.142437   0.080217   0.171464 279.632384   0.138937
  4801   0.000000 262.045881 -66.418180 -39.604473   0.648953   0.648953   0.000000   0.000000 -27.201091 277.248030 281.135144   0.080222   0.171464 279.623664   0.138937
  4802   0.000000 261.994970 -66.426960 -39.604522   0.648886   0.648886   0.000000   0.000000 -27.209800 277.239496 281.127855   0.080228   0.171464 279.614947   0.138937
  4803   0.000000 261.944091 -66.435727 -39.604549   0.648819   0.648819   0.000000   0.000000 -27.218518 277.230964 281.120570   0.080233   0.171464 279.606232   0.138937
  4804   0.000000 261.893243 -66.444480 -39.604553   0.648753   0.648753   0.000000   0.000000 -27.227244 277.222435 281.113289   0.080238   0.171464 279.597520   0.138936
  4805   0.000000 261.842427 -66.453219 -39.604533   0.648687   0.648687   0.000000   0.000000 -27.235981 277.213908 281.106012   0.080244   0.171464 279.588810   0.138936
  4806   0.000000 261.791642 -66.461945 -39.604492   0.648621   0.648621   0.000000   0.000000 -27.244726 277.205384 281.098739   0.080249   0.171464 279.580104   0.138936
  4807   0.000000 261.740888 -66.470658 -39.604427   0.648556   0.648556   0.000000   0.000000 -27.253481 277.196863 281.091469   0.080254   0.171464 279.571399   0.138936
  4808   0.000000 261.690164 -66.479356 -39.604340   0.648491   0.648491   0.000000   0.000000 -27.262245 277.188344 281.084204   0.080260   0.171464 279.562698   0.138936
  4809   0.000000 261.639472 -66.488042 -39.604230   0.648427   0.648427   0.000000   0.000000 -27.271018 277.179827 281.076942   0.080265   0.171464 279.553998   0.138936
  4810   0.000000 261.588810 -66.496714 -39.604097   0.648363   0.648363   0.000000   0.000000 -27.279801 277.171314 281.069684   0.080270   0.171464 279.545302   0.138935
  4811   0.000000 261.538179 -66.505372 -39.603942   0.648300   0.648300   0.000000   0.000000 -27.288593 277.162802 281.062430   0.080276   0.171464 279.536608   0.138935
  4812   0.000000 261.487578 -66.514017 -39.603764   0.648237   0.648237   0.000000   0.000000 -27.297394 277.154293 281.055180   0.080281   0.171464 279.527916   0.138935
  4813   0.000000 261.437007 -66.522649 -39.603564   0.648174   0.648174   0.000000   0.000000 -27.306205 277.145787 281.047933   0.080287   0.171464 279.519227   0.138935
  4814   0.000000 261.386467 -66.531268 -39.603341   0.648112   0.648112   0.000000   0.000000 -27.315025 277.137282 281.040690   0.080292   0.171464 279.510540   0.138935
  4815   0.000000 261.335956 -66.539874 -39.603096   0.648050   0.648050   0.000000   0.000000 -27.323855 277.128781 281.033451   0.080297   0.171464 279.501855   0.138934
  4816   0.000000 261.285475 -66.548466 -39.602828   0.647989   0.647989   0.000000   0.000000 -27.332694 277.120281 281.026216   0.080303   0.171464 279.493173   0.138934
  4817   0.000000 261.235024 -66.557045 -39.602538   0.647928   0.647928   0.000000   0.000000 -27.341543 277.111784 281.018985   0.080308   0.171464 279.484494   0.138934
  4818   0.000000 261.184603 -66.565612 -39.602226   0.647868   0.647868   0.000000   0.000000 -27.350402 277.103290 281.011757   0.080313   0.171464 279.475816   0.138934
  4819   0.000000 261.134211 -66.574165 -39.601891   0.647809   0.647809   0.000000   0.000000 -27.359270 277.094797 281.004533   0.080319   0.171464 279.467141   0.138934
  4820   0.000000 261.083848 -66.582705 -39.601534   0.647750   0.647750   0.000000   0.000000 -27.368147 277.086307 280.997312   0.080324   0.171464 279.458469   0.138933
  4821   0.000000 261.033514 -66.591232 -39.601155   0.647691   0.647691   0.000000   0.000000 -27.377034 277.077820 280.990096   0.080329   0.171464 279.449798   0.138933
  4822   0.000000 260.983209 -66.599747 -39.600753   0.647633   0.647633   0.000000   0.000000 -27.385931 277.069334 280.982883   0.080335   0.171464 279.441130   0.138933
  4823   0.000000 260.932934 -66.608249 -39.600329   0.647575   0.647575   0.000000   0.000000 -27.394837 277.060851 280.975673   0.080340   0.171464 279.432465   0.138933
  4824   0.000000 260.882687 -66.616738 -39.599883   0.647518   0.647518   0.000000   0.000000 -27.403754 277.052371 280.968468   0.080345   0.171464 279.423801   0.138933
  4825   0.000000 260.832468 -66.625214 -39.599415   0.647462   0.647462   0.000000   0.000000 -27.412679 277.043892 280.961266   0.080351   0.171464 279.415140   0.138933
  4826   0.000000 260.782279 -66.633677 -39.598925   0.647406   0.647406   0.000000   0.000000 -27.421615 277.035416 280.954067   0.080356   0.171464 279.406481   0.138932
  4827   0.000000 260.732117 -66.642128 -39.598413   0.647351   0.647351   0.000000   0.000000 -27.430560 277.026942 280.946872   0.080361   0.171464 279.397825   0.138932
  4828   0.000000 260.681984 -66.650567 -39.597878   0.647296   0.647296   0.000000   0.000000 -27.439515 277.018470 280.939681   0.080367   0.171464 279.389170   0.138932
  4829   0.000000 260.631879 -66.658992 -39.597322   0.647242   0.647242   0.000000   0.000000 -27.448479 277.010000 280.932493   0.080372   0.171464 279.380518   0.138932
  4830   0.000000 260.581802 -66.667405 -39.596744   0.647188   0.647188   0.000000   0.000000 -27.457454 277.001532 280.925309   0.080377   0.171464 279.371868   0.138932
  4831   0.000000 260.531753 -66.675806 -39.596144   0.647135   0.647135   0.000000   0.000000 -27.466438 276.993067 280.918129   0.080383   0.171464 279.363219   0.138931
  4832   0.000000 260.481732 -66.684195 -39.595522   0.647083   0.647083   0.000000   0.000000 -27.475432 276.984603 280.910951   0.080388   0.171464 279.354574   0.138931
  4833   0.000000 260.431738 -66.692570 -39.594878   0.647031   0.647031   0.000000   0.000000 -27.484436 276.976142 280.903778   0.080393   0.171464 279.345930   0.138931
  4834   0.000000 260.381772 -66.700934 -39.594212   0.646980   0.646980   0.000000   0.000000 -27.493450 276.967683 280.896608   0.080399   0.171464 279.337288   0.138931
  4835   0.000000 260.331833 -66.709285 -39.593525   0.646929   0.646929   0.000000   0.000000 -27.502473 276.959226 280.889441   0.080404   0.171464 279.328649   0.138931
  4836   0.000000 260.281922 -66.717624 -39.592815   0.646880   0.646880   0.000000   0.000000 -27.511507 276.950771 280.882278   0.080409   0.171464 279.320011   0.138931
  4837   0.000000 260.232038 -66.725951 -39.592084   0.646830   0.646830   0.000000   0.000000 -27.520550 276.942319 280.875119   0.080415   0.171464 279.311376   0.138930
  4838   0.000000 260.182181 -66.734266 -39.591332   0.646782   0.646782   0.000000   0.000000 -27.529603 276.933868 280.867963   0.080420   0.171464 279.302742   0.138930
  4839   0.000000 260.132350 -66.742568 -39.590558   0.646734   0.646734   0.000000   0.000000 -27.538666 276.925419 280.860810   0.080425   0.171464 279.294111   0.138930
  4840   0.000000 260.082547 -66.750858 -39.589762   0.646686   0.646686   0.000000   0.000000 -27.547739 276.916972 280.853661   0.080431   0.171464 279.285482   0.138930
  4841   0.000000 260.032770 -66.759137 -39.588944   0.646640   0.646640   0.000000   0.000000 -27.556822 276.908527 280.846515   0.080436   0.171464 279.276854   0.138930
  4842   0.000000 259.983020 -66.767403 -39.588105   0.646594   0.646594   0.000000   0.000000 -27.565915 276.900085 280.839373   0.080441   0.171464 279.268229   0.138929
  4843   0.000000 259.933296 -66.775657 -39.587245   0.646548   0.646548   0.000000   0.000000 -27.575018 276.891644 280.832234   0.080447   0.171464 279.259606   0.138929
  4844   0.000000 259.883599 -66.783900 -39.586363   0.646504   0.646504   0.000000   0.000000 -27.584130 276.883205 280.825098   0.080452   0.171464 279.250984   0.138929
  4845   0.000000 259.833928 -66.792130 -39.585460   0.646460   0.646460   0.000000   0.000000 -27.593253 276.874768 280.817966   0.080457   0.171464 279.242365   0.138929
  4846   0.000000 259.784283 -66.800349 -39.584535   0.646416   0.646416   0.000000   0.000000 -27.602386 276.866333 280.810837   0.080463   0.171464 279.233747   0.138929
  4847   0.000000 259.734664 -66.808556 -39.583589   0.646374   0.646374   0.000000   0.000000 -27.611529 276.857900 280.803712   0.080468   0.171464 279.225132   0.138929
  4848   0.000000 259.685071 -66.816751 -39.582622   0.646332   0.646332   0.000000   0.000000 -27.620682 276.849469 280.796590   0.080473   0.171464 279.216518   0.138928
  4849   0.000000 259.635503 -66.824934 -39.581633   0.646291   0.646291   0.000000   0.000000 -27.629844 276.841040 280.789471   0.080479   0.171464 279.207906   0.138928
  4850   0.000000 259.585962 -66.833106 -39.580623   0.646250   0.646250   0.000000   0.000000 -27.639017 276.832613 280.782356   0.080484   0.171464 279.199296   0.138928
  4851   0.000000 259.536446 -66.841265 -39.579592   0.646210   0.646210   0.000000   0.000000 -27.648200 276.824187 280.775243   0.080489   0.171464 279.190688   0.138928
  4852   0.000000 259.486955 -66.849414 -39.578540   0.646171   0.646171   0.000000   0.000000 -27.657393 276.815764 280.768135   0.080495   0.171464 279.182082   0.138928
  4853   0.000000 259.437490 -66.857551 -39.577466   0.646133   0.646133   0.000000   0.000000 -27.666596 276.807342 280.761029   0.080500   0.171464 279.173478   0.138927
  4854   0.000000 259.388050 -66.865676 -39.576372   0.646095   0.646095   0.000000   0.000000 -27.675809 276.798922 280.753927   0.080505   0.171464 279.164875   0.138927
  4855   0.000000 259.338635 -66.873790 -39.575256   0.646059   0.646059   0.000000   0.000000 -27.685032 276.790504 280.746827   0.080511   0.171464 279.156274   0.138927
  4856   0.000000 259.289245 -66.881892 -39.574120   0.646022   0.646022   0.000000   0.000000 -27.694265 276.782088 280.739732   0.080516   0.171464 279.147675   0.138927
  4857   0.000000 259.239880 -66.889983 -39.572962   0.645987   0.645987   0.000000   0.000000 -27.703509 276.773673 280.732639   0.080521   0.171464 279.139078   0.138927
  4858   0.000000 259.190539 -66.898062 -39.571784   0.645952   0.645952   0.000000   0.000000 -27.712762 276.765260 280.725550   0.080527   0.171464 279.130482   0.138927
  4859   0.000000 259.141224 -66.906130 -39.570585   0.645919   0.645919   0.000000   0.000000 -27.722026 276.756849 280.718463   0.080532   0.171464 279.121889   0.138926
  4860   0.000000 259.091933 -66.914187 -39.569365   0.645886   0.645886   0.000000   0.000000 -27.731299 276.748440 280.711380   0.080537   0.171464 279.113297   0.138926
  4861   0.000000 259.042666 -66.922233 -39.568124   0.645853   0.645853   0.000000   0.000000 -27.740583 276.740032 280.704301   0.080543   0.171464 279.104707   0.138926
  4862   0.000000 258.993424 -66.930267 -39.566862   0.645822   0.645822   0.000000   0.000000 -27.749877 276.731627 280.697224   0.080548   0.171464 279.096118   0.138926
  4863   0.000000 258.944206 -66.938290 -39.565579   0.645791   0.645791   0.000000   0.000000 -27.759181 276.723223 280.690150   0.080553   0.171464 279.087531   0.138926
  4864   0.000000 258.895013 -66.946302 -39.564276   0.645761   0.645761   0.000000   0.000000 -27.768495 276.714820 280.683080   0.080559   0.171464 279.078946   0.138925
  4865   0.000000 258.845843 -66.954303 -39.562952   0.645732   0.645732   0.000000   0.000000 -27.777819 276.706420 280.676013   0.080564   0.171464 279.070362   0.138925
  4866   0.000000 258.796697 -66.962293 -39.561608   0.645703   0.645703   0.000000   0.000000 -27.787154 276.698021 280.668949   0.080569   0.171464 279.061781   0.138925
  4867   0.000000 258.747575 -66.970272 -39.560243   0.645676   0.645676   0.000000   0.000000 -27.796499 276.689623 280.661888   0.080575   0.171464 279.053200   0.138925
  4868   0.000000 258.698477 -66.978239 -39.558857   0.645649   0.645649   0.000000   0.000000 -27.805853 276.681227 280.654830   0.080580   0.171464 279.044622   0.138925
  4869   0.000000 258.649403 -66.986196 -39.557451   0.645623   0.645623   0.000000   0.000000 -27.815218 276.672833 280.647775   0.080585   0.171464 279.036045   0.138925
  4870   0.000000 258.600352 -66.994142 -39.556024   0.645598   0.645598   0.000000   0.000000 -27.824593 276.664441 280.640724   0.080591   0.171464 279.027470   0.138924
  4871   0.000000 258.551324 -67.002077 -39.554577   0.645573   0.645573   0.000000   0.000000 -27.833979 276.656050 280.633675   0.080596   0.171464 279.018896   0.138924
  4872   0.000000 258.502320 -67.010001 -39.553110   0.645550   0.645550   0.000000   0.000000 -27.843374 276.647661 280.626629   0.080601   0.171464 279.010324   0.138924
  4873   0.000000 258.453339 -67.017915 -39.551622   0.645527   0.645527   0.000000   0.000000 -27.852780 276.639273 280.619587   0.080607   0.171464 279.001753   0.138924
  4874   0.000000 258.404381 -67.025817 -39.550114   0.645505   0.645505   0.000000   0.000000 -27.862195 276.630887 280.612547   0.080612   0.171464 278.993184   0.138924
  4875   0.000000 258.355447 -67.033709 -39.548586   0.645484   0.645484   0.000000   0.000000 -27.871621 276.622503 280.605511   0.080617   0.171464 278.984616   0.138923
  4876   0.000000 258.306535 -67.041590 -39.547037   0.645464   0.645464   0.000000   0.000000 -27.881058 276.614120 280.598477   0.080623   0.171464 278.976051   0.138923
  4877   0.000000 258.257646 -67.049460 -39.545468   0.645444   0.645444   0.000000   0.000000 -27.890504 276.605738 280.591447   0.080628   0.171464 278.967486   0.138923
  4878   0.000000 258.208780 -67.057320 -39.543879   0.645426   0.645426   0.000000   0.000000 -27.899961 276.597358 280.584420   0.080633   0.171464 278.958923   0.138923
  4879   0.000000 258.159936 -67.065169 -39.542270   0.645408   0.645408   0.000000   0.000000 -27.909427 276.588980 280.577395   0.080639   0.171464 278.950362   0.138923
  4880   0.000000 258.111115 -67.073008 -39.540641   0.645391   0.645391   0.000000   0.000000 -27.918904 276.580603 280.570373   0.080644   0.171464 278.941802   0.138923
  4881   0.000000 258.062317 -67.080836 -39.538992   0.645375   0.645375   0.000000   0.000000 -27.928391 276.572228 280.563355   0.080649   0.171464 278.933243   0.138922
  4882   0.000000 258.013541 -67.088654 -39.537323   0.645360   0.645360   0.000000   0.000000 -27.937889 276.563854 280.556339   0.080655   0.171464 278.924686   0.138922
  4883   0.000000 257.964787 -67.096461 -39.535634   0.645346   0.645346   0.000000   0.000000 -27.947396 276.555482 280.549327   0.080660   0.171464 278.916131   0.138922
  4884   0.000000 257.916055 -67.104257 -39.533925   0.645333   0.645333   0.000000   0.000000 -27.956914 276.547111 280.542317   0.080665   0.171464 278.907577   0.138922
  4885   0.000000 257.867346 -67.112044 -39.532196   0.645320   0.645320   0.000000   0.000000 -27.966442 276.538741 280.535310   0.080671   0.171464 278.899024   0.138922
  4886   0.000000 257.818658 -67.119820 -39.530448   0.645308   0.645308   0.000000   0.000000 -27.975980 276.530373 280.528306   0.080676   0.171464 278.890473   0.138921
  4887   0.000000 257.769992 -67.127586 -39.528679   0.645298   0.645298   0.000000   0.000000 -27.985528 276.522007 280.521305   0.080681   0.171464 278.881923   0.138921
  4888   0.000000 257.721348 -67.135341 -39.526891   0.645288   0.645288   0.000000   0.000000 -27.995086 276.513642 280.514307   0.080686   0.171464 278.873374   0.138921
  4889   0.000000 257.672726 -67.143086 -39.525083   0.645279   0.645279   0.000000   0.000000 -28.004655 276.505278 280.507311   0.080692   0.171463 278.864827   0.138921
  4890   0.000000 257.624126 -67.150821 -39.523256   0.645271   0.645271   0.000000   0.000000 -28.014234 276.496916 280.500319   0.080697   0.171463 278.856282   0.138921
  4891   0.000000 257.575547 -67.158546 -39.521408   0.645263   0.645263   0.000000   0.000000 -28.023823 276.488555 280.493329   0.080702   0.171463 278.847737   0.138921
  4892   0.000000 257.526989 -67.166261 -39.519542   0.645257   0.645257   0.000000   0.000000 -28.033422 276.480195 280.486342   0.080708   0.171463 278.839194   0.138920
  4893   0.000000 257.478453 -67.173965 -39.517655   0.645252   0.645252   0.000000   0.000000 -28.043031 276.471837 280.479358   0.080713   0.171463 278.830653   0.138920
  4894   0.000000 257.429938 -67.181660 -39.515750   0.645247   0.645247   0.000000   0.000000 -28.052651 276.463480 280.472377   0.080718   0.171463 278.822112   0.138920
  4895   0.000000 257.381444 -67.189344 -39.513825   0.645244   0.645244   0.000000   0.000000 -28.062281 276.455124 280.465399   0.080724   0.171463 278.813573   0.138920
  4896   0.000000 257.332971 -67.197019 -39.511880   0.645241   0.645241   0.000000   0.000000 -28.071921 276.446770 280.458423   0.080729   0.171463 278.805035   0.138920
  4897   0.000000 257.284520 -67.204683 -39.509916   0.645239   0.645239   0.000000   0.000000 -28.081571 276.438417 280.451451   0.080734   0.171463 278.796499   0.138919
  4898   0.000000 257.236089 -67.212338 -39.507933   0.645238   0.645238   0.000000   0.000000 -28.091231 276.430066 280.444480   0.080740   0.171463 278.787964   0.138919
  4899   0.000000 257.187679 -67.219982 -39.505930   0.645238   0.645238   0.000000   0.000000 -28.100902 276.421716 280.437513   0.080745   0.171463 278.779430   0.138919
  4900   0.000000 257.139289 -67.227617 -39.503908   0.645239   0.645239   0.000000   0.000000 -28.110582 276.413367 280.430549   0.080750   0.171463 278.770898   0.138919
  4901   0.000000 257.090921 -67.235242 -39.501867   0.645241   0.645241   0.000000   0.000000 -28.120273 276.405019 280.423587   0.080756   0.171463 278.762366   0.138919
  4902   0.000000 257.042573 -67.242857 -39.499807   0.645244   0.645244   0.000000   0.000000 -28.129974 276.396673 280.416628   0.080761   0.171463 278.753836   0.138919
  4903   0.000000 256.994245 -67.250463 -39.497728   0.645248   0.645248   0.000000   0.000000 -28.139685 276.388328 280.409672   0.080766   0.171463 278.745307   0.138918
  4904   0.000000 256.945938 -67.258059 -39.495630   0.645253   0.645253   0.000000   0.000000 -28.149406 276.379984 280.402718   0.080771   0.171463 278.736780   0.138918
  4905   0.000000 256.897651 -67.265645 -39.493512   0.645258   0.645258   0.000000   0.000000 -28.159137 276.371641 280.395767   0.080777   0.171463 278.728253   0.138918
  4906   0.000000 256.849384 -67.273221 -39.491376   0.645265   0.645265   0.000000   0.000000 -28.168879 276.363300 280.388819   0.080782   0.171463 278.719728   0.138918
  4907   0.000000 256.801137 -67.280788 -39.489221   0.645272   0.645272   0.000000   0.000000 -28.178631 276.354960 280.381873   0.080787   0.171463 278.711204   0.138918
  4908   0.000000 256.752911 -67.288345 -39.487047   0.645281   0.645281   0.000000   0.000000 -28.188392 276.346621 280.374930   0.080793   0.171463 278.702681   0.138918
  4909   0.000000 256.704704 -67.295893 -39.484854   0.645290   0.645290   0.000000   0.000000 -28.198164 276.338284 280.367990   0.080798   0.171463 278.694159   0.138917
  4910   0.000000 256.656517 -67.303431 -39.482642   0.645301   0.645301   0.000000   0.000000 -28.207946 276.329947 280.361053   0.080803   0.171463 278.685639   0.138917
  4911   0.000000 256.608350 -67.310959 -39.480411   0.645312   0.645312   0.000000   0.000000 -28.217738 276.321612 280.354118   0.080809   0.171463 278.677120   0.138917
  4912   0.000000 256.560203 -67.318479 -39.478162   0.645324   0.645324   0.000000   0.000000 -28.227541 276.313278 280.347185   0.080814   0.171463 278.668601   0.138917
  4913   0.000000 256.512075 -67.325988 -39.475894   0.645338   0.645338   0.000000   0.000000 -28.237353 276.304945 280.340256   0.080819   0.171463 278.660084   0.138917
  4914   0.000000 256.463967 -67.333489 -39.473607   0.645352   0.645352   0.000000   0.000000 -28.247175 276.296613 280.333329   0.080825   0.171463 278.651568   0.138916
  4915   0.000000 256.415878 -67.340980 -39.471302   0.645367   0.645367   0.000000   0.000000 -28.257008 276.288283 280.326404   0.080830   0.171463 278.643054   0.138916
  4916   0.000000 256.367809 -67.348462 -39.468979   0.645383   0.645383   0.000000   0.000000 -28.266850 276.279953 280.319482   0.080835   0.171463 278.634540   0.138916
  4917   0.000000 256.319759 -67.355934 -39.466636   0.645400   0.645400   0.000000   0.000000 -28.276703 276.271625 280.312563   0.080840   0.171463 278.626027   0.138916
  4918   0.000000 256.271728 -67.363397 -39.464276   0.645419   0.645419   0.000000   0.000000 -28.286566 276.263298 280.305646   0.080846   0.171463 278.617516   0.138916
  4919   0.000000 256.223717 -67.370851 -39.461896   0.645438   0.645438   0.000000   0.000000 -28.296439 276.254972 280.298732   0.080851   0.171463 278.609005   0.138916
  4920   0.000000 256.175724 -67.378296 -39.459499   0.645458   0.645458   0.000000   0.000000 -28.306321 276.246647 280.291820   0.080856   0.171463 278.600496   0.138915
  4921   0.000000 256.127750 -67.385732 -39.457083   0.645479   0.645479   0.000000   0.000000 -28.316214 276.238323 280.284911   0.080862   0.171463 278.591988   0.138915
  4922   0.000000 256.079796 -67.393158 -39.454649   0.645501   0.645501   0.000000   0.000000 -28.326117 276.230000 280.278004   0.080867   0.171463 278.583480   0.138915
  4923   0.000000 256.031860 -67.400576 -39.452197   0.645524   0.645524   0.000000   0.000000 -28.336030 276.221678 280.271100   0.080872   0.171463 278.574974   0.138915
  4924   0.000000 255.983943 -67.407984 -39.449726   0.645548   0.645548   0.000000   0.000000 -28.345953 276.213358 280.264199   0.080878   0.171463 278.566469   0.138915
  4925   0.000000 255.936044 -67.415383 -39.447238   0.645573   0.645573   0.000000   0.000000 -28.355886 276.205038 280.257300   0.080883   0.171463 278.557965   0.138914
  4926   0.000000 255.888164 -67.422774 -39.444731   0.645599   0.645599   0.000000   0.000000 -28.365829 276.196720 280.250403   0.080888   0.171463 278.549462   0.138914
  4927   0.000000 255.840303 -67.430155 -39.442206   0.645626   0.645626   0.000000   0.000000 -28.375782 276.188403 280.243509   0.080893   0.171463 278.540960   0.138914
  4928   0.000000 255.792460 -67.437527 -39.439663   0.645654   0.645654   0.000000   0.000000 -28.385745 276.180086 280.236617   0.080899   0.171463 278.532458   0.138914
  4929   0.000000 255.744635 -67.444891 -39.437102   0.645683   0.645683   0.000000   0.000000 -28.395718 276.171771 280.229728   0.080904   0.171463 278.523958   0.138914
  4930   0.000000 255.696829 -67.452246 -39.434524   0.645713   0.645713   0.000000   0.000000 -28.405701 276.163457 280.222841   0.080909   0.171463 278.515459   0.138914
  4931   0.000000 255.649041 -67.459592 -39.431927   0.645744   0.645744   0.000000   0.000000 -28.415693 276.155143 280.215957   0.080915   0.171463 278.506961   0.138913
  4932   0.000000 255.601271 -67.466929 -39.429313   0.645776   0.645776   0.000000   0.000000 -28.425696 276.146831 280.209075   0.080920   0.171463 278.498464   0.138913
  4933   0.000000 255.553519 -67.474257 -39.426680   0.645809   0.645809   0.000000   0.000000 -28.435709 276.138520 280.202196   0.080925   0.171463 278.489967   0.138913
  4934   0.000000 255.505785 -67.481577 -39.424030   0.645843   0.645843   0.000000   0.000000 -28.445731 276.130210 280.195319   0.080931   0.171463 278.481472   0.138913
  4935   0.000000 255.458069 -67.488888 -39.421363   0.645878   0.645878   0.000000   0.000000 -28.455764 276.121900 280.188444   0.080936   0.171463 278.472978   0.138913
  4936   0.000000 255.410370 -67.496190 -39.418677   0.645914   0.645914   0.000000   0.000000 -28.465806 276.113592 280.181572   0.080941   0.171463 278.464484   0.138912
  4937   0.000000 255.362690 -67.503484 -39.415975   0.645951   0.645951   0.000000   0.000000 -28.475859 276.105285 280.174702   0.080946   0.171463 278.455992   0.138912
  4938   0.000000 255.315027 -67.510769 -39.413254   0.645989   0.645989   0.000000   0.000000 -28.485921 276.096979 280.167835   0.080952   0.171463 278.447500   0.138912
  4939   0.000000 255.267382 -67.518045 -39.410516   0.646029   0.646029   0.000000   0.000000 -28.495993 276.088673 280.160970   0.080957   0.171463 278.439009   0.138912
  4940   0.000000 255.219754 -67.525313 -39.407761   0.646069   0.646069   0.000000   0.000000 -28.506075 276.080369 280.154107   0.080962   0.171463 278.430520   0.138912
  4941   0.000000 255.172144 -67.532572 -39.404988   0.646110   0.646110   0.000000   0.000000 -28.516167 276.072065 280.147246   0.080968   0.171463 278.422031   0.138912
  4942   0.000000 255.124551 -67.539823 -39.402198   0.646152   0.646152   0.000000   0.000000 -28.526268 276.063763 280.140388   0.080973   0.171463 278.413543   0.138911
  4943   0.000000 255.076975 -67.547066 -39.399390   0.646195   0.646195   0.000000   0.000000 -28.536380 276.055461 280.133533   0.080978   0.171463 278.405056   0.138911
  4944   0.000000 255.029417 -67.554300 -39.396565   0.646239   0.646239   0.000000   0.000000 -28.546501 276.047160 280.126679   0.080983   0.171463 278.396569   0.138911
  4945   0.000000 254.981876 -67.561525 -39.393723   0.646285   0.646285   0.000000   0.000000 -28.556632 276.038861 280.119828   0.080989   0.171463 278.388084   0.138911
  4946   0.000000 254.934352 -67.568743 -39.390864   0.646331   0.646331   0.000000   0.000000 -28.566773 276.030562 280.112979   0.080994   0.171463 278.379599   0.138911
  4947   0.000000 254.886845 -67.575952 -39.387987   0.646378   0.646378   0.000000   0.000000 -28.576924 276.022264 280.106133   0.080999   0.171463 278.371116   0.138910
  4948   0.000000 254.839355 -67.583153 -39.385094   0.646427   0.646427   0.000000   0.000000 -28.587084 276.013967 280.099289   0.081005   0.171463 278.362633   0.138910
  4949   0.000000 254.791882 -67.590345 -39.382183   0.646476   0.646476   0.000000   0.000000 -28.597254 276.005670 280.092447   0.081010   0.171463 278.354151   0.138910
  4950   0.000000 254.744425 -67.597529 -39.379256   0.646527   0.646527   0.000000   0.000000 -28.607434 275.997375 280.085607   0.081015   0.171463 278.345669   0.138910
  4951   0.000000 254.696986 -67.604705 -39.376311   0.646578   0.646578   0.000000   0.000000 -28.617624 275.989081 280.078770   0.081020   0.171463 278.337189   0.138910
  4952   0.000000 254.649563 -67.611873 -39.373350   0.646631   0.646631   0.000000   0.000000 -28.627823 275.980787 280.071934   0.081026   0.171463 278.328709   0.138910
  4953   0.000000 254.602157 -67.619033 -39.370372   0.646684   0.646684   0.000000   0.000000 -28.638032 275.972494 280.065102   0.081031   0.171463 278.320230   0.138909
  4954   0.000000 254.554767 -67.626185 -39.367377   0.646739   0.646739   0.000000   0.000000 -28.648251 275.964202 280.058271   0.081036   0.171463 278.311752   0.138909
  4955   0.000000 254.507394 -67.633328 -39.364365   0.646795   0.646795   0.000000   0.000000 -28.658479 275.955911 280.051442   0.081042   0.171463 278.303275   0.138909
  4956   0.000000 254.460037 -67.640464 -39.361336   0.646851   0.646851   0.000000   0.000000 -28.668717 275.947621 280.044616   0.081047   0.171463 278.294799   0.138909
  4957   0.000000 254.412696 -67.647591 -39.358291   0.646909   0.646909   0.000000   0.000000 -28.678965 275.939332 280.037792   0.081052   0.171463 278.286323   0.138909
  4958   0.000000 254.365372 -67.654711 -39.355229   0.646968   0.646968   0.000000   0.000000 -28.689222 275.931043 280.030970   0.081057   0.171463 278.277848   0.138908
  4959   0.000000 254.318064 -67.661823 -39.352151   0.647028   0.647028   0.000000   0.000000 -28.699489 275.922756 280.024151   0.081063   0.171463 278.269374   0.138908
  4960   0.000000 254.270772 -67.668926 -39.349056   0.647089   0.647089   0.000000   0.000000 -28.709765 275.914469 280.017333   0.081068   0.171463 278.260900   0.138908
  4961   0.000000 254.223496 -67.676022 -39.345944   0.647151   0.647151   0.000000   0.000000 -28.720051 275.906182 280.010518   0.081073   0.171463 278.252428   0.138908
  4962   0.000000 254.176237 -67.683110 -39.342816   0.647214   0.647214   0.000000   0.000000 -28.730347 275.897897 280.003705   0.081079   0.171463 278.243956   0.138908
  4963   0.000000 254.128993 -67.690190 -39.339672   0.647278   0.647278   0.000000   0.000000 -28.740652 275.889613 279.996894   0.081084   0.171463 278.235484   0.138908
  4964   0.000000 254.081765 -67.697263 -39.336512   0.647343   0.647343   0.000000   0.000000 -28.750967 275.881329 279.990085   0.081089   0.171463 278.227014   0.138907
  4965   0.000000 254.034553 -67.704328 -39.333335   0.647409   0.647409   0.000000   0.000000 -28.761291 275.873046 279.983278   0.081094   0.171463 278.218544   0.138907
  4966   0.000000 253.987356 -67.711384 -39.330142   0.647477   0.647477   0.000000   0.000000 -28.771625 275.864764 279.976473   0.081100   0.171463 278.210075   0.138907
  4967   0.000000 253.940176 -67.718434 -39.326932   0.647545   0.647545   0.000000   0.000000 -28.781968 275.856482 279.969671   0.081105   0.171463 278.201607   0.138907
  4968   0.000000 253.893011 -67.725475 -39.323707   0.647614   0.647614   0.000000   0.000000 -28.792321 275.848202 279.962871   0.081110   0.171463 278.193139   0.138907
  4969   0.000000 253.845861 -67.732509 -39.320465   0.647685   0.647685   0.000000   0.000000 -28.802683 275.839922 279.956072   0.081115   0.171463 278.184672   0.138906
  4970   0.000000 253.798727 -67.739535 -39.317208   0.647756   0.647756   0.000000   0.000000 -28.813055 275.831642 279.949276   0.081121   0.171463 278.176206   0.138906
  4971   0.000000 253.751609 -67.746554 -39.313934   0.647829   0.647829   0.000000   0.000000 -28.823436 275.823364 279.942482   0.081126   0.171463 278.167740   0.138906
  4972   0.000000 253.704505 -67.753565 -39.310645   0.647903   0.647903   0.000000   0.000000 -28.833827 275.815086 279.935690   0.081131   0.171463 278.159275   0.138906
  4973   0.000000 253.657418 -67.760569 -39.307339   0.647977   0.647977   0.000000   0.000000 -28.844226 275.806809 279.928900   0.081137   0.171463 278.150811   0.138906
  4974   0.000000 253.610345 -67.767565 -39.304018   0.648053   0.648053   0.000000   0.000000 -28.854636 275.798533 279.922112   0.081142   0.171463 278.142347   0.138906
  4975   0.000000 253.563287 -67.774554 -39.300681   0.648130   0.648130   0.000000   0.000000 -28.865054 275.790258 279.915327   0.081147   0.171463 278.133884   0.138905
  4976   0.000000 253.516245 -67.781535 -39.297328   0.648208   0.648208   0.000000   0.000000 -28.875482 275.781983 279.908543   0.081152   0.171463 278.125422   0.138905
  4977   0.000000 253.469218 -67.788509 -39.293960   0.648287   0.648287   0.000000   0.000000 -28.885920 275.773709 279.901761   0.081158   0.171463 278.116960   0.138905
  4978   0.000000 253.422206 -67.795476 -39.290576   0.648367   0.648367   0.000000   0.000000 -28.896366 275.765435 279.894981   0.081163   0.171463 278.108499   0.138905
  4979   0.000000 253.375208 -67.802435 -39.287176   0.648448   0.648448   0.000000   0.000000 -28.906822 275.757163 279.888204   0.081168   0.171463 278.100038   0.138905
  4980   0.000000 253.328226 -67.809387 -39.283760   0.648531   0.648531   0.000000   0.000000 -28.917287 275.748891 279.881428   0.081173   0.171463 278.091579   0.138904
  4981   0.000000 253.281258 -67.816331 -39.280330   0.648614   0.648614   0.000000   0.000000 -28.927762 275.740619 279.874654   0.081179   0.171463 278.083119   0.138904
  4982   0.000000 253.234305 -67.823269 -39.276883   0.648698   0.648698   0.000000   0.000000 -28.938245 275.732349 279.867883   0.081184   0.171463 278.074661   0.138904
  4983   0.000000 253.187367 -67.830199 -39.273422   0.648784   0.648784   0.000000   0.000000 -28.948738 275.724079 279.861113   0.081189   0.171463 278.066203   0.138904
  4984   0.000000 253.140444 -67.837122 -39.269945   0.648870   0.648870   0.000000   0.000000 -28.959240 275.715809 279.854345   0.081195   0.171463 278.057745   0.138904
  4985   0.000000 253.093535 -67.844038 -39.266452   0.648958   0.648958   0.000000   0.000000 -28.969752 275.707541 279.847580   0.081200   0.171463 278.049289   0.138903
  4986   0.000000 253.046640 -67.850946 -39.262945   0.649047   0.649047   0.000000   0.000000 -28.980272 275.699273 279.840816   0.081205   0.171463 278.040832   0.138903
  4987   0.000000 252.999760 -67.857848 -39.259422   0.649137   0.649137   0.000000   0.000000 -28.990802 275.691005 279.834054   0.081210   0.171463 278.032377   0.138903
  4988   0.000000 252.952895 -67.864742 -39.255884   0.649228   0.649228   0.000000   0.000000 -29.001340 275.682739 279.827294   0.081216   0.171463 278.023922   0.138903
  4989   0.000000 252.906044 -67.871630 -39.252331   0.649319   0.649319   0.000000   0.000000 -29.011888 275.674473 279.820536   0.081221   0.171463 278.015467   0.138903
  4990   0.000000 252.859207 -67.878510 -39.248763   0.649413   0.649413   0.000000   0.000000 -29.022445 275.666207 279.813780   0.081226   0.171463 278.007013   0.138903
  4991   0.000000 252.812384 -67.885384 -39.245180   0.649507   0.649507   0.000000   0.000000 -29.033011 275.657943 279.807026   0.081231   0.171463 277.998560   0.138902
  4992   0.000000 252.765576 -67.892251 -39.241582   0.649602   0.649602   0.000000   0.000000 -29.043586 275.649678 279.800274   0.081237   0.171463 277.990107   0.138902
  4993   0.000000 252.718781 -67.899110 -39.237969   0.649698   0.649698   0.000000   0.000000 -29.054170 275.641415 279.793524   0.081242   0.171463 277.981655   0.138902
  4994   0.000000 252.672001 -67.905963 -39.234342   0.649796   0.649796   0.000000   0.000000 -29.064763 275.633152 279.786776   0.081247   0.171463 277.973203   0.138902
  4995   0.000000 252.625235 -67.912809 -39.230699   0.649894   0.649894   0.000000   0.000000 -29.075365 275.624890 279.780029   0.081252   0.171463 277.964752   0.138902
  4996   0.000000 252.578483 -67.919648 -39.227042   0.649994   0.649994   0.000000   0.000000 -29.085976 275.616628 279.773285   0.081258   0.171463 277.956301   0.138901
  4997   0.000000 252.531744 -67.926480 -39.223370   0.650095   0.650095   0.000000   0.000000 -29.096596 275.608367 279.766542   0.081263   0.171463 277.947851   0.138901
  4998   0.000000 252.485020 -67.933306 -39.219683   0.650196   0.650196   0.000000   0.000000 -29.107225 275.600107 279.759801   0.081268   0.171463 277.939401   0.138901
  4999   0.000000 252.438309 -67.940124 -39.215982   0.650299   0.650299   0.000000   0.000000 -29.117863 275.591847 279.753062   0.081274   0.171463 277.930952   0.138901
  5000   0.000000 252.391612 -67.946936 -39.212266   0.650403   0.650403   0.000000   0.000000 -29.128510 275.583588 279.746325   0.081279   0.171463 277.922504   0.138901
  5001   0.000000 252.344928 -67.953742 -39.208536   0.650508   0.650508   0.000000   0.000000 -29.139165 275.575329 279.739590   0.081284   0.171463 277.914056   0.138901
  5002   0.000000 252.298259 -67.960541 -39.204791   0.650614   0.650614   0.000000   0.000000 -29.149830 275.567071 279.732857   0.081289   0.171463 277.905608   0.138900
  5003   0.000000 252.251602 -67.967333 -39.201032   0.650722   0.650722   0.000000   0.000000 -29.160503 275.558813 279.726125   0.081295   0.171463 277.897161   0.138900
  5004   0.000000 252.204960 -67.974118 -39.197259   0.650830   0.650830   0.000000   0.000000 -29.171185 275.550556 279.719396   0.081300   0.171463 277.888714   0.138900
  5005   0.000000 252.158331 -67.980897 -39.193471   0.650939   0.650939   0.000000   0.000000 -29.181876 275.542300 279.712668   0.081305   0.171463 277.880268   0.138900
  5006   0.000000 252.111715 -67.987669 -39.189670   0.651050   0.651050   0.000000   0.000000 -29.192575 275.534044 279.705942   0.081310   0.171463 277.871823   0.138900
  5007   0.000000 252.065113 -67.994435 -39.185854   0.651162   0.651162   0.000000   0.000000 -29.203283 275.525789 279.699218   0.081316   0.171463 277.863378   0.138899
  5008   0.000000 252.018523 -68.001195 -39.182023   0.651274   0.651274   0.000000   0.000000 -29.214000 275.517534 279.692495   0.081321   0.171463 277.854933   0.138899
  5009   0.000000 251.971948 -68.007948 -39.178179   0.651388   0.651388   0.000000   0.000000 -29.224726 275.509280 279.685774   0.081326   0.171463 277.846489   0.138899
  5010   0.000000 251.925385 -68.014694 -39.174321   0.651503   0.651503   0.000000   0.000000 -29.235460 275.501027 279.679056   0.081331   0.171463 277.838045   0.138899
  5011   0.000000 251.878836 -68.021434 -39.170449   0.651619   0.651619   0.000000   0.000000 -29.246204 275.492773 279.672339   0.081337   0.171463 277.829602   0.138899
  5012   0.000000 251.832299 -68.028168 -39.166563   0.651736   0.651736   0.000000   0.000000 -29.256955 275.484521 279.665623   0.081342   0.171463 277.821159   0.138899
  5013   0.000000 251.785776 -68.034895 -39.162663   0.651855   0.651855   0.000000   0.000000 -29.267715 275.476269 279.658910   0.081347   0.171463 277.812717   0.138898
  5014   0.000000 251.739266 -68.041616 -39.158749   0.651974   0.651974   0.000000   0.000000 -29.278484 275.468018 279.652198   0.081352   0.171463 277.804275   0.138898
  5015   0.000000 251.692768 -68.048331 -39.154822   0.652094   0.652094   0.000000   0.000000 -29.289262 275.459767 279.645488   0.081358   0.171463 277.795834   0.138898
  5016   0.000000 251.646284 -68.055040 -39.150880   0.652216   0.652216   0.000000   0.000000 -29.300048 275.451516 279.638780   0.081363   0.171463 277.787393   0.138898
  5017   0.000000 251.599812 -68.061742 -39.146926   0.652339   0.652339   0.000000   0.000000 -29.310842 275.443267 279.632073   0.081368   0.171463 277.778952   0.138898
  5018   0.000000 251.553354 -68.068438 -39.142957   0.652462   0.652462   0.000000   0.000000 -29.321645 275.435017 279.625368   0.081373   0.171462 277.770512   0.138897
  5019   0.000000 251.506908 -68.075128 -39.138975   0.652587   0.652587   0.000000   0.000000 -29.332456 275.426769 279.618665   0.081379   0.171462 277.762072   0.138897
  5020   0.000000 251.460474 -68.081812 -39.134980   0.652713   0.652713   0.000000   0.000000 -29.343276 275.418520 279.611964   0.081384   0.171462 277.753633   0.138897
  5021   0.000000 251.414054 -68.088490 -39.130971   0.652840   0.652840   0.000000   0.000000 -29.354104 275.410272 279.605264   0.081389   0.171462 277.745194   0.138897
  5022   0.000000 251.367646 -68.095161 -39.126949   0.652968   0.652968   0.000000   0.000000 -29.364941 275.402025 279.598566   0.081394   0.171462 277.736756   0.138897
  5023   0.000000 251.321250 -68.101827 -39.122913   0.653098   0.653098   0.000000   0.000000 -29.375786 275.393778 279.591870   0.081400   0.171462 277.728318   0.138897
  5024   0.000000 251.274867 -68.108487 -39.118864   0.653228   0.653228   0.000000   0.000000 -29.386639 275.385532 279.585175   0.081405   0.171462 277.719880   0.138896
  5025   0.000000 251.228497 -68.115140 -39.114802   0.653360   0.653360   0.000000   0.000000 -29.397501 275.377286 279.578482   0.081410   0.171462 277.711443   0.138896
  5026   0.000000 251.182138 -68.121788 -39.110727   0.653492   0.653492   0.000000   0.000000 -29.408371 275.369041 279.571791   0.081415   0.171462 277.703006   0.138896
  5027   0.000000 251.135793 -68.128430 -39.106639   0.653626   0.653626   0.000000   0.000000 -29.419249 275.360796 279.565101   0.081421   0.171462 277.694570   0.138896
  5028   0.000000 251.089459 -68.135065 -39.102538   0.653761   0.653761   0.000000   0.000000 -29.430135 275.352552 279.558414   0.081426   0.171462 277.686134   0.138896
  5029   0.000000 251.043138 -68.141695 -39.098423   0.653897   0.653897   0.000000   0.000000 -29.441030 275.344308 279.551727   0.081431   0.171462 277.677698   0.138895
  5030   0.000000 250.996829 -68.148319 -39.094296   0.654034   0.654034   0.000000   0.000000 -29.451933 275.336065 279.545043   0.081436   0.171462 277.669263   0.138895
  5031   0.000000 250.950533 -68.154937 -39.090156   0.654172   0.654172   0.000000   0.000000 -29.462844 275.327822 279.538360   0.081442   0.171462 277.660828   0.138895
  5032   0.000000 250.904248 -68.161550 -39.086003   0.654311   0.654311   0.000000   0.000000 -29.473763 275.319580 279.531678   0.081447   0.171462 277.652394   0.138895
  5033   0.000000 250.857976 -68.168157 -39.081837   0.654451   0.654451   0.000000   0.000000 -29.484690 275.311338 279.524999   0.081452   0.171462 277.643960   0.138895
  5034   0.000000 250.811715 -68.174757 -39.077659   0.654593   0.654593   0.000000   0.000000 -29.495625 275.303097 279.518321   0.081457   0.171462 277.635526   0.138895
  5035   0.000000 250.765467 -68.181353 -39.073468   0.654735   0.654735   0.000000   0.000000 -29.506569 275.294856 279.511644   0.081462   0.171462 277.627093   0.138894
  5036   0.000000 250.719231 -68.187942 -39.069264   0.654879   0.654879   0.000000   0.000000 -29.517520 275.286615 279.504969   0.081468   0.171462 277.618660   0.138894
  5037   0.000000 250.673006 -68.194526 -39.065048   0.655024   0.655024   0.000000   0.000000 -29.528480 275.278375 279.498296   0.081473   0.171462 277.610228   0.138894
  5038   0.000000 250.626793 -68.201104 -39.060819   0.655170   0.655170   0.000000   0.000000 -29.539447 275.270135 279.491624   0.081478   0.171462 277.601795   0.138894
  5039   0.000000 250.580593 -68.207677 -39.056578   0.655317   0.655317   0.000000   0.000000 -29.550422 275.261896 279.484954   0.081483   0.171462 277.593364   0.138894
  5040   0.000000 250.534404 -68.214244 -39.052324   0.655465   0.655465   0.000000   0.000000 -29.561406 275.253658 279.478286   0.081489   0.171462 277.584932   0.138893
  5041   0.000000 250.488226 -68.220805 -39.048010   0.655614   0.655614   0.000000   0.000000 -29.572397 275.245418 279.471619   0.081494   0.171462 277.576500   0.138893
  5042   0.000000 250.442061 -68.227355 -39.043659   0.655760   0.655760   0.000000   0.000000 -29.583406 275.237177 279.464954   0.081499   0.171462 277.568066   0.138893
  5043   0.000000 250.395908 -68.233892 -39.039276   0.655904   0.655904   0.000000   0.000000 -29.594434 275.228935 279.458290   0.081504   0.171462 277.559631   0.138893
  5044   0.000000 250.349767 -68.240416 -39.034862   0.656045   0.656045   0.000000   0.000000 -29.605480 275.220693 279.451628   0.081510   0.171462 277.551195   0.138893
  5045   0.000000 250.303638 -68.246928 -39.030418   0.656184   0.656184   0.000000   0.000000 -29.616544 275.212449 279.444967   0.081515   0.171462 277.542759   0.138892
  5046   0.000000 250.257522 -68.253428 -39.025944   0.656322   0.656322   0.000000   0.000000 -29.627626 275.204204 279.438307   0.081520   0.171462 277.534321   0.138892
  5047   0.000000 250.211418 -68.259916 -39.021442   0.656457   0.656457   0.000000   0.000000 -29.638724 275.195958 279.431650   0.081525   0.171462 277.525882   0.138892
  5048   0.000000 250.165325 -68.266392 -39.016910   0.656592   0.656592   0.000000   0.000000 -29.649840 275.187712 279.424993   0.081531   0.171462 277.517443   0.138892
  5049   0.000000 250.119245 -68.272856 -39.012351   0.656725   0.656725   0.000000   0.000000 -29.660971 275.179464 279.418339   0.081536   0.171462 277.509002   0.138892
  5050   0.000000 250.073177 -68.279310 -39.007764   0.656857   0.656857   0.000000   0.000000 -29.672119 275.171216 279.411685   0.081541   0.171462 277.500561   0.138892
  5051   0.000000 250.027121 -68.285752 -39.003151   0.656988   0.656988   0.000000   0.000000 -29.683283 275.162967 279.405033   0.081546   0.171462 277.492119   0.138891
  5052   0.000000 249.981077 -68.292183 -38.998510   0.657118   0.657118   0.000000   0.000000 -29.694463 275.154718 279.398383   0.081551   0.171462 277.483677   0.138891
  5053   0.000000 249.935045 -68.298602 -38.993843   0.657248   0.657248   0.000000   0.000000 -29.705658 275.146467 279.391734   0.081557   0.171462 277.475233   0.138891
  5054   0.000000 249.889025 -68.305011 -38.989150   0.657377   0.657377   0.000000   0.000000 -29.716868 275.138216 279.385086   0.081562   0.171462 277.466789   0.138891
  5055   0.000000 249.843017 -68.311409 -38.984431   0.657506   0.657506   0.000000   0.000000 -29.728094 275.129964 279.378440   0.081567   0.171462 277.458344   0.138891
  5056   0.000000 249.797020 -68.317797 -38.979687   0.657634   0.657634   0.000000   0.000000 -29.739335 275.121711 279.371795   0.081572   0.171462 277.449898   0.138890
  5057   0.000000 249.751035 -68.324173 -38.974917   0.657763   0.657763   0.000000   0.000000 -29.750591 275.113457 279.365152   0.081578   0.171462 277.441452   0.138890
  5058   0.000000 249.705062 -68.330540 -38.970122   0.657891   0.657891   0.000000   0.000000 -29.761861 275.105203 279.358510   0.081583   0.171462 277.433005   0.138890
  5059   0.000000 249.659100 -68.336895 -38.965303   0.658020   0.658020   0.000000   0.000000 -29.773147 275.096948 279.351869   0.081588   0.171462 277.424557   0.138890
  5060   0.000000 249.613150 -68.343241 -38.960459   0.658148   0.658148   0.000000   0.000000 -29.784447 275.088693 279.345230   0.081593   0.171462 277.416108   0.138890
  5061   0.000000 249.567211 -68.349576 -38.955590   0.658277   0.658277   0.000000   0.000000 -29.795761 275.080436 279.338592   0.081599   0.171462 277.407659   0.138890
  5062   0.000000 249.521284 -68.355901 -38.950697   0.658406   0.658406   0.000000   0.000000 -29.807091 275.072179 279.331955   0.081604   0.171462 277.399208   0.138889
  5063   0.000000 249.475367 -68.362215 -38.945780   0.658535   0.658535   0.000000   0.000000 -29.818434 275.063921 279.325320   0.081609   0.171462 277.390757   0.138889
  5064   0.000000 249.429462 -68.368520 -38.940840   0.658664   0.658664   0.000000   0.000000 -29.829792 275.055663 279.318686   0.081614   0.171462 277.382306   0.138889
  5065   0.000000 249.383568 -68.374814 -38.935875   0.658794   0.658794   0.000000   0.000000 -29.841165 275.047403 279.312053   0.081619   0.171462 277.373854   0.138889
  5066   0.000000 249.337685 -68.381099 -38.930887   0.658924   0.658924   0.000000   0.000000 -29.852551 275.039143 279.305422   0.081625   0.171462 277.365400   0.138889
  5067   0.000000 249.291813 -68.387374 -38.925875   0.659055   0.659055   0.000000   0.000000 -29.863952 275.030882 279.298792   0.081630   0.171462 277.356947   0.138888
  5068   0.000000 249.245952 -68.393638 -38.920840   0.659186   0.659186   0.000000   0.000000 -29.875367 275.022621 279.292163   0.081635   0.171462 277.348492   0.138888
  5069   0.000000 249.200102 -68.399893 -38.915782   0.659317   0.659317   0.000000   0.000000 -29.886797 275.014359 279.285536   0.081640   0.171462 277.340037   0.138888
  5070   0.000000 249.154262 -68.406139 -38.910700   0.659450   0.659450   0.000000   0.000000 -29.898240 275.006096 279.278909   0.081646   0.171462 277.331580   0.138888
  5071   0.000000 249.108433 -68.412374 -38.905596   0.659583   0.659583   0.000000   0.000000 -29.909698 274.997832 279.272285   0.081651   0.171462 277.323124   0.138888
  5072   0.000000 249.062615 -68.418600 -38.900468   0.659716   0.659716   0.000000   0.000000 -29.921169 274.989567 279.265661   0.081656   0.171462 277.314666   0.138887
  5073   0.000000 249.016807 -68.424816 -38.895318   0.659851   0.659851   0.000000   0.000000 -29.932654 274.981302 279.259038   0.081661   0.171462 277.306208   0.138887
  5074   0.000000 248.971010 -68.431023 -38.890145   0.659986   0.659986   0.000000   0.000000 -29.944154 274.973036 279.252417   0.081666   0.171462 277.297748   0.138887
  5075   0.000000 248.925223 -68.437220 -38.884950   0.660121   0.660121   0.000000   0.000000 -29.955667 274.964769 279.245797   0.081672   0.171462 277.289288   0.138887
  5076   0.000000 248.879447 -68.443408 -38.879732   0.660258   0.660258   0.000000   0.000000 -29.967194 274.956502 279.239178   0.081677   0.171462 277.280828   0.138887
  5077   0.000000 248.833680 -68.449586 -38.874491   0.660395   0.660395   0.000000   0.000000 -29.978736 274.948233 279.232561   0.081682   0.171462 277.272366   0.138887
  5078   0.000000 248.787924 -68.455755 -38.869228   0.660533   0.660533   0.000000   0.000000 -29.990291 274.939964 279.225944   0.081687   0.171462 277.263904   0.138886
  5079   0.000000 248.742178 -68.461914 -38.863943   0.660672   0.660672   0.000000   0.000000 -30.001860 274.931694 279.219329   0.081692   0.171462 277.255441   0.138886
  5080   0.000000 248.696442 -68.468065 -38.858636   0.660812   0.660812   0.000000   0.000000 -30.013442 274.923424 279.212715   0.081698   0.171462 277.246977   0.138886
  5081   0.000000 248.650716 -68.474206 -38.853307   0.660953   0.660953   0.000000   0.000000 -30.025039 274.915152 279.206102   0.081703   0.171462 277.238512   0.138886
  5082   0.000000 248.605000 -68.480337 -38.847955   0.661095   0.661095   0.000000   0.000000 -30.036649 274.906880 279.199490   0.081708   0.171462 277.230046   0.138886
  5083   0.000000 248.559294 -68.486460 -38.842582   0.661237   0.661237   0.000000   0.000000 -30.048273 274.898607 279.192880   0.081713   0.171462 277.221580   0.138885
  5084   0.000000 248.513598 -68.492573 -38.837186   0.661381   0.661381   0.000000   0.000000 -30.059911 274.890333 279.186270   0.081719   0.171462 277.213112   0.138885
  5085   0.000000 248.467911 -68.498677 -38.831769   0.661525   0.661525   0.000000   0.000000 -30.071562 274.882058 279.179662   0.081724   0.171462 277.204644   0.138885
  5086   0.000000 248.422234 -68.504772 -38.826330   0.661671   0.661671   0.000000   0.000000 -30.083227 274.873783 279.173055   0.081729   0.171462 277.196175   0.138885
  5087   0.000000 248.376567 -68.510858 -38.820869   0.661817   0.661817   0.000000   0.000000 -30.094906 274.865506 279.166449   0.081734   0.171462 277.187705   0.138885
  5088   0.000000 248.330909 -68.516935 -38.815387   0.661965   0.661965   0.000000   0.000000 -30.106599 274.857229 279.159844   0.081739   0.171462 277.179235   0.138884
  5089   0.000000 248.285260 -68.523003 -38.809883   0.662113   0.662113   0.000000   0.000000 -30.118305 274.848951 279.153240   0.081745   0.171462 277.170763   0.138884
  5090   0.000000 248.239621 -68.529062 -38.804357   0.662263   0.662263   0.000000   0.000000 -30.130025 274.840672 279.146638   0.081750   0.171462 277.162291   0.138884
  5091   0.000000 248.193992 -68.535113 -38.798810   0.662413   0.662413   0.000000   0.000000 -30.141758 274.832392 279.140036   0.081755   0.171462 277.153817   0.138884
  5092   0.000000 248.148371 -68.541154 -38.793242   0.662565   0.662565   0.000000   0.000000 -30.153505 274.824112 279.133435   0.081760   0.171462 277.145343   0.138884
  5093   0.000000 248.102760 -68.547186 -38.787652   0.662718   0.662718   0.000000   0.000000 -30.165266 274.815830 279.126836   0.081765   0.171462 277.136868   0.138884
  5094   0.000000 248.057158 -68.553210 -38.782041   0.662871   0.662871   0.000000   0.000000 -30.177040 274.807548 279.120238   0.081771   0.171462 277.128392   0.138883
  5095   0.000000 248.011565 -68.559224 -38.776408   0.663026   0.663026   0.000000   0.000000 -30.188828 274.799265 279.113640   0.081776   0.171462 277.119915   0.138883
  5096   0.000000 247.965981 -68.565230 -38.770754   0.663182   0.663182   0.000000   0.000000 -30.200629 274.790981 279.107044   0.081781   0.171462 277.111437   0.138883
  5097   0.000000 247.920406 -68.571227 -38.765079   0.663339   0.663339   0.000000   0.000000 -30.212444 274.782696 279.100449   0.081786   0.171462 277.102958   0.138883
  5098   0.000000 247.874840 -68.577216 -38.759383   0.663497   0.663497   0.000000   0.000000 -30.224273 274.774410 279.093855   0.081791   0.171462 277.094478   0.138883
  5099   0.000000 247.829283 -68.583196 -38.753666   0.663657   0.663657   0.000000   0.000000 -30.236115 274.766123 279.087261   0.081797   0.171462 277.085997   0.138882
  5100   0.000000 247.783734 -68.589167 -38.747928   0.663817   0.663817   0.000000   0.000000 -30.247970 274.757835 279.080669   0.081802   0.171462 277.077516   0.138882
  5101   0.000000 247.738195 -68.595129 -38.742169   0.663978   0.663978   0.000000   0.000000 -30.259840 274.749546 279.074078   0.081807   0.171462 277.069033   0.138882
  5102   0.000000 247.692664 -68.601083 -38.736388   0.664141   0.664141   0.000000   0.000000 -30.271722 274.741257 279.067488   0.081812   0.171462 277.060549   0.138882
  5103   0.000000 247.647141 -68.607028 -38.730587   0.664305   0.664305   0.000000   0.000000 -30.283618 274.732966 279.060899   0.081817   0.171462 277.052065   0.138882
  5104   0.000000 247.601627 -68.612965 -38.724765   0.664470   0.664470   0.000000   0.000000 -30.295528 274.724675 279.054311   0.081823   0.171462 277.043579   0.138881
  5105   0.000000 247.556122 -68.618893 -38.718922   0.664636   0.664636   0.000000   0.000000 -30.307451 274.716382 279.047724   0.081828   0.171462 277.035093   0.138881
  5106   0.000000 247.510625 -68.624813 -38.713058   0.664803   0.664803   0.000000   0.000000 -30.319387 274.708089 279.041137   0.081833   0.171462 277.026605   0.138881
  5107   0.000000 247.465137 -68.630724 -38.707174   0.664972   0.664972   0.000000   0.000000 -30.331337 274.699795 279.034552   0.081838   0.171462 277.018117   0.138881
  5108   0.000000 247.419656 -68.636626 -38.701269   0.665141   0.665141   0.000000   0.000000 -30.343301 274.691500 279.027968   0.081843   0.171462 277.009627   0.138881
  5109   0.000000 247.374185 -68.642521 -38.695343   0.665312   0.665312   0.000000   0.000000 -30.355278 274.683203 279.021384   0.081849   0.171462 277.001137   0.138881
  5110   0.000000 247.328721 -68.648406 -38.689396   0.665484   0.665484   0.000000   0.000000 -30.367268 274.674906 279.014802   0.081854   0.171462 276.992645   0.138880
  5111   0.000000 247.283265 -68.654284 -38.683429   0.665657   0.665657   0.000000   0.000000 -30.379272 274.666608 279.008221   0.081859   0.171462 276.984153   0.138880
  5112   0.000000 247.237818 -68.660153 -38.677441   0.665832   0.665832   0.000000   0.000000 -30.391289 274.658309 279.001640   0.081864   0.171462 276.975659   0.138880
  5113   0.000000 247.192379 -68.666014 -38.671433   0.666007   0.666007   0.000000   0.000000 -30.403320 274.650009 278.995061   0.081869   0.171462 276.967164   0.138880
  5114   0.000000 247.146947 -68.671866 -38.665404   0.666184   0.666184   0.000000   0.000000 -30.415364 274.641707 278.988482   0.081875   0.171462 276.958669   0.138880
  5115   0.000000 247.101524 -68.677710 -38.659355   0.666362   0.666362   0.000000   0.000000 -30.427421 274.633405 278.981904   0.081880   0.171462 276.950172   0.138879
  5116   0.000000 247.056108 -68.683546 -38.653285   0.666541   0.666541   0.000000   0.000000 -30.439492 274.625102 278.975327   0.081885   0.171462 276.941674   0.138879
  5117   0.000000 247.010700 -68.689374 -38.647195   0.666722   0.666722   0.000000   0.000000 -30.451576 274.616798 278.968751   0.081890   0.171462 276.933175   0.138879
  5118   0.000000 246.965300 -68.695193 -38.641084   0.666904   0.666904   0.000000   0.000000 -30.463674 274.608492 278.962176   0.081895   0.171462 276.924675   0.138879
  5119   0.000000 246.919908 -68.701005 -38.634953   0.667086   0.667086   0.000000   0.000000 -30.475785 274.600186 278.955602   0.081901   0.171462 276.916174   0.138879
  5120   0.000000 246.874524 -68.706808 -38.628802   0.667270   0.667270   0.000000   0.000000 -30.487909 274.591879 278.949028   0.081906   0.171462 276.907672   0.138878
  5121   0.000000 246.829147 -68.712602 -38.622630   0.667456   0.667456   0.000000   0.000000 -30.500047 274.583571 278.942456   0.081911   0.171462 276.899169   0.138878
  5122   0.000000 246.783777 -68.718389 -38.616438   0.667642   0.667642   0.000000   0.000000 -30.512198 274.575261 278.935884   0.081916   0.171462 276.890664   0.138878
  5123   0.000000 246.738415 -68.724168 -38.610226   0.667830   0.667830   0.000000   0.000000 -30.524362 274.566951 278.929313   0.081921   0.171462 276.882159   0.138878
  5124   0.000000 246.693061 -68.729938 -38.603994   0.668019   0.668019   0.000000   0.000000 -30.536540 274.558639 278.922743   0.081926   0.171462 276.873652   0.138878
  5125   0.000000 246.647714 -68.735701 -38.597741   0.668209   0.668209   0.000000   0.000000 -30.548731 274.550326 278.916174   0.081932   0.171462 276.865144   0.138878
  5126   0.000000 246.602374 -68.741455 -38.591469   0.668401   0.668401   0.000000   0.000000 -30.560935 274.542013 278.909606   0.081937   0.171462 276.856635   0.138877
  5127   0.000000 246.557042 -68.747202 -38.585176   0.668594   0.668594   0.000000   0.000000 -30.573153 274.533698 278.903038   0.081942   0.171462 276.848125   0.138877
  5128   0.000000 246.511717 -68.752940 -38.578863   0.668788   0.668788   0.000000   0.000000 -30.585384 274.525382 278.896472   0.081947   0.171462 276.839614   0.138877
  5129   0.000000 246.466399 -68.758670 -38.572530   0.668983   0.668983   0.000000   0.000000 -30.597628 274.517065 278.889906   0.081952   0.171462 276.831102   0.138877
  5130   0.000000 246.421088 -68.764393 -38.566178   0.669179   0.669179   0.000000   0.000000 -30.609886 274.508747 278.883341   0.081958   0.171462 276.822589   0.138877
  5131   0.000000 246.375785 -68.770107 -38.559805   0.669377   0.669377   0.000000   0.000000 -30.622156 274.500428 278.876776   0.081963   0.171462 276.814074   0.138876
  5132   0.000000 246.330488 -68.775814 -38.553412   0.669576   0.669576   0.000000   0.000000 -30.634441 274.492107 278.870213   0.081968   0.171462 276.805558   0.138876
  5133   0.000000 246.285198 -68.781512 -38.546999   0.669776   0.669776   0.000000   0.000000 -30.646738 274.483786 278.863650   0.081973   0.171462 276.797041   0.138876
  5134   0.000000 246.239916 -68.787203 -38.540566   0.669978   0.669978   0.000000   0.000000 -30.659049 274.475463 278.857088   0.081978   0.171462 276.788523   0.138876
  5135   0.000000 246.194640 -68.792886 -38.534114   0.670180   0.670180   0.000000   0.000000 -30.671373 274.467140 278.850527   0.081983   0.171462 276.780003   0.138876
  5136   0.000000 246.149371 -68.798561 -38.527641   0.670384   0.670384   0.000000   0.000000 -30.683710 274.458815 278.843966   0.081989   0.171462 276.771483   0.138875
  5137   0.000000 246.104109 -68.804228 -38.521149   0.670589   0.670589   0.000000   0.000000 -30.696061 274.450489 278.837407   0.081994   0.171462 276.762961   0.138875
  5138   0.000000 246.058854 -68.809888 -38.514637   0.670796   0.670796   0.000000   0.000000 -30.708425 274.442162 278.830848   0.081999   0.171462 276.754438   0.138875
  5139   0.000000 246.013605 -68.815539 -38.508105   0.671004   0.671004   0.000000   0.000000 -30.720802 274.433833 278.824289   0.082004   0.171462 276.745914   0.138875
  5140   0.000000 245.968363 -68.821183 -38.501553   0.671213   0.671213   0.000000   0.000000 -30.733192 274.425504 278.817732   0.082009   0.171462 276.737388   0.138875
  5141   0.000000 245.923128 -68.826819 -38.494982   0.671423   0.671423   0.000000   0.000000 -30.745596 274.417173 278.811175   0.082015   0.171462 276.728862   0.138874
  5142   0.000000 245.877899 -68.832448 -38.488391   0.671635   0.671635   0.000000   0.000000 -30.758013 274.408841 278.804619   0.082020   0.171462 276.720334   0.138874
  5143   0.000000 245.832676 -68.838068 -38.481780   0.671847   0.671847   0.000000   0.000000 -30.770443 274.400508 278.798064   0.082025   0.171462 276.711804   0.138874
  5144   0.000000 245.787460 -68.843681 -38.475149   0.672061   0.672061   0.000000   0.000000 -30.782886 274.392174 278.791509   0.082030   0.171461 276.703274   0.138874
  5145   0.000000 245.742251 -68.849287 -38.468499   0.672277   0.672277   0.000000   0.000000 -30.795343 274.383839 278.784955   0.082035   0.171461 276.694742   0.138874
  5146   0.000000 245.697048 -68.854884 -38.461829   0.672493   0.672493   0.000000   0.000000 -30.807812 274.375502 278.778402   0.082040   0.171461 276.686209   0.138874
  5147   0.000000 245.651851 -68.860474 -38.455140   0.672711   0.672711   0.000000   0.000000 -30.820295 274.367164 278.771849   0.082046   0.171461 276.677675   0.138873
  5148   0.000000 245.606661 -68.866057 -38.448431   0.672930   0.672930   0.000000   0.000000 -30.832791 274.358825 278.765297   0.082051   0.171461 276.669139   0.138873
  5149   0.000000 245.561476 -68.871631 -38.441703   0.673151   0.673151   0.000000   0.000000 -30.845301 274.350485 278.758746   0.082056   0.171461 276.660603   0.138873
  5150   0.000000 245.516298 -68.877199 -38.434955   0.673372   0.673372   0.000000   0.000000 -30.857823 274.342144 278.752195   0.082061   0.171461 276.652064   0.138873
  5151   0.000000 245.471126 -68.882758 -38.428187   0.673595   0.673595   0.000000   0.000000 -30.870359 274.333801 278.745645   0.082066   0.171461 276.643525   0.138873
  5152   0.000000 245.425960 -68.888310 -38.421400   0.673819   0.673819   0.000000   0.000000 -30.882908 274.325457 278.739096   0.082071   0.171461 276.634984   0.138872
  5153   0.000000 245.380800 -68.893855 -38.414594   0.674045   0.674045   0.000000   0.000000 -30.895470 274.317112 278.732547   0.082077   0.171461 276.626442   0.138872
  5154   0.000000 245.335646 -68.899392 -38.407768   0.674272   0.674272   0.000000   0.000000 -30.908046 274.308765 278.725999   0.082082   0.171461 276.617899   0.138872
  5155   0.000000 245.290498 -68.904921 -38.400923   0.674500   0.674500   0.000000   0.000000 -30.920634 274.300418 278.719451   0.082087   0.171461 276.609354   0.138872
  5156   0.000000 245.245356 -68.910443 -38.394058   0.674729   0.674729   0.000000   0.000000 -30.933236 274.292069 278.712904   0.082092   0.171461 276.600808   0.138872
  5157   0.000000 245.200220 -68.915958 -38.387174   0.674959   0.674959   0.000000   0.000000 -30.945851 274.283718 278.706358   0.082097   0.171461 276.592260   0.138871
  5158   0.000000 245.155090 -68.921465 -38.380271   0.675191   0.675191   0.000000   0.000000 -30.958479 274.275367 278.699813   0.082102   0.171461 276.583712   0.138871
  5159   0.000000 245.109965 -68.926965 -38.373348   0.675424   0.675424   0.000000   0.000000 -30.971120 274.267014 278.693268   0.082108   0.171461 276.575161   0.138871
  5160   0.000000 245.064846 -68.932457 -38.366406   0.675659   0.675659   0.000000   0.000000 -30.983774 274.258660 278.686723   0.082113   0.171461 276.566610   0.138871
  5161   0.000000 245.019733 -68.937942 -38.359445   0.675894   0.675894   0.000000   0.000000 -30.996442 274.250305 278.680179   0.082118   0.171461 276.558057   0.138871
  5162   0.000000 244.974625 -68.943419 -38.352465   0.676131   0.676131   0.000000   0.000000 -31.009122 274.241948 278.673636   0.082123   0.171461 276.549503   0.138870
  5163   0.000000 244.929523 -68.948890 -38.345465   0.676369   0.676369   0.000000   0.000000 -31.021816 274.233590 278.667093   0.082128   0.171461 276.540947   0.138870
  5164   0.000000 244.884426 -68.954352 -38.338446   0.676609   0.676609   0.000000   0.000000 -31.034523 274.225231 278.660551   0.082133   0.171461 276.532390   0.138870
  5165   0.000000 244.839335 -68.959808 -38.331408   0.676850   0.676850   0.000000   0.000000 -31.047243 274.216870 278.654009   0.082139   0.171461 276.523832   0.138870
  5166   0.000000 244.794250 -68.965256 -38.324351   0.677092   0.677092   0.000000   0.000000 -31.059976 274.208508 278.647468   0.082144   0.171461 276.515272   0.138870
  5167   0.000000 244.749169 -68.970697 -38.317274   0.677335   0.677335   0.000000   0.000000 -31.072723 274.200145 278.640928   0.082149   0.171461 276.506711   0.138870
  5168   0.000000 244.704095 -68.976130 -38.310179   0.677580   0.677580   0.000000   0.000000 -31.085482 274.191780 278.634388   0.082154   0.171461 276.498148   0.138869
  5169   0.000000 244.659025 -68.981557 -38.303064   0.677825   0.677825   0.000000   0.000000 -31.098255 274.183414 278.627848   0.082159   0.171461 276.489584   0.138869
  5170   0.000000 244.613961 -68.986976 -38.295931   0.678072   0.678072   0.000000   0.000000 -31.111040 274.175047 278.621310   0.082164   0.171461 276.481018   0.138869
  5171   0.000000 244.568902 -68.992388 -38.288778   0.678321   0.678321   0.000000   0.000000 -31.123839 274.166678 278.614771   0.082170   0.171461 276.472451   0.138869
  5172   0.000000 244.523848 -68.997792 -38.281606   0.678571   0.678571   0.000000   0.000000 -31.136651 274.158308 278.608233   0.082175   0.171461 276.463883   0.138869
  5173   0.000000 244.478799 -69.003190 -38.274415   0.678822   0.678822   0.000000   0.000000 -31.149476 274.149937 278.601696   0.082180   0.171461 276.455313   0.138868
  5174   0.000000 244.433756 -69.008580 -38.267206   0.679074   0.679074   0.000000   0.000000 -31.162314 274.141564 278.595159   0.082185   0.171461 276.446742   0.138868
  5175   0.000000 244.388717 -69.013963 -38.259977   0.679327   0.679327   0.000000   0.000000 -31.175165 274.133190 278.588623   0.082190   0.171461 276.438169   0.138868
  5176   0.000000 244.343683 -69.019339 -38.252729   0.679582   0.679582   0.000000   0.000000 -31.188029 274.124814 278.582087   0.082195   0.171461 276.429595   0.138868
  5177   0.000000 244.298655 -69.024708 -38.245463   0.679838   0.679838   0.000000   0.000000 -31.200906 274.116437 278.575551   0.082200   0.171461 276.421019   0.138868
  5178   0.000000 244.253631 -69.030069 -38.238177   0.680096   0.680096   0.000000   0.000000 -31.213797 274.108059 278.569016   0.082206   0.171461 276.412442   0.138867
  5179   0.000000 244.208613 -69.035424 -38.230873   0.680354   0.680354   0.000000   0.000000 -31.226700 274.099679 278.562482   0.082211   0.171461 276.403863   0.138867
  5180   0.000000 244.163599 -69.040771 -38.223549   0.680614   0.680614   0.000000   0.000000 -31.239617 274.091298 278.555948   0.082216   0.171461 276.395283   0.138867
  5181   0.000000 244.118590 -69.046112 -38.216207   0.680875   0.680875   0.000000   0.000000 -31.252546 274.082916 278.549414   0.082221   0.171461 276.386702   0.138867
  5182   0.000000 244.073585 -69.051445 -38.208846   0.681138   0.681138   0.000000   0.000000 -31.265489 274.074532 278.542881   0.082226   0.171461 276.378118   0.138867
  5183   0.000000 244.028586 -69.056771 -38.201466   0.681402   0.681402   0.000000   0.000000 -31.278444 274.066147 278.536348   0.082231   0.171461 276.369534   0.138866
  5184   0.000000 243.983591 -69.062091 -38.194068   0.681667   0.681667   0.000000   0.000000 -31.291413 274.057760 278.529816   0.082237   0.171461 276.360947   0.138866
  5185   0.000000 243.938600 -69.067403 -38.186650   0.681933   0.681933   0.000000   0.000000 -31.304395 274.049372 278.523284   0.082242   0.171461 276.352360   0.138866
  5186   0.000000 243.893615 -69.072708 -38.179214   0.682201   0.682201   0.000000   0.000000 -31.317390 274.040982 278.516753   0.082247   0.171461 276.343771   0.138866
  5187   0.000000 243.848634 -69.078006 -38.171760   0.682469   0.682469   0.000000   0.000000 -31.330397 274.032591 278.510222   0.082252   0.171461 276.335180   0.138866
  5188   0.000000 243.803657 -69.083297 -38.164286   0.682740   0.682740   0.000000   0.000000 -31.343418 274.024198 278.503691   0.082257   0.171461 276.326587   0.138865
  5189   0.000000 243.758685 -69.088582 -38.156794   0.683011   0.683011   0.000000   0.000000 -31.356452 274.015804 278.497161   0.082262   0.171461 276.317994   0.138865
  5190   0.000000 243.713717 -69.093859 -38.149283   0.683284   0.683284   0.000000   0.000000 -31.369499 274.007409 278.490632   0.082267   0.171461 276.309398   0.138865
  5191   0.000000 243.668754 -69.099130 -38.141753   0.683558   0.683558   0.000000   0.000000 -31.382559 273.999012 278.484102   0.082273   0.171461 276.300801   0.138865
  5192   0.000000 243.623795 -69.104393 -38.134205   0.683833   0.683833   0.000000   0.000000 -31.395632 273.990613 278.477573   0.082278   0.171461 276.292203   0.138865
  5193   0.000000 243.578841 -69.109650 -38.126638   0.684110   0.684110   0.000000   0.000000 -31.408718 273.982214 278.471045   0.082283   0.171461 276.283602   0.138865
  5194   0.000000 243.533890 -69.114899 -38.119053   0.684388   0.684388   0.000000   0.000000 -31.421816 273.973812 278.464516   0.082288   0.171461 276.275001   0.138864
  5195   0.000000 243.488944 -69.120142 -38.111449   0.684667   0.684667   0.000000   0.000000 -31.434928 273.965409 278.457988   0.082293   0.171461 276.266397   0.138864
  5196   0.000000 243.444002 -69.125378 -38.103827   0.684947   0.684947   0.000000   0.000000 -31.448053 273.957005 278.451461   0.082298   0.171461 276.257793   0.138864
  5197   0.000000 243.399065 -69.130607 -38.096186   0.685229   0.685229   0.000000   0.000000 -31.461191 273.948599 278.444934   0.082303   0.171461 276.249186   0.138864
  5198   0.000000 243.354131 -69.135830 -38.088526   0.685512   0.685512   0.000000   0.000000 -31.474342 273.940192 278.438407   0.082309   0.171461 276.240578   0.138864
  5199   0.000000 243.309201 -69.141045 -38.080848   0.685796   0.685796   0.000000   0.000000 -31.487506 273.931783 278.431881   0.082314   0.171461 276.231968   0.138863
  5200   0.000000 243.264276 -69.146254 -38.073152   0.686082   0.686082   0.000000   0.000000 -31.500683 273.923373 278.425354   0.082319   0.171461 276.223357   0.138863
  5201   0.000000 243.219355 -69.151456 -38.065437   0.686369   0.686369   0.000000   0.000000 -31.513872 273.914961 278.418829   0.082324   0.171461 276.214744   0.138863
  5202   0.000000 243.174437 -69.156651 -38.057703   0.686657   0.686657   0.000000   0.000000 -31.527075 273.906547 278.412303   0.082329   0.171461 276.206130   0.138863
  5203   0.000000 243.129523 -69.161839 -38.049952   0.686946   0.686946   0.000000   0.000000 -31.540291 273.898132 278.405778   0.082334   0.171461 276.197513   0.138863
  5204   0.000000 243.084614 -69.167021 -38.042181   0.687237   0.687237   0.000000   0.000000 -31.553519 273.889716 278.399253   0.082339   0.171461 276.188896   0.138862
  5205   0.000000 243.039708 -69.172196 -38.034393   0.687529   0.687529   0.000000   0.000000 -31.566761 273.881298 278.392729   0.082344   0.171461 276.180276   0.138862
  5206   0.000000 242.994806 -69.177364 -38.026586   0.687823   0.687823   0.000000   0.000000 -31.580015 273.872878 278.386205   0.082350   0.171461 276.171655   0.138862
  5207   0.000000 242.949908 -69.182526 -38.018761   0.688117   0.688117   0.000000   0.000000 -31.593283 273.864457 278.379681   0.082355   0.171461 276.163032   0.138862
  5208   0.000000 242.905013 -69.187681 -38.010917   0.688413   0.688413   0.000000   0.000000 -31.606563 273.856035 278.373157   0.082360   0.171461 276.154408   0.138862
  5209   0.000000 242.860123 -69.192829 -38.003055   0.688710   0.688710   0.000000   0.000000 -31.619857 273.847610 278.366634   0.082365   0.171461 276.145782   0.138861
  5210   0.000000 242.815236 -69.197970 -37.995175   0.689009   0.689009   0.000000   0.000000 -31.633163 273.839185 278.360111   0.082370   0.171461 276.137154   0.138861
  5211   0.000000 242.770352 -69.203105 -37.987277   0.689309   0.689309   0.000000   0.000000 -31.646482 273.830757 278.353588   0.082375   0.171461 276.128525   0.138861
  5212   0.000000 242.725472 -69.208233 -37.979360   0.689610   0.689610   0.000000   0.000000 -31.659814 273.822328 278.347065   0.082380   0.171461 276.119894   0.138861
  5213   0.000000 242.680596 -69.213355 -37.971425   0.689912   0.689912   0.000000   0.000000 -31.673159 273.813898 278.340543   0.082386   0.171461 276.111261   0.138861
  5214   0.000000 242.635723 -69.218470 -37.963472   0.690216   0.690216   0.000000   0.000000 -31.686517 273.805466 278.334021   0.082391   0.171461 276.102626   0.138860
  5215   0.000000 242.590854 -69.223578 -37.955501   0.690521   0.690521   0.000000   0.000000 -31.699887 273.797032 278.327499   0.082396   0.171461 276.093990   0.138860
  5216   0.000000 242.545988 -69.228680 -37.947512   0.690827   0.690827   0.000000   0.000000 -31.713271 273.788597 278.320978   0.082401   0.171461 276.085352   0.138860
  5217   0.000000 242.501126 -69.233775 -37.939504   0.691134   0.691134   0.000000   0.000000 -31.726668 273.780160 278.314456   0.082406   0.171461 276.076712   0.138860
  5218   0.000000 242.456267 -69.238864 -37.931479   0.691443   0.691443   0.000000   0.000000 -31.740077 273.771721 278.307935   0.082411   0.171461 276.068071   0.138860
  5219   0.000000 242.411411 -69.243946 -37.923435   0.691753   0.691753   0.000000   0.000000 -31.753499 273.763281 278.301415   0.082416   0.171461 276.059428   0.138859
  5220   0.000000 242.366558 -69.249021 -37.915373   0.692065   0.692065   0.000000   0.000000 -31.766934 273.754839 278.294894   0.082421   0.171461 276.050783   0.138859
  5221   0.000000 242.321709 -69.254090 -37.907293   0.692377   0.692377   0.000000   0.000000 -31.780382 273.746396 278.288374   0.082427   0.171461 276.042137   0.138859
  5222   0.000000 242.276863 -69.259153 -37.899195   0.692691   0.692691   0.000000   0.000000 -31.793843 273.737951 278.281853   0.082432   0.171461 276.033489   0.138859
  5223   0.000000 242.232021 -69.264209 -37.891079   0.693007   0.693007   0.000000   0.000000 -31.807317 273.729504 278.275333   0.082437   0.171461 276.024839   0.138859
  5224   0.000000 242.187181 -69.269258 -37.882945   0.693323   0.693323   0.000000   0.000000 -31.820804 273.721056 278.268814   0.082442   0.171461 276.016187   0.138858
  5225   0.000000 242.142345 -69.274301 -37.874793   0.693641   0.693641   0.000000   0.000000 -31.834303 273.712606 278.262294   0.082447   0.171461 276.007533   0.138858
  5226   0.000000 242.097511 -69.279338 -37.866623   0.693960   0.693960   0.000000   0.000000 -31.847815 273.704155 278.255775   0.082452   0.171461 275.998878   0.138858
  5227   0.000000 242.052681 -69.284368 -37.858435   0.694281   0.694281   0.000000   0.000000 -31.861340 273.695701 278.249255   0.082457   0.171461 275.990221   0.138858
  5228   0.000000 242.007854 -69.289392 -37.850230   0.694603   0.694603   0.000000   0.000000 -31.874878 273.687247 278.242736   0.082462   0.171461 275.981562   0.138858
  5229   0.000000 241.963030 -69.294409 -37.842006   0.694926   0.694926   0.000000   0.000000 -31.888429 273.678790 278.236218   0.082467   0.171461 275.972902   0.138857
  5230   0.000000 241.918208 -69.299420 -37.833764   0.695250   0.695250   0.000000   0.000000 -31.901992 273.670332 278.229699   0.082473   0.171461 275.964239   0.138857
  5231   0.000000 241.873390 -69.304425 -37.825505   0.695576   0.695576   0.000000   0.000000 -31.915569 273.661872 278.223180   0.082478   0.171461 275.955575   0.138857
  5232   0.000000 241.828575 -69.309423 -37.817227   0.695903   0.695903   0.000000   0.000000 -31.929158 273.653410 278.216662   0.082483   0.171461 275.946909   0.138857
  5233   0.000000 241.783762 -69.314415 -37.808932   0.696231   0.696231   0.000000   0.000000 -31.942760 273.644947 278.210144   0.082488   0.171461 275.938241   0.138857
  5234   0.000000 241.738952 -69.319400 -37.800619   0.696561   0.696561   0.000000   0.000000 -31.956374 273.636482 278.203625   0.082493   0.171461 275.929572   0.138856
  5235   0.000000 241.694145 -69.324379 -37.792289   0.696892   0.696892   0.000000   0.000000 -31.970002 273.628016 278.197107   0.082498   0.171461 275.920901   0.138856
  5236   0.000000 241.649341 -69.329352 -37.783940   0.697224   0.697224   0.000000   0.000000 -31.983642 273.619547 278.190590   0.082503   0.171461 275.912227   0.138856
  5237   0.000000 241.604540 -69.334318 -37.775574   0.697557   0.697557   0.000000   0.000000 -31.997295 273.611077 278.184072   0.082508   0.171461 275.903552   0.138856
  5238   0.000000 241.559741 -69.339279 -37.767190   0.697892   0.697892   0.000000   0.000000 -32.010961 273.602606 278.177554   0.082513   0.171461 275.894876   0.138856
  5239   0.000000 241.514945 -69.344232 -37.758788   0.698228   0.698228   0.000000   0.000000 -32.024639 273.594132 278.171037   0.082519   0.171461 275.886197   0.138856
  5240   0.000000 241.470151 -69.349180 -37.750368   0.698566   0.698566   0.000000   0.000000 -32.038331 273.585657 278.164519   0.082524   0.171461 275.877516   0.138855
  5241   0.000000 241.425360 -69.354121 -37.741931   0.698904   0.698904   0.000000   0.000000 -32.052035 273.577180 278.158002   0.082529   0.171461 275.868834   0.138855
  5242   0.000000 241.380572 -69.359056 -37.733476   0.699244   0.699244   0.000000   0.000000 -32.065752 273.568702 278.151485   0.082534   0.171461 275.860150   0.138855
  5243   0.000000 241.335786 -69.363985 -37.725004   0.699586   0.699586   0.000000   0.000000 -32.079481 273.560222 278.144968   0.082539   0.171461 275.851464   0.138855
  5244   0.000000 241.291002 -69.368907 -37.716514   0.699928   0.699928   0.000000   0.000000 -32.093223 273.551740 278.138451   0.082544   0.171461 275.842776   0.138855
  5245   0.000000 241.246222 -69.373824 -37.708006   0.700272   0.700272   0.000000   0.000000 -32.106978 273.543256 278.131934   0.082549   0.171461 275.834086   0.138854
  5246   0.000000 241.201443 -69.378734 -37.699481   0.700618   0.700618   0.000000   0.000000 -32.120746 273.534770 278.125417   0.082554   0.171461 275.825395   0.138854
  5247   0.000000 241.156667 -69.383638 -37.690938   0.700964   0.700964   0.000000   0.000000 -32.134526 273.526283 278.118900   0.082559   0.171461 275.816701   0.138854
  5248   0.000000 241.111893 -69.388535 -37.682377   0.701312   0.701312   0.000000   0.000000 -32.148319 273.517794 278.112383   0.082565   0.171461 275.808006   0.138854
  5249   0.000000 241.067122 -69.393427 -37.673799   0.701661   0.701661   0.000000   0.000000 -32.162125 273.509303 278.105867   0.082570   0.171461 275.799309   0.138854
  5250   0.000000 241.022353 -69.398312 -37.665204   0.702012   0.702012   0.000000   0.000000 -32.175944 273.500811 278.099350   0.082575   0.171461 275.790610   0.138853
  5251   0.000000 240.977586 -69.403191 -37.656591   0.702363   0.702363   0.000000   0.000000 -32.189775 273.492317 278.092833   0.082580   0.171461 275.781909   0.138853
  5252   0.000000 240.932821 -69.408064 -37.647961   0.702717   0.702717   0.000000   0.000000 -32.203619 273.483821 278.086317   0.082585   0.171461 275.773206   0.138853
  5253   0.000000 240.888059 -69.412931 -37.639313   0.703071   0.703071   0.000000   0.000000 -32.217475 273.475323 278.079800   0.082590   0.171461 275.764501   0.138853
  5254   0.000000 240.843299 -69.417792 -37.630647   0.703427   0.703427   0.000000   0.000000 -32.231344 273.466823 278.073284   0.082595   0.171461 275.755794   0.138853
  5255   0.000000 240.798541 -69.422647 -37.621965   0.703784   0.703784   0.000000   0.000000 -32.245226 273.458322 278.066768   0.082600   0.171461 275.747086   0.138852
  5256   0.000000 240.753785 -69.427495 -37.613265   0.704142   0.704142   0.000000   0.000000 -32.259121 273.449819 278.060251   0.082605   0.171461 275.738375   0.138852
  5257   0.000000 240.709031 -69.432338 -37.604547   0.704502   0.704502   0.000000   0.000000 -32.273028 273.441314 278.053735   0.082610   0.171461 275.729663   0.138852
  5258   0.000000 240.664279 -69.437174 -37.595812   0.704863   0.704863   0.000000   0.000000 -32.286947 273.431915 278.047214   0.082616   0.171461 275.720492   0.138852
  5259   0.000000 240.619530 -69.438240 -37.600413   0.732469   0.732469   0.000000   0.000000 -32.307096 273.423199 278.040693   0.082621   0.171461 275.711669   0.138852
  5260   0.000000 240.574695 -69.442269 -37.594509   0.735101   0.735101   0.000000   0.000000 -32.322458 273.414561 278.034171   0.082626   0.171461 275.702879   0.138851
  5261   0.000000 240.529843 -69.446647 -37.587386   0.738084   0.738084   0.000000   0.000000 -32.337268 273.405931 278.027648   0.082631   0.171461 275.694089   0.138851
  5262   0.000000 240.484983 -69.451070 -37.580072   0.741096   0.741096   0.000000   0.000000 -32.352018 273.397300 278.021125   0.082636   0.171461 275.685297   0.138851
  5263   0.000000 240.440116 -69.455495 -37.572712   0.744113   0.744113   0.000000   0.000000 -32.366778 273.388665 278.014602   0.082641   0.171461 275.676501   0.138851
  5264   0.000000 240.395242 -69.459916 -37.565326   0.747132   0.747132   0.000000   0.000000 -32.381558 273.380027 278.008078   0.082646   0.171461 275.667702   0.138850
  5265   0.000000 240.350361 -69.464332 -37.557917   0.750153   0.750153   0.000000   0.000000 -32.396357 273.371386 278.001554   0.082651   0.171460 275.658899   0.138850
  5266   0.000000 240.305474 -69.468744 -37.550486   0.753175   0.753175   0.000000   0.000000 -32.411177 273.362741 277.995029   0.082656   0.171460 275.650093   0.138850
  5267   0.000000 240.260581 -69.473151 -37.543035   0.756200   0.756200   0.000000   0.000000 -32.426016 273.354093 277.988504   0.082661   0.171460 275.641282   0.138850
  5268   0.000000 240.215682 -69.477553 -37.535562   0.759226   0.759226   0.000000   0.000000 -32.440874 273.345442 277.981978   0.082666   0.171460 275.632469   0.138850
  5269   0.000000 240.170777 -69.481950 -37.528068   0.762254   0.762254   0.000000   0.000000 -32.455751 273.336788 277.975452   0.082671   0.171460 275.623652   0.138849
  5270   0.000000 240.125866 -69.486343 -37.520553   0.765284   0.765284   0.000000   0.000000 -32.470648 273.328130 277.968925   0.082676   0.171460 275.614832   0.138849
  5271   0.000000 240.080949 -69.490731 -37.513018   0.768316   0.768316   0.000000   0.000000 -32.485563 273.319469 277.962398   0.082681   0.171460 275.606008   0.138849
  5272   0.000000 240.036027 -69.495114 -37.505462   0.771351   0.771351   0.000000   0.000000 -32.500497 273.310806 277.955870   0.082686   0.171460 275.597181   0.138849
  5273   0.000000 239.991099 -69.499492 -37.497887   0.774389   0.774389   0.000000   0.000000 -32.515449 273.302139 277.949341   0.082691   0.171460 275.588350   0.138848
  5274   0.000000 239.946166 -69.503866 -37.490291   0.777428   0.777428   0.000000   0.000000 -32.530419 273.293468 277.942812   0.082696   0.171460 275.579517   0.138848
  5275   0.000000 239.901227 -69.508235 -37.482675   0.780471   0.780471   0.000000   0.000000 -32.545408 273.284795 277.936283   0.082701   0.171460 275.570680   0.138848
  5276   0.000000 239.856283 -69.512599 -37.475040   0.783515   0.783515   0.000000   0.000000 -32.560415 273.276119 277.929753   0.082706   0.171460 275.561839   0.138848
  5277   0.000000 239.811334 -69.516958 -37.467384   0.786563   0.786563   0.000000   0.000000 -32.575439 273.267439 277.923223   0.082711   0.171460 275.552995   0.138848
  5278   0.000000 239.766380 -69.521313 -37.459710   0.789613   0.789613   0.000000   0.000000 -32.590482 273.258757 277.916692   0.082716   0.171460 275.544148   0.138847
  5279   0.000000 239.721420 -69.525662 -37.452015   0.792666   0.792666   0.000000   0.000000 -32.605542 273.250071 277.910160   0.082721   0.171460 275.535298   0.138847
  5280   0.000000 239.676455 -69.530007 -37.444302   0.795722   0.795722   0.000000   0.000000 -32.620620 273.241383 277.903628   0.082726   0.171460 275.526444   0.138847
  5281   0.000000 239.631486 -69.534347 -37.436569   0.798780   0.798780   0.000000   0.000000 -32.635716 273.232691 277.897095   0.082731   0.171460 275.517588   0.138847
  5282   0.000000 239.586511 -69.538682 -37.428817   0.801842   0.801842   0.000000   0.000000 -32.650829 273.223996 277.890562   0.082736   0.171460 275.508727   0.138846
  5283   0.000000 239.541531 -69.543012 -37.421045   0.804906   0.804906   0.000000   0.000000 -32.665960 273.215299 277.884028   0.082741   0.171460 275.499864   0.138846
  5284   0.000000 239.496547 -69.547337 -37.413255   0.807973   0.807973   0.000000   0.000000 -32.681108 273.206598 277.877494   0.082746   0.171460 275.490997   0.138846
  5285   0.000000 239.451558 -69.551658 -37.405446   0.811043   0.811043   0.000000   0.000000 -32.696273 273.197894 277.870959   0.082751   0.171460 275.482128   0.138846
  5286   0.000000 239.406563 -69.555973 -37.397618   0.814116   0.814116   0.000000   0.000000 -32.711455 273.189187 277.864423   0.082756   0.171460 275.473255   0.138845
  5287   0.000000 239.361564 -69.560284 -37.389771   0.817192   0.817192   0.000000   0.000000 -32.726655 273.180477 277.857887   0.082761   0.171460 275.464378   0.138845
  5288   0.000000 239.316561 -69.564590 -37.381906   0.820271   0.820271   0.000000   0.000000 -32.741871 273.171764 277.851350   0.082766   0.171460 275.455499   0.138845
  5289   0.000000 239.271552 -69.568890 -37.374021   0.823353   0.823353   0.000000   0.000000 -32.757105 273.163048 277.844813   0.082771   0.171460 275.446616   0.138845
  5290   0.000000 239.226539 -69.573186 -37.366119   0.826438   0.826438   0.000000   0.000000 -32.772356 273.154329 277.838275   0.082776   0.171460 275.437730   0.138845
  5291   0.000000 239.181522 -69.577477 -37.358197   0.829526   0.829526   0.000000   0.000000 -32.787623 273.146498 277.831741   0.082781   0.171460 275.429299   0.138844
  5292   0.000000 239.136499 -69.585509 -37.337081   0.805610   0.805610   0.000000   0.000000 -32.796702 273.137979 277.825207   0.082786   0.171460 275.420513   0.138844
  5293   0.000000 239.091558 -69.590582 -37.326297   0.806460   0.806460   0.000000   0.000000 -32.810591 273.129379 277.818673   0.082791   0.171460 275.411690   0.138844
  5294   0.000000 239.046630 -69.595300 -37.316665   0.806941   0.806941   0.000000   0.000000 -32.825054 273.120766 277.812138   0.082796   0.171460 275.402861   0.138844
  5295   0.000000 239.001708 -69.599963 -37.307185   0.807394   0.807394   0.000000   0.000000 -32.839605 273.112150 277.805604   0.082801   0.171460 275.394030   0.138843
  5296   0.000000 238.956791 -69.604613 -37.297716   0.807846   0.807846   0.000000   0.000000 -32.854174 273.103533 277.799069   0.082806   0.171460 275.385197   0.138843
  5297   0.000000 238.911878 -69.609256 -37.288237   0.808301   0.808301   0.000000   0.000000 -32.868754 273.094914 277.792534   0.082811   0.171460 275.376362   0.138843
  5298   0.000000 238.866968 -69.613893 -37.278745   0.808759   0.808759   0.000000   0.000000 -32.883343 273.086294 277.785999   0.082816   0.171460 275.367526   0.138843
  5299   0.000000 238.822063 -69.618524 -37.269240   0.809220   0.809220   0.000000   0.000000 -32.897941 273.077672 277.779464   0.082821   0.171460 275.358689   0.138842
  5300   0.000000 238.777161 -69.623148 -37.259722   0.809685   0.809685   0.000000   0.000000 -32.912549 273.069048 277.772929   0.082826   0.171460 275.349849   0.138842
  5301   0.000000 238.732262 -69.627766 -37.250189   0.810152   0.810152   0.000000   0.000000 -32.927167 273.060423 277.766393   0.082831   0.171460 275.341009   0.138842
  5302   0.000000 238.687366 -69.632378 -37.240643   0.810623   0.810623   0.000000   0.000000 -32.941794 273.051796 277.759858   0.082836   0.171460 275.332166   0.138842
  5303   0.000000 238.642474 -69.636983 -37.231083   0.811096   0.811096   0.000000   0.000000 -32.956432 273.043168 277.753322   0.082841   0.171460 275.323322   0.138841
  5304   0.000000 238.597584 -69.641583 -37.221509   0.811571   0.811571   0.000000   0.000000 -32.971079 273.034537 277.746786   0.082846   0.171460 275.314475   0.138841
  5305   0.000000 238.552697 -69.646176 -37.211920   0.812049   0.812049   0.000000   0.000000 -32.985737 273.025906 277.740249   0.082851   0.171460 275.305628   0.138841
  5306   0.000000 238.507814 -69.650763 -37.202318   0.812530   0.812530   0.000000   0.000000 -33.000405 273.017272 277.733713   0.082856   0.171460 275.296778   0.138841
  5307   0.000000 238.462932 -69.655344 -37.192700   0.813013   0.813013   0.000000   0.000000 -33.015083 273.008637 277.727176   0.082861   0.171460 275.287926   0.138841
  5308   0.000000 238.418054 -69.659919 -37.183068   0.813498   0.813498   0.000000   0.000000 -33.029772 273.000000 277.720639   0.082866   0.171460 275.279073   0.138840
  5309   0.000000 238.373178 -69.664488 -37.173422   0.813986   0.813986   0.000000   0.000000 -33.044472 272.991361 277.714102   0.082871   0.171460 275.270218   0.138840
  5310   0.000000 238.328304 -69.669050 -37.163760   0.814476   0.814476   0.000000   0.000000 -33.059182 272.982721 277.707564   0.082876   0.171460 275.261361   0.138840
  5311   0.000000 238.283433 -69.673607 -37.154085   0.814967   0.814967   0.000000   0.000000 -33.073903 272.974079 277.701026   0.082881   0.171460 275.252502   0.138840
  5312   0.000000 238.238563 -69.678158 -37.144394   0.815461   0.815461   0.000000   0.000000 -33.088634 272.965435 277.694489   0.082886   0.171460 275.243641   0.138839
  5313   0.000000 238.193696 -69.682702 -37.134688   0.815958   0.815958   0.000000   0.000000 -33.103377 272.956789 277.687950   0.082891   0.171460 275.234779   0.138839
  5314   0.000000 238.148832 -69.687241 -37.124968   0.816456   0.816456   0.000000   0.000000 -33.118130 272.948141 277.681412   0.082896   0.171460 275.225914   0.138839
  5315   0.000000 238.103969 -69.691774 -37.115232   0.816956   0.816956   0.000000   0.000000 -33.132894 272.939492 277.674873   0.082901   0.171460 275.217047   0.138839
  5316   0.000000 238.059108 -69.696300 -37.105482   0.817458   0.817458   0.000000   0.000000 -33.147669 272.930841 277.668334   0.082906   0.171460 275.208179   0.138838
  5317   0.000000 238.014249 -69.700821 -37.095717   0.817962   0.817962   0.000000   0.000000 -33.162454 272.922188 277.661795   0.082911   0.171460 275.199309   0.138838
  5318   0.000000 237.969392 -69.705336 -37.085937   0.818468   0.818468   0.000000   0.000000 -33.177251 272.913533 277.655256   0.082916   0.171460 275.190436   0.138838
  5319   0.000000 237.924536 -69.709845 -37.076141   0.818976   0.818976   0.000000   0.000000 -33.192059 272.904876 277.648716   0.082921   0.171460 275.181562   0.138838
  5320   0.000000 237.879682 -69.714349 -37.066331   0.819485   0.819485   0.000000   0.000000 -33.206877 272.896218 277.642176   0.082926   0.171460 275.172686   0.138837
  5321   0.000000 237.834830 -69.718846 -37.056505   0.819997   0.819997   0.000000   0.000000 -33.221707 272.887557 277.635635   0.082931   0.171460 275.163807   0.138837
  5322   0.000000 237.789980 -69.723338 -37.046665   0.820510   0.820510   0.000000   0.000000 -33.236547 272.878895 277.629095   0.082936   0.171460 275.154927   0.138837
  5323   0.000000 237.745131 -69.727824 -37.036809   0.821025   0.821025   0.000000   0.000000 -33.251399 272.870231 277.622554   0.082941   0.171460 275.146045   0.138837
  5324   0.000000 237.700284 -69.732304 -37.026938   0.821541   0.821541   0.000000   0.000000 -33.266262 272.861565 277.616013   0.082946   0.171460 275.137160   0.138837
  5325   0.000000 237.655438 -69.736779 -37.017053   0.822060   0.822060   0.000000   0.000000 -33.281136 272.852897 277.609471   0.082951   0.171460 275.128274   0.138836
  5326   0.000000 237.610593 -69.741247 -37.007152   0.822580   0.822580   0.000000   0.000000 -33.296021 272.844227 277.602929   0.082956   0.171460 275.119386   0.138836
  5327   0.000000 237.565750 -69.745710 -36.997235   0.823102   0.823102   0.000000   0.000000 -33.310917 272.835555 277.596387   0.082961   0.171460 275.110495   0.138836
  5328   0.000000 237.520908 -69.750168 -36.987304   0.823625   0.823625   0.000000   0.000000 -33.325824 272.826882 277.589845   0.082966   0.171460 275.101603   0.138836
  5329   0.000000 237.476067 -69.754619 -36.977357   0.824150   0.824150   0.000000   0.000000 -33.340742 272.818206 277.583302   0.082971   0.171460 275.092708   0.138835
  5330   0.000000 237.431227 -69.759066 -36.967396   0.824677   0.824677   0.000000   0.000000 -33.355672 272.809529 277.576759   0.082976   0.171460 275.083812   0.138835
  5331   0.000000 237.386389 -69.763506 -36.957419   0.825206   0.825206   0.000000   0.000000 -33.370612 272.800849 277.570215   0.082981   0.171460 275.074913   0.138835
  5332   0.000000 237.341552 -69.767941 -36.947427   0.825736   0.825736   0.000000   0.000000 -33.385564 272.792168 277.563672   0.082986   0.171460 275.066013   0.138835
  5333   0.000000 237.296715 -69.772370 -36.937420   0.826267   0.826267   0.000000   0.000000 -33.400527 272.783485 277.557128   0.082991   0.171460 275.057110   0.138834
  5334   0.000000 237.251880 -69.776794 -36.927397   0.826801   0.826801   0.000000   0.000000 -33.415501 272.774799 277.550583   0.082996   0.171460 275.048205   0.138834
  5335   0.000000 237.207046 -69.781212 -36.917360   0.827335   0.827335   0.000000   0.000000 -33.430487 272.766112 277.544038   0.083001   0.171460 275.039298   0.138834
  5336   0.000000 237.162213 -69.785624 -36.907307   0.827872   0.827872   0.000000   0.000000 -33.445483 272.757423 277.537493   0.083006   0.171460 275.030389   0.138834
  5337   0.000000 237.117380 -69.790031 -36.897239   0.828410   0.828410   0.000000   0.000000 -33.460491 272.748732 277.530948   0.083010   0.171460 275.021478   0.138833
  5338   0.000000 237.072549 -69.794433 -36.887156   0.828949   0.828949   0.000000   0.000000 -33.475510 272.740039 277.524402   0.083015   0.171460 275.012565   0.138833
  5339   0.000000 237.027718 -69.798829 -36.877058   0.829490   0.829490   0.000000   0.000000 -33.490540 272.731344 277.517856   0.083020   0.171460 275.003649   0.138833
  5340   0.000000 236.982888 -69.803219 -36.866944   0.830033   0.830033   0.000000   0.000000 -33.505582 272.722647 277.511309   0.083025   0.171460 274.994732   0.138833
  5341   0.000000 236.938059 -69.807604 -36.856816   0.830577   0.830577   0.000000   0.000000 -33.520634 272.713948 277.504762   0.083030   0.171460 274.985812   0.138832
  5342   0.000000 236.893230 -69.811984 -36.846672   0.831123   0.831123   0.000000   0.000000 -33.535698 272.705247 277.498215   0.083035   0.171460 274.976890   0.138832
  5343   0.000000 236.848403 -69.816358 -36.836513   0.831670   0.831670   0.000000   0.000000 -33.550774 272.696544 277.491667   0.083040   0.171460 274.967966   0.138832
  5344   0.000000 236.803575 -69.820727 -36.826339   0.832219   0.832219   0.000000   0.000000 -33.565860 272.687839 277.485119   0.083045   0.171460 274.959040   0.138832
  5345   0.000000 236.758749 -69.825090 -36.816150   0.832769   0.832769   0.000000   0.000000 -33.580958 272.679132 277.478570   0.083050   0.171460 274.950112   0.138831
  5346   0.000000 236.713923 -69.829448 -36.805946   0.833321   0.833321   0.000000   0.000000 -33.596066 272.670423 277.472021   0.083055   0.171460 274.941182   0.138831
  5347   0.000000 236.669098 -69.833800 -36.795727   0.833874   0.833874   0.000000   0.000000 -33.611187 272.661712 277.465472   0.083060   0.171460 274.932249   0.138831
  5348   0.000000 236.624273 -69.838147 -36.785492   0.834429   0.834429   0.000000   0.000000 -33.626318 272.652999 277.458922   0.083065   0.171460 274.923314   0.138831
  5349   0.000000 236.579448 -69.842489 -36.775243   0.834985   0.834985   0.000000   0.000000 -33.641461 272.644284 277.452372   0.083070   0.171460 274.914377   0.138831
  5350   0.000000 236.534625 -69.846825 -36.764979   0.835543   0.835543   0.000000   0.000000 -33.656614 272.635567 277.445821   0.083075   0.171460 274.905438   0.138830
  5351   0.000000 236.489801 -69.851156 -36.754699   0.836102   0.836102   0.000000   0.000000 -33.671779 272.626848 277.439270   0.083080   0.171460 274.896497   0.138830
  5352   0.000000 236.444978 -69.855482 -36.744404   0.836663   0.836663   0.000000   0.000000 -33.686956 272.618127 277.432719   0.083085   0.171460 274.887553   0.138830
  5353   0.000000 236.400155 -69.859802 -36.734095   0.837225   0.837225   0.000000   0.000000 -33.702143 272.609404 277.426167   0.083090   0.171460 274.878608   0.138830
  5354   0.000000 236.355333 -69.864117 -36.723770   0.837789   0.837789   0.000000   0.000000 -33.717342 272.600679 277.419615   0.083095   0.171460 274.869660   0.138829
  5355   0.000000 236.310511 -69.868427 -36.713430   0.838354   0.838354   0.000000   0.000000 -33.732552 272.591952 277.413062   0.083100   0.171460 274.860710   0.138829
  5356   0.000000 236.265689 -69.872731 -36.703076   0.838921   0.838921   0.000000   0.000000 -33.747773 272.583222 277.406509   0.083105   0.171460 274.851758   0.138829
  5357   0.000000 236.220867 -69.877030 -36.692706   0.839489   0.839489   0.000000   0.000000 -33.763006 272.574491 277.399955   0.083109   0.171460 274.842803   0.138829
  5358   0.000000 236.176046 -69.881324 -36.682322   0.840058   0.840058   0.000000   0.000000 -33.778249 272.565758 277.393401   0.083114   0.171460 274.833846   0.138828
  5359   0.000000 236.131225 -69.885613 -36.671922   0.840629   0.840629   0.000000   0.000000 -33.793504 272.557022 277.386847   0.083119   0.171460 274.824887   0.138828
  5360   0.000000 236.086404 -69.889896 -36.661508   0.841202   0.841202   0.000000   0.000000 -33.808770 272.548285 277.380292   0.083124   0.171460 274.815926   0.138828
  5361   0.000000 236.041583 -69.894174 -36.651078   0.841776   0.841776   0.000000   0.000000 -33.824048 272.539545 277.373736   0.083129   0.171460 274.806963   0.138828
  5362   0.000000 235.996762 -69.898447 -36.640634   0.842352   0.842352   0.000000   0.000000 -33.839336 272.530804 277.367180   0.083134   0.171460 274.797997   0.138827
  5363   0.000000 235.951942 -69.902715 -36.630175   0.842929   0.842929   0.000000   0.000000 -33.854636 272.522060 277.360624   0.083139   0.171460 274.789029   0.138827
  5364   0.000000 235.907121 -69.906977 -36.619701   0.843507   0.843507   0.000000   0.000000 -33.869947 272.513314 277.354067   0.083144   0.171460 274.780059   0.138827
  5365   0.000000 235.862301 -69.911235 -36.609212   0.844087   0.844087   0.000000   0.000000 -33.885269 272.504567 277.347510   0.083149   0.171460 274.771087   0.138827
  5366   0.000000 235.817480 -69.915487 -36.598708   0.844668   0.844668   0.000000   0.000000 -33.900602 272.495817 277.340952   0.083154   0.171460 274.762112   0.138826
  5367   0.000000 235.772660 -69.919734 -36.588190   0.845251   0.845251   0.000000   0.000000 -33.915947 272.487065 277.334394   0.083159   0.171459 274.753135   0.138826
  5368   0.000000 235.727839 -69.923975 -36.577657   0.845836   0.845836   0.000000   0.000000 -33.931303 272.478311 277.327835   0.083164   0.171459 274.744156   0.138826
  5369   0.000000 235.683019 -69.928212 -36.567108   0.846421   0.846421   0.000000   0.000000 -33.946669 272.469554 277.321276   0.083169   0.171459 274.735175   0.138826
  5370   0.000000 235.638198 -69.932443 -36.556546   0.847009   0.847009   0.000000   0.000000 -33.962047 272.460796 277.314716   0.083174   0.171459 274.726191   0.138825
  5371   0.000000 235.593377 -69.936670 -36.545968   0.847598   0.847598   0.000000   0.000000 -33.977436 272.452036 277.308155   0.083179   0.171459 274.717205   0.138825
  5372   0.000000 235.548557 -69.940891 -36.535376   0.848188   0.848188   0.000000   0.000000 -33.992837 272.443273 277.301595   0.083183   0.171459 274.708217   0.138825
  5373   0.000000 235.503736 -69.945107 -36.524769   0.848780   0.848780   0.000000   0.000000 -34.008248 272.434509 277.295033   0.083188   0.171459 274.699227   0.138825
  5374   0.000000 235.458914 -69.949318 -36.514147   0.849373   0.849373   0.000000   0.000000 -34.023671 272.425742 277.288471   0.083193   0.171459 274.690234   0.138824
  5375   0.000000 235.414093 -69.953524 -36.503511   0.849967   0.849967   0.000000   0.000000 -34.039104 272.416973 277.281909   0.083198   0.171459 274.681239   0.138824
  5376   0.000000 235.369272 -69.957725 -36.492860   0.850564   0.850564   0.000000   0.000000 -34.054549 272.408202 277.275346   0.083203   0.171459 274.672242   0.138824
  5377   0.000000 235.324450 -69.961921 -36.482194   0.851161   0.851161   0.000000   0.000000 -34.070005 272.399429 277.268783   0.083208   0.171459 274.663242   0.138824
  5378   0.000000 235.279628 -69.966111 -36.471514   0.851760   0.851760   0.000000   0.000000 -34.085472 272.390654 277.262219   0.083213   0.171459 274.654240   0.138823
  5379   0.000000 235.234805 -69.970297 -36.460819   0.852361   0.852361   0.000000   0.000000 -34.100950 272.381877 277.255654   0.083218   0.171459 274.645236   0.138823
  5380   0.000000 235.189983 -69.974477 -36.450109   0.852963   0.852963   0.000000   0.000000 -34.116440 272.373098 277.249089   0.083223   0.171459 274.636229   0.138823
  5381   0.000000 235.145160 -69.978653 -36.439385   0.853567   0.853567   0.000000   0.000000 -34.131940 272.364316 277.242523   0.083228   0.171459 274.627221   0.138823
  5382   0.000000 235.100337 -69.982823 -36.428647   0.854172   0.854172   0.000000   0.000000 -34.147451 272.355533 277.235957   0.083233   0.171459 274.618209   0.138822
  5383   0.000000 235.055513 -69.986989 -36.417894   0.854779   0.854779   0.000000   0.000000 -34.162974 272.346747 277.229391   0.083238   0.171459 274.609196   0.138822
  5384   0.000000 235.010689 -69.991149 -36.407126   0.855387   0.855387   0.000000   0.000000 -34.178507 272.337959 277.222823   0.083242   0.171459 274.600180   0.138822
  5385   0.000000 234.965865 -69.995305 -36.396344   0.855996   0.855996   0.000000   0.000000 -34.194052 272.329169 277.216256   0.083247   0.171459 274.591162   0.138822
  5386   0.000000 234.921040 -69.999455 -36.385548   0.856607   0.856607   0.000000   0.000000 -34.209607 272.320377 277.209687   0.083252   0.171459 274.582142   0.138821
  5387   0.000000 234.876215 -70.003601 -36.374737   0.857220   0.857220   0.000000   0.000000 -34.225174 272.311582 277.203118   0.083257   0.171459 274.573119   0.138821
  5388   0.000000 234.831389 -70.007741 -36.363911   0.857834   0.857834   0.000000   0.000000 -34.240751 272.302786 277.196549   0.083262   0.171459 274.564094   0.138821
  5389   0.000000 234.786563 -70.011877 -36.353072   0.858449   0.858449   0.000000   0.000000 -34.256340 272.293987 277.189979   0.083267   0.171459 274.555067   0.138821
  5390   0.000000 234.741736 -70.016008 -36.342217   0.859066   0.859066   0.000000   0.000000 -34.271939 272.285186 277.183408   0.083272   0.171459 274.546037   0.138820
  5391   0.000000 234.696909 -70.020133 -36.331349   0.859685   0.859685   0.000000   0.000000 -34.287550 272.276383 277.176837   0.083277   0.171459 274.537005   0.138820
  5392   0.000000 234.652082 -70.024254 -36.320466   0.860305   0.860305   0.000000   0.000000 -34.303172 272.267578 277.170265   0.083282   0.171459 274.527971   0.138820
  5393   0.000000 234.607254 -70.028370 -36.309569   0.860927   0.860927   0.000000   0.000000 -34.318804 272.258771 277.163692   0.083287   0.171459 274.518934   0.138820
  5394   0.000000 234.562425 -70.032481 -36.298658   0.861550   0.861550   0.000000   0.000000 -34.334448 272.249962 277.157119   0.083292   0.171459 274.509895   0.138819
  5395   0.000000 234.517596 -70.036586 -36.287732   0.862174   0.862174   0.000000   0.000000 -34.350102 272.241150 277.150546   0.083296   0.171459 274.500853   0.138819
  5396   0.000000 234.472766 -70.040687 -36.276792   0.862800   0.862800   0.000000   0.000000 -34.365767 272.232336 277.143971   0.083301   0.171459 274.491810   0.138819
  5397   0.000000 234.427935 -70.044784 -36.265838   0.863428   0.863428   0.000000   0.000000 -34.381444 272.223521 277.137396   0.083306   0.171459 274.482763   0.138819
  5398   0.000000 234.383104 -70.048875 -36.254870   0.864057   0.864057   0.000000   0.000000 -34.397131 272.214702 277.130821   0.083311   0.171459 274.473715   0.138818
  5399   0.000000 234.338272 -70.052961 -36.243887   0.864688   0.864688   0.000000   0.000000 -34.412829 272.205882 277.124245   0.083316   0.171459 274.464664   0.138818
  5400   0.000000 234.293440 -70.057043 -36.232891   0.865320   0.865320   0.000000   0.000000 -34.428538 272.197060 277.117668   0.083321   0.171459 274.455611   0.138818
  5401   0.000000 234.248607 -70.061119 -36.221824   0.865953   0.865953   0.000000   0.000000 -34.444258 272.188234 277.111091   0.083326   0.171459 274.446554   0.138818
  5402   0.000000 234.203773 -70.065184 -36.210713   0.866583   0.866583   0.000000   0.000000 -34.460001 272.179403 277.104513   0.083331   0.171459 274.437492   0.138817
  5403   0.000000 234.158940 -70.069235 -36.199564   0.867209   0.867209   0.000000   0.000000 -34.475768 272.170569 277.097934   0.083336   0.171459 274.428426   0.138817
  5404   0.000000 234.114106 -70.073273 -36.188379   0.867831   0.867831   0.000000   0.000000 -34.491558 272.161730 277.091355   0.083340   0.171459 274.419356   0.138817
  5405   0.000000 234.069272 -70.077298 -36.177158   0.868450   0.868450   0.000000   0.000000 -34.507371 272.152888 277.084775   0.083345   0.171459 274.410282   0.138817
  5406   0.000000 234.024438 -70.081312 -36.165901   0.869067   0.869067   0.000000   0.000000 -34.523206 272.144042 277.078194   0.083350   0.171459 274.401204   0.138816
  5407   0.000000 233.979604 -70.085313 -36.154611   0.869681   0.869681   0.000000   0.000000 -34.539063 272.135193 277.071613   0.083355   0.171459 274.392123   0.138816
  5408   0.000000 233.934770 -70.089302 -36.143288   0.870294   0.870294   0.000000   0.000000 -34.554941 272.126339 277.065031   0.083360   0.171459 274.383037   0.138816
  5409   0.000000 233.889935 -70.093279 -36.131931   0.870904   0.870904   0.000000   0.000000 -34.570841 272.117482 277.058448   0.083365   0.171459 274.373947   0.138816
  5410   0.000000 233.845100 -70.097246 -36.120542   0.871513   0.871513   0.000000   0.000000 -34.586761 272.108621 277.051864   0.083370   0.171459 274.364854   0.138815
  5411   0.000000 233.800265 -70.101200 -36.109122   0.872121   0.872121   0.000000   0.000000 -34.602702 272.099757 277.045280   0.083375   0.171459 274.355757   0.138815
  5412   0.000000 233.755430 -70.105144 -36.097670   0.872728   0.872728   0.000000   0.000000 -34.618662 272.090889 277.038695   0.083380   0.171459 274.346656   0.138815
  5413   0.000000 233.710594 -70.109077 -36.086187   0.873334   0.873334   0.000000   0.000000 -34.634643 272.082017 277.032109   0.083384   0.171459 274.337551   0.138815
  5414   0.000000 233.665757 -70.112999 -36.074674   0.873940   0.873940   0.000000   0.000000 -34.650644 272.002350 277.025192   0.083389   0.171459 274.291288   0.138814
  5415   0.000000 233.620919 -69.822785 -37.048239   0.649489   0.649489   0.000000   0.000000 -35.159891 271.989159 277.018259   0.083394   0.171459 274.279861   0.138814
  5416   0.000000 233.569805 -69.814519 -37.079843   0.612546   0.612546   0.000000   0.000000 -35.203697 271.981942 277.011339   0.083400   0.171459 274.271117   0.138814
  5417   0.000000 233.518416 -69.831312 -37.032403   0.592774   0.592774   0.000000   0.000000 -35.205780 271.975368 277.004434   0.083405   0.171459 274.262679   0.138814
  5418   0.000000 233.467272 -69.850557 -36.976078   0.574902   0.574902   0.000000   0.000000 -35.203464 271.968859 276.997544   0.083410   0.171459 274.254280   0.138814
  5419   0.000000 233.416444 -69.869788 -36.918683   0.557276   0.557276   0.000000   0.000000 -35.200797 271.962358 276.990670   0.083415   0.171459 274.245899   0.138814
  5420   0.000000 233.365949 -69.888749 -36.861173   0.539729   0.539729   0.000000   0.000000 -35.198186 271.955862 276.983811   0.083420   0.171459 274.237537   0.138813
  5421   0.000000 233.315792 -69.907425 -36.803726   0.522257   0.522257   0.000000   0.000000 -35.195643 271.949374 276.976966   0.083425   0.171459 274.229199   0.138813
  5422   0.000000 233.265978 -69.925826 -36.746421   0.504867   0.504867   0.000000   0.000000 -35.193143 271.942898 276.970135   0.083430   0.171459 274.220889   0.138813
  5423   0.000000 233.216507 -69.943965 -36.689314   0.487568   0.487568   0.000000   0.000000 -35.190663 271.936436 276.963319   0.083436   0.171459 274.212609   0.138813
  5424   0.000000 233.167378 -69.961852 -36.632450   0.470367   0.470367   0.000000   0.000000 -35.188184 271.929990 276.956517   0.083441   0.171459 274.204361   0.138813
  5425   0.000000 233.118589 -69.979499 -36.575864   0.453269   0.453269   0.000000   0.000000 -35.185693 271.923561 276.949729   0.083446   0.171459 274.196148   0.138813
  5426   0.000000 233.070136 -69.996914 -36.519582   0.436277   0.436277   0.000000   0.000000 -35.183176 271.917151 276.942954   0.083451   0.171459 274.187969   0.138813
  5427   0.000000 233.022014 -70.014106 -36.463627   0.419393   0.419393   0.000000   0.000000 -35.180626 271.910760 276.936193   0.083456   0.171459 274.179827   0.138813
  5428   0.000000 232.974218 -70.031084 -36.408013   0.402620   0.402620   0.000000   0.000000 -35.178034 271.904389 276.929445   0.083462   0.171459 274.171720   0.138812
  5429   0.000000 232.926743 -70.047854 -36.352753   0.385958   0.385958   0.000000   0.000000 -35.175397 271.898038 276.922711   0.083467   0.171459 274.163650   0.138812
  5430   0.000000 232.879582 -70.064425 -36.297855   0.369407   0.369407   0.000000   0.000000 -35.172710 271.891708 276.915990   0.083472   0.171459 274.155617   0.138812
  5431   0.000000 232.832729 -70.080804 -36.243325   0.352968   0.352968   0.000000   0.000000 -35.169970 271.885399 276.909281   0.083478   0.171459 274.147620   0.138812
  5432   0.000000 232.786177 -70.096995 -36.189167   0.336639   0.336639   0.000000   0.000000 -35.167176 271.879110 276.902586   0.083483   0.171459 274.139660   0.138812
  5433   0.000000 232.739921 -70.113006 -36.135381   0.320420   0.320420   0.000000   0.000000 -35.164327 271.872842 276.895903   0.083488   0.171459 274.131735   0.138812
  5434   0.000000 232.693952 -70.128841 -36.081967   0.304310   0.304310   0.000000   0.000000 -35.161422 271.866595 276.889233   0.083494   0.171459 274.123845   0.138812
  5435   0.000000 232.648266 -70.144507 -36.028924   0.288307   0.288307   0.000000   0.000000 -35.158463 271.860368 276.882575   0.083499   0.171459 274.115990   0.138812
  5436   0.000000 232.602854 -70.160009 -35.976249   0.272410   0.272410   0.000000   0.000000 -35.155449 271.854161 276.875929   0.083504   0.171459 274.108170   0.138812
  5437   0.000000 232.557711 -70.175350 -35.923939   0.256618   0.256618   0.000000   0.000000 -35.152381 271.847973 276.869296   0.083510   0.171459 274.100383   0.138812
  5438   0.000000 232.512831 -70.190537 -35.871990   0.240929   0.240929   0.000000   0.000000 -35.149261 271.841805 276.862675   0.083515   0.171459 274.092629   0.138812
  5439   0.000000 232.468206 -70.205572 -35.820397   0.225341   0.225341   0.000000   0.000000 -35.146090 271.835656 276.856066   0.083520   0.171459 274.084908   0.138812
  5440   0.000000 232.423831 -70.220462 -35.769154   0.209853   0.209853   0.000000   0.000000 -35.142870 271.829525 276.849469   0.083526   0.171459 274.077218   0.138812
  5441   0.000000 232.379700 -70.235208 -35.718257   0.194462   0.194462   0.000000   0.000000 -35.139603 271.823413 276.842883   0.083531   0.171459 274.069559   0.138812
  5442   0.000000 232.335806 -70.249816 -35.667700   0.179168   0.179168   0.000000   0.000000 -35.136290 271.817319 276.836310   0.083537   0.171459 274.061931   0.138812
  5443   0.000000 232.292144 -70.264288 -35.617477   0.163968   0.163968   0.000000   0.000000 -35.132933 271.811242 276.829747   0.083542   0.171459 274.054332   0.138811
  5444   0.000000 232.248709 -70.278629 -35.567581   0.148860   0.148860   0.000000   0.000000 -35.129535 271.805183 276.823197   0.083548   0.171459 274.046762   0.138811
  5445   0.000000 232.205495 -70.292842 -35.518008   0.133842   0.133842   0.000000   0.000000 -35.126096 271.799140 276.816657   0.083553   0.171459 274.039221   0.138811
  5446   0.000000 232.162497 -70.306929 -35.468750   0.118914   0.118914   0.000000   0.000000 -35.122620 271.793114 276.810129   0.083559   0.171459 274.031707   0.138811
  5447   0.000000 232.119709 -70.320895 -35.419803   0.104073   0.104073   0.000000   0.000000 -35.119109 271.787104 276.803613   0.083564   0.171459 274.024221   0.138811
  5448   0.000000 232.077126 -70.334741 -35.371158   0.089318   0.089318   0.000000   0.000000 -35.115563 271.781109 276.797107   0.083570   0.171459 274.016761   0.138811
  5449   0.000000 232.034744 -70.348471 -35.322812   0.074646   0.074646   0.000000   0.000000 -35.111986 271.775129 276.790612   0.083575   0.171459 274.009327   0.138811
  5450   0.000000 231.992558 -70.362088 -35.274757   0.060057   0.060057   0.000000   0.000000 -35.108379 271.769165 276.784128   0.083581   0.171459 274.001918   0.138811
  5451   0.000000 231.950564 -70.375594 -35.226988   0.045548   0.045548   0.000000   0.000000 -35.104744 271.763214 276.777655   0.083586   0.171459 273.994533   0.138811
  5452   0.000000 231.908756 -70.388991 -35.179500   0.031119   0.031119   0.000000   0.000000 -35.101082 271.757278 276.771192   0.083592   0.171459 273.987173   0.138811
  5453   0.000000 231.867131 -70.402283 -35.132286   0.016767   0.016767   0.000000   0.000000 -35.097397 271.751356 276.764740   0.083597   0.171459 273.979836   0.138811
  5454   0.000000 231.825685 -70.415470 -35.085340   0.002491   0.002491   0.000000   0.000000 -35.093689 271.745447 276.758299   0.083603   0.171459 273.972522   0.138811
  5455   0.000000 231.784412 -70.428557 -35.038659  -0.011710  -0.011710  -0.000000  -0.000000 -35.089960 271.739552 276.751868   0.083608   0.171459 273.965230   0.138812
  5456   0.000000 231.743311 -70.441544 -34.992235  -0.025838  -0.025838  -0.000000  -0.000000 -35.086212 271.733669 276.745447   0.083614   0.171459 273.957961   0.138812
  5457   0.000000 231.702376 -70.454434 -34.946065  -0.039894  -0.039894  -0.000000  -0.000000 -35.082447 271.727799 276.739037   0.083620   0.171459 273.950712   0.138812
  5458   0.000000 231.661604 -70.467228 -34.900143  -0.053879  -0.053879  -0.000000  -0.000000 -35.078665 271.721941 276.732636   0.083625   0.171459 273.943485   0.138812
  5459   0.000000 231.620992 -70.479930 -34.854464  -0.067796  -0.067796  -0.000000  -0.000000 -35.074870 271.716094 276.726246   0.083631   0.171459 273.936277   0.138812
  5460   0.000000 231.580535 -70.492540 -34.809023  -0.081644  -0.081644  -0.000000  -0.000000 -35.071062 271.710259 276.719865   0.083636   0.171459 273.929090   0.138812
  5461   0.000000 231.540232 -70.505061 -34.763816  -0.095425  -0.095425  -0.000000  -0.000000 -35.067242 271.704436 276.713495   0.083642   0.171459 273.921922   0.138812
  5462   0.000000 231.500078 -70.517494 -34.718839  -0.109141  -0.109141  -0.000000  -0.000000 -35.063412 271.698624 276.707134   0.083648   0.171459 273.914773   0.138812
  5463   0.000000 231.460070 -70.529841 -34.674086  -0.122793  -0.122793  -0.000000  -0.000000 -35.059574 271.692822 276.700783   0.083653   0.171459 273.907643   0.138812
  5464   0.000000 231.420206 -70.542104 -34.629553  -0.136381  -0.136381  -0.000000  -0.000000 -35.055728 271.687031 276.694442   0.083659   0.171459 273.900531   0.138812
  5465   0.000000 231.380482 -70.554283 -34.585237  -0.149908  -0.149908  -0.000000  -0.000000 -35.051877 271.681250 276.688110   0.083665   0.171459 273.893436   0.138812
  5466   0.000000 231.340895 -70.566382 -34.541134  -0.163373  -0.163373  -0.000000  -0.000000 -35.048020 271.675479 276.681787   0.083671   0.171459 273.886359   0.138812
  5467   0.000000 231.301444 -70.578400 -34.497238  -0.176778  -0.176778  -0.000000  -0.000000 -35.044160 271.669717 276.675474   0.083676   0.171459 273.879298   0.138812
  5468   0.000000 231.262124 -70.590340 -34.453548  -0.190124  -0.190124  -0.000000  -0.000000 -35.040297 271.663965 276.669170   0.083682   0.171459 273.872255   0.138812
  5469   0.000000 231.222934 -70.602203 -34.410058  -0.203412  -0.203412  -0.000000  -0.000000 -35.036433 271.658223 276.662876   0.083688   0.171459 273.865227   0.138812
  5470   0.000000 231.183871 -70.613990 -34.366766  -0.216644  -0.216644  -0.000000  -0.000000 -35.032569 271.652489 276.656590   0.083693   0.171459 273.858215   0.138812
  5471   0.000000 231.144932 -70.625703 -34.323667  -0.229818  -0.229818  -0.000000  -0.000000 -35.028705 271.646764 276.650314   0.083699   0.171459 273.851219   0.138813
  5472   0.000000 231.106116 -70.637342 -34.280759  -0.242938  -0.242938  -0.000000  -0.000000 -35.024843 271.641048 276.644046   0.083705   0.171459 273.844238   0.138813
  5473   0.000000 231.067419 -70.648910 -34.238038  -0.256004  -0.256004  -0.000000  -0.000000 -35.020984 271.635341 276.637787   0.083711   0.171459 273.837272   0.138813
  5474   0.000000 231.028840 -70.660406 -34.195501  -0.269015  -0.269015  -0.000000  -0.000000 -35.017128 271.629641 276.631538   0.083717   0.171459 273.830320   0.138813
  5475   0.000000 230.990376 -70.671834 -34.153144  -0.281975  -0.281975  -0.000000  -0.000000 -35.013276 271.623949 276.625296   0.083722   0.171459 273.823383   0.138813
  5476   0.000000 230.952026 -70.683192 -34.110966  -0.294882  -0.294882  -0.000000  -0.000000 -35.009430 271.618266 276.619064   0.083728   0.171459 273.816459   0.138813
  5477   0.000000 230.913786 -70.694483 -34.068963  -0.307738  -0.307738  -0.000000  -0.000000 -35.005589 271.612589 276.612840   0.083734   0.171459 273.809550   0.138813
  5478   0.000000 230.875656 -70.705708 -34.027131  -0.320544  -0.320544  -0.000000  -0.000000 -35.001756 271.606921 276.606625   0.083740   0.171459 273.802653   0.138813
  5479   0.000000 230.837634 -70.716868 -33.985469  -0.333301  -0.333301  -0.000000  -0.000000 -34.997930 271.601259 276.600418   0.083746   0.171459 273.795770   0.138814
  5480   0.000000 230.799716 -70.727963 -33.943974  -0.346008  -0.346008  -0.000000  -0.000000 -34.994113 271.595605 276.594220   0.083751   0.171459 273.788899   0.138814
  5481   0.000000 230.761902 -70.738994 -33.902643  -0.358668  -0.358668  -0.000000  -0.000000 -34.990304 271.589957 276.588030   0.083757   0.171459 273.782041   0.138814
  5482   0.000000 230.724190 -70.749963 -33.861473  -0.371280  -0.371280  -0.000000  -0.000000 -34.986506 271.584317 276.581848   0.083763   0.171459 273.775195   0.138814
  5483   0.000000 230.686578 -70.760871 -33.820463  -0.383845  -0.383845  -0.000000  -0.000000 -34.982717 271.578683 276.575674   0.083769   0.171459 273.768361   0.138814
  5484   0.000000 230.649064 -70.771718 -33.779609  -0.396364  -0.396364  -0.000000  -0.000000 -34.978940 271.573055 276.569509   0.083775   0.171459 273.761539   0.138814
  5485   0.000000 230.611647 -70.782505 -33.738909  -0.408838  -0.408838  -0.000000  -0.000000 -34.975174 271.567434 276.563351   0.083781   0.171459 273.754729   0.138814
  5486   0.000000 230.574324 -70.793233 -33.698362  -0.421266  -0.421266  -0.000000  -0.000000 -34.971421 271.561819 276.557201   0.083787   0.171459 273.747930   0.138815
  5487   0.000000 230.537096 -70.803902 -33.657964  -0.433651  -0.433651  -0.000000  -0.000000 -34.967680 271.556209 276.551060   0.083793   0.171459 273.741142   0.138815
  5488   0.000000 230.499959 -70.814515 -33.617715  -0.445992  -0.445992  -0.000000  -0.000000 -34.963953 271.550606 276.544926   0.083799   0.171459 273.734365   0.138815
  5489   0.000000 230.462913 -70.825071 -33.577611  -0.458290  -0.458290  -0.000000  -0.000000 -34.960239 271.545009 276.538800   0.083805   0.171459 273.727599   0.138815
  5490   0.000000 230.425955 -70.835571 -33.537651  -0.470545  -0.470545  -0.000000  -0.000000 -34.956540 271.539417 276.532682   0.083811   0.171459 273.720844   0.138815
  5491   0.000000 230.389086 -70.846016 -33.497832  -0.482758  -0.482758  -0.000000  -0.000000 -34.952856 271.533830 276.526571   0.083816   0.171459 273.714098   0.138815
  5492   0.000000 230.352302 -70.856406 -33.458154  -0.494930  -0.494930  -0.000000  -0.000000 -34.949187 271.528249 276.520468   0.083822   0.171459 273.707363   0.138816
  5493   0.000000 230.315603 -70.866743 -33.418613  -0.507060  -0.507060  -0.000000  -0.000000 -34.945534 271.522673 276.514373   0.083828   0.171459 273.700638   0.138816
  5494   0.000000 230.278988 -70.877027 -33.379209  -0.519151  -0.519151  -0.000000  -0.000000 -34.941898 271.517102 276.508285   0.083834   0.171459 273.693922   0.138816
  5495   0.000000 230.242456 -70.887258 -33.339939  -0.531201  -0.531201  -0.000000  -0.000000 -34.938278 271.511537 276.502204   0.083840   0.171459 273.687216   0.138816
  5496   0.000000 230.206004 -70.897438 -33.300801  -0.543212  -0.543212  -0.000000  -0.000000 -34.934675 271.505976 276.496131   0.083846   0.171459 273.680519   0.138816
  5497   0.000000 230.169632 -70.907566 -33.261795  -0.555184  -0.555184  -0.000000  -0.000000 -34.931089 271.500420 276.490066   0.083852   0.171459 273.673832   0.138817
  5498   0.000000 230.133338 -70.917644 -33.222918  -0.567117  -0.567117  -0.000000  -0.000000 -34.927522 271.494868 276.484007   0.083858   0.171459 273.667153   0.138817
  5499   0.000000 230.097122 -70.927673 -33.184169  -0.579012  -0.579012  -0.000000  -0.000000 -34.923973 271.489321 276.477956   0.083865   0.171459 273.660483   0.138817
  5500   0.000000 230.060982 -70.937652 -33.145546  -0.590870  -0.590870  -0.000000  -0.000000 -34.920442 271.483779 276.471911   0.083871   0.171459 273.653822   0.138817
  5501   0.000000 230.024918 -70.947582 -33.107047  -0.602690  -0.602690  -0.000000  -0.000000 -34.916930 271.478240 276.465874   0.083877   0.171459 273.647170   0.138817
  5502   0.000000 229.988927 -70.957465 -33.068672  -0.614474  -0.614474  -0.000000  -0.000000 -34.913438 271.472706 276.459844   0.083883   0.171459 273.640526   0.138818
  5503   0.000000 229.953010 -70.967300 -33.030419  -0.626221  -0.626221  -0.000000  -0.000000 -34.909965 271.467177 276.453821   0.083889   0.171459 273.633890   0.138818
  5504   0.000000 229.917164 -70.977087 -32.992286  -0.637933  -0.637933  -0.000000  -0.000000 -34.906513 271.461651 276.447805   0.083895   0.171459 273.627263   0.138818
  5505   0.000000 229.881389 -70.986829 -32.954272  -0.649608  -0.649608  -0.000000  -0.000000 -34.903080 271.456129 276.441796   0.083901   0.171459 273.620643   0.138818
  5506   0.000000 229.845684 -70.996524 -32.916376  -0.661249  -0.661249  -0.000000  -0.000000 -34.899668 271.450611 276.435793   0.083907   0.171459 273.614031   0.138819
  5507   0.000000 229.810048 -71.006174 -32.878596  -0.672854  -0.672854  -0.000000  -0.000000 -34.896277 271.445097 276.429798   0.083913   0.171459 273.607427   0.138819
  5508   0.000000 229.774480 -71.015779 -32.840931  -0.684426  -0.684426  -0.000000  -0.000000 -34.892907 271.439586 276.423809   0.083919   0.171459 273.600830   0.138819
  5509   0.000000 229.738980 -71.025340 -32.803380  -0.695963  -0.695963  -0.000000  -0.000000 -34.889559 271.434079 276.417827   0.083925   0.171459 273.594241   0.138819
  5510   0.000000 229.703545 -71.034856 -32.765941  -0.707466  -0.707466  -0.000000  -0.000000 -34.886232 271.428576 276.411851   0.083932   0.171459 273.587659   0.138820
  5511   0.000000 229.668175 -71.044329 -32.728614  -0.718936  -0.718936  -0.000000  -0.000000 -34.882927 271.423076 276.405882   0.083938   0.171459 273.581084   0.138820
  5512   0.000000 229.632870 -71.053760 -32.691397  -0.730373  -0.730373  -0.000000  -0.000000 -34.879644 271.417579 276.399919   0.083944   0.171459 273.574516   0.138820
  5513   0.000000 229.597628 -71.063147 -32.654290  -0.741777  -0.741777  -0.000000  -0.000000 -34.876384 271.412085 276.393963   0.083950   0.171459 273.567955   0.138820
  5514   0.000000 229.562449 -71.072492 -32.617290  -0.753149  -0.753149  -0.000000  -0.000000 -34.873146 271.406595 276.388014   0.083956   0.171459 273.561401   0.138821
  5515   0.000000 229.527331 -71.081796 -32.580397  -0.764489  -0.764489  -0.000000  -0.000000 -34.869931 271.401108 276.382071   0.083962   0.171459 273.554853   0.138821
  5516   0.000000 229.492275 -71.091058 -32.543610  -0.775797  -0.775797  -0.000000  -0.000000 -34.866739 271.395624 276.376134   0.083969   0.171459 273.548312   0.138821
  5517   0.000000 229.457278 -71.100280 -32.506928  -0.787073  -0.787073  -0.000000  -0.000000 -34.863571 271.390142 276.370203   0.083975   0.171459 273.541777   0.138821
  5518   0.000000 229.422341 -71.109461 -32.470349  -0.798318  -0.798318  -0.000000  -0.000000 -34.860426 271.384664 276.364279   0.083981   0.171459 273.535249   0.138822
  5519   0.000000 229.387462 -71.118601 -32.433873  -0.809533  -0.809533  -0.000000  -0.000000 -34.857304 271.379188 276.358361   0.083987   0.171459 273.528727   0.138822
  5520   0.000000 229.352641 -71.127703 -32.397499  -0.820717  -0.820717  -0.000000  -0.000000 -34.854207 271.373716 276.352449   0.083994   0.171459 273.522211   0.138822
  5521   0.000000 229.317878 -71.136765 -32.361226  -0.831870  -0.831870  -0.000000  -0.000000 -34.851133 271.368245 276.346543   0.084000   0.171459 273.515701   0.138823
  5522   0.000000 229.283170 -71.145788 -32.325053  -0.842994  -0.842994  -0.000000  -0.000000 -34.848084 271.362778 276.340643   0.084006   0.171459 273.509197   0.138823
  5523   0.000000 229.248518 -71.154772 -32.288978  -0.854088  -0.854088  -0.000000  -0.000000 -34.845059 271.357313 276.334750   0.084012   0.171459 273.502699   0.138823
  5524   0.000000 229.213921 -71.163719 -32.253002  -0.865152  -0.865152  -0.000000  -0.000000 -34.842059 271.351850 276.328862   0.084019   0.171459 273.496206   0.138823
  5525   0.000000 229.179378 -71.172627 -32.217122  -0.876187  -0.876187  -0.000000  -0.000000 -34.839083 271.346390 276.322980   0.084025   0.171459 273.489719   0.138824
  5526   0.000000 229.144889 -71.181498 -32.181339  -0.887194  -0.887194  -0.000000  -0.000000 -34.836133 271.340932 276.317104   0.084031   0.171459 273.483237   0.138824
  5527   0.000000 229.110452 -71.190332 -32.145652  -0.898171  -0.898171  -0.000000  -0.000000 -34.833207 271.335476 276.311234   0.084037   0.171459 273.476761   0.138824
  5528   0.000000 229.076068 -71.199129 -32.110059  -0.909120  -0.909120  -0.000000  -0.000000 -34.830307 271.330023 276.305370   0.084044   0.171459 273.470290   0.138825
  5529   0.000000 229.041735 -71.207890 -32.074560  -0.920041  -0.920041  -0.000000  -0.000000 -34.827432 271.324571 276.299512   0.084050   0.171459 273.463824   0.138825
  5530   0.000000 229.007452 -71.216615 -32.039153  -0.930934  -0.930934  -0.000000  -0.000000 -34.824582 271.319122 276.293659   0.084056   0.171459 273.457364   0.138825
  5531   0.000000 228.973220 -71.225304 -32.003839  -0.941799  -0.941799  -0.000000  -0.000000 -34.821758 271.313675 276.287812   0.084063   0.171459 273.450908   0.138826
  5532   0.000000 228.939038 -71.233958 -31.968617  -0.952637  -0.952637  -0.000000  -0.000000 -34.818960 271.308230 276.281971   0.084069   0.171459 273.444458   0.138826
  5533   0.000000 228.904905 -71.242576 -31.933485  -0.963448  -0.963448  -0.000000  -0.000000 -34.816188 271.302787 276.276135   0.084075   0.171459 273.438012   0.138826
  5534   0.000000 228.870820 -71.251160 -31.898443  -0.974231  -0.974231  -0.000000  -0.000000 -34.813442 271.297345 276.270305   0.084082   0.171459 273.431571   0.138827
  5535   0.000000 228.836782 -71.259709 -31.863490  -0.984988  -0.984988  -0.000000  -0.000000 -34.810722 271.291905 276.264481   0.084088   0.171459 273.425135   0.138827
  5536   0.000000 228.802792 -71.268224 -31.828625  -0.995718  -0.995718  -0.000000  -0.000000 -34.808028 271.286467 276.258662   0.084094   0.171459 273.418703   0.138827
  5537   0.000000 228.768849 -71.276705 -31.793848  -1.006421  -1.006421  -0.000000  -0.000000 -34.805361 271.281031 276.252848   0.084101   0.171459 273.412276   0.138828
  5538   0.000000 228.734952 -71.285152 -31.759159  -1.017099  -1.017099  -0.000000  -0.000000 -34.802720 271.275597 276.247040   0.084107   0.171459 273.405853   0.138828
  5539   0.000000 228.701100 -71.293567 -31.724555  -1.027751  -1.027751  -0.000000  -0.000000 -34.800106 271.270164 276.241238   0.084114   0.171459 273.399435   0.138828
  5540   0.000000 228.667293 -71.301948 -31.690038  -1.038376  -1.038376  -0.000000  -0.000000 -34.797518 271.264732 276.235440   0.084120   0.171459 273.393021   0.138829
  5541   0.000000 228.633530 -71.310296 -31.655605  -1.048977  -1.048977  -0.000000  -0.000000 -34.794958 271.259302 276.229648   0.084126   0.171459 273.386611   0.138829
  5542   0.000000 228.599812 -71.318612 -31.621257  -1.059552  -1.059552  -0.000000  -0.000000 -34.792424 271.253874 276.223862   0.084133   0.171459 273.380205   0.138829
  5543   0.000000 228.566136 -71.326896 -31.586993  -1.070101  -1.070101  -0.000000  -0.000000 -34.789917 271.248446 276.218080   0.084139   0.171459 273.373804   0.138830
  5544   0.000000 228.532504 -71.335147 -31.552812  -1.080626  -1.080626  -0.000000  -0.000000 -34.787438 271.243020 276.212304   0.084146   0.171459 273.367406   0.138830
  5545   0.000000 228.498914 -71.343367 -31.518713  -1.091126  -1.091126  -0.000000  -0.000000 -34.784985 271.237596 276.206533   0.084152   0.171459 273.361013   0.138831
  5546   0.000000 228.465365 -71.351556 -31.484696  -1.101601  -1.101601  -0.000000  -0.000000 -34.782560 271.232173 276.200767   0.084159   0.171460 273.354623   0.138831
  5547   0.000000 228.431858 -71.359714 -31.450761  -1.112052  -1.112052  -0.000000  -0.000000 -34.780162 271.226750 276.195006   0.084165   0.171460 273.348237   0.138831
  5548   0.000000 228.398392 -71.367840 -31.416906  -1.122479  -1.122479  -0.000000  -0.000000 -34.777792 271.221329 276.189251   0.084172   0.171460 273.341854   0.138832
  5549   0.000000 228.364966 -71.375936 -31.383132  -1.132882  -1.132882  -0.000000  -0.000000 -34.775449 271.215910 276.183500   0.084178   0.171460 273.335476   0.138832
  5550   0.000000 228.331580 -71.384002 -31.349437  -1.143260  -1.143260  -0.000000  -0.000000 -34.773134 271.210491 276.177755   0.084185   0.171460 273.329101   0.138833
  5551   0.000000 228.298233 -71.392037 -31.315821  -1.153615  -1.153615  -0.000000  -0.000000 -34.770847 271.205073 276.172014   0.084191   0.171460 273.322729   0.138833
  5552   0.000000 228.264926 -71.400043 -31.282284  -1.163947  -1.163947  -0.000000  -0.000000 -34.768588 271.199656 276.166278   0.084198   0.171460 273.316361   0.138833
  5553   0.000000 228.231656 -71.408018 -31.248825  -1.174255  -1.174255  -0.000000  -0.000000 -34.766356 271.194240 276.160548   0.084204   0.171460 273.309996   0.138834
  5554   0.000000 228.198425 -71.415965 -31.215443  -1.184540  -1.184540  -0.000000  -0.000000 -34.764152 271.188825 276.154822   0.084211   0.171460 273.303635   0.138834
  5555   0.000000 228.165232 -71.423882 -31.182138  -1.194802  -1.194802  -0.000000  -0.000000 -34.761977 271.183411 276.149101   0.084217   0.171460 273.297277   0.138835
  5556   0.000000 228.132075 -71.431770 -31.148910  -1.205041  -1.205041  -0.000000  -0.000000 -34.759829 271.177997 276.143385   0.084224   0.171460 273.290922   0.138835
  5557   0.000000 228.098955 -71.439629 -31.115757  -1.215257  -1.215257  -0.000000  -0.000000 -34.757710 271.172585 276.137673   0.084230   0.171460 273.284570   0.138835
  5558   0.000000 228.065872 -71.447460 -31.082680  -1.225450  -1.225450  -0.000000  -0.000000 -34.755618 271.167173 276.131966   0.084237   0.171460 273.278221   0.138836
  5559   0.000000 228.032824 -71.455263 -31.049678  -1.235621  -1.235621  -0.000000  -0.000000 -34.753555 271.161762 276.126265   0.084244   0.171460 273.271876   0.138836
  5560   0.000000 227.999812 -71.463037 -31.016750  -1.245770  -1.245770  -0.000000  -0.000000 -34.751521 271.156351 276.120567   0.084250   0.171460 273.265533   0.138837
  5561   0.000000 227.966835 -71.470784 -30.983897  -1.255897  -1.255897  -0.000000  -0.000000 -34.749514 271.150941 276.114875   0.084257   0.171460 273.259193   0.138837
  5562   0.000000 227.933892 -71.478503 -30.951117  -1.266002  -1.266002  -0.000000  -0.000000 -34.747537 271.145532 276.109187   0.084263   0.171460 273.252856   0.138837
  5563   0.000000 227.900984 -71.486194 -30.918410  -1.276085  -1.276085  -0.000000  -0.000000 -34.745587 271.140123 276.103504   0.084270   0.171460 273.246522   0.138838
  5564   0.000000 227.868109 -71.493858 -30.885775  -1.286146  -1.286146  -0.000000  -0.000000 -34.743666 271.134714 276.097825   0.084277   0.171460 273.240191   0.138838
  5565   0.000000 227.835268 -71.501495 -30.853213  -1.296185  -1.296185  -0.000000  -0.000000 -34.741774 271.129306 276.092151   0.084283   0.171460 273.233862   0.138839
  5566   0.000000 227.802460 -71.509105 -30.820723  -1.306203  -1.306203  -0.000000  -0.000000 -34.739911 271.123899 276.086481   0.084290   0.171460 273.227536   0.138839
  5567   0.000000 227.769684 -71.516689 -30.788304  -1.316200  -1.316200  -0.000000  -0.000000 -34.738076 271.118492 276.080816   0.084296   0.171460 273.221212   0.138840
  5568   0.000000 227.736941 -71.524246 -30.755955  -1.326176  -1.326176  -0.000000  -0.000000 -34.736270 271.113085 276.075155   0.084303   0.171460 273.214892   0.138840
  5569   0.000000 227.704230 -71.531776 -30.723678  -1.336131  -1.336131  -0.000000  -0.000000 -34.734492 271.107678 276.069499   0.084310   0.171460 273.208573   0.138841
  5570   0.000000 227.671550 -71.539281 -30.691470  -1.346064  -1.346064  -0.000000  -0.000000 -34.732744 271.102272 276.063847   0.084316   0.171460 273.202257   0.138841
  5571   0.000000 227.638901 -71.546760 -30.659332  -1.355977  -1.355977  -0.000000  -0.000000 -34.731024 271.096866 276.058199   0.084323   0.171460 273.195943   0.138841
  5572   0.000000 227.606284 -71.554213 -30.627263  -1.365870  -1.365870  -0.000000  -0.000000 -34.729334 271.091460 276.052556   0.084330   0.171460 273.189632   0.138842
  5573   0.000000 227.573696 -71.561641 -30.595263  -1.375741  -1.375741  -0.000000  -0.000000 -34.727672 271.086055 276.046917   0.084337   0.171460 273.183323   0.138842
  5574   0.000000 227.541139 -71.569043 -30.563332  -1.385593  -1.385593  -0.000000  -0.000000 -34.726039 271.080649 276.041283   0.084343   0.171460 273.177016   0.138843
  5575   0.000000 227.508611 -71.576420 -30.531468  -1.395424  -1.395424  -0.000000  -0.000000 -34.724435 271.075244 276.035653   0.084350   0.171460 273.170711   0.138843
  5576   0.000000 227.476113 -71.583772 -30.499673  -1.405235  -1.405235  -0.000000  -0.000000 -34.722860 271.069839 276.030027   0.084357   0.171460 273.164409   0.138844
  5577   0.000000 227.443644 -71.591099 -30.467944  -1.415026  -1.415026  -0.000000  -0.000000 -34.721315 271.064434 276.024405   0.084363   0.171460 273.158108   0.138844
  5578   0.000000 227.411204 -71.598402 -30.436283  -1.424797  -1.424797  -0.000000  -0.000000 -34.719798 271.059028 276.018787   0.084370   0.171460 273.151810   0.138845
  5579   0.000000 227.378792 -71.605680 -30.404688  -1.434548  -1.434548  -0.000000  -0.000000 -34.718311 271.053623 276.013173   0.084377   0.171460 273.145514   0.138845
  5580   0.000000 227.346409 -71.612934 -30.373160  -1.444279  -1.444279  -0.000000  -0.000000 -34.716853 271.048218 276.007564   0.084384   0.171460 273.139219   0.138846
  5581   0.000000 227.314053 -71.620164 -30.341697  -1.453991  -1.453991  -0.000000  -0.000000 -34.715424 271.042813 276.001959   0.084390   0.171460 273.132927   0.138846
  5582   0.000000 227.281724 -71.627370 -30.310300  -1.463684  -1.463684  -0.000000  -0.000000 -34.714024 271.037407 275.996358   0.084397   0.171460 273.126636   0.138847
  5583   0.000000 227.249423 -71.634552 -30.278969  -1.473357  -1.473357  -0.000000  -0.000000 -34.712653 271.032002 275.990760   0.084404   0.171460 273.120347   0.138847
  5584   0.000000 227.217148 -71.641710 -30.247702  -1.483010  -1.483010  -0.000000  -0.000000 -34.711312 271.026596 275.985167   0.084411   0.171460 273.114060   0.138848
  5585   0.000000 227.184900 -71.648845 -30.216500  -1.492645  -1.492645  -0.000000  -0.000000 -34.710000 271.021190 275.979578   0.084418   0.171460 273.107775   0.138848
  5586   0.000000 227.152678 -71.655957 -30.185362  -1.502261  -1.502261  -0.000000  -0.000000 -34.708717 271.015784 275.973993   0.084424   0.171460 273.101491   0.138849
  5587   0.000000 227.120482 -71.663045 -30.154287  -1.511857  -1.511857  -0.000000  -0.000000 -34.707464 271.010377 275.968412   0.084431   0.171460 273.095209   0.138849
  5588   0.000000 227.088311 -71.670111 -30.123277  -1.521435  -1.521435  -0.000000  -0.000000 -34.706240 271.004971 275.962834   0.084438   0.171460 273.088929   0.138850
  5589   0.000000 227.056166 -71.677154 -30.092330  -1.530994  -1.530994  -0.000000  -0.000000 -34.705045 270.999564 275.957261   0.084445   0.171460 273.082650   0.138850
  5590   0.000000 227.024046 -71.684174 -30.061446  -1.540534  -1.540534  -0.000000  -0.000000 -34.703880 270.994156 275.951691   0.084452   0.171460 273.076373   0.138851
  5591   0.000000 226.991950 -71.691172 -30.030624  -1.550056  -1.550056  -0.000000  -0.000000 -34.702744 270.988749 275.946126   0.084458   0.171460 273.070097   0.138851
  5592   0.000000 226.959879 -71.698147 -29.999865  -1.559559  -1.559559  -0.000000  -0.000000 -34.701638 270.983341 275.940564   0.084465   0.171460 273.063823   0.138852
  5593   0.000000 226.927832 -71.705100 -29.969168  -1.569044  -1.569044  -0.000000  -0.000000 -34.700561 270.977932 275.935006   0.084472   0.171460 273.057550   0.138852
  5594   0.000000 226.895809 -71.712031 -29.938532  -1.578511  -1.578511  -0.000000  -0.000000 -34.699513 270.972523 275.929451   0.084479   0.171460 273.051278   0.138853
  5595   0.000000 226.863810 -71.718940 -29.907959  -1.587960  -1.587960  -0.000000  -0.000000 -34.698495 270.967114 275.923901   0.084486   0.171460 273.045008   0.138853
  5596   0.000000 226.831834 -71.725827 -29.877446  -1.597390  -1.597390  -0.000000  -0.000000 -34.697507 270.961704 275.918354   0.084493   0.171460 273.038739   0.138854
  5597   0.000000 226.799881 -71.732693 -29.846994  -1.606803  -1.606803  -0.000000  -0.000000 -34.696548 270.956294 275.912811   0.084500   0.171460 273.032471   0.138854
  5598   0.000000 226.767950 -71.739537 -29.816603  -1.616197  -1.616197  -0.000000  -0.000000 -34.695618 270.950883 275.907271   0.084507   0.171460 273.026205   0.138855
  5599   0.000000 226.736042 -71.746360 -29.786273  -1.625574  -1.625574  -0.000000  -0.000000 -34.694718 270.945472 275.901736   0.084513   0.171460 273.019940   0.138856
  5600   0.000000 226.704157 -71.753162 -29.756002  -1.634933  -1.634933  -0.000000  -0.000000 -34.693847 270.940060 275.896203   0.084520   0.171460 273.013676   0.138856
  5601   0.000000 226.672293 -71.759942 -29.725792  -1.644274  -1.644274  -0.000000  -0.000000 -34.693006 270.934647 275.890675   0.084527   0.171460 273.007413   0.138857
  5602   0.000000 226.640451 -71.766702 -29.695641  -1.653598  -1.653598  -0.000000  -0.000000 -34.692194 270.929234 275.885150   0.084534   0.171460 273.001151   0.138857
  5603   0.000000 226.608631 -71.773441 -29.665549  -1.662904  -1.662904  -0.000000  -0.000000 -34.691412 270.923820 275.879628   0.084541   0.171460 272.994890   0.138858
  5604   0.000000 226.576832 -71.780159 -29.635516  -1.672193  -1.672193  -0.000000  -0.000000 -34.690659 270.918405 275.874110   0.084548   0.171460 272.988631   0.138858
  5605   0.000000 226.545054 -71.786856 -29.605543  -1.681465  -1.681465  -0.000000  -0.000000 -34.689936 270.912990 275.868596   0.084555   0.171460 272.982372   0.138859
  5606   0.000000 226.513296 -71.793534 -29.575628  -1.690719  -1.690719  -0.000000  -0.000000 -34.689242 270.907574 275.863085   0.084562   0.171461 272.976114   0.138859
  5607   0.000000 226.481559 -71.800190 -29.545771  -1.699957  -1.699957  -0.000000  -0.000000 -34.688578 270.902157 275.857578   0.084569   0.171461 272.969857   0.138860
  5608   0.000000 226.449842 -71.806827 -29.515972  -1.709177  -1.709177  -0.000000  -0.000000 -34.687943 270.896740 275.852074   0.084576   0.171461 272.963601   0.138861
  5609   0.000000 226.418146 -71.813444 -29.486231  -1.718380  -1.718380  -0.000000  -0.000000 -34.687338 270.891321 275.846573   0.084583   0.171461 272.957346   0.138861
  5610   0.000000 226.386469 -71.820041 -29.456548  -1.727566  -1.727566  -0.000000  -0.000000 -34.686762 270.885902 275.841076   0.084590   0.171461 272.951092   0.138862
  5611   0.000000 226.354811 -71.826618 -29.426922  -1.736736  -1.736736  -0.000000  -0.000000 -34.686216 270.880482 275.835582   0.084597   0.171461 272.944839   0.138862
  5612   0.000000 226.323173 -71.833176 -29.397353  -1.745888  -1.745888  -0.000000  -0.000000 -34.685699 270.875062 275.830092   0.084604   0.171461 272.938586   0.138863
  5613   0.000000 226.291554 -71.839714 -29.367842  -1.755024  -1.755024  -0.000000  -0.000000 -34.685212 270.869640 275.824605   0.084611   0.171461 272.932334   0.138864
  5614   0.000000 226.259954 -71.846232 -29.338387  -1.764144  -1.764144  -0.000000  -0.000000 -34.684754 270.864217 275.819121   0.084618   0.171461 272.926083   0.138864
  5615   0.000000 226.228372 -71.852732 -29.308988  -1.773247  -1.773247  -0.000000  -0.000000 -34.684325 270.858794 275.813641   0.084625   0.171461 272.919832   0.138865
  5616   0.000000 226.196809 -71.859212 -29.279646  -1.782333  -1.782333  -0.000000  -0.000000 -34.683927 270.853370 275.808164   0.084632   0.171461 272.913582   0.138865
  5617   0.000000 226.165264 -71.865673 -29.250360  -1.791403  -1.791403  -0.000000  -0.000000 -34.683557 270.847944 275.802690   0.084639   0.171461 272.907333   0.138866
  5618   0.000000 226.133737 -71.872115 -29.221130  -1.800456  -1.800456  -0.000000  -0.000000 -34.683217 270.842518 275.797219   0.084646   0.171461 272.901084   0.138866
  5619   0.000000 226.102228 -71.878539 -29.191955  -1.809494  -1.809494  -0.000000  -0.000000 -34.682906 270.837091 275.791751   0.084653   0.171461 272.894836   0.138867
  5620   0.000000 226.070736 -71.884944 -29.162836  -1.818515  -1.818515  -0.000000  -0.000000 -34.682625 270.831662 275.786287   0.084660   0.171461 272.888588   0.138868
  5621   0.000000 226.039262 -71.891330 -29.133772  -1.827520  -1.827520  -0.000000  -0.000000 -34.682373 270.826233 275.780826   0.084667   0.171461 272.882341   0.138868
  5622   0.000000 226.007804 -71.897698 -29.104763  -1.836508  -1.836508  -0.000000  -0.000000 -34.682151 270.820803 275.775368   0.084675   0.171461 272.876095   0.138869
  5623   0.000000 225.976364 -71.904047 -29.075809  -1.845481  -1.845481  -0.000000  -0.000000 -34.681957 270.815371 275.769913   0.084682   0.171461 272.869849   0.138870
  5624   0.000000 225.944940 -71.910379 -29.046910  -1.854438  -1.854438  -0.000000  -0.000000 -34.681794 270.809939 275.764462   0.084689   0.171461 272.863603   0.138870
  5625   0.000000 225.913533 -71.916692 -29.018065  -1.863379  -1.863379  -0.000000  -0.000000 -34.681659 270.804505 275.759013   0.084696   0.171461 272.857358   0.138871
  5626   0.000000 225.882142 -71.922987 -28.989274  -1.872304  -1.872304  -0.000000  -0.000000 -34.681554 270.799070 275.753567   0.084703   0.171461 272.851113   0.138871
  5627   0.000000 225.850768 -71.929264 -28.960538  -1.881214  -1.881214  -0.000000  -0.000000 -34.681478 270.793635 275.748125   0.084710   0.171461 272.844868   0.138872
  5628   0.000000 225.819409 -71.935524 -28.931855  -1.890107  -1.890107  -0.000000  -0.000000 -34.681431 270.788198 275.742685   0.084717   0.171461 272.838624   0.138873
  5629   0.000000 225.788066 -71.941765 -28.903226  -1.898985  -1.898985  -0.000000  -0.000000 -34.681414 270.782759 275.737249   0.084724   0.171461 272.832380   0.138873
  5630   0.000000 225.756738 -71.947990 -28.874651  -1.907848  -1.907848  -0.000000  -0.000000 -34.681426 270.777320 275.731815   0.084731   0.171461 272.826136   0.138874
  5631   0.000000 225.725426 -71.954197 -28.846129  -1.916695  -1.916695  -0.000000  -0.000000 -34.681467 270.771880 275.726385   0.084739   0.171461 272.819893   0.138875
  5632   0.979936 225.694129 -71.176437 -28.817660  -1.925526  -1.925526  -0.000000  -0.000000 -34.681537 270.786465 275.721051   0.084746   0.171461 272.824792   0.138875
  5633   0.990488 225.662847 -71.256223 -28.541214  -1.884773  -1.884773  -0.000000  -0.000000 -34.542104 270.784380 275.715734   0.084753   0.171461 272.820384   0.138876
  5634   1.018149 225.633120 -71.252602 -28.473540  -1.885482  -1.885482  -0.000000  -0.000000 -34.519480 270.780154 275.710424   0.084760   0.171461 272.814927   0.138876
  5635   1.063464 225.603657 -71.225848 -28.433134  -1.891515  -1.891515  -0.000000  -0.000000 -34.511887 270.775980 275.705121   0.084767   0.171461 272.809526   0.138877
  5636   1.127297 225.574284 -71.184406 -28.392494  -1.897418  -1.897418  -0.000000  -0.000000 -34.503988 270.772204 275.699827   0.084774   0.171461 272.804357   0.138878
  5637   1.210801 225.544999 -71.128782 -28.347263  -1.902328  -1.902328  -0.000000  -0.000000 -34.493360 270.768904 275.694544   0.084782   0.171461 272.799462   0.138878
  5638   1.315373 225.515828 -71.058152 -28.296494  -1.906060  -1.906060  -0.000000  -0.000000 -34.479475 270.766123 275.689274   0.084789   0.171461 272.794866   0.138879
  5639   1.442608 225.486801 -70.971385 -28.239693  -1.908515  -1.908515  -0.000000  -0.000000 -34.462052 270.763902 275.684019   0.084796   0.171461 272.790595   0.138880
  5640   1.594241 225.457954 -70.867229 -28.176387  -1.909595  -1.909595  -0.000000  -0.000000 -34.440819 270.762286 275.678783   0.084803   0.171461 272.786674   0.138880
  5641   1.772090 225.429327 -70.744379 -28.106075  -1.909197  -1.909197  -0.000000  -0.000000 -34.415482 270.761321 275.673568   0.084810   0.171461 272.783134   0.138881
  5642   1.977997 225.400961 -70.601513 -28.028229  -1.907210  -1.907210  -0.000000  -0.000000 -34.385732 270.761055 275.668377   0.084817   0.171461 272.780002   0.138882
  5643   2.213777 225.372901 -70.437336 -27.942316  -1.903523  -1.903523  -0.000000  -0.000000 -34.351256 270.761537 275.663214   0.084824   0.171461 272.777310   0.138882
  5644   2.481167 225.345196 -70.250609 -27.847806  -1.898024  -1.898024  -0.000000  -0.000000 -34.311740 270.762811 275.658081   0.084832   0.171461 272.775086   0.138883
  5645   2.781785 225.317896 -70.040178 -27.744195  -1.890603  -1.890603  -0.000000  -0.000000 -34.266886 270.764923 275.652982   0.084839   0.171461 272.773358   0.138883
  5646   3.117102 225.291058 -69.804997 -27.631008  -1.881159  -1.881159  -0.000000  -0.000000 -34.216414 270.767910 275.647920   0.084846   0.171461 272.772151   0.138884
  5647   3.488409 225.264738 -69.544143 -27.507819  -1.869598  -1.869598  -0.000000  -0.000000 -34.160069 270.771810 275.642900   0.084853   0.171461 272.771490   0.138885
  5648   3.896811 225.238996 -69.256824 -27.374249  -1.855837  -1.855837  -0.000000  -0.000000 -34.097630 270.776653 275.637925   0.084860   0.171461 272.771396   0.138885
  5649   4.343211 225.213892 -68.942389 -27.229978  -1.839803  -1.839803  -0.000000  -0.000000 -34.028908 270.782464 275.632999   0.084867   0.171461 272.771887   0.138886
  5650   4.828314 225.189491 -68.600321 -27.074746  -1.821434  -1.821434  -0.000000  -0.000000 -33.953749 270.789263 275.628126   0.084874   0.171461 272.772979   0.138887
  5651   5.352627 225.165856 -68.230242 -26.908350  -1.800682  -1.800682  -0.000000  -0.000000 -33.872038 270.797067 275.623310   0.084881   0.171462 272.774684   0.138887
  5652   5.916471 225.143052 -67.831899 -26.730649  -1.777510  -1.777510  -0.000000  -0.000000 -33.783696 270.805886 275.618554   0.084888   0.171462 272.777013   0.138888
  5653   6.519989 225.121145 -67.405162 -26.541558  -1.751891  -1.751891  -0.000000  -0.000000 -33.688676 270.815724 275.613863   0.084895   0.171462 272.779974   0.138888
  5654   7.163162 225.100199 -66.950010 -26.341047  -1.723810  -1.723810  -0.000000  -0.000000 -33.586968 270.826584 275.609240   0.084902   0.171462 272.783570   0.138889
  5655   7.845825 225.080280 -66.466524 -26.129135  -1.693262  -1.693262  -0.000000  -0.000000 -33.478589 270.838462 275.604689   0.084909   0.171462 272.787805   0.138889
  5656   8.567680 225.061451 -65.954872 -25.905888  -1.660250  -1.660250  -0.000000  -0.000000 -33.363588 270.851352 275.600214   0.084916   0.171462 272.792679   0.138890
  5657   9.328313 225.043775 -65.415303 -25.671411  -1.624787  -1.624787  -0.000000  -0.000000 -33.242036 270.865243 275.595818   0.084923   0.171462 272.798191   0.138891
  5658  10.127210 225.027314 -64.848133 -25.425847  -1.586892  -1.586892  -0.000000  -0.000000 -33.114026 270.880123 275.591505   0.084930   0.171462 272.804338   0.138891
  5659  10.963771 225.012127 -64.253737 -25.169372  -1.546591  -1.546591  -0.000000  -0.000000 -32.979673 270.895977 275.587278   0.084937   0.171462 272.811115   0.138892
  5660  11.837323 224.998274 -63.632541 -24.902187  -1.503914  -1.503914  -0.000000  -0.000000 -32.839107 270.912788 275.583141   0.084944   0.171462 272.818517   0.138892
  5661  12.747133 224.985809 -62.985010 -24.624520  -1.458896  -1.458896  -0.000000  -0.000000 -32.692471 270.930535 275.579095   0.084950   0.171462 272.826535   0.138893
  5662  13.692421 224.974787 -62.311642 -24.336616  -1.411578  -1.411578  -0.000000  -0.000000 -32.539921 270.949199 275.575145   0.084957   0.171462 272.835164   0.138893
  5663  14.672368 224.965261 -61.612964 -24.038737  -1.362003  -1.362003  -0.000000  -0.000000 -32.381623 270.968758 275.571293   0.084964   0.171462 272.844393   0.138894
  5664  15.686127 224.957279 -60.889520 -23.731159  -1.310214  -1.310214  -0.000000  -0.000000 -32.217748 270.989189 275.567542   0.084970   0.171462 272.854214   0.138894
  5665  16.732829 224.950889 -60.141871 -23.414168  -1.256259  -1.256259  -0.000000  -0.000000 -32.048474 271.010468 275.563894   0.084977   0.171462 272.864616   0.138894
  5666  17.811593 224.946135 -59.370588 -23.088058  -1.200187  -1.200187  -0.000000  -0.000000 -31.873982 271.032572 275.560351   0.084984   0.171462 272.875590   0.138895
  5667  18.921531 224.943060 -58.576248 -22.753127  -1.142047  -1.142047  -0.000000  -0.000000 -31.694457 271.055476 275.556916   0.084990   0.171462 272.887125   0.138895
  5668  20.061751 224.941703 -57.759430 -22.409679  -1.081889  -1.081889  -0.000000  -0.000000 -31.510082 271.079157 275.553591   0.084996   0.171462 272.899210   0.138896
  5669  21.231366 224.942102 -56.920714 -22.058018  -1.019764  -1.019764  -0.000000  -0.000000 -31.321044 271.103589 275.550378   0.085003   0.171462 272.911834   0.138896
  5670  22.429495 224.944291 -56.060674 -21.698450  -0.955722  -0.955722  -0.000000  -0.000000 -31.127526 271.128748 275.547279   0.085009   0.171462 272.924987   0.138896
  5671  23.655264 224.948303 -55.179882 -21.331279  -0.889814  -0.889814  -0.000000  -0.000000 -30.929711 271.154611 275.544294   0.085015   0.171462 272.938657   0.138897
  5672  24.907816 224.954166 -54.278901 -20.956808  -0.822089  -0.822089  -0.000000  -0.000000 -30.727779 271.181154 275.541427   0.085022   0.171462 272.952834   0.138897
  5673  26.186306 224.961909 -53.358287 -20.575335  -0.752596  -0.752596  -0.000000  -0.000000 -30.521908 271.208352 275.538677   0.085028   0.171462 272.967506   0.138897
  5674  27.489905 224.971557 -52.418585 -20.187157  -0.681385  -0.681385  -0.000000  -0.000000 -30.312272 271.236184 275.536047   0.085034   0.171462 272.982663   0.138897
  5675  28.817804 224.983132 -51.460331 -19.792566  -0.608501  -0.608501  -0.000000  -0.000000 -30.099041 271.264626 275.533538   0.085040   0.171462 272.998294   0.138898
  5676  30.169210 224.996654 -50.484049 -19.391849  -0.533994  -0.533994  -0.000000  -0.000000 -29.882383 271.293656 275.531150   0.085046   0.171462 273.014389   0.138898
  5677  31.543352 225.012141 -49.490249 -18.985286  -0.457907  -0.457907  -0.000000  -0.000000 -29.662458 271.323253 275.528885   0.085052   0.171462 273.030937   0.138898
  5678  32.939479 225.029610 -48.479433 -18.573155  -0.380286  -0.380286  -0.000000  -0.000000 -29.439427 271.353395 275.526744   0.085057   0.171462 273.047927   0.138898
  5679  34.356860 225.049075 -47.452087 -18.155725  -0.301175  -0.301175  -0.000000  -0.000000 -29.213441 271.384063 275.524727   0.085063   0.171462 273.065351   0.138898
  5680  35.794786 225.070546 -46.408686 -17.733261  -0.220616  -0.220616  -0.000000  -0.000000 -28.984651 271.415235 275.522835   0.085069   0.171462 273.083197   0.138898
  5681  37.252567 225.094034 -45.349691 -17.306020  -0.138650  -0.138650  -0.000000  -0.000000 -28.753202 271.446892 275.521068   0.085075   0.171462 273.101457   0.138898
  5682  38.729536 225.119546 -44.275552 -16.874254  -0.055317  -0.055317  -0.000000  -0.000000 -28.519232 271.479017 275.519428   0.085080   0.171462 273.120120   0.138898
  5683  40.225046 225.147089 -43.186706 -16.438209   0.029342   0.029342   0.000000   0.000000 -28.282879 271.511589 275.517914   0.085085   0.171462 273.139179   0.138898
  5684  41.738469 225.176667 -42.083575 -15.998123   0.115291   0.115291   0.000000   0.000000 -28.044274 271.544592 275.516526   0.085091   0.171462 273.158622   0.138898
  5685  43.269198 225.208282 -40.966572 -15.554228   0.202492   0.202492   0.000000   0.000000 -27.803542 271.578007 275.515266   0.085096   0.171462 273.178443   0.138898
  5686  44.816648 225.241935 -39.836096 -15.106751   0.290909   0.290909   0.000000   0.000000 -27.560808 271.611820 275.514132   0.085101   0.171462 273.198631   0.138898
  5687  46.380249 225.277624 -38.692535 -14.655911   0.380508   0.380508   0.000000   0.000000 -27.316188 271.646012 275.513126   0.085107   0.171462 273.219179   0.138898
  5688  47.959454 225.315349 -37.536265 -14.201922   0.471254   0.471254   0.000000   0.000000 -27.069798 271.680569 275.512247   0.085112   0.171462 273.240078   0.138898
  5689  49.553731 225.355104 -36.367650 -13.744991   0.563115   0.563115   0.000000   0.000000 -26.821748 271.715475 275.511495   0.085117   0.171462 273.261319   0.138898
  5690  51.162567 225.396885 -35.187045 -13.285319   0.656060   0.656060   0.000000   0.000000 -26.572143 271.750716 275.510871   0.085122   0.171462 273.282896   0.138898
  5691  52.785468 225.440685 -33.994792 -12.823100   0.750057   0.750057   0.000000   0.000000 -26.321087 271.786276 275.510373   0.085126   0.171462 273.304800   0.138898
  5692  54.421955 225.486495 -32.791224 -12.358525   0.845076   0.845076   0.000000   0.000000 -26.068678 271.822144 275.510002   0.085131   0.171462 273.327023   0.138897
  5693  56.071565 225.534308 -31.576664 -11.891777   0.941089   0.941089   0.000000   0.000000 -25.815012 271.858304 275.509758   0.085136   0.171462 273.349558   0.138897
  5694  57.733852 225.584112 -30.351424 -11.423033   1.038067   1.038067   0.000000   0.000000 -25.560179 271.894744 275.509640   0.085140   0.171462 273.372398   0.138897
  5695  59.408384 225.635896 -29.115809 -10.952465   1.135983   1.135983   0.000000   0.000000 -25.304269 271.931452 275.509648   0.085145   0.171462 273.395535   0.138896
  5696  61.094745 225.689647 -27.870111 -10.480240   1.234810   1.234810   0.000000   0.000000 -25.047367 271.968416 275.509781   0.085149   0.171462 273.418962   0.138896
  5697  62.792532 225.745352 -26.614617 -10.006519   1.334523   1.334523   0.000000   0.000000 -24.789555 272.005624 275.510039   0.085154   0.171462 273.442673   0.138896
  5698  64.501356 225.802997 -25.349604  -9.531459   1.435097   1.435097   0.000000   0.000000 -24.530911 272.043064 275.510422   0.085158   0.171462 273.466661   0.138895
  5699  66.220842 225.862565 -24.075340  -9.055211   1.536507   1.536507   0.000000   0.000000 -24.271513 272.080725 275.510930   0.085162   0.171462 273.490919   0.138895
  5700  67.950627 225.924042 -22.792086  -8.577920   1.638730   1.638730   0.000000   0.000000 -24.011433 272.118597 275.511560   0.085166   0.171462 273.515439   0.138894
  5701  69.690359 225.987409 -21.500094  -8.099729   1.741744   1.741744   0.000000   0.000000 -23.750742 272.156670 275.512314   0.085170   0.171462 273.540217   0.138894
  5702  71.439701 226.052649 -20.199611  -7.620773   1.845525   1.845525   0.000000   0.000000 -23.489508 272.194933 275.513190   0.085174   0.171462 273.565246   0.138893
  5703  73.198325 226.119743 -18.890875  -7.141186   1.950052   1.950052   0.000000   0.000000 -23.227797 272.233378 275.514188   0.085178   0.171462 273.590519   0.138892
  5704  74.965913 226.188672 -17.574118  -6.661093   2.055305   2.055305   0.000000   0.000000 -22.965673 272.271994 275.515307   0.085181   0.171462 273.616031   0.138892
  5705  76.742161 226.259416 -16.249564  -6.180620   2.161263   2.161263   0.000000   0.000000 -22.703195 272.310772 275.516547   0.085185   0.171462 273.641775   0.138891
  5706  78.526772 226.331956 -14.917431  -5.699885   2.267905   2.267905   0.000000   0.000000 -22.440422 272.349704 275.517906   0.085188   0.171462 273.667745   0.138890
  5707  80.319461 226.406269 -13.577933  -5.219003   2.375214   2.375214   0.000000   0.000000 -22.177412 272.388782 275.519384   0.085192   0.171462 273.693937   0.138890
  5708  82.119949 226.482336 -12.231275  -4.738085   2.483169   2.483169   0.000000   0.000000 -21.914218 272.427996 275.520981   0.085195   0.171462 273.720343   0.138889
  5709  83.927971 226.560133 -10.877657  -4.257238   2.591753   2.591753   0.000000   0.000000 -21.650892 272.467340 275.522695   0.085198   0.171461 273.746959   0.138888
  5710  85.743266 226.639638  -9.517276  -3.776566   2.700948   2.700948   0.000000   0.000000 -21.387486 272.831438 275.526043   0.085201   0.171461 273.917303   0.138887
  5711  87.565584 226.720830  -9.508515   3.844602   3.834421   3.834421   0.000000   0.000000 -18.862236 272.879950 275.529524   0.085204   0.171461 273.949802   0.138886
  5712  89.394682 226.938332  -8.050688   3.983618   3.862379   3.862379   0.000000   0.000000 -18.547022 272.954685 275.533259   0.085206   0.171461 274.008555   0.138885
  5713  91.230325 227.133767  -6.717859   4.834039   3.971855   3.971855   0.000000   0.000000 -18.050019 273.025833 275.537228   0.085208   0.171461 274.062644   0.138884
  5714  93.072286 227.318528  -5.374881   5.657559   4.062992   4.062992   0.000000   0.000000 -17.579759 273.095674 275.541421   0.085210   0.171461 274.114458   0.138882
  5715  94.920345 227.496001  -4.028394   6.489533   4.144062   4.144062   0.000000   0.000000 -17.120225 273.163978 275.545829   0.085212   0.171461 274.164393   0.138881
  5716  96.774288 227.672022  -2.672281   7.295528   4.241132   4.241132   0.000000   0.000000 -16.672953 273.233743 275.550456   0.085213   0.171461 274.214441   0.138880
  5717  98.633908 227.851909  -1.314470   8.121209   4.284759   4.284759   0.000000   0.000000 -16.216991 273.304288 275.555302   0.085215   0.171461 274.265013   0.138878
  5718 100.499004 228.040651   0.052263   8.926400   4.326154   4.326154   0.000000   0.000000 -15.757096 273.376379 275.560372   0.085217   0.171461 274.317064   0.138877
  5719 102.369383 228.241849   1.427809   9.712286   4.367395   4.367395   0.000000   0.000000 -15.287952 273.450532 275.565674   0.085219   0.171461 274.371266   0.138876
  5720 104.244856 228.458002   2.812100  10.479656   4.410030   4.410030   0.000000   0.000000 -14.805993 273.527098 275.571215   0.085220   0.171461 274.428087   0.138874
  5721 106.125240 228.690514   4.204761  11.230773   4.455041   4.455041   0.000000   0.000000 -14.308822 273.606263 275.577004   0.085222   0.171461 274.487786   0.138873
  5722 108.010358 228.939794   5.605208  11.968796   4.502874   4.502874   0.000000   0.000000 -13.795191 273.688068 275.583052   0.085224   0.171461 274.550437   0.138872
  5723 109.900038 229.205403   7.012706  12.697417   4.553512   4.553512   0.000000   0.000000 -13.264887 273.772427 275.589365   0.085225   0.171461 274.615955   0.138870
  5724 111.794113 229.486218   8.426430  13.420554   4.606562   4.606562   0.000000   0.000000 -12.718566 273.859157 275.595953   0.085227   0.171461 274.684131   0.138869
  5725 113.692420 229.780602   9.845509  14.142107   4.661347   4.661347   0.000000   0.000000 -12.157569 273.948000 275.602820   0.085228   0.171461 274.754660   0.138867
  5726 115.594803 230.086571  11.269075  14.865763   4.716996   4.716996   0.000000   0.000000 -11.583740 274.038652 275.609973   0.085230   0.171461 274.827176   0.138866
  5727 117.501109 230.401943  12.696290  15.594857   4.772527   4.772527   0.000000   0.000000 -10.999252 274.130780 275.617415   0.085231   0.171461 274.901276   0.138864
  5728 119.411190 230.724475  14.126379  16.332273   4.826917   4.826917   0.000000   0.000000 -10.406447 274.224047 275.625147   0.085232   0.171461 274.976547   0.138863
  5729 121.324900 231.051970  15.558648  17.080382   4.879166   4.879166   0.000000   0.000000  -9.807700 274.318124 275.633168   0.085234   0.171460 275.052586   0.138861
  5730 123.242100 231.382381  16.992504  17.840968   4.928345   4.928345   0.000000   0.000000  -9.205309 274.412709 275.641479   0.085235   0.171460 275.129020   0.138860
  5731 125.162654 231.713957  18.427529  18.614863   4.973635   4.973635   0.000000   0.000000  -8.601394 274.507541 275.650076   0.085236   0.171460 275.205529   0.138858
  5732 127.086429 232.045312  19.863453  19.402170   5.014391   5.014391   0.000000   0.000000  -7.997744 274.602419 275.658956   0.085237   0.171460 275.281859   0.138856
  5733 129.013296 232.375455  21.300134  20.202387   5.050162   5.050162   0.000000   0.000000  -7.395758 274.697198 275.668115   0.085239   0.171460 275.357831   0.138855
  5734 130.943131 232.703788  22.737546  21.014501   5.080691   5.080691   0.000000   0.000000  -6.796417 274.791793 275.677549   0.085240   0.171460 275.433336   0.138853
  5735 132.875810 233.030091  24.175757  21.837124   5.105914   5.105914   0.000000   0.000000  -6.200293 274.886171 275.687253   0.085241   0.171460 275.508332   0.138852
  5736 134.811216 233.354470  25.614904  22.668633   5.125934   5.125934   0.000000   0.000000  -5.607569 274.980352 275.697223   0.085242   0.171460 275.582840   0.138850
  5737 136.749233 233.677302  27.055167  23.507307   5.140994   5.140994   0.000000   0.000000  -5.018098 275.074935 275.707458   0.085243   0.171460 275.657108   0.138848
  5738 138.689749 233.999169  28.494403  24.365888   5.131706   5.131706   0.000000   0.000000  -4.427659 275.168075 275.717948   0.085244   0.171460 275.730594   0.138847
  5739 140.632653 234.320895  29.941213  25.191120   5.167656   5.167656   0.000000   0.000000  -3.849114 275.261324 275.728691   0.085245   0.171460 275.803932   0.138845
  5740 142.577839 234.642948  31.389264  26.021471   5.200316   5.200316   0.000000   0.000000  -3.271565 275.354688 275.739684   0.085246   0.171460 275.877182   0.138843
  5741 144.525204 234.966115  32.839173  26.852953   5.230115   5.230115   0.000000   0.000000  -2.694968 275.448284 275.750925   0.085247   0.171460 275.950487   0.138842
  5742 146.474645 235.291096  34.290986  27.685110   5.257498   5.257498   0.000000   0.000000  -2.118492 275.542207 275.762414   0.085248   0.171460 276.023970   0.138840
  5743 148.426065 235.618478  35.744740  28.517561   5.282837   5.282837   0.000000   0.000000  -1.541449 275.636538 275.774148   0.085249   0.171460 276.097735   0.138839
  5744 150.379367 235.948708  37.200414  29.350247   5.306443   5.306443   0.000000   0.000000  -0.963275 275.731335 275.786129   0.085250   0.171460 276.171858   0.138837
  5745 152.334457 236.282075  38.657938  30.183377   5.328550   5.328550   0.000000   0.000000  -0.383559 275.826632 275.798354   0.085251   0.171459 276.246389   0.138835
  5746 154.291243 236.618706  40.117199  31.017371   5.349314   5.349314   0.000000   0.000000   0.197942 275.922440 275.810825   0.085252   0.171459 276.321346   0.138833
  5747 156.249637 236.958581  41.578057  31.852778   5.368817   5.368817   0.000000   0.000000   0.781302 276.018747 275.823540   0.085253   0.171459 276.396722   0.138832
  5748 158.209550 237.301557  43.040355  32.690195   5.387075   5.387075   0.000000   0.000000   1.366444 276.115524 275.836500   0.085254   0.171459 276.472488   0.138830
  5749 160.170898 237.647401  44.503931  33.530204   5.404053   5.404053   0.000000   0.000000   1.953167 276.212728 275.849702   0.085255   0.171459 276.548598   0.138828
  5750 162.133598 237.995822  45.968632  34.373313   5.419679   5.419679   0.000000   0.000000   2.541180 276.310311 275.863148   0.085256   0.171459 276.624997   0.138827
  5751 164.097569 238.346508  47.434317  35.219909   5.433862   5.433862   0.000000   0.000000   3.130141 276.408219 275.876835   0.085257   0.171459 276.701624   0.138825
  5752 166.062731 238.699157  48.900873  36.070226   5.446511   5.446511   0.000000   0.000000   3.719692 276.506404 275.890761   0.085258   0.171459 276.778424   0.138823
  5753 168.029007 239.053509  50.368212  36.924336   5.457543   5.457543   0.000000   0.000000   4.309495 276.604821 275.904927   0.085259   0.171459 276.855347   0.138822
  5754 169.996322 239.409362  51.836274  37.782149   5.466901   5.466901   0.000000   0.000000   4.899257 276.703437 275.919330   0.085260   0.171459 276.932353   0.138820
  5755 171.964601 239.766589  53.305028  38.643427   5.474556   5.474556   0.000000   0.000000   5.488755 276.802232 275.933968   0.085261   0.171459 277.009419   0.138818
  5756 173.933772 240.125142  54.774464  39.507817   5.480514   5.480514   0.000000   0.000000   6.077848 276.901193 275.948839   0.085262   0.171459 277.086533   0.138816
  5757 175.903765 240.485050  56.244594  40.374885   5.484818   5.484818   0.000000   0.000000   6.666477 277.000324 275.963943   0.085263   0.171459 277.163700   0.138815
  5758 177.874511 240.846408  57.715439  41.244153   5.487539   5.487539   0.000000   0.000000   7.254665 277.099635 275.979277   0.085264   0.171459 277.240934   0.138813
  5759 179.845942 241.209366  59.187026  42.115144   5.488778   5.488778   0.000000   0.000000   7.842507 277.199148 275.994841   0.085265   0.171459 277.318262   0.138811
  5760 181.817992 241.574108  60.659382  42.987413   5.488652   5.488652   0.000000   0.000000   8.430149 277.298885 276.010632   0.085266   0.171458 277.395714   0.138809
