     0  98.251985 247.991806  -3.718160   0.866849  -3.071089  -3.071089   0.000000   0.000000   0.000000 276.665009 276.844996   0.161873   0.161864 277.496339   0.161866
     1 101.319613 248.009779  -0.607658  -0.931734  -0.449436  -0.449436   0.000000   0.000000  -1.259906 276.755273 276.844344   0.161874   0.161864 277.552771   0.161866
     2 104.406360 247.992710   1.297187  -0.105278  -0.249315  -0.249315   0.000000   0.000000  -0.623503 276.850436 276.844435   0.161875   0.161864 277.611149   0.161867
     3 107.511299 247.987630   3.204742   0.858548   0.035671   0.035671   0.000000   0.000000   0.042008 276.943301 276.845228   0.161875   0.161864 277.673334   0.161867
     4 110.633539 248.003343   5.153841   1.820266   0.345344   0.345344   0.000000   0.000000   0.686511 277.037321 276.846711   0.161874   0.161864 277.737593   0.161866
     5 113.772216 248.030902   7.120568   2.811390   0.634781   0.634781   0.000000   0.000000   1.334269 277.131944 276.848869   0.161872   0.161864 277.802856   0.161866
     6 116.926494 248.068719   9.105262   3.820639   0.923432   0.923432   0.000000   0.000000   1.981524 277.227274 276.851688   0.161869   0.161864 277.868964   0.161865
     7 120.095567 248.115568  11.105737   4.846275   1.211558   1.211558   0.000000   0.000000   2.629101 277.323338 276.855155   0.161866   0.161864 277.935768   0.161865
     8 123.278655 248.170671  13.120571   5.886474   1.499547   1.499547   0.000000   0.000000   3.277279 277.420161 276.859258   0.161861   0.161864 278.003169   0.161864
     9 126.475002 248.234069  15.149114   6.938649   1.788039   1.788039   0.000000   0.000000   3.926318 277.517830 276.863987   0.161859   0.161864 278.071167   0.161862
    10 129.683878 248.306342  17.190953   8.000511   2.077681   2.077681   0.000000   0.000000   4.576902 277.616466 276.869331   0.161857   0.161864 278.139813   0.161861
    11 132.904576 248.388133  19.245593   9.070714   2.368867   2.368867   0.000000   0.000000   5.229947 277.716173 276.875282   0.161854   0.161864 278.209139   0.161860
    12 136.136411 248.479850  21.312423  10.148755   2.661654   2.661654   0.000000   0.000000   5.886231 277.817006 276.881835   0.161851   0.161864 278.279107   0.161858
    13 139.378720 248.581498  23.390683  11.234912   2.955736   2.955736   0.000000   0.000000   6.546198 277.918960 276.888982   0.161847   0.161864 278.349589   0.161856
    14 142.630862 248.692622  25.479490  12.330041   3.250491   3.250491   0.000000   0.000000   7.209849 278.021965 276.896716   0.161843   0.161864 278.420354   0.161854
    15 145.892212 248.812356  27.577884  13.435321   3.545074   3.545074   0.000000   0.000000   7.876743 278.125897 276.905030   0.161839   0.161864 278.491079   0.161852
    16 149.162169 248.939550  29.684896  14.551988   3.838522   3.838522   0.000000   0.000000   8.546070 278.230599 276.913915   0.161834   0.161864 278.561361   0.161849
    17 152.440147 249.072913  31.799597  15.681117   4.129875   4.129875   0.000000   0.000000   9.216785 278.335901 276.923364   0.161829   0.161864 278.630741   0.161847
    18 155.725579 249.211170  33.921147  16.823460   4.418277   4.418277   0.000000   0.000000   9.887758 278.441639 276.933365   0.161824   0.161863 278.698718   0.161844
    19 159.017914 249.353187  36.048822  17.979369   4.703056   4.703056   0.000000   0.000000  10.557915 278.547673 276.943909   0.161818   0.161863 278.764763   0.161841
    20 162.316619 249.498053  38.182008  19.148807   4.983766   4.983766   0.000000   0.000000  11.226347 278.653896 276.954985   0.161812   0.161863 278.828313   0.161838
    21 165.621175 249.645119  40.320204  20.331402   5.260193   5.260193   0.000000   0.000000  11.892375 278.760235 276.966582   0.161806   0.161863 278.888766   0.161834
    22 168.931077 249.794188  42.463167  21.525985   5.532432   5.532432   0.000000   0.000000  12.555575 278.866681 276.978689   0.161799   0.161863 278.945488   0.161831
    23 172.245839 249.945480  44.610776  22.731104   5.800797   5.800797   0.000000   0.000000  13.215950 278.973277 276.991296   0.161792   0.161863 278.997777   0.161827
    24 175.564982 250.099451  46.762893  23.945452   6.065660   6.065660   0.000000   0.000000  13.873868 279.080094 277.004396   0.161785   0.161863 279.045032   0.161823
    25 178.888047 250.256616  48.919321  25.168037   6.327330   6.327330   0.000000   0.000000  14.529885 279.187205 277.017979   0.161777   0.161863 279.089654   0.161819
    26 182.214584 250.417382  51.079755  26.398318   6.585965   6.585965   0.000000   0.000000  15.184579 279.294669 277.032040   0.161769   0.161862 279.133182   0.161815
    27 185.544156 250.581946  53.243783  27.636208   6.841521   6.841521   0.000000   0.000000  15.838403 279.402512 277.046571   0.161761   0.161862 279.176120   0.161811
    28 188.876338 250.750250  55.410908  28.881985   7.093768   7.093768   0.000000   0.000000  16.491586 279.510724 277.061566   0.161752   0.161862 279.218724   0.161806
    29 192.210716 250.922007  57.580595  30.136120   7.342342   7.342342   0.000000   0.000000  17.144108 279.619264 277.077018   0.161743   0.161862 279.261121   0.161801
    30 195.546888 251.096777  59.752322  31.399100   7.586825   7.586825   0.000000   0.000000  17.795725 279.728071 277.092921   0.161733   0.161862 279.303359   0.161797
    31 198.884462 251.274071  61.925624  32.671260   7.826829   7.826829   0.000000   0.000000  18.446052 279.837076 277.109268   0.161724   0.161861 279.345448   0.161792
    32 202.223057 251.453557  64.100218  33.952346   8.062040   8.062040   0.000000   0.000000  19.094654 279.946232 277.126053   0.161714   0.161861 279.387405   0.161786
    33 205.562300 251.635169  66.275974  35.241612   8.292318   8.292318   0.000000   0.000000  19.741252 280.055527 277.143267   0.161703   0.161861 279.429279   0.161781
    34 208.901828 251.819114  68.452857  36.538024   8.517728   8.517728   0.000000   0.000000  20.385815 280.159426 277.160863   0.161692   0.161861 279.470559   0.161776
    35 212.241288 252.005794  70.656082  37.745164   8.880237   8.880237   0.000000   0.000000  20.989942 280.261648 277.178822   0.161681   0.161861 279.511803   0.161770
    36 215.580336 252.194941  72.868342  38.926035   9.304318   9.304318   0.000000   0.000000  21.579783 280.364053 277.197139   0.161669   0.161860 279.553205   0.161764
    37 218.918635 252.386792  75.081161  40.111122   9.730421   9.730421   0.000000   0.000000  22.168396 280.466494 277.215810   0.161657   0.161860 279.594815   0.161758
    38 222.255858 252.581664  77.295245  41.296543  10.158119  10.158119   0.000000   0.000000  22.754791 280.569027 277.234829   0.161644   0.161860 279.636714   0.161751
    39 225.591683 252.779633  79.510170  42.482803  10.587849  10.587849   0.000000   0.000000  23.339385 280.671647 277.254193   0.161630   0.161860 279.678934   0.161745
    40 228.925799 252.980593  81.725627  43.669929  11.019738  11.019738   0.000000   0.000000  23.922176 280.774333 277.273896   0.161616   0.161859 279.721473   0.161738
    41 232.257900 253.184371  83.941318  44.857921  11.453773  11.453773   0.000000   0.000000  24.503055 280.877060 277.293936   0.161601   0.161859 279.764313   0.161730
    42 235.587689 253.390832  86.157014  46.046549  11.889844  11.889844   0.000000   0.000000  25.081873 280.979812 277.314306   0.161586   0.161859 279.807444   0.161723
    43 238.914872 253.599959  88.372558  47.235344  12.327813  12.327813   0.000000   0.000000  25.658542 281.082587 277.335002   0.161570   0.161859 279.850875   0.161715
    44 242.239167 253.811875  90.587845  48.423679  12.767585  12.767585   0.000000   0.000000  26.233097 281.185408 277.356021   0.161553   0.161858 279.894639   0.161707
    45 245.560294 254.026815  92.802788  49.610902  13.209137  13.209137   0.000000   0.000000  26.805705 281.288305 277.377359   0.161536   0.161858 279.938787   0.161699
    46 248.877982 254.245049  95.017276  50.796471  13.652525  13.652525   0.000000   0.000000  27.376623 281.391316 277.399012   0.161517   0.161858 279.983376   0.161690
    47 252.191963 254.466809  97.231152  51.980045  14.097851  14.097851   0.000000   0.000000  27.946129 281.494471 277.420977   0.161499   0.161857 280.028455   0.161681
    48 255.501978 254.692233  99.444206  53.161488  14.545224  14.545224   0.000000   0.000000  28.514454 281.597785 277.443252   0.161479   0.161857 280.074054   0.161672
    49 258.807771 254.921349 101.656198  54.340787  14.994720  14.994720   0.000000   0.000000  29.081730 281.701260 277.465833   0.161459   0.161857 280.120185   0.161662
    50 262.109094 255.154107 103.866879  55.517955  15.446360  15.446360   0.000000   0.000000  29.647989 281.804890 277.488719   0.161438   0.161856 280.166843   0.161652
    51 265.405700 255.390420 106.076025  56.692933  15.900118  15.900118   0.000000   0.000000  30.213194 281.908661 277.511906   0.161416   0.161856 280.214017   0.161642
    52 268.697353 255.630219 108.283443  57.865549  16.355938  16.355938   0.000000   0.000000  30.777286 282.012566 277.535391   0.161394   0.161855 280.261698   0.161632
    53 271.983816 255.873482 110.488970  59.035531  16.813763  16.813763   0.000000   0.000000  31.340224 282.116604 277.559173   0.161371   0.161855 280.309887   0.161621
    54 275.264860 256.120232 112.692462  60.202565  17.273559  17.273559   0.000000   0.000000  31.902017 282.220778 277.583247   0.161347   0.161855 280.358590   0.161610
    55 278.540260 256.370522 114.893775  61.366366  17.735321  17.735321   0.000000   0.000000  32.462714 282.325096 277.607612   0.161322   0.161854 280.407819   0.161599
    56 281.809795 256.624394 117.092746  62.526739  18.199069  18.199069   0.000000   0.000000  33.022384 282.429564 277.632266   0.161296   0.161854 280.457585   0.161587
    57 285.073250 256.881856 119.289189  63.683594  18.664836  18.664836   0.000000   0.000000  33.581082 282.534181 277.657206   0.161270   0.161853 280.507890   0.161575
    58 288.330411 257.142858 121.482899  64.836927  19.132649  19.132649   0.000000   0.000000  34.138823 282.638940 277.682430   0.161243   0.161853 280.558728   0.161563
    59 291.581070 257.407302 123.673664  65.986780  19.602519  19.602519   0.000000   0.000000  34.695569 282.743826 277.707936   0.161215   0.161852 280.610082   0.161551
    60 294.825024 257.675051 125.861274  67.133192  20.074441  20.074441   0.000000   0.000000  35.251232 282.848819 277.733720   0.161186   0.161852 280.661928   0.161538
    61 298.062072 257.945955 128.045528  68.276178  20.548394  20.548394   0.000000   0.000000  35.805693 282.953898 277.759781   0.161156   0.161851 280.714242   0.161525
    62 301.292017 258.219860 130.226240  69.415715  21.024352  21.024352   0.000000   0.000000  36.358818 283.059040 277.786115   0.161126   0.161851 280.766996   0.161512
    63 304.514665 258.496619 132.403232  70.551763  21.502294  21.502294   0.000000   0.000000  36.910474 283.164226 277.812721   0.161094   0.161850 280.820166   0.161498
    64 307.729828 258.776091 134.576327  71.684285  21.982199  21.982199   0.000000   0.000000  37.460533 283.269434 277.839595   0.161061   0.161850 280.873725   0.161484
    65 310.937318 259.058131 136.745351  72.813269  22.464053  22.464053   0.000000   0.000000  38.008873 283.374643 277.866734   0.161028   0.161849 280.927651   0.161470
    66 314.136954 259.342585 138.910123  73.938729  22.947839  22.947839   0.000000   0.000000  38.555364 283.479831 277.894135   0.160994   0.161849 280.981914   0.161455
    67 317.328554 259.629285 141.070465  75.060703  23.433535  23.433535   0.000000   0.000000  39.099872 283.584974 277.921795   0.160958   0.161848 281.036487   0.161441
    68 320.511942 259.918059 143.226196  76.179232  23.921109  23.921109   0.000000   0.000000  39.642249 283.690046 277.949711   0.160922   0.161848 281.091339   0.161425
    69 323.686945 260.208726 145.377144  77.294351  24.410522  24.410522   0.000000   0.000000  40.182342 283.795022 277.977879   0.160885   0.161847 281.146438   0.161410
    70 326.853391 260.501115 147.523145  78.406077  24.901728  24.901728   0.000000   0.000000  40.719997 283.899877 278.006296   0.160846   0.161846 281.201755   0.161394
    71 330.011113 260.795060 149.664039  79.514415  25.394682  25.394682   0.000000   0.000000  41.255063 284.004587 278.034959   0.160807   0.161846 281.257261   0.161378
    72 333.159946 261.090406 151.799676  80.619357  25.889335  25.889335   0.000000   0.000000  41.787402 284.109131 278.063862   0.160767   0.161845 281.312927   0.161362
    73 336.299726 261.387005 153.929906  81.720902  26.385641  26.385641   0.000000   0.000000  42.316884 284.213487 278.093004   0.160725   0.161845 281.368730   0.161345
    74 339.430294 261.684716 156.054582  82.819053  26.883554  26.883554   0.000000   0.000000  42.843386 284.317635 278.122379   0.160682   0.161844 281.424645   0.161328
    75 342.551494 261.983397 158.173558  83.913822  27.383024  27.383024   0.000000   0.000000  43.366793 284.421554 278.151984   0.160639   0.161843 281.480646   0.161311
    76 345.663169 262.282911 160.286691  85.005228  27.883996  27.883996   0.000000   0.000000  43.886990 284.525225 278.181815   0.160594   0.161843 281.536710   0.161293
    77 348.765167 262.583122 162.393839  86.093285  28.386413  28.386413   0.000000   0.000000  44.403867 284.628628 278.211869   0.160548   0.161842 281.592815   0.161275
    78 351.857339 262.883898 164.494867  87.178006  28.890211  28.890211   0.000000   0.000000  44.917317 284.731745 278.242140   0.160501   0.161841 281.648936   0.161257
    79 354.939537 263.185115 166.589643  88.259395  29.395326  29.395326   0.000000   0.000000  45.427237 284.834559 278.272625   0.160452   0.161841 281.705054   0.161238
    80 358.011615 263.486656 168.678038  89.337451  29.901690  29.901690   0.000000   0.000000  45.933535 284.937052 278.303320   0.160403   0.161840 281.761148   0.161219
    81 361.073430 263.788409 170.759928  90.412175  30.409237  30.409237   0.000000   0.000000  46.436123 285.039209 278.334220   0.160352   0.161839 281.817199   0.161200
    82 364.124841 264.090271 172.835190  91.483566  30.917899  30.917899   0.000000   0.000000  46.934923 285.141016 278.365322   0.160300   0.161838 281.873189   0.161180
    83 367.165708 264.392140 174.903703  92.551627  31.427608  31.427608   0.000000   0.000000  47.429858 285.242458 278.396621   0.160246   0.161838 281.929103   0.161160
    84 370.195896 264.693919 176.965349  93.616364  31.938294  31.938294   0.000000   0.000000  47.920861 285.343522 278.428113   0.160192   0.161837 281.984923   0.161140
    85 373.215268 264.995514 179.020011  94.677780  32.449884  32.449884   0.000000   0.000000  48.407866 285.444195 278.459793   0.160136   0.161836 282.040633   0.161120
    86 376.223692 265.296836 181.067577  95.735878  32.962307  32.962307   0.000000   0.000000  48.890810 285.544463 278.491658   0.160078   0.161835 282.096220   0.161099
    87 379.221036 265.597799 183.107936  96.790658  33.475488  33.475488   0.000000   0.000000  49.369636 285.644317 278.523704   0.160019   0.161834 282.151669   0.161078
    88 382.207171 265.898324 185.140980  97.842114  33.989352  33.989352   0.000000   0.000000  49.844292 285.743744 278.555925   0.159959   0.161834 282.206966   0.161056
    89 385.181970 266.198335 187.166604  98.890242  34.503827  34.503827   0.000000   0.000000  50.314729 285.842733 278.588318   0.159898   0.161833 282.262101   0.161034
    90 388.145307 266.497762 189.184706  99.935036  35.018841  35.018841   0.000000   0.000000  50.780906 285.941276 278.620879   0.159835   0.161832 282.317060   0.161012
    91 391.097057 266.796537 191.195185 100.976488  35.534320  35.534320   0.000000   0.000000  51.242782 286.039364 278.653603   0.159770   0.161831 282.371835   0.160990
    92 394.037099 267.094597 193.197943 102.014591  36.050196  36.050196   0.000000   0.000000  51.700321 286.136986 278.686487   0.159704   0.161830 282.426413   0.160967
    93 396.965311 267.391880 195.192881 103.049338  36.566398  36.566398   0.000000   0.000000  52.153493 286.234135 278.719526   0.159637   0.161829 282.480786   0.160944
    94 399.881576 267.688330 197.179907 104.080718  37.082858  37.082858   0.000000   0.000000  52.602265 286.330803 278.752716   0.159568   0.161829 282.534945   0.160921
    95 402.785774 267.983891 199.158927 105.108717  37.599508  37.599508   0.000000   0.000000  53.046613 286.426983 278.786053   0.159497   0.161828 282.588881   0.160897
    96 405.677791 268.278513 201.129852 106.133319  38.116284  38.116284   0.000000   0.000000  53.486510 286.522666 278.819532   0.159425   0.161827 282.642587   0.160873
    97 408.557511 268.572148 203.092594 107.154506  38.633122  38.633122   0.000000   0.000000  53.921938 286.617847 278.853151   0.159351   0.161826 282.696055   0.160848
    98 411.424823 268.864752 205.047066 108.172257  39.149959  39.149959   0.000000   0.000000  54.352877 286.712520 278.886904   0.159275   0.161825 282.749278   0.160824
    99 414.279614 269.156283 206.993185 109.186550  39.666734  39.666734   0.000000   0.000000  54.779312 286.806678 278.920788   0.159198   0.161824 282.802250   0.160799
   100 417.121775 269.446702 208.930867 110.197363  40.183388  40.183388   0.000000   0.000000  55.201231 286.900317 278.954799   0.159119   0.161823 282.854967   0.160773
   101 419.951197 269.735973 210.860032 111.204671  40.699861  40.699861   0.000000   0.000000  55.618623 286.993430 278.988933   0.159039   0.161822 282.907421   0.160748
   102 422.767772 270.024062 212.780600 112.208447  41.216096  41.216096   0.000000   0.000000  56.031480 287.086015 279.023186   0.158956   0.161821 282.959608   0.160722
   103 425.571395 270.310937 214.692493 113.208662  41.732036  41.732036   0.000000   0.000000  56.439797 287.178065 279.057555   0.158872   0.161820 283.011525   0.160695
   104 428.361961 270.596570 216.595635 114.205287  42.247625  42.247625   0.000000   0.000000  56.843569 287.269577 279.092035   0.158786   0.161819 283.063167   0.160669
   105 431.139368 270.880935 218.489951 115.198290  42.762807  42.762807   0.000000   0.000000  57.242797 287.360548 279.126622   0.158698   0.161818 283.114530   0.160642
   106 433.903512 271.164007 220.375369 116.187636  43.277528  43.277528   0.000000   0.000000  57.637482 287.450975 279.161314   0.158608   0.161817 283.165612   0.160614
   107 436.654293 271.445766 222.251815 117.173290  43.791733  43.791733   0.000000   0.000000  58.027627 287.540854 279.196105   0.158517   0.161816 283.216410   0.160587
   108 439.391612 271.726194 224.119220 118.155216  44.305371  44.305371   0.000000   0.000000  58.413238 287.630183 279.230994   0.158423   0.161815 283.266921   0.160559
   109 442.115371 272.005272 225.977514 119.133375  44.818388  44.818388   0.000000   0.000000  58.794323 287.718960 279.265976   0.158327   0.161814 283.317144   0.160531
   110 444.825472 272.282988 227.826629 120.107728  45.330733  45.330733   0.000000   0.000000  59.170893 287.807184 279.301047   0.158230   0.161813 283.367077   0.160502
   111 447.521819 272.559329 229.666499 121.078233  45.842356  45.842356   0.000000   0.000000  59.542959 287.894852 279.336204   0.158130   0.161811 283.416719   0.160473
   112 450.204318 272.834285 231.497057 122.044847  46.353207  46.353207   0.000000   0.000000  59.910537 287.981964 279.371443   0.158028   0.161810 283.466070   0.160444
   113 452.872875 273.107849 233.318239 123.007526  46.863236  46.863236   0.000000   0.000000  60.273643 288.068519 279.406762   0.157924   0.161809 283.515129   0.160415
   114 455.527397 273.380015 235.129982 123.966224  47.372396  47.372396   0.000000   0.000000  60.632295 288.154516 279.442157   0.157818   0.161808 283.563895   0.160385
   115 458.167792 273.650780 236.932223 124.920896  47.880639  47.880639   0.000000   0.000000  60.986513 288.239956 279.477624   0.157710   0.161807 283.612370   0.160355
   116 460.793972 273.920141 238.724900 125.871494  48.387918  48.387918   0.000000   0.000000  61.336319 288.324838 279.513161   0.157599   0.161806 283.660553   0.160324
   117 463.405845 274.188097 240.507953 126.817969  48.894188  48.894188   0.000000   0.000000  61.681736 288.409162 279.548764   0.157487   0.161805 283.708447   0.160293
   118 466.003324 274.454650 242.281322 127.760275  49.399404  49.399404   0.000000   0.000000  62.022789 288.492930 279.584429   0.157372   0.161803 283.756050   0.160262
   119 468.586322 274.719802 244.044948 128.698362  49.903521  49.903521   0.000000   0.000000  62.359503 288.576141 279.620155   0.157254   0.161802 283.803365   0.160231
   120 476.381544 274.983555 249.718867 129.632182  50.406494  50.406494   0.000000   0.000000  62.691905 288.763374 279.656736   0.157134   0.161801 283.854282   0.160199
   121 478.941346 275.245914 250.947972 133.076800  51.708599  51.708599   0.000000   0.000000  63.746461 288.828280 279.693216   0.157010   0.161800 283.900405   0.160167
   122 481.486351 275.522301 252.785596 133.524585  52.073929  52.073929   0.000000   0.000000  63.945445 288.915024 279.729768   0.156884   0.161799 283.949593   0.160134
   123 484.016478 275.792148 254.497218 134.532862  52.612011  52.612011   0.000000   0.000000  64.296788 288.996682 279.766354   0.156755   0.161797 283.997481   0.160101
   124 486.531643 276.059827 256.220589 135.429663  53.114080  53.114080   0.000000   0.000000  64.612296 289.078444 279.802977   0.156623   0.161796 284.044977   0.160067
   125 489.031768 276.324881 257.929432 136.343016  53.620343  53.620343   0.000000   0.000000  64.928265 289.159364 279.839633   0.156489   0.161795 284.091975   0.160034
   126 491.516770 276.587683 259.628738 137.248300  54.123275  54.123275   0.000000   0.000000  65.238116 289.239657 279.876318   0.156351   0.161793 284.138544   0.160000
   127 493.986572 276.848380 261.317521 138.150082  54.624442  54.624442   0.000000   0.000000  65.543370 289.319308 279.913030   0.156212   0.161792 284.184711   0.159965
   128 496.441095 277.107117 262.995931 139.047364  55.123625  55.123625   0.000000   0.000000  65.843948 289.398343 279.949766   0.156069   0.161791 284.230499   0.159931
   129 498.880261 277.363998 264.663895 139.940227  55.620917  55.620917   0.000000   0.000000  66.140034 289.476772 279.986524   0.155923   0.161789 284.275928   0.159896
   130 501.303995 277.619112 266.321381 140.828559  56.116331  56.116331   0.000000   0.000000  66.431734 289.554607 280.023301   0.155775   0.161788 284.321014   0.159860
   131 503.712220 277.872527 267.968345 141.712292  56.609875  56.609875   0.000000   0.000000  66.719145 289.631858 280.060095   0.155624   0.161787 284.365769   0.159825
   132 506.104861 278.124298 269.604743 142.591358  57.101548  57.101548   0.000000   0.000000  67.002345 289.708532 280.096903   0.155469   0.161785 284.410203   0.159789
   133 508.481846 278.374474 271.230530 143.465694  57.591342  57.591342   0.000000   0.000000  67.281405 289.784636 280.133723   0.155312   0.161784 284.454324   0.159753
   134 510.843100 278.623090 272.845661 144.335242  58.079243  58.079243   0.000000   0.000000  67.556386 289.860174 280.170554   0.155151   0.161783 284.498141   0.159716
   135 513.188552 278.870178 274.450089 145.199949  58.565232  58.565232   0.000000   0.000000  67.827341 289.935152 280.207392   0.154987   0.161781 284.541658   0.159680
   136 515.518129 279.115765 276.043767 146.059761  59.049288  59.049288   0.000000   0.000000  68.094317 290.009574 280.244237   0.154820   0.161780 284.584881   0.159643
   137 517.831761 279.359873 277.626647 146.914630  59.531388  59.531388   0.000000   0.000000  68.357359 290.083443 280.281085   0.154650   0.161778 284.627814   0.159605
   138 520.129379 279.602519 279.198682 147.764507  60.011507  60.011507   0.000000   0.000000  68.616506 290.156762 280.317934   0.154476   0.161777 284.670461   0.159568
   139 522.410912 279.843721 280.759825 148.609348  60.489617  60.489617   0.000000   0.000000  68.871796 290.229535 280.354784   0.154299   0.161775 284.712825   0.159530
   140 524.676294 280.083491 282.310028 149.449108  60.965690  60.965690   0.000000   0.000000  69.123261 290.301765 280.391631   0.154119   0.161774 284.754908   0.159491
   141 526.925455 280.321840 283.849243 150.283744  61.439697  61.439697   0.000000   0.000000  69.370934 290.373452 280.428474   0.153935   0.161773 284.796715   0.159453
   142 529.158329 280.558779 285.377424 151.113215  61.911606  61.911606   0.000000   0.000000  69.614846 290.444601 280.465311   0.153747   0.161771 284.838245   0.159414
   143 531.374850 280.794317 286.894523 151.937482  62.381387  62.381387   0.000000   0.000000  69.855026 290.515212 280.502140   0.153556   0.161770 284.879502   0.159375
   144 533.574953 281.028460 288.400493 152.756505  62.849006  62.849006   0.000000   0.000000  70.091501 290.585288 280.538959   0.153361   0.161768 284.920488   0.159335
   145 535.758573 281.261215 289.895288 153.570247  63.314429  63.314429   0.000000   0.000000  70.324299 290.654830 280.575767   0.153162   0.161767 284.961203   0.159296
   146 537.925646 281.492588 291.378862 154.378672  63.777622  63.777622   0.000000   0.000000  70.553446 290.723841 280.612561   0.152959   0.161765 285.001650   0.159256
   147 540.076109 281.722584 292.851168 155.181746  64.238549  64.238549   0.000000   0.000000  70.778966 290.792323 280.649339   0.152752   0.161763 285.041830   0.159216
   148 542.209900 281.951208 294.312160 155.979433  64.697173  64.697173   0.000000   0.000000  71.000887 290.860276 280.686100   0.152542   0.161762 285.081743   0.159175
   149 544.326956 282.178466 295.761793 156.771703  65.153456  65.153456   0.000000   0.000000  71.219231 290.927703 280.722842   0.152327   0.161760 285.121392   0.159134
   150 546.427216 282.404360 297.200021 157.558522  65.607361  65.607361   0.000000   0.000000  71.434024 290.994605 280.759564   0.152108   0.161759 285.160777   0.159093
   151 548.510621 282.628894 298.626801 158.339861  66.058848  66.058848   0.000000   0.000000  71.645290 291.060984 280.796263   0.151884   0.161757 285.199900   0.159052
   152 550.577110 282.852074 300.042087 159.115690  66.507877  66.507877   0.000000   0.000000  71.853052 291.126842 280.832937   0.151657   0.161756 285.238762   0.159010
   153 552.626624 283.073902 301.445837 159.885979  66.954410  66.954410   0.000000   0.000000  72.057335 291.192181 280.869586   0.151425   0.161754 285.277364   0.158968
   154 554.659106 283.294383 302.838005 160.650702  67.398405  67.398405   0.000000   0.000000  72.258162 291.257001 280.906208   0.151188   0.161752 285.315706   0.158926
   155 556.674497 283.513521 304.218549 161.409830  67.839822  67.839822   0.000000   0.000000  72.455557 291.321306 280.942800   0.150947   0.161751 285.353791   0.158884
   156 558.672740 283.731319 305.587427 162.163337  68.278621  68.278621   0.000000   0.000000  72.649543 291.385096 280.979361   0.150701   0.161749 285.391619   0.158841
   157 560.653779 283.947782 306.944597 162.911197  68.714761  68.714761   0.000000   0.000000  72.840144 291.448373 281.015890   0.150450   0.161747 285.429191   0.158798
   158 562.617559 284.162915 308.290017 163.653385  69.148201  69.148201   0.000000   0.000000  73.027383 291.511139 281.052384   0.150195   0.161746 285.466509   0.158755
   159 564.564024 284.376720 309.623646 164.389875  69.578903  69.578903   0.000000   0.000000  73.211283 291.573395 281.088843   0.149934   0.161744 285.503573   0.158711
   160 566.493120 284.589204 310.945444 165.120643  70.006825  70.006825   0.000000   0.000000  73.391866 291.635144 281.125265   0.149669   0.161742 285.540385   0.158667
   161 568.404793 284.800371 312.255371 165.845664  70.431929  70.431929   0.000000   0.000000  73.569157 291.696387 281.161648   0.149398   0.161741 285.576947   0.158623
   162 570.298990 285.010225 313.553388 166.564914  70.854176  70.854176   0.000000   0.000000  73.743177 291.757126 281.197990   0.149122   0.161739 285.613258   0.158579
   163 572.175658 285.218773 314.839456 167.278370  71.273527  71.273527   0.000000   0.000000  73.913950 291.817362 281.234291   0.148841   0.161737 285.649322   0.158535
   164 574.034747 285.426019 316.113538 167.986009  71.689945  71.689945   0.000000   0.000000  74.081498 291.877097 281.270548   0.148554   0.161736 285.685138   0.158490
   165 575.876204 285.631969 317.375595 168.687805  72.103393  72.103393   0.000000   0.000000  74.245842 291.936333 281.306761   0.148262   0.161734 285.720709   0.158445
   166 577.699978 285.836629 318.625592 169.383738  72.513835  72.513835   0.000000   0.000000  74.407006 291.995072 281.342928   0.147964   0.161732 285.756035   0.158400
   167 579.506021 286.040004 319.863492 170.073782  72.921236  72.921236   0.000000   0.000000  74.565011 292.053315 281.379046   0.147660   0.161730 285.791119   0.158354
   168 581.294282 286.242101 321.089259 170.757916  73.325559  73.325559   0.000000   0.000000  74.719878 292.111063 281.415116   0.147350   0.161729 285.825960   0.158308
   169 583.064712 286.442926 322.302859 171.436116  73.726773  73.726773   0.000000   0.000000  74.871630 292.168319 281.451135   0.147034   0.161727 285.860562   0.158262
   170 584.817264 286.642485 323.504258 172.108360  74.124842  74.124842   0.000000   0.000000  75.020288 292.225085 281.487103   0.146713   0.161725 285.894926   0.158216
   171 586.551890 286.840785 324.693420 172.774625  74.519736  74.519736   0.000000   0.000000  75.165872 292.281360 281.523017   0.146385   0.161723 285.929052   0.158169
   172 588.268543 287.037833 325.870315 173.434887  74.911423  74.911423   0.000000   0.000000  75.308403 292.337148 281.558877   0.146050   0.161722 285.962942   0.158123
   173 589.967177 287.233634 327.034908 174.089126  75.299871  75.299871   0.000000   0.000000  75.447902 292.392450 281.594680   0.145709   0.161720 285.996599   0.158076
   174 591.647746 287.428196 328.187168 174.737317  75.685052  75.685052   0.000000   0.000000  75.584390 292.447268 281.630427   0.145362   0.161718 286.030022   0.158029
   175 593.310204 287.621527 329.327063 175.379439  76.066935  76.066935   0.000000   0.000000  75.717886 292.501602 281.666115   0.145007   0.161716 286.063215   0.157981
   176 594.954507 287.813632 330.454564 176.015469  76.445493  76.445493   0.000000   0.000000  75.848410 292.555455 281.701743   0.144646   0.161714 286.096178   0.157933
   177 596.580611 288.004520 331.569638 176.645385  76.820698  76.820698   0.000000   0.000000  75.975981 292.608828 281.737310   0.144278   0.161712 286.128914   0.157886
   178 598.188473 288.194197 332.672258 177.269165  77.192524  77.192524   0.000000   0.000000  76.100620 292.661722 281.772815   0.143903   0.161711 286.161423   0.157838
   179 599.778049 288.382671 333.762394 177.886786  77.560943  77.560943   0.000000   0.000000  76.222345 292.714139 281.808257   0.143520   0.161709 286.193707   0.157789
   180 601.349298 288.569948 334.840016 178.498227  77.925931  77.925931   0.000000   0.000000  76.341174 292.766080 281.843633   0.143130   0.161707 286.225768   0.157741
   181 602.902177 288.756036 335.905098 179.105054  78.287660  78.287660   0.000000   0.000000  76.457127 292.817503 281.878943   0.142733   0.161705 286.257615   0.157692
   182 604.436646 288.940964 336.957857 179.705945  78.645675  78.645675   0.000000   0.000000  76.569918 292.868422 281.914186   0.142328   0.161703 286.289255   0.157643
   183 605.952664 289.124747 337.998211 180.301103  79.000055  79.000055   0.000000   0.000000  76.679650 292.918837 281.949359   0.141915   0.161701 286.320689   0.157594
   184 607.450191 289.307402 339.026141 180.890441  79.350774  79.350774   0.000000   0.000000  76.786347 292.968754 281.984462   0.141495   0.161699 286.351920   0.157544
   185 608.929187 289.488942 340.041614 181.473929  79.697822  79.697822   0.000000   0.000000  76.890043 293.018174 282.019493   0.141066   0.161697 286.382951   0.157495
   186 610.389614 289.669380 341.044600 182.051531  80.041185  80.041185   0.000000   0.000000  76.990769 293.067101 282.054451   0.140629   0.161695 286.413783   0.157445
   187 611.831433 289.848727 342.035073 182.623211  80.380849  80.380849   0.000000   0.000000  77.088552 293.115537 282.089334   0.140184   0.161693 286.444420   0.157395
   188 613.254607 290.026995 343.013003 183.188938  80.716799  80.716799   0.000000   0.000000  77.183420 293.163484 282.124142   0.139730   0.161692 286.474863   0.157345
   189 614.659098 290.204194 343.978364 183.748678  81.049020  81.049020   0.000000   0.000000  77.275397 293.210945 282.158873   0.139268   0.161690 286.505113   0.157294
   190 616.044869 290.380332 344.931130 184.302403  81.377496  81.377496   0.000000   0.000000  77.364507 293.257922 282.193525   0.138797   0.161688 286.535173   0.157244
   191 617.411884 290.555420 345.871274 184.850083  81.702213  81.702213   0.000000   0.000000  77.450773 293.304415 282.228099   0.138318   0.161686 286.565044   0.157193
   192 618.760109 290.729466 346.798771 185.391688  82.023154  82.023154   0.000000   0.000000  77.534216 293.350429 282.262592   0.137829   0.161684 286.594728   0.157142
   193 620.089507 290.902477 347.713597 185.927192  82.340304  82.340304   0.000000   0.000000  77.614859 293.395963 282.297003   0.137332   0.161682 286.624226   0.157091
   194 621.400045 291.074463 348.615727 186.456566  82.653648  82.653648   0.000000   0.000000  77.692721 293.441020 282.331331   0.136825   0.161680 286.653540   0.157040
   195 622.691687 291.245431 349.505137 186.979784  82.963170  82.963170   0.000000   0.000000  77.767823 293.485602 282.365576   0.136309   0.161678 286.682671   0.156988
   196 623.964402 291.415389 350.381805 187.496821  83.268856  83.268856   0.000000   0.000000  77.840184 293.529710 282.399735   0.135784   0.161676 286.711622   0.156936
   197 625.218156 291.584344 351.245706 188.007651  83.570691  83.570691   0.000000   0.000000  77.909822 293.573345 282.433809   0.135250   0.161674 286.740392   0.156884
   198 626.452916 291.752303 352.096819 188.512248  83.868659  83.868659   0.000000   0.000000  77.976756 293.616510 282.467795   0.134706   0.161672 286.768984   0.156832
   199 627.668652 291.919274 352.935122 189.010589  84.162748  84.162748   0.000000   0.000000  78.041004 293.659205 282.501693   0.134152   0.161670 286.797399   0.156780
   200 628.865330 292.085262 353.760594 189.502648  84.452942  84.452942   0.000000   0.000000  78.102583 293.701432 282.535502   0.133589   0.161668 286.825638   0.156728
   201 630.042922 292.250275 354.573212 189.988404  84.739228  84.739228   0.000000   0.000000  78.161511 293.743192 282.569220   0.133016   0.161666 286.853702   0.156675
   202 631.201397 292.414320 355.372956 190.467831  85.021592  85.021592   0.000000   0.000000  78.217804 293.784487 282.602847   0.132433   0.161664 286.881594   0.156622
   203 632.340724 292.577402 356.159807 190.940908  85.300022  85.300022   0.000000   0.000000  78.271479 293.825318 282.636382   0.131840   0.161662 286.909313   0.156570
   204 633.460876 292.739527 356.933743 191.407611  85.574504  85.574504   0.000000   0.000000  78.322552 293.865686 282.669824   0.131238   0.161660 286.936861   0.156516
   205 634.561822 292.900703 357.694745 191.867917  85.845026  85.845026   0.000000   0.000000  78.371038 293.905593 282.703171   0.130626   0.161657 286.964239   0.156463
   206 635.643536 293.060934 358.442794 192.321806  86.111575  86.111575   0.000000   0.000000  78.416955 293.945039 282.736423   0.130004   0.161655 286.991449   0.156410
   207 636.705989 293.220227 359.177872 192.769253  86.374140  86.374140   0.000000   0.000000  78.460316 293.984027 282.769579   0.129373   0.161653 287.018492   0.156356
   208 637.749155 293.378588 359.899959 193.210239  86.632709  86.632709   0.000000   0.000000  78.501138 294.022556 282.802637   0.128731   0.161651 287.045368   0.156303
   209 638.773006 293.536022 360.609037 193.644740  86.887272  86.887272   0.000000   0.000000  78.539434 294.060629 282.835598   0.128080   0.161649 287.072079   0.156249
   210 639.777518 293.692534 361.305089 194.072736  87.137817  87.137817   0.000000   0.000000  78.575220 294.098247 282.868460   0.127420   0.161647 287.098626   0.156195
   211 640.762664 293.848130 361.988098 194.494206  87.384334  87.384334   0.000000   0.000000  78.608509 294.135409 282.901221   0.126750   0.161645 287.125009   0.156141
   212 641.728420 294.002815 362.658046 194.909127  87.626814  87.626814   0.000000   0.000000  78.639317 294.172119 282.933882   0.126071   0.161643 287.151230   0.156087
   213 642.674760 294.156594 363.314916 195.317479  87.865247  87.865247   0.000000   0.000000  78.667657 294.208376 282.966441   0.125382   0.161641 287.177290   0.156032
   214 643.601662 294.309473 363.958693 195.719241  88.099625  88.099625   0.000000   0.000000  78.693543 294.244182 282.998898   0.124685   0.161639 287.203190   0.155978
   215 644.509101 294.461457 364.589360 196.114392  88.329938  88.329938   0.000000   0.000000  78.716988 294.279537 283.031251   0.123979   0.161637 287.228930   0.155923
   216 645.397055 294.612550 365.206901 196.502912  88.556179  88.556179   0.000000   0.000000  78.738006 294.314444 283.063500   0.123264   0.161634 287.254512   0.155868
   217 646.265502 294.762757 365.811302 196.884778  88.778340  88.778340   0.000000   0.000000  78.756611 294.348902 283.095643   0.122541   0.161632 287.279936   0.155814
   218 647.114419 294.912082 366.402548 197.259971  88.996414  88.996414   0.000000   0.000000  78.772814 294.382913 283.127681   0.121810   0.161630 287.305204   0.155759
   219 647.943785 295.060532 366.980623 197.628470  89.210396  89.210396   0.000000   0.000000  78.786629 294.416478 283.159611   0.121071   0.161628 287.330316   0.155703
   220 648.753579 295.208109 367.545515 197.990255  89.420278  89.420278   0.000000   0.000000  78.798068 294.449598 283.191434   0.120325   0.161626 287.355274   0.155648
   221 649.543781 295.354818 368.097208 198.345303  89.626055  89.626055   0.000000   0.000000  78.807144 294.482273 283.223149   0.119571   0.161624 287.380077   0.155593
   222 650.314372 295.500665 368.635690 198.693596  89.827723  89.827723   0.000000   0.000000  78.813870 294.514505 283.254754   0.118811   0.161622 287.404727   0.155537
   223 651.065330 295.645653 369.160947 199.035112  90.025277  90.025277   0.000000   0.000000  78.818257 294.546294 283.286249   0.118045   0.161619 287.429224   0.155482
   224 651.796639 295.789785 369.672967 199.369830  90.218714  90.218714   0.000000   0.000000  78.820317 294.577642 283.317633   0.117273   0.161617 287.453570   0.155426
   225 652.508280 295.933067 370.171738 199.697729  90.408030  90.408030   0.000000   0.000000  78.820061 294.608548 283.348905   0.116495   0.161615 287.477764   0.155370
   226 653.200234 296.075503 370.657246 200.018790  90.593223  90.593223   0.000000   0.000000  78.817502 294.639015 283.380065   0.115712   0.161613 287.501809   0.155314
   227 653.872484 296.217096 371.129482 200.332990  90.774292  90.774292   0.000000   0.000000  78.812651 294.669043 283.411112   0.114925   0.161611 287.525704   0.155258
   228 654.525014 296.357849 371.588432 200.640310  90.951234  90.951234   0.000000   0.000000  78.805518 294.698632 283.442044   0.114134   0.161609 287.549450   0.155202
   229 655.157807 296.497768 372.034087 200.940727  91.124049  91.124049   0.000000   0.000000  78.796116 294.727784 283.472862   0.113340   0.161606 287.573048   0.155146
   230 655.770848 296.636855 372.466436 201.234221  91.292738  91.292738   0.000000   0.000000  78.784453 294.756499 283.503564   0.112543   0.161604 287.596499   0.155090
   231 656.364121 296.775115 372.885469 201.520770  91.457302  91.457302   0.000000   0.000000  78.770542 294.784777 283.534150   0.111743   0.161602 287.619803   0.155033
   232 656.937612 296.912550 373.291176 201.800353  91.617740  91.617740   0.000000   0.000000  78.754393 294.812621 283.564619   0.110942   0.161600 287.642961   0.154977
   233 657.491305 297.049164 373.683547 202.072948  91.774056  91.774056   0.000000   0.000000  78.736015 294.840030 283.594970   0.110139   0.161598 287.665973   0.154921
   234 658.025188 297.184961 374.062574 202.338535  91.926251  91.926251   0.000000   0.000000  78.715420 294.867004 283.625202   0.109336   0.161595 287.688840   0.154864
   235 658.539247 297.319944 374.428247 202.597090  92.074330  92.074330   0.000000   0.000000  78.692617 294.893546 283.655315   0.108533   0.161593 287.711563   0.154807
   236 659.033469 297.454117 374.780559 202.848594  92.218294  92.218294   0.000000   0.000000  78.667615 294.919655 283.685309   0.107730   0.161591 287.734142   0.154750
   237 659.507842 297.587482 375.119502 203.093022  92.358150  92.358150   0.000000   0.000000  78.640425 294.945332 283.715181   0.106929   0.161589 287.756578   0.154694
   238 659.962354 297.720043 375.445067 203.330355  92.493901  92.493901   0.000000   0.000000  78.611056 294.970578 283.744933   0.106129   0.161587 287.778872   0.154637
   239 660.396994 297.851803 375.757249 203.560569  92.625552  92.625552   0.000000   0.000000  78.579518 294.995393 283.774562   0.105331   0.161584 287.801023   0.154580
   240 660.811751 297.982765 376.056039 203.783644  92.753109  92.753109   0.000000   0.000000  78.545820 295.019778 283.804068   0.104536   0.161582 287.823033   0.154523
   241 661.206615 298.112933 376.341433 203.999555  92.876578  92.876578   0.000000   0.000000  78.509971 295.043734 283.833451   0.103744   0.161580 287.844901   0.154466
   242 661.581576 298.242309 376.613422 204.208283  92.995966  92.995966   0.000000   0.000000  78.471981 295.067261 283.862710   0.102956   0.161578 287.866630   0.154408
   243 661.936624 298.370898 376.872002 204.409804  93.111278  93.111278   0.000000   0.000000  78.431858 295.090360 283.891844   0.102173   0.161575 287.888218   0.154351
   244 662.271752 298.498701 377.117168 204.604096  93.222524  93.222524   0.000000   0.000000  78.389612 295.113032 283.920853   0.101394   0.161573 287.909667   0.154294
   245 662.586950 298.625722 377.348914 204.791139  93.329709  93.329709   0.000000   0.000000  78.345251 295.135276 283.949736   0.100620   0.161571 287.930977   0.154237
   246 662.882210 298.751965 377.567236 204.970908  93.432842  93.432842   0.000000   0.000000  78.298785 295.157095 283.978491   0.099852   0.161569 287.952149   0.154179
   247 663.157526 298.877433 377.772129 205.143383  93.531931  93.531931   0.000000   0.000000  78.250223 295.178487 284.007120   0.099090   0.161566 287.973183   0.154122
   248 663.412891 299.002128 377.963590 205.308542  93.626984  93.626984   0.000000   0.000000  78.199573 295.199455 284.035620   0.098335   0.161564 287.994080   0.154064
   249 663.648298 299.126055 378.141614 205.466364  93.718010  93.718010   0.000000   0.000000  78.146845 295.219998 284.063991   0.097586   0.161562 288.014840   0.154007
   250 663.863741 299.249216 378.306199 205.616825  93.805018  93.805018   0.000000   0.000000  78.092047 295.240117 284.092233   0.096845   0.161560 288.035464   0.153949
   251 664.059215 299.371615 378.457342 205.759906  93.888017  93.888017   0.000000   0.000000  78.035188 295.259814 284.120345   0.096111   0.161557 288.055952   0.153892
   252 664.234716 299.493255 378.595040 205.895584  93.967015  93.967015   0.000000   0.000000  77.976277 295.279087 284.148327   0.095384   0.161555 288.076305   0.153834
   253 664.390239 299.614139 378.719292 206.023840  94.042023  94.042023   0.000000   0.000000  77.915323 295.297939 284.176177   0.094666   0.161553 288.096523   0.153777
   254 664.525779 299.734271 378.830094 206.144651  94.113050  94.113050   0.000000   0.000000  77.852334 295.316369 284.203895   0.093956   0.161551 288.116608   0.153719
   255 664.641335 299.853654 378.927446 206.257997  94.180106  94.180106   0.000000   0.000000  77.787319 295.334379 284.231481   0.093255   0.161548 288.136558   0.153661
   256 664.736902 299.972292 379.011346 206.363858  94.243201  94.243201   0.000000   0.000000  77.720287 295.351969 284.258934   0.092562   0.161546 288.156376   0.153604
   257 664.812479 300.090187 379.081794 206.462213  94.302344  94.302344   0.000000   0.000000  77.651247 295.369140 284.286253   0.091877   0.161544 288.176061   0.153546
   258 664.868063 300.207344 379.138789 206.553043  94.357546  94.357546   0.000000   0.000000  77.580208 295.385891 284.313437   0.091202   0.161542 288.195614   0.153488
   259 664.903654 300.323766 379.182330 206.636328  94.408817  94.408817   0.000000   0.000000  77.507177 295.402225 284.340487   0.090536   0.161539 288.215036   0.153430
   260 664.919250 300.439456 379.212419 206.712048  94.456167  94.456167   0.000000   0.000000  77.432165 295.418141 284.367402   0.089879   0.161537 288.234326   0.153373
   261 664.914851 300.554417 379.229054 206.780185  94.499607  94.499607   0.000000   0.000000  77.355178 295.433641 284.394180   0.089231   0.161535 288.253487   0.153315
   262 664.890457 300.668653 379.232238 206.840719  94.539147  94.539147   0.000000   0.000000  77.276227 295.448724 284.420821   0.088592   0.161533 288.272517   0.153257
   263 664.846069 300.782167 379.221972 206.893633  94.574798  94.574798   0.000000   0.000000  77.195319 295.463392 284.447326   0.087963   0.161530 288.291418   0.153199
   264 664.781688 300.894963 379.198255 206.938908  94.606571  94.606571   0.000000   0.000000  77.112463 295.477645 284.473693   0.087343   0.161528 288.310190   0.153141
   265 664.697315 301.007044 379.161092 206.976526  94.634476  94.634476   0.000000   0.000000  77.027667 295.491484 284.499921   0.086732   0.161526 288.328833   0.153084
   266 664.592953 301.118412 379.110483 207.006470  94.658524  94.658524   0.000000   0.000000  76.940940 295.504909 284.526011   0.086130   0.161523 288.347349   0.153026
   267 664.468603 301.229072 379.046431 207.028723  94.678726  94.678726   0.000000   0.000000  76.852290 295.517922 284.551961   0.085538   0.161521 288.365737   0.152968
   268 664.324270 301.339026 378.968938 207.043269  94.695092  94.695092   0.000000   0.000000  76.761725 295.530522 284.577771   0.084955   0.161519 288.383998   0.152910
   269 664.159957 301.448278 378.878008 207.050091  94.707635  94.707635   0.000000   0.000000  76.669253 295.542710 284.603441   0.084381   0.161517 288.402132   0.152852
   270 663.975667 301.556830 378.773644 207.049173  94.716364  94.716364   0.000000   0.000000  76.574883 295.554487 284.628970   0.083816   0.161514 288.420141   0.152795
   271 663.771406 301.664685 378.655850 207.040500  94.721290  94.721290   0.000000   0.000000  76.478622 295.565854 284.654357   0.083261   0.161512 288.438023   0.152737
   272 663.547178 301.771846 378.524630 207.024056  94.722426  94.722426   0.000000   0.000000  76.380479 295.576810 284.679602   0.082714   0.161510 288.455781   0.152679
   273 663.302989 301.878317 378.379988 206.999828  94.719782  94.719782   0.000000   0.000000  76.280460 295.587358 284.704704   0.082176   0.161508 288.473413   0.152621
   274 663.038845 301.984099 378.221928 206.967800  94.713368  94.713368   0.000000   0.000000  76.178574 295.597496 284.729664   0.081647   0.161505 288.490921   0.152564
   275 662.754752 302.089195 378.050456 206.927960  94.703197  94.703197   0.000000   0.000000  76.074829 295.607227 284.754479   0.081126   0.161503 288.508304   0.152506
   276 662.450718 302.193608 377.865576 206.880293  94.689280  94.689280   0.000000   0.000000  75.969231 295.616549 284.779151   0.080614   0.161501 288.525564   0.152448
   277 662.126751 302.297340 377.667295 206.824788  94.671627  94.671627   0.000000   0.000000  75.861789 295.625465 284.803678   0.080111   0.161498 288.542700   0.152391
   278 661.782857 302.400394 377.455619 206.761430  94.650250  94.650250   0.000000   0.000000  75.752508 295.633974 284.828060   0.079616   0.161496 288.559714   0.152333
   279 661.419046 302.502771 377.230552 206.690210  94.625160  94.625160   0.000000   0.000000  75.641397 295.642076 284.852296   0.079129   0.161494 288.576604   0.152276
   280 661.035327 302.604473 376.992103 206.611114  94.596369  94.596369   0.000000   0.000000  75.528463 295.649774 284.876386   0.078650   0.161492 288.593371   0.152218
   281 660.631708 302.705502 376.740277 206.524132  94.563888  94.563888   0.000000   0.000000  75.413712 295.657065 284.900330   0.078179   0.161489 288.610016   0.152161
   282 660.208202 302.805861 376.475082 206.429253  94.527727  94.527727   0.000000   0.000000  75.297150 295.663952 284.924126   0.077716   0.161487 288.626539   0.152103
   283 659.764816 302.905550 376.196526 206.326468  94.487899  94.487899   0.000000   0.000000  75.178785 295.670435 284.947775   0.077261   0.161485 288.642940   0.152046
   284 659.301564 303.004571 375.904615 206.215766  94.444415  94.444415   0.000000   0.000000  75.058622 295.676514 284.971276   0.076813   0.161483 288.659219   0.151988
   285 658.818456 303.102925 375.599358 206.097138  94.397286  94.397286   0.000000   0.000000  74.936669 295.682190 284.994628   0.076373   0.161480 288.675376   0.151931
   286 658.315504 303.200614 375.280764 205.970577  94.346523  94.346523   0.000000   0.000000  74.812930 295.687462 285.017831   0.075940   0.161478 288.691411   0.151874
   287 657.792721 303.297638 374.948840 205.836073  94.292137  94.292137   0.000000   0.000000  74.687413 295.692331 285.040885   0.075514   0.161476 288.707325   0.151817
   288 657.250120 303.393998 374.603596 205.693619  94.234141  94.234141   0.000000   0.000000  74.560122 295.696798 285.063789   0.075096   0.161474 288.723117   0.151760
   289 656.687714 303.489695 374.245042 205.543207  94.172544  94.172544   0.000000   0.000000  74.431063 295.700863 285.086543   0.074684   0.161471 288.738788   0.151702
   290 656.105517 303.584729 373.873186 205.384832  94.107359  94.107359   0.000000   0.000000  74.300243 295.704526 285.109145   0.074279   0.161469 288.754338   0.151645
   291 655.503545 303.679101 373.488038 205.218487  94.038597  94.038597   0.000000   0.000000  74.167665 295.707787 285.131597   0.073881   0.161467 288.769766   0.151588
   292 654.881811 303.772810 373.089609 205.044165  93.966269  93.966269   0.000000   0.000000  74.033335 295.710647 285.153896   0.073490   0.161464 288.785072   0.151531
   293 654.240331 303.865857 372.677910 204.861862  93.890386  93.890386   0.000000   0.000000  73.897258 295.713106 285.176044   0.073105   0.161462 288.800257   0.151475
   294 653.579122 303.958241 372.252950 204.671573  93.810960  93.810960   0.000000   0.000000  73.759439 295.715164 285.198038   0.072726   0.161460 288.815320   0.151418
   295 652.898200 304.049963 371.814742 204.473293  93.728002  93.728002   0.000000   0.000000  73.619883 295.716822 285.219880   0.072353   0.161458 288.830261   0.151361
   296 652.197582 304.141021 371.363296 204.267019  93.641522  93.641522   0.000000   0.000000  73.478594 295.718078 285.241568   0.071987   0.161455 288.845080   0.151304
   297 651.477285 304.231414 370.898624 204.052747  93.551534  93.551534   0.000000   0.000000  73.335576 295.718935 285.263102   0.071626   0.161453 288.859776   0.151248
   298 650.737328 304.321143 370.420739 203.830474  93.458047  93.458047   0.000000   0.000000  73.190833 295.719391 285.284481   0.071272   0.161451 288.874351   0.151191
   299 649.977729 304.410206 369.929653 203.600197  93.361073  93.361073   0.000000   0.000000  73.044370 295.719447 285.305706   0.070923   0.161449 288.888802   0.151135
   300 649.198507 304.498602 369.425378 203.361914  93.260623  93.260623   0.000000   0.000000  72.896191 295.719103 285.326775   0.070580   0.161447 288.903131   0.151079
   301 648.399682 304.586330 368.907927 203.115623  93.156709  93.156709   0.000000   0.000000  72.746299 295.718359 285.347688   0.070242   0.161444 288.917337   0.151022
   302 647.581274 304.673388 368.377314 202.861324  93.049342  93.049342   0.000000   0.000000  72.594698 295.717215 285.368445   0.069910   0.161442 288.931419   0.150966
   303 646.743303 304.759775 367.833553 202.599015  92.938534  92.938534   0.000000   0.000000  72.441391 295.715671 285.389045   0.069583   0.161440 288.945377   0.150910
   304 645.885790 304.845489 367.276657 202.328695  92.824295  92.824295   0.000000   0.000000  72.286382 295.713728 285.409488   0.069261   0.161438 288.959210   0.150854
   305 645.008758 304.930528 366.706641 202.050365  92.706638  92.706638   0.000000   0.000000  72.129674 295.711384 285.429774   0.068944   0.161435 288.972920   0.150798
   306 644.112227 305.014891 366.123520 201.764025  92.585573  92.585573   0.000000   0.000000  71.971271 295.708641 285.449902   0.068632   0.161433 288.986504   0.150742
   307 643.196222 305.098575 365.527308 201.469675  92.461113  92.461113   0.000000   0.000000  71.811175 295.705498 285.469871   0.068326   0.161431 288.999963   0.150687
   308 642.260764 305.181579 364.918021 201.167316  92.333269  92.333269   0.000000   0.000000  71.649389 295.701955 285.489681   0.068024   0.161429 289.013296   0.150631
   309 641.305878 305.263899 364.295675 200.856950  92.202052  92.202052   0.000000   0.000000  71.485917 295.698012 285.509332   0.067726   0.161427 289.026502   0.150576
   310 640.331587 305.345535 363.660285 200.538579  92.067474  92.067474   0.000000   0.000000  71.320760 295.693669 285.528823   0.067434   0.161424 289.039582   0.150520
   311 639.337917 305.426483 363.011869 200.212204  91.929547  91.929547   0.000000   0.000000  71.153921 295.688926 285.548154   0.067146   0.161422 289.052535   0.150465
   312 638.324893 305.506741 362.350442 199.877828  91.788283  91.788283   0.000000   0.000000  70.985404 295.683783 285.567324   0.066862   0.161420 289.065360   0.150410
   313 637.292540 305.586306 361.676021 199.535454  91.643693  91.643693   0.000000   0.000000  70.815211 295.678239 285.586333   0.066583   0.161418 289.078056   0.150355
   314 636.240884 305.665176 360.988626 199.185085  91.495789  91.495789   0.000000   0.000000  70.643343 295.672295 285.605180   0.066308   0.161415 289.090624   0.150300
   315 635.169953 305.743348 360.288272 198.826725  91.344584  91.344584   0.000000   0.000000  70.469804 295.665951 285.623866   0.066037   0.161413 289.103063   0.150245
   316 634.079773 305.820819 359.574978 198.460376  91.190089  91.190089   0.000000   0.000000  70.294595 295.659206 285.642389   0.065770   0.161411 289.115371   0.150190
   317 632.970373 305.897586 358.848763 198.086044  91.032316  91.032316   0.000000   0.000000  70.117720 295.652061 285.660749   0.065507   0.161409 289.127550   0.150135
   318 631.841781 305.973647 358.109645 197.703733  90.871278  90.871278   0.000000   0.000000  69.939179 295.644514 285.678946   0.065248   0.161407 289.139597   0.150081
   319 630.694025 306.048998 357.357644 197.313447  90.706987  90.706987   0.000000   0.000000  69.758975 295.636567 285.696980   0.064994   0.161405 289.151512   0.150026
   320 629.527135 306.123637 356.592780 196.915191  90.539456  90.539456   0.000000   0.000000  69.577110 295.628218 285.714849   0.064742   0.161402 289.163296   0.149972
   321 628.341141 306.197560 355.815071 196.508971  90.368697  90.368697   0.000000   0.000000  69.393586 295.619468 285.732553   0.064495   0.161400 289.174946   0.149918
   322 627.136074 306.270763 355.024539 196.094793  90.194722  90.194722   0.000000   0.000000  69.208405 295.610317 285.750093   0.064251   0.161398 289.186463   0.149864
   323 625.911964 306.343245 354.221204 195.672662  90.017545  90.017545   0.000000   0.000000  69.021569 295.600764 285.767467   0.064011   0.161396 289.197846   0.149810
   324 624.668842 306.415002 353.405088 195.242584  89.837178  89.837178   0.000000   0.000000  68.833079 295.590809 285.784675   0.063775   0.161394 289.209095   0.149756
   325 623.406742 306.486030 352.576211 194.804566  89.653634  89.653634   0.000000   0.000000  68.642938 295.580452 285.801717   0.063542   0.161392 289.220208   0.149703
   326 622.125695 306.556327 351.734596 194.358616  89.466926  89.466926   0.000000   0.000000  68.451147 295.569693 285.818592   0.063312   0.161389 289.231185   0.149649
   327 620.825734 306.625889 350.880264 193.904739  89.277068  89.277068   0.000000   0.000000  68.257707 295.558532 285.835300   0.063086   0.161387 289.242025   0.149596
   328 619.506894 306.694712 350.013239 193.442943  89.084072  89.084072   0.000000   0.000000  68.062621 295.546968 285.851840   0.062863   0.161385 289.252728   0.149543
   329 618.169207 306.762794 349.133543 192.973236  88.887953  88.887953   0.000000   0.000000  67.865890 295.535001 285.868213   0.062643   0.161383 289.263293   0.149490
   330 616.812711 306.830130 348.241199 192.495626  88.688723  88.688723   0.000000   0.000000  67.667516 295.522631 285.884416   0.062426   0.161381 289.273720   0.149437
   331 615.437438 306.896718 347.336232 192.010121  88.486397  88.486397   0.000000   0.000000  67.467500 295.509857 285.900451   0.062212   0.161379 289.284007   0.149384
   332 614.043426 306.962555 346.418665 191.516729  88.280987  88.280987   0.000000   0.000000  67.265844 295.496681 285.916317   0.062002   0.161377 289.294154   0.149331
   333 612.630710 307.027636 345.488523 191.015460  88.072510  88.072510   0.000000   0.000000  67.062549 295.483100 285.932012   0.061794   0.161375 289.304161   0.149279
   334 611.199328 307.091959 344.545830 190.506321  87.860977  87.860977   0.000000   0.000000  66.857617 295.469116 285.947538   0.061590   0.161372 289.314026   0.149226
   335 609.749317 307.155520 343.590613 189.989322  87.646404  87.646404   0.000000   0.000000  66.651049 295.454728 285.962892   0.061388   0.161370 289.323749   0.149174
   336 608.280715 307.218315 342.622896 189.464473  87.428806  87.428806   0.000000   0.000000  66.442847 295.439935 285.978076   0.061189   0.161368 289.333330   0.149122
   337 606.793560 307.280341 341.642706 188.931784  87.208195  87.208195   0.000000   0.000000  66.233012 295.424737 285.993088   0.060993   0.161366 289.342766   0.149070
   338 605.287892 307.341595 340.650069 188.391264  86.984588  86.984588   0.000000   0.000000  66.021545 295.409135 286.007928   0.060800   0.161364 289.352059   0.149018
   339 603.763751 307.402073 339.645013 187.842924  86.757999  86.757999   0.000000   0.000000  65.808449 295.393128 286.022596   0.060609   0.161362 289.361207   0.148967
   340 602.221176 307.461772 338.627564 187.286775  86.528443  86.528443   0.000000   0.000000  65.593723 295.376715 286.037091   0.060421   0.161360 289.370209   0.148915
   341 600.660209 307.520688 337.597750 186.722827  86.295936  86.295936   0.000000   0.000000  65.377371 295.359897 286.051413   0.060235   0.161358 289.379065   0.148864
   342 599.080891 307.578818 336.555599 186.151091  86.060491  86.060491   0.000000   0.000000  65.159393 295.342674 286.065561   0.060053   0.161356 289.387774   0.148813
   343 597.483264 307.636159 335.501140 185.571579  85.822126  85.822126   0.000000   0.000000  64.939790 295.325044 286.079535   0.059872   0.161354 289.396335   0.148762
   344 595.867370 307.692706 334.434401 184.984302  85.580855  85.580855   0.000000   0.000000  64.718563 295.307008 286.093334   0.059694   0.161352 289.404747   0.148711
   345 594.233253 307.748458 333.355413 184.389272  85.336694  85.336694   0.000000   0.000000  64.495715 295.288565 286.106959   0.059519   0.161350 289.413011   0.148661
   346 592.580956 307.803409 332.264204 183.786502  85.089659  85.089659   0.000000   0.000000  64.271246 295.269716 286.120408   0.059346   0.161348 289.421124   0.148610
   347 590.910524 307.857557 331.160806 183.176004  84.839766  84.839766   0.000000   0.000000  64.045158 295.250460 286.133681   0.059175   0.161346 289.429087   0.148560
   348 589.222001 307.910899 330.045248 182.557790  84.587031  84.587031   0.000000   0.000000  63.817452 295.230796 286.146778   0.059007   0.161344 289.436898   0.148510
   349 587.515433 307.963430 328.917561 181.931874  84.331471  84.331471   0.000000   0.000000  63.588129 295.210725 286.159698   0.058841   0.161341 289.444557   0.148460
   350 585.790866 308.015148 327.777778 181.298269  84.073101  84.073101   0.000000   0.000000  63.357191 295.190247 286.172441   0.058677   0.161339 289.452064   0.148411
   351 584.048347 308.066050 326.625929 180.656988  83.811939  83.811939   0.000000   0.000000  63.124638 295.169360 286.185007   0.058516   0.161337 289.459416   0.148361
   352 582.287922 308.116131 325.462048 180.008045  83.548001  83.548001   0.000000   0.000000  62.890472 295.148066 286.197395   0.058356   0.161335 289.466615   0.148312
   353 580.509641 308.165389 324.286166 179.351455  83.281305  83.281305   0.000000   0.000000  62.654695 295.126363 286.209604   0.058199   0.161333 289.473658   0.148263
   354 578.713550 308.213819 323.098318 178.687232  83.011866  83.011866   0.000000   0.000000  62.417308 295.104251 286.221635   0.058044   0.161331 289.480545   0.148214
   355 576.899699 308.261420 321.898537 178.015390  82.739703  82.739703   0.000000   0.000000  62.178311 295.081730 286.233486   0.057891   0.161329 289.487276   0.148165
   356 575.068138 308.308188 320.686856 177.335944  82.464833  82.464833   0.000000   0.000000  61.937707 295.058800 286.245158   0.057740   0.161328 289.493849   0.148116
   357 573.218917 308.354119 319.463311 176.648911  82.187272  82.187272   0.000000   0.000000  61.695496 295.035461 286.256650   0.057591   0.161326 289.500264   0.148068
   358 571.352087 308.399210 318.227936 175.954305  81.907039  81.907039   0.000000   0.000000  61.451679 295.011712 286.267961   0.057444   0.161324 289.506520   0.148020
   359 569.467700 308.443457 316.980767 175.252143  81.624152  81.624152   0.000000   0.000000  61.206259 294.987553 286.279091   0.057299   0.161322 289.512617   0.147972
   360 567.565807 308.486858 315.721840 174.542440  81.338628  81.338628   0.000000   0.000000  60.959236 294.962984 286.290040   0.057155   0.161320 289.518553   0.147924
   361 565.646461 308.529410 314.451190 173.825696  81.050541  81.050541   0.000000   0.000000  60.710611 294.937993 286.300807   0.057014   0.161318 289.524330   0.147876
   362 563.709716 308.571115 313.168927 173.101523  80.759787  80.759787   0.000000   0.000000  60.460299 294.912581 286.311392   0.056875   0.161316 289.529948   0.147829
   363 561.755626 308.611973 311.875072 172.369997  80.466413  80.466413   0.000000   0.000000  60.208326 294.886751 286.321794   0.056737   0.161314 289.535407   0.147781
   364 559.784245 308.651983 310.569663 171.631112  80.170440  80.170440   0.000000   0.000000  59.954697 294.860501 286.332013   0.056602   0.161312 289.540705   0.147734
   365 557.795629 308.691144 309.252733 170.884883  79.871890  79.871890   0.000000   0.000000  59.699419 294.833833 286.342048   0.056468   0.161310 289.545843   0.147688
   366 555.789834 308.729454 307.924321 170.131319  79.570787  79.570787   0.000000   0.000000  59.442499 294.806747 286.351898   0.056335   0.161308 289.550819   0.147641
   367 553.766916 308.766911 306.584463 169.370433  79.267152  79.267152   0.000000   0.000000  59.183942 294.779243 286.361564   0.056205   0.161306 289.555634   0.147595
   368 551.726933 308.803512 305.233196 168.602236  78.961007  78.961007   0.000000   0.000000  58.923752 294.751322 286.371046   0.056076   0.161304 289.560285   0.147548
   369 549.669942 308.839255 303.870559 167.826745  78.652373  78.652373   0.000000   0.000000  58.661936 294.722983 286.380341   0.055949   0.161302 289.564773   0.147502
   370 547.596003 308.874137 302.496591 167.043972  78.341271  78.341271   0.000000   0.000000  58.398496 294.694227 286.389451   0.055824   0.161301 289.569097   0.147457
   371 545.505175 308.908155 301.111331 166.253933  78.027723  78.027723   0.000000   0.000000  58.133437 294.665054 286.398374   0.055700   0.161299 289.573255   0.147411
   372 543.397517 308.941307 299.714818 165.456645  77.711750  77.711750   0.000000   0.000000  57.866762 294.635463 286.407110   0.055578   0.161297 289.577247   0.147366
   373 541.273090 308.973590 298.307094 164.652124  77.393371  77.393371   0.000000   0.000000  57.598475 294.605456 286.415659   0.055458   0.161295 289.581072   0.147320
   374 539.131956 309.004999 296.888199 163.840387  77.072609  77.072609   0.000000   0.000000  57.328579 294.575031 286.424020   0.055339   0.161293 289.584729   0.147276
   375 536.974177 309.035533 295.458175 163.021453  76.749484  76.749484   0.000000   0.000000  57.057077 294.544190 286.432193   0.055222   0.161291 289.588217   0.147231
   376 534.799815 309.065188 294.017064 162.195339  76.424017  76.424017   0.000000   0.000000  56.783973 294.512931 286.440178   0.055106   0.161289 289.591536   0.147186
   377 532.608935 309.093960 292.564909 161.362065  76.096228  76.096228   0.000000   0.000000  56.509268 294.481255 286.447974   0.054992   0.161288 289.594683   0.147142
   378 530.401600 309.121848 291.101753 160.521650  75.766139  75.766139   0.000000   0.000000  56.232966 294.449162 286.455580   0.054879   0.161286 289.597660   0.147098
   379 528.177875 309.148846 289.627640 159.674116  75.433770  75.433770   0.000000   0.000000  55.955070 294.416652 286.462997   0.054768   0.161284 289.600463   0.147054
   380 525.937826 309.174953 288.142615 158.819481  75.099142  75.099142   0.000000   0.000000  55.675581 294.383724 286.470224   0.054658   0.161282 289.603094   0.147011
   381 523.681520 309.200164 286.646722 157.957769  74.762276  74.762276   0.000000   0.000000  55.394503 294.350379 286.477260   0.054550   0.161280 289.605549   0.146967
   382 521.409024 309.224477 285.140006 157.089001  74.423194  74.423194   0.000000   0.000000  55.111838 294.316617 286.484105   0.054443   0.161279 289.607830   0.146924
   383 519.120405 309.247889 283.622514 156.213198  74.081914  74.081914   0.000000   0.000000  54.827589 294.282438 286.490758   0.054337   0.161277 289.609933   0.146881
   384 516.815732 309.270395 282.094293 155.330385  73.738460  73.738460   0.000000   0.000000  54.541757 294.247841 286.497220   0.054233   0.161275 289.611860   0.146839
   385 514.495075 309.291993 280.555389 154.440585  73.392852  73.392852   0.000000   0.000000  54.254345 294.212826 286.503490   0.054131   0.161273 289.613608   0.146796
   386 512.158504 309.312679 279.005851 153.543822  73.045111  73.045111   0.000000   0.000000  53.965355 294.177394 286.509567   0.054029   0.161272 289.615177   0.146754
   387 509.806091 309.332449 277.445726 152.640120  72.695257  72.695257   0.000000   0.000000  53.674790 294.141544 286.515451   0.053929   0.161270 289.616565   0.146712
   388 507.437906 309.351302 275.875064 151.729505  72.343313  72.343313   0.000000   0.000000  53.382651 294.105277 286.521142   0.053831   0.161268 289.617772   0.146670
   389 505.054024 309.369233 274.293914 150.812002  71.989299  71.989299   0.000000   0.000000  53.088942 294.068591 286.526639   0.053733   0.161266 289.618796   0.146629
   390 502.654516 309.386238 272.702326 149.887638  71.633236  71.633236   0.000000   0.000000  52.793663 294.031488 286.531942   0.053637   0.161265 289.619636   0.146587
   391 500.239458 309.402315 271.100350 148.956441  71.275146  71.275146   0.000000   0.000000  52.496817 293.993966 286.537051   0.053542   0.161263 289.620292   0.146546
   392 497.808925 309.417460 269.488039 148.018436  70.915050  70.915050   0.000000   0.000000  52.198407 293.956027 286.541965   0.053449   0.161261 289.620763   0.146506
   393 495.362992 309.431670 267.865444 147.073654  70.552969  70.552969   0.000000   0.000000  51.898433 293.917669 286.546683   0.053357   0.161259 289.621046   0.146465
   394 492.901737 309.444941 266.232617 146.122121  70.188925  70.188925   0.000000   0.000000  51.596899 293.878892 286.551206   0.053266   0.161258 289.621142   0.146425
   395 490.425237 309.457270 264.589612 145.163868  69.822938  69.822938   0.000000   0.000000  51.293806 293.839698 286.555533   0.053176   0.161256 289.621049   0.146385
   396 487.933571 309.468653 262.936483 144.198925  69.455029  69.455029   0.000000   0.000000  50.989156 293.800085 286.559663   0.053087   0.161254 289.620765   0.146345
   397 485.426819 309.479088 261.273283 143.227322  69.085222  69.085222   0.000000   0.000000  50.682952 293.760053 286.563597   0.053000   0.161253 289.620290   0.146305
   398 482.905060 309.488570 259.600068 142.249091  68.713536  68.713536   0.000000   0.000000  50.375194 293.719603 286.567333   0.052914   0.161251 289.619623   0.146266
   399 480.368377 309.497096 257.916893 141.264263  68.339993  68.339993   0.000000   0.000000  50.065886 293.678733 286.570872   0.052829   0.161250 289.618763   0.146227
   400 477.816851 309.504663 256.223816 140.272870  67.964614  67.964614   0.000000   0.000000  49.755029 293.637445 286.574213   0.052745   0.161248 289.617707   0.146188
   401 475.250566 309.511267 254.520892 139.274947  67.587421  67.587421   0.000000   0.000000  49.442624 293.595738 286.577356   0.052662   0.161246 289.616456   0.146150
   402 472.669606 309.516904 252.808180 138.270526  67.208436  67.208436   0.000000   0.000000  49.128675 293.553612 286.580300   0.052580   0.161245 289.615007   0.146111
   403 470.074055 309.521572 251.085739 137.259643  66.827679  66.827679   0.000000   0.000000  48.813182 293.511066 286.583045   0.052500   0.161243 289.613360   0.146073
   404 467.464001 309.525267 249.353626 136.242332  66.445172  66.445172   0.000000   0.000000  48.496147 293.468102 286.585591   0.052421   0.161241 289.611513   0.146035
   405 464.839530 309.527985 247.611903 135.218630  66.060936  66.060936   0.000000   0.000000  48.177574 293.424718 286.587937   0.052342   0.161240 289.609466   0.145998
   406 462.200730 309.529723 245.860629 134.188573  65.674994  65.674994   0.000000   0.000000  47.857462 293.380914 286.590084   0.052265   0.161238 289.607216   0.145960
   407 459.547691 309.530476 244.099865 133.152198  65.287365  65.287365   0.000000   0.000000  47.535815 293.336691 286.592029   0.052189   0.161237 289.604763   0.145923
   408 456.880503 309.530243 242.329675 132.109545  64.898072  64.898072   0.000000   0.000000  47.212633 293.292048 286.593774   0.052114   0.161235 289.602105   0.145887
   409 454.199256 309.529018 240.550120 131.060650  64.507137  64.507137   0.000000   0.000000  46.887920 293.246986 286.595318   0.052040   0.161234 289.599241   0.145850
   410 451.504044 309.526799 238.761264 130.005555  64.114579  64.114579   0.000000   0.000000  46.561676 293.201503 286.596660   0.051967   0.161232 289.596169   0.145814
   411 448.794960 309.523581 236.963172 128.944299  63.720422  63.720422   0.000000   0.000000  46.233904 293.155601 286.597800   0.051896   0.161231 289.592889   0.145778
   412 446.072098 309.519362 235.155908 127.876924  63.324685  63.324685   0.000000   0.000000  45.904605 293.109279 286.598739   0.051825   0.161229 289.589398   0.145742
   413 443.335554 309.514137 233.339539 126.803471  62.927392  62.927392   0.000000   0.000000  45.573782 293.062536 286.599474   0.051755   0.161228 289.585696   0.145707
   414 440.585425 309.507903 231.514130 125.723984  62.528562  62.528562   0.000000   0.000000  45.241435 293.015374 286.600007   0.051686   0.161226 289.581781   0.145671
   415 437.821809 309.500657 229.679750 124.638507  62.128217  62.128217   0.000000   0.000000  44.907567 292.967791 286.600336   0.051618   0.161225 289.577651   0.145636
   416 435.044805 309.492393 227.836468 123.547082  61.726379  61.726379   0.000000   0.000000  44.572180 292.919787 286.600462   0.051552   0.161223 289.573304   0.145602
   417 432.254514 309.483110 225.984351 122.449757  61.323068  61.323068   0.000000   0.000000  44.235276 292.871363 286.600384   0.051486   0.161222 289.568741   0.145567
   418 429.451038 309.472803 224.123471 121.346577  60.918306  60.918306   0.000000   0.000000  43.896856 292.822519 286.600102   0.051421   0.161220 289.563958   0.145533
   419 426.634478 309.461468 222.253899 120.237589  60.512115  60.512115   0.000000   0.000000  43.556922 292.773254 286.599615   0.051357   0.161219 289.558954   0.145499
   420 423.804940 309.449102 220.375705 119.122842  60.104514  60.104514   0.000000   0.000000  43.215477 292.723569 286.598923   0.051294   0.161217 289.553729   0.145466
   421 420.962530 309.435701 218.488964 118.002384  59.695527  59.695527   0.000000   0.000000  42.872521 292.673462 286.598025   0.051232   0.161216 289.548279   0.145432
   422 418.107353 309.421261 216.593749 116.876266  59.285172  59.285172   0.000000   0.000000  42.528057 292.622935 286.596923   0.051171   0.161214 289.542603   0.145399
   423 415.239518 309.405778 214.690135 115.744538  58.873473  58.873473   0.000000   0.000000  42.182087 292.571987 286.595614   0.051111   0.161213 289.536701   0.145366
   424 412.359135 309.389249 212.778197 114.607252  58.460449  58.460449   0.000000   0.000000  41.834613 292.520618 286.594099   0.051052   0.161212 289.530569   0.145334
   425 409.466315 309.371670 210.858013 113.464461  58.046122  58.046122   0.000000   0.000000  41.485636 292.468828 286.592377   0.050994   0.161210 289.524207   0.145302
   426 406.561170 309.353036 208.929659 112.316218  57.630512  57.630512   0.000000   0.000000  41.135158 292.416617 286.590448   0.050936   0.161209 289.517612   0.145270
   427 403.643815 309.333344 206.993215 111.162580  57.213640  57.213640   0.000000   0.000000  40.783182 292.363985 286.588312   0.050880   0.161207 289.510783   0.145238
   428 400.714364 309.312591 205.048761 110.003602  56.795528  56.795528   0.000000   0.000000  40.429709 292.310931 286.585968   0.050824   0.161206 289.503718   0.145206
   429 397.772935 309.290771 203.096378 108.839341  56.376196  56.376196   0.000000   0.000000  40.074742 292.257457 286.583417   0.050770   0.161205 289.496414   0.145175
   430 394.819646 309.267882 201.136148 107.669856  55.955665  55.955665   0.000000   0.000000  39.718281 292.203561 286.580657   0.050716   0.161203 289.488871   0.145144
   431 391.854617 309.243920 199.168153 106.495206  55.533955  55.533955   0.000000   0.000000  39.360331 292.149244 286.577688   0.050663   0.161202 289.481085   0.145114
   432 388.877971 309.218879 197.192479 105.315451  55.111086  55.111086   0.000000   0.000000  39.000891 292.094506 286.574511   0.050611   0.161201 289.473056   0.145083
   433 385.889831 309.192757 195.209210 104.130653  54.687081  54.687081   0.000000   0.000000  38.639965 292.039346 286.571124   0.050560   0.161199 289.464780   0.145053
   434 382.890321 309.165550 193.218435 102.940876  54.261958  54.261958   0.000000   0.000000  38.277555 291.983765 286.567528   0.050510   0.161198 289.456256   0.145024
   435 379.879570 309.137253 191.220240 101.746183  53.835738  53.835738   0.000000   0.000000  37.913662 291.927763 286.563722   0.050460   0.161197 289.447482   0.144994
   436 376.857705 309.107863 189.214715 100.546641  53.408442  53.408442   0.000000   0.000000  37.548289 291.871340 286.559706   0.050412   0.161196 289.438455   0.144965
   437 373.824857 309.077375 187.201950  99.342315  52.980090  52.980090   0.000000   0.000000  37.181438 291.814495 286.555479   0.050364   0.161194 289.429173   0.144936
   438 370.781158 309.045786 185.182038  98.133275  52.550701  52.550701   0.000000   0.000000  36.813111 291.757229 286.551042   0.050317   0.161193 289.419634   0.144907
   439 367.726743 309.013091 183.155071  96.919590  52.120296  52.120296   0.000000   0.000000  36.443310 291.699542 286.546393   0.050271   0.161192 289.409836   0.144879
   440 364.661749 308.979287 181.121145  95.701331  51.688895  51.688895   0.000000   0.000000  36.072039 291.641433 286.541533   0.050226   0.161190 289.399775   0.144851
   441 361.586313 308.944368 179.080356  94.478571  51.256517  51.256517   0.000000   0.000000  35.699299 291.582903 286.536462   0.050181   0.161189 289.389450   0.144823
   442 358.500576 308.908332 177.032800  93.251383  50.823182  50.823182   0.000000   0.000000  35.325092 291.523953 286.531178   0.050137   0.161188 289.378857   0.144795
   443 355.404680 308.871175 174.978578  92.019843  50.388911  50.388911   0.000000   0.000000  34.949421 291.464581 286.525682   0.050095   0.161187 289.367995   0.144768
   444 352.298770 308.832891 172.917789  90.784028  49.953721  49.953721   0.000000   0.000000  34.572288 291.404788 286.519974   0.050053   0.161186 289.356860   0.144741
   445 349.182992 308.793477 170.850536  89.544017  49.517632  49.517632   0.000000   0.000000  34.193697 291.344574 286.514052   0.050011   0.161184 289.345450   0.144715
   446 346.057497 308.752929 168.776922  88.299890  49.080665  49.080665   0.000000   0.000000  33.813649 291.283939 286.507918   0.049971   0.161183 289.333761   0.144688
   447 342.922435 308.711242 166.697054  87.051729  48.642836  48.642836   0.000000   0.000000  33.432147 291.222883 286.501570   0.049931   0.161182 289.321792   0.144662
   448 339.777960 308.668413 164.611038  85.799618  48.204167  48.204167   0.000000   0.000000  33.049194 291.161407 286.495008   0.049892   0.161181 289.309538   0.144636
   449 336.624229 308.624437 162.518984  84.543642  47.764674  47.764674   0.000000   0.000000  32.664793 291.099511 286.488232   0.049854   0.161180 289.296996   0.144611
   450 333.461400 308.579310 160.421001  83.283890  47.324378  47.324378   0.000000   0.000000  32.278946 291.037193 286.481242   0.049817   0.161179 289.284163   0.144585
   451 330.289635 308.533029 158.317203  82.020449  46.883295  46.883295   0.000000   0.000000  31.891657 290.974456 286.474038   0.049780   0.161178 289.271037   0.144560
   452 327.109098 308.485588 156.207704  80.753413  46.441445  46.441445   0.000000   0.000000  31.502928 290.911299 286.466618   0.049744   0.161176 289.257612   0.144536
   453 323.919956 308.436984 154.092620  79.482873  45.998844  45.998844   0.000000   0.000000  31.112763 290.847721 286.458984   0.049709   0.161175 289.243886   0.144511
   454 320.722378 308.387212 151.972070  78.208926  45.555512  45.555512   0.000000   0.000000  30.721164 290.783724 286.451134   0.049675   0.161174 289.229855   0.144487
   455 317.516536 308.336269 149.846175  76.931668  45.111465  45.111465   0.000000   0.000000  30.328135 290.719308 286.443068   0.049641   0.161173 289.215514   0.144463
   456 314.302607 308.284150 147.715056  75.651200  44.666721  44.666721   0.000000   0.000000  29.933679 290.654472 286.434786   0.049609   0.161172 289.200860   0.144440
   457 311.080769 308.230850 145.578840  74.367624  44.221296  44.221296   0.000000   0.000000  29.537799 290.589217 286.426289   0.049576   0.161171 289.185888   0.144417
   458 307.851203 308.176367 143.437652  73.081044  43.775208  43.775208   0.000000   0.000000  29.140499 290.523543 286.417574   0.049545   0.161170 289.170594   0.144394
   459 304.614095 308.120695 141.291623  71.791567  43.328473  43.328473   0.000000   0.000000  28.741783 290.457451 286.408643   0.049515   0.161169 289.154974   0.144371
   460 301.369632 308.063830 139.140884  70.499302  42.881107  42.881107   0.000000   0.000000  28.341653 290.390941 286.399496   0.049485   0.161168 289.139021   0.144349
   461 298.118006 308.005769 136.985570  69.204362  42.433125  42.433125   0.000000   0.000000  27.940115 290.324012 286.390130   0.049456   0.161167 289.122732   0.144327
   462 294.859412 307.946507 134.825817  67.906860  41.984544  41.984544   0.000000   0.000000  27.537171 290.256666 286.380548   0.049427   0.161166 289.106100   0.144305
   463 291.594050 307.886040 132.661765  66.606914  41.535377  41.535377   0.000000   0.000000  27.132826 290.188903 286.370748   0.049399   0.161165 289.089120   0.144283
   464 288.322122 307.824364 130.493555  65.304646  41.085641  41.085641   0.000000   0.000000  26.727084 290.120722 286.360730   0.049372   0.161164 289.071786   0.144262
   465 285.043833 307.761475 128.321334  64.000177  40.635349  40.635349   0.000000   0.000000  26.319949 290.052125 286.350493   0.049346   0.161163 289.054091   0.144241
   466 281.759395 307.697368 126.145247  62.693634  40.184514  40.184514   0.000000   0.000000  25.911425 289.983112 286.340039   0.049321   0.161162 289.036029   0.144221
   467 278.469022 307.632040 123.965448  61.385148  39.733151  39.733151   0.000000   0.000000  25.501517 289.913684 286.329365   0.049296   0.161161 289.017593   0.144200
   468 275.172933 307.565487 121.782088  60.074851  39.281271  39.281271   0.000000   0.000000  25.090229 289.843840 286.318473   0.049272   0.161160 288.998774   0.144180
   469 271.871350 307.497705 119.595326  58.762879  38.828887  38.828887   0.000000   0.000000  24.677566 289.773581 286.307362   0.049248   0.161159 288.979565   0.144161
   470 268.564502 307.428690 117.405322  57.449373  38.376010  38.376010   0.000000   0.000000  24.263533 289.702908 286.296032   0.049226   0.161158 288.959956   0.144141
   471 265.252620 307.358437 115.212239  56.134476  37.922651  37.922651   0.000000   0.000000  23.848135 289.631822 286.284482   0.049204   0.161157 288.939938   0.144122
   472 261.935941 307.286944 113.016244  54.818337  37.468820  37.468820   0.000000   0.000000  23.431378 289.560322 286.272712   0.049182   0.161156 288.919500   0.144103
   473 258.614708 307.214207 110.817509  53.501107  37.014527  37.014527   0.000000   0.000000  23.013265 289.488409 286.260723   0.049162   0.161156 288.898631   0.144085
   474 255.289168 307.140221 108.616208  52.182942  36.559779  36.559779   0.000000   0.000000  22.593804 289.416085 286.248514   0.049142   0.161155 288.877319   0.144066
   475 251.959572 307.064983 106.412519  50.864003  36.104584  36.104584   0.000000   0.000000  22.172999 289.343349 286.236084   0.049123   0.161154 288.855549   0.144048
   476 248.626180 306.988490 104.206625  49.544456  35.648949  35.648949   0.000000   0.000000  21.750856 289.270202 286.223434   0.049104   0.161153 288.833306   0.144031
   477 245.289253 306.910738 101.998713  48.224470  35.192879  35.192879   0.000000   0.000000  21.327381 289.196646 286.210563   0.049086   0.161152 288.810573   0.144013
   478 241.949063 306.831725  99.788973  46.904222  34.736378  34.736378   0.000000   0.000000  20.902581 289.122680 286.197471   0.049069   0.161151 288.787330   0.143996
   479 238.605883 306.751446  97.577602  45.583890  34.279448  34.279448   0.000000   0.000000  20.476461 289.048306 286.184159   0.049052   0.161150 288.763554   0.143979
   480 235.259997 306.669899  95.364800  44.263663  33.822091  33.822091   0.000000   0.000000  20.049028 288.973524 286.170625   0.049037   0.161150 288.739218   0.143963
   481 231.911691 306.587081  93.150770  42.943733  33.364308  33.364308   0.000000   0.000000  19.620289 288.898335 286.156871   0.049022   0.161149 288.714289   0.143947
   482 228.561261 306.502990  90.935725  41.624297  32.906095  32.906095   0.000000   0.000000  19.190250 288.822740 286.142894   0.049007   0.161148 288.688729   0.143931
   483 225.209009 306.417622  88.719879  40.305561  32.447449  32.447449   0.000000   0.000000  18.758918 288.746740 286.128697   0.048993   0.161147 288.662487   0.143915
   484 221.855243 306.330977  86.503452  38.987738  31.988363  31.988363   0.000000   0.000000  18.326302 288.670335 286.114277   0.048980   0.161146 288.635492   0.143900
   485 218.500280 306.243051  84.286671  37.671048  31.528830  31.528830   0.000000   0.000000  17.892407 288.593528 286.099636   0.048968   0.161146 288.607641   0.143885
   486 215.144445 306.153844  82.069770  36.355717  31.068838  31.068838   0.000000   0.000000  17.457242 288.516317 286.084773   0.048956   0.161145 288.578724   0.143870
   487 211.788069 306.063354  79.852985  35.041982  30.608374  30.608374   0.000000   0.000000  17.020814 288.438706 286.069687   0.048945   0.161144 288.548214   0.143855
   488 208.431493 305.971580  77.636562  33.730087  30.147419  30.147419   0.000000   0.000000  16.583131 288.360694 286.054380   0.048935   0.161144 288.516263   0.143841
   489 205.075066 305.878521  75.420753  32.420288  29.685954  29.685954   0.000000   0.000000  16.144202 288.282283 286.038850   0.048925   0.161143 288.482933   0.143827
   490 201.719146 305.784179  73.205817  31.112849  29.223953  29.223953   0.000000   0.000000  15.704034 288.203474 286.023098   0.048916   0.161142 288.448268   0.143814
   491 198.364100 305.688554  70.992019  29.808045  28.761387  28.761387   0.000000   0.000000  15.262636 288.124268 286.007123   0.048908   0.161141 288.412306   0.143801
   492 195.010306 305.591646  68.779633  28.506165  28.298222  28.298222   0.000000   0.000000  14.820016 288.044666 285.990926   0.048900   0.161141 288.375086   0.143788
   493 191.658150 305.493459  66.568941  27.207508  27.834416  27.834416   0.000000   0.000000  14.376183 287.964670 285.974506   0.048893   0.161140 288.336643   0.143775
   494 188.308030 305.393995  64.360234  25.912389  27.369923  27.369923   0.000000   0.000000  13.931146 287.884280 285.957863   0.048887   0.161139 288.297012   0.143763
   495 184.960353 305.293258  62.153810  24.621137  26.904688  26.904688   0.000000   0.000000  13.484913 287.803497 285.940998   0.048881   0.161139 288.256221   0.143751
   496 181.615539 305.191255  59.949978  23.334100  26.438647  26.438647   0.000000   0.000000  13.037494 287.722324 285.923910   0.048876   0.161138 288.214302   0.143739
   497 178.274019 305.087991  57.749058  22.051641  25.971728  25.971728   0.000000   0.000000  12.588898 287.640761 285.906599   0.048872   0.161137 288.171281   0.143727
   498 174.936235 304.983475  55.551377  20.774145  25.503845  25.503845   0.000000   0.000000  12.139134 287.558809 285.889065   0.048868   0.161137 288.127184   0.143716
   499 171.602644 304.877718  53.357277  19.502020  25.034899  25.034899   0.000000   0.000000  11.688210 287.476470 285.871308   0.048866   0.161136 288.082034   0.143705
   500 168.273713 304.770732  51.167109  18.235697  24.564775  24.564775   0.000000   0.000000  11.236136 287.393745 285.853328   0.048863   0.161136 288.035853   0.143695
   501 164.949926 304.662534  48.981239  16.975640  24.093341  24.093341   0.000000   0.000000  10.782920 287.310636 285.835125   0.048862   0.161135 287.988660   0.143685
   502 161.631777 304.553141  46.800045  15.722340  23.620440  23.620440   0.000000   0.000000  10.328572 287.227142 285.816699   0.048861   0.161135 287.940475   0.143675
   503 158.319779 304.442578  44.623921  14.476330  23.145889  23.145889   0.000000   0.000000   9.873101 287.143267 285.798051   0.048861   0.161134 287.891313   0.143665
   504 155.014458 304.330871  42.453276  13.238183  22.669472  22.669472   0.000000   0.000000   9.416514 287.059010 285.779179   0.048861   0.161133 287.841189   0.143656
   505 151.716355 304.218056  40.288539  12.008524  22.190933  22.190933   0.000000   0.000000   8.958820 286.974373 285.760084   0.048862   0.161133 287.790115   0.143647
   506 148.426030 304.104174  38.130154  10.788038  21.709966  21.709966   0.000000   0.000000   8.500027 286.889358 285.740766   0.048864   0.161132 287.738102   0.143638
   507 145.144060 303.989276  35.978592   9.577485  21.226201  21.226201   0.000000   0.000000   8.040144 286.803965 285.721225   0.048867   0.161132 287.685156   0.143629
   508 141.871036 303.873425  33.834343   8.377712  20.739186  20.739186   0.000000   0.000000   7.579178 286.718195 285.701461   0.048870   0.161131 287.631283   0.143621
   509 138.607574 303.756700  31.697931   7.189679  20.248361  20.248361   0.000000   0.000000   7.117137 286.632050 285.681474   0.048874   0.161131 287.576485   0.143613
   510 135.354305 303.639201  29.569907   6.014494  19.753023  19.753023   0.000000   0.000000   6.654031 286.545532 285.661264   0.048879   0.161130 287.520759   0.143606
   511 132.111881 303.521056  27.450865   4.853457  19.252263  19.252263   0.000000   0.000000   6.189870 286.458642 285.640832   0.048885   0.161130 287.464097   0.143599
   512 128.880977 303.402428  25.341447   3.708135  18.744876  18.744876   0.000000   0.000000   5.724668 286.371383 285.620176   0.048891   0.161130 287.406486   0.143592
   513 125.662288 303.283536  23.242355   2.580494  18.229194  18.229194   0.000000   0.000000   5.258443 286.283759 285.599298   0.048898   0.161129 287.347903   0.143585
   514 122.456534 303.164680  21.154373   1.473122  17.702764  17.702764   0.000000   0.000000   4.791226 286.195779 285.578198   0.048906   0.161129 287.288312   0.143579
   515 119.264457 303.046279  19.078400   0.389744  17.161572  17.161572   0.000000   0.000000   4.323071 286.107459 285.556875   0.048915   0.161128 287.227660   0.143573
   516 116.086824 302.928960  17.015497  -0.663246  16.597254  16.597254   0.000000   0.000000   3.854089 286.018845 285.535330   0.048924   0.161128 287.162538   0.143568
   517 112.924430 302.831514  14.983128  -1.696015  15.911510  15.911510   0.000000   0.000000   3.384607 285.933508 285.513593   0.048935   0.161127 287.101378   0.143563
   518 109.778096 302.714782  12.929047  -2.571659  15.282843  15.282843   0.000000   0.000000   2.939407 285.843079 285.491625   0.048946   0.161127 287.036439   0.143558
   519 106.648670 302.583032  10.898158  -3.426106  14.664057  14.664057   0.000000   0.000000   2.460181 285.748345 285.469394   0.048959   0.161127 286.968388   0.143554
   520 103.537032 302.437954   8.888795  -4.255205  14.058056  14.058056   0.000000   0.000000   1.952660 285.649658 285.446873   0.048972   0.161126 286.897453   0.143550
   521 100.444090 302.281065   6.901273  -5.060335  13.464799  13.464799   0.000000   0.000000   1.419490 285.547358 285.424039   0.048986   0.161126 286.823850   0.143547
   522  97.370786 302.113657   4.935771  -5.842535  12.884346  12.884346   0.000000   0.000000   0.863235 285.441760 285.400869   0.049001   0.161126 286.747772   0.143544
   523  94.318093 301.936845   2.992472  -6.602784  12.316683  12.316683   0.000000   0.000000   0.286235 285.333153 285.377347   0.049017   0.161125 286.669392   0.143541
   524  91.287022 301.751594   1.071575  -7.341965  11.761734  11.761734   0.000000   0.000000  -0.309359 285.221804 285.353457   0.049034   0.161125 286.588869   0.143538
   525  88.278616 301.558748  -0.826699  -8.060856  11.219372  11.219372   0.000000   0.000000  -0.921575 285.107959 285.329187   0.049052   0.161125 286.506347   0.143536
   526  85.293958 301.359046  -2.702091  -8.760126  10.689431  10.689431   0.000000   0.000000  -1.548594 284.991848 285.304525   0.049071   0.161125 286.421960   0.143535
   527  82.334170 301.153139  -4.554298  -9.440333  10.171715  10.171715   0.000000   0.000000  -2.188743 284.873681 285.279463   0.049090   0.161124 286.335832   0.143533
   528  79.400412 300.941610  -6.382974 -10.101925   9.666003   9.666003   0.000000   0.000000  -2.840476 284.753657 285.253995   0.049110   0.161124 286.248077   0.143532
   529  76.493888 300.724976  -8.187718 -10.745243   9.172064   9.172064   0.000000   0.000000  -3.502365 284.631958 285.228114   0.049131   0.161124 286.158804   0.143532
   530  73.615845 300.503702  -9.968079 -11.370527   8.689652   8.689652   0.000000   0.000000  -4.173089 284.508757 285.201817   0.049153   0.161124 286.068112   0.143531
   531  70.767574 300.278207 -11.723552 -11.977906   8.218514   8.218514   0.000000   0.000000  -4.851421 284.384213 285.175102   0.049175   0.161124 285.976094   0.143531
   532  67.950414 300.048868 -13.453577 -12.567398   7.758388   7.758388   0.000000   0.000000  -5.536221 284.258476 285.147966   0.049199   0.161123 285.882832   0.143531
   533  65.165751 299.816025 -15.157539 -13.138890   7.308993   7.308993   0.000000   0.000000  -6.226433 284.131685 285.120410   0.049222   0.161123 285.788400   0.143532
   534  62.415021 299.579985 -16.834765 -13.692086   6.870016   6.870016   0.000000   0.000000  -6.921081 284.003967 285.092435   0.049247   0.161123 285.692853   0.143532
   535  59.699709 299.341014 -18.484517 -14.226392   6.441064   6.441064   0.000000   0.000000  -7.619276 283.875435 285.064042   0.049272   0.161123 285.596210   0.143533
   536  57.021356 299.099330 -20.105987 -14.740438   6.021492   6.021492   0.000000   0.000000  -8.320249 283.746167 285.035233   0.049298   0.161123 285.498383   0.143534
   537  54.381554 298.854856 -21.698435 -15.230575   5.608805   5.608805   0.000000   0.000000  -9.023466 283.616188 285.006011   0.049325   0.161123 285.399430   0.143536
   538  51.781948 298.607643 -23.260714 -15.698198   5.203230   5.203230   0.000000   0.000000  -9.728761 283.485620 284.976377   0.049352   0.161122 285.299489   0.143538
   539  49.224242 298.357803 -24.792034 -16.144658   4.805678   4.805678   0.000000   0.000000 -10.435301 283.354612 284.946337   0.049380   0.161122 285.198712   0.143540
   540  46.710194 298.105451 -26.291677 -16.571079   4.416927   4.416927   0.000000   0.000000 -11.142075 283.223323 284.915895   0.049409   0.161122 285.097251   0.143542
   541  44.241618 297.850705 -27.758929 -16.978326   4.037595   4.037595   0.000000   0.000000 -11.848005 283.091913 284.885057   0.049438   0.161122 284.995249   0.143545
   542  41.820386 297.593685 -29.193037 -17.367295   3.668172   3.668172   0.000000   0.000000 -12.552007 282.960555 284.853831   0.049468   0.161122 284.892858   0.143547
   543  39.448424 297.334508 -30.593251 -17.738772   3.309057   3.309057   0.000000   0.000000 -13.252933 282.829425 284.822226   0.049498   0.161122 284.790229   0.143550
   544  37.127713 297.073290 -31.958805 -18.093462   2.960561   2.960561   0.000000   0.000000 -13.949604 282.698705 284.790250   0.049529   0.161122 284.687517   0.143553
   545  34.860288 296.810142 -33.288911 -18.431997   2.622925   2.622925   0.000000   0.000000 -14.640818 282.568579 284.757915   0.049560   0.161122 284.584875   0.143557
   546  32.648233 296.545175 -34.582762 -18.754944   2.296326   2.296326   0.000000   0.000000 -15.325351 282.439238 284.725233   0.049593   0.161122 284.482457   0.143560
   547  30.493679 296.278495 -35.839529 -19.062813   1.980887   1.980887   0.000000   0.000000 -16.001966 282.310872 284.692217   0.049625   0.161122 284.380419   0.143564
   548  28.398798 296.010204 -37.058362 -19.356056   1.676688   1.676688   0.000000   0.000000 -16.669413 282.183675 284.658880   0.049658   0.161122 284.278918   0.143568
   549  26.365800 295.740403 -38.238392 -19.635068   1.383771   1.383771   0.000000   0.000000 -17.326435 282.057843 284.625239   0.049692   0.161122 284.178107   0.143572
   550  24.396919 295.469190 -39.378737 -19.900193   1.102142   1.102142   0.000000   0.000000 -17.971773 281.933572 284.591310   0.049726   0.161122 284.078143   0.143577
   551  22.494409 295.196660 -40.478499 -20.151709   0.831778   0.831778   0.000000   0.000000 -18.604170 281.811056 284.557111   0.049761   0.161122 283.979177   0.143581
   552  20.660529 294.922903 -41.536776 -20.389828   0.572627   0.572627   0.000000   0.000000 -19.222382 281.690490 284.522659   0.049796   0.161122 283.881359   0.143586
   553  18.897529 294.648007 -42.552659 -20.614672   0.324609   0.324609   0.000000   0.000000 -19.825186 281.572062 284.487975   0.049831   0.161122 283.784829   0.143591
   554  17.207629 294.372052 -43.525243 -20.826237   0.087615   0.087615   0.000000   0.000000 -20.411396 281.455952 284.453079   0.049867   0.161122 283.689718   0.143596
   555  15.593004 294.095109 -44.453630 -21.024284  -0.138509  -0.138509   0.000000   0.000000 -20.979890 281.342327 284.417992   0.049904   0.161122 283.596110   0.143601
   556  14.055752 293.817216 -45.336930 -21.207628  -0.354077  -0.354077   0.000000   0.000000 -21.529659 281.231300 284.382736   0.049940   0.161122 283.504052   0.143606
   557  12.597867 293.538303 -46.174190 -21.375041  -0.559555  -0.559555   0.000000   0.000000 -22.060057 281.122957 284.347332   0.049977   0.161122 283.413606   0.143611
   558  11.221201 293.258349 -46.964400 -21.526598  -0.755211  -0.755211   0.000000   0.000000 -22.570625 281.017431 284.311802   0.050015   0.161122 283.324895   0.143617
   559   9.927427 292.977476 -47.706744 -21.663209  -0.941151  -0.941151   0.000000   0.000000 -23.060603 280.914904 284.276170   0.050053   0.161122 283.238099   0.143622
   560   8.717989 292.695871 -48.400774 -21.786041  -1.117352  -1.117352   0.000000   0.000000 -23.528859 280.815589 284.240458   0.050091   0.161122 283.153424   0.143628
   561   7.594047 292.413741 -49.046346 -21.896277  -1.283762  -1.283762   0.000000   0.000000 -23.974088 280.719695 284.204693   0.050129   0.161122 283.071073   0.143634
   562   6.556420 292.131292 -49.643575 -21.995026  -1.440352  -1.440352   0.000000   0.000000 -24.394988 280.627418 284.168900   0.050168   0.161122 282.991233   0.143640
   563   5.605519 291.848719 -50.192818 -22.083278  -1.587146  -1.587146   0.000000   0.000000 -24.790374 280.538927 284.133105   0.050207   0.161122 282.914067   0.143646
   564   4.741270 291.566205 -50.694683 -22.161904  -1.724229  -1.724229   0.000000   0.000000 -25.159248 280.454357 284.097336   0.050246   0.161122 282.839708   0.143652
   565   3.963047 291.283918 -51.150055 -22.231663  -1.851757  -1.851757   0.000000   0.000000 -25.500856 280.373803 284.061620   0.050286   0.161122 282.768255   0.143658
   566   3.269585 291.002012 -51.560126 -22.293213  -1.969947  -1.969947   0.000000   0.000000 -25.814716 280.297318 284.025983   0.050326   0.161122 282.699769   0.143664
   567   2.658912 290.720628 -51.926434 -22.347131  -2.079082  -2.079082   0.000000   0.000000 -26.100656 280.224905 283.990452   0.050366   0.161122 282.634272   0.143671
   568   2.128280 290.439895 -52.250896 -22.393937  -2.179507  -2.179507   0.000000   0.000000 -26.358830 280.156517 283.955051   0.050406   0.161122 282.571744   0.143677
   569   1.674113 290.159935 -52.535827 -22.434103  -2.271628  -2.271628   0.000000   0.000000 -26.589743 280.092053 283.919805   0.050446   0.161122 282.512124   0.143684
   570   1.291982 289.880857 -52.783953 -22.468079  -2.355911  -2.355911   0.000000   0.000000 -26.794263 280.031361 283.884735   0.050487   0.161122 282.455308   0.143690
   571   0.976615 289.602763 -52.998400 -22.496304  -2.432883  -2.432883   0.000000   0.000000 -26.973623 279.974231 283.849861   0.050527   0.161122 282.401149   0.143697
   572   0.721958 289.325747 -53.182649 -22.519224  -2.503126  -2.503126   0.000000   0.000000 -27.129414 279.920406 283.815200   0.050568   0.161122 282.349462   0.143703
   573   0.521289 289.049893 -53.340469 -22.537295  -2.567269  -2.567269   0.000000   0.000000 -27.263562 279.869584 283.780767   0.050609   0.161122 282.300029   0.143710
   574   0.367408 288.775276 -53.475798 -22.550994  -2.625986  -2.625986   0.000000   0.000000 -27.378279 279.821430 283.746573   0.050650   0.161122 282.252603   0.143716
   575   0.252888 288.501964 -53.592606 -22.560816  -2.679974  -2.679974   0.000000   0.000000 -27.475999 279.775586 283.712626   0.050691   0.161122 282.206922   0.143723
   576   0.170377 288.230011 -53.694720 -22.567269  -2.729938  -2.729938   0.000000   0.000000 -27.559285 279.731687 283.678933   0.050733   0.161123 282.162720   0.143730
   577   0.112928 287.959464 -53.785651 -22.570859  -2.776565  -2.776565   0.000000   0.000000 -27.630720 279.689382 283.645495   0.050774   0.161123 282.119737   0.143736
   578   0.074310 287.690356 -53.868440 -22.572073  -2.820503  -2.820503   0.000000   0.000000 -27.692787 279.648347 283.612312   0.050816   0.161123 282.077735   0.143743
   579   0.049244 287.422711 -53.945551 -22.571358  -2.862333  -2.862333   0.000000   0.000000 -27.747755 279.608300 283.579384   0.050857   0.161123 282.036504   0.143750
   580   0.033539 287.156539 -54.018839 -22.569097  -2.902549  -2.902549   0.000000   0.000000 -27.797585 279.569009 283.546705   0.050899   0.161123 281.995874   0.143757
   581   0.024089 286.891841 -54.089581 -22.565581  -2.941550  -2.941550   0.000000   0.000000 -27.843873 279.530295 283.514272   0.050941   0.161123 281.955708   0.143763
   582   0.018775 286.628604 -54.158566 -22.560949  -2.979639  -2.979639   0.000000   0.000000 -27.887844 279.492022 283.482079   0.050983   0.161123 281.915899   0.143770
   583   0.016295 286.366788 -54.226196 -22.555175  -3.017034  -3.017034   0.000000   0.000000 -27.930401 279.454093 283.450120   0.051025   0.161123 281.876366   0.143777
   584   0.000000 286.106335 -54.304562 -22.548182  -3.053891  -3.053891   0.000000   0.000000 -27.972193 279.415813 283.418384   0.051067   0.161123 281.836589   0.143784
   585   0.000000 285.847199 -54.368002 -22.540794  -3.091332  -3.091332   0.000000   0.000000 -28.017994 279.378181 283.386867   0.051109   0.161123 281.797310   0.143791
   586   0.000000 285.589335 -54.433270 -22.531741  -3.127717  -3.127717   0.000000   0.000000 -28.060800 279.340803 283.355564   0.051151   0.161123 281.758236   0.143798
   587   0.000000 285.332738 -54.498597 -22.521612  -3.163690  -3.163690   0.000000   0.000000 -28.103327 279.303584 283.324470   0.051194   0.161123 281.719301   0.143805
   588   0.000000 285.077407 -54.563551 -22.510681  -3.199406  -3.199406   0.000000   0.000000 -28.146200 279.266504 283.293577   0.051236   0.161123 281.680497   0.143811
   589   0.000000 284.823346 -54.628045 -22.499160  -3.234895  -3.234895   0.000000   0.000000 -28.189506 279.229569 283.262880   0.051279   0.161123 281.641833   0.143818
   590   0.000000 284.570565 -54.692087 -22.487246  -3.270152  -3.270152   0.000000   0.000000 -28.233178 279.192786 283.232374   0.051321   0.161124 281.603323   0.143825
   591   0.000000 284.319070 -54.755714 -22.475126  -3.305165  -3.305165   0.000000   0.000000 -28.277111 279.156170 283.202053   0.051364   0.161124 281.564982   0.143832
   592   0.000000 284.068872 -54.818968 -22.462971  -3.339919  -3.339919   0.000000   0.000000 -28.321187 279.119729 283.171914   0.051407   0.161124 281.526825   0.143839
   593   0.000000 283.819976 -54.881896 -22.450938  -3.374398  -3.374398   0.000000   0.000000 -28.365291 279.083477 283.141951   0.051450   0.161124 281.488864   0.143846
   594   0.000000 283.572387 -54.944540 -22.439162  -3.408591  -3.408591   0.000000   0.000000 -28.409319 279.047422 283.112161   0.051493   0.161124 281.451111   0.143853
   595   0.000000 283.326106 -55.006941 -22.427762  -3.442486  -3.442486   0.000000   0.000000 -28.453174 279.011572 283.082539   0.051536   0.161124 281.413576   0.143860
   596   0.000000 283.081133 -55.069134 -22.416836  -3.476075  -3.476075   0.000000   0.000000 -28.496773 278.975933 283.053083   0.051579   0.161124 281.376266   0.143867
   597   0.000000 282.837464 -55.131153 -22.406467  -3.509351  -3.509351   0.000000   0.000000 -28.540044 278.940512 283.023788   0.051622   0.161124 281.339188   0.143875
   598   0.000000 282.595093 -55.193025 -22.396720  -3.542310  -3.542310   0.000000   0.000000 -28.582926 278.905313 282.994651   0.051666   0.161124 281.302346   0.143882
   599   0.000000 282.354012 -55.254773 -22.387648  -3.574950  -3.574950   0.000000   0.000000 -28.625370 278.870337 282.965670   0.051709   0.161124 281.265744   0.143889
   600   0.000000 282.114211 -55.316417 -22.379290  -3.607269  -3.607269   0.000000   0.000000 -28.667336 278.835586 282.936842   0.051753   0.161124 281.229382   0.143896
   601   0.000000 281.875678 -55.377975 -22.371672  -3.639267  -3.639267   0.000000   0.000000 -28.708794 278.801061 282.908164   0.051796   0.161124 281.193263   0.143903
   602   0.000000 281.638400 -55.439459 -22.364811  -3.670946  -3.670946   0.000000   0.000000 -28.749719 278.766761 282.879633   0.051840   0.161125 281.157384   0.143910
   603   0.000000 281.402362 -55.500879 -22.358717  -3.702309  -3.702309   0.000000   0.000000 -28.790098 278.732686 282.851246   0.051884   0.161125 281.121746   0.143917
   604   0.000000 281.167550 -55.562244 -22.353388  -3.733359  -3.733359   0.000000   0.000000 -28.829920 278.698834 282.823003   0.051928   0.161125 281.086345   0.143925
   605   0.000000 280.933946 -55.623558 -22.348818  -3.764099  -3.764099   0.000000   0.000000 -28.869183 278.665201 282.794899   0.051972   0.161125 281.051180   0.143932
   606   0.000000 280.701533 -55.684825 -22.344992  -3.794534  -3.794534   0.000000   0.000000 -28.907888 278.631785 282.766934   0.052016   0.161125 281.016245   0.143939
   607   0.000000 280.470294 -55.746046 -22.341888  -3.824669  -3.824669   0.000000   0.000000 -28.946042 278.598582 282.739104   0.052060   0.161125 280.981537   0.143946
   608   0.000000 280.240209 -55.807222 -22.339476  -3.854509  -3.854509   0.000000   0.000000 -28.983657 278.565587 282.711408   0.052104   0.161125 280.947050   0.143954
   609   0.000000 280.011257 -55.868348 -22.337709  -3.884058  -3.884058   0.000000   0.000000 -29.020750 278.532795 282.683844   0.052149   0.161125 280.912777   0.143961
   610   0.000000 279.783414 -55.929422 -22.336533  -3.913323  -3.913323   0.000000   0.000000 -29.057346 278.500199 282.656410   0.052193   0.161125 280.878711   0.143968
   611   0.000000 279.556656 -55.990434 -22.335888  -3.942309  -3.942309   0.000000   0.000000 -29.093480 278.467791 282.629104   0.052238   0.161125 280.844842   0.143975
   612   0.000000 279.330958 -56.051373 -22.335719  -3.971026  -3.971026   0.000000   0.000000 -29.129188 278.435565 282.601924   0.052282   0.161125 280.811163   0.143983
   613   0.000000 279.106297 -56.112226 -22.335979  -3.999479  -3.999479   0.000000   0.000000 -29.164508 278.403514 282.574867   0.052327   0.161126 280.777666   0.143990
   614   0.000000 278.882653 -56.172982 -22.336631  -4.027678  -4.027678   0.000000   0.000000 -29.199475 278.371631 282.547934   0.052372   0.161126 280.744346   0.143997
   615   0.000000 278.660007 -56.233629 -22.337649  -4.055628  -4.055628   0.000000   0.000000 -29.234117 278.339912 282.521120   0.052417   0.161126 280.711197   0.144005
   616   0.000000 278.438345 -56.294159 -22.339014  -4.083337  -4.083337   0.000000   0.000000 -29.268455 278.308353 282.494425   0.052462   0.161126 280.678216   0.144012
   617   0.000000 278.217653 -56.354566 -22.340715  -4.110810  -4.110810   0.000000   0.000000 -29.302505 278.276950 282.467847   0.052507   0.161126 280.645399   0.144019
   618   0.000000 277.997918 -56.414845 -22.342747  -4.138051  -4.138051   0.000000   0.000000 -29.336277 278.245702 282.441384   0.052552   0.161126 280.612743   0.144027
   619   0.000000 277.779131 -56.474995 -22.345109  -4.165065  -4.165065   0.000000   0.000000 -29.369776 278.214606 282.415035   0.052597   0.161126 280.580248   0.144034
   620   0.000000 277.561283 -56.535014 -22.347803  -4.191856  -4.191856   0.000000   0.000000 -29.403005 278.183661 282.388798   0.052643   0.161126 280.547912   0.144042
   621   0.000000 277.344365 -56.594903 -22.350833  -4.218425  -4.218425   0.000000   0.000000 -29.435962 278.152865 282.362672   0.052688   0.161126 280.515733   0.144049
   622   0.000000 277.128371 -56.654663 -22.354204  -4.244778  -4.244778   0.000000   0.000000 -29.468645 278.122219 282.336655   0.052734   0.161126 280.483711   0.144056
   623   0.000000 276.913292 -56.714295 -22.357920  -4.270915  -4.270915   0.000000   0.000000 -29.501050 278.091720 282.310745   0.052779   0.161127 280.451846   0.144064
   624   0.000000 276.699122 -56.773802 -22.361986  -4.296840  -4.296840   0.000000   0.000000 -29.533173 278.061369 282.284941   0.052825   0.161127 280.420136   0.144071
   625   0.000000 276.485855 -56.833185 -22.366403  -4.322556  -4.322556   0.000000   0.000000 -29.565011 278.031163 282.259243   0.052871   0.161127 280.388580   0.144079
   626   0.000000 276.273483 -56.892447 -22.371174  -4.348063  -4.348063   0.000000   0.000000 -29.596559 278.001103 282.233648   0.052917   0.161127 280.357179   0.144086
   627   0.000000 276.061998 -56.951589 -22.376296  -4.373366  -4.373366   0.000000   0.000000 -29.627816 277.971188 282.208156   0.052963   0.161127 280.325930   0.144094
   628   0.000000 275.851395 -57.010612 -22.381765  -4.398465  -4.398465   0.000000   0.000000 -29.658781 277.941415 282.182766   0.053009   0.161127 280.294831   0.144101
   629   0.000000 275.641664 -57.069517 -22.387575  -4.423364  -4.423364   0.000000   0.000000 -29.689454 277.911784 282.157475   0.053055   0.161127 280.263882   0.144109
   630   0.000000 275.432797 -57.128305 -22.393714  -4.448065  -4.448065   0.000000   0.000000 -29.719839 277.882292 282.132283   0.053101   0.161127 280.233080   0.144116
   631   0.000000 275.224785 -57.186973 -22.400174  -4.472570  -4.472570   0.000000   0.000000 -29.749941 277.852937 282.107189   0.053147   0.161127 280.202423   0.144124
   632   0.000000 275.017620 -57.245522 -22.406942  -4.496882  -4.496882   0.000000   0.000000 -29.779764 277.823719 282.082192   0.053194   0.161128 280.171908   0.144131
   633   0.000000 274.811294 -57.303949 -22.414008  -4.521003  -4.521003   0.000000   0.000000 -29.809317 277.794228 282.057288   0.053240   0.161128 280.141249   0.144139
   634   0.000000 274.605797 -57.360458 -22.422400  -4.537695  -4.537695   0.000000   0.000000 -29.841421 277.762386 282.032455   0.053287   0.161128 280.108980   0.144147
   635   0.000000 274.401106 -57.405879 -22.437387  -4.511507  -4.511507   0.000000   0.000000 -29.890482 277.730189 282.007690   0.053333   0.161128 280.076495   0.144154
   636   0.000000 274.197112 -57.449140 -22.453585  -4.486688  -4.486688   0.000000   0.000000 -29.942505 277.698017 281.982991   0.053380   0.161128 280.044071   0.144162
   637   0.000000 273.993791 -57.491952 -22.470429  -4.462384  -4.462384   0.000000   0.000000 -29.994815 277.665969 281.958358   0.053426   0.161128 280.011779   0.144169
   638   0.000000 273.791125 -57.534766 -22.487732  -4.438457  -4.438457   0.000000   0.000000 -30.046719 277.634068 281.933791   0.053473   0.161128 279.979633   0.144177
   639   0.000000 273.589102 -57.577691 -22.505423  -4.414867  -4.414867   0.000000   0.000000 -30.098058 277.602317 281.909290   0.053519   0.161128 279.947635   0.144184
   640   0.000000 273.387712 -57.620750 -22.523460  -4.391598  -4.391598   0.000000   0.000000 -30.148813 277.570713 281.884856   0.053566   0.161128 279.915781   0.144192
   641   0.000000 273.186945 -57.663941 -22.541816  -4.368647  -4.368647   0.000000   0.000000 -30.198998 277.539253 281.860487   0.053612   0.161128 279.884069   0.144199
   642   0.000000 272.986792 -57.707257 -22.560465  -4.346006  -4.346006   0.000000   0.000000 -30.248635 277.507935 281.836184   0.053658   0.161129 279.852494   0.144206
   643   0.000000 272.787248 -57.750689 -22.579388  -4.323673  -4.323673   0.000000   0.000000 -30.297745 277.476755 281.811947   0.053705   0.161129 279.821053   0.144214
   644   0.000000 272.588304 -57.794231 -22.598566  -4.301644  -4.301644   0.000000   0.000000 -30.346347 277.445710 281.787776   0.053751   0.161129 279.789743   0.144221
   645   0.000000 272.389954 -57.837876 -22.617983  -4.279913  -4.279913   0.000000   0.000000 -30.394460 277.414798 281.763670   0.053797   0.161129 279.758563   0.144229
   646   0.000000 272.192194 -57.881616 -22.637623  -4.258478  -4.258478   0.000000   0.000000 -30.442100 277.384017 281.739629   0.053843   0.161129 279.727508   0.144236
   647   0.000000 271.995017 -57.925446 -22.657474  -4.237334  -4.237334   0.000000   0.000000 -30.489282 277.353365 281.715653   0.053890   0.161129 279.696578   0.144243
   648   0.000000 271.798419 -57.969360 -22.677522  -4.216477  -4.216477   0.000000   0.000000 -30.536020 277.322839 281.691742   0.053936   0.161129 279.665770   0.144251
   649   0.000000 271.602396 -58.013353 -22.697758  -4.195903  -4.195903   0.000000   0.000000 -30.582325 277.292437 281.667896   0.053982   0.161129 279.635082   0.144258
   650   0.000000 271.406942 -58.057419 -22.718170  -4.175609  -4.175609   0.000000   0.000000 -30.628210 277.262158 281.644113   0.054028   0.161129 279.604512   0.144265
   651   0.000000 271.212055 -58.101555 -22.738751  -4.155590  -4.155590   0.000000   0.000000 -30.673685 277.232001 281.620395   0.054074   0.161130 279.574059   0.144272
   652   0.000000 271.017731 -58.145754 -22.759490  -4.135842  -4.135842   0.000000   0.000000 -30.718760 277.201962 281.596740   0.054120   0.161130 279.543721   0.144280
   653   0.000000 270.823966 -58.190014 -22.780380  -4.116362  -4.116362   0.000000   0.000000 -30.763444 277.172043 281.573149   0.054166   0.161130 279.513496   0.144287
   654   0.000000 270.630757 -58.234330 -22.801415  -4.097146  -4.097146   0.000000   0.000000 -30.807745 277.142239 281.549621   0.054212   0.161130 279.483384   0.144294
   655   0.000000 270.438100 -58.278697 -22.822586  -4.078191  -4.078191   0.000000   0.000000 -30.851672 277.112551 281.526156   0.054258   0.161130 279.453382   0.144301
   656   0.000000 270.245994 -58.323113 -22.843888  -4.059491  -4.059491   0.000000   0.000000 -30.895232 277.082977 281.502753   0.054304   0.161130 279.423489   0.144308
   657   0.000000 270.054435 -58.367573 -22.865313  -4.041045  -4.041045   0.000000   0.000000 -30.938431 277.053516 281.479413   0.054350   0.161130 279.393705   0.144316
   658   0.000000 269.863421 -58.412073 -22.886858  -4.022849  -4.022849   0.000000   0.000000 -30.981278 277.024166 281.456134   0.054396   0.161130 279.364027   0.144323
   659   0.000000 269.672948 -58.456611 -22.908516  -4.004898  -4.004898   0.000000   0.000000 -31.023778 276.994926 281.432917   0.054441   0.161130 279.334456   0.144330
   660   0.000000 269.483015 -58.501182 -22.930281  -3.987190  -3.987190   0.000000   0.000000 -31.065937 276.965796 281.409762   0.054487   0.161130 279.304989   0.144337
   661   0.000000 269.293620 -58.545784 -22.952150  -3.969721  -3.969721   0.000000   0.000000 -31.107761 276.936774 281.386667   0.054533   0.161130 279.275625   0.144344
   662   0.000000 269.104759 -58.590413 -22.974116  -3.952488  -3.952488   0.000000   0.000000 -31.149255 276.907858 281.363633   0.054579   0.161131 279.246364   0.144351
   663   0.000000 268.916432 -58.635066 -22.996176  -3.935487  -3.935487   0.000000   0.000000 -31.190425 276.879049 281.340660   0.054625   0.161131 279.217205   0.144358
   664   0.000000 268.728635 -58.679740 -23.018326  -3.918716  -3.918716   0.000000   0.000000 -31.231277 276.850345 281.317747   0.054670   0.161131 279.188146   0.144365
   665   0.000000 268.541367 -58.724432 -23.040560  -3.902171  -3.902171   0.000000   0.000000 -31.271814 276.821744 281.294893   0.054716   0.161131 279.159187   0.144372
   666   0.000000 268.354625 -58.769139 -23.062875  -3.885849  -3.885849   0.000000   0.000000 -31.312042 276.793247 281.272099   0.054762   0.161131 279.130327   0.144379
   667   0.000000 268.168408 -58.813857 -23.085267  -3.869747  -3.869747   0.000000   0.000000 -31.351965 276.764851 281.249364   0.054807   0.161131 279.101564   0.144386
   668   0.000000 267.982714 -58.858585 -23.107732  -3.853862  -3.853862   0.000000   0.000000 -31.391588 276.736557 281.226687   0.054853   0.161131 279.072898   0.144393
   669   0.000000 267.797541 -58.903318 -23.130266  -3.838191  -3.838191   0.000000   0.000000 -31.430915 276.708362 281.204070   0.054899   0.161131 279.044328   0.144400
   670   0.000000 267.612887 -58.948055 -23.152866  -3.822731  -3.822731   0.000000   0.000000 -31.469950 276.680267 281.181510   0.054944   0.161131 279.015853   0.144407
   671   0.000000 267.428751 -58.992793 -23.175527  -3.807479  -3.807479   0.000000   0.000000 -31.508698 276.652271 281.159008   0.054990   0.161131 278.987473   0.144414
   672   0.000000 267.245130 -59.037528 -23.198247  -3.792433  -3.792433   0.000000   0.000000 -31.547162 276.624371 281.136564   0.055035   0.161131 278.959186   0.144421
   673   0.000000 267.062024 -59.082259 -23.221021  -3.777590  -3.777590   0.000000   0.000000 -31.585346 276.596569 281.114177   0.055081   0.161132 278.930991   0.144428
   674   0.000000 266.879429 -59.126983 -23.243847  -3.762947  -3.762947   0.000000   0.000000 -31.623254 276.568862 281.091846   0.055126   0.161132 278.902888   0.144435
   675   0.000000 266.697345 -59.171696 -23.266721  -3.748501  -3.748501   0.000000   0.000000 -31.660890 276.541250 281.069572   0.055172   0.161132 278.874877   0.144442
   676   0.000000 266.515770 -59.216397 -23.289640  -3.734250  -3.734250   0.000000   0.000000 -31.698257 276.513732 281.047355   0.055217   0.161132 278.846955   0.144449
   677   0.000000 266.334702 -59.261083 -23.312600  -3.720192  -3.720192   0.000000   0.000000 -31.735359 276.486308 281.025193   0.055263   0.161132 278.819123   0.144455
   678   0.000000 266.154140 -59.305752 -23.335599  -3.706323  -3.706323   0.000000   0.000000 -31.772200 276.458976 281.003087   0.055308   0.161132 278.791380   0.144462
   679   0.000000 265.974083 -59.350401 -23.358634  -3.692641  -3.692641   0.000000   0.000000 -31.808782 276.431735 280.981037   0.055354   0.161132 278.763724   0.144469
   680   0.000000 265.794527 -59.395028 -23.381700  -3.679145  -3.679145   0.000000   0.000000 -31.845110 276.404586 280.959041   0.055399   0.161132 278.736156   0.144476
   681   0.000000 265.615473 -59.439630 -23.404796  -3.665830  -3.665830   0.000000   0.000000 -31.881186 276.377527 280.937100   0.055445   0.161132 278.708675   0.144483
   682   0.000000 265.436918 -59.484205 -23.427918  -3.652696  -3.652696   0.000000   0.000000 -31.917014 276.350557 280.915214   0.055490   0.161132 278.681279   0.144489
   683   0.000000 265.258861 -59.528751 -23.451064  -3.639740  -3.639740   0.000000   0.000000 -31.952597 276.323676 280.893381   0.055535   0.161132 278.653968   0.144496
   684   0.000000 265.081301 -59.573265 -23.474230  -3.626959  -3.626959   0.000000   0.000000 -31.987938 276.296882 280.871602   0.055581   0.161133 278.626742   0.144503
   685   0.000000 264.904235 -59.617746 -23.497413  -3.614352  -3.614352   0.000000   0.000000 -32.023040 276.270176 280.849877   0.055626   0.161133 278.599599   0.144510
   686   0.000000 264.727663 -59.662192 -23.520612  -3.601915  -3.601915   0.000000   0.000000 -32.057907 276.243556 280.828205   0.055671   0.161133 278.572539   0.144517
   687   0.000000 264.551582 -59.706599 -23.543823  -3.589648  -3.589648   0.000000   0.000000 -32.092540 276.217022 280.806585   0.055717   0.161133 278.545562   0.144523
   688   0.000000 264.375992 -59.750966 -23.567043  -3.577548  -3.577548   0.000000   0.000000 -32.126944 276.190573 280.785019   0.055762   0.161133 278.518666   0.144530
   689   0.000000 264.200891 -59.795291 -23.590269  -3.565612  -3.565612   0.000000   0.000000 -32.161121 276.164208 280.763504   0.055807   0.161133 278.491851   0.144537
   690   0.000000 264.026277 -59.839573 -23.613500  -3.553839  -3.553839   0.000000   0.000000 -32.195073 276.137927 280.742042   0.055852   0.161133 278.465117   0.144543
   691   0.000000 263.852149 -59.883808 -23.636732  -3.542227  -3.542227   0.000000   0.000000 -32.228804 276.111728 280.720631   0.055898   0.161133 278.438462   0.144550
   692   0.000000 263.678505 -59.927995 -23.659963  -3.530774  -3.530774   0.000000   0.000000 -32.262317 276.085612 280.699271   0.055943   0.161133 278.411886   0.144557
   693   0.000000 263.505345 -59.972132 -23.683191  -3.519478  -3.519478   0.000000   0.000000 -32.295614 276.059578 280.677963   0.055988   0.161133 278.385389   0.144563
   694   0.000000 263.332666 -60.016217 -23.706412  -3.508336  -3.508336   0.000000   0.000000 -32.328698 276.033624 280.656705   0.056033   0.161133 278.358969   0.144570
   695   0.000000 263.160466 -60.060248 -23.729624  -3.497348  -3.497348   0.000000   0.000000 -32.361571 276.007750 280.635498   0.056078   0.161133 278.332627   0.144577
   696   0.000000 262.988745 -60.104224 -23.752826  -3.486511  -3.486511   0.000000   0.000000 -32.394236 275.981957 280.614342   0.056124   0.161134 278.306361   0.144583
   697   0.000000 262.817502 -60.148143 -23.776014  -3.475823  -3.475823   0.000000   0.000000 -32.426696 275.956242 280.593235   0.056169   0.161134 278.280171   0.144590
   698   0.000000 262.646733 -60.192002 -23.799187  -3.465282  -3.465282   0.000000   0.000000 -32.458953 275.930605 280.572178   0.056214   0.161134 278.254057   0.144597
   699   0.000000 262.476439 -60.235801 -23.822342  -3.454888  -3.454888   0.000000   0.000000 -32.491010 275.905046 280.551170   0.056259   0.161134 278.228017   0.144603
   700   0.000000 262.306617 -60.279537 -23.845476  -3.444638  -3.444638   0.000000   0.000000 -32.522869 275.879564 280.530211   0.056304   0.161134 278.202052   0.144610
   701   0.000000 262.137267 -60.323209 -23.868588  -3.434530  -3.434530   0.000000   0.000000 -32.554533 275.854158 280.509301   0.056349   0.161134 278.176160   0.144616
   702   0.000000 261.968385 -60.366815 -23.891675  -3.424563  -3.424563   0.000000   0.000000 -32.586004 275.828828 280.488440   0.056394   0.161134 278.150341   0.144623
   703   0.000000 261.799972 -60.410354 -23.914735  -3.414735  -3.414735   0.000000   0.000000 -32.617284 275.803573 280.467627   0.056440   0.161134 278.124595   0.144630
   704   0.000000 261.632026 -60.453825 -23.937767  -3.405044  -3.405044   0.000000   0.000000 -32.648377 275.778393 280.446862   0.056485   0.161134 278.098920   0.144636
   705   0.000000 261.464545 -60.497224 -23.960767  -3.395489  -3.395489   0.000000   0.000000 -32.679283 275.753287 280.426145   0.056530   0.161134 278.073317   0.144643
   706   0.000000 261.297527 -60.540552 -23.983735  -3.386069  -3.386069   0.000000   0.000000 -32.710005 275.728255 280.405475   0.056575   0.161134 278.047785   0.144649
   707   0.000000 261.130971 -60.583807 -24.006667  -3.376781  -3.376781   0.000000   0.000000 -32.740546 275.703295 280.384853   0.056620   0.161134 278.022323   0.144656
   708   0.000000 260.964877 -60.626987 -24.029563  -3.367624  -3.367624   0.000000   0.000000 -32.770908 275.678407 280.364278   0.056665   0.161135 277.996930   0.144662
   709   0.000000 260.799241 -60.670091 -24.052419  -3.358597  -3.358597   0.000000   0.000000 -32.801093 275.653591 280.343749   0.056710   0.161135 277.971607   0.144669
   710   0.000000 260.634062 -60.713117 -24.075235  -3.349699  -3.349699   0.000000   0.000000 -32.831103 275.628846 280.323266   0.056755   0.161135 277.946352   0.144675
   711   0.000000 260.469340 -60.756065 -24.098008  -3.340927  -3.340927   0.000000   0.000000 -32.860941 275.604172 280.302830   0.056800   0.161135 277.921166   0.144682
   712   0.000000 260.305072 -60.798933 -24.120736  -3.332280  -3.332280   0.000000   0.000000 -32.890608 275.579568 280.282440   0.056845   0.161135 277.896047   0.144688
   713   0.000000 260.141258 -60.841719 -24.143418  -3.323757  -3.323757   0.000000   0.000000 -32.920106 275.555033 280.262095   0.056890   0.161135 277.870995   0.144695
   714   0.000000 259.977894 -60.884423 -24.166052  -3.315357  -3.315357   0.000000   0.000000 -32.949439 275.530567 280.241796   0.056935   0.161135 277.846010   0.144701
   715   0.000000 259.814981 -60.927043 -24.188636  -3.307077  -3.307077   0.000000   0.000000 -32.978606 275.506169 280.221542   0.056980   0.161135 277.821091   0.144707
   716   0.000000 259.652516 -60.969578 -24.211169  -3.298918  -3.298918   0.000000   0.000000 -33.007612 275.481839 280.201333   0.057025   0.161135 277.796238   0.144714
   717   0.000000 259.490498 -61.012027 -24.233648  -3.290877  -3.290877   0.000000   0.000000 -33.036457 275.457577 280.181168   0.057070   0.161135 277.771449   0.144720
   718   0.000000 259.328925 -61.054389 -24.256073  -3.282952  -3.282952   0.000000   0.000000 -33.065143 275.433381 280.161048   0.057115   0.161135 277.746726   0.144727
   719   0.000000 259.167795 -61.096663 -24.278441  -3.275144  -3.275144   0.000000   0.000000 -33.093673 275.409251 280.140973   0.057160   0.161135 277.722066   0.144733
   720   0.000000 259.007108 -61.138848 -24.300752  -3.267450  -3.267450   0.000000   0.000000 -33.122049 275.385187 280.120941   0.057205   0.161136 277.697470   0.144740
   721   0.000000 258.846862 -61.180942 -24.323062  -3.259874  -3.259874   0.000000   0.000000 -33.150272 275.361192 280.100952   0.057250   0.161136 277.672941   0.144746
   722   0.000000 258.687053 -61.222960 -24.345360  -3.252407  -3.252407   0.000000   0.000000 -33.178323 275.337265 280.081008   0.057295   0.161136 277.648478   0.144752
   723   0.000000 258.527680 -61.264902 -24.367638  -3.245049  -3.245049   0.000000   0.000000 -33.206199 275.313406 280.061106   0.057340   0.161136 277.624082   0.144759
   724   0.000000 258.368741 -61.306769 -24.389890  -3.237797  -3.237797   0.000000   0.000000 -33.233904 275.289613 280.041248   0.057385   0.161136 277.599751   0.144765
   725   0.000000 258.210233 -61.348558 -24.412113  -3.230651  -3.230651   0.000000   0.000000 -33.261442 275.265887 280.021432   0.057429   0.161136 277.575484   0.144771
   726   0.000000 258.052154 -61.390269 -24.434301  -3.223609  -3.223609   0.000000   0.000000 -33.288816 275.242227 280.001659   0.057474   0.161136 277.551281   0.144778
   727   0.000000 257.894503 -61.431898 -24.456451  -3.216672  -3.216672   0.000000   0.000000 -33.316030 275.218631 279.981929   0.057519   0.161136 277.527141   0.144784
   728   0.000000 257.737277 -61.473446 -24.478560  -3.209837  -3.209837   0.000000   0.000000 -33.343088 275.195099 279.962241   0.057564   0.161136 277.503063   0.144790
   729   0.000000 257.580475 -61.514910 -24.500623  -3.203105  -3.203105   0.000000   0.000000 -33.369993 275.171631 279.942595   0.057609   0.161136 277.479047   0.144797
   730   0.000000 257.424094 -61.556288 -24.522638  -3.196474  -3.196474   0.000000   0.000000 -33.396748 275.148225 279.922990   0.057654   0.161136 277.455092   0.144803
   731   0.000000 257.268132 -61.597580 -24.544601  -3.189943  -3.189943   0.000000   0.000000 -33.423357 275.124881 279.903427   0.057699   0.161136 277.431197   0.144809
   732   0.000000 257.112589 -61.638785 -24.566510  -3.183512  -3.183512   0.000000   0.000000 -33.449822 275.101599 279.883906   0.057744   0.161136 277.407362   0.144816
   733   0.000000 256.957462 -61.679900 -24.588361  -3.177179  -3.177179   0.000000   0.000000 -33.476146 275.078378 279.864425   0.057789   0.161137 277.383585   0.144822
   734   0.000000 256.802749 -61.720926 -24.610152  -3.170944  -3.170944   0.000000   0.000000 -33.502331 275.055217 279.844986   0.057834   0.161137 277.359868   0.144828
   735   0.000000 256.648448 -61.761860 -24.631880  -3.164805  -3.164805   0.000000   0.000000 -33.528382 275.032116 279.825587   0.057879   0.161137 277.336208   0.144835
   736   0.000000 256.494558 -61.802702 -24.653543  -3.158762  -3.158762   0.000000   0.000000 -33.554299 275.009073 279.806228   0.057923   0.161137 277.312606   0.144841
   737   0.000000 256.341076 -61.843450 -24.675139  -3.152814  -3.152814   0.000000   0.000000 -33.580086 274.986090 279.786910   0.057968   0.161137 277.289060   0.144847
   738   0.000000 256.188002 -61.884105 -24.696665  -3.146960  -3.146960   0.000000   0.000000 -33.605745 274.963164 279.767632   0.058013   0.161137 277.265571   0.144853
   739   0.000000 256.035334 -61.924663 -24.718118  -3.141199  -3.141199   0.000000   0.000000 -33.631278 274.940296 279.748394   0.058058   0.161137 277.242137   0.144860
   740   0.000000 255.883068 -61.965126 -24.739497  -3.135530  -3.135530   0.000000   0.000000 -33.656688 274.917484 279.729195   0.058103   0.161137 277.218759   0.144866
   741   0.000000 255.731205 -62.005491 -24.760800  -3.129952  -3.129952   0.000000   0.000000 -33.681977 274.894729 279.710036   0.058148   0.161137 277.195436   0.144872
   742   0.000000 255.579742 -62.045758 -24.782025  -3.124465  -3.124465   0.000000   0.000000 -33.707146 274.872030 279.690916   0.058193   0.161137 277.172166   0.144878
   743   0.000000 255.428677 -62.085927 -24.803170  -3.119067  -3.119067   0.000000   0.000000 -33.732199 274.849386 279.671835   0.058238   0.161137 277.148950   0.144885
   744   0.000000 255.278009 -62.125995 -24.824232  -3.113758  -3.113758   0.000000   0.000000 -33.757137 274.826798 279.652792   0.058283   0.161137 277.125788   0.144891
   745   0.000000 255.127736 -62.165964 -24.845211  -3.108537  -3.108537   0.000000   0.000000 -33.781963 274.804263 279.633788   0.058328   0.161137 277.102678   0.144897
   746   0.000000 254.977856 -62.205831 -24.866104  -3.103403  -3.103403   0.000000   0.000000 -33.806677 274.781782 279.614823   0.058372   0.161138 277.079621   0.144903
   747   0.000000 254.828367 -62.245596 -24.886909  -3.098355  -3.098355   0.000000   0.000000 -33.831283 274.759355 279.595896   0.058417   0.161138 277.056615   0.144909
   748   0.000000 254.679268 -62.285259 -24.907626  -3.093392  -3.093392   0.000000   0.000000 -33.855782 274.736981 279.577006   0.058462   0.161138 277.033661   0.144915
   749   0.000000 254.530557 -62.324819 -24.928252  -3.088514  -3.088514   0.000000   0.000000 -33.880176 274.714659 279.558154   0.058507   0.161138 277.010758   0.144922
   750   0.000000 254.382233 -62.364275 -24.948787  -3.083719  -3.083719   0.000000   0.000000 -33.904467 274.692389 279.539340   0.058552   0.161138 276.987905   0.144928
   751   0.000000 254.234293 -62.403627 -24.969227  -3.079007  -3.079007   0.000000   0.000000 -33.928656 274.670171 279.520563   0.058597   0.161138 276.965102   0.144934
   752   0.000000 254.086736 -62.442873 -24.989573  -3.074378  -3.074378   0.000000   0.000000 -33.952747 274.648003 279.501823   0.058642   0.161138 276.942348   0.144940
   753   0.000000 253.939560 -62.482015 -25.009822  -3.069829  -3.069829   0.000000   0.000000 -33.976739 274.625886 279.483120   0.058687   0.161138 276.919644   0.144946
   754   0.000000 253.792763 -62.521050 -25.029974  -3.065361  -3.065361   0.000000   0.000000 -34.000635 274.603820 279.464454   0.058732   0.161138 276.896988   0.144952
   755   0.000000 253.646344 -62.559979 -25.050026  -3.060973  -3.060973   0.000000   0.000000 -34.024437 274.581803 279.445824   0.058777   0.161138 276.874381   0.144959
   756   0.000000 253.500301 -62.598800 -25.069978  -3.056664  -3.056664   0.000000   0.000000 -34.048147 274.559835 279.427230   0.058821   0.161138 276.851821   0.144965
   757   0.000000 253.354633 -62.637515 -25.089829  -3.052432  -3.052432   0.000000   0.000000 -34.071765 274.537916 279.408673   0.058866   0.161138 276.829309   0.144971
   758   0.000000 253.209336 -62.676121 -25.109576  -3.048279  -3.048279   0.000000   0.000000 -34.095294 274.516046 279.390151   0.058911   0.161138 276.806844   0.144977
   759   0.000000 253.064411 -62.714619 -25.129220  -3.044202  -3.044202   0.000000   0.000000 -34.118736 274.494224 279.371665   0.058956   0.161138 276.784425   0.144983
   760   0.000000 252.919854 -62.753008 -25.148758  -3.040200  -3.040200   0.000000   0.000000 -34.142091 274.472449 279.353215   0.059001   0.161139 276.762053   0.144989
   761   0.000000 252.775665 -62.791289 -25.168190  -3.036274  -3.036274   0.000000   0.000000 -34.165362 274.450721 279.334800   0.059046   0.161139 276.739726   0.144995
   762   0.000000 252.631841 -62.829460 -25.187514  -3.032423  -3.032423   0.000000   0.000000 -34.188550 274.429040 279.316419   0.059091   0.161139 276.717445   0.145001
   763   0.000000 252.488381 -62.867521 -25.206730  -3.028645  -3.028645   0.000000   0.000000 -34.211656 274.407405 279.298074   0.059136   0.161139 276.695209   0.145007
   764   0.000000 252.345283 -62.905472 -25.225836  -3.024940  -3.024940   0.000000   0.000000 -34.234682 274.385817 279.279764   0.059181   0.161139 276.673017   0.145014
   765   0.000000 252.202546 -62.943313 -25.244831  -3.021308  -3.021308   0.000000   0.000000 -34.257631 274.364273 279.261488   0.059226   0.161139 276.650869   0.145020
   766   0.000000 252.060167 -62.981043 -25.263715  -3.017747  -3.017747   0.000000   0.000000 -34.280502 274.342775 279.243246   0.059271   0.161139 276.628765   0.145026
   767   0.000000 251.918145 -63.018662 -25.282486  -3.014257  -3.014257   0.000000   0.000000 -34.303297 274.321322 279.225039   0.059316   0.161139 276.606705   0.145032
   768   0.000000 251.776478 -63.056170 -25.301144  -3.010837  -3.010837   0.000000   0.000000 -34.326019 274.299912 279.206865   0.059361   0.161139 276.584688   0.145038
   769   0.000000 251.635164 -63.093566 -25.319688  -3.007487  -3.007487   0.000000   0.000000 -34.348668 274.278547 279.188725   0.059406   0.161139 276.562713   0.145044
   770   0.000000 251.494203 -63.130851 -25.338116  -3.004206  -3.004206   0.000000   0.000000 -34.371245 274.257225 279.170619   0.059451   0.161139 276.540781   0.145050
   771   0.000000 251.353591 -63.168024 -25.356428  -3.000993  -3.000993   0.000000   0.000000 -34.393753 274.235947 279.152546   0.059496   0.161139 276.518890   0.145056
   772   0.000000 251.213327 -63.205085 -25.374622  -2.997848  -2.997848   0.000000   0.000000 -34.416193 274.214711 279.134506   0.059541   0.161139 276.497041   0.145062
   773   0.000000 251.073410 -63.242033 -25.392699  -2.994769  -2.994769   0.000000   0.000000 -34.438565 274.193518 279.116499   0.059586   0.161139 276.475233   0.145068
   774   0.000000 250.933838 -63.278869 -25.410657  -2.991757  -2.991757   0.000000   0.000000 -34.460872 274.172366 279.098525   0.059631   0.161140 276.453466   0.145074
   775   0.000000 250.794609 -63.315593 -25.428496  -2.988810  -2.988810   0.000000   0.000000 -34.483114 274.151257 279.080584   0.059676   0.161140 276.431740   0.145080
   776   0.000000 250.655721 -63.352204 -25.446215  -2.985929  -2.985929   0.000000   0.000000 -34.505293 274.130188 279.062675   0.059721   0.161140 276.410054   0.145086
   777   0.000000 250.517173 -63.388702 -25.463812  -2.983111  -2.983111   0.000000   0.000000 -34.527411 274.109161 279.044799   0.059766   0.161140 276.388407   0.145092
   778   0.000000 250.378962 -63.425087 -25.481288  -2.980358  -2.980358   0.000000   0.000000 -34.549467 274.088174 279.026954   0.059811   0.161140 276.366800   0.145098
   779   0.000000 250.241088 -63.461360 -25.498642  -2.977667  -2.977667   0.000000   0.000000 -34.571465 274.067227 279.009142   0.059856   0.161140 276.345231   0.145104
   780   0.000000 250.103548 -63.497519 -25.515872  -2.975039  -2.975039   0.000000   0.000000 -34.593405 274.046320 278.991361   0.059901   0.161140 276.323702   0.145110
   781   0.000000 249.966341 -63.533564 -25.532979  -2.972473  -2.972473   0.000000   0.000000 -34.615288 274.025452 278.973612   0.059946   0.161140 276.302211   0.145116
   782   0.000000 249.829465 -63.569497 -25.549961  -2.969969  -2.969969   0.000000   0.000000 -34.637115 274.004624 278.955894   0.059991   0.161140 276.280758   0.145122
   783   0.000000 249.692919 -63.605316 -25.566819  -2.967524  -2.967524   0.000000   0.000000 -34.658889 273.983834 278.938207   0.060036   0.161140 276.259342   0.145128
   784   0.000000 249.556700 -63.641022 -25.583551  -2.965140  -2.965140   0.000000   0.000000 -34.680609 273.963083 278.920551   0.060081   0.161140 276.237964   0.145134
   785   0.000000 249.420806 -63.676614 -25.600156  -2.962816  -2.962816   0.000000   0.000000 -34.702278 273.942370 278.902926   0.060127   0.161140 276.216623   0.145140
   786   0.000000 249.285238 -63.712093 -25.616635  -2.960550  -2.960550   0.000000   0.000000 -34.723895 273.921695 278.885332   0.060172   0.161140 276.195319   0.145146
   787   0.000000 249.149991 -63.747458 -25.632986  -2.958343  -2.958343   0.000000   0.000000 -34.745464 273.901057 278.867769   0.060217   0.161140 276.174051   0.145152
   788   0.000000 249.015066 -63.782710 -25.649210  -2.956194  -2.956194   0.000000   0.000000 -34.766984 273.880456 278.850235   0.060262   0.161141 276.152819   0.145158
   789   0.000000 248.880460 -63.817848 -25.665305  -2.954102  -2.954102   0.000000   0.000000 -34.788456 273.859892 278.832732   0.060307   0.161141 276.131622   0.145164
   790   0.000000 248.746171 -63.852873 -25.681271  -2.952066  -2.952066   0.000000   0.000000 -34.809883 273.839364 278.815259   0.060352   0.161141 276.110461   0.145170
   791   0.000000 248.612198 -63.887784 -25.697108  -2.950087  -2.950087   0.000000   0.000000 -34.831265 273.818872 278.797815   0.060398   0.161141 276.089336   0.145176
   792   0.000000 248.478539 -63.922582 -25.712815  -2.948163  -2.948163   0.000000   0.000000 -34.852603 273.798416 278.780402   0.060443   0.161141 276.068245   0.145182
   793   0.000000 248.345193 -63.957266 -25.728391  -2.946294  -2.946294   0.000000   0.000000 -34.873898 273.777996 278.763017   0.060488   0.161141 276.047188   0.145187
   794   0.000000 248.212158 -63.991837 -25.743837  -2.944479  -2.944479   0.000000   0.000000 -34.895151 273.757610 278.745662   0.060533   0.161141 276.026165   0.145193
   795   0.000000 248.079431 -64.026295 -25.759151  -2.942719  -2.942719   0.000000   0.000000 -34.916364 273.737260 278.728336   0.060578   0.161141 276.005177   0.145199
   796   0.000000 247.947013 -64.060639 -25.774334  -2.941011  -2.941011   0.000000   0.000000 -34.937538 273.716944 278.711040   0.060624   0.161141 275.984222   0.145205
   797   0.000000 247.814900 -64.094870 -25.789385  -2.939357  -2.939357   0.000000   0.000000 -34.958673 273.696662 278.693772   0.060669   0.161141 275.963300   0.145211
   798   0.000000 247.683092 -64.128988 -25.804303  -2.937755  -2.937755   0.000000   0.000000 -34.979770 273.676413 278.676532   0.060714   0.161141 275.942411   0.145217
   799   0.000000 247.551586 -64.162993 -25.819088  -2.936205  -2.936205   0.000000   0.000000 -35.000831 273.656199 278.659321   0.060759   0.161141 275.921554   0.145223
   800   0.000000 247.420381 -64.196884 -25.833741  -2.934706  -2.934706   0.000000   0.000000 -35.021857 273.636018 278.642139   0.060805   0.161141 275.900730   0.145229
   801   0.000000 247.289476 -64.230663 -25.848259  -2.933257  -2.933257   0.000000   0.000000 -35.042848 273.615869 278.624984   0.060850   0.161141 275.879938   0.145235
   802   0.000000 247.158869 -64.264329 -25.862644  -2.931859  -2.931859   0.000000   0.000000 -35.063805 273.595754 278.607858   0.060895   0.161142 275.859178   0.145241
   803   0.000000 247.028558 -64.297882 -25.876895  -2.930511  -2.930511   0.000000   0.000000 -35.084730 273.575670 278.590759   0.060941   0.161142 275.838449   0.145246
   804   0.000000 246.898541 -64.331322 -25.891011  -2.929212  -2.929212   0.000000   0.000000 -35.105624 273.555619 278.573688   0.060986   0.161142 275.817751   0.145252
   805   0.000000 246.768818 -64.364650 -25.904992  -2.927961  -2.927961   0.000000   0.000000 -35.126487 273.535599 278.556645   0.061031   0.161142 275.797084   0.145258
   806   0.000000 246.639386 -64.397865 -25.918839  -2.926759  -2.926759   0.000000   0.000000 -35.147320 273.515611 278.539629   0.061077   0.161142 275.776448   0.145264
   807   0.000000 246.510244 -64.430968 -25.932550  -2.925605  -2.925605   0.000000   0.000000 -35.168125 273.495654 278.522640   0.061122   0.161142 275.755842   0.145270
   808   0.000000 246.381390 -64.463958 -25.946125  -2.924497  -2.924497   0.000000   0.000000 -35.188901 273.475728 278.505678   0.061168   0.161142 275.735266   0.145276
   809   0.000000 246.252823 -64.496836 -25.959565  -2.923437  -2.923437   0.000000   0.000000 -35.209651 273.455833 278.488743   0.061213   0.161142 275.714720   0.145282
   810   0.000000 246.124542 -64.529603 -25.972868  -2.922422  -2.922422   0.000000   0.000000 -35.230375 273.435968 278.471835   0.061259   0.161142 275.694204   0.145287
   811   0.000000 245.996544 -64.562257 -25.986035  -2.921454  -2.921454   0.000000   0.000000 -35.251074 273.416133 278.454954   0.061304   0.161142 275.673717   0.145293
   812   0.000000 245.868829 -64.594800 -25.999066  -2.920531  -2.920531   0.000000   0.000000 -35.271748 273.396327 278.438099   0.061349   0.161142 275.653258   0.145299
   813   0.000000 245.741394 -64.627230 -26.011960  -2.919652  -2.919652   0.000000   0.000000 -35.292399 273.376552 278.421270   0.061395   0.161142 275.632829   0.145305
   814   0.000000 245.614239 -64.659550 -26.024717  -2.918818  -2.918818   0.000000   0.000000 -35.313027 273.356805 278.404467   0.061441   0.161142 275.612428   0.145311
   815   0.000000 245.487361 -64.691758 -26.037338  -2.918028  -2.918028   0.000000   0.000000 -35.333633 273.337088 278.387690   0.061486   0.161142 275.592055   0.145317
   816   0.000000 245.360759 -64.723855 -26.049821  -2.917281  -2.917281   0.000000   0.000000 -35.354219 273.317399 278.370939   0.061532   0.161143 275.571710   0.145323
   817   0.000000 245.234433 -64.755840 -26.062167  -2.916577  -2.916577   0.000000   0.000000 -35.374784 273.297739 278.354214   0.061577   0.161143 275.551393   0.145328
   818   0.000000 245.108379 -64.787715 -26.074375  -2.915916  -2.915916   0.000000   0.000000 -35.395329 273.278106 278.337514   0.061623   0.161143 275.531103   0.145334
   819   0.000000 244.982598 -64.819479 -26.086446  -2.915296  -2.915296   0.000000   0.000000 -35.415856 273.258502 278.320840   0.061668   0.161143 275.510840   0.145340
   820   0.000000 244.857086 -64.851133 -26.098379  -2.914718  -2.914718   0.000000   0.000000 -35.436366 273.238926 278.304191   0.061714   0.161143 275.490604   0.145346
   821   0.000000 244.731844 -64.882676 -26.110174  -2.914181  -2.914181   0.000000   0.000000 -35.456858 273.219376 278.287567   0.061760   0.161143 275.470395   0.145352
   822   0.000000 244.606869 -64.914108 -26.121832  -2.913685  -2.913685   0.000000   0.000000 -35.477334 273.199854 278.270968   0.061805   0.161143 275.450213   0.145357
   823   0.000000 244.482161 -64.945431 -26.133352  -2.913229  -2.913229   0.000000   0.000000 -35.497794 273.180359 278.254394   0.061851   0.161143 275.430056   0.145363
   824   0.000000 244.357717 -64.976643 -26.144734  -2.912813  -2.912813   0.000000   0.000000 -35.518239 273.160891 278.237844   0.061897   0.161143 275.409926   0.145369
   825   0.000000 244.233537 -65.007746 -26.155977  -2.912436  -2.912436   0.000000   0.000000 -35.538670 273.142716 278.221329   0.061942   0.161143 275.390659   0.145375
   826   0.000000 244.109618 -65.044065 -26.161068  -2.937968  -2.937968   0.000000   0.000000 -35.550292 273.123822 278.204842   0.061988   0.161143 275.370928   0.145381
   827   0.000000 243.986042 -65.077066 -26.169691  -2.942326  -2.942326   0.000000   0.000000 -35.567144 273.104818 278.188382   0.062034   0.161143 275.351132   0.145386
   828   0.000000 243.862760 -65.109354 -26.178666  -2.947246  -2.947246   0.000000   0.000000 -35.584951 273.085808 278.171949   0.062080   0.161143 275.331341   0.145392
   829   0.000000 243.739765 -65.141372 -26.187625  -2.952269  -2.952269   0.000000   0.000000 -35.602987 273.066817 278.155541   0.062126   0.161143 275.311572   0.145398
   830   0.000000 243.617053 -65.173230 -26.196474  -2.957338  -2.957338   0.000000   0.000000 -35.621070 273.047852 278.139160   0.062172   0.161143 275.291829   0.145404
   831   0.000000 243.494623 -65.204957 -26.205190  -2.962438  -2.962438   0.000000   0.000000 -35.639157 273.028913 278.122804   0.062218   0.161144 275.272113   0.145410
   832   0.000000 243.372472 -65.236557 -26.213770  -2.967564  -2.967564   0.000000   0.000000 -35.657237 273.010002 278.106474   0.062264   0.161144 275.252424   0.145415
   833   0.000000 243.250599 -65.268035 -26.222211  -2.972715  -2.972715   0.000000   0.000000 -35.675307 272.991117 278.090170   0.062311   0.161144 275.232762   0.145421
   834   0.000000 243.129003 -65.299390 -26.230514  -2.977891  -2.977891   0.000000   0.000000 -35.693367 272.972259 278.073890   0.062357   0.161144 275.213127   0.145427
   835   0.000000 243.007682 -65.330623 -26.238680  -2.983091  -2.983091   0.000000   0.000000 -35.711417 272.953428 278.057636   0.062403   0.161144 275.193518   0.145433
   836   0.000000 242.886634 -65.361736 -26.246709  -2.988315  -2.988315   0.000000   0.000000 -35.729457 272.934623 278.041407   0.062449   0.161144 275.173936   0.145439
   837   0.000000 242.765858 -65.392727 -26.254601  -2.993563  -2.993563   0.000000   0.000000 -35.747488 272.915844 278.025202   0.062496   0.161144 275.154380   0.145445
   838   0.000000 242.645352 -65.423598 -26.262357  -2.998834  -2.998834   0.000000   0.000000 -35.765509 272.897091 278.009023   0.062542   0.161144 275.134850   0.145450
   839   0.000000 242.525116 -65.454349 -26.269977  -3.004128  -3.004128   0.000000   0.000000 -35.783522 272.878363 277.992867   0.062589   0.161144 275.115345   0.145456
   840   0.000000 242.405147 -65.484981 -26.277461  -3.009445  -3.009445   0.000000   0.000000 -35.801527 272.859661 277.976736   0.062635   0.161144 275.095866   0.145462
   841   0.000000 242.285443 -65.515494 -26.284810  -3.014785  -3.014785   0.000000   0.000000 -35.819523 272.840985 277.960629   0.062682   0.161144 275.076413   0.145468
   842   0.000000 242.166005 -65.545888 -26.292025  -3.020146  -3.020146   0.000000   0.000000 -35.837511 272.822333 277.944546   0.062728   0.161144 275.056984   0.145474
   843   0.000000 242.046828 -65.576163 -26.299105  -3.025529  -3.025529   0.000000   0.000000 -35.855492 272.803706 277.928487   0.062775   0.161144 275.037581   0.145479
   844   0.000000 241.927914 -65.606321 -26.306050  -3.030934  -3.030934   0.000000   0.000000 -35.873467 272.785104 277.912452   0.062822   0.161145 275.018202   0.145485
   845   0.000000 241.809259 -65.636362 -26.312862  -3.036360  -3.036360   0.000000   0.000000 -35.891435 272.766526 277.896440   0.062868   0.161145 274.998847   0.145491
   846   0.000000 241.690863 -65.666285 -26.319540  -3.041806  -3.041806   0.000000   0.000000 -35.909396 272.747972 277.880451   0.062915   0.161145 274.979517   0.145497
   847   0.000000 241.572724 -65.696092 -26.326084  -3.047274  -3.047274   0.000000   0.000000 -35.927353 272.729443 277.864486   0.062962   0.161145 274.960212   0.145503
   848   0.000000 241.454840 -65.725783 -26.332495  -3.052761  -3.052761   0.000000   0.000000 -35.945304 272.710937 277.848544   0.063009   0.161145 274.940930   0.145508
   849   0.000000 241.337211 -65.755357 -26.338773  -3.058269  -3.058269   0.000000   0.000000 -35.963250 272.692454 277.832625   0.063056   0.161145 274.921671   0.145514
   850   0.000000 241.219834 -65.784817 -26.344918  -3.063796  -3.063796   0.000000   0.000000 -35.981192 272.673996 277.816728   0.063103   0.161145 274.902437   0.145520
   851   0.000000 241.102709 -65.814161 -26.350931  -3.069343  -3.069343   0.000000   0.000000 -35.999130 272.655560 277.800855   0.063150   0.161145 274.883225   0.145526
   852   0.000000 240.985833 -65.843390 -26.356811  -3.074909  -3.074909   0.000000   0.000000 -36.017064 272.637147 277.785004   0.063197   0.161145 274.864037   0.145532
   853   0.000000 240.869207 -65.872505 -26.362559  -3.080494  -3.080494   0.000000   0.000000 -36.034996 272.618757 277.769175   0.063244   0.161145 274.844872   0.145537
   854   0.000000 240.752827 -65.901506 -26.368176  -3.086097  -3.086097   0.000000   0.000000 -36.052924 272.600390 277.753369   0.063292   0.161145 274.825729   0.145543
   855   0.000000 240.636694 -65.930393 -26.373661  -3.091719  -3.091719   0.000000   0.000000 -36.070851 272.582045 277.737584   0.063339   0.161145 274.806609   0.145549
   856   0.000000 240.520805 -65.959166 -26.379015  -3.097359  -3.097359   0.000000   0.000000 -36.088775 272.563722 277.721822   0.063386   0.161145 274.787512   0.145555
   857   0.000000 240.405159 -65.987827 -26.384237  -3.103016  -3.103016   0.000000   0.000000 -36.106699 272.545422 277.706082   0.063434   0.161145 274.768436   0.145561
   858   0.000000 240.289755 -66.016375 -26.389329  -3.108691  -3.108691   0.000000   0.000000 -36.124621 272.527143 277.690363   0.063481   0.161146 274.749383   0.145567
   859   0.000000 240.174592 -66.044811 -26.394291  -3.114384  -3.114384   0.000000   0.000000 -36.142543 272.508886 277.674666   0.063529   0.161146 274.730352   0.145572
   860   0.000000 240.059668 -66.073134 -26.399122  -3.120093  -3.120093   0.000000   0.000000 -36.160464 272.490650 277.658991   0.063576   0.161146 274.711342   0.145578
   861   0.000000 239.944982 -66.101346 -26.403823  -3.125818  -3.125818   0.000000   0.000000 -36.178385 272.472436 277.643337   0.063624   0.161146 274.692353   0.145584
   862   0.000000 239.830533 -66.129447 -26.408394  -3.131560  -3.131560   0.000000   0.000000 -36.196307 272.454242 277.627704   0.063671   0.161146 274.673386   0.145590
   863   0.000000 239.716320 -66.157437 -26.412836  -3.137318  -3.137318   0.000000   0.000000 -36.214230 272.436070 277.612092   0.063719   0.161146 274.654440   0.145596
   864   0.000000 239.602341 -66.185316 -26.417149  -3.143092  -3.143092   0.000000   0.000000 -36.232154 272.417919 277.596501   0.063767   0.161146 274.635515   0.145601
   865   0.000000 239.488595 -66.213084 -26.421333  -3.148881  -3.148881   0.000000   0.000000 -36.250080 272.399788 277.580932   0.063815   0.161146 274.616611   0.145607
   866   0.000000 239.375081 -66.240743 -26.425389  -3.154685  -3.154685   0.000000   0.000000 -36.268008 272.381677 277.565382   0.063863   0.161146 274.597727   0.145613
   867   0.000000 239.261797 -66.268292 -26.429316  -3.160504  -3.160504   0.000000   0.000000 -36.285938 272.363587 277.549854   0.063911   0.161146 274.578864   0.145619
   868   0.000000 239.148743 -66.295732 -26.433116  -3.166338  -3.166338   0.000000   0.000000 -36.303870 272.345516 277.534346   0.063959   0.161146 274.560021   0.145625
   869   0.000000 239.035918 -66.323062 -26.436788  -3.172186  -3.172186   0.000000   0.000000 -36.321805 272.327466 277.518858   0.064007   0.161146 274.541198   0.145630
   870   0.000000 238.923319 -66.350284 -26.440332  -3.178048  -3.178048   0.000000   0.000000 -36.339744 272.309436 277.503391   0.064055   0.161146 274.522396   0.145636
   871   0.000000 238.810947 -66.377398 -26.443750  -3.183924  -3.183924   0.000000   0.000000 -36.357686 272.291425 277.487944   0.064103   0.161147 274.503613   0.145642
   872   0.000000 238.698800 -66.404403 -26.447041  -3.189813  -3.189813   0.000000   0.000000 -36.375632 272.273433 277.472516   0.064151   0.161147 274.484850   0.145648
   873   0.000000 238.586876 -66.431301 -26.450206  -3.195716  -3.195716   0.000000   0.000000 -36.393582 272.255461 277.457109   0.064199   0.161147 274.466106   0.145654
   874   0.000000 238.475175 -66.458091 -26.453244  -3.201631  -3.201631   0.000000   0.000000 -36.411537 272.237508 277.441721   0.064248   0.161147 274.447381   0.145660
   875   0.000000 238.363695 -66.484774 -26.456157  -3.207559  -3.207559   0.000000   0.000000 -36.429496 272.219574 277.426354   0.064296   0.161147 274.428676   0.145665
   876   0.000000 238.252436 -66.511350 -26.458945  -3.213499  -3.213499   0.000000   0.000000 -36.447460 272.201658 277.411005   0.064345   0.161147 274.409990   0.145671
   877   0.000000 238.141397 -66.537820 -26.461609  -3.219451  -3.219451   0.000000   0.000000 -36.465429 272.183761 277.395676   0.064393   0.161147 274.391323   0.145677
   878   0.000000 238.030575 -66.564183 -26.464147  -3.225416  -3.225416   0.000000   0.000000 -36.483404 272.165883 277.380367   0.064442   0.161147 274.372675   0.145683
   879   0.000000 237.919971 -66.590441 -26.466562  -3.231391  -3.231391   0.000000   0.000000 -36.501384 272.148023 277.365076   0.064490   0.161147 274.354045   0.145689
   880   0.000000 237.809583 -66.616592 -26.468852  -3.237378  -3.237378   0.000000   0.000000 -36.519371 272.130182 277.349805   0.064539   0.161147 274.335434   0.145694
   881   0.000000 237.699410 -66.642639 -26.471020  -3.243375  -3.243375   0.000000   0.000000 -36.537363 272.112358 277.334553   0.064588   0.161147 274.316841   0.145700
   882   0.000000 237.589451 -66.668580 -26.473064  -3.249384  -3.249384   0.000000   0.000000 -36.555362 272.094553 277.319320   0.064637   0.161147 274.298267   0.145706
   883   0.000000 237.479705 -66.694417 -26.474986  -3.255402  -3.255402   0.000000   0.000000 -36.573368 272.076765 277.304105   0.064686   0.161147 274.279710   0.145712
   884   0.000000 237.370172 -66.720150 -26.476785  -3.261431  -3.261431   0.000000   0.000000 -36.591380 272.058995 277.288909   0.064735   0.161148 274.261172   0.145718
   885   0.000000 237.260849 -66.745778 -26.478463  -3.267470  -3.267470   0.000000   0.000000 -36.609400 272.041243 277.273732   0.064784   0.161148 274.242651   0.145724
   886   0.000000 237.151736 -66.771302 -26.480020  -3.273518  -3.273518   0.000000   0.000000 -36.627426 272.023507 277.258573   0.064833   0.161148 274.224148   0.145729
   887   0.000000 237.042832 -66.796723 -26.481455  -3.279575  -3.279575   0.000000   0.000000 -36.645460 272.005790 277.243433   0.064882   0.161148 274.205663   0.145735
   888   0.000000 236.934137 -66.822041 -26.482770  -3.285641  -3.285641   0.000000   0.000000 -36.663502 271.986829 277.228300   0.064931   0.161148 274.186380   0.145741
   889   0.000000 236.825648 -66.842025 -26.490979  -3.264828  -3.264828   0.000000   0.000000 -36.690299 271.968652 277.213183   0.064980   0.161148 274.167608   0.145747
   890   0.000000 236.717274 -66.865174 -26.494657  -3.266590  -3.266590   0.000000   0.000000 -36.711713 271.950632 277.198080   0.065029   0.161148 274.148942   0.145753
   891   0.000000 236.609067 -66.888837 -26.497575  -3.267802  -3.267802   0.000000   0.000000 -36.732140 271.932660 277.182994   0.065079   0.161148 274.130313   0.145759
   892   0.000000 236.501036 -66.912555 -26.500213  -3.268960  -3.268960   0.000000   0.000000 -36.752338 271.914711 277.167924   0.065128   0.161148 274.111703   0.145764
   893   0.000000 236.393181 -66.936220 -26.502690  -3.270122  -3.270122  -0.000000  -0.000000 -36.772491 271.896777 277.152869   0.065177   0.161148 274.093108   0.145770
   894   0.000000 236.285503 -66.959806 -26.505035  -3.271303  -3.271303  -0.000000  -0.000000 -36.792643 271.878858 277.137830   0.065226   0.161148 274.074526   0.145776
   895   0.000000 236.178002 -66.983305 -26.507254  -3.272505  -3.272505  -0.000000  -0.000000 -36.812803 271.860953 277.122807   0.065276   0.161148 274.055958   0.145782
   896   0.000000 236.070676 -67.006718 -26.509349  -3.273730  -3.273730  -0.000000  -0.000000 -36.832975 271.843062 277.107799   0.065325   0.161148 274.037404   0.145788
   897   0.000000 235.963526 -67.030043 -26.511321  -3.274977  -3.274977  -0.000000  -0.000000 -36.853160 271.825184 277.092807   0.065375   0.161149 274.018863   0.145793
   898   0.000000 235.856550 -67.053280 -26.513171  -3.276245  -3.276245  -0.000000  -0.000000 -36.873356 271.807321 277.077830   0.065424   0.161149 274.000336   0.145799
   899   0.000000 235.749749 -67.076429 -26.514898  -3.277533  -3.277533  -0.000000  -0.000000 -36.893566 271.789470 277.062869   0.065474   0.161149 273.981821   0.145805
   900   0.000000 235.643122 -67.099491 -26.516504  -3.278843  -3.278843  -0.000000  -0.000000 -36.913789 271.771633 277.047922   0.065523   0.161149 273.963320   0.145811
   901   0.000000 235.536668 -67.122465 -26.517834  -3.280164  -3.280164  -0.000000  -0.000000 -36.934024 271.753803 277.032992   0.065573   0.161149 273.944823   0.145816
   902   0.000000 235.430389 -67.145322 -26.518933  -3.281514  -3.281514  -0.000000  -0.000000 -36.954321 271.735978 277.018076   0.065622   0.161149 273.926331   0.145822
   903   0.000000 235.324286 -67.168056 -26.519817  -3.282894  -3.282894  -0.000000  -0.000000 -36.974685 271.718158 277.003175   0.065672   0.161149 273.907843   0.145828
   904   0.000000 235.218358 -67.190667 -26.520496  -3.284305  -3.284305  -0.000000  -0.000000 -36.995114 271.700345 276.988288   0.065722   0.161149 273.889360   0.145834
   905   0.000000 235.112606 -67.213157 -26.520975  -3.285744  -3.285744  -0.000000  -0.000000 -37.015606 271.682537 276.973417   0.065771   0.161149 273.870884   0.145840
   906   0.000000 235.007030 -67.235528 -26.521259  -3.287210  -3.287210  -0.000000  -0.000000 -37.036155 271.664737 276.958560   0.065821   0.161149 273.852413   0.145845
   907   0.000000 234.901629 -67.257782 -26.521353  -3.288702  -3.288702  -0.000000  -0.000000 -37.056761 271.646943 276.943717   0.065871   0.161149 273.833948   0.145851
   908   0.000000 234.796402 -67.279919 -26.521260  -3.290218  -3.290218  -0.000000  -0.000000 -37.077419 271.629156 276.928889   0.065921   0.161149 273.815490   0.145857
   909   0.000000 234.691350 -67.301941 -26.520983  -3.291758  -3.291758  -0.000000  -0.000000 -37.098128 271.611376 276.914074   0.065971   0.161149 273.797038   0.145863
   910   0.000000 234.586472 -67.323849 -26.520527  -3.293321  -3.293321  -0.000000  -0.000000 -37.118886 271.593604 276.899274   0.066021   0.161150 273.778593   0.145868
   911   0.000000 234.481767 -67.345645 -26.519893  -3.294906  -3.294906  -0.000000  -0.000000 -37.139692 271.575839 276.884488   0.066071   0.161150 273.760156   0.145874
   912   0.000000 234.377234 -67.367328 -26.519084  -3.296511  -3.296511  -0.000000  -0.000000 -37.160544 271.558082 276.869716   0.066121   0.161150 273.741725   0.145880
   913   0.000000 234.272872 -67.388901 -26.518102  -3.298138  -3.298138  -0.000000  -0.000000 -37.181440 271.540332 276.854958   0.066171   0.161150 273.723302   0.145886
   914   0.000000 234.168682 -67.410364 -26.516950  -3.299784  -3.299784  -0.000000  -0.000000 -37.202381 271.522589 276.840213   0.066221   0.161150 273.704885   0.145891
   915   0.000000 234.064661 -67.431718 -26.515629  -3.301449  -3.301449  -0.000000  -0.000000 -37.223365 271.504855 276.825482   0.066271   0.161150 273.686476   0.145897
   916   0.000000 233.960810 -67.452963 -26.514142  -3.303134  -3.303134  -0.000000  -0.000000 -37.244390 271.487127 276.810764   0.066321   0.161150 273.668074   0.145903
   917   0.000000 233.857126 -67.474101 -26.512489  -3.304836  -3.304836  -0.000000  -0.000000 -37.265458 271.469408 276.796060   0.066371   0.161150 273.649679   0.145909
   918   0.000000 233.753610 -67.495133 -26.510673  -3.306556  -3.306556  -0.000000  -0.000000 -37.286566 271.451695 276.781369   0.066422   0.161150 273.631292   0.145914
   919   0.000000 233.650261 -67.516058 -26.508695  -3.308293  -3.308293  -0.000000  -0.000000 -37.307715 271.433991 276.766691   0.066472   0.161150 273.612911   0.145920
   920   0.000000 233.547078 -67.536877 -26.506556  -3.310048  -3.310048  -0.000000  -0.000000 -37.328903 271.416294 276.752027   0.066522   0.161150 273.594538   0.145926
   921   0.000000 233.444059 -67.557592 -26.504259  -3.311818  -3.311818  -0.000000  -0.000000 -37.350131 271.398604 276.737375   0.066573   0.161150 273.576172   0.145932
   922   0.000000 233.341205 -67.578202 -26.501803  -3.313605  -3.313605  -0.000000  -0.000000 -37.371399 271.380922 276.722737   0.066623   0.161151 273.557813   0.145937
   923   0.000000 233.238513 -67.598709 -26.499191  -3.315407  -3.315407  -0.000000  -0.000000 -37.392704 271.363247 276.708111   0.066674   0.161151 273.539462   0.145943
   924   0.000000 233.135984 -67.619113 -26.496424  -3.317224  -3.317224  -0.000000  -0.000000 -37.414049 271.345579 276.693498   0.066724   0.161151 273.521117   0.145949
   925   0.000000 233.033616 -67.639415 -26.493503  -3.319056  -3.319056  -0.000000  -0.000000 -37.435431 271.327919 276.678898   0.066775   0.161151 273.502780   0.145955
   926   0.000000 232.931409 -67.659615 -26.490428  -3.320903  -3.320903  -0.000000  -0.000000 -37.456851 271.310266 276.664310   0.066825   0.161151 273.484449   0.145960
   927   0.000000 232.829361 -67.679713 -26.487202  -3.322763  -3.322763  -0.000000  -0.000000 -37.478309 271.292620 276.649735   0.066876   0.161151 273.466125   0.145966
   928   0.000000 232.727472 -67.699711 -26.483825  -3.324638  -3.324638  -0.000000  -0.000000 -37.499804 271.274982 276.635173   0.066927   0.161151 273.447809   0.145972
   929   0.000000 232.625741 -67.719609 -26.480298  -3.326526  -3.326526  -0.000000  -0.000000 -37.521336 271.257350 276.620622   0.066978   0.161151 273.429499   0.145978
   930   0.000000 232.524168 -67.739407 -26.476622  -3.328427  -3.328427  -0.000000  -0.000000 -37.542905 271.239725 276.606084   0.067028   0.161151 273.411196   0.145983
   931   0.000000 232.422750 -67.759106 -26.472798  -3.330341  -3.330341  -0.000000  -0.000000 -37.564511 271.222108 276.591558   0.067079   0.161151 273.392900   0.145989
   932   0.000000 232.321488 -67.778706 -26.468828  -3.332268  -3.332268  -0.000000  -0.000000 -37.586153 271.204497 276.577044   0.067130   0.161151 273.374610   0.145995
   933   0.000000 232.220380 -67.798208 -26.464711  -3.334207  -3.334207  -0.000000  -0.000000 -37.607832 271.186893 276.562543   0.067181   0.161151 273.356327   0.146000
   934   0.000000 232.119426 -67.817613 -26.460450  -3.336158  -3.336158  -0.000000  -0.000000 -37.629547 271.169296 276.548053   0.067232   0.161151 273.338051   0.146006
   935   0.000000 232.018625 -67.836921 -26.456044  -3.338121  -3.338121  -0.000000  -0.000000 -37.651298 271.151705 276.533575   0.067283   0.161152 273.319781   0.146012
   936   0.000000 231.917975 -67.856132 -26.451495  -3.340095  -3.340095  -0.000000  -0.000000 -37.673085 271.134122 276.519108   0.067334   0.161152 273.301518   0.146018
   937   0.000000 231.817477 -67.875247 -26.446804  -3.342081  -3.342081  -0.000000  -0.000000 -37.694908 271.116544 276.504654   0.067385   0.161152 273.283261   0.146023
   938   0.000000 231.717130 -67.894266 -26.441972  -3.344077  -3.344077  -0.000000  -0.000000 -37.716766 271.098974 276.490211   0.067436   0.161152 273.265010   0.146029
   939   0.000000 231.616931 -67.913190 -26.436998  -3.346084  -3.346084  -0.000000  -0.000000 -37.738660 271.081410 276.475779   0.067488   0.161152 273.246766   0.146035
   940   0.000000 231.516882 -67.932019 -26.431885  -3.348102  -3.348102  -0.000000  -0.000000 -37.760590 271.063852 276.461360   0.067539   0.161152 273.228528   0.146040
   941   0.000000 231.416980 -67.950755 -26.426633  -3.350130  -3.350130  -0.000000  -0.000000 -37.782554 271.046300 276.446951   0.067590   0.161152 273.210296   0.146046
   942   0.000000 231.317225 -67.969396 -26.421242  -3.352168  -3.352168  -0.000000  -0.000000 -37.804554 271.028755 276.432554   0.067641   0.161152 273.192070   0.146052
   943   0.000000 231.217617 -67.987944 -26.415714  -3.354215  -3.354215  -0.000000  -0.000000 -37.826590 271.011216 276.418167   0.067693   0.161152 273.173850   0.146058
   944   0.000000 231.118154 -68.006400 -26.410050  -3.356272  -3.356272  -0.000000  -0.000000 -37.848660 270.993683 276.403792   0.067744   0.161152 273.155637   0.146063
   945   0.000000 231.018836 -68.024763 -26.404249  -3.358339  -3.358339  -0.000000  -0.000000 -37.870765 270.976157 276.389429   0.067796   0.161152 273.137429   0.146069
   946   0.000000 230.919661 -68.043034 -26.398314  -3.360414  -3.360414  -0.000000  -0.000000 -37.892905 270.958636 276.375076   0.067847   0.161152 273.119227   0.146075
   947   0.000000 230.820630 -68.061213 -26.392244  -3.362498  -3.362498  -0.000000  -0.000000 -37.915079 270.941121 276.360734   0.067899   0.161153 273.101031   0.146080
   948   0.000000 230.721740 -68.079302 -26.386040  -3.364591  -3.364591  -0.000000  -0.000000 -37.937288 270.923612 276.346402   0.067951   0.161153 273.082841   0.146086
   949   0.000000 230.622992 -68.097300 -26.379703  -3.366693  -3.366693  -0.000000  -0.000000 -37.959532 270.906109 276.332082   0.068002   0.161153 273.064656   0.146092
   950   0.000000 230.524385 -68.115208 -26.373234  -3.368802  -3.368802  -0.000000  -0.000000 -37.981811 270.888612 276.317772   0.068054   0.161153 273.046477   0.146097
   951   0.000000 230.425918 -68.133026 -26.366634  -3.370920  -3.370920  -0.000000  -0.000000 -38.004123 270.871120 276.303473   0.068106   0.161153 273.028304   0.146103
   952   0.000000 230.327590 -68.150755 -26.359903  -3.373045  -3.373045  -0.000000  -0.000000 -38.026470 270.853634 276.289185   0.068158   0.161153 273.010136   0.146109
   953   0.000000 230.229400 -68.168395 -26.353042  -3.375179  -3.375179  -0.000000  -0.000000 -38.048852 270.836154 276.274906   0.068209   0.161153 272.991973   0.146114
   954   0.000000 230.131347 -68.185947 -26.346051  -3.377319  -3.377319  -0.000000  -0.000000 -38.071267 270.818679 276.260639   0.068261   0.161153 272.973816   0.146120
   955   0.000000 230.033431 -68.203411 -26.338932  -3.379467  -3.379467  -0.000000  -0.000000 -38.093717 270.801210 276.246381   0.068313   0.161153 272.955664   0.146126
   956   0.000000 229.935652 -68.220788 -26.331685  -3.381622  -3.381622  -0.000000  -0.000000 -38.116200 270.783746 276.232134   0.068365   0.161153 272.937518   0.146132
   957   0.000000 229.838007 -68.238077 -26.324310  -3.383784  -3.383784  -0.000000  -0.000000 -38.138718 270.766287 276.217897   0.068417   0.161153 272.919377   0.146137
   958   0.000000 229.740497 -68.255280 -26.316809  -3.385953  -3.385953  -0.000000  -0.000000 -38.161269 270.748834 276.203670   0.068470   0.161153 272.901240   0.146143
   959   0.000000 229.643120 -68.272396 -26.309181  -3.388129  -3.388129  -0.000000  -0.000000 -38.183855 270.731386 276.189453   0.068522   0.161153 272.883109   0.146149
   960   0.000000 229.545877 -68.289427 -26.301429  -3.390310  -3.390310  -0.000000  -0.000000 -38.206474 270.713943 276.175246   0.068574   0.161154 272.864983   0.146154
   961   0.000000 229.448765 -68.306372 -26.293551  -3.392499  -3.392499  -0.000000  -0.000000 -38.229127 270.696505 276.161049   0.068626   0.161154 272.846862   0.146160
   962   0.000000 229.351785 -68.323232 -26.285549  -3.394693  -3.394693  -0.000000  -0.000000 -38.251813 270.679072 276.146862   0.068679   0.161154 272.828746   0.146166
   963   0.000000 229.254935 -68.340008 -26.277424  -3.396893  -3.396893  -0.000000  -0.000000 -38.274533 270.661644 276.132685   0.068731   0.161154 272.810634   0.146171
   964   0.000000 229.158216 -68.356700 -26.269176  -3.399099  -3.399099  -0.000000  -0.000000 -38.297287 270.644221 276.118517   0.068783   0.161154 272.792528   0.146177
   965   0.000000 229.061625 -68.373308 -26.260806  -3.401310  -3.401310  -0.000000  -0.000000 -38.320075 270.626803 276.104359   0.068836   0.161154 272.774426   0.146183
   966   0.000000 228.965163 -68.389833 -26.252314  -3.403527  -3.403527  -0.000000  -0.000000 -38.342895 270.609389 276.090210   0.068888   0.161154 272.756328   0.146188
   967   0.000000 228.868828 -68.406276 -26.243701  -3.405750  -3.405750  -0.000000  -0.000000 -38.365750 270.591980 276.076071   0.068941   0.161154 272.738235   0.146194
   968   0.000000 228.772620 -68.422635 -26.234968  -3.407978  -3.407978  -0.000000  -0.000000 -38.388637 270.574576 276.061942   0.068994   0.161154 272.720147   0.146200
   969   0.000000 228.676538 -68.438913 -26.226114  -3.410210  -3.410210  -0.000000  -0.000000 -38.411558 270.557177 276.047821   0.069046   0.161154 272.702063   0.146205
   970   0.000000 228.580582 -68.455109 -26.217142  -3.412448  -3.412448  -0.000000  -0.000000 -38.434512 270.539782 276.033710   0.069099   0.161154 272.683984   0.146211
   971   0.000000 228.484750 -68.471224 -26.208051  -3.414690  -3.414690  -0.000000  -0.000000 -38.457500 270.522391 276.019608   0.069152   0.161154 272.665908   0.146217
   972   0.000000 228.389041 -68.487259 -26.198842  -3.416937  -3.416937  -0.000000  -0.000000 -38.480521 270.505005 276.005516   0.069205   0.161155 272.647838   0.146222
   973   0.000000 228.293456 -68.503213 -26.189515  -3.419189  -3.419189  -0.000000  -0.000000 -38.503575 270.487623 275.991432   0.069258   0.161155 272.629771   0.146228
   974   0.000000 228.197994 -68.519087 -26.180071  -3.421445  -3.421445  -0.000000  -0.000000 -38.526662 270.470246 275.977358   0.069311   0.161155 272.611708   0.146234
   975   0.000000 228.102652 -68.534882 -26.170511  -3.423706  -3.423706  -0.000000  -0.000000 -38.549782 270.452873 275.963292   0.069364   0.161155 272.593650   0.146239
   976   0.000000 228.007432 -68.550598 -26.160835  -3.425970  -3.425970  -0.000000  -0.000000 -38.572935 270.435504 275.949235   0.069417   0.161155 272.575595   0.146245
   977   0.000000 227.912332 -68.566235 -26.151044  -3.428239  -3.428239  -0.000000  -0.000000 -38.596122 270.418139 275.935187   0.069470   0.161155 272.557544   0.146250
   978   0.000000 227.817351 -68.581794 -26.141139  -3.430511  -3.430511  -0.000000  -0.000000 -38.619341 270.400778 275.921148   0.069523   0.161155 272.539498   0.146256
   979   0.000000 227.722489 -68.597275 -26.131119  -3.432788  -3.432788  -0.000000  -0.000000 -38.642594 270.383421 275.907118   0.069576   0.161155 272.521455   0.146262
   980   0.000000 227.627745 -68.612678 -26.120986  -3.435068  -3.435068  -0.000000  -0.000000 -38.665879 270.536529 275.894454   0.069629   0.161155 272.611505   0.146267
   981   0.000000 227.533118 -69.323918 -25.017021  -3.014577  -3.014577  -0.000000  -0.000000 -37.505476 270.554945 275.882043   0.069680   0.161155 272.616346   0.146273
   982   0.000000 227.452351 -69.472676 -24.792712  -2.962678  -2.962678  -0.000000  -0.000000 -37.289688 270.549531 275.869687   0.069730   0.161155 272.606477   0.146278
   983   0.000000 227.374783 -69.521138 -24.708713  -2.972286  -2.972286  -0.000000  -0.000000 -37.241090 270.538839 275.857344   0.069780   0.161155 272.593432   0.146283
   984   0.000000 227.298591 -69.546774 -24.659544  -2.995389  -2.995389  -0.000000  -0.000000 -37.229539 270.527104 275.845006   0.069830   0.161155 272.579869   0.146289
   985   0.000000 227.223228 -69.567405 -24.620063  -3.020950  -3.020950  -0.000000  -0.000000 -37.225314 270.515271 275.832673   0.069881   0.161156 272.566358   0.146294
   986   0.000000 227.148476 -69.587082 -24.584121  -3.046508  -3.046508  -0.000000  -0.000000 -37.221816 270.503525 275.820346   0.069932   0.161156 272.552995   0.146300
   987   0.000000 227.074214 -69.606677 -24.550058  -3.071574  -3.071574  -0.000000  -0.000000 -37.217749 270.491885 275.808027   0.069983   0.161156 272.539774   0.146305
   988   0.000000 227.000358 -69.626340 -24.517306  -3.096098  -3.096098  -0.000000  -0.000000 -37.212998 270.480334 275.795717   0.070034   0.161156 272.526671   0.146310
   989   0.000000 226.926845 -69.646065 -24.485590  -3.120121  -3.120121  -0.000000  -0.000000 -37.207682 270.468855 275.783418   0.070085   0.161156 272.513661   0.146316
   990   0.000000 226.853626 -69.665816 -24.454728  -3.143693  -3.143693  -0.000000  -0.000000 -37.201944 270.457429 275.771130   0.070137   0.161156 272.500727   0.146321
   991   0.000000 226.780661 -69.685560 -24.424586  -3.166861  -3.166861  -0.000000  -0.000000 -37.195908 270.446043 275.758853   0.070189   0.161156 272.487852   0.146327
   992   0.000000 226.707920 -69.705270 -24.395052  -3.189663  -3.189663  -0.000000  -0.000000 -37.189676 270.434685 275.746589   0.070241   0.161156 272.475023   0.146332
   993   0.000000 226.635377 -69.724924 -24.366039  -3.212131  -3.212131  -0.000000  -0.000000 -37.183328 270.423349 275.734339   0.070293   0.161156 272.462230   0.146338
   994   0.000000 226.563012 -69.744505 -24.337473  -3.234291  -3.234291  -0.000000  -0.000000 -37.176930 270.412025 275.722101   0.070345   0.161156 272.449465   0.146343
   995   0.000000 226.490808 -69.764000 -24.309294  -3.256167  -3.256167  -0.000000  -0.000000 -37.170533 270.400709 275.709878   0.070398   0.161156 272.436722   0.146349
   996   0.000000 226.418751 -69.783397 -24.281451  -3.277777  -3.277777  -0.000000  -0.000000 -37.164179 270.389397 275.697668   0.070451   0.161156 272.423994   0.146354
   997   0.000000 226.346830 -69.802690 -24.253901  -3.299137  -3.299137  -0.000000  -0.000000 -37.157901 270.378083 275.685473   0.070503   0.161156 272.411278   0.146360
   998   0.000000 226.275035 -69.821871 -24.226609  -3.320261  -3.320261  -0.000000  -0.000000 -37.151728 270.366766 275.673292   0.070557   0.161157 272.398570   0.146365
   999   0.000000 226.203358 -69.840937 -24.199543  -3.341162  -3.341162  -0.000000  -0.000000 -37.145680 270.355444 275.661126   0.070610   0.161157 272.385866   0.146371
  1000   0.000000 226.131793 -69.859882 -24.172678  -3.361850  -3.361850  -0.000000  -0.000000 -37.139775 270.344114 275.648975   0.070663   0.161157 272.373165   0.146376
  1001   0.000000 226.060334 -69.878706 -24.145992  -3.382336  -3.382336  -0.000000  -0.000000 -37.134027 270.332774 275.636838   0.070717   0.161157 272.360465   0.146382
  1002   0.000000 225.988976 -69.897405 -24.119466  -3.402626  -3.402626  -0.000000  -0.000000 -37.128448 270.321424 275.624716   0.070771   0.161157 272.347763   0.146387
  1003   0.000000 225.917716 -69.915979 -24.093083  -3.422729  -3.422729  -0.000000  -0.000000 -37.123047 270.310062 275.612610   0.070825   0.161157 272.335059   0.146393
  1004   0.000000 225.846549 -69.934427 -24.066830  -3.442651  -3.442651  -0.000000  -0.000000 -37.117831 270.298689 275.600518   0.070879   0.161157 272.322350   0.146398
  1005   0.000000 225.775473 -69.952748 -24.040693  -3.462399  -3.462399  -0.000000  -0.000000 -37.112806 270.287302 275.588441   0.070933   0.161157 272.309637   0.146404
  1006   0.000000 225.704485 -69.970942 -24.014662  -3.481978  -3.481978  -0.000000  -0.000000 -37.107975 270.275902 275.576379   0.070988   0.161157 272.296919   0.146410
  1007   0.000000 225.633582 -69.989009 -23.988727  -3.501393  -3.501393  -0.000000  -0.000000 -37.103343 270.264488 275.564332   0.071043   0.161157 272.284195   0.146415
  1008   0.000000 225.562764 -70.006949 -23.962881  -3.520649  -3.520649  -0.000000  -0.000000 -37.098913 270.253059 275.552300   0.071098   0.161157 272.271463   0.146421
  1009   0.000000 225.492027 -70.024763 -23.937117  -3.539750  -3.539750  -0.000000  -0.000000 -37.094685 270.241617 275.540283   0.071153   0.161157 272.258725   0.146426
  1010   0.000000 225.421371 -70.042452 -23.911426  -3.558701  -3.558701  -0.000000  -0.000000 -37.090661 270.230160 275.528280   0.071208   0.161158 272.245980   0.146432
  1011   0.000000 225.350795 -70.060015 -23.885805  -3.577504  -3.577504  -0.000000  -0.000000 -37.086842 270.218689 275.516292   0.071263   0.161158 272.233226   0.146438
  1012   0.000000 225.280295 -70.077455 -23.860248  -3.596163  -3.596163  -0.000000  -0.000000 -37.083227 270.207202 275.504319   0.071319   0.161158 272.220465   0.146443
  1013   0.000000 225.209873 -70.094770 -23.834751  -3.614682  -3.614682  -0.000000  -0.000000 -37.079818 270.195702 275.492361   0.071375   0.161158 272.207696   0.146449
  1014   0.000000 225.139527 -70.111963 -23.809310  -3.633063  -3.633063  -0.000000  -0.000000 -37.076614 270.184186 275.480417   0.071431   0.161158 272.194918   0.146455
  1015   0.000000 225.069255 -70.129034 -23.783921  -3.651309  -3.651309  -0.000000  -0.000000 -37.073614 270.172656 275.468487   0.071487   0.161158 272.182132   0.146460
  1016   0.000000 224.999057 -70.145985 -23.758581  -3.669424  -3.669424  -0.000000  -0.000000 -37.070818 270.161111 275.456572   0.071543   0.161158 272.169337   0.146466
  1017   0.000000 224.928933 -70.162815 -23.733287  -3.687409  -3.687409  -0.000000  -0.000000 -37.068223 270.149552 275.444671   0.071600   0.161158 272.156534   0.146472
  1018   0.000000 224.858881 -70.179525 -23.708038  -3.705266  -3.705266  -0.000000  -0.000000 -37.065831 270.137978 275.432784   0.071657   0.161158 272.143722   0.146478
  1019   0.000000 224.788901 -70.196118 -23.682830  -3.722999  -3.722999  -0.000000  -0.000000 -37.063639 270.126390 275.420911   0.071713   0.161158 272.130902   0.146483
  1020   0.000000 224.718992 -70.212593 -23.657662  -3.740609  -3.740609  -0.000000  -0.000000 -37.061646 270.114787 275.409052   0.071771   0.161158 272.118073   0.146489
  1021   0.000000 224.649154 -70.228952 -23.632533  -3.758098  -3.758098  -0.000000  -0.000000 -37.059851 270.103170 275.397207   0.071828   0.161159 272.105235   0.146495
  1022   0.000000 224.579385 -70.245195 -23.607440  -3.775468  -3.775468  -0.000000  -0.000000 -37.058253 270.091539 275.385375   0.071885   0.161159 272.092389   0.146500
  1023   0.000000 224.509686 -70.261323 -23.582382  -3.792721  -3.792721  -0.000000  -0.000000 -37.056850 270.079894 275.373557   0.071943   0.161159 272.079534   0.146506
  1024   0.000000 224.440056 -70.277337 -23.557359  -3.809859  -3.809859  -0.000000  -0.000000 -37.055641 270.068235 275.361753   0.072000   0.161159 272.066671   0.146512
  1025   0.000000 224.370494 -70.293239 -23.532368  -3.826883  -3.826883  -0.000000  -0.000000 -37.054624 270.056562 275.349962   0.072058   0.161159 272.053798   0.146518
  1026   0.000000 224.301001 -70.309028 -23.507410  -3.843795  -3.843795  -0.000000  -0.000000 -37.053798 270.044875 275.338184   0.072116   0.161159 272.040918   0.146524
  1027   0.000000 224.231574 -70.324707 -23.482483  -3.860596  -3.860596  -0.000000  -0.000000 -37.053161 270.033175 275.326420   0.072175   0.161159 272.028029   0.146529
  1028   0.000000 224.162215 -70.340274 -23.457586  -3.877288  -3.877288  -0.000000  -0.000000 -37.052713 270.021461 275.314668   0.072233   0.161159 272.015131   0.146535
  1029   0.000000 224.092921 -70.355733 -23.432719  -3.893872  -3.893872  -0.000000  -0.000000 -37.052451 270.009733 275.302929   0.072292   0.161159 272.002225   0.146541
  1030   0.000000 224.023694 -70.371082 -23.407882  -3.910350  -3.910350  -0.000000  -0.000000 -37.052374 269.997992 275.291204   0.072350   0.161159 271.989310   0.146547
  1031   0.000000 223.954532 -70.386324 -23.383073  -3.926723  -3.926723  -0.000000  -0.000000 -37.052481 269.986238 275.279490   0.072409   0.161159 271.976387   0.146553
  1032   0.000000 223.885435 -70.401458 -23.358293  -3.942992  -3.942992  -0.000000  -0.000000 -37.052770 269.974470 275.267790   0.072469   0.161160 271.963456   0.146558
  1033   0.000000 223.816403 -70.416487 -23.333541  -3.959159  -3.959159  -0.000000  -0.000000 -37.053240 269.962689 275.256102   0.072528   0.161160 271.950516   0.146564
  1034   0.000000 223.747434 -70.431409 -23.308817  -3.975223  -3.975223  -0.000000  -0.000000 -37.053889 269.950895 275.244426   0.072587   0.161160 271.937568   0.146570
  1035   0.000000 223.678529 -70.446228 -23.284120  -3.991188  -3.991188  -0.000000  -0.000000 -37.054716 269.939088 275.232762   0.072647   0.161160 271.924612   0.146576
  1036   0.000000 223.609687 -70.460942 -23.259450  -4.007053  -4.007053  -0.000000  -0.000000 -37.055720 269.927268 275.221111   0.072707   0.161160 271.911647   0.146582
  1037   0.000000 223.540907 -70.475553 -23.234808  -4.022819  -4.022819  -0.000000  -0.000000 -37.056900 269.915435 275.209471   0.072767   0.161160 271.898674   0.146588
  1038   0.000000 223.472189 -70.490061 -23.210192  -4.038489  -4.038489  -0.000000  -0.000000 -37.058253 269.903590 275.197844   0.072827   0.161160 271.885693   0.146593
  1039   0.000000 223.403533 -70.504468 -23.185603  -4.054062  -4.054062  -0.000000  -0.000000 -37.059779 269.891731 275.186228   0.072887   0.161160 271.872704   0.146599
  1040   0.000000 223.334937 -70.518775 -23.161041  -4.069539  -4.069539  -0.000000  -0.000000 -37.061477 269.879860 275.174623   0.072948   0.161160 271.859707   0.146605
  1041   0.000000 223.266402 -70.532980 -23.136506  -4.084922  -4.084922  -0.000000  -0.000000 -37.063344 269.867976 275.163031   0.073008   0.161160 271.846701   0.146611
  1042   0.000000 223.197927 -70.547087 -23.111998  -4.100212  -4.100212  -0.000000  -0.000000 -37.065381 269.856080 275.151449   0.073069   0.161161 271.833688   0.146617
  1043   0.000000 223.129512 -70.561095 -23.087516  -4.115408  -4.115408  -0.000000  -0.000000 -37.067585 269.844171 275.139879   0.073130   0.161161 271.820666   0.146623
  1044   0.000000 223.061155 -70.575005 -23.063061  -4.130513  -4.130513  -0.000000  -0.000000 -37.069956 269.832249 275.128320   0.073191   0.161161 271.807636   0.146629
  1045   0.000000 222.992856 -70.588817 -23.038633  -4.145526  -4.145526  -0.000000  -0.000000 -37.072492 269.820316 275.116772   0.073253   0.161161 271.794598   0.146635
  1046   0.000000 222.924615 -70.602533 -23.014231  -4.160449  -4.160449  -0.000000  -0.000000 -37.075192 269.808369 275.105234   0.073314   0.161161 271.781552   0.146641
  1047   0.000000 222.856431 -70.616154 -22.989856  -4.175283  -4.175283  -0.000000  -0.000000 -37.078055 269.796411 275.093708   0.073376   0.161161 271.768498   0.146647
  1048   0.000000 222.788304 -70.629679 -22.965508  -4.190027  -4.190027  -0.000000  -0.000000 -37.081080 269.784440 275.082192   0.073438   0.161161 271.755436   0.146652
  1049   0.000000 222.720232 -70.643110 -22.941187  -4.204684  -4.204684  -0.000000  -0.000000 -37.084266 269.772457 275.070687   0.073500   0.161161 271.742366   0.146658
  1050   0.000000 222.652216 -70.656447 -22.916893  -4.219253  -4.219253  -0.000000  -0.000000 -37.087612 269.760461 275.059192   0.073562   0.161161 271.729288   0.146664
  1051   0.000000 222.584255 -70.669691 -22.892627  -4.233735  -4.233735  -0.000000  -0.000000 -37.091116 269.748453 275.047707   0.073625   0.161161 271.716202   0.146670
  1052   0.000000 222.516348 -70.682842 -22.868387  -4.248131  -4.248131  -0.000000  -0.000000 -37.094778 269.736434 275.036233   0.073687   0.161162 271.703108   0.146676
  1053   0.000000 222.448495 -70.695903 -22.844175  -4.262442  -4.262442  -0.000000  -0.000000 -37.098597 269.724402 275.024769   0.073750   0.161162 271.690005   0.146682
  1054   0.000000 222.380694 -70.708872 -22.819990  -4.276668  -4.276668  -0.000000  -0.000000 -37.102571 269.712357 275.013315   0.073813   0.161162 271.676895   0.146688
  1055   0.000000 222.312946 -70.721751 -22.795832  -4.290810  -4.290810  -0.000000  -0.000000 -37.106700 269.700301 275.001870   0.073876   0.161162 271.663777   0.146694
  1056   0.000000 222.245250 -70.734540 -22.771702  -4.304869  -4.304869  -0.000000  -0.000000 -37.110982 269.688233 274.990435   0.073939   0.161162 271.650650   0.146700
  1057   0.000000 222.177605 -70.747240 -22.747600  -4.318844  -4.318844  -0.000000  -0.000000 -37.115417 269.676152 274.979010   0.074002   0.161162 271.637515   0.146706
  1058   0.000000 222.110010 -70.759852 -22.723526  -4.332738  -4.332738  -0.000000  -0.000000 -37.120004 269.664060 274.967595   0.074066   0.161162 271.624373   0.146712
  1059   0.000000 222.042466 -70.772377 -22.699480  -4.346549  -4.346549  -0.000000  -0.000000 -37.124742 269.651956 274.956188   0.074130   0.161162 271.611222   0.146718
  1060   0.000000 221.974970 -70.784815 -22.675461  -4.360280  -4.360280  -0.000000  -0.000000 -37.129630 269.639839 274.944792   0.074194   0.161162 271.598063   0.146724
  1061   0.000000 221.907523 -70.797166 -22.651471  -4.373929  -4.373929  -0.000000  -0.000000 -37.134667 269.627711 274.933404   0.074258   0.161162 271.584896   0.146730
  1062   0.000000 221.840124 -70.809432 -22.627509  -4.387499  -4.387499  -0.000000  -0.000000 -37.139853 269.615570 274.922025   0.074322   0.161163 271.571721   0.146736
  1063   0.000000 221.772772 -70.821613 -22.603575  -4.400989  -4.400989  -0.000000  -0.000000 -37.145185 269.603418 274.910655   0.074386   0.161163 271.558537   0.146742
  1064   0.000000 221.705467 -70.833710 -22.579670  -4.414401  -4.414401  -0.000000  -0.000000 -37.150665 269.591253 274.899295   0.074451   0.161163 271.545346   0.146748
  1065   0.000000 221.638208 -70.845723 -22.555794  -4.427733  -4.427733  -0.000000  -0.000000 -37.156290 269.579077 274.887942   0.074516   0.161163 271.532146   0.146754
  1066   0.000000 221.570994 -70.857654 -22.531946  -4.440988  -4.440988  -0.000000  -0.000000 -37.162059 269.566888 274.876599   0.074581   0.161163 271.518938   0.146760
  1067   0.000000 221.503824 -70.869502 -22.508126  -4.454166  -4.454166  -0.000000  -0.000000 -37.167973 269.554688 274.865264   0.074646   0.161163 271.505722   0.146766
  1068   0.000000 221.436698 -70.881268 -22.484336  -4.467266  -4.467266  -0.000000  -0.000000 -37.174031 269.542476 274.853937   0.074711   0.161163 271.492497   0.146772
  1069   0.000000 221.369616 -70.892954 -22.460575  -4.480290  -4.480290  -0.000000  -0.000000 -37.180231 269.530252 274.842619   0.074776   0.161163 271.479264   0.146779
  1070   0.000000 221.302576 -70.904560 -22.436842  -4.493238  -4.493238  -0.000000  -0.000000 -37.186572 269.518015 274.831309   0.074842   0.161163 271.466023   0.146785
  1071   0.000000 221.235578 -70.916085 -22.413139  -4.506111  -4.506111  -0.000000  -0.000000 -37.193055 269.505767 274.820007   0.074908   0.161164 271.452774   0.146791
  1072   0.000000 221.168621 -70.927532 -22.389465  -4.518908  -4.518908  -0.000000  -0.000000 -37.199678 269.493507 274.808713   0.074974   0.161164 271.439516   0.146797
  1073   0.000000 221.101705 -70.938901 -22.365820  -4.531631  -4.531631  -0.000000  -0.000000 -37.206441 269.481235 274.797427   0.075040   0.161164 271.426249   0.146803
  1074   0.000000 221.034828 -70.950192 -22.342205  -4.544280  -4.544280  -0.000000  -0.000000 -37.213342 269.468951 274.786149   0.075106   0.161164 271.412975   0.146809
  1075   0.000000 220.967991 -70.961406 -22.318619  -4.556855  -4.556855  -0.000000  -0.000000 -37.220382 269.456656 274.774878   0.075173   0.161164 271.399691   0.146815
  1076   0.000000 220.901191 -70.972544 -22.295062  -4.569357  -4.569357  -0.000000  -0.000000 -37.227559 269.444348 274.763615   0.075239   0.161164 271.386400   0.146821
  1077   0.000000 220.834430 -70.983606 -22.271535  -4.581786  -4.581786  -0.000000  -0.000000 -37.234872 269.432028 274.752360   0.075306   0.161164 271.373099   0.146827
  1078   0.000000 220.767705 -70.994593 -22.248038  -4.594142  -4.594142  -0.000000  -0.000000 -37.242322 269.419697 274.741112   0.075373   0.161164 271.359791   0.146833
  1079   0.000000 220.701017 -71.005505 -22.224571  -4.606427  -4.606427  -0.000000  -0.000000 -37.249907 269.407353 274.729871   0.075440   0.161164 271.346473   0.146839
  1080   0.000000 220.634365 -71.016344 -22.201133  -4.618640  -4.618640  -0.000000  -0.000000 -37.257626 269.394997 274.718637   0.075507   0.161165 271.333147   0.146846
  1081   0.000000 220.567747 -71.027110 -22.178039  -4.630808  -4.630808  -0.000000  -0.000000 -37.265480 269.382647 274.707411   0.075575   0.161165 271.319832   0.146852
  1082   0.000000 220.501160 -71.037874 -22.155159  -4.642895  -4.642895  -0.000000  -0.000000 -37.273351 269.370304 274.696192   0.075642   0.161165 271.306529   0.146858
  1083   0.000000 220.434600 -71.048652 -22.132452  -4.654893  -4.654893  -0.000000  -0.000000 -37.281217 269.357969 274.684980   0.075710   0.161165 271.293236   0.146864
  1084   0.000000 220.368068 -71.059443 -22.109901  -4.666803  -4.666803  -0.000000  -0.000000 -37.289081 269.345641 274.673776   0.075778   0.161165 271.279954   0.146870
  1085   0.000000 220.301561 -71.070245 -22.087496  -4.678625  -4.678625  -0.000000  -0.000000 -37.296949 269.333318 274.662579   0.075846   0.161165 271.266680   0.146876
  1086   0.000000 220.235079 -71.081054 -22.065230  -4.690363  -4.690363  -0.000000  -0.000000 -37.304828 269.321001 274.651390   0.075915   0.161165 271.253415   0.146882
  1087   0.000000 220.168622 -71.091868 -22.043096  -4.702018  -4.702018  -0.000000  -0.000000 -37.312724 269.308687 274.640208   0.075983   0.161165 271.240156   0.146889
  1088   0.000000 220.102190 -71.102683 -22.021091  -4.713592  -4.713592  -0.000000  -0.000000 -37.320643 269.296378 274.629033   0.076052   0.161165 271.226905   0.146895
  1089   0.000000 220.035782 -71.113498 -21.999208  -4.725087  -4.725087  -0.000000  -0.000000 -37.328587 269.284072 274.617866   0.076120   0.161166 271.213660   0.146901
  1090   0.000000 219.969400 -71.124310 -21.977446  -4.736503  -4.736503  -0.000000  -0.000000 -37.336561 269.271768 274.606706   0.076189   0.161166 271.200420   0.146907
  1091   0.000000 219.903042 -71.135118 -21.955800  -4.747842  -4.747842  -0.000000  -0.000000 -37.344566 269.259468 274.595554   0.076259   0.161166 271.187187   0.146913
  1092   0.000000 219.836710 -71.145920 -21.934268  -4.759106  -4.759106  -0.000000  -0.000000 -37.352605 269.247169 274.584409   0.076328   0.161166 271.173958   0.146919
  1093   0.000000 219.770403 -71.156715 -21.912847  -4.770294  -4.770294  -0.000000  -0.000000 -37.360680 269.234873 274.573272   0.076397   0.161166 271.160734   0.146926
  1094   0.000000 219.704123 -71.167502 -21.891534  -4.781408  -4.781408  -0.000000  -0.000000 -37.368792 269.222579 274.562142   0.076467   0.161166 271.147516   0.146932
  1095   0.000000 219.637869 -71.178279 -21.870329  -4.792450  -4.792450  -0.000000   0.000000 -37.376942 269.210286 274.551019   0.076537   0.161166 271.134302   0.146938
  1096   0.000000 219.571643 -71.189045 -21.849228  -4.803418  -4.803418  -0.000000   0.000000 -37.385130 269.197996 274.539904   0.076607   0.161166 271.121092   0.146944
  1097   0.000000 219.505443 -71.199800 -21.828229  -4.814315  -4.814315  -0.000000   0.000000 -37.393358 269.185707 274.528796   0.076677   0.161166 271.107887   0.146950
  1098   0.000000 219.439272 -71.210543 -21.807333  -4.825142  -4.825142  -0.000000   0.000000 -37.401626 269.173419 274.517696   0.076747   0.161167 271.094687   0.146957
  1099   0.000000 219.373129 -71.221274 -21.786536  -4.835897  -4.835897  -0.000000   0.000000 -37.409935 269.161133 274.506602   0.076817   0.161167 271.081490   0.146963
  1100   0.000000 219.307015 -71.231991 -21.765838  -4.846584  -4.846584  -0.000000   0.000000 -37.418283 269.148849 274.495516   0.076888   0.161167 271.068298   0.146969
  1101   0.000000 219.240930 -71.242694 -21.745237  -4.857201  -4.857201  -0.000000   0.000000 -37.426673 269.136566 274.484437   0.076959   0.161167 271.055111   0.146975
  1102   0.000000 219.174874 -71.253383 -21.724732  -4.867749  -4.867749  -0.000000   0.000000 -37.435102 269.124284 274.473366   0.077030   0.161167 271.041927   0.146981
  1103   0.000000 219.108849 -71.264057 -21.704323  -4.878230  -4.878230  -0.000000   0.000000 -37.443573 269.112004 274.462301   0.077101   0.161167 271.028748   0.146988
  1104   0.000000 219.042854 -71.274716 -21.684007  -4.888643  -4.888643  -0.000000   0.000000 -37.452084 269.099725 274.451244   0.077172   0.161167 271.015573   0.146994
  1105   0.000000 218.976890 -71.285359 -21.663784  -4.898989  -4.898989  -0.000000   0.000000 -37.460635 269.087447 274.440194   0.077244   0.161167 271.002402   0.147000
  1106   0.000000 218.910956 -71.295987 -21.643654  -4.909269  -4.909269  -0.000000   0.000000 -37.469226 269.075171 274.429151   0.077315   0.161167 270.989235   0.147006
  1107   0.000000 218.845055 -71.306598 -21.623615  -4.919484  -4.919484  -0.000000   0.000000 -37.477857 269.062897 274.418115   0.077387   0.161168 270.976073   0.147012
  1108   0.000000 218.779185 -71.317192 -21.603666  -4.929632  -4.929632  -0.000000   0.000000 -37.486528 269.050624 274.407086   0.077459   0.161168 270.962914   0.147019
  1109   0.000000 218.713347 -71.327770 -21.583806  -4.939716  -4.939716  -0.000000   0.000000 -37.495238 269.038352 274.396064   0.077531   0.161168 270.949760   0.147025
  1110   0.000000 218.647542 -71.338331 -21.564036  -4.949736  -4.949736  -0.000000   0.000000 -37.503987 269.026081 274.385049   0.077603   0.161168 270.936610   0.147031
  1111   0.000000 218.581769 -71.348875 -21.544353  -4.959691  -4.959691  -0.000000   0.000000 -37.512774 269.013813 274.374041   0.077675   0.161168 270.923464   0.147037
  1112   0.000000 218.516029 -71.359401 -21.524758  -4.969583  -4.969583  -0.000000   0.000000 -37.521600 269.001545 274.363040   0.077748   0.161168 270.910322   0.147044
  1113   0.000000 218.450323 -71.369910 -21.505249  -4.979412  -4.979412  -0.000000   0.000000 -37.530464 268.989280 274.352046   0.077821   0.161168 270.897185   0.147050
  1114   0.000000 218.384650 -71.380401 -21.485826  -4.989178  -4.989178  -0.000000   0.000000 -37.539366 268.977015 274.341059   0.077894   0.161168 270.884052   0.147056
  1115   0.000000 218.319011 -71.390875 -21.466488  -4.998883  -4.998883  -0.000000   0.000000 -37.548305 268.964753 274.330078   0.077967   0.161169 270.870923   0.147062
  1116   0.000000 218.253406 -71.401331 -21.447234  -5.008525  -5.008525  -0.000000   0.000000 -37.557281 268.952492 274.319105   0.078040   0.161169 270.857798   0.147069
  1117   0.000000 218.187835 -71.411769 -21.428065  -5.018106  -5.018106  -0.000000   0.000000 -37.566293 268.940232 274.308138   0.078113   0.161169 270.844678   0.147075
  1118   0.000000 218.122298 -71.422188 -21.408979  -5.027626  -5.027626  -0.000000   0.000000 -37.575341 268.927974 274.297178   0.078187   0.161169 270.831561   0.147081
  1119   0.000000 218.056796 -71.432590 -21.389975  -5.037085  -5.037085  -0.000000   0.000000 -37.584425 268.915718 274.286225   0.078260   0.161169 270.818450   0.147088
  1120   0.000000 217.991329 -71.442974 -21.371054  -5.046485  -5.046485  -0.000000   0.000000 -37.593544 268.903464 274.275278   0.078334   0.161169 270.805342   0.147094
  1121   0.000000 217.925896 -71.453339 -21.352214  -5.055824  -5.055824  -0.000000   0.000000 -37.602698 268.891211 274.264338   0.078408   0.161169 270.792239   0.147100
  1122   0.000000 217.860499 -71.463687 -21.333455  -5.065105  -5.065105  -0.000000   0.000000 -37.611887 268.878960 274.253405   0.078482   0.161169 270.779140   0.147106
  1123   0.000000 217.795137 -71.474016 -21.314776  -5.074326  -5.074326  -0.000000   0.000000 -37.621110 268.866711 274.242478   0.078557   0.161170 270.766045   0.147113
  1124   0.000000 217.729810 -71.484327 -21.296177  -5.083489  -5.083489  -0.000000   0.000000 -37.630367 268.854464 274.231558   0.078631   0.161170 270.752955   0.147119
  1125   0.000000 217.664518 -71.494619 -21.277657  -5.092594  -5.092594  -0.000000   0.000000 -37.639656 268.842219 274.220644   0.078706   0.161170 270.739870   0.147125
  1126   0.000000 217.599262 -71.504894 -21.259216  -5.101640  -5.101640  -0.000000   0.000000 -37.648979 268.829975 274.209737   0.078781   0.161170 270.726788   0.147132
  1127   0.000000 217.534042 -71.515150 -21.240853  -5.110630  -5.110630  -0.000000   0.000000 -37.658335 268.817734 274.198837   0.078856   0.161170 270.713712   0.147138
  1128   0.000000 217.468858 -71.525388 -21.222568  -5.119562  -5.119562  -0.000000   0.000000 -37.667722 268.805494 274.187943   0.078931   0.161170 270.700639   0.147144
  1129   0.000000 217.403710 -71.535608 -21.204360  -5.128438  -5.128438  -0.000000   0.000000 -37.677141 268.793256 274.177055   0.079006   0.161170 270.687571   0.147151
  1130   0.000000 217.338597 -71.545809 -21.186229  -5.137258  -5.137258  -0.000000   0.000000 -37.686592 268.781021 274.166174   0.079081   0.161170 270.674508   0.147157
  1131   0.000000 217.273521 -71.555993 -21.168174  -5.146021  -5.146021  -0.000000   0.000000 -37.696073 268.768787 274.155299   0.079157   0.161171 270.661449   0.147163
  1132   0.000000 217.208481 -71.566159 -21.150194  -5.154729  -5.154729  -0.000000   0.000000 -37.705586 268.756556 274.144431   0.079233   0.161171 270.648395   0.147169
  1133   0.000000 217.143477 -71.576306 -21.132290  -5.163382  -5.163382  -0.000000   0.000000 -37.715128 268.744326 274.133569   0.079308   0.161171 270.635345   0.147176
  1134   0.000000 217.078509 -71.586436 -21.114460  -5.171979  -5.171979  -0.000000   0.000000 -37.724700 268.732099 274.122713   0.079385   0.161171 270.622300   0.147182
  1135   0.000000 217.013577 -71.596548 -21.096705  -5.180523  -5.180523  -0.000000   0.000000 -37.734302 268.719874 274.111864   0.079461   0.161171 270.609259   0.147188
  1136   0.000000 216.948682 -71.606641 -21.079024  -5.189012  -5.189012  -0.000000   0.000000 -37.743932 268.707651 274.101021   0.079537   0.161171 270.596223   0.147195
  1137   0.000000 216.883824 -71.616718 -21.061416  -5.197447  -5.197447  -0.000000   0.000000 -37.753591 268.695430 274.090184   0.079614   0.161171 270.583191   0.147201
  1138   0.000000 216.819002 -71.626776 -21.043881  -5.205829  -5.205829  -0.000000   0.000000 -37.763279 268.683211 274.079353   0.079690   0.161171 270.570164   0.147207
  1139   0.000000 216.754216 -71.636817 -21.026418  -5.214157  -5.214157  -0.000000   0.000000 -37.772994 268.670995 274.068529   0.079767   0.161171 270.557142   0.147214
  1140   0.000000 216.689467 -71.646840 -21.009028  -5.222433  -5.222433  -0.000000   0.000000 -37.782738 268.658781 274.057711   0.079844   0.161172 270.544124   0.147220
  1141   0.000000 216.624755 -71.656846 -20.991709  -5.230656  -5.230656  -0.000000   0.000000 -37.792508 268.646569 274.046898   0.079921   0.161172 270.531111   0.147226
  1142   0.000000 216.560079 -71.666835 -20.974461  -5.238827  -5.238827  -0.000000   0.000000 -37.802305 268.634360 274.036092   0.079998   0.161172 270.518103   0.147233
  1143   0.000000 216.495440 -71.676806 -20.957284  -5.246947  -5.246947  -0.000000   0.000000 -37.812128 268.622153 274.025293   0.080076   0.161172 270.505099   0.147239
  1144   0.000000 216.430837 -71.686760 -20.940177  -5.255014  -5.255014  -0.000000   0.000000 -37.821978 268.609948 274.014499   0.080153   0.161172 270.492100   0.147245
  1145   0.000000 216.366271 -71.696697 -20.923141  -5.263031  -5.263031  -0.000000   0.000000 -37.831853 268.597746 274.003711   0.080231   0.161172 270.479106   0.147252
  1146   0.000000 216.301742 -71.706616 -20.906174  -5.270996  -5.270996  -0.000000   0.000000 -37.841754 268.585546 273.992929   0.080309   0.161172 270.466117   0.147258
  1147   0.000000 216.237250 -71.716519 -20.889276  -5.278911  -5.278911  -0.000000   0.000000 -37.851679 268.573349 273.982153   0.080387   0.161173 270.453132   0.147265
  1148   0.000000 216.172794 -71.726406 -20.872446  -5.286776  -5.286776  -0.000000   0.000000 -37.861630 268.561155 273.971384   0.080465   0.161173 270.440152   0.147271
  1149   0.000000 216.108375 -71.736275 -20.855685  -5.294591  -5.294591  -0.000000   0.000000 -37.871604 268.548962 273.960620   0.080544   0.161173 270.427177   0.147277
  1150   0.000000 216.043993 -71.746128 -20.838992  -5.302356  -5.302356  -0.000000   0.000000 -37.881603 268.536773 273.949862   0.080622   0.161173 270.414206   0.147284
  1151   0.000000 215.979647 -71.755964 -20.822367  -5.310072  -5.310072  -0.000000   0.000000 -37.891625 268.524586 273.939110   0.080701   0.161173 270.401241   0.147290
  1152   0.000000 215.915339 -71.765784 -20.805809  -5.317739  -5.317739  -0.000000   0.000000 -37.901670 268.512402 273.928364   0.080780   0.161173 270.388280   0.147296
  1153   0.000000 215.851067 -71.775587 -20.789318  -5.325357  -5.325357  -0.000000   0.000000 -37.911738 268.500220 273.917624   0.080859   0.161173 270.375324   0.147303
  1154   0.000000 215.786831 -71.785375 -20.772893  -5.332926  -5.332926  -0.000000   0.000000 -37.921829 268.488041 273.906890   0.080938   0.161173 270.362373   0.147309
  1155   0.000000 215.722633 -71.795146 -20.756534  -5.340447  -5.340447  -0.000000   0.000000 -37.931942 268.475865 273.896161   0.081017   0.161174 270.349426   0.147315
  1156   0.000000 215.658471 -71.804901 -20.740241  -5.347921  -5.347921  -0.000000   0.000000 -37.942077 268.463691 273.885439   0.081096   0.161174 270.336485   0.147322
  1157   0.000000 215.594346 -71.814641 -20.724013  -5.355347  -5.355347  -0.000000   0.000000 -37.952234 268.451520 273.874722   0.081176   0.161174 270.323548   0.147328
  1158   0.000000 215.530257 -71.824364 -20.707851  -5.362726  -5.362726  -0.000000   0.000000 -37.962411 268.439352 273.864011   0.081256   0.161174 270.310617   0.147335
  1159   0.000000 215.466206 -71.834072 -20.691753  -5.370057  -5.370057  -0.000000   0.000000 -37.972610 268.427187 273.853305   0.081335   0.161174 270.297690   0.147341
  1160   0.000000 215.402191 -71.843765 -20.675719  -5.377342  -5.377342  -0.000000   0.000000 -37.982828 268.415025 273.842606   0.081415   0.161174 270.284768   0.147347
  1161   0.000000 215.338212 -71.853442 -20.659750  -5.384581  -5.384581  -0.000000   0.000000 -37.993068 268.402865 273.831912   0.081496   0.161174 270.271852   0.147354
  1162   0.000000 215.274271 -71.863104 -20.643844  -5.391773  -5.391773  -0.000000   0.000000 -38.003326 268.390709 273.821224   0.081576   0.161174 270.258940   0.147360
  1163   0.000000 215.210366 -71.872750 -20.628002  -5.398919  -5.398919  -0.000000   0.000000 -38.013605 268.378555 273.810541   0.081656   0.161175 270.246033   0.147366
  1164   0.000000 215.146498 -71.882382 -20.612222  -5.406020  -5.406020  -0.000000   0.000000 -38.023902 268.366404 273.799864   0.081737   0.161175 270.233131   0.147373
  1165   0.000000 215.082666 -71.891998 -20.596506  -5.413076  -5.413076  -0.000000   0.000000 -38.034219 268.354257 273.789193   0.081818   0.161175 270.220235   0.147379
  1166   0.000000 215.018871 -71.901600 -20.580851  -5.420086  -5.420086  -0.000000   0.000000 -38.044554 268.342112 273.778527   0.081898   0.161175 270.207343   0.147386
  1167   0.000000 214.955113 -71.911187 -20.565259  -5.427052  -5.427052  -0.000000   0.000000 -38.054907 268.329970 273.767867   0.081979   0.161175 270.194456   0.147392
  1168   0.000000 214.891391 -71.920759 -20.549728  -5.433973  -5.433973  -0.000000   0.000000 -38.065278 268.317832 273.757213   0.082061   0.161175 270.181574   0.147398
  1169   0.000000 214.827706 -71.930317 -20.534259  -5.440849  -5.440849  -0.000000   0.000000 -38.075666 268.305696 273.746564   0.082142   0.161175 270.168698   0.147405
  1170   0.000000 214.764058 -71.939860 -20.518852  -5.447682  -5.447682  -0.000000   0.000000 -38.086072 268.293564 273.735921   0.082223   0.161175 270.155827   0.147411
  1171   0.000000 214.700446 -71.949389 -20.503505  -5.454471  -5.454471  -0.000000   0.000000 -38.096495 268.281435 273.725283   0.082305   0.161176 270.142960   0.147418
  1172   0.000000 214.636871 -71.958905 -20.488218  -5.461217  -5.461217  -0.000000   0.000000 -38.106934 268.269309 273.714650   0.082387   0.161176 270.130099   0.147424
  1173   0.000000 214.573332 -71.968406 -20.472992  -5.467919  -5.467919  -0.000000   0.000000 -38.117389 268.257186 273.704024   0.082468   0.161176 270.117243   0.147430
  1174   0.000000 214.509830 -71.977893 -20.457826  -5.474578  -5.474578  -0.000000   0.000000 -38.127861 268.245067 273.693402   0.082550   0.161176 270.104392   0.147437
  1175   0.000000 214.446364 -71.987366 -20.442719  -5.481195  -5.481195  -0.000000   0.000000 -38.138347 268.232951 273.682786   0.082633   0.161176 270.091546   0.147443
  1176   0.000000 214.382935 -71.996826 -20.427672  -5.487769  -5.487769  -0.000000   0.000000 -38.148850 268.220838 273.672176   0.082715   0.161176 270.078706   0.147450
  1177   0.000000 214.319542 -72.006272 -20.412684  -5.494300  -5.494300  -0.000000   0.000000 -38.159367 268.208728 273.661571   0.082797   0.161176 270.065871   0.147456
  1178   0.000000 214.256186 -72.015705 -20.397755  -5.500790  -5.500790  -0.000000   0.000000 -38.169898 268.196622 273.650971   0.082880   0.161177 270.053041   0.147463
  1179   0.000000 214.192867 -72.025124 -20.382884  -5.507238  -5.507238  -0.000000   0.000000 -38.180444 268.184519 273.640377   0.082962   0.161177 270.040216   0.147469
  1180   0.000000 214.129584 -72.034530 -20.368072  -5.513644  -5.513644  -0.000000   0.000000 -38.191004 268.172420 273.629788   0.083045   0.161177 270.027397   0.147475
  1181   0.000000 214.066337 -72.043923 -20.353317  -5.520010  -5.520010  -0.000000   0.000000 -38.201578 268.160324 273.619204   0.083128   0.161177 270.014582   0.147482
  1182   0.000000 214.003127 -72.053303 -20.338621  -5.526334  -5.526334  -0.000000   0.000000 -38.212165 268.148231 273.608626   0.083211   0.161177 270.001773   0.147488
  1183   0.000000 213.939954 -72.062671 -20.323982  -5.532617  -5.532617  -0.000000   0.000000 -38.222765 268.136142 273.598053   0.083295   0.161177 269.988970   0.147495
  1184   0.000000 213.876817 -72.072025 -20.309400  -5.538860  -5.538860  -0.000000   0.000000 -38.233378 268.124057 273.587486   0.083378   0.161177 269.976172   0.147501
  1185   0.000000 213.813716 -72.081367 -20.294875  -5.545062  -5.545062  -0.000000   0.000000 -38.244003 268.111975 273.576924   0.083462   0.161177 269.963379   0.147507
  1186   0.000000 213.750652 -72.090696 -20.280407  -5.551224  -5.551224  -0.000000   0.000000 -38.254641 268.099897 273.566367   0.083545   0.161178 269.950592   0.147514
  1187   0.000000 213.687624 -72.100014 -20.265996  -5.557347  -5.557347  -0.000000   0.000000 -38.265290 268.087822 273.555815   0.083629   0.161178 269.937810   0.147520
  1188   0.000000 213.624633 -72.109318 -20.251640  -5.563430  -5.563430  -0.000000   0.000000 -38.275951 268.075751 273.545268   0.083713   0.161178 269.925033   0.147527
  1189   0.000000 213.561678 -72.118611 -20.237341  -5.569473  -5.569473  -0.000000   0.000000 -38.286623 268.063684 273.534727   0.083797   0.161178 269.912262   0.147533
  1190   0.000000 213.498760 -72.127891 -20.223098  -5.575477  -5.575477  -0.000000   0.000000 -38.297306 268.051620 273.524191   0.083881   0.161178 269.899496   0.147540
  1191   0.000000 213.435878 -72.137160 -20.208910  -5.581442  -5.581442  -0.000000   0.000000 -38.307999 268.039560 273.513660   0.083965   0.161178 269.886736   0.147546
  1192   0.000000 213.373033 -72.146417 -20.194777  -5.587369  -5.587369  -0.000000   0.000000 -38.318703 268.027504 273.503135   0.084050   0.161178 269.873982   0.147552
  1193   0.000000 213.310224 -72.155662 -20.180699  -5.593256  -5.593256  -0.000000   0.000000 -38.329416 268.015452 273.492614   0.084134   0.161179 269.861233   0.147559
  1194   0.000000 213.247451 -72.164896 -20.166677  -5.599106  -5.599106  -0.000000   0.000000 -38.340139 268.003403 273.482099   0.084219   0.161179 269.848489   0.147565
  1195   0.000000 213.184715 -72.174118 -20.152708  -5.604917  -5.604917  -0.000000   0.000000 -38.350872 267.991359 273.471589   0.084304   0.161179 269.835751   0.147572
  1196   0.000000 213.122016 -72.183328 -20.138795  -5.610691  -5.610691  -0.000000   0.000000 -38.361613 267.979318 273.461084   0.084389   0.161179 269.823019   0.147578
  1197   0.000000 213.059353 -72.192528 -20.124935  -5.616427  -5.616427  -0.000000   0.000000 -38.372364 267.967281 273.450585   0.084474   0.161179 269.810292   0.147585
  1198   0.000000 212.996726 -72.201716 -20.111129  -5.622125  -5.622125  -0.000000   0.000000 -38.383123 267.955249 273.440090   0.084559   0.161179 269.797571   0.147591
  1199   0.000000 212.934136 -72.210893 -20.097377  -5.627786  -5.627786  -0.000000   0.000000 -38.393889 267.943220 273.429600   0.084645   0.161179 269.784856   0.147597
  1200   0.000000 212.871583 -72.220060 -20.083679  -5.633410  -5.633410  -0.000000   0.000000 -38.404664 267.931195 273.419116   0.084730   0.161179 269.772146   0.147604
  1201   0.000000 212.809066 -72.229215 -20.070034  -5.638997  -5.638997  -0.000000   0.000000 -38.415446 267.919174 273.408637   0.084816   0.161180 269.759442   0.147610
  1202   0.000000 212.746585 -72.238360 -20.056442  -5.644548  -5.644548  -0.000000   0.000000 -38.426236 267.907158 273.398162   0.084901   0.161180 269.746744   0.147617
  1203   0.000000 212.684141 -72.247494 -20.042902  -5.650062  -5.650062  -0.000000   0.000000 -38.437032 267.895145 273.387693   0.084987   0.161180 269.734051   0.147623
  1204   0.000000 212.621734 -72.256618 -20.029416  -5.655540  -5.655540  -0.000000   0.000000 -38.447835 267.883137 273.377229   0.085073   0.161180 269.721364   0.147630
  1205   0.000000 212.559363 -72.265731 -20.015982  -5.660981  -5.660981  -0.000000   0.000000 -38.458644 267.871133 273.366770   0.085159   0.161180 269.708684   0.147636
  1206   0.000000 212.497028 -72.274835 -20.002600  -5.666387  -5.666387  -0.000000   0.000000 -38.469460 267.859133 273.356316   0.085246   0.161180 269.696008   0.147643
  1207   0.000000 212.434731 -72.283927 -19.989270  -5.671758  -5.671758  -0.000000   0.000000 -38.480281 267.847137 273.345867   0.085332   0.161180 269.683339   0.147649
  1208   0.000000 212.372470 -72.293010 -19.975992  -5.677093  -5.677093  -0.000000   0.000000 -38.491107 267.835146 273.335423   0.085418   0.161181 269.670676   0.147655
  1209   0.000000 212.310245 -72.302083 -19.962766  -5.682393  -5.682393  -0.000000   0.000000 -38.501939 267.823159 273.324984   0.085505   0.161181 269.658018   0.147662
  1210   0.000000 212.248057 -72.311146 -19.949592  -5.687657  -5.687657  -0.000000   0.000000 -38.512775 267.811176 273.314550   0.085592   0.161181 269.645367   0.147668
  1211   0.000000 212.185906 -72.320199 -19.936468  -5.692887  -5.692887  -0.000000   0.000000 -38.523616 267.799197 273.304120   0.085678   0.161181 269.632721   0.147675
  1212   0.000000 212.123791 -72.329243 -19.923396  -5.698082  -5.698082  -0.000000   0.000000 -38.534461 267.787224 273.293696   0.085765   0.161181 269.620082   0.147681
  1213   0.000000 212.061714 -72.338277 -19.910375  -5.703243  -5.703243  -0.000000   0.000000 -38.545310 267.775254 273.283277   0.085852   0.161181 269.607448   0.147688
  1214   0.000000 211.999673 -72.347301 -19.897404  -5.708369  -5.708369  -0.000000   0.000000 -38.556163 267.763289 273.272863   0.085940   0.161181 269.594821   0.147694
  1215   0.000000 211.937668 -72.356317 -19.884484  -5.713462  -5.713462  -0.000000   0.000000 -38.567019 267.751328 273.262454   0.086027   0.161182 269.582199   0.147701
  1216   0.000000 211.875701 -72.365323 -19.871615  -5.718520  -5.718520  -0.000000   0.000000 -38.577878 267.739372 273.252050   0.086114   0.161182 269.569584   0.147707
  1217   0.000000 211.813770 -72.374319 -19.858795  -5.723545  -5.723545  -0.000000   0.000000 -38.588740 267.727421 273.241650   0.086202   0.161182 269.556974   0.147713
  1218   0.000000 211.751876 -72.383307 -19.846026  -5.728536  -5.728536  -0.000000   0.000000 -38.599604 267.715474 273.231256   0.086289   0.161182 269.544371   0.147720
  1219   0.000000 211.690019 -72.392286 -19.833306  -5.733494  -5.733494  -0.000000   0.000000 -38.610471 267.703532 273.220866   0.086377   0.161182 269.531774   0.147726
  1220   0.000000 211.628199 -72.401256 -19.820636  -5.738419  -5.738419  -0.000000   0.000000 -38.621339 267.691595 273.210482   0.086465   0.161182 269.519183   0.147733
  1221   0.000000 211.566416 -72.410217 -19.808016  -5.743310  -5.743310  -0.000000   0.000000 -38.632209 267.679662 273.200102   0.086553   0.161182 269.506598   0.147739
  1222   0.000000 211.504670 -72.419170 -19.795445  -5.748169  -5.748169  -0.000000   0.000000 -38.643081 267.667734 273.189727   0.086641   0.161182 269.494020   0.147746
  1223   0.000000 211.442961 -72.428113 -19.782923  -5.752996  -5.752996  -0.000000   0.000000 -38.653953 267.655810 273.179357   0.086729   0.161183 269.481448   0.147752
  1224   0.000000 211.381288 -72.437049 -19.770450  -5.757789  -5.757789  -0.000000   0.000000 -38.664826 267.643892 273.168992   0.086818   0.161183 269.468882   0.147759
  1225   0.000000 211.319653 -72.445976 -19.758026  -5.762551  -5.762551  -0.000000   0.000000 -38.675700 267.631978 273.158632   0.086906   0.161183 269.456322   0.147765
  1226   0.000000 211.258055 -72.454895 -19.745651  -5.767281  -5.767281  -0.000000   0.000000 -38.686573 267.620070 273.148276   0.086995   0.161183 269.443769   0.147772
  1227   0.000000 211.196494 -72.463805 -19.733324  -5.771978  -5.771978  -0.000000   0.000000 -38.697447 267.608166 273.137926   0.087083   0.161183 269.431222   0.147778
  1228   0.000000 211.134971 -72.472708 -19.721046  -5.776644  -5.776644  -0.000000   0.000000 -38.708320 267.596267 273.127580   0.087172   0.161183 269.418682   0.147784
  1229   0.000000 211.073484 -72.481602 -19.708815  -5.781278  -5.781278  -0.000000   0.000000 -38.719192 267.584373 273.117239   0.087261   0.161183 269.406148   0.147791
  1230   0.000000 211.012035 -72.490488 -19.696633  -5.785881  -5.785881  -0.000000   0.000000 -38.730064 267.572484 273.106903   0.087350   0.161184 269.393620   0.147797
  1231   0.000000 210.950623 -72.499367 -19.684499  -5.790453  -5.790453  -0.000000   0.000000 -38.740934 267.560600 273.096572   0.087439   0.161184 269.381099   0.147804
  1232   0.000000 210.889249 -72.508238 -19.672412  -5.794994  -5.794994  -0.000000   0.000000 -38.751802 267.548722 273.086246   0.087528   0.161184 269.368584   0.147810
  1233   0.000000 210.827912 -72.517101 -19.660373  -5.799503  -5.799503  -0.000000   0.000000 -38.762669 267.536848 273.075924   0.087617   0.161184 269.356076   0.147817
  1234   0.000000 210.766612 -72.525957 -19.648382  -5.803982  -5.803982  -0.000000   0.000000 -38.773534 267.524980 273.065608   0.087706   0.161184 269.343575   0.147823
  1235   0.000000 210.705350 -72.534805 -19.636437  -5.808431  -5.808431  -0.000000   0.000000 -38.784396 267.513116 273.055296   0.087796   0.161184 269.331080   0.147830
  1236   0.000000 210.644125 -72.543646 -19.624540  -5.812849  -5.812849  -0.000000   0.000000 -38.795255 267.501258 273.044989   0.087885   0.161184 269.318592   0.147836
  1237   0.000000 210.582938 -72.552479 -19.612690  -5.817237  -5.817237  -0.000000   0.000000 -38.806112 267.489406 273.034686   0.087975   0.161185 269.306110   0.147843
  1238   0.000000 210.521789 -72.561305 -19.600887  -5.821595  -5.821595  -0.000000   0.000000 -38.816965 267.477558 273.024389   0.088065   0.161185 269.293635   0.147849
  1239   0.000000 210.460677 -72.570124 -19.589130  -5.825923  -5.825923  -0.000000   0.000000 -38.827815 267.465716 273.014096   0.088155   0.161185 269.281167   0.147855
  1240   0.000000 210.399603 -72.578936 -19.577420  -5.830221  -5.830221  -0.000000   0.000000 -38.838661 267.453879 273.003808   0.088245   0.161185 269.268705   0.147862
  1241   0.000000 210.338567 -72.587741 -19.565757  -5.834489  -5.834489  -0.000000   0.000000 -38.849502 267.442048 272.993525   0.088335   0.161185 269.256251   0.147868
  1242   0.000000 210.277568 -72.596539 -19.554139  -5.838729  -5.838729  -0.000000   0.000000 -38.860340 267.430222 272.983247   0.088425   0.161185 269.243803   0.147875
  1243   0.000000 210.216608 -72.605330 -19.542568  -5.842939  -5.842939  -0.000000   0.000000 -38.871173 267.418401 272.972973   0.088515   0.161185 269.231361   0.147881
  1244   0.000000 210.155685 -72.614114 -19.531043  -5.847119  -5.847119  -0.000000   0.000000 -38.882000 267.406586 272.962704   0.088605   0.161186 269.218927   0.147888
  1245   0.000000 210.094801 -72.622892 -19.519564  -5.851271  -5.851271  -0.000000   0.000000 -38.892823 267.394777 272.952440   0.088696   0.161186 269.206500   0.147894
  1246   0.000000 210.033955 -72.631663 -19.508130  -5.855395  -5.855395  -0.000000   0.000000 -38.903640 267.382973 272.942181   0.088786   0.161186 269.194080   0.147901
  1247   0.000000 209.973146 -72.640428 -19.496742  -5.859489  -5.859489  -0.000000   0.000000 -38.914452 267.371175 272.931926   0.088877   0.161186 269.181666   0.147907
  1248   0.000000 209.912376 -72.649186 -19.485400  -5.863555  -5.863555  -0.000000   0.000000 -38.925257 267.359382 272.921676   0.088967   0.161186 269.169260   0.147914
  1249   0.000000 209.851645 -72.657938 -19.474103  -5.867593  -5.867593  -0.000000   0.000000 -38.936056 267.347596 272.911431   0.089058   0.161186 269.156860   0.147920
  1250   0.000000 209.790951 -72.666683 -19.462851  -5.871603  -5.871603  -0.000000   0.000000 -38.946848 267.335814 272.901191   0.089149   0.161186 269.144468   0.147926
  1251   0.000000 209.730296 -72.675422 -19.451644  -5.875584  -5.875584  -0.000000   0.000000 -38.957634 267.324039 272.890955   0.089240   0.161187 269.132082   0.147933
  1252   0.000000 209.669680 -72.684155 -19.440482  -5.879538  -5.879538  -0.000000   0.000000 -38.968413 267.312269 272.880724   0.089331   0.161187 269.119704   0.147939
  1253   0.000000 209.609102 -72.692882 -19.429365  -5.883464  -5.883464  -0.000000   0.000000 -38.979184 267.300506 272.870498   0.089422   0.161187 269.107333   0.147946
  1254   0.000000 209.548562 -72.701604 -19.418293  -5.887362  -5.887362  -0.000000   0.000000 -38.989947 267.288748 272.860277   0.089513   0.161187 269.094969   0.147952
  1255   0.000000 209.488062 -72.710319 -19.407265  -5.891233  -5.891233  -0.000000   0.000000 -39.000703 267.276996 272.850060   0.089604   0.161187 269.082612   0.147959
  1256   0.000000 209.427600 -72.719028 -19.396281  -5.895077  -5.895077  -0.000000   0.000000 -39.011450 267.265250 272.839848   0.089696   0.161187 269.070263   0.147965
  1257   0.000000 209.367176 -72.727731 -19.385342  -5.898894  -5.898894  -0.000000   0.000000 -39.022189 267.253510 272.829641   0.089787   0.161187 269.057921   0.147972
  1258   0.000000 209.306792 -72.736429 -19.374448  -5.902684  -5.902684  -0.000000   0.000000 -39.032919 267.241776 272.819439   0.089878   0.161188 269.045586   0.147978
  1259   0.000000 209.246447 -72.745121 -19.363597  -5.906447  -5.906447  -0.000000   0.000000 -39.043640 267.230048 272.809241   0.089970   0.161188 269.033258   0.147985
  1260   0.000000 209.186140 -72.753807 -19.352790  -5.910183  -5.910183  -0.000000   0.000000 -39.054352 267.218326 272.799048   0.090062   0.161188 269.020938   0.147991
  1261   0.000000 209.125873 -72.762488 -19.341535  -5.913829  -5.913829  -0.000000   0.000000 -39.065054 267.206578 272.788859   0.090153   0.161188 269.008590   0.147998
  1262   0.000000 209.065651 -72.771034 -19.330064  -5.917440  -5.917440  -0.000000   0.000000 -39.075967 267.194798 272.778675   0.090245   0.161188 268.996211   0.148004
  1263   0.000000 209.005475 -72.779413 -19.318454  -5.921030  -5.921030  -0.000000   0.000000 -39.087139 267.182984 272.768494   0.090337   0.161188 268.983801   0.148010
  1264   0.000000 208.945348 -72.787624 -19.306735  -5.924602  -5.924602  -0.000000   0.000000 -39.098571 267.171139 272.758318   0.090429   0.161188 268.971363   0.148017
  1265   0.000000 208.885269 -72.795673 -19.294923  -5.928157  -5.928157  -0.000000   0.000000 -39.110249 267.159264 272.748144   0.090521   0.161188 268.958899   0.148023
  1266   0.000000 208.825237 -72.803568 -19.283024  -5.931693  -5.931693  -0.000000   0.000000 -39.122159 267.147361 272.737974   0.090613   0.161189 268.946409   0.148030
  1267   0.000000 208.765252 -72.811316 -19.271046  -5.935209  -5.935209  -0.000000   0.000000 -39.134287 267.135432 272.727806   0.090705   0.161189 268.933896   0.148036
  1268   0.000000 208.705313 -72.818924 -19.258995  -5.938703  -5.938703  -0.000000   0.000000 -39.146621 267.123476 272.717641   0.090797   0.161189 268.921359   0.148043
  1269   0.000000 208.645419 -72.826398 -19.246873  -5.942176  -5.942176  -0.000000   0.000000 -39.159153 267.111497 272.707479   0.090890   0.161189 268.908802   0.148049
  1270   0.000000 208.585567 -72.833742 -19.234685  -5.945627  -5.945627  -0.000000   0.000000 -39.171873 267.099494 272.697319   0.090982   0.161189 268.896223   0.148056
  1271   0.000000 208.525758 -72.840963 -19.222435  -5.949054  -5.949054  -0.000000   0.000000 -39.184774 267.087468 272.687161   0.091074   0.161189 268.883624   0.148062
  1272   0.000000 208.465989 -72.848063 -19.210125  -5.952458  -5.952458  -0.000000   0.000000 -39.197850 267.075420 272.677005   0.091167   0.161189 268.871006   0.148069
  1273   0.000000 208.406258 -72.855048 -19.197758  -5.955837  -5.955837  -0.000000   0.000000 -39.211095 267.063351 272.666851   0.091259   0.161190 268.858368   0.148075
  1274   0.000000 208.346564 -72.861920 -19.185336  -5.959192  -5.959192  -0.000000   0.000000 -39.224505 267.051260 272.656699   0.091352   0.161190 268.845711   0.148081
  1275   0.000000 208.286906 -72.868683 -19.172861  -5.962522  -5.962522  -0.000000   0.000000 -39.238076 267.039148 272.646549   0.091445   0.161190 268.833036   0.148088
  1276   0.000000 208.227281 -72.875339 -19.160336  -5.965827  -5.965827  -0.000000   0.000000 -39.251804 267.027016 272.636399   0.091537   0.161190 268.820342   0.148094
  1277   0.000000 208.167689 -72.881893 -19.147761  -5.969106  -5.969106  -0.000000   0.000000 -39.265687 267.014863 272.626252   0.091630   0.161190 268.807630   0.148101
  1278   0.000000 208.108126 -72.888345 -19.135138  -5.972360  -5.972360  -0.000000   0.000000 -39.279720 267.002690 272.616105   0.091723   0.161190 268.794901   0.148107
  1279   0.000000 208.048592 -72.894699 -19.122469  -5.975588  -5.975588  -0.000000   0.000000 -39.293903 266.990498 272.605959   0.091816   0.161190 268.782153   0.148114
  1280   0.000000 207.989086 -72.900957 -19.109755  -5.978789  -5.978789  -0.000000   0.000000 -39.308232 266.978286 272.595815   0.091909   0.161191 268.769388   0.148120
  1281   0.000000 207.929604 -72.907121 -19.096997  -5.981965  -5.981965  -0.000000   0.000000 -39.322705 266.966054 272.585671   0.092002   0.161191 268.756605   0.148127
  1282   0.000000 207.870147 -72.913194 -19.084196  -5.985114  -5.985114  -0.000000   0.000000 -39.337322 266.953803 272.575528   0.092095   0.161191 268.743805   0.148133
  1283   0.000000 207.810712 -72.919176 -19.071353  -5.988237  -5.988237  -0.000000   0.000000 -39.352080 266.941532 272.565386   0.092188   0.161191 268.730987   0.148139
  1284   0.000000 207.751298 -72.925070 -19.058469  -5.991333  -5.991333  -0.000000   0.000000 -39.366978 266.929242 272.555244   0.092281   0.161191 268.718152   0.148146
  1285   0.000000 207.691903 -72.930877 -19.045544  -5.994402  -5.994402  -0.000000   0.000000 -39.382014 266.916934 272.545103   0.092374   0.161191 268.705299   0.148152
  1286   0.000000 207.632527 -72.936600 -19.032580  -5.997444  -5.997444  -0.000000   0.000000 -39.397187 266.904606 272.534962   0.092467   0.161192 268.692430   0.148159
  1287   0.000000 207.573166 -72.942240 -19.019577  -6.000460  -6.000460  -0.000000   0.000000 -39.412496 266.892259 272.524822   0.092561   0.161192 268.679542   0.148165
  1288   0.000000 207.513821 -72.947798 -19.006536  -6.003449  -6.003449  -0.000000   0.000000 -39.427940 266.879893 272.514681   0.092654   0.161192 268.666638   0.148172
  1289   0.000000 207.454490 -72.953276 -18.993458  -6.006410  -6.006410  -0.000000   0.000000 -39.443518 266.867508 272.504541   0.092747   0.161192 268.653716   0.148178
  1290   0.000000 207.395171 -72.958675 -18.980342  -6.009344  -6.009344  -0.000000   0.000000 -39.459229 266.855104 272.494400   0.092841   0.161192 268.640777   0.148185
  1291   0.000000 207.335864 -72.963996 -18.967191  -6.012252  -6.012252  -0.000000   0.000000 -39.475071 266.842682 272.484260   0.092934   0.161192 268.627820   0.148191
  1292   0.000000 207.276566 -72.969241 -18.954003  -6.015131  -6.015131  -0.000000   0.000000 -39.491045 266.830240 272.474119   0.093028   0.161192 268.614847   0.148197
  1293   0.000000 207.217277 -72.974412 -18.940780  -6.017984  -6.017984  -0.000000   0.000000 -39.507150 266.817780 272.463978   0.093121   0.161193 268.601855   0.148204
  1294   0.000000 207.157996 -72.979508 -18.927523  -6.020809  -6.020809  -0.000000   0.000000 -39.523384 266.805301 272.453837   0.093215   0.161193 268.588847   0.148210
  1295   0.000000 207.098721 -72.984532 -18.914231  -6.023606  -6.023606  -0.000000   0.000000 -39.539746 266.792804 272.443695   0.093308   0.161193 268.575821   0.148217
  1296   0.000000 207.039451 -72.989485 -18.900906  -6.026376  -6.026376  -0.000000   0.000000 -39.556237 266.780287 272.433552   0.093402   0.161193 268.562778   0.148223
  1297   0.000000 206.980185 -72.994368 -18.887547  -6.029119  -6.029119  -0.000000   0.000000 -39.572855 266.767752 272.423409   0.093496   0.161193 268.549717   0.148230
  1298   0.000000 206.920922 -72.999181 -18.874155  -6.031834  -6.031834  -0.000000   0.000000 -39.589600 266.755198 272.413266   0.093589   0.161193 268.536639   0.148236
  1299   0.000000 206.861662 -73.003926 -18.860731  -6.034521  -6.034521  -0.000000   0.000000 -39.606471 266.742626 272.403121   0.093683   0.161193 268.523543   0.148243
  1300   0.000000 206.802402 -73.008604 -18.847275  -6.037180  -6.037180  -0.000000   0.000000 -39.623467 266.730035 272.392976   0.093777   0.161194 268.510430   0.148249
  1301   0.000000 206.743142 -73.013216 -18.833787  -6.039812  -6.039812  -0.000000   0.000000 -39.640589 266.717425 272.382830   0.093871   0.161194 268.497300   0.148255
  1302   0.000000 206.683882 -73.017762 -18.820267  -6.042415  -6.042415  -0.000000   0.000000 -39.657834 266.704796 272.372682   0.093964   0.161194 268.484152   0.148262
  1303   0.000000 206.624619 -73.022245 -18.806717  -6.044991  -6.044991  -0.000000   0.000000 -39.675203 266.692149 272.362534   0.094058   0.161194 268.470987   0.148268
  1304   0.000000 206.565353 -73.026664 -18.793136  -6.047539  -6.047539  -0.000000   0.000000 -39.692694 266.679483 272.352384   0.094152   0.161194 268.457804   0.148275
  1305   0.000000 206.506084 -73.031020 -18.779525  -6.050059  -6.050059  -0.000000   0.000000 -39.710308 266.666799 272.342234   0.094246   0.161194 268.444603   0.148281
  1306   0.000000 206.446810 -73.035315 -18.765885  -6.052551  -6.052551  -0.000000   0.000000 -39.728044 266.654096 272.332082   0.094340   0.161194 268.431385   0.148288
  1307   0.000000 206.387531 -73.039549 -18.752214  -6.055015  -6.055015  -0.000000   0.000000 -39.745901 266.641374 272.321928   0.094434   0.161195 268.418150   0.148294
  1308   0.000000 206.328245 -73.043724 -18.738515  -6.057451  -6.057451  -0.000000   0.000000 -39.763879 266.628634 272.311773   0.094528   0.161195 268.404896   0.148300
  1309   0.000000 206.268952 -73.047839 -18.724787  -6.059858  -6.059858  -0.000000   0.000000 -39.781976 266.615875 272.301617   0.094622   0.161195 268.391626   0.148307
  1310   0.000000 206.209651 -73.051896 -18.711030  -6.062238  -6.062238  -0.000000   0.000000 -39.800193 266.603098 272.291459   0.094716   0.161195 268.378337   0.148313
  1311   0.000000 206.150341 -73.055895 -18.697245  -6.064589  -6.064589  -0.000000   0.000000 -39.818529 266.590302 272.281299   0.094810   0.161195 268.365032   0.148320
  1312   0.000000 206.091022 -73.059838 -18.683432  -6.066912  -6.066912  -0.000000   0.000000 -39.836983 266.577487 272.271138   0.094904   0.161195 268.351708   0.148326
  1313   0.000000 206.031693 -73.063725 -18.669592  -6.069206  -6.069206  -0.000000   0.000000 -39.855554 266.564655 272.260975   0.094998   0.161195 268.338367   0.148333
  1314   0.000000 205.972353 -73.067556 -18.655725  -6.071473  -6.071473  -0.000000   0.000000 -39.874243 266.551803 272.250810   0.095092   0.161196 268.325008   0.148339
  1315   0.000000 205.913001 -73.071333 -18.641831  -6.073711  -6.073711  -0.000000   0.000000 -39.893048 266.538933 272.240643   0.095186   0.161196 268.311632   0.148345
  1316   0.000000 205.853637 -73.075056 -18.627910  -6.075920  -6.075920  -0.000000   0.000000 -39.911969 266.526045 272.230474   0.095280   0.161196 268.298238   0.148352
  1317   0.000000 205.794260 -73.078726 -18.613964  -6.078101  -6.078101  -0.000000   0.000000 -39.931006 266.513138 272.220303   0.095374   0.161196 268.284827   0.148358
  1318   0.000000 205.734870 -73.082344 -18.599991  -6.080253  -6.080253  -0.000000   0.000000 -39.950157 266.500213 272.210130   0.095468   0.161196 268.271398   0.148365
  1319   0.000000 205.675465 -73.085910 -18.585992  -6.082377  -6.082377  -0.000000   0.000000 -39.969423 266.487269 272.199955   0.095562   0.161196 268.257951   0.148371
  1320   0.000000 205.616045 -73.089425 -18.571969  -6.084473  -6.084473  -0.000000   0.000000 -39.988803 266.474307 272.189778   0.095656   0.161196 268.244486   0.148378
  1321   0.000000 205.556610 -73.092890 -18.557920  -6.086539  -6.086539  -0.000000   0.000000 -40.008295 266.461327 272.179598   0.095750   0.161197 268.231005   0.148384
  1322   0.000000 205.497159 -73.096305 -18.543847  -6.088577  -6.088577  -0.000000   0.000000 -40.027900 266.448328 272.169416   0.095845   0.161197 268.217505   0.148390
  1323   0.000000 205.437692 -73.099671 -18.529749  -6.090587  -6.090587  -0.000000   0.000000 -40.047617 266.435311 272.159231   0.095939   0.161197 268.203988   0.148397
  1324   0.000000 205.378207 -73.102988 -18.515628  -6.092567  -6.092567  -0.000000   0.000000 -40.067445 266.422275 272.149045   0.096033   0.161197 268.190453   0.148403
  1325   0.000000 205.318705 -73.106257 -18.501482  -6.094519  -6.094519  -0.000000   0.000000 -40.087384 266.409222 272.138855   0.096127   0.161197 268.176901   0.148410
  1326   0.000000 205.259184 -73.109480 -18.487313  -6.096442  -6.096442  -0.000000   0.000000 -40.107433 266.396150 272.128663   0.096221   0.161197 268.163331   0.148416
  1327   0.000000 205.199645 -73.112655 -18.473121  -6.098337  -6.098337  -0.000000   0.000000 -40.127592 266.383060 272.118468   0.096315   0.161197 268.149744   0.148422
  1328   0.000000 205.140086 -73.115785 -18.458906  -6.100202  -6.100202  -0.000000   0.000000 -40.147859 266.369952 272.108271   0.096409   0.161198 268.136139   0.148429
  1329   0.000000 205.080508 -73.118869 -18.444669  -6.102039  -6.102039  -0.000000   0.000000 -40.168235 266.356825 272.098071   0.096503   0.161198 268.122517   0.148435
  1330   0.000000 205.020910 -73.121909 -18.430409  -6.103846  -6.103846  -0.000000   0.000000 -40.188719 266.343681 272.087868   0.096597   0.161198 268.108877   0.148442
  1331   0.000000 204.961291 -73.124904 -18.416127  -6.105625  -6.105625  -0.000000   0.000000 -40.209310 266.330519 272.077662   0.096691   0.161198 268.095220   0.148448
  1332   0.000000 204.901651 -73.127855 -18.401824  -6.107375  -6.107375  -0.000000   0.000000 -40.230008 266.317338 272.067454   0.096785   0.161198 268.081545   0.148454
  1333   0.000000 204.841989 -73.130763 -18.387499  -6.109095  -6.109095  -0.000000   0.000000 -40.250811 266.304139 272.057242   0.096879   0.161198 268.067853   0.148461
  1334   0.000000 204.782306 -73.133629 -18.373153  -6.110787  -6.110787  -0.000000   0.000000 -40.271720 266.290923 272.047028   0.096973   0.161198 268.054143   0.148467
  1335   0.000000 204.722600 -73.136453 -18.358786  -6.112449  -6.112449  -0.000000   0.000000 -40.292733 266.277688 272.036810   0.097067   0.161199 268.040416   0.148474
  1336   0.000000 204.662871 -73.139235 -18.344399  -6.114083  -6.114083  -0.000000   0.000000 -40.313851 266.264436 272.026589   0.097161   0.161199 268.026672   0.148480
  1337   0.000000 204.603120 -73.141977 -18.329992  -6.115687  -6.115687  -0.000000   0.000000 -40.335072 266.251166 272.016365   0.097255   0.161199 268.012910   0.148486
  1338   0.000000 204.543344 -73.144678 -18.315564  -6.117262  -6.117262  -0.000000   0.000000 -40.356396 266.237878 272.006138   0.097349   0.161199 267.999131   0.148493
  1339   0.000000 204.483545 -73.147339 -18.301117  -6.118808  -6.118808  -0.000000   0.000000 -40.377822 266.224572 271.995908   0.097443   0.161199 267.985335   0.148499
  1340   0.000000 204.423721 -73.149961 -18.286651  -6.120325  -6.120325  -0.000000   0.000000 -40.399350 266.211249 271.985674   0.097537   0.161199 267.971522   0.148506
  1341   0.000000 204.363873 -73.152544 -18.272165  -6.121813  -6.121813  -0.000000   0.000000 -40.420979 266.197908 271.975437   0.097631   0.161200 267.957691   0.148512
  1342   0.000000 204.304000 -73.155088 -18.257661  -6.123271  -6.123271  -0.000000   0.000000 -40.442708 266.184549 271.965197   0.097725   0.161200 267.943843   0.148518
  1343   0.000000 204.244102 -73.157595 -18.243139  -6.124700  -6.124700  -0.000000   0.000000 -40.464536 266.171173 271.954953   0.097819   0.161200 267.929979   0.148525
  1344   0.000000 204.184178 -73.160065 -18.228598  -6.126100  -6.126100  -0.000000   0.000000 -40.486464 266.157779 271.944706   0.097912   0.161200 267.916097   0.148531
  1345   0.000000 204.124227 -73.162498 -18.214039  -6.127471  -6.127471  -0.000000   0.000000 -40.508490 266.144367 271.934455   0.098006   0.161200 267.902198   0.148538
  1346   0.000000 204.064251 -73.164895 -18.199463  -6.128812  -6.128812  -0.000000   0.000000 -40.530614 266.130939 271.924201   0.098100   0.161200 267.888282   0.148544
  1347   0.000000 204.004248 -73.167256 -18.184870  -6.130124  -6.130124  -0.000000   0.000000 -40.552834 266.117493 271.913943   0.098194   0.161200 267.874349   0.148550
  1348   0.000000 203.944218 -73.169582 -18.170259  -6.131406  -6.131406  -0.000000   0.000000 -40.575152 266.104029 271.903681   0.098287   0.161201 267.860399   0.148557
  1349   0.000000 203.884162 -73.171873 -18.155632  -6.132660  -6.132660  -0.000000   0.000000 -40.597564 266.090548 271.893416   0.098381   0.161201 267.846432   0.148563
  1350   0.000000 203.824077 -73.174130 -18.140989  -6.133883  -6.133883  -0.000000   0.000000 -40.620072 266.077051 271.883147   0.098474   0.161201 267.832448   0.148569
  1351   0.000000 203.763965 -73.176353 -18.126330  -6.135078  -6.135078  -0.000000   0.000000 -40.642674 266.063535 271.872874   0.098568   0.161201 267.818448   0.148576
  1352   0.000000 203.703825 -73.178543 -18.111654  -6.136243  -6.136243  -0.000000   0.000000 -40.665370 266.050003 271.862597   0.098661   0.161201 267.804431   0.148582
  1353   0.000000 203.643657 -73.180700 -18.096964  -6.137378  -6.137378  -0.000000   0.000000 -40.688159 266.036454 271.852317   0.098755   0.161201 267.790397   0.148589
  1354   0.000000 203.583461 -73.182825 -18.082258  -6.138484  -6.138484  -0.000000   0.000000 -40.711040 266.022888 271.842033   0.098848   0.161201 267.776347   0.148595
  1355   0.000000 203.523236 -73.184918 -18.067537  -6.139561  -6.139561  -0.000000   0.000000 -40.734013 266.009305 271.831744   0.098942   0.161202 267.762280   0.148601
  1356   0.000000 203.462982 -73.186979 -18.052802  -6.140608  -6.140608  -0.000000   0.000000 -40.757077 265.995705 271.821452   0.099035   0.161202 267.748196   0.148608
  1357   0.000000 203.402698 -73.189010 -18.038052  -6.141626  -6.141626  -0.000000   0.000000 -40.780231 265.982088 271.811156   0.099128   0.161202 267.734096   0.148614
  1358   0.000000 203.342386 -73.191011 -18.023289  -6.142614  -6.142614  -0.000000   0.000000 -40.803474 265.968455 271.800856   0.099222   0.161202 267.719980   0.148620
  1359   0.000000 203.282044 -73.192981 -18.008511  -6.143573  -6.143573  -0.000000   0.000000 -40.826806 265.954805 271.790551   0.099315   0.161202 267.705847   0.148627
  1360   0.000000 203.221672 -73.194922 -17.993721  -6.144502  -6.144502  -0.000000   0.000000 -40.850227 265.941138 271.780243   0.099408   0.161202 267.691698   0.148633
  1361   0.000000 203.161271 -73.196834 -17.978918  -6.145402  -6.145402  -0.000000   0.000000 -40.873734 265.927455 271.769931   0.099501   0.161202 267.677533   0.148640
  1362   0.000000 203.100839 -73.198718 -17.964101  -6.146272  -6.146272  -0.000000   0.000000 -40.897328 265.913755 271.759614   0.099594   0.161203 267.663351   0.148646
  1363   0.000000 203.040377 -73.200573 -17.949273  -6.147113  -6.147113  -0.000000   0.000000 -40.921009 265.900040 271.749293   0.099687   0.161203 267.649154   0.148652
  1364   0.000000 202.979885 -73.202401 -17.934432  -6.147925  -6.147925  -0.000000   0.000000 -40.944774 265.886307 271.738968   0.099780   0.161203 267.634940   0.148659
  1365   0.000000 202.919362 -73.204202 -17.919579  -6.148707  -6.148707  -0.000000   0.000000 -40.968624 265.872559 271.728638   0.099873   0.161203 267.620710   0.148665
  1366   0.000000 202.858809 -73.205976 -17.904715  -6.149459  -6.149459  -0.000000   0.000000 -40.992557 265.858794 271.718305   0.099966   0.161203 267.606465   0.148671
  1367   0.000000 202.798224 -73.207724 -17.889840  -6.150182  -6.150182  -0.000000   0.000000 -41.016574 265.845014 271.707967   0.100059   0.161203 267.592203   0.148678
  1368   0.000000 202.737609 -73.209446 -17.874954  -6.150876  -6.150876  -0.000000   0.000000 -41.040672 265.831217 271.697624   0.100151   0.161203 267.577926   0.148684
  1369   0.000000 202.676962 -73.211143 -17.860058  -6.151540  -6.151540  -0.000000   0.000000 -41.064853 265.817404 271.687278   0.100244   0.161204 267.563633   0.148690
  1370   0.000000 202.616284 -73.212815 -17.845151  -6.152175  -6.152175  -0.000000   0.000000 -41.089113 265.803576 271.676927   0.100337   0.161204 267.549325   0.148697
  1371   0.000000 202.555574 -73.214462 -17.830235  -6.152780  -6.152780  -0.000000   0.000000 -41.113454 265.789732 271.666571   0.100429   0.161204 267.535001   0.148703
  1372   0.000000 202.494833 -73.216086 -17.815309  -6.153356  -6.153356  -0.000000   0.000000 -41.137874 265.775872 271.656211   0.100521   0.161204 267.520661   0.148709
  1373   0.000000 202.434061 -73.217686 -17.800373  -6.153903  -6.153903  -0.000000   0.000000 -41.162372 265.761997 271.645847   0.100614   0.161204 267.506307   0.148716
  1374   0.000000 202.373257 -73.219263 -17.785429  -6.154420  -6.154420  -0.000000   0.000000 -41.186948 265.748106 271.635478   0.100706   0.161204 267.491936   0.148722
  1375   0.000000 202.312420 -73.220818 -17.770476  -6.154908  -6.154908  -0.000000   0.000000 -41.211601 265.734200 271.625104   0.100798   0.161205 267.477551   0.148728
  1376   0.000000 202.251552 -73.222350 -17.755515  -6.155366  -6.155366  -0.000000   0.000000 -41.236330 265.720278 271.614726   0.100891   0.161205 267.463150   0.148735
  1377   0.015884 202.190652 -73.211948 -17.740546  -6.155795  -6.155795  -0.000000   0.000000 -41.261134 265.706817 271.604347   0.100983   0.161205 267.449054   0.148741
  1378   0.017091 202.129720 -73.214372 -17.723023  -6.155632  -6.155632  -0.000000   0.000000 -41.282713 265.693058 271.593965   0.101075   0.161205 267.434751   0.148747
  1379   0.020704 202.068784 -73.213852 -17.706993  -6.155770  -6.155770  -0.000000   0.000000 -41.306350 265.679263 271.583580   0.101167   0.161205 267.420421   0.148754
  1380   0.027633 202.007830 -73.210729 -17.691077  -6.155905  -6.155905  -0.000000   0.000000 -41.330218 265.665546 271.573192   0.101259   0.161205 267.406139   0.148760
  1381   0.039519 201.946854 -73.204219 -17.674667  -6.155901  -6.155901  -0.000000   0.000000 -41.353520 265.651995 271.562802   0.101350   0.161205 267.391965   0.148766
  1382   0.058897 201.885863 -73.192753 -17.657298  -6.155658  -6.155658  -0.000000   0.000000 -41.375652 265.638714 271.552413   0.101442   0.161206 267.377968   0.148773
  1383   0.089344 201.824867 -73.174047 -17.638412  -6.155052  -6.155052  -0.000000   0.000000 -41.395891 265.625848 271.542028   0.101534   0.161206 267.364245   0.148779
  1384   0.135537 201.763884 -73.145128 -17.617252  -6.153917  -6.153917  -0.000000   0.000000 -41.413260 265.613585 271.531652   0.101625   0.161206 267.350924   0.148785
  1385   0.203197 201.702941 -73.102412 -17.592823  -6.152035  -6.152035  -0.000000   0.000000 -41.426469 265.602160 271.521291   0.101717   0.161206 267.338163   0.148791
  1386   0.298904 201.642076 -73.041839 -17.563878  -6.149132  -6.149132  -0.000000   0.000000 -41.433911 265.591852 271.510953   0.101808   0.161206 267.326150   0.148798
  1387   0.429825 201.581342 -72.959059 -17.528948  -6.144888  -6.144888  -0.000000   0.000000 -41.433701 265.582970 271.500648   0.101899   0.161206 267.315095   0.148804
  1388   0.603385 201.520809 -72.849631 -17.486389  -6.138944  -6.138944  -0.000000   0.000000 -41.423751 265.575839 271.490391   0.101990   0.161206 267.305218   0.148810
  1389   0.826945 201.460568 -72.709215 -17.434447  -6.130918  -6.130918  -0.000000   0.000000 -41.401860 265.570791 271.480195   0.102081   0.161207 267.296744   0.148817
  1390   1.107522 201.400731 -72.533722 -17.371320  -6.120422  -6.120422  -0.000000   0.000000 -41.365822 265.568146 271.470078   0.102172   0.161207 267.289890   0.148823
  1391   1.451564 201.341429 -72.319429 -17.295228  -6.107072  -6.107072  -0.000000   0.000000 -41.313523 265.568198 271.460058   0.102262   0.161207 267.284859   0.148829
  1392   1.864790 201.282818 -72.063047 -17.204457  -6.090503  -6.090503  -0.000000   0.000000 -41.243022 265.571212 271.450158   0.102352   0.161207 267.281830   0.148835
  1393   2.352107 201.225074 -71.761759 -17.097401  -6.070378  -6.070378  -0.000000   0.000000 -41.152617 265.577413 271.440397   0.102442   0.161207 267.280958   0.148842
  1394   2.917566 201.168389 -71.413218 -16.972585  -6.046390  -6.046390  -0.000000   0.000000 -41.040886 265.586983 271.430799   0.102531   0.161207 267.282369   0.148848
  1395   3.564375 201.112978 -71.015532 -16.828676  -6.018269  -6.018269  -0.000000   0.000000 -40.906712 265.600060 271.421387   0.102620   0.161207 267.286158   0.148854
  1396   4.294932 201.059067 -70.567234 -16.664492  -5.985780  -5.985780  -0.000000   0.000000 -40.749291 265.616739 271.412184   0.102709   0.161208 267.292394   0.148860
  1397   5.110890 201.006898 -70.067238 -16.478994  -5.948726  -5.948726  -0.000000   0.000000 -40.568119 265.637073 271.403213   0.102797   0.161208 267.301115   0.148866
  1398   6.013223 200.956725 -69.514797 -16.271280  -5.906940  -5.906940  -0.000000   0.000000 -40.362981 265.661079 271.394497   0.102884   0.161208 267.312335   0.148873
  1399   7.002305 200.908812 -68.909463 -16.040578  -5.860288  -5.860288  -0.000000   0.000000 -40.133925 265.688737 271.386057   0.102971   0.161208 267.326046   0.148879
  1400   8.077987 200.863429 -68.251039 -15.786234  -5.808666  -5.808666  -0.000000   0.000000 -39.881234 265.720000 271.377914   0.103057   0.161208 267.342220   0.148885
  1401   9.239670 200.820854 -67.539545 -15.507704  -5.751995  -5.751995  -0.000000   0.000000 -39.605397 265.754790 271.370087   0.103142   0.161208 267.360809   0.148891
  1402  10.486377 200.781369 -66.775183 -15.204544  -5.690218  -5.690218  -0.000000   0.000000 -39.307078 265.793013 271.362597   0.103227   0.161208 267.381756   0.148897
  1403  11.816816 200.745260 -65.958299 -14.876401  -5.623303  -5.623303  -0.000000   0.000000 -38.987087 265.834551 271.355458   0.103311   0.161209 267.404987   0.148903
  1404  13.229436 200.712812 -65.089367 -14.523011  -5.551235  -5.551235  -0.000000   0.000000 -38.646352 265.879275 271.348688   0.103394   0.161209 267.430423   0.148908
  1405  14.722480 200.684313 -64.168958 -14.144189  -5.474016  -5.474016  -0.000000   0.000000 -38.285891 265.927044 271.342300   0.103475   0.161209 267.457977   0.148914
  1406  16.294029 200.660049 -63.197721 -13.739828  -5.391665  -5.391665  -0.000000   0.000000 -37.906794 265.977709 271.336308   0.103556   0.161209 267.487560   0.148920
  1407  17.942038 200.640303 -62.176370 -13.309896  -5.304215  -5.304215  -0.000000   0.000000 -37.510194 266.031114 271.330722   0.103636   0.161209 267.519077   0.148926
  1408  19.664373 200.625356 -61.105670 -12.854431  -5.211713  -5.211713  -0.000000   0.000000 -37.097257 266.087102 271.325553   0.103714   0.161209 267.552436   0.148931
  1409  21.458837 200.615482 -59.986422 -12.373545  -5.114217  -5.114217  -0.000000   0.000000 -36.669157 266.145513 271.320808   0.103792   0.161209 267.587542   0.148937
  1410  23.323192 200.610952 -58.819459 -11.867416  -5.011797  -5.011797  -0.000000   0.000000 -36.227067 266.206189 271.316495   0.103868   0.161209 267.624305   0.148942
  1411  25.255183 200.612030 -57.605634 -11.336294  -4.904531  -4.904531  -0.000000   0.000000 -35.772145 266.268974 271.312620   0.103943   0.161210 267.662637   0.148948
  1412  27.252553 200.618969 -56.345819 -10.780495  -4.792510  -4.792510  -0.000000   0.000000 -35.305525 266.333716 271.309188   0.104016   0.161210 267.702454   0.148953
  1413  29.313053 200.632016 -55.040898 -10.200405  -4.675831  -4.675831  -0.000000   0.000000 -34.828306 266.400265 271.306201   0.104088   0.161210 267.743675   0.148959
  1414  31.434460 200.651407 -53.691764  -9.596476  -4.554597  -4.554597  -0.000000   0.000000 -34.341549 266.468481 271.303662   0.104158   0.161210 267.786227   0.148964
  1415  33.614580 200.677366 -52.299318  -8.969224  -4.428920  -4.428920  -0.000000   0.000000 -33.846265 266.538226 271.301572   0.104228   0.161210 267.830038   0.148969
  1416  35.851258 200.710108 -50.864463  -8.319232  -4.298916  -4.298916  -0.000000   0.000000 -33.343420 266.609372 271.299932   0.104295   0.161210 267.875046   0.148974
  1417  38.142382 200.749831 -49.388109  -7.647143  -4.164706  -4.164706  -0.000000   0.000000 -32.833922 266.681794 271.298741   0.104361   0.161210 267.921190   0.148979
  1418  40.485891 200.796719 -47.871167  -6.953659  -4.026417  -4.026417  -0.000000   0.000000 -32.318628 266.755378 271.297997   0.104425   0.161210 267.968419   0.148984
  1419  42.879773 200.850945 -46.314551  -6.239541  -3.884176  -3.884176  -0.000000   0.000000 -31.798337 266.830015 271.297700   0.104488   0.161210 268.016683   0.148989
  1420  45.322071 200.912660 -44.719176  -5.505602  -3.738112  -3.738112  -0.000000   0.000000 -31.273793 266.905604 271.297845   0.104549   0.161211 268.065940   0.148993
  1421  47.810882 200.982002 -43.085957  -4.752702  -3.588359  -3.588359  -0.000000   0.000000 -30.745686 266.982052 271.298431   0.104608   0.161211 268.116151   0.148998
  1422  50.344360 201.059089 -41.415814  -3.981747  -3.435049  -3.435049  -0.000000   0.000000 -30.214650 267.059271 271.299453   0.104665   0.161211 268.167282   0.149002
  1423  52.920715 201.144021 -39.709663  -3.193682  -3.278313  -3.278313  -0.000000   0.000000 -29.681269 267.137181 271.300907   0.104721   0.161211 268.219304   0.149007
  1424  55.538213 201.236878 -37.968424  -2.389486  -3.118284  -3.118284  -0.000000   0.000000 -29.146078 267.215708 271.302789   0.104774   0.161211 268.272189   0.149011
  1425  58.195178 201.337720 -36.193016  -1.570164  -2.955094  -2.955094  -0.000000   0.000000 -28.609566 267.294783 271.305094   0.104826   0.161211 268.325913   0.149015
  1426  60.889985 201.446585 -34.384358  -0.736745  -2.788870  -2.788870  -0.000000   0.000000 -28.072177 267.374343 271.307817   0.104876   0.161211 268.380456   0.149019
  1427  63.621067 201.563491 -32.543367   0.109729  -2.619741  -2.619741  -0.000000   0.000000 -27.534320 267.454330 271.310953   0.104924   0.161211 268.441997   0.149023
  1428  66.386908 201.885464 -30.491662   0.255158  -2.525937  -2.525937  -0.000000   0.000000 -26.996363 267.566282 271.314746   0.104971   0.161211 268.539735   0.149027
  1429  69.186044 202.157884 -28.586709   1.126281  -2.336956  -2.336956  -0.000000   0.000000 -26.239245 267.671183 271.319125   0.105015   0.161211 268.627476   0.149031
  1430  72.017060 202.428764 -26.631887   1.912803  -2.154733  -2.154733  -0.000000   0.000000 -25.535596 267.774054 271.324060   0.105058   0.161211 268.712990   0.149035
  1431  74.878593 202.718156 -24.629780   2.611687  -1.974634  -1.974634  -0.000000   0.000000 -24.850042 267.878740 271.329553   0.105098   0.161211 268.800640   0.149038
  1432  77.769324 203.047480 -22.577106   3.199269  -1.792805  -1.792805  -0.000000   0.000000 -24.155691 267.988784 271.335634   0.105137   0.161211 268.894740   0.149042
  1433  80.687982 203.432126 -20.474916   3.673125  -1.604206  -1.604206  -0.000000   0.000000 -23.427948 268.106705 271.342353   0.105173   0.161211 268.998392   0.149045
  1434  83.633339 203.879662 -18.327331   4.046074  -1.404249  -1.404249  -0.000000   0.000000 -22.649539 268.233745 271.349767   0.105207   0.161211 269.113163   0.149048
  1435  86.604211 204.390373 -16.140064   4.338930  -1.189667  -1.189667  -0.000000   0.000000 -21.812154 268.369981 271.357934   0.105238   0.161211 269.239189   0.149051
  1436  89.599454 204.958992 -13.919217   4.574579  -0.958785  -0.958785  -0.000000   0.000000 -20.915669 268.514601 271.366900   0.105267   0.161211 269.375518   0.149054
  1437  92.617964 205.576695 -11.670580   4.774488  -0.711347  -0.711347  -0.000000   0.000000 -19.966096 268.666237 271.376705   0.105293   0.161211 269.520504   0.149057
  1438  95.658675 206.232862  -9.399304   4.957149  -0.448171  -0.448171  -0.000000   0.000000 -18.973270 268.823249 271.387369   0.105317   0.161211 269.672149   0.149059
  1439  98.720559 206.916415  -7.109803   5.137639  -0.170785  -0.170785  -0.000000   0.000000 -17.948840 268.983935 271.398902   0.105337   0.161211 269.828372   0.149062
  1440 101.802621 207.616749  -4.805760   5.327758   0.118888   0.118888   0.000000  -0.000000 -16.904769 269.146685 271.411301   0.105353   0.161211 269.987188   0.149064
  1441 104.903904 208.324304  -2.490188   5.536343   0.418764   0.418764   0.000000  -0.000000 -15.852316 269.310061 271.424550   0.105367   0.161211 270.146819   0.149066
  1442 108.023479 209.030890  -0.165494   5.769728   0.726779   0.726779   0.000000  -0.000000 -14.801426 269.472850 271.438626   0.105377   0.161211 270.305753   0.149068
  1443 111.160451 209.729864   2.166494   6.031874   1.040984   1.040984   0.000000  -0.000000 -13.760436 269.634080 271.453498   0.105383   0.161211 270.462778   0.149069
  1444 114.313954 210.416356   4.504636   6.323935   1.359609   1.359609   0.000000  -0.000000 -12.735927 269.793054 271.469132   0.105386   0.161211 270.617017   0.149071
  1445 117.483153 211.087203   6.848289   6.645156   1.681209   1.681209   0.000000  -0.000000 -11.732545 269.949327 271.485489   0.105385   0.161211 270.767913   0.149072
  1446 120.667237 211.740805   9.197240   6.993167   2.004683   2.004683   0.000000  -0.000000 -10.753138 270.102684 271.502533   0.105381   0.161211 270.915194   0.149073
  1447 123.865425 212.376933  11.551623   7.364340   2.329285   2.329285   0.000000  -0.000000  -9.798946 270.253107 271.520227   0.105373   0.161211 271.058839   0.149073
  1448 127.076961 212.996489  13.911824   7.754201   2.654605   2.654605   0.000000  -0.000000  -8.869839 270.400738 271.538536   0.105361   0.161211 271.199031   0.149074
  1449 130.301112 213.601228  16.278375   8.157862   2.980544   2.980544   0.000000  -0.000000  -7.964592 270.545834 271.557431   0.105346   0.161211 271.336104   0.149074
  1450 133.537169 214.193467  18.651853   8.570459   3.307264   3.307264   0.000000  -0.000000  -7.081181 270.688727 271.576883   0.105327   0.161211 271.470487   0.149074
  1451 136.784446 214.775786  21.032782   8.987547   3.635130   3.635130   0.000000  -0.000000  -6.217092 270.829779 271.596868   0.105304   0.161211 271.602655   0.149074
  1452 140.042280 215.350745  23.421549   9.405429   3.964636   3.964636   0.000000  -0.000000  -5.369621 270.969347 271.617367   0.105278   0.161211 271.733072   0.149074
  1453 143.310025 215.920655  25.818353   9.821377   4.296332   4.296332   0.000000  -0.000000  -4.536145 271.107742 271.638363   0.105248   0.161211 271.862157   0.149074
  1454 146.587060 216.487393  28.223169  10.233732   4.630752   4.630752   0.000000  -0.000000  -3.714345 271.245217 271.659841   0.105214   0.161211 271.990247   0.149073
  1455 149.872779 217.052289  30.635744  10.641893   4.968352   4.968352   0.000000  -0.000000  -2.902368 271.381942 271.681788   0.105176   0.161210 272.117578   0.149072
  1456 153.166596 217.616086  33.055621  11.046191   5.309462   5.309462   0.000000  -0.000000  -2.098919 271.518009 271.704192   0.105135   0.161210 272.244284   0.149071
  1457 156.467942 218.178960  35.482174  11.447701   5.654259   5.654259   0.000000  -0.000000  -1.303286 271.653430 271.727044   0.105090   0.161210 272.370394   0.149069
  1458 159.776267 218.740598  37.914662  11.847996   6.002757   6.002757   0.000000  -0.000000  -0.515296 271.788154 271.750330   0.105040   0.161210 272.495853   0.149068
  1459 163.091035 219.300324  40.352294  12.248833   6.354814   6.354814   0.000000  -0.000000   0.264764 271.922082 271.774040   0.104987   0.161210 272.620542   0.149066
  1460 166.411727 219.857246  42.794289  12.651912   6.710164   6.710164   0.000000   0.000000   1.036291 272.055090 271.798161   0.104930   0.161210 272.744306   0.149064
  1461 169.737838 220.410402  45.239922  13.058667   7.068453   7.068453   0.000000   0.000000   1.798502 272.187049 271.822681   0.104869   0.161210 272.866976   0.149062
  1462 173.068878 220.958890  47.688561  13.470108   7.429286   7.429286   0.000000   0.000000   2.550578 272.317839 271.847584   0.104804   0.161209 272.988399   0.149059
  1463 176.404371 221.501980  50.139698  13.886736   7.792269   7.792269   0.000000   0.000000   3.291786 272.447369 271.872858   0.104734   0.161209 273.108451   0.149057
  1464 179.743854 222.039185  52.592951  14.308506   8.157047   8.157047   0.000000   0.000000   4.021572 272.575578 271.898489   0.104661   0.161209 273.227051   0.149054
  1465 183.086877 222.570302  55.048064  14.734873   8.523333   8.523333   0.000000   0.000000   4.739625 272.702449 271.924462   0.104583   0.161209 273.344171   0.149050
  1466 186.433003 223.095417  57.504890  15.164867   8.890932   8.890932   0.000000   0.000000   5.445908 272.827999 271.950764   0.104502   0.161209 273.459830   0.149047
  1467 189.781806 223.614871  59.963366  15.597219   9.259746   9.259746   0.000000   0.000000   6.140643 272.952280 271.977382   0.104416   0.161208 273.574093   0.149043
  1468 193.132872 224.129208  62.423479  16.030505   9.629769   9.629769   0.000000   0.000000   6.824284 273.075371 272.004306   0.104326   0.161208 273.687060   0.149039
  1469 196.485797 224.639100  64.885235  16.463297  10.001078  10.001078   0.000000   0.000000   7.497455 273.195925 272.031512   0.104232   0.161208 273.798276   0.149035
  1470 199.840189 225.145272  67.354680  16.863829  10.386120  10.386120   0.000000   0.000000   8.150888 274.118684 272.065339   0.104133   0.161208 274.173007   0.149031
  1471 203.195665 225.647903  66.425919  35.133832  13.781207  13.781207   0.000000   0.000000  14.373415 274.215324 272.099065   0.103996   0.161207 274.273555   0.149024
  1472 206.551852 226.419600  69.234279  33.839474  13.595976  13.595976   0.000000   0.000000  14.813817 274.417088 272.133535   0.103862   0.161207 274.440933   0.149018
  1473 209.908389 227.148046  71.555039  35.208760  13.913976  13.913976   0.000000   0.000000  15.984875 274.603964 272.168618   0.103723   0.161207 274.597278   0.149011
  1474 213.264919 227.874859  73.936044  36.246665  14.147840  14.147840   0.000000   0.000000  17.047417 274.791941 272.204315   0.103582   0.161206 274.752979   0.149004
  1475 216.621099 228.596310  76.305558  37.345700  14.376722  14.376722   0.000000   0.000000  18.113377 274.979097 272.240611   0.103438   0.161206 274.907092   0.148997
  1476 219.976591 229.313939  78.672947  38.454106  14.591336  14.591336   0.000000   0.000000  19.169405 275.165789 272.277492   0.103292   0.161206 275.059975   0.148990
  1477 223.331066 230.028246  81.036910  39.578541  14.793662  14.793662   0.000000   0.000000  20.218073 275.352029 272.314949   0.103144   0.161205 275.211738   0.148983
  1478 226.684205 230.739698  83.397581  40.717608  14.983960  14.983960   0.000000   0.000000  21.259560 275.537861 272.352970   0.102993   0.161205 275.362482   0.148976
  1479 230.035693 231.448721  85.754942  41.870645  15.162605  15.162605   0.000000   0.000000  22.294232 275.723320 272.391545   0.102841   0.161205 275.512299   0.148968
  1480 233.385225 232.155751  88.109010  43.036735  15.329936  15.329936   0.000000   0.000000  23.322420 275.908449 272.430665   0.102686   0.161204 275.661281   0.148961
  1481 236.732502 232.861217  90.459775  44.215041  15.486314  15.486314   0.000000   0.000000  24.344486 276.093291 272.470320   0.102530   0.161204 275.809518   0.148953
  1482 240.077233 233.565500  92.807182  45.404924  15.632115  15.632115   0.000000   0.000000  25.360799 276.277886 272.510503   0.102373   0.161203 275.957088   0.148945
  1483 243.419131 234.268887  95.151118  46.606014  15.767705  15.767705   0.000000   0.000000  26.371682 276.462258 272.551204   0.102214   0.161203 276.104052   0.148938
  1484 246.757919 234.971548  97.491419  47.818194  15.893402  15.893402   0.000000   0.000000  27.377375 276.646417 272.592417   0.102053   0.161203 276.250447   0.148930
  1485 250.093324 235.673523  99.827882  49.041509  16.009457  16.009457   0.000000   0.000000  28.377997 276.830356 272.634134   0.101892   0.161202 276.396286   0.148922
  1486 253.425078 236.374758 102.160286  50.276061  16.116046  16.116046   0.000000   0.000000  29.373554 277.014056 272.676348   0.101729   0.161202 276.541566   0.148914
  1487 256.752920 237.075128 104.488418  51.521907  16.213283  16.213283   0.000000   0.000000  30.363958 277.197488 272.719050   0.101565   0.161202 276.686267   0.148906
  1488 260.076596 237.774490 106.812080  52.779001  16.301242  16.301242   0.000000   0.000000  31.349068 277.380622 272.762233   0.101401   0.161201 276.830370   0.148898
  1489 263.395855 238.472704 109.131094  54.047182  16.379985  16.379985   0.000000   0.000000  32.328728 277.563494 272.805890   0.101236   0.161201 276.973863   0.148889
  1490 266.710453 239.169652 111.445021  55.327787  16.447472  16.447472   0.000000   0.000000  33.303231 277.743450 272.849993   0.101070   0.161200 277.116278   0.148881
  1491 270.020149 239.865253 113.765345  56.554106  16.592224  16.592224   0.000000   0.000000  34.254200 277.923217 272.894536   0.100903   0.161200 277.258086   0.148873
  1492 273.324709 240.558729 116.079176  57.798021  16.729338  16.729338   0.000000   0.000000  35.200762 278.102445 272.939512   0.100735   0.161200 277.399109   0.148864
  1493 276.623902 241.250125 118.387932  59.050283  16.858768  16.858768   0.000000   0.000000  36.140532 278.281168 272.984912   0.100565   0.161199 277.539365   0.148856
  1494 279.917504 241.939357 120.691234  60.311974  16.980773  16.980773   0.000000   0.000000  37.073797 278.459366 273.030728   0.100394   0.161199 277.678844   0.148847
  1495 283.205292 242.626330 122.988931  61.582861  17.095384  17.095384   0.000000   0.000000  38.000467 278.637020 273.076953   0.100223   0.161198 277.817533   0.148839
  1496 286.487050 243.310924 125.280841  62.862898  17.202660  17.202660   0.000000   0.000000  38.920476 278.814111 273.123578   0.100050   0.161198 277.955415   0.148830
  1497 289.762566 243.993008 127.566789  64.151994  17.302652  17.302652   0.000000   0.000000  39.833730 278.990615 273.170597   0.099877   0.161198 278.092472   0.148821
  1498 293.031631 244.672446 129.846612  65.450027  17.395410  17.395410   0.000000   0.000000  40.740129 279.166510 273.218000   0.099703   0.161197 278.228683   0.148812
  1499 296.294039 245.349111 132.120151  66.756837  17.480992  17.480992   0.000000   0.000000  41.639569 279.341775 273.265782   0.099528   0.161197 278.364031   0.148803
  1500 299.549591 246.022883 134.387256  68.072242  17.559466  17.559466   0.000000   0.000000  42.531955 279.516390 273.313933   0.099353   0.161196 278.498499   0.148794
  1501 302.798089 246.693648 136.647784  69.396045  17.630910  17.630910   0.000000   0.000000  43.417200 279.690335 273.362445   0.099178   0.161196 278.632071   0.148785
  1502 306.039340 247.361302 138.901591  70.728052  17.695415  17.695415   0.000000   0.000000  44.295229 279.863593 273.411312   0.099002   0.161195 278.764734   0.148776
  1503 309.273152 248.025739 141.148536  72.068075  17.753083  17.753083   0.000000   0.000000  45.165968 280.036146 273.460525   0.098827   0.161195 278.896473   0.148767
  1504 312.499341 248.686857 143.388481  73.415923  17.804017  17.804017   0.000000   0.000000  46.029350 280.207977 273.510076   0.098651   0.161195 279.027276   0.148758
  1505 315.717721 249.344554 145.621292  74.771405  17.848330  17.848330   0.000000   0.000000  46.885305 280.379069 273.559959   0.098475   0.161194 279.157129   0.148749
  1506 318.928113 249.998734 147.846837  76.134313  17.886135  17.886135   0.000000   0.000000  47.733770 280.549404 273.610164   0.098299   0.161194 279.286019   0.148740
  1507 322.130340 250.649304 150.064994  77.504424  17.917551  17.917551   0.000000   0.000000  48.574682 280.718969 273.660685   0.098124   0.161193 279.413935   0.148731
  1508 325.324228 251.296181 152.275643  78.881498  17.942704  17.942704   0.000000   0.000000  49.407987 280.887748 273.711514   0.097948   0.161193 279.540869   0.148722
  1509 328.509605 251.939291 154.478670  80.265283  17.961726  17.961726   0.000000   0.000000  50.233639 281.055729 273.762643   0.097774   0.161192 279.666810   0.148713
  1510 331.686303 252.578567 156.673966  81.655523  17.974756  17.974756   0.000000   0.000000  51.051599 281.222899 273.814065   0.097599   0.161192 279.791753   0.148703
  1511 334.854156 253.213949 158.861424  83.051956  17.981937  17.981937   0.000000   0.000000  51.861838 281.389248 273.865772   0.097425   0.161192 279.915691   0.148694
  1512 338.013001 253.845380 161.040939  84.454322  17.983419  17.983419   0.000000   0.000000  52.664331 281.554766 273.917757   0.097252   0.161191 280.038621   0.148685
  1513 341.162679 254.472812 163.212411  85.862359  17.979355  17.979355   0.000000   0.000000  53.459059 281.719443 273.970013   0.097079   0.161191 280.160537   0.148676
  1514 344.303031 255.096196 165.375742  87.275799  17.969898  17.969898   0.000000   0.000000  54.246008 281.883270 274.022532   0.096907   0.161190 280.281437   0.148667
  1515 347.433903 255.715492 167.530836  88.694374  17.955206  17.955206   0.000000   0.000000  55.025165 282.046240 274.075307   0.096736   0.161190 280.401318   0.148657
  1516 350.555140 256.330663 169.677602  90.117808  17.935435  17.935435   0.000000   0.000000  55.796527 282.208345 274.128332   0.096566   0.161189 280.520178   0.148648
  1517 353.666594 256.941678 171.815952  91.545820  17.910748  17.910748   0.000000   0.000000  56.560091 282.369578 274.181598   0.096397   0.161189 280.638018   0.148639
  1518 356.768116 257.548510 173.945800  92.978130  17.881304  17.881304   0.000000   0.000000  57.315862 282.526961 274.235075   0.096229   0.161189 280.754442   0.148630
  1519 359.859560 258.151139 176.080903  94.332432  17.953250  17.953250   0.000000   0.000000  58.043197 282.669533 274.288648   0.096061   0.161188 280.868009   0.148621
  1520 362.940782 258.748870 178.271698  95.308418  18.527868  18.527868   0.000000   0.000000  58.666195 282.812259 274.342321   0.095887   0.161188 280.980607   0.148611
  1521 366.011641 259.338637 180.445753  96.332718  19.104341  19.104341   0.000000   0.000000  59.289562 282.953480 274.396087   0.095708   0.161187 281.091547   0.148602
  1522 369.071997 259.921206 182.611405  97.355002  19.675328  19.675328   0.000000   0.000000  59.901750 283.093460 274.449940   0.095525   0.161187 281.200992   0.148591
  1523 372.121714 260.496831 184.767581  98.381312  20.242662  20.242662   0.000000   0.000000  60.504641 283.232193 274.503873   0.095336   0.161186 281.308986   0.148581
  1524 375.160654 261.065777 186.914472  99.410059  20.806748  20.806748   0.000000   0.000000  61.098236 283.369707 274.557883   0.095142   0.161186 281.415582   0.148570
  1525 378.188686 261.628264 189.052072 100.440819  21.368054  21.368054   0.000000   0.000000  61.682770 283.506023 274.611962   0.094943   0.161185 281.520823   0.148558
  1526 381.205677 262.184482 191.180381 101.473092  21.926927  21.926927   0.000000   0.000000  62.258424 283.641161 274.666107   0.094739   0.161185 281.624747   0.148547
  1527 384.211498 262.734600 193.299386 102.506463  22.483648  22.483648   0.000000   0.000000  62.825375 283.775138 274.720312   0.094531   0.161184 281.727388   0.148535
  1528 387.206021 263.278765 195.409062 103.540560  23.038438  23.038438   0.000000   0.000000  63.383783 283.907973 274.774572   0.094319   0.161184 281.828777   0.148522
  1529 390.189119 263.817113 197.509378 104.575051  23.591474  23.591474   0.000000   0.000000  63.933804 284.039681 274.828883   0.094102   0.161183 281.928943   0.148510
  1530 393.160668 264.349764 199.600297 105.609638  24.142896  24.142896   0.000000   0.000000  64.475583 284.170278 274.883240   0.093880   0.161182 282.027912   0.148496
  1531 396.120546 264.876830 201.681776 106.644046  24.692814  24.692814   0.000000   0.000000  65.009260 284.299778 274.937639   0.093654   0.161182 282.125707   0.148483
  1532 399.068632 265.398416 203.753771 107.678024  25.241315  25.241315   0.000000   0.000000  65.534971 284.428196 274.992075   0.093424   0.161181 282.222352   0.148469
  1533 402.004805 265.914621 205.816234 108.711338  25.788466  25.788466   0.000000   0.000000  66.052844 284.555546 275.046545   0.093190   0.161181 282.317868   0.148455
  1534 404.928948 266.425536 207.869115 109.743769  26.334320  26.334320   0.000000   0.000000  66.563007 284.681841 275.101043   0.092953   0.161180 282.412276   0.148441
  1535 407.840945 266.931249 209.912363 110.775113  26.878916  26.878916   0.000000   0.000000  67.065583 284.807094 275.155567   0.092711   0.161179 282.505595   0.148426
  1536 410.740681 267.431846 211.945924 111.805175  27.422281  27.422281   0.000000   0.000000  67.560689 284.931319 275.210112   0.092465   0.161179 282.597844   0.148411
  1537 413.628042 267.927408 213.969747 112.833774  27.964436  27.964436   0.000000   0.000000  68.048445 285.054527 275.264675   0.092216   0.161178 282.689043   0.148395
  1538 416.502918 268.418012 215.983776 113.860733  28.505391  28.505391   0.000000   0.000000  68.528962 285.176731 275.319252   0.091963   0.161177 282.779207   0.148379
  1539 419.365196 268.903736 217.987959 114.885887  29.045155  29.045155   0.000000   0.000000  69.002354 285.297943 275.373839   0.091707   0.161177 282.868355   0.148363
  1540 422.214769 269.384654 219.982241 115.909077  29.583726  29.583726   0.000000   0.000000  69.468728 285.418175 275.428433   0.091447   0.161176 282.956503   0.148347
  1541 425.051529 269.860836 221.966568 116.930147  30.121103  30.121103   0.000000   0.000000  69.928192 285.537438 275.483031   0.091185   0.161175 283.043668   0.148330
  1542 427.875370 270.332354 223.940885 117.948952  30.657278  30.657278   0.000000   0.000000  70.380851 285.655744 275.537629   0.090919   0.161174 283.129864   0.148312
  1543 430.686185 270.799277 225.905139 118.965348  31.192241  31.192241   0.000000   0.000000  70.826805 285.773104 275.592224   0.090650   0.161174 283.215109   0.148295
  1544 433.483873 271.261671 227.859277 119.979198  31.725981  31.725981   0.000000   0.000000  71.266157 285.889528 275.646813   0.090378   0.161173 283.299416   0.148277
  1545 436.268330 271.719603 229.803245 120.990370  32.258481  32.258481   0.000000   0.000000  71.699003 286.005028 275.701393   0.090103   0.161172 283.382801   0.148259
  1546 439.039455 272.173136 231.736990 121.998734  32.789726  32.789726   0.000000   0.000000  72.125441 286.119613 275.755961   0.089826   0.161171 283.465278   0.148240
  1547 441.797149 272.622335 233.660460 123.004166  33.319699  33.319699   0.000000   0.000000  72.545565 286.233295 275.810514   0.089546   0.161171 283.546861   0.148221
  1548 444.541313 273.067261 235.573603 124.006544  33.848378  33.848378   0.000000   0.000000  72.959467 286.346083 275.865050   0.089264   0.161170 283.627563   0.148202
  1549 447.271848 273.507974 237.476366 125.005753  34.375745  34.375745   0.000000   0.000000  73.367237 286.457988 275.919564   0.088979   0.161169 283.707400   0.148182
  1550 449.988660 273.944535 239.368699 126.001676  34.901777  34.901777   0.000000   0.000000  73.768963 286.569018 275.974056   0.088692   0.161168 283.786383   0.148163
  1551 452.691652 274.377001 241.250552 126.994205  35.426452  35.426452   0.000000   0.000000  74.164733 286.679183 276.028521   0.088403   0.161167 283.864526   0.148142
  1552 455.380731 274.805431 243.121873 127.983229  35.949748  35.949748   0.000000   0.000000  74.554632 286.788493 276.082959   0.088112   0.161166 283.941841   0.148122
  1553 458.055803 275.229880 244.982614 128.968645  36.471640  36.471640   0.000000   0.000000  74.938742 286.896957 276.137365   0.087819   0.161166 284.018341   0.148101
  1554 460.716777 275.650404 246.832724 129.950350  36.992105  36.992105   0.000000   0.000000  75.317144 287.004584 276.191738   0.087524   0.161165 284.094038   0.148080
  1555 463.363562 276.067058 248.672156 130.928245  37.511119  37.511119   0.000000   0.000000  75.689918 287.111382 276.246075   0.087227   0.161164 284.168944   0.148058
  1556 465.996068 276.479893 250.500861 131.902232  38.028656  38.028656   0.000000   0.000000  76.057142 287.217360 276.300375   0.086929   0.161163 284.243071   0.148036
  1557 468.614206 276.888963 252.318791 132.872216  38.544691  38.544691   0.000000   0.000000  76.418893 287.322526 276.354634   0.086630   0.161162 284.316429   0.148014
  1558 471.217889 277.294319 254.125900 133.838106  39.059199  39.059199   0.000000   0.000000  76.775244 287.426889 276.408851   0.086329   0.161161 284.389032   0.147992
  1559 473.807031 277.696012 255.922140 134.799811  39.572154  39.572154   0.000000   0.000000  77.126268 287.530457 276.463023   0.086027   0.161160 284.460889   0.147969
  1560 481.650953 278.094091 261.659522 135.757244  40.083532  40.083532   0.000000   0.000000  77.472037 287.725170 276.517877   0.085723   0.161159 284.541404   0.147946
  1561 484.216706 278.488604 262.986643 139.433234  41.178852  41.178852   0.000000   0.000000  78.451050 287.816646 276.572577   0.085414   0.161158 284.610727   0.147922
  1562 486.767605 278.898513 264.822938 139.981376  41.618637  41.618637   0.000000   0.000000  78.708487 287.921763 276.627238   0.085105   0.161157 284.683665   0.147898
  1563 489.303567 279.299777 266.572549 140.978152  42.149693  42.149693   0.000000   0.000000  79.061675 288.023727 276.681840   0.084795   0.161156 284.754862   0.147873
  1564 491.824512 279.696404 268.321657 141.904740  42.663976  42.663976   0.000000   0.000000  79.393207 288.125054 276.736383   0.084484   0.161155 284.825187   0.147848
  1565 494.330359 280.088227 270.057683 142.836798  43.177610  43.177610   0.000000   0.000000  79.720696 288.225425 276.790862   0.084172   0.161154 284.894585   0.147823
  1566 496.821028 280.475606 271.782474 143.763099  43.688415  43.688415   0.000000   0.000000  80.041939 288.324928 276.845277   0.083860   0.161153 284.963122   0.147798
  1567 499.296441 280.858760 273.495756 144.685144  44.196850  44.196850   0.000000   0.000000  80.357559 288.423583 276.899624   0.083548   0.161152 285.030838   0.147772
  1568 501.756520 281.237883 275.197558 145.602581  44.702948  44.702948   0.000000   0.000000  80.667716 288.521415 276.953901   0.083235   0.161151 285.097767   0.147746
  1569 504.201188 281.613134 276.887859 146.515334  45.206779  45.206779   0.000000   0.000000  80.972597 288.618443 277.008107   0.082923   0.161150 285.163937   0.147720
  1570 506.630370 281.984651 278.566638 147.423297  45.708384  45.708384   0.000000   0.000000  81.272354 288.714686 277.062240   0.082610   0.161149 285.229374   0.147693
  1571 509.043989 282.352551 280.233873 148.326373  46.207792  46.207792   0.000000   0.000000  81.567120 288.810157 277.116298   0.082297   0.161148 285.294099   0.147666
  1572 511.441971 282.716937 281.889538 149.224471  46.705021  46.705021   0.000000   0.000000  81.857013 288.904871 277.170280   0.081984   0.161146 285.358132   0.147638
  1573 513.824244 283.077902 283.533607 150.117506  47.200081  47.200081   0.000000   0.000000  82.142138 288.998839 277.224184   0.081671   0.161145 285.421489   0.147611
  1574 516.190734 283.435526 285.166048 151.005397  47.692977  47.692977   0.000000   0.000000  82.422589 289.092073 277.278008   0.081359   0.161144 285.484186   0.147583
  1575 518.541369 283.789883 286.786834 151.888064  48.183706  48.183706   0.000000   0.000000  82.698453 289.184582 277.331752   0.081047   0.161143 285.546238   0.147555
  1576 520.876078 284.141043 288.395931 152.765436  48.672263  48.672263   0.000000   0.000000  82.969810 289.276375 277.385413   0.080736   0.161142 285.607657   0.147526
  1577 523.194791 284.489065 289.993309 153.637441  49.158640  49.158640   0.000000   0.000000  83.236732 289.367461 277.438991   0.080425   0.161141 285.668456   0.147497
  1578 525.497439 284.834008 291.578935 154.504011  49.642824  49.642824   0.000000   0.000000  83.499289 289.457847 277.492484   0.080114   0.161139 285.728645   0.147468
  1579 527.783951 285.175926 293.152777 155.365083  50.124802  50.124802   0.000000   0.000000  83.757544 289.547542 277.545891   0.079804   0.161138 285.788236   0.147439
  1580 530.054262 285.514868 294.714801 156.220594  50.604559  50.604559   0.000000   0.000000  84.011559 289.636553 277.599211   0.079495   0.161137 285.847238   0.147409
  1581 532.308302 285.850882 296.264975 157.070484  51.082078  51.082078   0.000000   0.000000  84.261390 289.724885 277.652443   0.079187   0.161136 285.905661   0.147379
  1582 534.546006 286.184014 297.803266 157.914695  51.557341  51.557341   0.000000   0.000000  84.507094 289.812545 277.705584   0.078880   0.161135 285.963514   0.147348
  1583 536.767308 286.514305 299.329640 158.753173  52.030328  52.030328   0.000000   0.000000  84.748721 289.899539 277.758636   0.078574   0.161133 286.020806   0.147318
  1584 538.972143 286.841796 300.844064 159.585864  52.501021  52.501021   0.000000   0.000000  84.986322 289.985873 277.811595   0.078268   0.161132 286.077545   0.147287
  1585 541.160446 287.166527 302.346507 160.412716  52.969397  52.969397   0.000000   0.000000  85.219946 290.071552 277.864461   0.077964   0.161131 286.133738   0.147256
  1586 543.332153 287.488535 303.836934 161.233678  53.435437  53.435437   0.000000   0.000000  85.449637 290.156582 277.917233   0.077661   0.161130 286.189395   0.147224
  1587 545.487203 287.807856 305.315314 162.048703  53.899119  53.899119   0.000000   0.000000  85.675441 290.240968 277.969911   0.077359   0.161128 286.244521   0.147192
  1588 547.625532 288.124524 306.781615 162.857743  54.360422  54.360422   0.000000   0.000000  85.897400 290.324714 278.022492   0.077058   0.161127 286.299124   0.147160
  1589 549.747080 288.438573 308.235803 163.660753  54.819321  54.819321   0.000000   0.000000  86.115556 290.407825 278.074975   0.076759   0.161126 286.353212   0.147128
  1590 551.851785 288.750036 309.677849 164.457689  55.275797  55.275797   0.000000   0.000000  86.329950 290.490306 278.127361   0.076461   0.161124 286.406790   0.147095
  1591 553.939587 289.058944 311.107720 165.248508  55.729825  55.729825   0.000000   0.000000  86.540619 290.572162 278.179647   0.076164   0.161123 286.459866   0.147062
  1592 556.010427 289.365327 312.525385 166.033168  56.181383  56.181383   0.000000   0.000000  86.747602 290.653396 278.231833   0.075868   0.161122 286.512445   0.147029
  1593 558.064246 289.669215 313.930814 166.811630  56.630448  56.630448   0.000000   0.000000  86.950936 290.734012 278.283918   0.075574   0.161120 286.564535   0.146995
  1594 560.100985 289.970637 315.323975 167.583853  57.076998  57.076998   0.000000   0.000000  87.150656 290.814015 278.335901   0.075282   0.161119 286.616140   0.146961
  1595 562.120589 290.269621 316.704839 168.349800  57.521008  57.521008   0.000000   0.000000  87.346797 290.893408 278.387780   0.074991   0.161117 286.667268   0.146927
  1596 564.122998 290.566195 318.073377 169.109434  57.962456  57.962456   0.000000   0.000000  87.539393 290.972195 278.439556   0.074702   0.161116 286.717923   0.146893
  1597 566.108159 290.860384 319.429557 169.862719  58.401320  58.401320   0.000000   0.000000  87.728476 291.050381 278.491227   0.074414   0.161115 286.768111   0.146858
  1598 568.076015 291.152216 320.773352 170.609621  58.837575  58.837575   0.000000   0.000000  87.914079 291.127967 278.542791   0.074128   0.161113 286.817838   0.146823
  1599 570.026510 291.441715 322.104733 171.350104  59.271198  59.271198   0.000000   0.000000  88.096232 291.204959 278.594249   0.073843   0.161112 286.867109   0.146788
  1600 571.959592 291.728907 323.423670 172.084136  59.702167  59.702167   0.000000   0.000000  88.274967 291.281358 278.645599   0.073561   0.161110 286.915930   0.146753
  1601 573.875207 292.013815 324.730137 172.811686  60.130459  60.130459   0.000000   0.000000  88.450312 291.357169 278.696841   0.073280   0.161109 286.964305   0.146717
  1602 575.773301 292.296464 326.024105 173.532721  60.556050  60.556050   0.000000   0.000000  88.622298 291.432395 278.747973   0.073000   0.161108 287.012240   0.146681
  1603 577.653822 292.576876 327.305547 174.247212  60.978919  60.978919   0.000000   0.000000  88.790951 291.507038 278.798995   0.072723   0.161106 287.059739   0.146645
  1604 579.516719 292.855075 328.574436 174.955129  61.399041  61.399041   0.000000   0.000000  88.956301 291.581102 278.849905   0.072447   0.161105 287.106808   0.146609
  1605 581.361941 293.131083 329.830746 175.656444  61.816394  61.816394   0.000000   0.000000  89.118373 291.654589 278.900704   0.072173   0.161103 287.153450   0.146572
  1606 583.189437 293.404922 331.074450 176.351128  62.230956  62.230956   0.000000   0.000000  89.277194 291.727503 278.951390   0.071900   0.161102 287.199672   0.146535
  1607 584.999157 293.676613 332.305522 177.039154  62.642704  62.642704   0.000000   0.000000  89.432790 291.799845 279.001962   0.071630   0.161100 287.245477   0.146498
  1608 586.791053 293.946177 333.523937 177.720496  63.051617  63.051617   0.000000   0.000000  89.585187 291.871620 279.052419   0.071361   0.161099 287.290869   0.146460
  1609 588.565074 294.213634 334.729670 178.395129  63.457670  63.457670   0.000000   0.000000  89.734408 291.942829 279.102761   0.071095   0.161097 287.335854   0.146422
  1610 590.321175 294.479006 335.922696 179.063027  63.860844  63.860844   0.000000   0.000000  89.880479 292.013476 279.152987   0.070830   0.161096 287.380436   0.146384
  1611 592.059307 294.742312 337.102991 179.724166  64.261114  64.261114   0.000000   0.000000  90.023421 292.083561 279.203096   0.070567   0.161094 287.424618   0.146346
  1612 593.779422 295.003571 338.270530 180.378523  64.658460  64.658460   0.000000   0.000000  90.163260 292.153089 279.253087   0.070306   0.161092 287.468405   0.146307
  1613 595.481476 295.262803 339.425290 181.026075  65.052861  65.052861   0.000000   0.000000  90.300016 292.222061 279.302959   0.070046   0.161091 287.511801   0.146269
  1614 597.165423 295.520026 340.567248 181.666800  65.444293  65.444293   0.000000   0.000000  90.433713 292.290480 279.352713   0.069789   0.161089 287.554811   0.146230
  1615 598.831217 295.775260 341.696381 182.300675  65.832737  65.832737   0.000000   0.000000  90.564372 292.358348 279.402346   0.069533   0.161088 287.597437   0.146191
  1616 600.478814 296.028521 342.812666 182.927680  66.218170  66.218170   0.000000   0.000000  90.692013 292.425667 279.451858   0.069280   0.161086 287.639685   0.146151
  1617 602.108170 296.279828 343.916081 183.547795  66.600572  66.600572   0.000000   0.000000  90.816659 292.492438 279.501249   0.069028   0.161085 287.681557   0.146111
  1618 603.719241 296.529199 345.006605 184.161000  66.979922  66.979922   0.000000   0.000000  90.938328 292.558666 279.550517   0.068778   0.161083 287.723058   0.146071
  1619 605.311986 296.776650 346.084215 184.767276  67.356199  67.356199   0.000000   0.000000  91.057041 292.624350 279.599662   0.068531   0.161081 287.764191   0.146031
  1620 606.886361 297.022200 347.148892 185.366603  67.729383  67.729383   0.000000   0.000000  91.172818 292.689494 279.648683   0.068285   0.161080 287.804960   0.145991
  1621 608.442326 297.265864 348.200613 185.960034  68.099541  68.099541   0.000000   0.000000  91.285677 292.754074 279.697580   0.068041   0.161078 287.845371   0.145950
  1622 609.979839 297.507671 349.239506 186.546663  68.466434  68.466434   0.000000   0.000000  91.395456 292.818096 279.746350   0.067798   0.161076 287.885430   0.145909
  1623 611.498860 297.747642 350.265523 187.126601  68.830089  68.830089   0.000000   0.000000  91.502217 292.881564 279.794995   0.067558   0.161075 287.925141   0.145868
  1624 612.999349 297.985798 351.278646 187.699804  69.190484  69.190484   0.000000   0.000000  91.605984 292.944480 279.843511   0.067320   0.161073 287.964508   0.145827
  1625 614.481266 298.222159 352.278854 188.266253  69.547608  69.547608   0.000000   0.000000  91.706781 293.006847 279.891900   0.067083   0.161071 288.003536   0.145786
  1626 615.944573 298.456742 353.266127 188.825926  69.901445  69.901445   0.000000   0.000000  91.804632 293.068668 279.940159   0.066849   0.161070 288.042228   0.145744
  1627 617.389231 298.689565 354.240446 189.378806  70.251979  70.251979   0.000000   0.000000  91.899561 293.129944 279.988289   0.066616   0.161068 288.080588   0.145702
  1628 618.815203 298.920647 355.201792 189.924874  70.599194  70.599194   0.000000   0.000000  91.991587 293.190678 280.036288   0.066385   0.161066 288.118619   0.145660
  1629 620.222452 299.150003 356.150146 190.464114  70.943072  70.943072   0.000000   0.000000  92.080731 293.250871 280.084155   0.066157   0.161065 288.156325   0.145617
  1630 621.610941 299.377649 357.085492 190.996511  71.283597  71.283597   0.000000   0.000000  92.167012 293.310525 280.131890   0.065930   0.161063 288.193710   0.145575
  1631 622.980634 299.603603 358.007812 191.522050  71.620752  71.620752   0.000000   0.000000  92.250448 293.369643 280.179492   0.065704   0.161061 288.230776   0.145532
  1632 624.331496 299.827878 358.917090 192.040717  71.954520  71.954520   0.000000   0.000000  92.331057 293.428225 280.226960   0.065481   0.161060 288.267528   0.145489
  1633 625.663491 300.050491 359.813311 192.552499  72.284884  72.284884   0.000000   0.000000  92.408855 293.486274 280.274294   0.065260   0.161058 288.303968   0.145446
  1634 626.976586 300.271456 360.696457 193.057384  72.611826  72.611826   0.000000   0.000000  92.483858 293.543790 280.321493   0.065040   0.161056 288.340099   0.145403
  1635 628.270746 300.490788 361.566516 193.555361  72.935329  72.935329   0.000000   0.000000  92.556084 293.600776 280.368555   0.064822   0.161054 288.375925   0.145359
  1636 629.545938 300.708501 362.423471 194.046418  73.255376  73.255376   0.000000   0.000000  92.625546 293.657232 280.415481   0.064606   0.161053 288.411449   0.145315
  1637 630.802129 300.924610 363.267308 194.530545  73.571951  73.571951   0.000000   0.000000  92.692259 293.713160 280.462269   0.064392   0.161051 288.446674   0.145271
  1638 632.039287 301.139128 364.098015 195.007733  73.885037  73.885037   0.000000   0.000000  92.756239 293.768561 280.508919   0.064180   0.161049 288.481603   0.145227
  1639 633.257381 301.352069 364.915577 195.477970  74.194616  74.194616   0.000000   0.000000  92.817498 293.823437 280.555430   0.063969   0.161047 288.516239   0.145183
  1640 634.456378 301.563447 365.719982 195.941249  74.500674  74.500674   0.000000   0.000000  92.876052 293.877789 280.601801   0.063761   0.161045 288.550584   0.145138
  1641 635.636249 301.773275 366.511217 196.397562  74.803193  74.803193   0.000000   0.000000  92.931912 293.931617 280.648032   0.063554   0.161044 288.584642   0.145094
  1642 636.796963 301.981566 367.289269 196.846899  75.102158  75.102158   0.000000   0.000000  92.985093 293.984923 280.694122   0.063348   0.161042 288.618416   0.145049
  1643 637.938491 302.188333 368.054128 197.289253  75.397553  75.397553   0.000000   0.000000  93.035607 294.037709 280.740071   0.063145   0.161040 288.651907   0.145004
  1644 639.060804 302.393589 368.805781 197.724617  75.689362  75.689362   0.000000   0.000000  93.083466 294.089974 280.785876   0.062943   0.161038 288.685120   0.144958
  1645 640.163872 302.597346 369.544218 198.152983  75.977570  75.977570   0.000000   0.000000  93.128683 294.141720 280.831539   0.062743   0.161036 288.718057   0.144913
  1646 641.247669 302.799617 370.269428 198.574346  76.262162  76.262162   0.000000   0.000000  93.171269 294.192949 280.877058   0.062545   0.161035 288.750721   0.144867
  1647 642.312166 303.000414 370.981400 198.988699  76.543123  76.543123   0.000000   0.000000  93.211236 294.243660 280.922432   0.062349   0.161033 288.783113   0.144822
  1648 643.357336 303.199750 371.680125 199.396035  76.820438  76.820438   0.000000   0.000000  93.248596 294.293856 280.967661   0.062154   0.161031 288.815237   0.144776
  1649 644.383154 303.397636 372.365592 199.796349  77.094093  77.094093   0.000000   0.000000  93.283360 294.343536 281.012745   0.061961   0.161029 288.847096   0.144730
  1650 645.389593 303.594084 373.037794 200.189636  77.364074  77.364074   0.000000   0.000000  93.315538 294.392702 281.057681   0.061769   0.161027 288.878692   0.144683
  1651 646.376627 303.789106 373.696720 200.575889  77.630367  77.630367   0.000000   0.000000  93.345142 294.441354 281.102471   0.061579   0.161025 288.910027   0.144637
  1652 647.344232 303.982714 374.342362 200.955105  77.892958  77.892958   0.000000   0.000000  93.372183 294.489494 281.147112   0.061391   0.161023 288.941105   0.144590
  1653 648.292383 304.174918 374.974712 201.327279  78.151834  78.151834   0.000000   0.000000  93.396669 294.537122 281.191606   0.061205   0.161022 288.971927   0.144544
  1654 649.221057 304.365730 375.593762 201.692406  78.406982  78.406982   0.000000   0.000000  93.418612 294.584238 281.235949   0.061020   0.161020 289.002495   0.144497
  1655 650.130230 304.555161 376.199504 202.050482  78.658389  78.658389   0.000000   0.000000  93.438022 294.630845 281.280143   0.060837   0.161018 289.032814   0.144450
  1656 651.019879 304.743222 376.791932 202.401503  78.906043  78.906043   0.000000   0.000000  93.454908 294.676941 281.324187   0.060655   0.161016 289.062884   0.144403
  1657 651.889982 304.929925 377.371037 202.745464  79.149931  79.149931   0.000000   0.000000  93.469280 294.722529 281.368079   0.060475   0.161014 289.092708   0.144355
  1658 652.740517 305.115279 377.936815 203.082363  79.390041  79.390041   0.000000   0.000000  93.481148 294.767609 281.411820   0.060296   0.161012 289.122288   0.144308
  1659 653.571463 305.299295 378.489258 203.412196  79.626361  79.626361   0.000000   0.000000  93.490521 294.812180 281.455408   0.060119   0.161010 289.151628   0.144260
  1660 654.382798 305.481984 379.028361 203.734960  79.858881  79.858881   0.000000   0.000000  93.497407 294.856245 281.498843   0.059944   0.161008 289.180728   0.144213
  1661 655.174503 305.663356 379.554118 204.050651  80.087588  80.087588   0.000000   0.000000  93.501816 294.899804 281.542124   0.059770   0.161006 289.209592   0.144165
  1662 655.946558 305.843422 380.066524 204.359267  80.312473  80.312473   0.000000   0.000000  93.503757 294.942857 281.585251   0.059598   0.161004 289.238221   0.144117
  1663 656.698943 306.022190 380.565573 204.660805  80.533524  80.533524   0.000000   0.000000  93.503238 294.985404 281.628223   0.059427   0.161003 289.266617   0.144069
  1664 657.431640 306.199673 381.051261 204.955261  80.750732  80.750732   0.000000   0.000000  93.500269 295.027447 281.671039   0.059258   0.161001 289.294784   0.144020
  1665 658.144631 306.375878 381.523585 205.242634  80.964086  80.964086   0.000000   0.000000  93.494857 295.068986 281.713699   0.059090   0.160999 289.322722   0.143972
  1666 658.837897 306.550817 381.982539 205.522921  81.173577  81.173577   0.000000   0.000000  93.487010 295.110022 281.756202   0.058924   0.160997 289.350435   0.143923
  1667 659.511421 306.724498 382.428120 205.796120  81.379194  81.379194   0.000000   0.000000  93.476738 295.150554 281.798547   0.058759   0.160995 289.377924   0.143875
  1668 660.165187 306.896931 382.860325 206.062228  81.580931  81.580931   0.000000   0.000000  93.464047 295.190584 281.840735   0.058595   0.160993 289.405191   0.143826
  1669 660.799178 307.068126 383.279151 206.321244  81.778776  81.778776   0.000000   0.000000  93.448946 295.230112 281.882763   0.058433   0.160991 289.432238   0.143777
  1670 661.413378 307.238091 383.684594 206.573165  81.972723  81.972723   0.000000   0.000000  93.431444 295.269139 281.924632   0.058273   0.160989 289.459067   0.143728
  1671 662.007773 307.406837 384.076653 206.817989  82.162762  82.162762   0.000000   0.000000  93.411546 295.307665 281.966341   0.058114   0.160987 289.485680   0.143679
  1672 662.582347 307.574371 384.455324 207.055715  82.348887  82.348887   0.000000   0.000000  93.389262 295.345690 282.007890   0.057956   0.160985 289.512080   0.143630
  1673 663.137087 307.740704 384.820607 207.286341  82.531089  82.531089   0.000000   0.000000  93.364599 295.383215 282.049277   0.057800   0.160983 289.538267   0.143581
  1674 663.671978 307.905843 385.172500 207.509864  82.709361  82.709361   0.000000   0.000000  93.337563 295.420240 282.090502   0.057645   0.160981 289.564245   0.143531
  1675 664.187007 308.069798 385.511001 207.726283  82.883697  82.883697   0.000000   0.000000  93.308163 295.456766 282.131565   0.057491   0.160979 289.590014   0.143482
  1676 664.682161 308.232577 385.836109 207.935597  83.054089  83.054089   0.000000   0.000000  93.276406 295.492793 282.172465   0.057339   0.160977 289.615577   0.143432
  1677 665.157429 308.394189 386.147824 208.137804  83.220532  83.220532   0.000000   0.000000  93.242299 295.528322 282.213201   0.057188   0.160975 289.640936   0.143382
  1678 665.612798 308.554642 386.446144 208.332902  83.383019  83.383019   0.000000   0.000000  93.205849 295.563353 282.253773   0.057039   0.160973 289.666091   0.143333
  1679 666.048257 308.713944 386.731071 208.520890  83.541546  83.541546   0.000000   0.000000  93.167062 295.597887 282.294180   0.056891   0.160971 289.691046   0.143283
  1680 666.463795 308.872103 387.002603 208.701765  83.696106  83.696106   0.000000   0.000000  93.125947 295.631923 282.334421   0.056744   0.160969 289.715802   0.143233
  1681 666.859402 309.029129 387.260742 208.875528  83.846694  83.846694   0.000000   0.000000  93.082509 295.665462 282.374497   0.056598   0.160967 289.740360   0.143183
  1682 667.235069 309.185027 387.505488 209.042175  83.993307  83.993307   0.000000   0.000000  93.036757 295.698505 282.414405   0.056454   0.160965 289.764722   0.143133
  1683 667.590786 309.339808 387.736842 209.201707  84.135939  84.135939   0.000000   0.000000  92.988695 295.731051 282.454147   0.056311   0.160963 289.788890   0.143082
  1684 667.926544 309.493477 387.954805 209.354120  84.274586  84.274586   0.000000   0.000000  92.938332 295.763102 282.493720   0.056169   0.160961 289.812865   0.143032
  1685 668.242334 309.646043 388.159378 209.499413  84.409246  84.409246   0.000000   0.000000  92.885673 295.794658 282.533125   0.056029   0.160959 289.836650   0.142982
  1686 668.538150 309.797514 388.350564 209.637586  84.539914  84.539914   0.000000   0.000000  92.830725 295.825718 282.572362   0.055889   0.160957 289.860245   0.142931
  1687 668.813984 309.947897 388.528364 209.768635  84.666587  84.666587   0.000000   0.000000  92.773495 295.856284 282.611428   0.055751   0.160955 289.883653   0.142881
  1688 669.069828 310.097198 388.692780 209.892561  84.789263  84.789263   0.000000   0.000000  92.713990 295.886355 282.650324   0.055615   0.160953 289.906874   0.142830
  1689 669.305677 310.245427 388.843816 210.009360  84.907939  84.907939   0.000000   0.000000  92.652215 295.915932 282.689050   0.055479   0.160951 289.929910   0.142780
  1690 669.521525 310.392588 388.981473 210.119032  85.022614  85.022614   0.000000   0.000000  92.588176 295.945015 282.727604   0.055345   0.160949 289.952764   0.142729
  1691 669.717367 310.538691 389.105755 210.221575  85.133285  85.133285   0.000000   0.000000  92.521882 295.973605 282.765986   0.055212   0.160947 289.975435   0.142678
  1692 669.893197 310.683741 389.216666 210.316986  85.239951  85.239951   0.000000   0.000000  92.453336 296.001702 282.804196   0.055080   0.160945 289.997927   0.142627
  1693 670.049012 310.827745 389.314208 210.405265  85.342611  85.342611   0.000000   0.000000  92.382547 296.029306 282.842232   0.054949   0.160943 290.020239   0.142577
  1694 670.184807 310.970710 389.398385 210.486409  85.441264  85.441264   0.000000   0.000000  92.309520 296.056418 282.880095   0.054819   0.160940 290.042374   0.142526
  1695 670.300580 311.112642 389.469202 210.560416  85.535910  85.535910   0.000000   0.000000  92.234260 296.083037 282.917784   0.054691   0.160938 290.064333   0.142475
  1696 670.396326 311.253549 389.526662 210.627284  85.626549  85.626549   0.000000   0.000000  92.156775 296.109165 282.955298   0.054563   0.160936 290.086117   0.142424
  1697 670.472045 311.393436 389.570771 210.687012  85.713180  85.713180   0.000000   0.000000  92.077071 296.134801 282.992636   0.054437   0.160934 290.107727   0.142373
  1698 670.527734 311.532310 389.601533 210.739597  85.795805  85.795805   0.000000   0.000000  91.995153 296.159946 283.029799   0.054312   0.160932 290.129165   0.142321
  1699 670.563391 311.670177 389.618953 210.785037  85.874425  85.874425   0.000000   0.000000  91.911028 296.184599 283.066785   0.054188   0.160930 290.150432   0.142270
  1700 670.579017 311.807043 389.623036 210.823329  85.949040  85.949040   0.000000   0.000000  91.824701 296.208763 283.103594   0.054065   0.160928 290.171530   0.142219
  1701 670.574609 311.942914 389.613788 210.854472  86.019653  86.019653   0.000000   0.000000  91.736179 296.232435 283.140226   0.053943   0.160926 290.192459   0.142168
  1702 670.550170 312.077796 389.591215 210.878463  86.086264  86.086264   0.000000   0.000000  91.645467 296.255618 283.176679   0.053823   0.160924 290.213220   0.142117
  1703 670.505698 312.211694 389.555321 210.895299  86.148877  86.148877   0.000000   0.000000  91.552572 296.278311 283.212954   0.053703   0.160922 290.233816   0.142065
  1704 670.441196 312.344614 389.506115 210.904977  86.207493  86.207493   0.000000   0.000000  91.457500 296.300515 283.249050   0.053584   0.160920 290.254246   0.142014
  1705 670.356665 312.476562 389.443601 210.907496  86.262116  86.262116   0.000000   0.000000  91.360257 296.322229 283.284965   0.053467   0.160918 290.274512   0.141963
  1706 670.252107 312.607544 389.367787 210.902852  86.312749  86.312749   0.000000   0.000000  91.260847 296.343455 283.320701   0.053350   0.160916 290.294616   0.141912
  1707 670.127524 312.737563 389.278679 210.891043  86.359396  86.359396   0.000000   0.000000  91.159279 296.364192 283.356255   0.053235   0.160914 290.314557   0.141860
  1708 669.982920 312.866627 389.176285 210.872064  86.402059  86.402059   0.000000   0.000000  91.055556 296.384441 283.391628   0.053121   0.160912 290.334338   0.141809
  1709 669.818298 312.994739 389.060612 210.845914  86.440744  86.440744   0.000000   0.000000  90.949686 296.404202 283.426820   0.053007   0.160910 290.353959   0.141757
  1710 669.633662 313.121905 388.931667 210.812590  86.475455  86.475455   0.000000   0.000000  90.841674 296.423475 283.461828   0.052895   0.160907 290.373421   0.141706
  1711 669.429017 313.248129 388.789458 210.772087  86.506196  86.506196   0.000000   0.000000  90.731526 296.442261 283.496654   0.052783   0.160905 290.392725   0.141655
  1712 669.204368 313.373417 388.633993 210.724402  86.532974  86.532974   0.000000   0.000000  90.619249 296.460560 283.531297   0.052673   0.160903 290.411872   0.141603
  1713 668.959720 313.497773 388.465281 210.669532  86.555792  86.555792   0.000000   0.000000  90.504847 296.478373 283.565755   0.052564   0.160901 290.430863   0.141552
  1714 668.695079 313.621201 388.283329 210.607474  86.574658  86.574658   0.000000   0.000000  90.388326 296.495699 283.600028   0.052455   0.160899 290.449698   0.141500
  1715 668.410452 313.743707 388.088147 210.538223  86.589577  86.589577   0.000000   0.000000  90.269694 296.512539 283.634117   0.052348   0.160897 290.468380   0.141449
  1716 668.105847 313.865294 387.879743 210.461776  86.600555  86.600555   0.000000   0.000000  90.148955 296.528894 283.668020   0.052242   0.160895 290.486907   0.141398
  1717 667.781270 313.985966 387.658126 210.378129  86.607599  86.607599   0.000000   0.000000  90.026116 296.544763 283.701737   0.052136   0.160893 290.505282   0.141346
  1718 667.436729 314.105728 387.423306 210.287278  86.610717  86.610717   0.000000   0.000000  89.901181 296.560147 283.735267   0.052031   0.160891 290.523505   0.141295
  1719 667.072233 314.224584 387.175291 210.189218  86.609915  86.609915   0.000000   0.000000  89.774159 296.575046 283.768610   0.051928   0.160889 290.541577   0.141243
  1720 666.687791 314.342537 386.914092 210.083946  86.605202  86.605202   0.000000   0.000000  89.645053 296.589461 283.801765   0.051825   0.160887 290.559497   0.141192
  1721 666.283413 314.459592 386.639719 209.971457  86.596585  86.596585   0.000000   0.000000  89.513871 296.603392 283.834733   0.051723   0.160885 290.577268   0.141141
  1722 665.859108 314.575752 386.352182 209.851747  86.584072  86.584072   0.000000   0.000000  89.380618 296.616840 283.867511   0.051623   0.160883 290.594890   0.141089
  1723 665.414888 314.691020 386.051490 209.724811  86.567672  86.567672   0.000000   0.000000  89.245300 296.629804 283.900101   0.051523   0.160880 290.612363   0.141038
  1724 664.950762 314.805400 385.737655 209.590644  86.547395  86.547395   0.000000   0.000000  89.107922 296.642285 283.932500   0.051424   0.160878 290.629687   0.140987
  1725 664.466743 314.918896 385.410688 209.449242  86.523248  86.523248   0.000000   0.000000  88.968492 296.654284 283.964710   0.051326   0.160876 290.646865   0.140936
  1726 663.962842 315.031510 385.070599 209.300599  86.495242  86.495242   0.000000   0.000000  88.827015 296.665800 283.996729   0.051228   0.160874 290.663895   0.140884
  1727 663.439072 315.143245 384.717399 209.144712  86.463387  86.463387   0.000000   0.000000  88.683496 296.676834 284.028557   0.051132   0.160872 290.680778   0.140833
  1728 662.895446 315.254105 384.351100 208.981574  86.427692  86.427692   0.000000   0.000000  88.537943 296.687387 284.060193   0.051037   0.160870 290.697516   0.140782
  1729 662.331977 315.364093 383.971713 208.811182  86.388168  86.388168   0.000000   0.000000  88.390360 296.697459 284.091637   0.050942   0.160868 290.714108   0.140731
  1730 661.748680 315.473210 383.579250 208.633528  86.344825  86.344825   0.000000   0.000000  88.240754 296.707051 284.122889   0.050848   0.160866 290.730556   0.140680
  1731 661.145569 315.581461 383.173724 208.448609  86.297675  86.297675   0.000000   0.000000  88.089131 296.716162 284.153948   0.050755   0.160864 290.746858   0.140629
  1732 660.522659 315.688847 382.755146 208.256418  86.246728  86.246728   0.000000   0.000000  87.935497 296.724793 284.184813   0.050663   0.160862 290.763016   0.140578
  1733 659.879965 315.795371 382.323529 208.056950  86.191997  86.191997   0.000000   0.000000  87.779858 296.732944 284.215484   0.050572   0.160860 290.779030   0.140527
  1734 659.217503 315.901035 381.878885 207.850200  86.133492  86.133492   0.000000   0.000000  87.622220 296.740616 284.245961   0.050482   0.160858 290.794901   0.140476
  1735 658.535291 316.005841 381.421227 207.636161  86.071226  86.071226   0.000000   0.000000  87.462589 296.747810 284.276243   0.050392   0.160856 290.810628   0.140425
  1736 657.833344 316.109791 380.950569 207.414829  86.005212  86.005212   0.000000   0.000000  87.300971 296.754525 284.306329   0.050303   0.160854 290.826212   0.140374
  1737 657.111680 316.212888 380.466923 207.186197  85.935462  85.935462   0.000000   0.000000  87.137373 296.760763 284.336220   0.050215   0.160851 290.841653   0.140324
  1738 656.370318 316.315133 379.970304 206.950260  85.861988  85.861988   0.000000   0.000000  86.971800 296.766523 284.365914   0.050128   0.160849 290.856952   0.140273
  1739 655.609276 316.416528 379.460724 206.707010  85.784804  85.784804   0.000000   0.000000  86.804258 296.771805 284.395412   0.050042   0.160847 290.872108   0.140222
  1740 654.828573 316.517075 378.938197 206.456444  85.703924  85.703924   0.000000   0.000000  86.634755 296.776612 284.424713   0.049956   0.160845 290.887122   0.140172
  1741 654.028228 316.616774 378.402738 206.198553  85.619361  85.619361   0.000000   0.000000  86.463295 296.780942 284.453815   0.049872   0.160843 290.901994   0.140121
  1742 653.208261 316.715628 377.854362 205.933333  85.531129  85.531129   0.000000   0.000000  86.289885 296.784796 284.482720   0.049788   0.160841 290.916724   0.140071
  1743 652.368694 316.813638 377.293081 205.660777  85.439241  85.439241   0.000000   0.000000  86.114531 296.788175 284.511427   0.049705   0.160839 290.931312   0.140020
  1744 651.509546 316.910805 376.718912 205.380878  85.343714  85.343714   0.000000   0.000000  85.937239 296.791080 284.539934   0.049622   0.160837 290.945758   0.139970
  1745 650.630840 317.007130 376.131870 205.093632  85.244560  85.244560   0.000000   0.000000  85.758016 296.793509 284.568243   0.049541   0.160835 290.960062   0.139920
  1746 649.732598 317.102614 375.531968 204.799030  85.141796  85.141796   0.000000   0.000000  85.576867 296.795465 284.596351   0.049460   0.160833 290.974225   0.139870
  1747 648.814842 317.197258 374.919224 204.497067  85.035436  85.035436   0.000000   0.000000  85.393800 296.796948 284.624259   0.049380   0.160831 290.988246   0.139820
  1748 647.877595 317.291063 374.293652 204.187737  84.925496  84.925496   0.000000   0.000000  85.208820 296.797958 284.651967   0.049300   0.160829 291.002124   0.139770
  1749 646.920881 317.384029 373.655268 203.871033  84.811991  84.811991   0.000000   0.000000  85.021933 296.798495 284.679474   0.049222   0.160827 291.015861   0.139720
  1750 645.944724 317.476156 373.004088 203.546949  84.694938  84.694938   0.000000   0.000000  84.833145 296.798560 284.706779   0.049144   0.160825 291.029456   0.139670
  1751 644.949149 317.567446 372.340129 203.215478  84.574351  84.574351   0.000000   0.000000  84.642464 296.798153 284.733883   0.049067   0.160823 291.042909   0.139620
  1752 643.934180 317.657898 371.663407 202.876614  84.450249  84.450249   0.000000   0.000000  84.449895 296.797276 284.760784   0.048990   0.160821 291.056219   0.139571
  1753 642.899844 317.747513 370.973940 202.530351  84.322646  84.322646   0.000000   0.000000  84.255444 296.795928 284.787482   0.048915   0.160819 291.069387   0.139521
  1754 641.846167 317.836291 370.271743 202.176682  84.191561  84.191561   0.000000   0.000000  84.059118 296.794110 284.813978   0.048840   0.160817 291.082412   0.139472
  1755 640.773174 317.924232 369.556834 201.815601  84.057009  84.057009   0.000000   0.000000  83.860923 296.791822 284.840270   0.048765   0.160815 291.095294   0.139422
  1756 639.680895 318.011336 368.829230 201.447102  83.919009  83.919009   0.000000   0.000000  83.660865 296.789066 284.866358   0.048692   0.160813 291.108034   0.139373
  1757 638.569355 318.097601 368.088950 201.071177  83.777576  83.777576   0.000000   0.000000  83.458951 296.785841 284.892242   0.048619   0.160811 291.120629   0.139324
  1758 637.438585 318.183029 367.336011 200.687822  83.632730  83.632730   0.000000   0.000000  83.255187 296.782148 284.917922   0.048547   0.160809 291.133081   0.139275
  1759 636.288611 318.267619 366.570431 200.297029  83.484488  83.484488   0.000000   0.000000  83.049579 296.777987 284.943397   0.048475   0.160807 291.145390   0.139226
  1760 635.119464 318.351370 365.792229 199.898793  83.332868  83.332868   0.000000   0.000000  82.842133 296.773360 284.968666   0.048405   0.160805 291.157553   0.139177
  1761 633.931174 318.434282 365.001424 199.493107  83.177887  83.177887   0.000000   0.000000  82.632856 296.768266 284.993729   0.048334   0.160803 291.169572   0.139129
  1762 632.723770 318.516353 364.198033 199.079966  83.019565  83.019565   0.000000   0.000000  82.421755 296.762706 285.018587   0.048265   0.160801 291.181446   0.139080
  1763 631.497285 318.597584 363.382077 198.659362  82.857920  82.857920   0.000000   0.000000  82.208835 296.756681 285.043238   0.048196   0.160799 291.193174   0.139032
  1764 630.251748 318.677972 362.553575 198.231291  82.692971  82.692971   0.000000   0.000000  81.994102 296.750191 285.067682   0.048128   0.160797 291.204757   0.138983
  1765 628.987192 318.757518 361.712546 197.795747  82.524736  82.524736   0.000000   0.000000  81.777564 296.743237 285.091919   0.048061   0.160795 291.216193   0.138935
  1766 627.703650 318.836219 360.859010 197.352723  82.353235  82.353235   0.000000   0.000000  81.559226 296.735819 285.115948   0.047994   0.160793 291.227482   0.138887
  1767 626.401155 318.914076 359.992988 196.902215  82.178486  82.178486   0.000000   0.000000  81.339095 296.727938 285.139770   0.047928   0.160791 291.238624   0.138839
  1768 625.079740 318.991085 359.114500 196.444215  82.000510  82.000510   0.000000   0.000000  81.117177 296.719595 285.163383   0.047863   0.160789 291.249617   0.138791
  1769 623.739439 319.067247 358.223566 195.978720  81.819326  81.819326   0.000000   0.000000  80.893479 296.710789 285.186788   0.047798   0.160787 291.260463   0.138743
  1770 622.380287 319.142559 357.320209 195.505724  81.634953  81.634953   0.000000   0.000000  80.668006 296.701522 285.209984   0.047734   0.160785 291.271159   0.138695
  1771 621.002320 319.217019 356.404447 195.025221  81.447412  81.447412   0.000000   0.000000  80.440766 296.691794 285.232971   0.047670   0.160783 291.281706   0.138648
  1772 619.605572 319.290627 355.476305 194.537206  81.256722  81.256722   0.000000   0.000000  80.211763 296.681606 285.255748   0.047607   0.160781 291.292102   0.138601
  1773 618.190080 319.363381 354.535802 194.041675  81.062904  81.062904   0.000000   0.000000  79.981005 296.670958 285.278315   0.047545   0.160779 291.302348   0.138553
  1774 616.755881 319.435277 353.582962 193.538622  80.865978  80.865978   0.000000   0.000000  79.748498 296.659850 285.300672   0.047483   0.160777 291.312442   0.138506
  1775 615.303013 319.506315 352.617806 193.028044  80.665965  80.665965   0.000000   0.000000  79.514249 296.648285 285.322818   0.047422   0.160775 291.322384   0.138459
  1776 613.831513 319.576493 351.640357 192.509935  80.462885  80.462885   0.000000   0.000000  79.278263 296.636261 285.344754   0.047362   0.160773 291.332172   0.138412
  1777 612.341419 319.645808 350.650639 191.984292  80.256758  80.256758   0.000000   0.000000  79.040546 296.623779 285.366478   0.047302   0.160771 291.341808   0.138366
  1778 610.832772 319.714258 349.648674 191.451109  80.047607  80.047607   0.000000   0.000000  78.801106 296.610841 285.387991   0.047243   0.160769 291.351289   0.138319
  1779 609.305609 319.781841 348.634486 190.910384  79.835451  79.835451   0.000000   0.000000  78.559948 296.597446 285.409292   0.047185   0.160768 291.360615   0.138273
  1780 607.759973 319.848554 347.608098 190.362112  79.620312  79.620312   0.000000   0.000000  78.317078 296.583596 285.430381   0.047127   0.160766 291.369785   0.138227
  1781 606.195902 319.914395 346.569535 189.806291  79.402211  79.402211   0.000000   0.000000  78.072503 296.569290 285.451258   0.047069   0.160764 291.378798   0.138180
  1782 604.613439 319.979361 345.518822 189.242915  79.181169  79.181169   0.000000   0.000000  77.826229 296.554530 285.471921   0.047012   0.160762 291.387654   0.138135
  1783 603.012625 320.043449 344.455983 188.671984  78.957208  78.957208   0.000000   0.000000  77.578262 296.539316 285.492372   0.046956   0.160760 291.396351   0.138089
  1784 601.393503 320.106658 343.381042 188.093493  78.730350  78.730350   0.000000   0.000000  77.328609 296.523649 285.512610   0.046901   0.160758 291.404889   0.138043
  1785 599.756116 320.168984 342.294027 187.507440  78.500615  78.500615   0.000000   0.000000  77.077275 296.507529 285.532634   0.046846   0.160756 291.413268   0.137998
  1786 598.100507 320.230424 341.194961 186.913823  78.268027  78.268027   0.000000   0.000000  76.824267 296.490957 285.552444   0.046791   0.160754 291.421485   0.137952
  1787 596.426720 320.290975 340.083871 186.312639  78.032606  78.032606   0.000000   0.000000  76.569590 296.473933 285.572040   0.046737   0.160752 291.429541   0.137907
  1788 594.734801 320.350634 338.960785 185.703886  77.794375  77.794375   0.000000   0.000000  76.313251 296.456458 285.591421   0.046684   0.160751 291.437433   0.137862
  1789 593.024794 320.409398 337.825727 185.087564  77.553355  77.553355   0.000000   0.000000  76.055257 296.438532 285.610588   0.046632   0.160749 291.445163   0.137817
  1790 591.296745 320.467265 336.678726 184.463670  77.309570  77.309570   0.000000   0.000000  75.795612 296.420157 285.629539   0.046579   0.160747 291.452727   0.137773
  1791 589.550702 320.524230 335.519808 183.832204  77.063040  77.063040   0.000000   0.000000  75.534324 296.401333 285.648276   0.046528   0.160745 291.460126   0.137728
  1792 587.786710 320.580290 334.349002 183.193164  76.813789  76.813789   0.000000   0.000000  75.271398 296.382060 285.666797   0.046477   0.160743 291.467358   0.137684
  1793 586.004818 320.635442 333.166335 182.546551  76.561838  76.561838   0.000000   0.000000  75.006840 296.362339 285.685102   0.046426   0.160741 291.474423   0.137640
  1794 584.205073 320.689682 331.971836 181.892364  76.307210  76.307210   0.000000   0.000000  74.740656 296.342170 285.703191   0.046377   0.160739 291.481319   0.137596
  1795 582.387526 320.743008 330.765534 181.230603  76.049928  76.049928   0.000000   0.000000  74.472853 296.321555 285.721064   0.046327   0.160738 291.488045   0.137552
  1796 580.552224 320.795414 329.547457 180.561268  75.790014  75.790014   0.000000   0.000000  74.203435 296.300494 285.738721   0.046278   0.160736 291.494600   0.137508
  1797 578.699219 320.846898 328.317636 179.884361  75.527490  75.527490   0.000000   0.000000  73.932410 296.278986 285.756160   0.046230   0.160734 291.500984   0.137465
  1798 576.828561 320.897456 327.076100 179.199883  75.262380  75.262380   0.000000   0.000000  73.659783 296.257034 285.773383   0.046182   0.160732 291.507195   0.137421
  1799 574.940301 320.947084 325.822880 178.507835  74.994706  74.994706   0.000000   0.000000  73.385560 296.234638 285.790388   0.046135   0.160730 291.513232   0.137378
  1800 573.034492 320.995779 324.558006 177.808219  74.724491  74.724491   0.000000   0.000000  73.109747 296.211797 285.807176   0.046089   0.160729 291.519094   0.137335
  1801 571.111185 321.043535 323.281509 177.101569  74.451807  74.451807   0.000000   0.000000  72.832349 296.188500 285.823746   0.046043   0.160727 291.524781   0.137293
  1802 569.170434 321.090357 321.993497 176.387430  74.176560  74.176560   0.000000   0.000000  72.553283 296.164752 285.840098   0.045997   0.160725 291.530292   0.137250
  1803 567.212294 321.136242 320.693983 175.665859  73.898799  73.898799   0.000000   0.000000  72.272580 296.140553 285.856231   0.045952   0.160723 291.535628   0.137208
  1804 565.236817 321.181189 319.382999 174.936839  73.618553  73.618553   0.000000   0.000000  71.990252 296.115904 285.872145   0.045907   0.160721 291.540787   0.137165
  1805 563.244060 321.225196 318.060572 174.200364  73.335849  73.335849   0.000000   0.000000  71.706312 296.090808 285.887841   0.045863   0.160720 291.545768   0.137123
  1806 561.234078 321.268258 316.726733 173.456430  73.050715  73.050715   0.000000   0.000000  71.420771 296.065266 285.903317   0.045820   0.160718 291.550570   0.137082
  1807 559.206928 321.310373 315.381511 172.705032  72.763178  72.763178   0.000000   0.000000  71.133642 296.039279 285.918574   0.045777   0.160716 291.555191   0.137040
  1808 557.162666 321.351536 314.024938 171.946168  72.473264  72.473264   0.000000   0.000000  70.844933 296.012847 285.933611   0.045735   0.160714 291.559631   0.136999
  1809 555.101351 321.391745 312.657046 171.179837  72.181000  72.181000   0.000000   0.000000  70.554655 295.985973 285.948428   0.045693   0.160713 291.563887   0.136957
  1810 553.023040 321.430994 311.277866 170.406039  71.886410  71.886410   0.000000   0.000000  70.262817 295.958657 285.963025   0.045651   0.160711 291.567960   0.136916
  1811 550.927794 321.469278 309.887431 169.624772  71.589521  71.589521   0.000000   0.000000  69.969427 295.930900 285.977401   0.045610   0.160709 291.571847   0.136875
  1812 548.815670 321.506594 308.485774 168.836040  71.290358  71.290358   0.000000   0.000000  69.674495 295.902704 285.991557   0.045570   0.160708 291.575547   0.136835
  1813 546.686731 321.542936 307.072931 168.039843  70.988944  70.988944   0.000000   0.000000  69.378028 295.874068 286.005492   0.045530   0.160706 291.579059   0.136794
  1814 544.541038 321.578300 305.648934 167.236185  70.685306  70.685306   0.000000   0.000000  69.080033 295.844994 286.019205   0.045490   0.160704 291.582381   0.136754
  1815 542.378651 321.612681 304.213819 166.425069  70.379468  70.379468   0.000000   0.000000  68.780520 295.815483 286.032698   0.045452   0.160703 291.585512   0.136714
  1816 540.199633 321.646072 302.767622 165.606500  70.071454  70.071454   0.000000   0.000000  68.479495 295.785535 286.045969   0.045413   0.160701 291.588450   0.136674
  1817 538.004048 321.678470 301.310379 164.780483  69.761288  69.761288   0.000000   0.000000  68.176965 295.755152 286.059018   0.045375   0.160699 291.591194   0.136635
  1818 535.791960 321.709869 299.842126 163.947023  69.448996  69.448996   0.000000   0.000000  67.872937 295.724334 286.071846   0.045338   0.160697 291.593743   0.136595
  1819 533.563433 321.740264 298.362900 163.106128  69.134601  69.134601   0.000000   0.000000  67.567419 295.693082 286.084451   0.045301   0.160696 291.596094   0.136556
  1820 531.318533 321.769649 296.872740 162.257803  68.818126  68.818126   0.000000   0.000000  67.260417 295.661397 286.096835   0.045264   0.160694 291.598247   0.136517
  1821 529.057326 321.798019 295.371684 161.402058  68.499598  68.499598   0.000000   0.000000  66.951939 295.629280 286.108996   0.045228   0.160693 291.600200   0.136478
  1822 526.779878 321.825368 293.859770 160.538901  68.179038  68.179038   0.000000   0.000000  66.641989 295.596730 286.120934   0.045193   0.160691 291.601952   0.136440
  1823 524.486257 321.851692 292.337038 159.668341  67.856472  67.856472   0.000000   0.000000  66.330575 295.563750 286.132650   0.045158   0.160689 291.603500   0.136401
  1824 522.176533 321.876983 290.803529 158.790389  67.531923  67.531923   0.000000   0.000000  66.017704 295.530340 286.144142   0.045123   0.160688 291.604844   0.136363
  1825 519.850773 321.901237 289.259282 157.905054  67.205414  67.205414   0.000000   0.000000  65.703381 295.496500 286.155412   0.045089   0.160686 291.605982   0.136325
  1826 517.509047 321.924448 287.704338 157.012349  66.876970  66.876970   0.000000   0.000000  65.387612 295.462231 286.166459   0.045055   0.160684 291.606912   0.136288
  1827 515.151427 321.946611 286.138740 156.112285  66.546614  66.546614   0.000000   0.000000  65.070405 295.427534 286.177282   0.045022   0.160683 291.607632   0.136250
  1828 512.777984 321.967718 284.562530 155.204876  66.214370  66.214370   0.000000   0.000000  64.751763 295.392410 286.187882   0.044990   0.160681 291.608142   0.136213
  1829 510.388790 321.987766 282.975751 154.290135  65.880262  65.880262   0.000000   0.000000  64.431694 295.356858 286.198258   0.044957   0.160680 291.608439   0.136176
  1830 507.983918 322.006748 281.378445 153.368076  65.544312  65.544312   0.000000   0.000000  64.110203 295.320881 286.208410   0.044926   0.160678 291.608522   0.136139
  1831 505.563443 322.024658 279.770658 152.438714  65.206544  65.206544   0.000000   0.000000  63.787297 295.284479 286.218339   0.044894   0.160677 291.608389   0.136102
  1832 503.127438 322.041490 278.152434 151.502065  64.866981  64.866981   0.000000   0.000000  63.462979 295.247651 286.228043   0.044863   0.160675 291.608039   0.136066
  1833 500.675980 322.057239 276.523819 150.558146  64.525647  64.525647   0.000000   0.000000  63.137257 295.210400 286.237523   0.044833   0.160673 291.607470   0.136030
  1834 498.209144 322.071898 274.884857 149.606973  64.182566  64.182566   0.000000   0.000000  62.810136 295.172725 286.246779   0.044803   0.160672 291.606681   0.135994
  1835 495.727009 322.085462 273.235597 148.648565  63.837759  63.837759   0.000000   0.000000  62.481620 295.134627 286.255810   0.044774   0.160670 291.605669   0.135958
  1836 493.229652 322.097924 271.576085 147.682941  63.491250  63.491250   0.000000   0.000000  62.151716 295.096107 286.264617   0.044745   0.160669 291.604434   0.135923
  1837 490.717152 322.109279 269.906368 146.710119  63.143063  63.143063   0.000000   0.000000  61.820429 295.057166 286.273199   0.044716   0.160667 291.602973   0.135887
  1838 488.189589 322.119521 268.226497 145.730120  62.793220  62.793220   0.000000   0.000000  61.487764 295.017803 286.281557   0.044688   0.160666 291.601285   0.135852
  1839 485.647045 322.128643 266.536519 144.742966  62.441744  62.441744   0.000000   0.000000  61.153725 294.978020 286.289689   0.044660   0.160664 291.599368   0.135818
  1840 483.089600 322.136640 264.836485 143.748678  62.088658  62.088658   0.000000   0.000000  60.818320 294.937818 286.297596   0.044633   0.160663 291.597220   0.135783
  1841 480.517338 322.143505 263.126445 142.747278  61.733984  61.733984   0.000000   0.000000  60.481551 294.897196 286.305278   0.044606   0.160661 291.594840   0.135749
  1842 477.930342 322.149233 261.406451 141.738791  61.377745  61.377745   0.000000   0.000000  60.143425 294.856156 286.312735   0.044580   0.160660 291.592227   0.135715
  1843 475.328696 322.153817 259.676555 140.723240  61.019965  61.019965   0.000000   0.000000  59.803946 294.814698 286.319967   0.044554   0.160658 291.589377   0.135681
  1844 472.712487 322.157252 257.936809 139.700650  60.660664  60.660664   0.000000   0.000000  59.463119 294.772822 286.326972   0.044528   0.160657 291.586291   0.135647
  1845 470.081800 322.159530 256.187267 138.671048  60.299867  60.299867   0.000000   0.000000  59.120949 294.730530 286.333753   0.044503   0.160656 291.582965   0.135614
  1846 467.436724 322.160646 254.427982 137.634460  59.937594  59.937594   0.000000   0.000000  58.777441 294.687821 286.340307   0.044479   0.160654 291.579398   0.135581
  1847 464.777346 322.160594 252.659011 136.590915  59.573869  59.573869   0.000000   0.000000  58.432599 294.644697 286.346636   0.044455   0.160653 291.575588   0.135548
  1848 462.103757 322.159367 250.880409 135.540439  59.208714  59.208714   0.000000   0.000000  58.086429 294.601158 286.352739   0.044431   0.160651 291.571535   0.135515
  1849 459.416046 322.156960 249.092231 134.483064  58.842151  58.842151   0.000000   0.000000  57.738935 294.557204 286.358615   0.044407   0.160650 291.567235   0.135483
  1850 456.714307 322.153366 247.294536 133.418819  58.474201  58.474201   0.000000   0.000000  57.390120 294.512836 286.364266   0.044385   0.160648 291.562687   0.135450
  1851 453.998630 322.148579 245.487382 132.347736  58.104887  58.104887   0.000000   0.000000  57.039991 294.468055 286.369690   0.044362   0.160647 291.557889   0.135419
  1852 451.269111 322.142592 243.670827 131.269846  57.734231  57.734231   0.000000   0.000000  56.688552 294.422861 286.374888   0.044340   0.160646 291.552840   0.135387
  1853 448.525844 322.135399 241.844931 130.185183  57.362255  57.362255   0.000000   0.000000  56.335806 294.377254 286.379860   0.044318   0.160644 291.547537   0.135355
  1854 445.768925 322.126995 240.009754 129.093780  56.988980  56.988980   0.000000   0.000000  55.981759 294.331236 286.384605   0.044297   0.160643 291.541979   0.135324
  1855 442.998452 322.117372 238.165359 127.995674  56.614427  56.614427   0.000000   0.000000  55.626415 294.284806 286.389124   0.044277   0.160642 291.536164   0.135293
  1856 440.214523 322.106524 236.311807 126.890899  56.238619  56.238619   0.000000   0.000000  55.269777 294.237966 286.393416   0.044256   0.160640 291.530090   0.135262
  1857 437.417237 322.094446 234.449161 125.779493  55.861577  55.861577   0.000000   0.000000  54.911851 294.190715 286.397481   0.044236   0.160639 291.523755   0.135232
  1858 434.606695 322.081130 232.577485 124.661494  55.483322  55.483322   0.000000   0.000000  54.552641 294.143055 286.401319   0.044217   0.160638 291.517158   0.135202
  1859 431.783001 322.066571 230.696845 123.536941  55.103876  55.103876   0.000000   0.000000  54.192150 294.094985 286.404931   0.044198   0.160636 291.510296   0.135172
  1860 428.946256 322.050761 228.807307 122.405874  54.723259  54.723259   0.000000   0.000000  53.830383 294.046507 286.408315   0.044179   0.160635 291.503167   0.135142
  1861 426.096565 322.033695 226.908936 121.268333  54.341493  54.341493   0.000000   0.000000  53.467345 293.997621 286.411472   0.044161   0.160634 291.495770   0.135113
  1862 423.234035 322.015366 225.001801 120.124362  53.958598  53.958598   0.000000   0.000000  53.103039 293.948327 286.414402   0.044143   0.160632 291.488102   0.135083
  1863 420.358772 321.995768 223.085971 118.974004  53.574597  53.574597   0.000000   0.000000  52.737469 293.898625 286.417105   0.044125   0.160631 291.480162   0.135054
  1864 417.470886 321.974894 221.161516 117.817302  53.189508  53.189508   0.000000   0.000000  52.370639 293.848517 286.419581   0.044108   0.160630 291.471947   0.135026
  1865 414.570486 321.952738 219.228505 116.654303  52.803354  52.803354   0.000000   0.000000  52.002554 293.798003 286.421829   0.044092   0.160628 291.463455   0.134997
  1866 411.657683 321.929293 217.287012 115.485053  52.416154  52.416154   0.000000   0.000000  51.633218 293.747083 286.423850   0.044076   0.160627 291.454686   0.134969
  1867 408.732591 321.904553 215.337109 114.309600  52.027929  52.027929   0.000000   0.000000  51.262633 293.695758 286.425643   0.044060   0.160626 291.445635   0.134941
  1868 405.795324 321.878512 213.378870 113.127993  51.638699  51.638699   0.000000   0.000000  50.890805 293.644029 286.427209   0.044044   0.160625 291.436302   0.134913
  1869 402.845998 321.851162 211.412370 111.940283  51.248486  51.248486   0.000000   0.000000  50.517738 293.591895 286.428547   0.044029   0.160623 291.426684   0.134886
  1870 399.884730 321.822497 209.437685 110.746520  50.857308  50.857308   0.000000   0.000000  50.143434 293.539357 286.429658   0.044015   0.160622 291.416779   0.134859
  1871 396.911639 321.792511 207.454893 109.546758  50.465185  50.465185   0.000000   0.000000  49.767898 293.486416 286.430540   0.044001   0.160621 291.406585   0.134832
  1872 393.926846 321.761197 205.464072 108.341051  50.072139  50.072139   0.000000   0.000000  49.391134 293.433073 286.431195   0.043987   0.160620 291.396100   0.134805
  1873 390.930472 321.728548 203.465302 107.129453  49.678188  49.678188   0.000000   0.000000  49.013145 293.379327 286.431622   0.043973   0.160619 291.385321   0.134778
  1874 387.922642 321.694558 201.458664 105.912023  49.283352  49.283352   0.000000   0.000000  48.633936 293.325179 286.431821   0.043960   0.160617 291.374246   0.134752
  1875 384.903481 321.659220 199.444241 104.688818  48.887650  48.887650   0.000000   0.000000  48.253509 293.270630 286.431792   0.043948   0.160616 291.362873   0.134726
  1876 381.873117 321.622528 197.422114 103.459896  48.491103  48.491103   0.000000   0.000000  47.871870 293.215680 286.431535   0.043936   0.160615 291.351200   0.134701
  1877 378.831678 321.584474 195.392371 102.225321  48.093729  48.093729   0.000000   0.000000  47.489021 293.160330 286.431049   0.043924   0.160614 291.339224   0.134675
  1878 375.779296 321.545052 193.355095 100.985152  47.695548  47.695548   0.000000   0.000000  47.104967 293.104580 286.430336   0.043913   0.160613 291.326943   0.134650
  1879 372.716103 321.504256 191.310376  99.739456  47.296577  47.296577   0.000000   0.000000  46.719710 293.048431 286.429394   0.043902   0.160612 291.314354   0.134625
  1880 369.642235 321.462078 189.258302  98.488296  46.896838  46.896838   0.000000   0.000000  46.333255 292.991882 286.428224   0.043891   0.160611 291.301455   0.134601
  1881 366.557827 321.418512 187.198963  97.231739  46.496347  46.496347   0.000000   0.000000  45.945605 292.934935 286.426826   0.043881   0.160609 291.288243   0.134576
  1882 363.463018 321.373550 185.132451  95.969855  46.095124  46.095124   0.000000   0.000000  45.556765 292.877591 286.425200   0.043871   0.160608 291.274716   0.134552
  1883 360.357950 321.327187 183.058860  94.702714  45.693187  45.693187   0.000000   0.000000  45.166737 292.819848 286.423345   0.043862   0.160607 291.260871   0.134528
  1884 357.242764 321.279414 180.978284  93.430386  45.290555  45.290555   0.000000   0.000000  44.775525 292.761709 286.421261   0.043853   0.160606 291.246706   0.134505
  1885 354.117607 321.230226 178.890819  92.152946  44.887245  44.887245   0.000000   0.000000  44.383133 292.703173 286.418949   0.043844   0.160605 291.232217   0.134481
  1886 350.982625 321.179615 176.796564  90.870469  44.483275  44.483275   0.000000   0.000000  43.989564 292.644241 286.416409   0.043836   0.160604 291.217402   0.134458
  1887 347.837968 321.127573 174.695618  89.583032  44.078664  44.078664   0.000000   0.000000  43.594823 292.584913 286.413640   0.043828   0.160603 291.202258   0.134435
  1888 344.683787 321.074095 172.588083  88.290714  43.673428  43.673428   0.000000   0.000000  43.198912 292.525190 286.410642   0.043820   0.160602 291.186782   0.134413
  1889 341.520237 321.019173 170.474062  86.993595  43.267586  43.267586   0.000000   0.000000  42.801836 292.465073 286.407416   0.043813   0.160601 291.170970   0.134391
  1890 338.347475 320.962800 168.353660  85.691759  42.861153  42.861153   0.000000   0.000000  42.403598 292.404561 286.403961   0.043807   0.160600 291.154821   0.134369
  1891 335.165659 320.904969 166.226983  84.385289  42.454149  42.454149   0.000000   0.000000  42.004201 292.343656 286.400277   0.043800   0.160599 291.138330   0.134347
  1892 331.974952 320.845672 164.094140  83.074273  42.046589  42.046589   0.000000   0.000000  41.603649 292.282357 286.396365   0.043795   0.160598 291.121494   0.134325
  1893 328.775518 320.784902 161.955241  81.758799  41.638489  41.638489   0.000000   0.000000  41.201946 292.220666 286.392224   0.043789   0.160597 291.104310   0.134304
  1894 325.567524 320.722652 159.810400  80.438959  41.229867  41.229867   0.000000   0.000000  40.799095 292.158582 286.387854   0.043784   0.160596 291.086774   0.134283
  1895 322.351141 320.658915 157.659730  79.114845  40.820739  40.820739   0.000000   0.000000  40.395099 292.096107 286.383255   0.043779   0.160595 291.068882   0.134262
  1896 319.126540 320.593683 155.503349  77.786553  40.411120  40.411120   0.000000   0.000000  39.989964 292.033240 286.378428   0.043775   0.160594 291.050632   0.134242
  1897 315.893898 320.526948 153.341374  76.454181  40.001026  40.001026   0.000000   0.000000  39.583691 291.969983 286.373371   0.043771   0.160593 291.032018   0.134222
  1898 312.653395 320.458704 151.173928  75.117828  39.590473  39.590473   0.000000   0.000000  39.176284 291.906335 286.368086   0.043767   0.160592 291.013036   0.134202
  1899 309.405211 320.388943 149.001133  73.777598  39.179475  39.179475   0.000000   0.000000  38.767748 291.842298 286.362571   0.043764   0.160591 290.993683   0.134182
  1900 306.149532 320.317656 146.823116  72.433596  38.768048  38.768048   0.000000   0.000000  38.358086 291.777871 286.356828   0.043762   0.160590 290.973953   0.134163
  1901 302.886547 320.244836 144.640003  71.085930  38.356206  38.356206   0.000000   0.000000  37.947300 291.713055 286.350856   0.043759   0.160589 290.953842   0.134144
  1902 299.616448 320.170476 142.451926  69.734710  37.943964  37.943964   0.000000   0.000000  37.535396 291.647851 286.344655   0.043757   0.160588 290.933346   0.134125
  1903 296.339430 320.094567 140.259018  68.380050  37.531335  37.531335   0.000000   0.000000  37.122376 291.582259 286.338224   0.043756   0.160587 290.912457   0.134106
  1904 293.055692 320.017102 138.061414  67.022066  37.118333  37.118333   0.000000   0.000000  36.708243 291.516280 286.331565   0.043754   0.160586 290.891172   0.134088
  1905 289.765438 319.938073 135.859254  65.660877  36.704971  36.704971   0.000000   0.000000  36.293003 291.449914 286.324677   0.043753   0.160586 290.869484   0.134070
  1906 286.468875 319.857471 133.652677  64.296607  36.291261  36.291261   0.000000   0.000000  35.876657 291.383161 286.317560   0.043753   0.160585 290.847386   0.134052
  1907 283.166212 319.775288 131.441829  62.929381  35.877217  35.877217   0.000000   0.000000  35.459209 291.316023 286.310214   0.043753   0.160584 290.824871   0.134035
  1908 279.857665 319.691516 129.226857  61.559328  35.462850  35.462850   0.000000   0.000000  35.040664 291.248499 286.302638   0.043753   0.160583 290.801933   0.134017
  1909 276.543453 319.606147 127.007910  60.186581  35.048172  35.048172   0.000000   0.000000  34.621024 291.180590 286.294834   0.043754   0.160582 290.778562   0.134000
  1910 273.223800 319.519172 124.785142  58.811276  34.633193  34.633193   0.000000   0.000000  34.200293 291.112297 286.286801   0.043755   0.160581 290.754751   0.133984
  1911 269.898933 319.430582 122.558710  57.433553  34.217924  34.217924   0.000000   0.000000  33.778475 291.043620 286.278538   0.043757   0.160581 290.730488   0.133967
  1912 266.569085 319.340369 120.328774  56.053556  33.802375  33.802375   0.000000   0.000000  33.355572 290.974559 286.270047   0.043758   0.160580 290.705763   0.133951
  1913 263.234494 319.248524 118.095497  54.671432  33.386555  33.386555   0.000000   0.000000  32.931589 290.905116 286.261326   0.043761   0.160579 290.680563   0.133935
  1914 259.895402 319.155038 115.859047  53.287335  32.970472  32.970472   0.000000   0.000000  32.506528 290.835290 286.252377   0.043763   0.160578 290.654873   0.133920
  1915 256.552056 319.059902 113.619594  51.901421  32.554134  32.554134   0.000000   0.000000  32.080392 290.765082 286.243198   0.043766   0.160577 290.628677   0.133904
  1916 253.204709 318.963106 111.377314  50.513851  32.137548  32.137548   0.000000   0.000000  31.653185 290.694492 286.233791   0.043770   0.160577 290.601952   0.133889
  1917 249.853620 318.864642 109.132385  49.124791  31.720721  31.720721   0.000000   0.000000  31.224911 290.623521 286.224154   0.043774   0.160576 290.574670   0.133874
  1918 246.499052 318.764499 106.884990  47.734412  31.303657  31.303657   0.000000   0.000000  30.795571 290.552169 286.214288   0.043778   0.160575 290.546795   0.133860
  1919 243.141276 318.662668 104.635317  46.342891  30.886361  30.886361   0.000000   0.000000  30.365169 290.480437 286.204193   0.043782   0.160574 290.518260   0.133845
  1920 239.780567 318.559140 102.383557  44.950410  30.468835  30.468835   0.000000   0.000000  29.933707 290.408325 286.193870   0.043787   0.160574 290.488903   0.133831
  1921 236.417207 318.453903 100.129907  43.557156  30.051083  30.051083   0.000000   0.000000  29.501189 290.335834 286.183317   0.043793   0.160573 290.458721   0.133818
  1922 233.051485 318.346949  97.874568  42.163323  29.633104  29.633104   0.000000   0.000000  29.067616 290.262963 286.172535   0.043798   0.160572 290.427739   0.133804
  1923 229.683696 318.238266  95.617745  40.769112  29.214898  29.214898   0.000000   0.000000  28.632991 290.189713 286.161525   0.043805   0.160571 290.395967   0.133791
  1924 226.314142 318.127843  93.359652  39.374731  28.796463  28.796463   0.000000   0.000000  28.197316 290.116084 286.150285   0.043811   0.160571 290.363414   0.133778
  1925 222.943134 318.015671  91.100504  37.980392  28.377794  28.377794   0.000000   0.000000  27.760592 290.042076 286.138816   0.043818   0.160570 290.330090   0.133765
  1926 219.570988 317.901738  88.840523  36.586319  27.958886  27.958886   0.000000   0.000000  27.322821 289.967690 286.127119   0.043825   0.160569 290.296002   0.133753
  1927 216.198028 317.786032  86.579939  35.192741  27.539731  27.539731   0.000000   0.000000  26.884003 289.892926 286.115192   0.043833   0.160569 290.261158   0.133741
  1928 212.824588 317.668542  84.318984  33.799897  27.120319  27.120319   0.000000   0.000000  26.444140 289.817784 286.103036   0.043841   0.160568 290.225567   0.133729
  1929 209.451008 317.549257  82.057901  32.408035  26.700636  26.700636   0.000000   0.000000  26.003232 289.742263 286.090652   0.043850   0.160567 290.189235   0.133717
  1930 206.077638 317.428163  79.796936  31.017412  26.280668  26.280668   0.000000   0.000000  25.561277 289.666363 286.078038   0.043859   0.160567 290.152168   0.133706
  1931 202.704837 317.305250  77.536344  29.628297  25.860395  25.860395   0.000000   0.000000  25.118276 289.590085 286.065196   0.043868   0.160566 290.114372   0.133695
  1932 199.332972 317.180503  75.276385  28.240970  25.439795  25.439795   0.000000   0.000000  24.674225 289.513428 286.052124   0.043878   0.160566 290.075852   0.133684
  1933 195.962421 317.053911  73.017329  26.855721  25.018842  25.018842   0.000000   0.000000  24.229124 289.436390 286.038824   0.043888   0.160565 290.036614   0.133673
  1934 192.593572 316.925459  70.759452  25.472855  24.597505  24.597505   0.000000   0.000000  23.782967 289.358973 286.025294   0.043898   0.160564 289.996660   0.133663
  1935 189.226822 316.795135  68.503041  24.092693  24.175747  24.175747   0.000000   0.000000  23.335750 289.281174 286.011536   0.043909   0.160564 289.955995   0.133653
  1936 185.862581 316.662924  66.248388  22.715569  23.753526  23.753526   0.000000   0.000000  22.887467 289.202992 285.997548   0.043920   0.160563 289.914622   0.133643
  1937 182.501267 316.528811  63.995796  21.341834  23.330795  23.330795   0.000000   0.000000  22.438110 289.124427 285.983331   0.043932   0.160563 289.872542   0.133634
  1938 179.143313 316.392783  61.745580  19.971861  22.907495  22.907495   0.000000   0.000000  21.987671 289.045476 285.968885   0.043944   0.160562 289.829757   0.133625
  1939 175.789162 316.254824  59.498061  18.606042  22.483562  22.483562   0.000000   0.000000  21.536136 288.966137 285.954209   0.043957   0.160562 289.786267   0.133616
  1940 172.439271 316.114919  57.253575  17.244791  22.058919  22.058919   0.000000   0.000000  21.083493 288.886408 285.939304   0.043970   0.160561 289.742072   0.133607
  1941 169.094109 315.973052  55.012465  15.888552  21.633477  21.633477   0.000000   0.000000  20.629725 288.806285 285.924170   0.043983   0.160561 289.697170   0.133599
  1942 165.754158 315.829207  52.775092  14.537798  21.207134  21.207134   0.000000   0.000000  20.174810 288.725766 285.908805   0.043997   0.160560 289.651560   0.133590
  1943 162.419916 315.683369  50.541826  13.193035  20.779769  20.779769   0.000000   0.000000  19.718726 288.644846 285.893211   0.044011   0.160560 289.605236   0.133583
  1944 159.091895 315.535520  48.313054  11.854810  20.351238  20.351238   0.000000   0.000000  19.261442 288.563519 285.877387   0.044026   0.160559 289.558194   0.133575
  1945 155.770621 315.385646  46.089176  10.523719  19.921375  19.921375   0.000000   0.000000  18.802923 288.481779 285.861332   0.044041   0.160559 289.510427   0.133568
  1946 152.456639 315.233729  43.870614   9.200412  19.489978  19.489978   0.000000   0.000000  18.343128 288.399618 285.845046   0.044056   0.160558 289.461925   0.133561
  1947 149.150507 315.079756  41.657805   7.885609  19.056805  19.056805   0.000000   0.000000  17.882005 288.317028 285.828529   0.044072   0.160558 289.412676   0.133554
  1948 145.852804 314.923710  39.451209   6.580116  18.621560  18.621560   0.000000   0.000000  17.419492 288.233997 285.811781   0.044088   0.160557 289.362666   0.133548
  1949 142.564123 314.765581  37.251314   5.284846  18.183875  18.183875   0.000000   0.000000  16.955513 288.150510 285.794800   0.044105   0.160557 289.311878   0.133541
  1950 139.285079 314.605358  35.058634   4.000860  17.743280  17.743280   0.000000   0.000000  16.489973 288.066551 285.777586   0.044122   0.160556 289.260287   0.133535
  1951 136.016306 314.443037  32.873722   2.729427  17.299153  17.299153   0.000000   0.000000  16.022754 287.982096 285.760138   0.044140   0.160556 289.207865   0.133530
  1952 132.758457 314.278619  30.697175   1.472128  16.850615  16.850615   0.000000   0.000000  15.553703 287.897115 285.742456   0.044158   0.160556 289.154575   0.133525
  1953 129.512206 314.112119  28.529656   0.231112  16.396269  16.396269   0.000000   0.000000  15.082618 287.811567 285.724536   0.044177   0.160555 289.100371   0.133519
  1954 126.278252 313.943576  26.371920  -0.989979  15.932890  15.932890   0.000000   0.000000  14.609217 287.725389 285.706379   0.044196   0.160555 289.041396   0.133515
  1955 123.057315 313.800484  24.249829  -2.245617  15.378944  15.378944   0.000000   0.000000  14.133075 287.642429 285.688013   0.044215   0.160554 288.986962   0.133510
  1956 119.850138 313.633540  22.100168  -3.323232  14.883449  14.883449   0.000000   0.000000  13.680916 287.555002 285.669404   0.044235   0.160554 288.929153   0.133506
  1957 116.657491 313.448698  19.966684  -4.401417  14.397499  14.397499   0.000000   0.000000  13.199190 287.464171 285.650527   0.044256   0.160554 288.868825   0.133502
  1958 113.480170 313.248153  17.846706  -5.471273  13.922091  13.922091   0.000000   0.000000  12.695503 287.370450 285.631363   0.044277   0.160553 288.806276   0.133499
  1959 110.318996 313.033740  15.739948  -6.532326  13.456144  13.456144   0.000000   0.000000  12.173603 287.274260 285.611897   0.044299   0.160553 288.741752   0.133496
  1960 107.174822 312.806935  13.646291  -7.584053  12.998809  12.998809   0.000000   0.000000  11.636544 287.175941 285.592114   0.044321   0.160553 288.675447   0.133493
  1961 104.048526 312.568951  11.565807  -8.626058  12.549370  12.549370   0.000000   0.000000  11.086786 287.075769 285.572007   0.044344   0.160552 288.607516   0.133490
  1962 100.941021 312.320808   9.498721  -9.658009  12.107231  12.107231   0.000000   0.000000  10.526337 286.973976 285.551567   0.044367   0.160552 288.538093   0.133488
  1963  97.853250 312.063378   7.445384 -10.679600  11.671898  11.671898   0.000000   0.000000   9.956861 286.870755 285.530789   0.044390   0.160552 288.467287   0.133486
  1964  94.786189 311.797424   5.406250 -11.690529  11.242965  11.242965   0.000000   0.000000   9.379761 286.766272 285.509668   0.044414   0.160552 288.395198   0.133484
  1965  91.740849 311.523620   3.381858 -12.690482  10.820098  10.820098   0.000000   0.000000   8.796230 286.660674 285.488202   0.044439   0.160551 288.321913   0.133483
  1966  88.718278 311.242572   1.372822 -13.679121  10.403024  10.403024   0.000000   0.000000   8.207305 286.554087 285.466388   0.044464   0.160551 288.247510   0.133482
  1967  85.719560 310.954833  -0.620181 -14.656077   9.991519   9.991519   0.000000   0.000000   7.613893 286.446626 285.444226   0.044489   0.160551 288.172061   0.133481
  1968  82.745820 310.660906  -2.596420 -15.620935   9.585394   9.585394   0.000000   0.000000   7.016798 286.338394 285.421716   0.044515   0.160551 288.095631   0.133480
  1969  79.798222 310.361258  -4.555109 -16.573220   9.184488   9.184488   0.000000   0.000000   6.416744 286.229484 285.398859   0.044541   0.160550 288.018278   0.133479
  1970  76.877972 310.056316  -6.495417 -17.512370   8.788649   8.788649   0.000000   0.000000   5.814378 286.119981 285.375655   0.044568   0.160550 287.940053   0.133479
  1971  73.986321 309.746477  -8.416468 -18.437665   8.397709   8.397709   0.000000   0.000000   5.210284 286.009959 285.352106   0.044595   0.160550 287.860987   0.133479
  1972  71.124564 309.432092 -10.317338 -19.347973   8.011410   8.011410   0.000000   0.000000   4.604968 285.899475 285.328216   0.044622   0.160550 287.781074   0.133479
  1973  68.294043 309.113291 -12.197185 -20.240807   7.628481   7.628481   0.000000   0.000000   3.998815 285.788558 285.303986   0.044650   0.160550 287.700354   0.133480
  1974  65.496147 308.790273 -14.054929 -21.116779   7.248969   7.248969   0.000000   0.000000   3.392004 285.677282 285.279419   0.044679   0.160549 287.618901   0.133481
  1975  62.732318 308.463259 -15.889655 -21.976060   6.873321   6.873321   0.000000   0.000000   2.785040 285.565729 285.254518   0.044708   0.160549 287.536789   0.133482
  1976  60.004047 308.132467 -17.700449 -22.818625   6.501931   6.501931   0.000000   0.000000   2.178477 285.453984 285.229288   0.044737   0.160549 287.454089   0.133483
  1977  57.312876 307.798113 -19.486361 -23.644359   6.135136   6.135136   0.000000   0.000000   1.572870 285.342129 285.203733   0.044767   0.160549 287.370871   0.133485
  1978  54.660405 307.460403 -21.246409 -24.453085   5.773224   5.773224   0.000000   0.000000   0.968773 285.230249 285.177858   0.044797   0.160549 287.287202   0.133486
  1979  52.048284 307.119542 -22.979571 -25.244566   5.416452   5.416452   0.000000   0.000000   0.366739 285.118430 285.151669   0.044827   0.160549 287.203147   0.133488
  1980  49.478223 306.775730 -24.684792 -26.018516   5.065050   5.065050   0.000000   0.000000  -0.232673 285.006756 285.125171   0.044858   0.160549 287.118772   0.133490
  1981  46.951986 306.429161 -26.360982 -26.774202   4.719205   4.719205   0.000000   0.000000  -0.828906 284.895303 285.098372   0.044889   0.160548 287.034125   0.133493
  1982  44.471394 306.080031 -28.006944 -27.511387   4.379062   4.379062   0.000000   0.000000  -1.421487 284.784155 285.071278   0.044921   0.160548 286.949270   0.133495
  1983  42.038326 305.728530 -29.621503 -28.229643   4.044795   4.044795   0.000000   0.000000  -2.009864 284.673400 285.043897   0.044953   0.160548 286.864269   0.133498
  1984  39.654717 305.374840 -31.203452 -28.928456   3.716562   3.716562   0.000000   0.000000  -2.593478 284.563127 285.016237   0.044986   0.160548 286.779181   0.133501
  1985  37.322556 305.019140 -32.751549 -29.607209   3.394500   3.394500   0.000000   0.000000  -3.171771 284.453420 284.988306   0.045019   0.160548 286.694063   0.133504
  1986  35.043885 304.661595 -34.264509 -30.265126   3.078713   3.078713   0.000000   0.000000  -3.744198 284.344363 284.960113   0.045052   0.160548 286.608959   0.133508
  1987  32.820800 304.302358 -35.741003 -30.901066   2.769242   2.769242   0.000000   0.000000  -4.310250 284.236024 284.931667   0.045085   0.160548 286.523872   0.133511
  1988  30.655440 303.941508 -37.179671 -31.512443   2.465742   2.465742   0.000000   0.000000  -4.869502 284.128428 284.902978   0.045119   0.160548 286.438801   0.133515
  1989  28.549990 303.579023 -38.578995 -32.098104   2.167912   2.167912   0.000000   0.000000  -5.421856 284.021614 284.874055   0.045154   0.160548 286.353783   0.133519
  1990  26.506668 303.215006 -39.937395 -32.658461   1.875797   1.875797   0.000000   0.000000  -5.967090 283.915682 284.844907   0.045189   0.160548 286.268913   0.133523
  1991  24.527723 302.849654 -41.253465 -33.194241   1.589713   1.589713   0.000000   0.000000  -6.504576 283.810775 284.815545   0.045224   0.160548 286.184320   0.133527
  1992  22.615421 302.483200 -42.525952 -33.706044   1.310117   1.310117   0.000000   0.000000  -7.033390 283.707057 284.785981   0.045259   0.160548 286.100149   0.133532
  1993  20.772033 302.115887 -43.753683 -34.194287   1.037500   1.037500   0.000000   0.000000  -7.552468 283.604696 284.756227   0.045295   0.160548 286.016543   0.133537
  1994  18.999824 301.747958 -44.935519 -34.659219   0.772327   0.772327   0.000000   0.000000  -8.060717 283.503860 284.726297   0.045331   0.160548 285.933642   0.133542
  1995  17.301029 301.379650 -46.070331 -35.100947   0.515013   0.515013   0.000000   0.000000  -8.557060 283.404712 284.696207   0.045368   0.160548 285.851579   0.133547
  1996  15.677838 301.011193 -47.157009 -35.519465   0.265917   0.265917   0.000000   0.000000  -9.040466 283.307405 284.665971   0.045404   0.160548 285.770477   0.133552
  1997  14.132364 300.642812 -48.194464 -35.914676   0.025345   0.025345   0.000000   0.000000  -9.509958 283.212089 284.635606   0.045441   0.160548 285.690452   0.133557
  1998  12.666617 300.274728 -49.181650 -36.286415  -0.206451  -0.206451   0.000000   0.000000  -9.964620 283.118900 284.605129   0.045479   0.160548 285.611614   0.133562
  1999  11.282468 299.907160 -50.117587 -36.634459  -0.429263  -0.429263   0.000000   0.000000 -10.403603 283.027969 284.574558   0.045517   0.160548 285.534061   0.133568
  2000   9.981604 299.540323 -51.001388 -36.958543  -0.642932  -0.642932   0.000000   0.000000 -10.826125 282.939413 284.543911   0.045555   0.160548 285.457884   0.133574
  2001   8.765485 299.174431 -51.832286 -37.258363  -0.847341  -0.847341   0.000000   0.000000 -11.231485 282.853340 284.513207   0.045593   0.160548 285.383165   0.133580
  2002   7.635287 298.809694 -52.609671 -37.533565  -1.042421  -1.042421   0.000000   0.000000 -11.619071 282.769839 284.482464   0.045631   0.160548 285.309969   0.133586
  2003   6.591845 298.446313 -53.333126 -37.783696  -1.228155  -1.228155   0.000000   0.000000 -11.988379 282.688981 284.451702   0.045670   0.160548 285.238338   0.133592
  2004   5.635581 298.084465 -54.002470 -38.007834  -1.404633  -1.404633   0.000000   0.000000 -12.339051 282.610798 284.420939   0.045709   0.160548 285.168286   0.133598
  2005   4.766434 297.724243 -54.617784 -38.205009  -1.572058  -1.572058   0.000000   0.000000 -12.670985 282.535290 284.390193   0.045748   0.160548 285.099808   0.133604
  2006   3.983784 297.365757 -55.179393 -38.375058  -1.730689  -1.730689   0.000000   0.000000 -12.984326 282.462447 284.359483   0.045788   0.160548 285.032913   0.133611
  2007   3.286372 297.009203 -55.687996 -38.518642  -1.880755  -1.880755   0.000000   0.000000 -13.279249 282.392274 284.328824   0.045828   0.160548 284.967632   0.133617
  2008   2.672225 296.654843 -56.144824 -38.636877  -2.022430  -2.022430   0.000000   0.000000 -13.555851 282.324780 284.298235   0.045867   0.160548 284.904004   0.133624
  2009   2.138590 296.302977 -56.551680 -38.731101  -2.155856  -2.155856   0.000000   0.000000 -13.814191 282.259962 284.267732   0.045908   0.160548 284.842070   0.133630
  2010   1.681876 295.953911 -56.910942 -38.802774  -2.281197  -2.281197   0.000000   0.000000 -14.054396 282.197796 284.237331   0.045948   0.160548 284.781851   0.133637
  2011   1.297638 295.607939 -57.225539 -38.853451  -2.398673  -2.398673   0.000000   0.000000 -14.276749 282.138225 284.207047   0.045988   0.160548 284.723350   0.133644
  2012   0.980574 295.265335 -57.498913 -38.884785  -2.508584  -2.508584   0.000000   0.000000 -14.481748 282.081159 284.176893   0.046029   0.160548 284.666541   0.133651
  2013   0.724596 294.926341 -57.734961 -38.898544  -2.611322  -2.611322   0.000000   0.000000 -14.670137 282.026468 284.146883   0.046070   0.160548 284.611373   0.133658
  2014   0.522939 294.591163 -57.937950 -38.896612  -2.707367  -2.707367   0.000000   0.000000 -14.842905 281.973989 284.117027   0.046111   0.160548 284.557769   0.133665
  2015   0.368355 294.259974 -58.112389 -38.880980  -2.797279  -2.797279   0.000000   0.000000 -15.001267 281.923532 284.087335   0.046152   0.160548 284.505631   0.133672
  2016   0.253364 293.932904 -58.262871 -38.853721  -2.881678  -2.881678   0.000000   0.000000 -15.146621 281.874888 284.057814   0.046193   0.160548 284.454845   0.133679
  2017   0.170562 293.610047 -58.393878 -38.816935  -2.961221  -2.961221   0.000000   0.000000 -15.280488 281.827836 284.028470   0.046234   0.160549 284.405288   0.133686
  2018   0.112952 293.291455 -58.509588 -38.772677  -3.036571  -3.036571   0.000000   0.000000 -15.404437 281.782162 283.999306   0.046276   0.160549 284.356836   0.133693
  2019   0.074258 292.977143 -58.613684 -38.722880  -3.108369  -3.108369   0.000000   0.000000 -15.520006 281.737663 283.970324   0.046317   0.160549 284.309367   0.133700
  2020   0.049169 292.667089 -58.709227 -38.669260  -3.177202  -3.177202   0.000000   0.000000 -15.628625 281.694160 283.941525   0.046359   0.160549 284.262772   0.133708
  2021   0.033467 292.361237 -58.798595 -38.613227  -3.243583  -3.243583   0.000000   0.000000 -15.731556 281.651500 283.912908   0.046400   0.160549 284.216953   0.133715
  2022   0.024033 292.059494 -58.883504 -38.555794  -3.307941  -3.307941   0.000000   0.000000 -15.829858 281.609557 283.884471   0.046442   0.160549 284.171825   0.133722
  2023   0.018737 291.761730 -58.965088 -38.497609  -3.370623  -3.370623   0.000000   0.000000 -15.924398 281.568233 283.856213   0.046484   0.160549 284.127314   0.133730
  2024   0.016279 291.467796 -59.043993 -38.439125  -3.431902  -3.431902   0.000000   0.000000 -16.015860 281.527454 283.828131   0.046526   0.160549 284.083365   0.133737
  2025   0.000000 291.177553 -59.132497 -38.380689  -3.491973  -3.491973   0.000000   0.000000 -16.104741 281.486751 283.800219   0.046569   0.160549 284.039687   0.133745
  2026   0.000000 290.890877 -59.205975 -38.326149  -3.552095  -3.552095   0.000000   0.000000 -16.194278 281.446811 283.772476   0.046611   0.160549 283.996693   0.133752
  2027   0.000000 290.607608 -59.279951 -38.269640  -3.610392  -3.610392   0.000000   0.000000 -16.279652 281.407340 283.744900   0.046653   0.160549 283.954194   0.133760
  2028   0.000000 290.327694 -59.353105 -38.213707  -3.667668  -3.667668   0.000000   0.000000 -16.362917 281.368277 283.717488   0.046696   0.160549 283.912156   0.133767
  2029   0.000000 290.051059 -59.425224 -38.158949  -3.724080  -3.724080   0.000000   0.000000 -16.444477 281.329608 283.690236   0.046738   0.160549 283.870569   0.133775
  2030   0.000000 289.777624 -59.496320 -38.105560  -3.779657  -3.779657   0.000000   0.000000 -16.524401 281.291331 283.663143   0.046781   0.160550 283.829431   0.133782
  2031   0.000000 289.507315 -59.566447 -38.053636  -3.834401  -3.834401   0.000000   0.000000 -16.602687 281.253445 283.636206   0.046824   0.160550 283.788740   0.133790
  2032   0.000000 289.240059 -59.635663 -38.003229  -3.888310  -3.888310   0.000000   0.000000 -16.679326 281.215949 283.609422   0.046867   0.160550 283.748491   0.133798
  2033   0.000000 288.975784 -59.704024 -37.954368  -3.941385  -3.941385   0.000000   0.000000 -16.754311 281.178840 283.582789   0.046910   0.160550 283.708682   0.133806
  2034   0.000000 288.714418 -59.771582 -37.907058  -3.993631  -3.993631   0.000000   0.000000 -16.827646 281.142114 283.556306   0.046953   0.160550 283.669306   0.133813
  2035   0.000000 288.455890 -59.838381 -37.861289  -4.045053  -4.045053   0.000000   0.000000 -16.899344 281.105765 283.529969   0.046996   0.160550 283.630356   0.133821
  2036   0.000000 288.200129 -59.904460 -37.817032  -4.095663  -4.095663   0.000000   0.000000 -16.969426 281.069788 283.503777   0.047039   0.160550 283.591824   0.133829
  2037   0.000000 287.947064 -59.969852 -37.774248  -4.145475  -4.145475   0.000000   0.000000 -17.037923 281.034175 283.477728   0.047083   0.160550 283.553701   0.133837
  2038   0.000000 287.696624 -60.034585 -37.732882  -4.194505  -4.194505   0.000000   0.000000 -17.104873 280.998917 283.451821   0.047126   0.160550 283.515976   0.133845
  2039   0.000000 287.448740 -60.098683 -37.692867  -4.242771  -4.242771   0.000000   0.000000 -17.170323 280.964006 283.426052   0.047170   0.160550 283.478637   0.133852
  2040   0.000000 287.203338 -60.162168 -37.654115  -4.290294  -4.290294   0.000000   0.000000 -17.234324 280.929430 283.400422   0.047213   0.160551 283.441673   0.133860
  2041   0.000000 286.960346 -60.225055 -37.616511  -4.337098  -4.337098   0.000000   0.000000 -17.296939 280.895178 283.374927   0.047257   0.160551 283.405067   0.133868
  2042   0.000000 286.719684 -60.287358 -37.579929  -4.383209  -4.383209   0.000000   0.000000 -17.358241 280.861235 283.349565   0.047301   0.160551 283.368805   0.133876
  2043   0.000000 286.481277 -60.349083 -37.544255  -4.428659  -4.428659   0.000000   0.000000 -17.418314 280.827587 283.324336   0.047345   0.160551 283.332871   0.133884
  2044   0.000000 286.245049 -60.410230 -37.509401  -4.473479  -4.473479   0.000000   0.000000 -17.477243 280.794222 283.299238   0.047389   0.160551 283.297250   0.133892
  2045   0.000000 286.010935 -60.470801 -37.475313  -4.517697  -4.517697   0.000000   0.000000 -17.535107 280.761129 283.274268   0.047433   0.160551 283.261932   0.133900
  2046   0.000000 285.778874 -60.530796 -37.441961  -4.561340  -4.561340   0.000000   0.000000 -17.591973 280.728297 283.249424   0.047477   0.160551 283.226905   0.133908
  2047   0.000000 285.548814 -60.590220 -37.409334  -4.604428  -4.604428   0.000000   0.000000 -17.647891 280.695720 283.224706   0.047521   0.160551 283.192164   0.133916
  2048   0.000000 285.320708 -60.649081 -37.377432  -4.646977  -4.646977   0.000000   0.000000 -17.702900 280.663392 283.200110   0.047566   0.160551 283.157700   0.133924
  2049   0.000000 285.094514 -60.707392 -37.346260  -4.688999  -4.688999   0.000000   0.000000 -17.757026 280.631309 283.175637   0.047610   0.160552 283.123511   0.133933
  2050   0.000000 284.870194 -60.765165 -37.315824  -4.730505  -4.730505   0.000000   0.000000 -17.810291 280.599468 283.151283   0.047655   0.160552 283.089591   0.133941
  2051   0.000000 284.647710 -60.822416 -37.286131  -4.771501  -4.771501   0.000000   0.000000 -17.862707 280.567019 283.127041   0.047700   0.160552 283.055448   0.133949
  2052   0.000000 284.427028 -60.875312 -37.265359  -4.789938  -4.789938   0.000000   0.000000 -17.920150 280.532095 283.102886   0.047744   0.160552 283.020003   0.133957
  2053   0.000000 284.207990 -60.915485 -37.271461  -4.741523  -4.741523   0.000000   0.000000 -17.995534 280.496963 283.078815   0.047789   0.160552 282.984554   0.133965
  2054   0.000000 283.990166 -60.953663 -37.282015  -4.695676  -4.695676   0.000000   0.000000 -18.072962 280.461983 283.054826   0.047833   0.160552 282.949288   0.133973
  2055   0.000000 283.773463 -60.991575 -37.293638  -4.650722  -4.650722   0.000000   0.000000 -18.149901 280.427219 283.030920   0.047878   0.160552 282.914234   0.133981
  2056   0.000000 283.557844 -61.029539 -37.305601  -4.606495  -4.606495   0.000000   0.000000 -18.225908 280.392673 283.007095   0.047922   0.160552 282.879391   0.133989
  2057   0.000000 283.343285 -61.067595 -37.317720  -4.562958  -4.562958   0.000000   0.000000 -18.300950 280.358341 282.983350   0.047967   0.160552 282.844750   0.133997
  2058   0.000000 283.129767 -61.105731 -37.329919  -4.520105  -4.520105   0.000000   0.000000 -18.375066 280.324215 282.959687   0.048011   0.160553 282.810305   0.134005
  2059   0.000000 282.917273 -61.143930 -37.342144  -4.477930  -4.477930   0.000000   0.000000 -18.448305 280.290287 282.936103   0.048056   0.160553 282.776048   0.134013
  2060   0.000000 282.705785 -61.182173 -37.354344  -4.436430  -4.436430   0.000000   0.000000 -18.520713 280.256551 282.912599   0.048100   0.160553 282.741972   0.134021
  2061   0.000000 282.495285 -61.220444 -37.366475  -4.395600  -4.395600   0.000000   0.000000 -18.592335 280.223001 282.889174   0.048144   0.160553 282.708071   0.134029
  2062   0.000000 282.285756 -61.258727 -37.378501  -4.355437  -4.355437   0.000000   0.000000 -18.663213 280.189629 282.865827   0.048188   0.160553 282.674339   0.134037
  2063   0.000000 282.077183 -61.297007 -37.390397  -4.315935  -4.315935   0.000000   0.000000 -18.733386 280.156431 282.842558   0.048232   0.160553 282.640771   0.134045
  2064   0.000000 281.869554 -61.335272 -37.402148  -4.277090  -4.277090   0.000000   0.000000 -18.802886 280.123403 282.819366   0.048276   0.160553 282.607362   0.134053
  2065   0.000000 281.662857 -61.373509 -37.413747  -4.238895  -4.238895   0.000000   0.000000 -18.871740 280.090540 282.796250   0.048320   0.160553 282.574109   0.134061
  2066   0.000000 281.457083 -61.411709 -37.425195  -4.201342  -4.201342   0.000000   0.000000 -18.939971 280.057839 282.773210   0.048364   0.160553 282.541011   0.134068
  2067   0.000000 281.252225 -61.449866 -37.436494  -4.164421  -4.164421   0.000000   0.000000 -19.007594 280.025298 282.750244   0.048408   0.160553 282.508064   0.134076
  2068   0.000000 281.048276 -61.487973 -37.447651  -4.128123  -4.128123   0.000000   0.000000 -19.074621 279.992916 282.727354   0.048452   0.160554 282.475268   0.134084
  2069   0.000000 280.845230 -61.526025 -37.458675  -4.092436  -4.092436   0.000000   0.000000 -19.141063 279.960690 282.704537   0.048495   0.160554 282.442620   0.134091
  2070   0.000000 280.643082 -61.564021 -37.469573  -4.057348  -4.057348   0.000000   0.000000 -19.206925 279.928620 282.681793   0.048539   0.160554 282.410121   0.134099
  2071   0.000000 280.441827 -61.601956 -37.480351  -4.022849  -4.022849   0.000000   0.000000 -19.272214 279.896703 282.659122   0.048583   0.160554 282.377768   0.134107
  2072   0.000000 280.241460 -61.639830 -37.491014  -3.988927  -3.988927   0.000000   0.000000 -19.336935 279.864939 282.636523   0.048626   0.160554 282.345561   0.134114
  2073   0.000000 280.041976 -61.677640 -37.501565  -3.955571  -3.955571   0.000000   0.000000 -19.401092 279.833325 282.613996   0.048670   0.160554 282.313498   0.134122
  2074   0.000000 279.843368 -61.715384 -37.512001  -3.922770  -3.922770   0.000000   0.000000 -19.464693 279.801862 282.591539   0.048714   0.160554 282.281578   0.134129
  2075   0.000000 279.645631 -61.753061 -37.522318  -3.890514  -3.890514   0.000000   0.000000 -19.527744 279.770546 282.569153   0.048757   0.160554 282.249799   0.134137
  2076   0.000000 279.448756 -61.790668 -37.532506  -3.858794  -3.858794   0.000000   0.000000 -19.590254 279.739375 282.546837   0.048800   0.160554 282.218160   0.134144
  2077   0.000000 279.252734 -61.828203 -37.542556  -3.827601  -3.827601   0.000000   0.000000 -19.652234 279.708348 282.524590   0.048844   0.160554 282.186657   0.134152
  2078   0.000000 279.057559 -61.865663 -37.552460  -3.796929  -3.796929   0.000000   0.000000 -19.713697 279.677462 282.502412   0.048887   0.160555 282.155290   0.134159
  2079   0.000000 278.863221 -61.903044 -37.562209  -3.766769  -3.766769   0.000000   0.000000 -19.774655 279.646714 282.480303   0.048930   0.160555 282.124054   0.134167
  2080   0.000000 278.669711 -61.940343 -37.571800  -3.737116  -3.737116   0.000000   0.000000 -19.835120 279.616103 282.458261   0.048974   0.160555 282.092950   0.134174
  2081   0.000000 278.477023 -61.977556 -37.581231  -3.707961  -3.707961   0.000000   0.000000 -19.895103 279.585627 282.436286   0.049017   0.160555 282.061974   0.134181
  2082   0.000000 278.285149 -62.014681 -37.590501  -3.679299  -3.679299   0.000000   0.000000 -19.954616 279.555283 282.414378   0.049060   0.160555 282.031125   0.134189
  2083   0.000000 278.094083 -62.051714 -37.599613  -3.651120  -3.651120   0.000000   0.000000 -20.013666 279.525070 282.392536   0.049103   0.160555 282.000402   0.134196
  2084   0.000000 277.903818 -62.088653 -37.608568  -3.623419  -3.623419   0.000000   0.000000 -20.072261 279.494987 282.370760   0.049146   0.160555 281.969803   0.134203
  2085   0.000000 277.714349 -62.125498 -37.617371  -3.596187  -3.596187   0.000000   0.000000 -20.130408 279.465033 282.349049   0.049189   0.160555 281.939328   0.134211
  2086   0.000000 277.525669 -62.162245 -37.626025  -3.569417  -3.569417   0.000000   0.000000 -20.188112 279.435206 282.327403   0.049232   0.160555 281.908976   0.134218
  2087   0.000000 277.337774 -62.198895 -37.634533  -3.543100  -3.543100   0.000000   0.000000 -20.245379 279.405504 282.305821   0.049275   0.160555 281.878744   0.134225
  2088   0.000000 277.150659 -62.235445 -37.642897  -3.517228  -3.517228   0.000000   0.000000 -20.302213 279.375928 282.284302   0.049318   0.160555 281.848633   0.134232
  2089   0.000000 276.964317 -62.271896 -37.651116  -3.491795  -3.491795   0.000000   0.000000 -20.358620 279.346475 282.262847   0.049361   0.160555 281.818641   0.134240
  2090   0.000000 276.778742 -62.308247 -37.659189  -3.466792  -3.466792   0.000000   0.000000 -20.414605 279.317144 282.241455   0.049404   0.160556 281.788766   0.134247
  2091   0.000000 276.593929 -62.344496 -37.667114  -3.442214  -3.442214   0.000000   0.000000 -20.470175 279.287934 282.220124   0.049447   0.160556 281.759008   0.134254
  2092   0.000000 276.409870 -62.380642 -37.674889  -3.418053  -3.418053   0.000000   0.000000 -20.525335 279.258843 282.198856   0.049489   0.160556 281.729365   0.134261
  2093   0.000000 276.226561 -62.416683 -37.682510  -3.394303  -3.394303   0.000000   0.000000 -20.580094 279.229870 282.177649   0.049532   0.160556 281.699836   0.134268
  2094   0.000000 276.043994 -62.452620 -37.689978  -3.370958  -3.370958   0.000000   0.000000 -20.634458 279.201013 282.156504   0.049575   0.160556 281.670419   0.134275
  2095   0.000000 275.862163 -62.488449 -37.697290  -3.348012  -3.348012   0.000000   0.000000 -20.688435 279.172271 282.135418   0.049617   0.160556 281.641113   0.134282
  2096   0.000000 275.681062 -62.524171 -37.704447  -3.325460  -3.325460   0.000000   0.000000 -20.742030 279.143643 282.114393   0.049660   0.160556 281.611917   0.134289
  2097   0.000000 275.500685 -62.559782 -37.711449  -3.303295  -3.303295   0.000000   0.000000 -20.795251 279.115127 282.093427   0.049702   0.160556 281.582829   0.134297
  2098   0.000000 275.321028 -62.595284 -37.718297  -3.281511  -3.281511   0.000000   0.000000 -20.848104 279.086722 282.072521   0.049745   0.160556 281.553849   0.134304
  2099   0.000000 275.142084 -62.630673 -37.724993  -3.260104  -3.260104   0.000000   0.000000 -20.900593 279.058427 282.051673   0.049788   0.160556 281.524976   0.134311
  2100   0.000000 274.963848 -62.665950 -37.731537  -3.239066  -3.239066   0.000000   0.000000 -20.952724 279.030241 282.030884   0.049830   0.160556 281.496208   0.134318
  2101   0.000000 274.786315 -62.701114 -37.737932  -3.218391  -3.218391   0.000000   0.000000 -21.004501 279.002162 282.010152   0.049872   0.160556 281.467544   0.134325
  2102   0.000000 274.609480 -62.736164 -37.744177  -3.198075  -3.198075   0.000000   0.000000 -21.055930 278.974191 281.989478   0.049915   0.160557 281.438985   0.134332
  2103   0.000000 274.433337 -62.771100 -37.750273  -3.178111  -3.178111   0.000000   0.000000 -21.107014 278.946325 281.968862   0.049957   0.160557 281.410527   0.134339
  2104   0.000000 274.257882 -62.805921 -37.756219  -3.158494  -3.158494   0.000000   0.000000 -21.157759 278.918563 281.948302   0.050000   0.160557 281.382171   0.134345
  2105   0.000000 274.083108 -62.840627 -37.762015  -3.139218  -3.139218   0.000000   0.000000 -21.208170 278.890905 281.927798   0.050042   0.160557 281.353916   0.134352
  2106   0.000000 273.909012 -62.875217 -37.767662  -3.120278  -3.120278   0.000000   0.000000 -21.258252 278.863349 281.907350   0.050084   0.160557 281.325760   0.134359
  2107   0.000000 273.735587 -62.909690 -37.773158  -3.101670  -3.101670   0.000000   0.000000 -21.308010 278.835894 281.886958   0.050126   0.160557 281.297702   0.134366
  2108   0.000000 273.562828 -62.944045 -37.778504  -3.083388  -3.083388   0.000000   0.000000 -21.357448 278.808539 281.866620   0.050169   0.160557 281.269742   0.134373
  2109   0.000000 273.390730 -62.978283 -37.783700  -3.065427  -3.065427   0.000000   0.000000 -21.406572 278.781283 281.846338   0.050211   0.160557 281.241878   0.134380
  2110   0.000000 273.219289 -63.012402 -37.788748  -3.047782  -3.047782   0.000000   0.000000 -21.455386 278.754125 281.826110   0.050253   0.160557 281.214110   0.134387
  2111   0.000000 273.048499 -63.046402 -37.793648  -3.030449  -3.030449   0.000000   0.000000 -21.503895 278.727064 281.805936   0.050295   0.160557 281.186437   0.134394
  2112   0.000000 272.878355 -63.080283 -37.798401  -3.013423  -3.013423   0.000000   0.000000 -21.552102 278.700099 281.785815   0.050337   0.160557 281.158857   0.134400
  2113   0.000000 272.708854 -63.114044 -37.803007  -2.996698  -2.996698   0.000000   0.000000 -21.600012 278.673229 281.765748   0.050379   0.160557 281.131370   0.134407
  2114   0.000000 272.539990 -63.147685 -37.807467  -2.980271  -2.980271   0.000000   0.000000 -21.647629 278.646454 281.745733   0.050421   0.160557 281.103975   0.134414
  2115   0.000000 272.371758 -63.181206 -37.811782  -2.964136  -2.964136   0.000000   0.000000 -21.694958 278.619771 281.725771   0.050463   0.160557 281.076671   0.134421
  2116   0.000000 272.204153 -63.214605 -37.815951  -2.948289  -2.948289   0.000000   0.000000 -21.742001 278.593181 281.705861   0.050505   0.160558 281.049458   0.134428
  2117   0.000000 272.037172 -63.247884 -37.819975  -2.932726  -2.932726   0.000000   0.000000 -21.788764 278.566682 281.686003   0.050547   0.160558 281.022334   0.134434
  2118   0.000000 271.870810 -63.281041 -37.823856  -2.917442  -2.917442   0.000000   0.000000 -21.835249 278.540274 281.666197   0.050589   0.160558 280.995298   0.134441
  2119   0.000000 271.705061 -63.314077 -37.827592  -2.902433  -2.902433   0.000000   0.000000 -21.881462 278.513955 281.646441   0.050631   0.160558 280.968350   0.134448
  2120   0.000000 271.539922 -63.346991 -37.831186  -2.887695  -2.887695   0.000000   0.000000 -21.927405 278.487725 281.626737   0.050673   0.160558 280.941489   0.134454
  2121   0.000000 271.375387 -63.379783 -37.834637  -2.873224  -2.873224   0.000000   0.000000 -21.973083 278.461582 281.607082   0.050715   0.160558 280.914715   0.134461
  2122   0.000000 271.211454 -63.412453 -37.837946  -2.859015  -2.859015   0.000000   0.000000 -22.018498 278.435527 281.587478   0.050757   0.160558 280.888025   0.134468
  2123   0.000000 271.048116 -63.445000 -37.841114  -2.845064  -2.845064   0.000000   0.000000 -22.063656 278.409558 281.567923   0.050798   0.160558 280.861420   0.134474
  2124   0.000000 270.885370 -63.477425 -37.844142  -2.831369  -2.831369   0.000000   0.000000 -22.108559 278.383674 281.548418   0.050840   0.160558 280.834899   0.134481
  2125   0.000000 270.723212 -63.509727 -37.847029  -2.817923  -2.817923   0.000000   0.000000 -22.153210 278.357874 281.528962   0.050882   0.160558 280.808461   0.134488
  2126   0.000000 270.561637 -63.541906 -37.849778  -2.804725  -2.804725   0.000000   0.000000 -22.197614 278.332158 281.509554   0.050924   0.160558 280.782106   0.134494
  2127   0.000000 270.400642 -63.573962 -37.852387  -2.791769  -2.791769   0.000000   0.000000 -22.241773 278.306525 281.490195   0.050966   0.160558 280.755832   0.134501
  2128   0.000000 270.240221 -63.605896 -37.854859  -2.779053  -2.779053   0.000000   0.000000 -22.285691 278.280974 281.470884   0.051007   0.160558 280.729638   0.134508
  2129   0.000000 270.080371 -63.637706 -37.857193  -2.766572  -2.766572   0.000000   0.000000 -22.329371 278.255504 281.451621   0.051049   0.160558 280.703525   0.134514
  2130   0.000000 269.921087 -63.669394 -37.859390  -2.754322  -2.754322   0.000000   0.000000 -22.372817 278.230115 281.432405   0.051091   0.160558 280.677491   0.134521
  2131   0.000000 269.762366 -63.700958 -37.861451  -2.742302  -2.742302   0.000000   0.000000 -22.416031 278.204805 281.413236   0.051132   0.160559 280.651536   0.134527
  2132   0.000000 269.604204 -63.732400 -37.863377  -2.730506  -2.730506   0.000000   0.000000 -22.459017 278.179574 281.394114   0.051174   0.160559 280.625659   0.134534
  2133   0.000000 269.446596 -63.763718 -37.865167  -2.718931  -2.718931   0.000000   0.000000 -22.501777 278.154422 281.375039   0.051215   0.160559 280.599859   0.134541
  2134   0.000000 269.289539 -63.794913 -37.866823  -2.707574  -2.707574   0.000000   0.000000 -22.544315 278.129347 281.356009   0.051257   0.160559 280.574135   0.134547
  2135   0.000000 269.133028 -63.825985 -37.868346  -2.696432  -2.696432   0.000000   0.000000 -22.586634 278.104349 281.337026   0.051299   0.160559 280.548488   0.134554
  2136   0.000000 268.977060 -63.856935 -37.869736  -2.685501  -2.685501   0.000000   0.000000 -22.628737 278.079427 281.318088   0.051340   0.160559 280.522916   0.134560
  2137   0.000000 268.821631 -63.887761 -37.870993  -2.674778  -2.674778   0.000000   0.000000 -22.670626 278.054580 281.299195   0.051382   0.160559 280.497418   0.134567
  2138   0.000000 268.666737 -63.918465 -37.872118  -2.664260  -2.664260   0.000000   0.000000 -22.712305 278.029808 281.280348   0.051423   0.160559 280.471994   0.134573
  2139   0.000000 268.512374 -63.949046 -37.873112  -2.653943  -2.653943   0.000000   0.000000 -22.753777 278.005110 281.261545   0.051465   0.160559 280.446644   0.134580
  2140   0.000000 268.358538 -63.979504 -37.873975  -2.643825  -2.643825   0.000000   0.000000 -22.795043 277.980485 281.242786   0.051506   0.160559 280.421366   0.134586
  2141   0.000000 268.205226 -64.009840 -37.874708  -2.633903  -2.633903   0.000000   0.000000 -22.836107 277.955933 281.224072   0.051548   0.160559 280.396160   0.134593
  2142   0.000000 268.052433 -64.040054 -37.875312  -2.624173  -2.624173   0.000000   0.000000 -22.876972 277.931452 281.205401   0.051589   0.160559 280.371025   0.134599
  2143   0.000000 267.900157 -64.070145 -37.875787  -2.614633  -2.614633   0.000000   0.000000 -22.917641 277.907043 281.186774   0.051630   0.160559 280.345962   0.134606
  2144   0.000000 267.748393 -64.100114 -37.876134  -2.605279  -2.605279   0.000000   0.000000 -22.958115 277.882705 281.168190   0.051672   0.160559 280.320968   0.134612
  2145   0.000000 267.597138 -64.129962 -37.876352  -2.596110  -2.596110   0.000000   0.000000 -22.998398 277.858436 281.149649   0.051713   0.160559 280.296044   0.134618
  2146   0.000000 267.446388 -64.159687 -37.876444  -2.587121  -2.587121   0.000000   0.000000 -23.038493 277.834237 281.131151   0.051755   0.160560 280.271188   0.134625
  2147   0.000000 267.296139 -64.189291 -37.876408  -2.578310  -2.578310   0.000000   0.000000 -23.078401 277.810106 281.112695   0.051796   0.160560 280.246401   0.134631
  2148   0.000000 267.146388 -64.218774 -37.876247  -2.569676  -2.569676   0.000000   0.000000 -23.118125 277.786043 281.094282   0.051837   0.160560 280.221682   0.134638
  2149   0.000000 266.997132 -64.248135 -37.875959  -2.561214  -2.561214   0.000000   0.000000 -23.157669 277.762048 281.075910   0.051879   0.160560 280.197030   0.134644
  2150   0.000000 266.848366 -64.277376 -37.875547  -2.552922  -2.552922   0.000000   0.000000 -23.197033 277.738119 281.057580   0.051920   0.160560 280.172444   0.134650
  2151   0.000000 266.700088 -64.306495 -37.875009  -2.544798  -2.544798   0.000000   0.000000 -23.236222 277.714257 281.039291   0.051961   0.160560 280.147924   0.134657
  2152   0.000000 266.552293 -64.335494 -37.874348  -2.536838  -2.536838   0.000000   0.000000 -23.275237 277.690460 281.021043   0.052003   0.160560 280.123470   0.134663
  2153   0.000000 266.404979 -64.364373 -37.873562  -2.529042  -2.529042   0.000000   0.000000 -23.314080 277.666728 281.002836   0.052044   0.160560 280.099080   0.134670
  2154   0.000000 266.258142 -64.393132 -37.872653  -2.521406  -2.521406   0.000000   0.000000 -23.352755 277.643060 280.984669   0.052085   0.160560 280.074754   0.134676
  2155   0.000000 266.111778 -64.421771 -37.871621  -2.513927  -2.513927   0.000000   0.000000 -23.391263 277.619456 280.966543   0.052126   0.160560 280.050493   0.134682
  2156   0.000000 265.965884 -64.450291 -37.870466  -2.506604  -2.506604   0.000000   0.000000 -23.429607 277.595915 280.948457   0.052168   0.160560 280.026294   0.134689
  2157   0.000000 265.820456 -64.478691 -37.869190  -2.499434  -2.499434   0.000000   0.000000 -23.467789 277.572437 280.930410   0.052209   0.160560 280.002157   0.134695
  2158   0.000000 265.675492 -64.506972 -37.867791  -2.492414  -2.492414   0.000000   0.000000 -23.505811 277.549021 280.912403   0.052250   0.160560 279.978083   0.134701
  2159   0.000000 265.530988 -64.535134 -37.866271  -2.485543  -2.485543   0.000000   0.000000 -23.543676 277.525666 280.894435   0.052291   0.160560 279.954070   0.134708
  2160   0.000000 265.386940 -64.563178 -37.864630  -2.478818  -2.478818   0.000000   0.000000 -23.581386 277.502372 280.876506   0.052332   0.160560 279.930118   0.134714
  2161   0.000000 265.243346 -64.591104 -37.863714  -2.472254  -2.472254   0.000000   0.000000 -23.618943 277.479167 280.858617   0.052374   0.160560 279.906257   0.134720
  2162   0.000000 265.100189 -64.619049 -37.863130  -2.465765  -2.465765   0.000000   0.000000 -23.656149 277.456052 280.840766   0.052415   0.160560 279.882487   0.134727
  2163   0.000000 264.957464 -64.647027 -37.862783  -2.459344  -2.459344   0.000000   0.000000 -23.692996 277.433025 280.822954   0.052456   0.160561 279.858803   0.134733
  2164   0.000000 264.815163 -64.675029 -37.862642  -2.452995  -2.452995   0.000000   0.000000 -23.729502 277.410083 280.805181   0.052497   0.160561 279.835203   0.134739
  2165   0.000000 264.673284 -64.703047 -37.862685  -2.446725  -2.446725   0.000000   0.000000 -23.765687 277.387223 280.787447   0.052538   0.160561 279.811685   0.134745
  2166   0.000000 264.531825 -64.731071 -37.862898  -2.440535  -2.440535   0.000000   0.000000 -23.801567 277.364444 280.769751   0.052579   0.160561 279.788247   0.134752
  2167   0.000000 264.390781 -64.759095 -37.863267  -2.434429  -2.434429   0.000000   0.000000 -23.837155 277.341743 280.752095   0.052620   0.160561 279.764887   0.134758
  2168   0.000000 264.250153 -64.787113 -37.863783  -2.428408  -2.428408   0.000000   0.000000 -23.872462 277.319120 280.734476   0.052662   0.160561 279.741604   0.134764
  2169   0.000000 264.109938 -64.815120 -37.864435  -2.422473  -2.422473   0.000000   0.000000 -23.907498 277.296572 280.716897   0.052703   0.160561 279.718396   0.134770
  2170   0.000000 263.970135 -64.843111 -37.865217  -2.416624  -2.416624   0.000000   0.000000 -23.942270 277.274100 280.699355   0.052744   0.160561 279.695263   0.134777
  2171   0.000000 263.830744 -64.871082 -37.866120  -2.410862  -2.410862   0.000000   0.000000 -23.976785 277.251702 280.681852   0.052785   0.160561 279.672205   0.134783
  2172   0.000000 263.691762 -64.899029 -37.867140  -2.405186  -2.405186   0.000000   0.000000 -24.011049 277.229377 280.664387   0.052826   0.160561 279.649219   0.134789
  2173   0.000000 263.553190 -64.926950 -37.868271  -2.399595  -2.399595   0.000000   0.000000 -24.045067 277.207125 280.646959   0.052867   0.160561 279.626305   0.134795
  2174   0.000000 263.415027 -64.954842 -37.869507  -2.394089  -2.394089   0.000000   0.000000 -24.078843 277.184944 280.629570   0.052908   0.160561 279.603464   0.134802
  2175   0.000000 263.277271 -64.982701 -37.870845  -2.388668  -2.388668   0.000000   0.000000 -24.112381 277.162834 280.612218   0.052949   0.160561 279.580693   0.134808
  2176   0.000000 263.139921 -65.010526 -37.872281  -2.383329  -2.383329   0.000000   0.000000 -24.145686 277.140795 280.594904   0.052990   0.160561 279.557993   0.134814
  2177   0.000000 263.002978 -65.038314 -37.873811  -2.378073  -2.378073   0.000000   0.000000 -24.178761 277.118825 280.577626   0.053031   0.160561 279.535363   0.134820
  2178   0.000000 262.866439 -65.066063 -37.875432  -2.372898  -2.372898   0.000000   0.000000 -24.211608 277.096925 280.560387   0.053072   0.160561 279.512802   0.134826
  2179   0.000000 262.730305 -65.093771 -37.877141  -2.367804  -2.367804   0.000000   0.000000 -24.244231 277.075094 280.543184   0.053113   0.160561 279.490310   0.134832
  2180   0.000000 262.594573 -65.121438 -37.878934  -2.362788  -2.362788   0.000000   0.000000 -24.276633 277.053330 280.526018   0.053154   0.160562 279.467887   0.134839
  2181   0.000000 262.459244 -65.149060 -37.880810  -2.357851  -2.357851   0.000000   0.000000 -24.308817 277.031634 280.508889   0.053195   0.160562 279.445531   0.134845
  2182   0.000000 262.324316 -65.176636 -37.882765  -2.352991  -2.352991   0.000000   0.000000 -24.340784 277.010006 280.491797   0.053236   0.160562 279.423243   0.134851
  2183   0.000000 262.189787 -65.204166 -37.884797  -2.348206  -2.348206   0.000000   0.000000 -24.372538 276.988444 280.474741   0.053277   0.160562 279.401023   0.134857
  2184   0.000000 262.055658 -65.231647 -37.886905  -2.343497  -2.343497   0.000000   0.000000 -24.404081 276.966948 280.457722   0.053318   0.160562 279.378868   0.134863
  2185   0.000000 261.921926 -65.259078 -37.889085  -2.338861  -2.338861   0.000000   0.000000 -24.435415 276.945518 280.440739   0.053359   0.160562 279.356781   0.134869
  2186   0.000000 261.788591 -65.286458 -37.891336  -2.334297  -2.334297   0.000000   0.000000 -24.466543 276.924154 280.423792   0.053400   0.160562 279.334759   0.134876
  2187   0.000000 261.655652 -65.313787 -37.893655  -2.329805  -2.329805   0.000000   0.000000 -24.497466 276.902854 280.406880   0.053441   0.160562 279.312802   0.134882
  2188   0.000000 261.523107 -65.341062 -37.896041  -2.325384  -2.325384   0.000000   0.000000 -24.528187 276.881618 280.390005   0.053482   0.160562 279.290910   0.134888
  2189   0.000000 261.390955 -65.368283 -37.898492  -2.321032  -2.321032   0.000000   0.000000 -24.558708 276.860447 280.373165   0.053523   0.160562 279.269083   0.134894
  2190   0.000000 261.259195 -65.395449 -37.901007  -2.316749  -2.316749   0.000000   0.000000 -24.589031 276.839339 280.356361   0.053564   0.160562 279.247320   0.134900
  2191   0.000000 261.127826 -65.422559 -37.903582  -2.312533  -2.312533   0.000000   0.000000 -24.619158 276.818294 280.339592   0.053605   0.160562 279.225621   0.134906
  2192   0.000000 260.996846 -65.449612 -37.906217  -2.308383  -2.308383   0.000000   0.000000 -24.649090 276.797311 280.322859   0.053646   0.160562 279.203986   0.134912
  2193   0.000000 260.866254 -65.476607 -37.908911  -2.304299  -2.304299   0.000000   0.000000 -24.678831 276.776391 280.306160   0.053687   0.160562 279.182413   0.134918
  2194   0.000000 260.736048 -65.503544 -37.911660  -2.300280  -2.300280   0.000000   0.000000 -24.708381 276.755533 280.289496   0.053727   0.160562 279.160903   0.134924
  2195   0.000000 260.606228 -65.530421 -37.914465  -2.296323  -2.296323   0.000000   0.000000 -24.737743 276.734737 280.272868   0.053768   0.160562 279.139455   0.134931
  2196   0.000000 260.476792 -65.557238 -37.917323  -2.292430  -2.292430   0.000000   0.000000 -24.766918 276.714001 280.256273   0.053809   0.160562 279.118069   0.134937
  2197   0.000000 260.347739 -65.583995 -37.920233  -2.288598  -2.288598   0.000000   0.000000 -24.795909 276.693326 280.239714   0.053850   0.160562 279.096745   0.134943
  2198   0.000000 260.219067 -65.610690 -37.923193  -2.284827  -2.284827   0.000000   0.000000 -24.824716 276.672711 280.223189   0.053891   0.160563 279.075481   0.134949
  2199   0.000000 260.090774 -65.637323 -37.926203  -2.281116  -2.281116   0.000000   0.000000 -24.853343 276.652156 280.206697   0.053932   0.160563 279.054279   0.134955
  2200   0.000000 259.962860 -65.663893 -37.929260  -2.277465  -2.277465   0.000000   0.000000 -24.881791 276.631660 280.190241   0.053973   0.160563 279.033136   0.134961
  2201   0.000000 259.835322 -65.690401 -37.932363  -2.273871  -2.273871   0.000000   0.000000 -24.910061 276.611224 280.173818   0.054014   0.160563 279.012054   0.134967
  2202   0.000000 259.708160 -65.716844 -37.935511  -2.270335  -2.270335   0.000000   0.000000 -24.938155 276.590846 280.157428   0.054055   0.160563 278.991032   0.134973
  2203   0.000000 259.581372 -65.743224 -37.938703  -2.266855  -2.266855   0.000000   0.000000 -24.966075 276.570527 280.141073   0.054095   0.160563 278.970068   0.134979
  2204   0.000000 259.454956 -65.769538 -37.941937  -2.263431  -2.263431   0.000000   0.000000 -24.993822 276.550265 280.124751   0.054136   0.160563 278.949164   0.134985
  2205   0.000000 259.328911 -65.795788 -37.945212  -2.260062  -2.260062   0.000000   0.000000 -25.021399 276.530061 280.108462   0.054177   0.160563 278.928318   0.134991
  2206   0.000000 259.203236 -65.821972 -37.948527  -2.256747  -2.256747   0.000000   0.000000 -25.048807 276.509914 280.092207   0.054218   0.160563 278.907530   0.134997
  2207   0.000000 259.077928 -65.848089 -37.951881  -2.253486  -2.253486   0.000000   0.000000 -25.076048 276.489824 280.075985   0.054259   0.160563 278.886800   0.135003
  2208   0.000000 258.952987 -65.874141 -37.955272  -2.250278  -2.250278   0.000000   0.000000 -25.103122 276.469791 280.059795   0.054300   0.160563 278.866128   0.135009
  2209   0.000000 258.828411 -65.900125 -37.958700  -2.247122  -2.247122   0.000000   0.000000 -25.130033 276.449813 280.043639   0.054341   0.160563 278.845512   0.135015
  2210   0.000000 258.704198 -65.926043 -37.962162  -2.244016  -2.244016   0.000000   0.000000 -25.156781 276.429891 280.027515   0.054381   0.160563 278.824954   0.135021
  2211   0.000000 258.580347 -65.951893 -37.965658  -2.240962  -2.240962   0.000000   0.000000 -25.183368 276.410025 280.011424   0.054422   0.160563 278.804451   0.135027
  2212   0.000000 258.456857 -65.977675 -37.969187  -2.237957  -2.237957   0.000000   0.000000 -25.209796 276.390213 279.995366   0.054463   0.160563 278.784005   0.135033
  2213   0.000000 258.333725 -66.003389 -37.972748  -2.235002  -2.235002   0.000000   0.000000 -25.236066 276.370457 279.979339   0.054504   0.160563 278.763615   0.135039
  2214   0.000000 258.210950 -66.029034 -37.976339  -2.232095  -2.232095   0.000000   0.000000 -25.262180 276.350754 279.963345   0.054545   0.160563 278.743280   0.135045
  2215   0.000000 258.088530 -66.054611 -37.979960  -2.229237  -2.229237   0.000000   0.000000 -25.288139 276.331105 279.947383   0.054586   0.160563 278.723000   0.135051
  2216   0.000000 257.966465 -66.080119 -37.983609  -2.226425  -2.226425   0.000000   0.000000 -25.313944 276.311510 279.931453   0.054626   0.160564 278.702775   0.135057
  2217   0.000000 257.844752 -66.105557 -37.987285  -2.223660  -2.223660   0.000000   0.000000 -25.339599 276.291969 279.915555   0.054667   0.160564 278.682604   0.135063
  2218   0.000000 257.723391 -66.130927 -37.990988  -2.220941  -2.220941   0.000000   0.000000 -25.365103 276.272480 279.899688   0.054708   0.160564 278.662487   0.135069
  2219   0.000000 257.602378 -66.156226 -37.994716  -2.218268  -2.218268   0.000000   0.000000 -25.390458 276.253043 279.883853   0.054749   0.160564 278.642424   0.135075
  2220   0.000000 257.481713 -66.181456 -37.998468  -2.215640  -2.215640   0.000000   0.000000 -25.415666 276.233659 279.868049   0.054790   0.160564 278.622414   0.135081
  2221   0.000000 257.361395 -66.206615 -38.002244  -2.213055  -2.213055   0.000000   0.000000 -25.440728 276.214327 279.852276   0.054830   0.160564 278.602458   0.135087
  2222   0.000000 257.241421 -66.231705 -38.006042  -2.210515  -2.210515   0.000000   0.000000 -25.465646 276.195046 279.836535   0.054871   0.160564 278.582554   0.135093
  2223   0.000000 257.121790 -66.256724 -38.009861  -2.208018  -2.208018   0.000000   0.000000 -25.490421 276.175817 279.820824   0.054912   0.160564 278.562702   0.135099
  2224   0.000000 257.002500 -66.281672 -38.013700  -2.205563  -2.205563   0.000000   0.000000 -25.515055 276.156638 279.805145   0.054953   0.160564 278.542902   0.135105
  2225   0.000000 256.883550 -66.306550 -38.017559  -2.203150  -2.203150   0.000000   0.000000 -25.539548 276.137510 279.789496   0.054994   0.160564 278.523154   0.135111
  2226   0.000000 256.764939 -66.331357 -38.021436  -2.200779  -2.200779   0.000000   0.000000 -25.563903 276.118432 279.773878   0.055034   0.160564 278.503458   0.135117
  2227   0.000000 256.646664 -66.356093 -38.025331  -2.198449  -2.198449   0.000000   0.000000 -25.588121 276.099404 279.758290   0.055075   0.160564 278.483813   0.135122
  2228   0.000000 256.528724 -66.380758 -38.029243  -2.196159  -2.196159   0.000000   0.000000 -25.612203 276.080426 279.742733   0.055116   0.160564 278.464218   0.135128
  2229   0.000000 256.411118 -66.405352 -38.033170  -2.193909  -2.193909   0.000000   0.000000 -25.636150 276.061496 279.727206   0.055157   0.160564 278.444674   0.135134
  2230   0.000000 256.293844 -66.429875 -38.037112  -2.191699  -2.191699   0.000000   0.000000 -25.659965 276.042616 279.711709   0.055198   0.160564 278.425180   0.135140
  2231   0.000000 256.176900 -66.454327 -38.041068  -2.189528  -2.189528   0.000000   0.000000 -25.683647 276.023784 279.696242   0.055238   0.160564 278.405736   0.135146
  2232   0.000000 256.060284 -66.478707 -38.045038  -2.187395  -2.187395   0.000000   0.000000 -25.707199 276.005001 279.680804   0.055279   0.160564 278.386341   0.135152
  2233   0.000000 255.943996 -66.503016 -38.049019  -2.185301  -2.185301   0.000000   0.000000 -25.730622 275.986266 279.665397   0.055320   0.160564 278.366995   0.135158
  2234   0.000000 255.828034 -66.527253 -38.053012  -2.183244  -2.183244   0.000000   0.000000 -25.753918 275.967578 279.650019   0.055361   0.160564 278.347699   0.135164
  2235   0.000000 255.712395 -66.551419 -38.057015  -2.181224  -2.181224   0.000000   0.000000 -25.777086 275.948938 279.634671   0.055402   0.160565 278.328451   0.135170
  2236   0.000000 255.597079 -66.575514 -38.061029  -2.179241  -2.179241   0.000000   0.000000 -25.800130 275.930345 279.619352   0.055442   0.160565 278.309251   0.135176
  2237   0.000000 255.482083 -66.599537 -38.065051  -2.177294  -2.177294   0.000000   0.000000 -25.823050 275.911798 279.604062   0.055483   0.160565 278.290099   0.135181
  2238   0.000000 255.367407 -66.623488 -38.069081  -2.175383  -2.175383   0.000000   0.000000 -25.845847 275.893298 279.588801   0.055524   0.160565 278.270995   0.135187
  2239   0.000000 255.253048 -66.647368 -38.073118  -2.173507  -2.173507   0.000000   0.000000 -25.868523 275.874844 279.573570   0.055565   0.160565 278.251938   0.135193
  2240   0.000000 255.139005 -66.671177 -38.077162  -2.171666  -2.171666   0.000000   0.000000 -25.891078 275.856436 279.558367   0.055605   0.160565 278.232928   0.135199
  2241   0.000000 255.025277 -66.694913 -38.081212  -2.169860  -2.169860   0.000000   0.000000 -25.913515 275.838074 279.543193   0.055646   0.160565 278.213965   0.135205
  2242   0.000000 254.911862 -66.718579 -38.085267  -2.168088  -2.168088   0.000000   0.000000 -25.935835 275.819757 279.528048   0.055687   0.160565 278.195049   0.135211
  2243   0.000000 254.798758 -66.742173 -38.089325  -2.166350  -2.166350   0.000000   0.000000 -25.958038 275.801484 279.512931   0.055728   0.160565 278.176179   0.135217
  2244   0.000000 254.685964 -66.765696 -38.093388  -2.164645  -2.164645   0.000000   0.000000 -25.980125 275.783257 279.497842   0.055769   0.160565 278.157354   0.135223
  2245   0.000000 254.573478 -66.789147 -38.097453  -2.162973  -2.162973   0.000000   0.000000 -26.002099 275.765073 279.482782   0.055809   0.160565 278.138575   0.135228
  2246   0.000000 254.461298 -66.812527 -38.101520  -2.161334  -2.161334   0.000000   0.000000 -26.023961 275.746934 279.467750   0.055850   0.160565 278.119842   0.135234
  2247   0.000000 254.349424 -66.835835 -38.105588  -2.159727  -2.159727   0.000000   0.000000 -26.045711 275.728839 279.452746   0.055891   0.160565 278.101153   0.135240
  2248   0.000000 254.237853 -66.859073 -38.109657  -2.158152  -2.158152   0.000000   0.000000 -26.067350 275.710787 279.437770   0.055932   0.160565 278.082509   0.135246
  2249   0.000000 254.126584 -66.882239 -38.113726  -2.156609  -2.156609   0.000000   0.000000 -26.088880 275.692778 279.422822   0.055972   0.160565 278.063910   0.135252
  2250   0.000000 254.015615 -66.905334 -38.117793  -2.155096  -2.155096   0.000000   0.000000 -26.110303 275.674813 279.407901   0.056013   0.160565 278.045354   0.135258
  2251   0.000000 253.904945 -66.928358 -38.121859  -2.153615  -2.153615   0.000000   0.000000 -26.131619 275.656890 279.393008   0.056054   0.160565 278.026843   0.135263
  2252   0.000000 253.794572 -66.951312 -38.125923  -2.152164  -2.152164   0.000000   0.000000 -26.152829 275.639009 279.378142   0.056095   0.160565 278.008375   0.135269
  2253   0.000000 253.684495 -66.974194 -38.129984  -2.150743  -2.150743   0.000000   0.000000 -26.173934 275.621170 279.363304   0.056136   0.160565 277.989950   0.135275
  2254   0.000000 253.574713 -66.997006 -38.134042  -2.149352  -2.149352   0.000000   0.000000 -26.194937 275.603374 279.348493   0.056176   0.160565 277.971569   0.135281
  2255   0.000000 253.465222 -67.019747 -38.138095  -2.147990  -2.147990   0.000000   0.000000 -26.215837 275.585618 279.333709   0.056217   0.160566 277.953230   0.135287
  2256   0.000000 253.356023 -67.042417 -38.142143  -2.146658  -2.146658   0.000000   0.000000 -26.236635 275.567904 279.318952   0.056258   0.160566 277.934934   0.135292
  2257   0.000000 253.247113 -67.065018 -38.146185  -2.145354  -2.145354   0.000000   0.000000 -26.257334 275.550231 279.304222   0.056299   0.160566 277.916679   0.135298
  2258   0.000000 253.138492 -67.087547 -38.150222  -2.144079  -2.144079   0.000000   0.000000 -26.277935 275.532599 279.289519   0.056340   0.160566 277.898467   0.135304
  2259   0.000000 253.030156 -67.110007 -38.154251  -2.142833  -2.142833   0.000000   0.000000 -26.298437 275.515007 279.274842   0.056380   0.160566 277.880296   0.135310
  2260   0.000000 252.922106 -67.132397 -38.158273  -2.141614  -2.141614   0.000000   0.000000 -26.318843 275.497456 279.260192   0.056421   0.160566 277.862167   0.135316
  2261   0.000000 252.814339 -67.154716 -38.162287  -2.140423  -2.140423   0.000000   0.000000 -26.339153 275.479944 279.245568   0.056462   0.160566 277.844079   0.135321
  2262   0.000000 252.706854 -67.176966 -38.166292  -2.139259  -2.139259   0.000000   0.000000 -26.359368 275.462472 279.230971   0.056503   0.160566 277.826031   0.135327
  2263   0.000000 252.599649 -67.199146 -38.170288  -2.138122  -2.138122   0.000000   0.000000 -26.379490 275.445039 279.216399   0.056544   0.160566 277.808025   0.135333
  2264   0.000000 252.492723 -67.221257 -38.174274  -2.137012  -2.137012   0.000000   0.000000 -26.399520 275.427646 279.201854   0.056584   0.160566 277.790058   0.135339
  2265   0.000000 252.386075 -67.243298 -38.178250  -2.135929  -2.135929   0.000000   0.000000 -26.419458 275.410291 279.187335   0.056625   0.160566 277.772132   0.135344
  2266   0.000000 252.279702 -67.265270 -38.182214  -2.134871  -2.134871   0.000000   0.000000 -26.439307 275.392975 279.172842   0.056666   0.160566 277.754245   0.135350
  2267   0.000000 252.173604 -67.287173 -38.186167  -2.133840  -2.133840   0.000000   0.000000 -26.459065 275.375697 279.158374   0.056707   0.160566 277.736398   0.135356
  2268   0.000000 252.067778 -67.309007 -38.190107  -2.132834  -2.132834   0.000000   0.000000 -26.478736 275.358458 279.143932   0.056748   0.160566 277.718590   0.135362
  2269   0.000000 251.962224 -67.330773 -38.194035  -2.131854  -2.131854   0.000000   0.000000 -26.498319 275.341256 279.129515   0.056789   0.160566 277.700820   0.135368
  2270   0.000000 251.856939 -67.352469 -38.197949  -2.130899  -2.130899   0.000000   0.000000 -26.517817 275.324092 279.115124   0.056829   0.160566 277.683090   0.135373
  2271   0.000000 251.751923 -67.374097 -38.201850  -2.129969  -2.129969   0.000000   0.000000 -26.537229 275.306965 279.100759   0.056870   0.160566 277.665398   0.135379
  2272   0.000000 251.647174 -67.395657 -38.205736  -2.129063  -2.129063   0.000000   0.000000 -26.556556 275.289875 279.086418   0.056911   0.160566 277.647745   0.135385
  2273   0.000000 251.542691 -67.417149 -38.209607  -2.128182  -2.128182   0.000000   0.000000 -26.575801 275.272822 279.072103   0.056952   0.160566 277.630129   0.135391
  2274   0.000000 251.438471 -67.438573 -38.213463  -2.127325  -2.127325   0.000000   0.000000 -26.594963 275.255806 279.057812   0.056993   0.160567 277.612551   0.135396
  2275   0.000000 251.334514 -67.459929 -38.217302  -2.126492  -2.126492   0.000000   0.000000 -26.614045 275.238826 279.043547   0.057034   0.160567 277.595010   0.135402
  2276   0.000000 251.230818 -67.481217 -38.221125  -2.125683  -2.125683   0.000000   0.000000 -26.633046 275.221882 279.029306   0.057074   0.160567 277.577507   0.135408
  2277   0.000000 251.127381 -67.502439 -38.224931  -2.124897  -2.124897   0.000000   0.000000 -26.651967 275.204974 279.015090   0.057115   0.160567 277.560041   0.135413
  2278   0.000000 251.024203 -67.523592 -38.228720  -2.124134  -2.124134   0.000000   0.000000 -26.670810 275.188101 279.000898   0.057156   0.160567 277.542611   0.135419
  2279   0.000000 250.921281 -67.544679 -38.232490  -2.123394  -2.123394   0.000000   0.000000 -26.689576 275.171264 278.986731   0.057197   0.160567 277.525218   0.135425
  2280   0.000000 250.818615 -67.565699 -38.236242  -2.122677  -2.122677   0.000000   0.000000 -26.708265 275.154462 278.972588   0.057238   0.160567 277.507861   0.135431
  2281   0.000000 250.716202 -67.586652 -38.239975  -2.121982  -2.121982   0.000000   0.000000 -26.726879 275.137695 278.958469   0.057279   0.160567 277.490540   0.135436
  2282   0.000000 250.614042 -67.607539 -38.243688  -2.121310  -2.121310   0.000000   0.000000 -26.745419 275.120963 278.944375   0.057320   0.160567 277.473254   0.135442
  2283   0.000000 250.512133 -67.628360 -38.247381  -2.120660  -2.120660   0.000000   0.000000 -26.763884 275.104265 278.930304   0.057360   0.160567 277.456005   0.135448
  2284   0.000000 250.410473 -67.649114 -38.251054  -2.120031  -2.120031   0.000000   0.000000 -26.782277 275.087601 278.916258   0.057401   0.160567 277.438790   0.135453
  2285   0.000000 250.309061 -67.669803 -38.254706  -2.119425  -2.119425   0.000000   0.000000 -26.800598 275.070971 278.902235   0.057442   0.160567 277.421610   0.135459
  2286   0.000000 250.207897 -67.690425 -38.258337  -2.118839  -2.118839   0.000000   0.000000 -26.818847 275.054375 278.888236   0.057483   0.160567 277.404466   0.135465
  2287   0.000000 250.106977 -67.710983 -38.261945  -2.118275  -2.118275   0.000000   0.000000 -26.837027 275.037812 278.874261   0.057524   0.160567 277.387355   0.135471
  2288   0.000000 250.006302 -67.731475 -38.265532  -2.117732  -2.117732   0.000000   0.000000 -26.855138 275.021283 278.860309   0.057565   0.160567 277.370280   0.135476
  2289   0.000000 249.905869 -67.751902 -38.269096  -2.117210  -2.117210   0.000000   0.000000 -26.873180 275.004787 278.846380   0.057606   0.160567 277.353238   0.135482
  2290   0.000000 249.805677 -67.772264 -38.272637  -2.116709  -2.116709   0.000000   0.000000 -26.891155 274.988323 278.832475   0.057647   0.160567 277.336230   0.135488
  2291   0.000000 249.705726 -67.792561 -38.276154  -2.116227  -2.116227   0.000000   0.000000 -26.909063 274.971892 278.818593   0.057688   0.160567 277.319255   0.135493
  2292   0.000000 249.606012 -67.812794 -38.279647  -2.115766  -2.115766   0.000000   0.000000 -26.926905 274.955494 278.804734   0.057728   0.160567 277.302314   0.135499
  2293   0.000000 249.506536 -67.832963 -38.283116  -2.115325  -2.115325   0.000000   0.000000 -26.944683 274.939127 278.790898   0.057769   0.160567 277.285406   0.135505
  2294   0.000000 249.407295 -67.853067 -38.286561  -2.114904  -2.114904   0.000000   0.000000 -26.962396 274.922793 278.777085   0.057810   0.160568 277.268532   0.135510
  2295   0.000000 249.308289 -67.873108 -38.289980  -2.114503  -2.114503   0.000000   0.000000 -26.980046 274.906490 278.763295   0.057851   0.160568 277.251689   0.135516
  2296   0.000000 249.209516 -67.893085 -38.293373  -2.114121  -2.114121   0.000000   0.000000 -26.997634 274.890218 278.749527   0.057892   0.160568 277.234880   0.135522
  2297   0.000000 249.110974 -67.912999 -38.296741  -2.113758  -2.113758   0.000000   0.000000 -27.015160 274.873978 278.735782   0.057933   0.160568 277.218102   0.135527
  2298   0.000000 249.012663 -67.932849 -38.300082  -2.113414  -2.113414   0.000000   0.000000 -27.032626 274.857769 278.722059   0.057974   0.160568 277.201357   0.135533
  2299   0.000000 248.914581 -67.952636 -38.303397  -2.113089  -2.113089   0.000000   0.000000 -27.050031 274.841591 278.708359   0.058015   0.160568 277.184643   0.135539
  2300   0.000000 248.816727 -67.972361 -38.306685  -2.112783  -2.112783   0.000000   0.000000 -27.067377 274.825444 278.694681   0.058056   0.160568 277.167961   0.135544
  2301   0.000000 248.719099 -67.992023 -38.309945  -2.112496  -2.112496   0.000000   0.000000 -27.084665 274.809327 278.681026   0.058097   0.160568 277.151311   0.135550
  2302   0.000000 248.621696 -68.011623 -38.313177  -2.112226  -2.112226   0.000000   0.000000 -27.101895 274.793240 278.667392   0.058138   0.160568 277.134691   0.135556
  2303   0.000000 248.524517 -68.031160 -38.316382  -2.111975  -2.111975   0.000000   0.000000 -27.119068 274.777183 278.653781   0.058179   0.160568 277.118103   0.135561
  2304   0.000000 248.427561 -68.050636 -38.319558  -2.111742  -2.111742   0.000000   0.000000 -27.136186 274.761156 278.640191   0.058220   0.160568 277.101545   0.135567
  2305   0.000000 248.330825 -68.070050 -38.322705  -2.111527  -2.111527   0.000000   0.000000 -27.153247 274.745158 278.626623   0.058261   0.160568 277.085018   0.135573
  2306   0.000000 248.234310 -68.089402 -38.325823  -2.111329  -2.111329   0.000000   0.000000 -27.170255 274.729190 278.613077   0.058302   0.160568 277.068521   0.135578
  2307   0.000000 248.138013 -68.108693 -38.328911  -2.111149  -2.111149   0.000000   0.000000 -27.187208 274.713251 278.599552   0.058343   0.160568 277.052054   0.135584
  2308   0.000000 248.041934 -68.127923 -38.331970  -2.110987  -2.110987   0.000000   0.000000 -27.204109 274.697341 278.586049   0.058384   0.160568 277.035618   0.135590
  2309   0.000000 247.946071 -68.147092 -38.334999  -2.110841  -2.110841   0.000000   0.000000 -27.220957 274.681460 278.572568   0.058425   0.160568 277.019210   0.135595
  2310   0.000000 247.850423 -68.166201 -38.337997  -2.110712  -2.110712   0.000000   0.000000 -27.237753 274.665607 278.559107   0.058466   0.160568 277.002833   0.135601
  2311   0.000000 247.754988 -68.185249 -38.340965  -2.110600  -2.110600   0.000000   0.000000 -27.254499 274.649783 278.545668   0.058507   0.160568 276.986485   0.135606
  2312   0.000000 247.659766 -68.204237 -38.343902  -2.110505  -2.110505   0.000000   0.000000 -27.271194 274.633987 278.532250   0.058548   0.160568 276.970165   0.135612
  2313   0.000000 247.564755 -68.223165 -38.346807  -2.110427  -2.110427   0.000000   0.000000 -27.287840 274.618219 278.518853   0.058589   0.160568 276.953875   0.135618
  2314   0.000000 247.469954 -68.242033 -38.349681  -2.110364  -2.110364   0.000000   0.000000 -27.304437 274.602479 278.505477   0.058630   0.160569 276.937614   0.135623
  2315   0.000000 247.375362 -68.260842 -38.352523  -2.110318  -2.110318   0.000000   0.000000 -27.320986 274.586766 278.492122   0.058671   0.160569 276.921381   0.135629
  2316   0.000000 247.280977 -68.279591 -38.355333  -2.110288  -2.110288   0.000000   0.000000 -27.337488 274.571081 278.478787   0.058712   0.160569 276.905176   0.135635
  2317   0.000000 247.186799 -68.298281 -38.358110  -2.110274  -2.110274   0.000000   0.000000 -27.353943 274.555423 278.465473   0.058753   0.160569 276.888999   0.135640
  2318   0.000000 247.092826 -68.316913 -38.360855  -2.110275  -2.110275   0.000000   0.000000 -27.370351 274.539792 278.452180   0.058794   0.160569 276.872851   0.135646
  2319   0.000000 246.999057 -68.335486 -38.363567  -2.110292  -2.110292   0.000000   0.000000 -27.386715 274.524188 278.438907   0.058835   0.160569 276.856730   0.135651
  2320   0.000000 246.905490 -68.354000 -38.366246  -2.110324  -2.110324   0.000000   0.000000 -27.403033 274.508611 278.425655   0.058876   0.160569 276.840636   0.135657
  2321   0.000000 246.812126 -68.372456 -38.368892  -2.110372  -2.110372   0.000000   0.000000 -27.419307 274.493060 278.412423   0.058917   0.160569 276.824570   0.135663
  2322   0.000000 246.718961 -68.390854 -38.371504  -2.110434  -2.110434   0.000000   0.000000 -27.435538 274.477535 278.399211   0.058959   0.160569 276.808531   0.135668
  2323   0.000000 246.625996 -68.409194 -38.374082  -2.110512  -2.110512   0.000000   0.000000 -27.451726 274.462037 278.386019   0.059000   0.160569 276.792519   0.135674
  2324   0.000000 246.533229 -68.427477 -38.376626  -2.110604  -2.110604   0.000000   0.000000 -27.467872 274.446564 278.372847   0.059041   0.160569 276.776534   0.135679
  2325   0.000000 246.440659 -68.445702 -38.379136  -2.110711  -2.110711   0.000000   0.000000 -27.483977 274.431118 278.359695   0.059082   0.160569 276.760576   0.135685
  2326   0.000000 246.348285 -68.463870 -38.381611  -2.110833  -2.110833   0.000000   0.000000 -27.500040 274.415697 278.346563   0.059123   0.160569 276.744644   0.135691
  2327   0.000000 246.256106 -68.481981 -38.384051  -2.110968  -2.110968   0.000000   0.000000 -27.516063 274.400301 278.333450   0.059164   0.160569 276.728738   0.135696
  2328   0.000000 246.164120 -68.500036 -38.386457  -2.111118  -2.111118   0.000000   0.000000 -27.532046 274.384930 278.320357   0.059205   0.160569 276.712858   0.135702
  2329   0.000000 246.072327 -68.518034 -38.388828  -2.111282  -2.111282   0.000000   0.000000 -27.547990 274.369585 278.307284   0.059246   0.160569 276.697005   0.135707
  2330   0.000000 245.980725 -68.535975 -38.391163  -2.111460  -2.111460   0.000000   0.000000 -27.563895 274.354264 278.294230   0.059288   0.160569 276.681176   0.135713
  2331   0.000000 245.889313 -68.553861 -38.393462  -2.111652  -2.111652   0.000000   0.000000 -27.579762 274.338969 278.281196   0.059329   0.160569 276.665374   0.135718
  2332   0.000000 245.798091 -68.571691 -38.395726  -2.111857  -2.111857   0.000000   0.000000 -27.595592 274.323697 278.268181   0.059370   0.160569 276.649597   0.135724
  2333   0.000000 245.707056 -68.589465 -38.397955  -2.112076  -2.112076   0.000000   0.000000 -27.611385 274.308451 278.255185   0.059411   0.160570 276.633845   0.135730
  2334   0.000000 245.616209 -68.607183 -38.400147  -2.112308  -2.112308   0.000000   0.000000 -27.627142 274.293228 278.242208   0.059452   0.160570 276.618118   0.135735
  2335   0.000000 245.525548 -68.624847 -38.402303  -2.112553  -2.112553   0.000000   0.000000 -27.642863 274.278029 278.229251   0.059494   0.160570 276.602416   0.135741
  2336   0.000000 245.435071 -68.642455 -38.404422  -2.112812  -2.112812   0.000000   0.000000 -27.658548 274.262855 278.216312   0.059535   0.160570 276.586738   0.135746
  2337   0.000000 245.344779 -68.660009 -38.406506  -2.113083  -2.113083   0.000000   0.000000 -27.674199 274.247704 278.203392   0.059576   0.160570 276.571085   0.135752
  2338   0.000000 245.254669 -68.677508 -38.408552  -2.113367  -2.113367   0.000000   0.000000 -27.689816 274.232576 278.190491   0.059617   0.160570 276.555457   0.135757
  2339   0.000000 245.164741 -68.694953 -38.410562  -2.113663  -2.113663   0.000000   0.000000 -27.705399 274.217472 278.177608   0.059659   0.160570 276.539853   0.135763
  2340   0.000000 245.074993 -68.712343 -38.412535  -2.113972  -2.113972   0.000000   0.000000 -27.720949 274.202392 278.164744   0.059700   0.160570 276.524272   0.135768
  2341   0.000000 244.985426 -68.729680 -38.414148  -2.114289  -2.114289   0.000000   0.000000 -27.736466 274.187324 278.151898   0.059741   0.160570 276.508706   0.135774
  2342   0.000000 244.896041 -68.746917 -38.415582  -2.114644  -2.114644   0.000000   0.000000 -27.752019 274.172270 278.139071   0.059782   0.160570 276.493154   0.135780
  2343   0.000000 244.806839 -68.764054 -38.416867  -2.115038  -2.115038   0.000000   0.000000 -27.767609 274.157229 278.126262   0.059824   0.160570 276.477616   0.135785
  2344   0.000000 244.717818 -68.781094 -38.418012  -2.115466  -2.115466   0.000000   0.000000 -27.783231 274.142203 278.113471   0.059865   0.160570 276.462095   0.135791
  2345   0.000000 244.628978 -68.798041 -38.419022  -2.115928  -2.115928   0.000000   0.000000 -27.798878 274.127191 278.100697   0.059906   0.160570 276.446589   0.135796
  2346   0.000000 244.540317 -68.814898 -38.419902  -2.116420  -2.116420   0.000000   0.000000 -27.814548 274.112194 278.087942   0.059948   0.160570 276.431099   0.135802
  2347   0.000000 244.451833 -68.831667 -38.420652  -2.116941  -2.116941   0.000000   0.000000 -27.830237 274.097212 278.075204   0.059989   0.160570 276.415626   0.135807
  2348   0.000000 244.363524 -68.848351 -38.421278  -2.117490  -2.117490   0.000000   0.000000 -27.845945 274.082245 278.062483   0.060030   0.160570 276.400168   0.135813
  2349   0.000000 244.275388 -68.864952 -38.421780  -2.118065  -2.118065   0.000000   0.000000 -27.861669 274.067293 278.049780   0.060072   0.160570 276.384727   0.135818
  2350   0.000000 244.187423 -68.881472 -38.422160  -2.118667  -2.118667   0.000000   0.000000 -27.877409 274.052356 278.037093   0.060113   0.160570 276.369302   0.135824
  2351   0.000000 244.099627 -68.897912 -38.422420  -2.119295  -2.119295   0.000000   0.000000 -27.893164 274.037433 278.024424   0.060154   0.160570 276.353892   0.135829
  2352   0.000000 244.011998 -68.914274 -38.422561  -2.119947  -2.119947   0.000000   0.000000 -27.908935 274.022526 278.011772   0.060196   0.160570 276.338498   0.135835
  2353   0.000000 243.924534 -68.930558 -38.422585  -2.120623  -2.120623   0.000000   0.000000 -27.924721 274.007633 277.999136   0.060237   0.160571 276.323120   0.135840
  2354   0.000000 243.837233 -68.946767 -38.422492  -2.121324  -2.121324   0.000000   0.000000 -27.940521 273.992755 277.986518   0.060278   0.160571 276.307757   0.135846
  2355   0.000000 243.750094 -68.962901 -38.422284  -2.122049  -2.122049   0.000000   0.000000 -27.956337 273.977892 277.973916   0.060320   0.160571 276.292410   0.135851
  2356   0.000000 243.663113 -68.978962 -38.421961  -2.122797  -2.122797   0.000000   0.000000 -27.972168 273.963042 277.961330   0.060361   0.160571 276.277077   0.135857
  2357   0.000000 243.576290 -68.994950 -38.421524  -2.123568  -2.123568   0.000000   0.000000 -27.988016 273.948207 277.948761   0.060403   0.160571 276.261760   0.135862
  2358   0.000000 243.489623 -69.010866 -38.420974  -2.124362  -2.124362   0.000000   0.000000 -28.003879 273.933385 277.936208   0.060444   0.160571 276.246457   0.135868
  2359   0.000000 243.403109 -69.026712 -38.420311  -2.125179  -2.125179   0.000000   0.000000 -28.019759 273.918577 277.923671   0.060486   0.160571 276.231168   0.135873
  2360   0.000000 243.316747 -69.042487 -38.419536  -2.126018  -2.126018   0.000000   0.000000 -28.035656 273.903783 277.911150   0.060527   0.160571 276.215894   0.135879
  2361   0.000000 243.230535 -69.058194 -38.418649  -2.126880  -2.126880   0.000000   0.000000 -28.051570 273.889002 277.898645   0.060568   0.160571 276.200633   0.135884
  2362   0.000000 243.144471 -69.073833 -38.417652  -2.127763  -2.127763   0.000000   0.000000 -28.067502 273.874234 277.886156   0.060610   0.160571 276.185387   0.135890
  2363   0.000000 243.058555 -69.089404 -38.416544  -2.128669  -2.128669   0.000000   0.000000 -28.083452 273.859479 277.873682   0.060651   0.160571 276.170154   0.135896
  2364   0.000000 242.972783 -69.104909 -38.415327  -2.129596  -2.129596   0.000000   0.000000 -28.099421 273.844738 277.861225   0.060693   0.160571 276.154935   0.135901
  2365   0.000000 242.887155 -69.120348 -38.414000  -2.130544  -2.130544   0.000000   0.000000 -28.115409 273.830008 277.848782   0.060735   0.160571 276.139729   0.135906
  2366   0.000000 242.801668 -69.135721 -38.412564  -2.131513  -2.131513   0.000000   0.000000 -28.131417 273.815292 277.836355   0.060776   0.160571 276.124536   0.135912
  2367   0.000000 242.716322 -69.151030 -38.411019  -2.132504  -2.132504   0.000000   0.000000 -28.147444 273.800587 277.823943   0.060818   0.160571 276.109356   0.135917
  2368   0.000000 242.631115 -69.166275 -38.409367  -2.133515  -2.133515   0.000000   0.000000 -28.163492 273.785895 277.811547   0.060859   0.160571 276.094189   0.135923
  2369   0.000000 242.546044 -69.181457 -38.407607  -2.134547  -2.134547   0.000000   0.000000 -28.179561 273.771215 277.799165   0.060901   0.160571 276.079035   0.135928
  2370   0.000000 242.461110 -69.196576 -38.405739  -2.135599  -2.135599   0.000000   0.000000 -28.195652 273.756547 277.786799   0.060942   0.160571 276.063892   0.135934
  2371   0.000000 242.376310 -69.211633 -38.403765  -2.136671  -2.136671   0.000000   0.000000 -28.211764 273.741890 277.774447   0.060984   0.160571 276.048762   0.135939
  2372   0.000000 242.291642 -69.226629 -38.401685  -2.137764  -2.137764   0.000000   0.000000 -28.227898 273.727245 277.762110   0.061026   0.160571 276.033644   0.135945
  2373   0.000000 242.207106 -69.241564 -38.399498  -2.138876  -2.138876   0.000000   0.000000 -28.244055 273.712611 277.749788   0.061067   0.160572 276.018538   0.135950
  2374   0.000000 242.122700 -69.256438 -38.397205  -2.140007  -2.140007   0.000000   0.000000 -28.260235 273.697989 277.737480   0.061109   0.160572 276.003444   0.135956
  2375   0.000000 242.038422 -69.271253 -38.394808  -2.141158  -2.141158   0.000000   0.000000 -28.276439 273.683377 277.725187   0.061151   0.160572 275.988361   0.135961
  2376   0.000000 241.954272 -69.286009 -38.392305  -2.142328  -2.142328   0.000000   0.000000 -28.292666 273.668777 277.712908   0.061192   0.160572 275.973289   0.135967
  2377   0.000000 241.870247 -69.300706 -38.389698  -2.143517  -2.143517   0.000000   0.000000 -28.308918 273.654187 277.700643   0.061234   0.160572 275.958228   0.135972
  2378   0.000000 241.786347 -69.315345 -38.386987  -2.144725  -2.144725   0.000000   0.000000 -28.325194 273.639607 277.688392   0.061276   0.160572 275.943179   0.135978
  2379   0.000000 241.702571 -69.329926 -38.384172  -2.145952  -2.145952   0.000000   0.000000 -28.341495 273.625038 277.676156   0.061317   0.160572 275.928140   0.135983
  2380   0.000000 241.618916 -69.344450 -38.381254  -2.147196  -2.147196   0.000000   0.000000 -28.357821 273.610480 277.663933   0.061359   0.160572 275.913112   0.135989
  2381   0.000000 241.535382 -69.358917 -38.378232  -2.148459  -2.148459   0.000000   0.000000 -28.374173 273.595931 277.651724   0.061401   0.160572 275.898094   0.135994
  2382   0.000000 241.451968 -69.373329 -38.375108  -2.149740  -2.149740   0.000000   0.000000 -28.390552 273.581392 277.639529   0.061443   0.160572 275.883087   0.136000
  2383   0.000000 241.368671 -69.387684 -38.371882  -2.151039  -2.151039   0.000000   0.000000 -28.406956 273.566864 277.627347   0.061484   0.160572 275.868090   0.136005
  2384   0.000000 241.285492 -69.401985 -38.368554  -2.152355  -2.152355   0.000000   0.000000 -28.423387 273.552344 277.615180   0.061526   0.160572 275.853103   0.136011
  2385   0.000000 241.202429 -69.416231 -38.365124  -2.153689  -2.153689   0.000000   0.000000 -28.439846 273.537835 277.603025   0.061568   0.160572 275.838125   0.136016
  2386   0.000000 241.119480 -69.430422 -38.361593  -2.155040  -2.155040   0.000000   0.000000 -28.456332 273.523335 277.590884   0.061610   0.160572 275.823158   0.136021
  2387   0.000000 241.036645 -69.444560 -38.357961  -2.156407  -2.156407   0.000000   0.000000 -28.472845 273.508844 277.578756   0.061652   0.160572 275.808200   0.136027
  2388   0.000000 240.953922 -69.458644 -38.354229  -2.157792  -2.157792   0.000000   0.000000 -28.489386 273.494362 277.566641   0.061694   0.160572 275.793251   0.136032
  2389   0.000000 240.871310 -69.472675 -38.350397  -2.159193  -2.159193   0.000000   0.000000 -28.505956 273.479889 277.554540   0.061736   0.160572 275.778312   0.136038
  2390   0.000000 240.788809 -69.486653 -38.346465  -2.160610  -2.160610   0.000000   0.000000 -28.522554 273.465425 277.542451   0.061777   0.160572 275.763382   0.136043
  2391   0.000000 240.706417 -69.500580 -38.342433  -2.162044  -2.162044   0.000000   0.000000 -28.539181 273.450970 277.530375   0.061819   0.160572 275.748461   0.136049
  2392   0.000000 240.624132 -69.514454 -38.338303  -2.163494  -2.163494   0.000000   0.000000 -28.555837 273.436523 277.518312   0.061861   0.160573 275.733549   0.136054
  2393   0.000000 240.541954 -69.528278 -38.334074  -2.164959  -2.164959   0.000000   0.000000 -28.572523 273.422085 277.506262   0.061903   0.160573 275.718646   0.136060
  2394   0.000000 240.459883 -69.542050 -38.329747  -2.166440  -2.166440   0.000000   0.000000 -28.589238 273.407655 277.494224   0.061945   0.160573 275.703751   0.136065
  2395   0.000000 240.377916 -69.555772 -38.325323  -2.167937  -2.167937   0.000000   0.000000 -28.605983 273.393233 277.482199   0.061987   0.160573 275.688865   0.136071
  2396   0.000000 240.296052 -69.569443 -38.320800  -2.169448  -2.169448   0.000000   0.000000 -28.622758 273.378820 277.470186   0.062029   0.160573 275.673987   0.136076
  2397   0.000000 240.214292 -69.583065 -38.316181  -2.170975  -2.170975   0.000000   0.000000 -28.639563 273.364414 277.458185   0.062071   0.160573 275.659117   0.136081
  2398   0.000000 240.132633 -69.596637 -38.311465  -2.172516  -2.172516   0.000000   0.000000 -28.656399 273.350016 277.446197   0.062113   0.160573 275.644255   0.136087
  2399   0.000000 240.051075 -69.610161 -38.306653  -2.174072  -2.174072   0.000000   0.000000 -28.673266 273.335626 277.434221   0.062155   0.160573 275.629401   0.136092
  2400   0.000000 239.969617 -69.623636 -38.301745  -2.175643  -2.175643   0.000000   0.000000 -28.690163 273.321244 277.422257   0.062197   0.160573 275.614555   0.136098
  2401   0.000000 239.888257 -69.637062 -38.296742  -2.177227  -2.177227   0.000000   0.000000 -28.707092 273.306869 277.410305   0.062239   0.160573 275.599717   0.136103
  2402   0.000000 239.806995 -69.650440 -38.291643  -2.178826  -2.178826   0.000000   0.000000 -28.724052 273.292501 277.398365   0.062282   0.160573 275.584886   0.136109
  2403   0.000000 239.725831 -69.663771 -38.286450  -2.180439  -2.180439   0.000000   0.000000 -28.741044 273.278141 277.386436   0.062324   0.160573 275.570063   0.136114
  2404   0.000000 239.644762 -69.677055 -38.281162  -2.182065  -2.182065   0.000000   0.000000 -28.758067 273.263788 277.374519   0.062366   0.160573 275.555247   0.136119
  2405   0.000000 239.563788 -69.690292 -38.275781  -2.183705  -2.183705   0.000000   0.000000 -28.775122 273.249441 277.362614   0.062408   0.160573 275.540438   0.136125
  2406   0.000000 239.482908 -69.703482 -38.270306  -2.185358  -2.185358   0.000000   0.000000 -28.792210 273.235102 277.350721   0.062450   0.160573 275.525637   0.136130
  2407   0.000000 239.402122 -69.716626 -38.264738  -2.187024  -2.187024   0.000000   0.000000 -28.809329 273.220770 277.338838   0.062492   0.160573 275.510842   0.136136
  2408   0.000000 239.321428 -69.729724 -38.259077  -2.188703  -2.188703   0.000000   0.000000 -28.826481 273.206444 277.326968   0.062535   0.160573 275.496055   0.136141
  2409   0.000000 239.240826 -69.742777 -38.253324  -2.190395  -2.190395   0.000000   0.000000 -28.843665 273.192125 277.315108   0.062577   0.160573 275.481274   0.136147
  2410   0.000000 239.160314 -69.755784 -38.247479  -2.192100  -2.192100   0.000000   0.000000 -28.860883 273.177812 277.303260   0.062619   0.160573 275.466499   0.136152
  2411   0.000000 239.079892 -69.768747 -38.241542  -2.193816  -2.193816   0.000000   0.000000 -28.878132 273.163506 277.291422   0.062661   0.160574 275.451732   0.136157
  2412   0.000000 238.999559 -69.781665 -38.235514  -2.195546  -2.195546   0.000000   0.000000 -28.895415 273.150261 277.279605   0.062704   0.160574 275.437516   0.136163
  2413   0.000000 238.919314 -69.798976 -38.213299  -2.193939  -2.193939   0.000000   0.000000 -28.905406 273.136299 277.267801   0.062746   0.160574 275.422912   0.136168
  2414   0.000000 238.839355 -69.813020 -38.201739  -2.237244  -2.237244   0.000000   0.000000 -28.920510 273.122236 277.256009   0.062788   0.160574 275.408294   0.136174
  2415   0.000000 238.759548 -69.826509 -38.192523  -2.244012  -2.244012   0.000000   0.000000 -28.936408 273.108190 277.244229   0.062831   0.160574 275.393693   0.136179
  2416   0.000000 238.679859 -69.839972 -38.183156  -2.251199  -2.251199   0.000000   0.000000 -28.952273 273.094156 277.232462   0.062874   0.160574 275.379105   0.136185
  2417   0.000000 238.600287 -69.853387 -38.173718  -2.258370  -2.258370   0.000000   0.000000 -28.968143 273.080133 277.220707   0.062916   0.160574 275.364528   0.136190
  2418   0.000000 238.520830 -69.866751 -38.164214  -2.265536  -2.265536   0.000000   0.000000 -28.984022 273.066119 277.208964   0.062959   0.160574 275.349962   0.136195
  2419   0.000000 238.441485 -69.880066 -38.154644  -2.272695  -2.272695   0.000000   0.000000 -28.999913 273.052116 277.197233   0.063002   0.160574 275.335408   0.136201
  2420   0.000000 238.362251 -69.893331 -38.145007  -2.279851  -2.279851   0.000000   0.000000 -29.015819 273.038123 277.185514   0.063045   0.160574 275.320864   0.136206
  2421   0.000000 238.283126 -69.906547 -38.135302  -2.287003  -2.287003   0.000000   0.000000 -29.031741 273.024139 277.173807   0.063087   0.160574 275.306330   0.136212
  2422   0.000000 238.204108 -69.919713 -38.125529  -2.294152  -2.294152   0.000000   0.000000 -29.047679 273.010164 277.162112   0.063130   0.160574 275.291806   0.136217
  2423   0.000000 238.125195 -69.932831 -38.115688  -2.301299  -2.301299   0.000000   0.000000 -29.063635 272.996198 277.150428   0.063173   0.160574 275.277292   0.136223
  2424   0.000000 238.046387 -69.945902 -38.105779  -2.308444  -2.308444   0.000000   0.000000 -29.079610 272.982241 277.138756   0.063216   0.160574 275.262787   0.136228
  2425   0.000000 237.967682 -69.958924 -38.095800  -2.315587  -2.315587   0.000000   0.000000 -29.095604 272.968292 277.127095   0.063259   0.160574 275.248292   0.136234
  2426   0.000000 237.889078 -69.971900 -38.085752  -2.322730  -2.322730   0.000000   0.000000 -29.111619 272.954352 277.115446   0.063302   0.160574 275.233805   0.136239
  2427   0.000000 237.810574 -69.984829 -38.075634  -2.329871  -2.329871   0.000000   0.000000 -29.127653 272.940421 277.103808   0.063346   0.160574 275.219328   0.136245
  2428   0.000000 237.732169 -69.997712 -38.065447  -2.337012  -2.337012   0.000000   0.000000 -29.143709 272.926497 277.092181   0.063389   0.160574 275.204860   0.136250
  2429   0.000000 237.653862 -70.010549 -38.055190  -2.344153  -2.344153   0.000000   0.000000 -29.159787 272.912582 277.080566   0.063432   0.160575 275.190400   0.136256
  2430   0.000000 237.575651 -70.023341 -38.044864  -2.351293  -2.351293   0.000000   0.000000 -29.175887 272.898674 277.068961   0.063475   0.160575 275.175949   0.136261
  2431   0.000000 237.497535 -70.036089 -38.034468  -2.358433  -2.358433   0.000000   0.000000 -29.192009 272.884774 277.057368   0.063519   0.160575 275.161505   0.136266
  2432   0.000000 237.419513 -70.048792 -38.024002  -2.365574  -2.365574   0.000000   0.000000 -29.208154 272.870882 277.045785   0.063562   0.160575 275.147070   0.136272
  2433   0.000000 237.341584 -70.061451 -38.013466  -2.372715  -2.372715   0.000000   0.000000 -29.224322 272.856997 277.034214   0.063605   0.160575 275.132643   0.136277
  2434   0.000000 237.263747 -70.074067 -38.002861  -2.379856  -2.379856   0.000000   0.000000 -29.240514 272.843120 277.022653   0.063649   0.160575 275.118224   0.136283
  2435   0.000000 237.186002 -70.086640 -37.992186  -2.386998  -2.386998   0.000000   0.000000 -29.256730 272.829250 277.011102   0.063692   0.160575 275.103813   0.136288
  2436   0.000000 237.108346 -70.099170 -37.981441  -2.394141  -2.394141   0.000000   0.000000 -29.272970 272.815386 276.999563   0.063736   0.160575 275.089409   0.136294
  2437   0.000000 237.030778 -70.111658 -37.970627  -2.401284  -2.401284   0.000000   0.000000 -29.289235 272.801530 276.988034   0.063780   0.160575 275.075012   0.136299
  2438   0.000000 236.953299 -70.124104 -37.959744  -2.408429  -2.408429   0.000000   0.000000 -29.305524 272.787681 276.976515   0.063823   0.160575 275.060623   0.136305
  2439   0.000000 236.875907 -70.136509 -37.948792  -2.415574  -2.415574   0.000000   0.000000 -29.321838 272.773838 276.965007   0.063867   0.160575 275.046241   0.136310
  2440   0.000000 236.798601 -70.148872 -37.937771  -2.422720  -2.422720   0.000000   0.000000 -29.338178 272.760003 276.953509   0.063911   0.160575 275.031866   0.136316
  2441   0.000000 236.721380 -70.161195 -37.926681  -2.429867  -2.429867   0.000000   0.000000 -29.354543 272.746173 276.942021   0.063955   0.160575 275.017498   0.136321
  2442   0.000000 236.644243 -70.173477 -37.915522  -2.437015  -2.437015   0.000000   0.000000 -29.370933 272.732351 276.930543   0.063999   0.160575 275.003137   0.136327
  2443   0.000000 236.567189 -70.185720 -37.904296  -2.444165  -2.444165   0.000000   0.000000 -29.387350 272.718534 276.919076   0.064043   0.160575 274.988783   0.136332
  2444   0.000000 236.490219 -70.197922 -37.893000  -2.451315  -2.451315  -0.000000  -0.000000 -29.403792 272.704724 276.907618   0.064087   0.160575 274.974435   0.136338
  2445   0.000000 236.413329 -70.210086 -37.881637  -2.458466  -2.458466  -0.000000  -0.000000 -29.420260 272.690920 276.896171   0.064131   0.160575 274.960094   0.136343
  2446   0.000000 236.336521 -70.222210 -37.870207  -2.465619  -2.465619  -0.000000  -0.000000 -29.436755 272.677122 276.884733   0.064175   0.160575 274.945759   0.136349
  2447   0.000000 236.259792 -70.234296 -37.858708  -2.472773  -2.472773  -0.000000  -0.000000 -29.453276 272.663330 276.873305   0.064219   0.160576 274.931430   0.136354
  2448   0.000000 236.183143 -70.246343 -37.847143  -2.479927  -2.479927  -0.000000  -0.000000 -29.469824 272.649544 276.861887   0.064263   0.160576 274.917108   0.136360
  2449   0.000000 236.106572 -70.258353 -37.835511  -2.487083  -2.487083  -0.000000  -0.000000 -29.486398 272.635764 276.850478   0.064307   0.160576 274.902792   0.136365
  2450   0.000000 236.030079 -70.270325 -37.823811  -2.494240  -2.494240  -0.000000  -0.000000 -29.502999 272.621989 276.839079   0.064352   0.160576 274.888481   0.136371
  2451   0.000000 235.953663 -70.282259 -37.812046  -2.501398  -2.501398  -0.000000  -0.000000 -29.519627 272.608220 276.827689   0.064396   0.160576 274.874177   0.136376
  2452   0.000000 235.877322 -70.294157 -37.800214  -2.508556  -2.508556  -0.000000  -0.000000 -29.536283 272.594457 276.816309   0.064441   0.160576 274.859878   0.136382
  2453   0.000000 235.801058 -70.306018 -37.788317  -2.515716  -2.515716  -0.000000  -0.000000 -29.552965 272.580699 276.804938   0.064485   0.160576 274.845586   0.136387
  2454   0.000000 235.724867 -70.317842 -37.776354  -2.522877  -2.522877  -0.000000  -0.000000 -29.569674 272.566946 276.793576   0.064530   0.160576 274.831298   0.136393
  2455   0.000000 235.648751 -70.329631 -37.764326  -2.530038  -2.530038  -0.000000  -0.000000 -29.586411 272.553199 276.782224   0.064574   0.160576 274.817017   0.136399
  2456   0.000000 235.572708 -70.341383 -37.752232  -2.537201  -2.537201  -0.000000  -0.000000 -29.603174 272.539457 276.770881   0.064619   0.160576 274.802741   0.136404
  2457   0.000000 235.496738 -70.353101 -37.740075  -2.544364  -2.544364  -0.000000  -0.000000 -29.619966 272.525720 276.759547   0.064663   0.160576 274.788470   0.136410
  2458   0.000000 235.420839 -70.364783 -37.727852  -2.551528  -2.551528  -0.000000  -0.000000 -29.636784 272.511989 276.748222   0.064708   0.160576 274.774204   0.136415
  2459   0.000000 235.345012 -70.376430 -37.715566  -2.558693  -2.558693  -0.000000  -0.000000 -29.653631 272.498262 276.736905   0.064753   0.160576 274.759944   0.136421
  2460   0.000000 235.269255 -70.388043 -37.703217  -2.565858  -2.565858  -0.000000  -0.000000 -29.670504 272.484540 276.725598   0.064798   0.160576 274.745689   0.136426
  2461   0.000000 235.193568 -70.399621 -37.690804  -2.573024  -2.573024  -0.000000  -0.000000 -29.687406 272.469764 276.714291   0.064843   0.160576 274.730910   0.136432
  2462   0.000000 235.117950 -70.406745 -37.695451  -2.546670  -2.546670  -0.000000  -0.000000 -29.711686 272.455754 276.702990   0.064888   0.160576 274.716516   0.136437
  2463   0.000000 235.042193 -70.417202 -37.687185  -2.549479  -2.549479  -0.000000  -0.000000 -29.730652 272.441822 276.691697   0.064933   0.160577 274.702146   0.136443
  2464   0.000000 234.966453 -70.427977 -37.677562  -2.551666  -2.551666  -0.000000  -0.000000 -29.749123 272.427899 276.680410   0.064977   0.160577 274.687777   0.136448
  2465   0.000000 234.890748 -70.438766 -37.667691  -2.553847  -2.553847  -0.000000  -0.000000 -29.767582 272.413976 276.669131   0.065022   0.160577 274.673407   0.136454
  2466   0.000000 234.815081 -70.449534 -37.657715  -2.556043  -2.556043  -0.000000  -0.000000 -29.786085 272.400054 276.657859   0.065067   0.160577 274.659037   0.136459
  2467   0.000000 234.739453 -70.460275 -37.647652  -2.558256  -2.558256  -0.000000  -0.000000 -29.804637 272.386132 276.646594   0.065112   0.160577 274.644667   0.136465
  2468   0.000000 234.663864 -70.470990 -37.637507  -2.560485  -2.560485  -0.000000  -0.000000 -29.823237 272.372210 276.635336   0.065157   0.160577 274.630296   0.136470
  2469   0.000000 234.588314 -70.481680 -37.627282  -2.562728  -2.562728  -0.000000  -0.000000 -29.841882 272.358288 276.624084   0.065202   0.160577 274.615925   0.136476
  2470   0.000000 234.512805 -70.492344 -37.616977  -2.564986  -2.564986  -0.000000  -0.000000 -29.860572 272.344368 276.612840   0.065247   0.160577 274.601555   0.136481
  2471   0.000000 234.437337 -70.502982 -37.606594  -2.567256  -2.567256  -0.000000  -0.000000 -29.879305 272.330448 276.601602   0.065292   0.160577 274.587184   0.136487
  2472   0.000000 234.361909 -70.513596 -37.596134  -2.569538  -2.569538  -0.000000  -0.000000 -29.898081 272.316529 276.590371   0.065337   0.160577 274.572814   0.136492
  2473   0.000000 234.286521 -70.524185 -37.585599  -2.571832  -2.571832  -0.000000  -0.000000 -29.916899 272.302610 276.579147   0.065383   0.160577 274.558445   0.136498
  2474   0.000000 234.211174 -70.534749 -37.574989  -2.574136  -2.574136  -0.000000  -0.000000 -29.935757 272.288693 276.567929   0.065428   0.160577 274.544075   0.136503
  2475   0.000000 234.135868 -70.545288 -37.564305  -2.576451  -2.576451  -0.000000  -0.000000 -29.954656 272.274776 276.556718   0.065473   0.160577 274.529707   0.136509
  2476   0.000000 234.060603 -70.555803 -37.553549  -2.578775  -2.578775  -0.000000  -0.000000 -29.973595 272.260860 276.545513   0.065518   0.160577 274.515338   0.136514
  2477   0.000000 233.985378 -70.566294 -37.542720  -2.581109  -2.581109  -0.000000  -0.000000 -29.992574 272.246945 276.534315   0.065563   0.160577 274.500970   0.136520
  2478   0.000000 233.910193 -70.576760 -37.531821  -2.583451  -2.583451  -0.000000  -0.000000 -30.011591 272.233031 276.523123   0.065609   0.160577 274.486603   0.136525
  2479   0.000000 233.835049 -70.587202 -37.520852  -2.585801  -2.585801  -0.000000  -0.000000 -30.030647 272.219118 276.511938   0.065654   0.160578 274.472236   0.136531
  2480   0.000000 233.759946 -70.597619 -37.509813  -2.588160  -2.588160  -0.000000  -0.000000 -30.049741 272.205205 276.500759   0.065699   0.160578 274.457869   0.136536
  2481   0.000000 233.684882 -70.608013 -37.498706  -2.590526  -2.590526  -0.000000  -0.000000 -30.068873 272.191294 276.489586   0.065745   0.160578 274.443503   0.136542
  2482   0.000000 233.609858 -70.618383 -37.487531  -2.592900  -2.592900  -0.000000  -0.000000 -30.088043 272.177384 276.478419   0.065790   0.160578 274.429138   0.136547
  2483   0.000000 233.534875 -70.628730 -37.476290  -2.595280  -2.595280  -0.000000  -0.000000 -30.107250 272.163474 276.467259   0.065836   0.160578 274.414773   0.136553
  2484   0.000000 233.459930 -70.639053 -37.464982  -2.597667  -2.597667  -0.000000  -0.000000 -30.126493 272.149565 276.456104   0.065881   0.160578 274.400409   0.136558
  2485   0.000000 233.385026 -70.649352 -37.453608  -2.600060  -2.600060  -0.000000  -0.000000 -30.145773 272.135657 276.444956   0.065927   0.160578 274.386045   0.136564
  2486   0.000000 233.310161 -70.659629 -37.442170  -2.602460  -2.602460  -0.000000  -0.000000 -30.165090 272.121750 276.433813   0.065972   0.160578 274.371681   0.136569
  2487   0.000000 233.235334 -70.669882 -37.430668  -2.604865  -2.604865  -0.000000  -0.000000 -30.184442 272.107844 276.422677   0.066018   0.160578 274.357318   0.136575
  2488   0.000000 233.160547 -70.680112 -37.419102  -2.607275  -2.607275  -0.000000  -0.000000 -30.203830 272.093939 276.411546   0.066063   0.160578 274.342956   0.136580
  2489   0.000000 233.085798 -70.690320 -37.407474  -2.609691  -2.609691  -0.000000  -0.000000 -30.223253 272.080034 276.400422   0.066109   0.160578 274.328594   0.136586
  2490   0.000000 233.011088 -70.700505 -37.395783  -2.612111  -2.612111  -0.000000  -0.000000 -30.242712 272.066131 276.389303   0.066155   0.160578 274.314233   0.136591
  2491   0.000000 232.936416 -70.710667 -37.384031  -2.614536  -2.614536  -0.000000  -0.000000 -30.262205 272.052228 276.378190   0.066200   0.160578 274.299872   0.136597
  2492   0.000000 232.861782 -70.720807 -37.372218  -2.616966  -2.616966  -0.000000  -0.000000 -30.281733 272.038326 276.367082   0.066246   0.160578 274.285512   0.136602
  2493   0.000000 232.787185 -70.730925 -37.360345  -2.619400  -2.619400  -0.000000  -0.000000 -30.301295 272.024425 276.355981   0.066292   0.160578 274.271152   0.136608
  2494   0.000000 232.712627 -70.741022 -37.348412  -2.621838  -2.621838  -0.000000  -0.000000 -30.320891 272.010524 276.344885   0.066338   0.160578 274.256792   0.136613
  2495   0.000000 232.638105 -70.751096 -37.336421  -2.624280  -2.624280  -0.000000  -0.000000 -30.340522 271.996625 276.333794   0.066383   0.160579 274.242433   0.136619
  2496   0.000000 232.563620 -70.761149 -37.324371  -2.626726  -2.626726  -0.000000  -0.000000 -30.360185 271.982726 276.322709   0.066429   0.160579 274.228075   0.136624
  2497   0.000000 232.489173 -70.771180 -37.312263  -2.629175  -2.629175  -0.000000  -0.000000 -30.379883 271.968828 276.311630   0.066475   0.160579 274.213716   0.136630
  2498   0.000000 232.414762 -70.781190 -37.300098  -2.631627  -2.631627  -0.000000  -0.000000 -30.399613 271.954931 276.300556   0.066521   0.160579 274.199359   0.136635
  2499   0.000000 232.340387 -70.791179 -37.287876  -2.634082  -2.634082  -0.000000  -0.000000 -30.419376 271.941034 276.289487   0.066567   0.160579 274.185001   0.136641
  2500   0.000000 232.266048 -70.801147 -37.275599  -2.636540  -2.636540  -0.000000  -0.000000 -30.439172 271.927138 276.278424   0.066613   0.160579 274.170644   0.136646
  2501   0.000000 232.191745 -70.811094 -37.263266  -2.639001  -2.639001  -0.000000  -0.000000 -30.459000 271.913243 276.267366   0.066659   0.160579 274.156288   0.136652
  2502   0.000000 232.117477 -70.821021 -37.250878  -2.641465  -2.641465  -0.000000  -0.000000 -30.478861 272.067702 276.257696   0.066705   0.160579 274.225208   0.136657
  2503   0.000000 232.043245 -71.529984 -34.440815  -2.058489  -2.058489  -0.000000  -0.000000 -29.329958 272.075073 276.248164   0.066748   0.160579 274.221185   0.136662
  2504   0.000000 232.002489 -71.597706 -34.163217  -2.031083  -2.031083  -0.000000  -0.000000 -29.211637 272.070379 276.238666   0.066790   0.160579 274.214424   0.136668
  2505   0.000000 231.964678 -71.612605 -34.096880  -2.048054  -2.048054  -0.000000  -0.000000 -29.178011 272.064616 276.229195   0.066833   0.160579 274.207501   0.136673
  2506   0.000000 231.927016 -71.622924 -34.053860  -2.068575  -2.068575  -0.000000  -0.000000 -29.152054 272.058842 276.219749   0.066876   0.160579 274.200654   0.136678
  2507   0.000000 231.889057 -71.633471 -34.013976  -2.088722  -2.088722  -0.000000  -0.000000 -29.126350 272.053109 276.210329   0.066918   0.160579 274.193846   0.136683
  2508   0.000000 231.850673 -71.644578 -33.974805  -2.108318  -2.108318  -0.000000  -0.000000 -29.100540 272.047385 276.200936   0.066961   0.160579 274.187032   0.136688
  2509   0.000000 231.811812 -71.656157 -33.935888  -2.127500  -2.127500  -0.000000  -0.000000 -29.074852 272.041643 276.191568   0.067005   0.160579 274.180185   0.136693
  2510   0.000000 231.772458 -71.668109 -33.897040  -2.146387  -2.146387  -0.000000  -0.000000 -29.049476 272.035864 276.182226   0.067048   0.160579 274.173287   0.136698
  2511   0.000000 231.732616 -71.680356 -33.858152  -2.165062  -2.165062  -0.000000  -0.000000 -29.024534 272.030039 276.172910   0.067091   0.160579 274.166328   0.136703
  2512   0.000000 231.692303 -71.692838 -33.819157  -2.183580  -2.183580  -0.000000  -0.000000 -29.000097 272.024160 276.163618   0.067135   0.160579 274.159302   0.136709
  2513   0.000000 231.651543 -71.705509 -33.780019  -2.201979  -2.201979  -0.000000  -0.000000 -28.976204 272.018226 276.154351   0.067178   0.160580 274.152210   0.136714
  2514   0.000000 231.610364 -71.718332 -33.740718  -2.220284  -2.220284  -0.000000  -0.000000 -28.952870 272.012236 276.145107   0.067222   0.160580 274.145050   0.136719
  2515   0.000000 231.568797 -71.731277 -33.701251  -2.238511  -2.238511  -0.000000  -0.000000 -28.930096 272.006191 276.135887   0.067266   0.160580 274.137825   0.136724
  2516   0.000000 231.526871 -71.744319 -33.661621  -2.256672  -2.256672  -0.000000  -0.000000 -28.907873 272.000091 276.126689   0.067310   0.160580 274.130537   0.136729
  2517   0.000000 231.484616 -71.757439 -33.621837  -2.274771  -2.274771  -0.000000  -0.000000 -28.886187 271.993940 276.117514   0.067354   0.160580 274.123191   0.136735
  2518   0.000000 231.442061 -71.770619 -33.581915  -2.292812  -2.292812  -0.000000  -0.000000 -28.865019 271.987740 276.108362   0.067398   0.160580 274.115790   0.136740
  2519   0.000000 231.399234 -71.783846 -33.541870  -2.310798  -2.310798  -0.000000  -0.000000 -28.844350 271.981494 276.099230   0.067442   0.160580 274.108336   0.136745
  2520   0.000000 231.356159 -71.797106 -33.501718  -2.328727  -2.328727  -0.000000  -0.000000 -28.824156 271.975203 276.090120   0.067487   0.160580 274.100835   0.136750
  2521   0.000000 231.312860 -71.810389 -33.461324  -2.346598  -2.346598  -0.000000  -0.000000 -28.804418 271.968868 276.081031   0.067531   0.160580 274.093284   0.136756
  2522   0.000000 231.269362 -71.823668 -33.420790  -2.364423  -2.364423  -0.000000  -0.000000 -28.785144 271.962489 276.071962   0.067576   0.160580 274.085688   0.136761
  2523   0.000000 231.225686 -71.836933 -33.380148  -2.382203  -2.382203  -0.000000  -0.000000 -28.766312 271.956070 276.062914   0.067621   0.160580 274.078049   0.136766
  2524   0.000000 231.181850 -71.850179 -33.339416  -2.399934  -2.399934  -0.000000  -0.000000 -28.747902 271.949614 276.053885   0.067666   0.160580 274.070373   0.136771
  2525   0.000000 231.137872 -71.863401 -33.298612  -2.417615  -2.417615  -0.000000  -0.000000 -28.729894 271.943123 276.044876   0.067711   0.160580 274.062660   0.136777
  2526   0.000000 231.093768 -71.876593 -33.257752  -2.435242  -2.435242  -0.000000  -0.000000 -28.712268 271.936599 276.035886   0.067756   0.160580 274.054914   0.136782
  2527   0.000000 231.049552 -71.889753 -33.216851  -2.452813  -2.452813  -0.000000  -0.000000 -28.695006 271.930045 276.026915   0.067802   0.160580 274.047139   0.136787
  2528   0.000000 231.005238 -71.902877 -33.175922  -2.470328  -2.470328  -0.000000  -0.000000 -28.678093 271.923461 276.017963   0.067847   0.160580 274.039334   0.136793
  2529   0.000000 230.960837 -71.915961 -33.134976  -2.487784  -2.487784  -0.000000  -0.000000 -28.661514 271.916850 276.009029   0.067893   0.160580 274.031504   0.136798
  2530   0.000000 230.916361 -71.929004 -33.094025  -2.505180  -2.505180  -0.000000  -0.000000 -28.645255 271.910214 276.000114   0.067938   0.160580 274.023650   0.136803
  2531   0.000000 230.871818 -71.942003 -33.053077  -2.522516  -2.522516  -0.000000  -0.000000 -28.629302 271.903553 275.991217   0.067984   0.160581 274.015774   0.136809
  2532   0.000000 230.827219 -71.954955 -33.012143  -2.539789  -2.539789  -0.000000  -0.000000 -28.613644 271.896870 275.982337   0.068030   0.160581 274.007877   0.136814
  2533   0.000000 230.782572 -71.967860 -32.971229  -2.557000  -2.557000  -0.000000  -0.000000 -28.598270 271.890166 275.973476   0.068076   0.160581 273.999961   0.136819
  2534   0.000000 230.737883 -71.980715 -32.930342  -2.574148  -2.574148  -0.000000  -0.000000 -28.583170 271.883441 275.964632   0.068123   0.160581 273.992027   0.136825
  2535   0.000000 230.693161 -71.993520 -32.889489  -2.591232  -2.591232  -0.000000  -0.000000 -28.568333 271.876697 275.955805   0.068169   0.160581 273.984077   0.136830
  2536   0.000000 230.648410 -72.006273 -32.848675  -2.608252  -2.608252  -0.000000  -0.000000 -28.553753 271.869935 275.946995   0.068216   0.160581 273.976111   0.136836
  2537   0.000000 230.603636 -72.018973 -32.807906  -2.625208  -2.625208  -0.000000  -0.000000 -28.539419 271.863156 275.938203   0.068262   0.160581 273.968132   0.136841
  2538   0.000000 230.558846 -72.031619 -32.767185  -2.642100  -2.642100  -0.000000  -0.000000 -28.525326 271.856361 275.929427   0.068309   0.160581 273.960139   0.136846
  2539   0.000000 230.514042 -72.044212 -32.726516  -2.658927  -2.658927  -0.000000  -0.000000 -28.511465 271.849549 275.920668   0.068356   0.160581 273.952133   0.136852
  2540   0.000000 230.469230 -72.056749 -32.685904  -2.675690  -2.675690  -0.000000  -0.000000 -28.497830 271.842723 275.911925   0.068403   0.160581 273.944116   0.136857
  2541   0.000000 230.424412 -72.069231 -32.645350  -2.692389  -2.692389  -0.000000  -0.000000 -28.484415 271.835883 275.903199   0.068450   0.160581 273.936088   0.136863
  2542   0.000000 230.379593 -72.081658 -32.604858  -2.709024  -2.709024  -0.000000  -0.000000 -28.471215 271.829029 275.894489   0.068497   0.160581 273.928050   0.136868
  2543   0.000000 230.334776 -72.094029 -32.564430  -2.725595  -2.725595  -0.000000  -0.000000 -28.458224 271.822162 275.885795   0.068544   0.160581 273.920002   0.136873
  2544   0.000000 230.289964 -72.106344 -32.524068  -2.742102  -2.742102  -0.000000  -0.000000 -28.445436 271.815282 275.877117   0.068592   0.160581 273.911946   0.136879
  2545   0.000000 230.245158 -72.118602 -32.483775  -2.758547  -2.758547  -0.000000  -0.000000 -28.432849 271.808390 275.868455   0.068640   0.160581 273.903881   0.136884
  2546   0.000000 230.200361 -72.130805 -32.443550  -2.774928  -2.774928  -0.000000  -0.000000 -28.420456 271.801487 275.859809   0.068687   0.160581 273.895808   0.136890
  2547   0.000000 230.155576 -72.142951 -32.403397  -2.791248  -2.791248  -0.000000  -0.000000 -28.408255 271.794572 275.851178   0.068735   0.160582 273.887727   0.136895
  2548   0.000000 230.110804 -72.155040 -32.363315  -2.807505  -2.807505  -0.000000  -0.000000 -28.396241 271.787647 275.842562   0.068783   0.160582 273.879640   0.136901
  2549   0.000000 230.066048 -72.167073 -32.323307  -2.823701  -2.823701  -0.000000  -0.000000 -28.384411 271.780711 275.833962   0.068831   0.160582 273.871545   0.136906
  2550   0.000000 230.021307 -72.179051 -32.283373  -2.839835  -2.839835  -0.000000  -0.000000 -28.372760 271.773765 275.825377   0.068880   0.160582 273.863445   0.136912
  2551   0.000000 229.976585 -72.190972 -32.243513  -2.855910  -2.855910  -0.000000  -0.000000 -28.361287 271.766809 275.816807   0.068928   0.160582 273.855338   0.136917
  2552   0.000000 229.931881 -72.202837 -32.203729  -2.871924  -2.871924  -0.000000  -0.000000 -28.349988 271.759843 275.808252   0.068977   0.160582 273.847225   0.136923
  2553   0.000000 229.887198 -72.214646 -32.164021  -2.887878  -2.887878  -0.000000  -0.000000 -28.338861 271.752869 275.799712   0.069025   0.160582 273.839107   0.136928
  2554   0.000000 229.842536 -72.226399 -32.124390  -2.903773  -2.903773  -0.000000  -0.000000 -28.327901 271.745885 275.791186   0.069074   0.160582 273.830983   0.136934
  2555   0.000000 229.797896 -72.238098 -32.084835  -2.919610  -2.919610  -0.000000  -0.000000 -28.317108 271.738892 275.782675   0.069123   0.160582 273.822855   0.136939
  2556   0.000000 229.753280 -72.249741 -32.045357  -2.935388  -2.935388  -0.000000  -0.000000 -28.306479 271.731891 275.774178   0.069172   0.160582 273.814721   0.136945
  2557   0.000000 229.708686 -72.261329 -32.005957  -2.951109  -2.951109  -0.000000  -0.000000 -28.296010 271.724881 275.765696   0.069221   0.160582 273.806583   0.136951
  2558   0.000000 229.664117 -72.272862 -31.966635  -2.966773  -2.966773  -0.000000  -0.000000 -28.285701 271.717863 275.757228   0.069270   0.160582 273.798440   0.136956
  2559   0.000000 229.619573 -72.284341 -31.927390  -2.982380  -2.982380  -0.000000  -0.000000 -28.275548 271.710837 275.748773   0.069320   0.160582 273.790293   0.136962
  2560   0.000000 229.575054 -72.295766 -31.888223  -2.997931  -2.997931  -0.000000  -0.000000 -28.265551 271.703804 275.740333   0.069369   0.160582 273.782142   0.136967
  2561   0.000000 229.530561 -72.307136 -31.849135  -3.013427  -3.013427  -0.000000  -0.000000 -28.255706 271.696762 275.731906   0.069419   0.160583 273.773986   0.136973
  2562   0.000000 229.486094 -72.318453 -31.810124  -3.028867  -3.028867  -0.000000  -0.000000 -28.246013 271.689712 275.723494   0.069469   0.160583 273.765827   0.136978
  2563   0.000000 229.441653 -72.329716 -31.771192  -3.044253  -3.044253  -0.000000  -0.000000 -28.236469 271.682656 275.715095   0.069519   0.160583 273.757663   0.136984
  2564   0.000000 229.397240 -72.340927 -31.732337  -3.059584  -3.059584  -0.000000  -0.000000 -28.227073 271.675591 275.706709   0.069569   0.160583 273.749496   0.136990
  2565   0.000000 229.352852 -72.352084 -31.693561  -3.074862  -3.074862  -0.000000  -0.000000 -28.217823 271.668520 275.698336   0.069619   0.160583 273.741326   0.136995
  2566   0.000000 229.308493 -72.363189 -31.654864  -3.090086  -3.090086  -0.000000  -0.000000 -28.208717 271.661441 275.689977   0.069669   0.160583 273.733151   0.137001
  2567   0.000000 229.264160 -72.374241 -31.616244  -3.105258  -3.105258  -0.000000  -0.000000 -28.199755 271.654355 275.681631   0.069720   0.160583 273.724973   0.137007
  2568   0.000000 229.219855 -72.385242 -31.577702  -3.120378  -3.120378  -0.000000  -0.000000 -28.190935 271.647262 275.673298   0.069770   0.160583 273.716792   0.137012
  2569   0.000000 229.175577 -72.396190 -31.539238  -3.135445  -3.135445  -0.000000  -0.000000 -28.182254 271.640162 275.664978   0.069821   0.160583 273.708607   0.137018
  2570   0.000000 229.131326 -72.407088 -31.500853  -3.150462  -3.150462  -0.000000  -0.000000 -28.173713 271.633055 275.656671   0.069872   0.160583 273.700419   0.137024
  2571   0.000000 229.087104 -72.417934 -31.462545  -3.165427  -3.165427  -0.000000  -0.000000 -28.165309 271.625942 275.648376   0.069923   0.160583 273.692228   0.137029
  2572   0.000000 229.042908 -72.428729 -31.424315  -3.180341  -3.180341  -0.000000  -0.000000 -28.157042 271.618821 275.640094   0.069974   0.160583 273.684033   0.137035
  2573   0.000000 228.998740 -72.439473 -31.386163  -3.195206  -3.195206  -0.000000  -0.000000 -28.148910 271.611694 275.631825   0.070025   0.160583 273.675835   0.137041
  2574   0.000000 228.954600 -72.450167 -31.348088  -3.210021  -3.210021  -0.000000  -0.000000 -28.140912 271.604561 275.623567   0.070077   0.160584 273.667634   0.137046
  2575   0.000000 228.910487 -72.460811 -31.310091  -3.224786  -3.224786  -0.000000  -0.000000 -28.133047 271.597420 275.615322   0.070128   0.160584 273.659430   0.137052
  2576   0.000000 228.866401 -72.471406 -31.272171  -3.239503  -3.239503  -0.000000  -0.000000 -28.125314 271.590273 275.607089   0.070180   0.160584 273.651223   0.137058
  2577   0.000000 228.822343 -72.481951 -31.234328  -3.254171  -3.254171  -0.000000  -0.000000 -28.117712 271.583120 275.598869   0.070231   0.160584 273.643012   0.137063
  2578   0.000000 228.778311 -72.492446 -31.196563  -3.268791  -3.268791  -0.000000  -0.000000 -28.110239 271.575960 275.590660   0.070283   0.160584 273.634799   0.137069
  2579   0.000000 228.734307 -72.502893 -31.158875  -3.283363  -3.283363  -0.000000  -0.000000 -28.102896 271.568794 275.582463   0.070335   0.160584 273.626582   0.137075
  2580   0.000000 228.690329 -72.513291 -31.121264  -3.297888  -3.297888  -0.000000  -0.000000 -28.095680 271.561621 275.574277   0.070387   0.160584 273.618363   0.137081
  2581   0.000000 228.646378 -72.523641 -31.083729  -3.312366  -3.312366  -0.000000  -0.000000 -28.088591 271.554442 275.566103   0.070440   0.160584 273.610140   0.137086
  2582   0.000000 228.602453 -72.533942 -31.046271  -3.326798  -3.326798  -0.000000  -0.000000 -28.081627 271.547257 275.557941   0.070492   0.160584 273.601914   0.137092
  2583   0.000000 228.558555 -72.544196 -31.008890  -3.341183  -3.341183  -0.000000  -0.000000 -28.074789 271.540065 275.549790   0.070545   0.160584 273.593686   0.137098
  2584   0.000000 228.514682 -72.554402 -30.971585  -3.355522  -3.355522  -0.000000  -0.000000 -28.068075 271.532867 275.541651   0.070597   0.160584 273.585454   0.137104
  2585   0.000000 228.470836 -72.564561 -30.934357  -3.369816  -3.369816  -0.000000  -0.000000 -28.061485 271.525663 275.533522   0.070650   0.160584 273.577219   0.137109
  2586   0.000000 228.427015 -72.574673 -30.897204  -3.384065  -3.384065  -0.000000  -0.000000 -28.055017 271.518452 275.525405   0.070703   0.160584 273.568981   0.137115
  2587   0.000000 228.383219 -72.584738 -30.860128  -3.398269  -3.398269  -0.000000  -0.000000 -28.048671 271.511235 275.517299   0.070756   0.160585 273.560740   0.137121
  2588   0.000000 228.339449 -72.594757 -30.823127  -3.412428  -3.412428  -0.000000  -0.000000 -28.042445 271.504012 275.509203   0.070809   0.160585 273.552496   0.137127
  2589   0.000000 228.295704 -72.604729 -30.786203  -3.426543  -3.426543  -0.000000  -0.000000 -28.036340 271.496782 275.501119   0.070863   0.160585 273.544249   0.137132
  2590   0.000000 228.251983 -72.614656 -30.749353  -3.440614  -3.440614  -0.000000  -0.000000 -28.030355 271.489547 275.493045   0.070916   0.160585 273.535999   0.137138
  2591   0.000000 228.208286 -72.624537 -30.712580  -3.454642  -3.454642  -0.000000  -0.000000 -28.024488 271.482305 275.484982   0.070970   0.160585 273.527745   0.137144
  2592   0.000000 228.164614 -72.634372 -30.675881  -3.468627  -3.468627  -0.000000  -0.000000 -28.018739 271.475056 275.476929   0.071023   0.160585 273.519489   0.137150
  2593   0.000000 228.120965 -72.644163 -30.639258  -3.482569  -3.482569  -0.000000  -0.000000 -28.013108 271.467802 275.468886   0.071077   0.160585 273.511229   0.137156
  2594   0.000000 228.077340 -72.653908 -30.602709  -3.496468  -3.496468  -0.000000  -0.000000 -28.007593 271.460541 275.460854   0.071131   0.160585 273.502966   0.137161
  2595   0.000000 228.033738 -72.663609 -30.566235  -3.510325  -3.510325  -0.000000  -0.000000 -28.002194 271.453274 275.452833   0.071185   0.160585 273.494700   0.137167
  2596   0.000000 227.990160 -72.673266 -30.529836  -3.524140  -3.524140  -0.000000  -0.000000 -27.996910 271.446000 275.444821   0.071239   0.160585 273.486431   0.137173
  2597   0.000000 227.946603 -72.682878 -30.493512  -3.537913  -3.537913  -0.000000  -0.000000 -27.991742 271.438721 275.436819   0.071294   0.160585 273.478159   0.137179
  2598   0.000000 227.903070 -72.692447 -30.457261  -3.551645  -3.551645  -0.000000  -0.000000 -27.986687 271.431435 275.428827   0.071348   0.160585 273.469883   0.137185
  2599   0.000000 227.859558 -72.701972 -30.421085  -3.565336  -3.565336  -0.000000  -0.000000 -27.981746 271.424143 275.420845   0.071403   0.160586 273.461604   0.137191
  2600   0.000000 227.816068 -72.711453 -30.384983  -3.578986  -3.578986  -0.000000  -0.000000 -27.976918 271.416844 275.412873   0.071458   0.160586 273.453321   0.137197
  2601   0.000000 227.772599 -72.720892 -30.348954  -3.592596  -3.592596  -0.000000  -0.000000 -27.972203 271.409539 275.404910   0.071513   0.160586 273.445036   0.137202
  2602   0.000000 227.729151 -72.730287 -30.312999  -3.606166  -3.606166  -0.000000  -0.000000 -27.967599 271.402228 275.396957   0.071568   0.160586 273.436746   0.137208
  2603   0.000000 227.685724 -72.739641 -30.277117  -3.619695  -3.619695  -0.000000  -0.000000 -27.963106 271.394910 275.389014   0.071623   0.160586 273.428454   0.137214
  2604   0.000000 227.642318 -72.748951 -30.241309  -3.633185  -3.633185  -0.000000  -0.000000 -27.958724 271.387586 275.381080   0.071678   0.160586 273.420158   0.137220
  2605   0.000000 227.598931 -72.758220 -30.205573  -3.646636  -3.646636  -0.000000  -0.000000 -27.954453 271.380256 275.373155   0.071734   0.160586 273.411858   0.137226
  2606   0.000000 227.555564 -72.767447 -30.169910  -3.660048  -3.660048  -0.000000  -0.000000 -27.950291 271.372919 275.365239   0.071789   0.160586 273.403555   0.137232
  2607   0.000000 227.512217 -72.776632 -30.134320  -3.673420  -3.673420  -0.000000  -0.000000 -27.946238 271.365576 275.357333   0.071845   0.160586 273.395249   0.137238
  2608   0.000000 227.468888 -72.785776 -30.098802  -3.686754  -3.686754  -0.000000  -0.000000 -27.942295 271.358227 275.349435   0.071901   0.160586 273.386939   0.137244
  2609   0.000000 227.425579 -72.794879 -30.063357  -3.700050  -3.700050  -0.000000  -0.000000 -27.938459 271.350870 275.341546   0.071957   0.160586 273.378625   0.137250
  2610   0.000000 227.382287 -72.803941 -30.027983  -3.713308  -3.713308  -0.000000  -0.000000 -27.934731 271.343508 275.333667   0.072013   0.160587 273.370307   0.137256
  2611   0.000000 227.339014 -72.812962 -29.992681  -3.726528  -3.726528  -0.000000  -0.000000 -27.931110 271.336139 275.325796   0.072069   0.160587 273.361986   0.137261
  2612   0.000000 227.295758 -72.821943 -29.957451  -3.739711  -3.739711  -0.000000  -0.000000 -27.927597 271.328763 275.317933   0.072126   0.160587 273.353661   0.137267
  2613   0.000000 227.252519 -72.830884 -29.922292  -3.752856  -3.752856  -0.000000  -0.000000 -27.924189 271.321381 275.310079   0.072182   0.160587 273.345332   0.137273
  2614   0.000000 227.209297 -72.839785 -29.887204  -3.765965  -3.765965  -0.000000  -0.000000 -27.920888 271.313992 275.302234   0.072239   0.160587 273.336999   0.137279
  2615   0.000000 227.166092 -72.848646 -29.852187  -3.779036  -3.779036  -0.000000  -0.000000 -27.917692 271.306597 275.294397   0.072296   0.160587 273.328663   0.137285
  2616   0.000000 227.122903 -72.857468 -29.817241  -3.792071  -3.792071  -0.000000  -0.000000 -27.914602 271.299195 275.286569   0.072353   0.160587 273.320322   0.137291
  2617   0.000000 227.079730 -72.866250 -29.782365  -3.805070  -3.805070  -0.000000  -0.000000 -27.911616 271.291786 275.278748   0.072410   0.160587 273.311978   0.137297
  2618   0.000000 227.036572 -72.874994 -29.747560  -3.818033  -3.818033  -0.000000  -0.000000 -27.908734 271.284371 275.270936   0.072467   0.160587 273.303629   0.137303
  2619   0.000000 226.993429 -72.883699 -29.712824  -3.830959  -3.830959  -0.000000  -0.000000 -27.905957 271.276949 275.263132   0.072525   0.160587 273.295277   0.137309
  2620   0.000000 226.950301 -72.892365 -29.678159  -3.843851  -3.843851  -0.000000  -0.000000 -27.903283 271.269520 275.255336   0.072582   0.160587 273.286920   0.137315
  2621   0.000000 226.907187 -72.900993 -29.643563  -3.856707  -3.856707  -0.000000  -0.000000 -27.900712 271.262085 275.247548   0.072640   0.160588 273.278559   0.137321
  2622   0.000000 226.864087 -72.909583 -29.609036  -3.869528  -3.869528  -0.000000  -0.000000 -27.898244 271.254642 275.239768   0.072698   0.160588 273.270194   0.137327
  2623   0.000000 226.821000 -72.918135 -29.574578  -3.882313  -3.882313  -0.000000  -0.000000 -27.895878 271.247193 275.231995   0.072755   0.160588 273.261825   0.137333
  2624   0.000000 226.777927 -72.926650 -29.540190  -3.895065  -3.895065  -0.000000  -0.000000 -27.893615 271.239737 275.224230   0.072814   0.160588 273.253451   0.137339
  2625   0.000000 226.734866 -72.935127 -29.505869  -3.907782  -3.907782  -0.000000  -0.000000 -27.891453 271.232274 275.216473   0.072872   0.160588 273.245073   0.137345
  2626   0.000000 226.691818 -72.943567 -29.471618  -3.920464  -3.920464  -0.000000  -0.000000 -27.889393 271.224804 275.208723   0.072930   0.160588 273.236691   0.137351
  2627   0.000000 226.648782 -72.951970 -29.437434  -3.933113  -3.933113  -0.000000  -0.000000 -27.887433 271.217327 275.200981   0.072989   0.160588 273.228304   0.137357
  2628   0.000000 226.605758 -72.960337 -29.403319  -3.945728  -3.945728  -0.000000  -0.000000 -27.885575 271.209843 275.193246   0.073047   0.160588 273.219912   0.137363
  2629   0.000000 226.562745 -72.968667 -29.369271  -3.958309  -3.958309  -0.000000  -0.000000 -27.883817 271.202352 275.185518   0.073106   0.160588 273.211517   0.137369
  2630   0.000000 226.519742 -72.976960 -29.335290  -3.970857  -3.970857  -0.000000  -0.000000 -27.882159 271.194855 275.177797   0.073165   0.160588 273.203116   0.137375
  2631   0.000000 226.476751 -72.985218 -29.301377  -3.983372  -3.983372  -0.000000  -0.000000 -27.880601 271.187350 275.170084   0.073224   0.160588 273.194711   0.137381
  2632   0.000000 226.433769 -72.993440 -29.267531  -3.995854  -3.995854  -0.000000  -0.000000 -27.879142 271.179837 275.162378   0.073283   0.160589 273.186301   0.137387
  2633   0.000000 226.390797 -73.001626 -29.233751  -4.008303  -4.008303  -0.000000  -0.000000 -27.877782 271.172318 275.154678   0.073342   0.160589 273.177887   0.137394
  2634   0.000000 226.347835 -73.009777 -29.200038  -4.020719  -4.020719  -0.000000  -0.000000 -27.876522 271.164792 275.146986   0.073402   0.160589 273.169467   0.137400
  2635   0.000000 226.304881 -73.017892 -29.166392  -4.033104  -4.033104  -0.000000  -0.000000 -27.875359 271.157258 275.139300   0.073462   0.160589 273.161043   0.137406
  2636   0.000000 226.261936 -73.025973 -29.132811  -4.045456  -4.045456  -0.000000  -0.000000 -27.874296 271.149717 275.131621   0.073521   0.160589 273.152614   0.137412
  2637   0.000000 226.218999 -73.034019 -29.099296  -4.057776  -4.057776  -0.000000  -0.000000 -27.873330 271.142169 275.123949   0.073581   0.160589 273.144180   0.137418
  2638   0.000000 226.176071 -73.042030 -29.065847  -4.070064  -4.070064  -0.000000  -0.000000 -27.872462 271.134613 275.116283   0.073641   0.160589 273.135741   0.137424
  2639   0.000000 226.133149 -73.050007 -29.032462  -4.082321  -4.082321  -0.000000  -0.000000 -27.871691 271.127050 275.108624   0.073701   0.160589 273.127297   0.137430
  2640   0.000000 226.090235 -73.057950 -28.999143  -4.094547  -4.094547  -0.000000  -0.000000 -27.871018 271.119480 275.100971   0.073762   0.160589 273.118847   0.137436
  2641   0.000000 226.047327 -73.065858 -28.965889  -4.106741  -4.106741  -0.000000  -0.000000 -27.870442 271.111902 275.093325   0.073822   0.160589 273.110393   0.137442
  2642   0.000000 226.004426 -73.073734 -28.932699  -4.118905  -4.118905  -0.000000  -0.000000 -27.869962 271.104317 275.085685   0.073883   0.160590 273.101933   0.137448
  2643   0.000000 225.961531 -73.081575 -28.899574  -4.131037  -4.131037  -0.000000  -0.000000 -27.869578 271.096724 275.078051   0.073944   0.160590 273.093468   0.137454
  2644   0.000000 225.918641 -73.089383 -28.866513  -4.143139  -4.143139  -0.000000  -0.000000 -27.869291 271.089124 275.070424   0.074004   0.160590 273.084998   0.137461
  2645   0.000000 225.875757 -73.097158 -28.833515  -4.155211  -4.155211  -0.000000  -0.000000 -27.869100 271.081516 275.062802   0.074066   0.160590 273.076523   0.137467
  2646   0.000000 225.832877 -73.104900 -28.800581  -4.167252  -4.167252  -0.000000  -0.000000 -27.869005 271.073900 275.055187   0.074127   0.160590 273.068042   0.137473
  2647   0.000000 225.790002 -73.112610 -28.767711  -4.179263  -4.179263  -0.000000  -0.000000 -27.869005 271.066277 275.047577   0.074188   0.160590 273.059555   0.137479
  2648   0.000000 225.747130 -73.120287 -28.734903  -4.191245  -4.191245  -0.000000  -0.000000 -27.869100 271.058646 275.039973   0.074250   0.160590 273.051063   0.137485
  2649   0.000000 225.704263 -73.127931 -28.702159  -4.203196  -4.203196  -0.000000  -0.000000 -27.869290 271.051008 275.032375   0.074311   0.160590 273.042565   0.137491
  2650   0.000000 225.661399 -73.135543 -28.669477  -4.215118  -4.215118  -0.000000  -0.000000 -27.869575 271.043361 275.024783   0.074373   0.160590 273.034062   0.137497
  2651   0.000000 225.618538 -73.143124 -28.636857  -4.227011  -4.227011  -0.000000  -0.000000 -27.869954 271.035707 275.017197   0.074435   0.160590 273.025553   0.137504
  2652   0.000000 225.575679 -73.150672 -28.604300  -4.238874  -4.238874  -0.000000  -0.000000 -27.870428 271.028045 275.009616   0.074497   0.160591 273.017039   0.137510
  2653   0.000000 225.532823 -73.158189 -28.571804  -4.250708  -4.250708  -0.000000  -0.000000 -27.870996 271.020375 275.002040   0.074559   0.160591 273.008518   0.137516
  2654   0.000000 225.489969 -73.165674 -28.539371  -4.262514  -4.262514  -0.000000  -0.000000 -27.871657 271.012697 274.994470   0.074621   0.160591 272.999992   0.137522
  2655   0.000000 225.447116 -73.173129 -28.506998  -4.274290  -4.274290  -0.000000  -0.000000 -27.872413 271.005011 274.986906   0.074684   0.160591 272.991460   0.137528
  2656   0.000000 225.404264 -73.180552 -28.474687  -4.286039  -4.286039  -0.000000  -0.000000 -27.873262 270.997318 274.979347   0.074747   0.160591 272.982922   0.137535
  2657   0.000000 225.361413 -73.187944 -28.442437  -4.297758  -4.297758  -0.000000  -0.000000 -27.874204 270.989616 274.971793   0.074809   0.160591 272.974377   0.137541
  2658   0.000000 225.318562 -73.195306 -28.410248  -4.309450  -4.309450  -0.000000  -0.000000 -27.875239 270.981906 274.964244   0.074872   0.160591 272.965827   0.137547
  2659   0.000000 225.275712 -73.202637 -28.378119  -4.321113  -4.321113  -0.000000  -0.000000 -27.876367 270.974188 274.956700   0.074935   0.160591 272.957271   0.137553
  2660   0.000000 225.232861 -73.209938 -28.346051  -4.332748  -4.332748  -0.000000  -0.000000 -27.877587 270.966462 274.949162   0.074999   0.160591 272.948709   0.137559
  2661   0.000000 225.190009 -73.217209 -28.314043  -4.344356  -4.344356  -0.000000  -0.000000 -27.878900 270.958727 274.941628   0.075062   0.160591 272.940140   0.137566
  2662   0.000000 225.147157 -73.224450 -28.282094  -4.355935  -4.355935  -0.000000  -0.000000 -27.880306 270.950985 274.934099   0.075125   0.160592 272.931565   0.137572
  2663   0.000000 225.104303 -73.231661 -28.250205  -4.367488  -4.367488  -0.000000  -0.000000 -27.881803 270.943234 274.926576   0.075189   0.160592 272.922984   0.137578
  2664   0.000000 225.061447 -73.238842 -28.218376  -4.379013  -4.379013  -0.000000  -0.000000 -27.883392 270.935475 274.919057   0.075253   0.160592 272.914396   0.137584
  2665   0.000000 225.018589 -73.245994 -28.186606  -4.390510  -4.390510  -0.000000  -0.000000 -27.885073 270.927707 274.911542   0.075317   0.160592 272.905802   0.137590
  2666   0.000000 224.975729 -73.253117 -28.154894  -4.401981  -4.401981  -0.000000  -0.000000 -27.886845 270.919931 274.904033   0.075381   0.160592 272.897201   0.137597
  2667   0.000000 224.932866 -73.260210 -28.123242  -4.413424  -4.413424  -0.000000  -0.000000 -27.888709 270.912147 274.896528   0.075445   0.160592 272.888594   0.137603
  2668   0.000000 224.890000 -73.267275 -28.091648  -4.424841  -4.424841  -0.000000  -0.000000 -27.890664 270.904354 274.889027   0.075510   0.160592 272.879981   0.137609
  2669   0.000000 224.847130 -73.274311 -28.060113  -4.436231  -4.436231  -0.000000  -0.000000 -27.892710 270.896553 274.881531   0.075574   0.160592 272.871360   0.137615
  2670   0.000000 224.804257 -73.281318 -28.028635  -4.447595  -4.447595  -0.000000  -0.000000 -27.894847 270.888743 274.874040   0.075639   0.160592 272.862733   0.137622
  2671   0.000000 224.761379 -73.288297 -27.997216  -4.458932  -4.458932  -0.000000  -0.000000 -27.897074 270.880925 274.866553   0.075704   0.160593 272.854100   0.137628
  2672   0.000000 224.718497 -73.295247 -27.965854  -4.470242  -4.470242  -0.000000  -0.000000 -27.899392 270.873098 274.859070   0.075769   0.160593 272.845459   0.137634
  2673   0.000000 224.675610 -73.302170 -27.934549  -4.481527  -4.481527  -0.000000  -0.000000 -27.901800 270.865263 274.851591   0.075834   0.160593 272.836812   0.137641
  2674   0.000000 224.632717 -73.309064 -27.903302  -4.492785  -4.492785  -0.000000  -0.000000 -27.904298 270.857418 274.844116   0.075899   0.160593 272.828158   0.137647
  2675   0.000000 224.589820 -73.315931 -27.872112  -4.504018  -4.504018  -0.000000  -0.000000 -27.906886 270.849565 274.836646   0.075965   0.160593 272.819497   0.137653
  2676   0.000000 224.546916 -73.322770 -27.840979  -4.515225  -4.515225  -0.000000  -0.000000 -27.909564 270.841704 274.829180   0.076030   0.160593 272.810829   0.137659
  2677   0.000000 224.504006 -73.329582 -27.809903  -4.526406  -4.526406  -0.000000  -0.000000 -27.912331 270.833833 274.821717   0.076096   0.160593 272.802153   0.137666
  2678   0.000000 224.461090 -73.336366 -27.778883  -4.537561  -4.537561  -0.000000  -0.000000 -27.915188 270.825954 274.814259   0.076162   0.160593 272.793471   0.137672
  2679   0.000000 224.418167 -73.343123 -27.747919  -4.548692  -4.548692  -0.000000  -0.000000 -27.918135 270.818066 274.806804   0.076228   0.160593 272.784782   0.137678
  2680   0.000000 224.375237 -73.349853 -27.717012  -4.559796  -4.559796  -0.000000  -0.000000 -27.921170 270.810168 274.799353   0.076294   0.160593 272.776085   0.137685
  2681   0.000000 224.332299 -73.356556 -27.686160  -4.570876  -4.570876  -0.000000  -0.000000 -27.924294 270.802262 274.791906   0.076361   0.160594 272.767382   0.137691
  2682   0.000000 224.289353 -73.363233 -27.655365  -4.581930  -4.581930  -0.000000  -0.000000 -27.927508 270.794347 274.784463   0.076427   0.160594 272.758670   0.137697
  2683   0.000000 224.246399 -73.369883 -27.624624  -4.592960  -4.592960  -0.000000  -0.000000 -27.930810 270.786423 274.777023   0.076494   0.160594 272.749952   0.137704
  2684   0.000000 224.203437 -73.376507 -27.593939  -4.603964  -4.603964  -0.000000  -0.000000 -27.934200 270.778490 274.769587   0.076561   0.160594 272.741226   0.137710
  2685   0.000000 224.160466 -73.383104 -27.563309  -4.614944  -4.614944  -0.000000  -0.000000 -27.937679 270.770548 274.762154   0.076628   0.160594 272.732493   0.137716
  2686   0.000000 224.117486 -73.389675 -27.532735  -4.625899  -4.625899  -0.000000  -0.000000 -27.941246 270.762597 274.754725   0.076695   0.160594 272.723752   0.137723
  2687   0.000000 224.074496 -73.396220 -27.502215  -4.636829  -4.636829  -0.000000  -0.000000 -27.944901 270.754636 274.747299   0.076762   0.160594 272.715004   0.137729
  2688   0.000000 224.031497 -73.402740 -27.471749  -4.647735  -4.647735  -0.000000  -0.000000 -27.948644 270.746666 274.739877   0.076830   0.160594 272.706248   0.137735
  2689   0.000000 223.988488 -73.409233 -27.441338  -4.658617  -4.658617  -0.000000  -0.000000 -27.952475 270.738687 274.732458   0.076897   0.160594 272.697485   0.137742
  2690   0.000000 223.945468 -73.415701 -27.410982  -4.669474  -4.669474  -0.000000  -0.000000 -27.956393 270.730699 274.725042   0.076965   0.160595 272.688714   0.137748
  2691   0.000000 223.902438 -73.422144 -27.380679  -4.680307  -4.680307  -0.000000  -0.000000 -27.960399 270.722701 274.717629   0.077033   0.160595 272.679935   0.137754
  2692   0.000000 223.859396 -73.428562 -27.350430  -4.691116  -4.691116  -0.000000  -0.000000 -27.964493 270.714694 274.710219   0.077101   0.160595 272.671148   0.137761
  2693   0.000000 223.816344 -73.434954 -27.320236  -4.701901  -4.701901  -0.000000  -0.000000 -27.968673 270.706678 274.702813   0.077169   0.160595 272.662354   0.137767
  2694   0.000000 223.773280 -73.441321 -27.290094  -4.712662  -4.712662  -0.000000  -0.000000 -27.972941 270.698652 274.695409   0.077237   0.160595 272.653552   0.137774
  2695   0.000000 223.730204 -73.447664 -27.260007  -4.723399  -4.723399  -0.000000  -0.000000 -27.977295 270.690617 274.688008   0.077306   0.160595 272.644741   0.137780
  2696   0.000000 223.687115 -73.453981 -27.229972  -4.734113  -4.734113  -0.000000  -0.000000 -27.981736 270.682572 274.680610   0.077375   0.160595 272.635923   0.137786
  2697   0.000000 223.644015 -73.460274 -27.199991  -4.744803  -4.744803  -0.000000  -0.000000 -27.986264 270.674518 274.673215   0.077443   0.160595 272.627097   0.137793
  2698   0.000000 223.600902 -73.466543 -27.170062  -4.755469  -4.755469  -0.000000  -0.000000 -27.990879 270.666454 274.665823   0.077512   0.160595 272.618263   0.137799
  2699   0.000000 223.557775 -73.472787 -27.140187  -4.766112  -4.766112  -0.000000  -0.000000 -27.995580 270.658381 274.658433   0.077581   0.160596 272.609421   0.137805
  2700   0.000000 223.514635 -73.479007 -27.110364  -4.776731  -4.776731  -0.000000  -0.000000 -28.000367 270.650298 274.651047   0.077651   0.160596 272.600570   0.137812
  2701   0.000000 223.471482 -73.485203 -27.080435  -4.787320  -4.787320  -0.000000  -0.000000 -28.005240 270.642199 274.643662   0.077720   0.160596 272.591706   0.137818
  2702   0.000000 223.428317 -73.491349 -27.050519  -4.797898  -4.797898  -0.000000  -0.000000 -28.010241 270.634085 274.636280   0.077790   0.160596 272.582827   0.137825
  2703   0.000000 223.385139 -73.497443 -27.020629  -4.808466  -4.808466  -0.000000  -0.000000 -28.015372 270.625954 274.628901   0.077860   0.160596 272.573935   0.137831
  2704   0.000000 223.341948 -73.503488 -26.990770  -4.819023  -4.819023  -0.000000  -0.000000 -28.020628 270.617808 274.621524   0.077929   0.160596 272.565029   0.137838
  2705   0.000000 223.298744 -73.509485 -26.960941  -4.829569  -4.829569  -0.000000  -0.000000 -28.026009 270.609647 274.614149   0.078000   0.160596 272.556110   0.137844
  2706   0.000000 223.255525 -73.515437 -26.931142  -4.840102  -4.840102  -0.000000  -0.000000 -28.031510 270.601471 274.606776   0.078070   0.160596 272.547178   0.137850
  2707   0.000000 223.212290 -73.521345 -26.901373  -4.850621  -4.850621  -0.000000  -0.000000 -28.037131 270.593280 274.599405   0.078140   0.160597 272.538232   0.137857
  2708   0.000000 223.169039 -73.527210 -26.871634  -4.861128  -4.861128  -0.000000  -0.000000 -28.042871 270.585075 274.592036   0.078211   0.160597 272.529274   0.137863
  2709   0.000000 223.125770 -73.533033 -26.841924  -4.871620  -4.871620  -0.000000  -0.000000 -28.048728 270.576854 274.584668   0.078281   0.160597 272.520302   0.137870
  2710   0.000000 223.082482 -73.538816 -26.812243  -4.882099  -4.882099  -0.000000  -0.000000 -28.054702 270.568618 274.577303   0.078352   0.160597 272.511317   0.137876
  2711   0.000000 223.039175 -73.544558 -26.782591  -4.892564  -4.892564  -0.000000  -0.000000 -28.060792 270.560368 274.569939   0.078423   0.160597 272.502319   0.137883
  2712   0.000000 222.995847 -73.550262 -26.752968  -4.903014  -4.903014  -0.000000  -0.000000 -28.066999 270.552102 274.562577   0.078494   0.160597 272.493307   0.137889
  2713   0.000000 222.952497 -73.555927 -26.723374  -4.913450  -4.913450  -0.000000  -0.000000 -28.073321 270.543822 274.555216   0.078566   0.160597 272.484282   0.137896
  2714   0.000000 222.909125 -73.561554 -26.693807  -4.923871  -4.923871  -0.000000  -0.000000 -28.079759 270.535527 274.547857   0.078637   0.160597 272.475243   0.137902
  2715   0.000000 222.865729 -73.567145 -26.664269  -4.934278  -4.934278  -0.000000  -0.000000 -28.086312 270.527216 274.540499   0.078709   0.160597 272.466191   0.137908
  2716   0.000000 222.822309 -73.572699 -26.634758  -4.944671  -4.944671  -0.000000  -0.000000 -28.092980 270.518890 274.533142   0.078781   0.160598 272.457125   0.137915
  2717   0.000000 222.778864 -73.578217 -26.605275  -4.955050  -4.955050  -0.000000  -0.000000 -28.099763 270.510549 274.525787   0.078853   0.160598 272.448045   0.137921
  2718   0.000000 222.735393 -73.583699 -26.575820  -4.965413  -4.965413  -0.000000  -0.000000 -28.106661 270.502193 274.518432   0.078925   0.160598 272.438951   0.137928
  2719   0.000000 222.691895 -73.589147 -26.546392  -4.975763  -4.975763  -0.000000  -0.000000 -28.113675 270.493821 274.511079   0.078997   0.160598 272.429843   0.137934
  2720   0.000000 222.648369 -73.594561 -26.516991  -4.986098  -4.986098  -0.000000  -0.000000 -28.120803 270.485434 274.503727   0.079069   0.160598 272.420720   0.137941
  2721   0.000000 222.604815 -73.599940 -26.487617  -4.996418  -4.996418  -0.000000  -0.000000 -28.128046 270.477032 274.496375   0.079142   0.160598 272.411584   0.137947
  2722   0.000000 222.561231 -73.605286 -26.458270  -5.006724  -5.006724  -0.000000  -0.000000 -28.135404 270.468614 274.489025   0.079215   0.160598 272.402433   0.137954
  2723   0.000000 222.517617 -73.610599 -26.428949  -5.017016  -5.017016  -0.000000  -0.000000 -28.142877 270.460180 274.481675   0.079288   0.160598 272.393268   0.137960
  2724   0.000000 222.473973 -73.615879 -26.399655  -5.027293  -5.027293  -0.000000  -0.000000 -28.150464 270.451730 274.474325   0.079361   0.160599 272.384088   0.137967
  2725   0.000000 222.430297 -73.621126 -26.370388  -5.037556  -5.037556  -0.000000  -0.000000 -28.158166 270.443265 274.466977   0.079434   0.160599 272.374894   0.137973
  2726   0.000000 222.386589 -73.626342 -26.341147  -5.047805  -5.047805  -0.000000  -0.000000 -28.165983 270.434784 274.459629   0.079507   0.160599 272.365684   0.137980
  2727   0.000000 222.342848 -73.631527 -26.311932  -5.058039  -5.058039  -0.000000  -0.000000 -28.173915 270.426287 274.452281   0.079581   0.160599 272.356460   0.137987
  2728   0.000000 222.299074 -73.636680 -26.282743  -5.068258  -5.068258  -0.000000  -0.000000 -28.181961 270.417774 274.444934   0.079655   0.160599 272.347222   0.137993
  2729   0.000000 222.255265 -73.641802 -26.253581  -5.078464  -5.078464  -0.000000  -0.000000 -28.190121 270.409244 274.437587   0.079729   0.160599 272.337968   0.138000
  2730   0.000000 222.211422 -73.646894 -26.224444  -5.088654  -5.088654  -0.000000  -0.000000 -28.198396 270.400699 274.430240   0.079803   0.160599 272.328699   0.138006
  2731   0.000000 222.167543 -73.651956 -26.195334  -5.098831  -5.098831  -0.000000  -0.000000 -28.206786 270.392138 274.422894   0.079877   0.160599 272.319415   0.138013
  2732   0.000000 222.123629 -73.656987 -26.166249  -5.108992  -5.108992  -0.000000  -0.000000 -28.215290 270.383560 274.415547   0.079951   0.160600 272.310116   0.138019
  2733   0.000000 222.079677 -73.661990 -26.137191  -5.119140  -5.119140  -0.000000  -0.000000 -28.223908 270.374966 274.408201   0.080026   0.160600 272.300801   0.138026
  2734   0.000000 222.035688 -73.666963 -26.108158  -5.129273  -5.129273  -0.000000  -0.000000 -28.232640 270.366356 274.400854   0.080101   0.160600 272.291471   0.138032
  2735   0.000000 221.991662 -73.671907 -26.079151  -5.139391  -5.139391  -0.000000  -0.000000 -28.241487 270.357730 274.393508   0.080175   0.160600 272.282126   0.138039
  2736   0.000000 221.947597 -73.676822 -26.050170  -5.149495  -5.149495  -0.000000  -0.000000 -28.250447 270.349086 274.386161   0.080250   0.160600 272.272765   0.138045
  2737   0.000000 221.903493 -73.681709 -26.021215  -5.159585  -5.159585  -0.000000  -0.000000 -28.259522 270.340427 274.378814   0.080326   0.160600 272.263389   0.138052
  2738   0.000000 221.859350 -73.686568 -25.992285  -5.169660  -5.169660  -0.000000  -0.000000 -28.268711 270.331751 274.371467   0.080401   0.160600 272.253997   0.138059
  2739   0.000000 221.815166 -73.691400 -25.963382  -5.179720  -5.179720  -0.000000  -0.000000 -28.278014 270.323058 274.364119   0.080476   0.160600 272.244589   0.138065
  2740   0.000000 221.770942 -73.696203 -25.934504  -5.189765  -5.189765  -0.000000  -0.000000 -28.287430 270.314348 274.356771   0.080552   0.160601 272.235165   0.138072
  2741   0.000000 221.726677 -73.700980 -25.905652  -5.199797  -5.199797  -0.000000  -0.000000 -28.296960 270.305622 274.349422   0.080628   0.160601 272.225726   0.138078
  2742   0.000000 221.682371 -73.705729 -25.876826  -5.209813  -5.209813  -0.000000  -0.000000 -28.306604 270.296879 274.342073   0.080704   0.160601 272.216270   0.138085
  2743   0.000000 221.638022 -73.710452 -25.848026  -5.219815  -5.219815  -0.000000  -0.000000 -28.316361 270.288119 274.334724   0.080780   0.160601 272.206799   0.138091
  2744   0.000000 221.593631 -73.715149 -25.819252  -5.229801  -5.229801  -0.000000  -0.000000 -28.326232 270.279342 274.327373   0.080856   0.160601 272.197311   0.138098
  2745   0.000000 221.549197 -73.719819 -25.790504  -5.239774  -5.239774  -0.000000  -0.000000 -28.336215 270.270548 274.320022   0.080933   0.160601 272.187807   0.138105
  2746   0.000000 221.504719 -73.724463 -25.761782  -5.249731  -5.249731  -0.000000  -0.000000 -28.346313 270.261738 274.312670   0.081010   0.160601 272.178288   0.138111
  2747   0.000000 221.460198 -73.729082 -25.733087  -5.259673  -5.259673  -0.000000  -0.000000 -28.356523 270.252910 274.305317   0.081086   0.160601 272.168751   0.138118
  2748   0.000000 221.415632 -73.733675 -25.704417  -5.269601  -5.269601  -0.000000  -0.000000 -28.366846 270.244065 274.297963   0.081163   0.160602 272.159199   0.138125
  2749   0.000000 221.371021 -73.738242 -25.675773  -5.279514  -5.279514  -0.000000  -0.000000 -28.377282 270.235203 274.290607   0.081241   0.160602 272.149630   0.138131
  2750   0.000000 221.326365 -73.742785 -25.647156  -5.289411  -5.289411  -0.000000  -0.000000 -28.387830 270.226324 274.283251   0.081318   0.160602 272.140045   0.138138
  2751   0.000000 221.281663 -73.747303 -25.618565  -5.299294  -5.299294  -0.000000  -0.000000 -28.398492 270.217428 274.275894   0.081395   0.160602 272.130443   0.138144
  2752   0.000000 221.236915 -73.751797 -25.590001  -5.309161  -5.309161  -0.000000  -0.000000 -28.409265 270.208514 274.268536   0.081473   0.160602 272.120825   0.138151
  2753   0.000000 221.192120 -73.756266 -25.561463  -5.319013  -5.319013  -0.000000  -0.000000 -28.420151 270.199583 274.261176   0.081551   0.160602 272.111190   0.138158
  2754   0.000000 221.147279 -73.760711 -25.532952  -5.328850  -5.328850  -0.000000  -0.000000 -28.431149 270.190635 274.253815   0.081629   0.160602 272.101539   0.138164
  2755   0.000000 221.102390 -73.765132 -25.504467  -5.338672  -5.338672  -0.000000  -0.000000 -28.442259 270.181669 274.246452   0.081707   0.160602 272.091871   0.138171
  2756   0.000000 221.057453 -73.769529 -25.476009  -5.348478  -5.348478  -0.000000  -0.000000 -28.453481 270.172686 274.239088   0.081785   0.160603 272.082186   0.138178
  2757   0.000000 221.012468 -73.773903 -25.447578  -5.358269  -5.358269  -0.000000  -0.000000 -28.464815 270.163686 274.231723   0.081864   0.160603 272.072484   0.138184
  2758   0.000000 220.967435 -73.778254 -25.419174  -5.368045  -5.368045  -0.000000  -0.000000 -28.476260 270.154667 274.224356   0.081942   0.160603 272.062766   0.138191
  2759   0.000000 220.922353 -73.782581 -25.390797  -5.377805  -5.377805  -0.000000  -0.000000 -28.487817 270.145632 274.216987   0.082021   0.160603 272.053030   0.138198
  2760   0.000000 220.877221 -73.786886 -25.362448  -5.387549  -5.387549  -0.000000  -0.000000 -28.499484 270.136579 274.209616   0.082100   0.160603 272.043278   0.138204
  2761   0.000000 220.832040 -73.791168 -25.334126  -5.397277  -5.397277  -0.000000  -0.000000 -28.511263 270.127508 274.202244   0.082179   0.160603 272.033509   0.138211
  2762   0.000000 220.786809 -73.795428 -25.305831  -5.406990  -5.406990  -0.000000  -0.000000 -28.523153 270.118420 274.194870   0.082259   0.160603 272.023722   0.138218
  2763   0.000000 220.741528 -73.799666 -25.277563  -5.416687  -5.416687  -0.000000  -0.000000 -28.535153 270.109314 274.187494   0.082338   0.160603 272.013919   0.138224
  2764   0.000000 220.696196 -73.803881 -25.249324  -5.426368  -5.426368  -0.000000  -0.000000 -28.547264 270.100190 274.180116   0.082418   0.160604 272.004099   0.138231
  2765   0.000000 220.650813 -73.808075 -25.221112  -5.436033  -5.436033  -0.000000  -0.000000 -28.559485 270.091048 274.172736   0.082497   0.160604 271.994261   0.138238
  2766   0.000000 220.605379 -73.812247 -25.192928  -5.445682  -5.445682  -0.000000  -0.000000 -28.571816 270.081889 274.165355   0.082577   0.160604 271.984406   0.138244
  2767   0.000000 220.559893 -73.816397 -25.164773  -5.455315  -5.455315  -0.000000  -0.000000 -28.584257 270.072712 274.157970   0.082657   0.160604 271.974534   0.138251
  2768   0.000000 220.514355 -73.820527 -25.136645  -5.464932  -5.464932  -0.000000  -0.000000 -28.596808 270.063517 274.150584   0.082738   0.160604 271.964645   0.138258
  2769   0.000000 220.468765 -73.824635 -25.108546  -5.474532  -5.474532  -0.000000  -0.000000 -28.609468 270.054305 274.143196   0.082818   0.160604 271.954739   0.138264
  2770   0.000000 220.423123 -73.828722 -25.080475  -5.484116  -5.484116  -0.000000  -0.000000 -28.622237 270.045074 274.135805   0.082899   0.160604 271.944815   0.138271
  2771   0.000000 220.377427 -73.832789 -25.052433  -5.493683  -5.493683  -0.000000  -0.000000 -28.635116 270.035826 274.128412   0.082980   0.160604 271.934874   0.138278
  2772   0.000000 220.331679 -73.836835 -25.024420  -5.503234  -5.503234  -0.000000  -0.000000 -28.648103 270.026560 274.121017   0.083060   0.160605 271.924916   0.138284
  2773   0.000000 220.285877 -73.840861 -24.996436  -5.512768  -5.512768  -0.000000  -0.000000 -28.661200 270.017275 274.113619   0.083142   0.160605 271.914940   0.138291
  2774   0.000000 220.240021 -73.844867 -24.968481  -5.522285  -5.522285  -0.000000  -0.000000 -28.674404 270.007973 274.106218   0.083223   0.160605 271.904947   0.138298
  2775   0.000000 220.194111 -73.848853 -24.940555  -5.531786  -5.531786  -0.000000  -0.000000 -28.687717 269.998653 274.098815   0.083304   0.160605 271.894936   0.138305
  2776   0.000000 220.148147 -73.852819 -24.912659  -5.541269  -5.541269  -0.000000  -0.000000 -28.701137 269.989315 274.091410   0.083386   0.160605 271.884908   0.138311
  2777   0.000000 220.102129 -73.856765 -24.884792  -5.550735  -5.550735  -0.000000  -0.000000 -28.714666 269.979959 274.084002   0.083468   0.160605 271.874862   0.138318
  2778   0.000000 220.056056 -73.860692 -24.856955  -5.560185  -5.560185  -0.000000  -0.000000 -28.728301 269.970584 274.076591   0.083550   0.160605 271.864799   0.138325
  2779   0.000000 220.009928 -73.864600 -24.829148  -5.569616  -5.569616  -0.000000  -0.000000 -28.742044 269.961192 274.069177   0.083632   0.160606 271.854718   0.138332
  2780   0.000000 219.963744 -73.868489 -24.801371  -5.579031  -5.579031  -0.000000  -0.000000 -28.755894 269.951782 274.061760   0.083714   0.160606 271.844620   0.138338
  2781   0.000000 219.917505 -73.872359 -24.773624  -5.588428  -5.588428  -0.000000  -0.000000 -28.769851 269.942353 274.054341   0.083796   0.160606 271.834504   0.138345
  2782   0.000000 219.871211 -73.876210 -24.745908  -5.597807  -5.597807  -0.000000  -0.000000 -28.783914 269.932907 274.046919   0.083879   0.160606 271.824371   0.138352
  2783   0.000000 219.824860 -73.880043 -24.718222  -5.607169  -5.607169  -0.000000  -0.000000 -28.798083 269.923442 274.039493   0.083962   0.160606 271.814220   0.138359
  2784   0.000000 219.778453 -73.883858 -24.690567  -5.616513  -5.616513  -0.000000  -0.000000 -28.812358 269.913960 274.032065   0.084044   0.160606 271.804051   0.138365
  2785   0.000000 219.731990 -73.887654 -24.662943  -5.625839  -5.625839  -0.000000  -0.000000 -28.826738 269.904459 274.024634   0.084128   0.160606 271.793865   0.138372
  2786   0.000000 219.685471 -73.891433 -24.635350  -5.635147  -5.635147  -0.000000   0.000000 -28.841224 269.894940 274.017199   0.084211   0.160606 271.783661   0.138379
  2787   0.000000 219.638894 -73.895193 -24.607789  -5.644437  -5.644437  -0.000000   0.000000 -28.855815 269.885403 274.009761   0.084294   0.160607 271.773439   0.138386
  2788   0.000000 219.592260 -73.898936 -24.580259  -5.653708  -5.653708  -0.000000   0.000000 -28.870511 269.875848 274.002321   0.084378   0.160607 271.763200   0.138392
  2789   0.000000 219.545569 -73.902662 -24.552760  -5.662961  -5.662961  -0.000000   0.000000 -28.885311 269.866274 273.994876   0.084461   0.160607 271.752943   0.138399
  2790   0.000000 219.498821 -73.906370 -24.525294  -5.672196  -5.672196  -0.000000   0.000000 -28.900215 269.856683 273.987429   0.084545   0.160607 271.742668   0.138406
  2791   0.000000 219.452015 -73.910061 -24.497859  -5.681412  -5.681412  -0.000000   0.000000 -28.915224 269.847073 273.979978   0.084629   0.160607 271.732375   0.138413
  2792   0.000000 219.405151 -73.913736 -24.470457  -5.690609  -5.690609  -0.000000   0.000000 -28.930335 269.837445 273.972524   0.084714   0.160607 271.722065   0.138419
  2793   0.000000 219.358230 -73.917393 -24.443088  -5.699788  -5.699788  -0.000000   0.000000 -28.945550 269.827799 273.965066   0.084798   0.160607 271.711737   0.138426
  2794   0.000000 219.311250 -73.921034 -24.415751  -5.708947  -5.708947  -0.000000   0.000000 -28.960868 269.818135 273.957604   0.084882   0.160608 271.701391   0.138433
  2795   0.000000 219.264212 -73.924659 -24.388447  -5.718088  -5.718088  -0.000000   0.000000 -28.976289 269.808452 273.950140   0.084967   0.160608 271.691028   0.138440
  2796   0.000000 219.217115 -73.928267 -24.361175  -5.727209  -5.727209  -0.000000   0.000000 -28.991812 269.798752 273.942671   0.085052   0.160608 271.680647   0.138447
  2797   0.000000 219.169960 -73.931860 -24.333938  -5.736311  -5.736311  -0.000000   0.000000 -29.007436 269.789033 273.935199   0.085137   0.160608 271.670248   0.138453
  2798   0.000000 219.122746 -73.935436 -24.306733  -5.745394  -5.745394  -0.000000   0.000000 -29.023163 269.779296 273.927723   0.085222   0.160608 271.659831   0.138460
  2799   0.000000 219.075473 -73.938997 -24.279562  -5.754456  -5.754456  -0.000000   0.000000 -29.038990 269.769541 273.920244   0.085307   0.160608 271.649397   0.138467
  2800   0.000000 219.028140 -73.942543 -24.252425  -5.763500  -5.763500  -0.000000   0.000000 -29.054918 269.759768 273.912760   0.085393   0.160608 271.638945   0.138474
  2801   0.000000 218.980749 -73.946073 -24.225322  -5.772523  -5.772523  -0.000000   0.000000 -29.070947 269.749976 273.905273   0.085478   0.160609 271.628475   0.138481
  2802   0.000000 218.933298 -73.949587 -24.198254  -5.781526  -5.781526  -0.000000   0.000000 -29.087077 269.740167 273.897782   0.085564   0.160609 271.617987   0.138488
  2803   0.000000 218.885788 -73.953087 -24.171219  -5.790510  -5.790510  -0.000000   0.000000 -29.103306 269.730339 273.890287   0.085650   0.160609 271.607482   0.138494
  2804   0.000000 218.838218 -73.956572 -24.144220  -5.799473  -5.799473  -0.000000   0.000000 -29.119634 269.720494 273.882788   0.085736   0.160609 271.596959   0.138501
  2805   0.000000 218.790589 -73.960043 -24.117255  -5.808415  -5.808415  -0.000000   0.000000 -29.136062 269.710630 273.875285   0.085823   0.160609 271.586418   0.138508
  2806   0.000000 218.742899 -73.963498 -24.090325  -5.817337  -5.817337  -0.000000   0.000000 -29.152588 269.700748 273.867778   0.085909   0.160609 271.575860   0.138515
  2807   0.000000 218.695150 -73.966940 -24.063431  -5.826239  -5.826239  -0.000000   0.000000 -29.169213 269.690848 273.860267   0.085996   0.160609 271.565283   0.138522
  2808   0.000000 218.647340 -73.970368 -24.036572  -5.835120  -5.835120  -0.000000   0.000000 -29.185935 269.680930 273.852752   0.086082   0.160610 271.554690   0.138529
  2809   0.000000 218.599470 -73.973781 -24.009748  -5.843980  -5.843980  -0.000000   0.000000 -29.202755 269.670994 273.845233   0.086169   0.160610 271.544078   0.138535
  2810   0.000000 218.551540 -73.977181 -23.982961  -5.852819  -5.852819  -0.000000   0.000000 -29.219673 269.661040 273.837709   0.086256   0.160610 271.533449   0.138542
  2811   0.000000 218.503550 -73.980567 -23.956209  -5.861636  -5.861636  -0.000000   0.000000 -29.236687 269.651068 273.830181   0.086344   0.160610 271.522802   0.138549
  2812   0.000000 218.455499 -73.983940 -23.929494  -5.870433  -5.870433  -0.000000   0.000000 -29.253797 269.641077 273.822649   0.086431   0.160610 271.512138   0.138556
  2813   0.000000 218.407387 -73.987300 -23.902816  -5.879208  -5.879208  -0.000000   0.000000 -29.271004 269.631069 273.815113   0.086518   0.160610 271.501456   0.138563
  2814   0.000000 218.359215 -73.990647 -23.876174  -5.887961  -5.887961  -0.000000   0.000000 -29.288305 269.621043 273.807572   0.086606   0.160610 271.490756   0.138570
  2815   0.000000 218.310983 -73.993980 -23.849569  -5.896693  -5.896693  -0.000000   0.000000 -29.305702 269.610999 273.800027   0.086694   0.160611 271.480039   0.138577
  2816   0.015882 218.262689 -73.985390 -23.823001  -5.905402  -5.905402  -0.000000   0.000000 -29.323194 269.601239 273.792480   0.086782   0.160611 271.469468   0.138583
  2817   0.017066 218.214335 -73.989032 -23.792301  -5.913269  -5.913269  -0.000000   0.000000 -29.338684 269.591242 273.784929   0.086870   0.160611 271.458760   0.138590
  2818   0.020658 218.165967 -73.989924 -23.764776  -5.921716  -5.921716  -0.000000   0.000000 -29.355808 269.581233 273.777374   0.086958   0.160611 271.448042   0.138597
  2819   0.027569 218.117550 -73.988327 -23.737244  -5.930127  -5.930127  -0.000000   0.000000 -29.372989 269.571271 273.769816   0.087047   0.160611 271.437343   0.138604
  2820   0.039444 218.069084 -73.983252 -23.708882  -5.938341  -5.938341  -0.000000   0.000000 -29.389809 269.561402 273.762255   0.087135   0.160611 271.426688   0.138611
  2821   0.058828 218.020578 -73.972955 -23.679114  -5.946239  -5.946239  -0.000000   0.000000 -29.405970 269.551682 273.754692   0.087224   0.160611 271.416107   0.138618
  2822   0.089318 217.972049 -73.954962 -23.647184  -5.953669  -5.953669  -0.000000   0.000000 -29.421072 269.542195 273.747131   0.087313   0.160612 271.405648   0.138625
  2823   0.135619 217.923520 -73.926051 -23.612032  -5.960413  -5.960413  -0.000000   0.000000 -29.434554 269.533048 273.739573   0.087402   0.160612 271.395371   0.138632
  2824   0.203491 217.875030 -73.882310 -23.572263  -5.966184  -5.966184  -0.000000   0.000000 -29.445671 269.524379 273.732021   0.087491   0.160612 271.385354   0.138639
  2825   0.299562 217.826629 -73.819270 -23.526155  -5.970625  -5.970625  -0.000000   0.000000 -29.453497 269.516347 273.724482   0.087580   0.160612 271.375687   0.138645
  2826   0.431050 217.778389 -73.732099 -23.471714  -5.973321  -5.973321  -0.000000   0.000000 -29.456947 269.509130 273.716962   0.087669   0.160612 271.366474   0.138652
  2827   0.605431 217.730404 -73.615822 -23.406756  -5.973812  -5.973812  -0.000000   0.000000 -29.454821 269.502917 273.709467   0.087759   0.160612 271.357825   0.138659
  2828   0.830120 217.682790 -73.465532 -23.329008  -5.971611  -5.971611  -0.000000   0.000000 -29.445852 269.497898 273.702007   0.087848   0.160612 271.349855   0.138666
  2829   1.112179 217.635689 -73.276577 -23.236211  -5.966232  -5.966232  -0.000000   0.000000 -29.428763 269.494262 273.694592   0.087937   0.160613 271.342676   0.138673
  2830   1.458094 217.589265 -73.044698 -23.126213  -5.957199  -5.957199  -0.000000   0.000000 -29.402313 269.492185 273.687234   0.088027   0.160613 271.336399   0.138680
  2831   1.873618 217.543707 -72.766122 -22.997041  -5.944067  -5.944067  -0.000000   0.000000 -29.365346 269.491828 273.679945   0.088116   0.160613 271.331129   0.138687
  2832   2.363681 217.499222 -72.437618 -22.846950  -5.926434  -5.926434  -0.000000   0.000000 -29.316814 269.493336 273.672737   0.088205   0.160613 271.326960   0.138694
  2833   2.932349 217.456033 -72.056509 -22.674460  -5.903943  -5.903943  -0.000000   0.000000 -29.255807 269.496832 273.665626   0.088294   0.160613 271.323978   0.138700
  2834   3.582841 217.414378 -71.620666 -22.478363  -5.876292  -5.876292  -0.000000   0.000000 -29.181559 269.502417 273.658625   0.088383   0.160613 271.322258   0.138707
  2835   4.317559 217.374503 -71.128477 -22.257724  -5.843229  -5.843229  -0.000000   0.000000 -29.093451 269.510174 273.651748   0.088471   0.160613 271.321866   0.138714
  2836   5.138152 217.336661 -70.578806 -22.011869  -5.804554  -5.804554  -0.000000   0.000000 -28.991016 269.520165 273.645011   0.088559   0.160613 271.322854   0.138721
  2837   6.045589 217.301108 -69.970946 -21.740366  -5.760118  -5.760118  -0.000000   0.000000 -28.873921 269.532432 273.638427   0.088646   0.160614 271.325267   0.138728
  2838   7.040234 217.268101 -69.304568 -21.443002  -5.709812  -5.709812  -0.000000   0.000000 -28.741966 269.547002 273.632012   0.088733   0.160614 271.329139   0.138734
  2839   8.121927 217.237893 -68.579672 -21.119756  -5.653569  -5.653569  -0.000000   0.000000 -28.595070 269.563886 273.625780   0.088819   0.160614 271.334495   0.138741
  2840   9.290054 217.210732 -67.796539 -20.770780  -5.591358  -5.591358  -0.000000   0.000000 -28.433255 269.583081 273.619744   0.088905   0.160614 271.341354   0.138747
  2841  10.543624 217.186861 -66.955688 -20.396370  -5.523176  -5.523176  -0.000000   0.000000 -28.256637 269.604572 273.613917   0.088990   0.160614 271.349726   0.138754
  2842  11.881328 217.166512 -66.057833 -19.996943  -5.449050  -5.449050  -0.000000   0.000000 -28.065412 269.628335 273.608312   0.089074   0.160614 271.359615   0.138761
  2843  13.301600 217.149909 -65.103853 -19.573022  -5.369026  -5.369026  -0.000000   0.000000 -27.859845 269.654334 273.602943   0.089157   0.160614 271.371019   0.138767
  2844  14.802666 217.137264 -64.094754 -19.125214  -5.283172  -5.283172  -0.000000   0.000000 -27.640257 269.682530 273.597819   0.089240   0.160615 271.383931   0.138773
  2845  16.382590 217.128777 -63.031647 -18.654192  -5.191568  -5.191568  -0.000000   0.000000 -27.407019 269.712875 273.592952   0.089321   0.160615 271.398341   0.138780
  2846  18.039312 217.124636 -61.915723 -18.160687  -5.094308  -5.094308  -0.000000   0.000000 -27.160538 269.745315 273.588352   0.089401   0.160615 271.414234   0.138786
  2847  19.770683 217.125016 -60.748231 -17.645469  -4.991499  -4.991499  -0.000000   0.000000 -26.901254 269.779796 273.584028   0.089481   0.160615 271.431592   0.138792
  2848  21.574488 217.130079 -59.530464 -17.109341  -4.883252  -4.883252  -0.000000   0.000000 -26.629629 269.816256 273.579991   0.089558   0.160615 271.450395   0.138798
  2849  23.448478 217.139973 -58.263742 -16.553129  -4.769685  -4.769685  -0.000000   0.000000 -26.346143 269.854634 273.576247   0.089635   0.160615 271.470620   0.138805
  2850  25.390383 217.154832 -56.949404 -15.977675  -4.650923  -4.650923  -0.000000   0.000000 -26.051287 269.894867 273.572804   0.089710   0.160615 271.492242   0.138811
  2851  27.397932 217.174777 -55.588793 -15.383827  -4.527091  -4.527091  -0.000000   0.000000 -25.745560 269.936888 273.569669   0.089784   0.160615 271.515235   0.138816
  2852  29.468866 217.199917 -54.183253 -14.772440  -4.398318  -4.398318  -0.000000   0.000000 -25.429466 269.980633 273.566848   0.089857   0.160615 271.539571   0.138822
  2853  31.600948 217.230345 -52.734118 -14.144365  -4.264734  -4.264734  -0.000000   0.000000 -25.103507 270.026036 273.564348   0.089928   0.160616 271.565223   0.138828
  2854  33.791973 217.266144 -51.242709 -13.500450  -4.126469  -4.126469  -0.000000   0.000000 -24.768183 270.073031 273.562172   0.089997   0.160616 271.592160   0.138834
  2855  36.039777 217.307384 -49.710332 -12.841535  -3.983653  -3.983653  -0.000000   0.000000 -24.423988 270.121552 273.560325   0.090065   0.160616 271.620354   0.138839
  2856  38.342239 217.354119 -48.138269 -12.168448  -3.836415  -3.836415  -0.000000   0.000000 -24.071411 270.171535 273.558811   0.090131   0.160616 271.649773   0.138845
  2857  40.697286 217.406396 -46.527780 -11.482007  -3.684883  -3.684883  -0.000000   0.000000 -23.710932 270.222916 273.557633   0.090196   0.160616 271.680386   0.138850
  2858  43.102899 217.464248 -44.880100 -10.783012  -3.529185  -3.529185  -0.000000   0.000000 -23.343020 270.275633 273.556795   0.090258   0.160616 271.712164   0.138855
  2859  45.557112 217.527696 -43.196436 -10.072252  -3.369443  -3.369443  -0.000000   0.000000 -22.968134 270.329623 273.556297   0.090319   0.160616 271.745075   0.138861
  2860  48.058016 217.596753 -41.477970  -9.350494  -3.205783  -3.205783  -0.000000   0.000000 -22.586722 270.384826 273.556143   0.090378   0.160616 271.779088   0.138866
  2861  50.603756 217.671418 -39.725853  -8.618491  -3.038323  -3.038323  -0.000000   0.000000 -22.199218 270.441184 273.556333   0.090435   0.160616 271.814172   0.138871
  2862  53.192538 217.751684 -37.941208  -7.876976  -2.867184  -2.867184  -0.000000   0.000000 -21.806045 270.498638 273.556869   0.090490   0.160616 271.850297   0.138875
  2863  55.822620 217.837531 -36.125132  -7.126663  -2.692481  -2.692481  -0.000000   0.000000 -21.407614 270.557133 273.557750   0.090543   0.160616 271.887431   0.138880
  2864  58.492319 217.928933 -34.278690  -6.368245  -2.514329  -2.514329  -0.000000   0.000000 -21.004322 270.616613 273.558977   0.090594   0.160616 271.925544   0.138885
  2865  61.200008 218.025853 -32.402921  -5.602399  -2.332839  -2.332839  -0.000000   0.000000 -20.596552 270.677025 273.560550   0.090643   0.160617 271.964605   0.138889
  2866  63.944112 218.128248 -30.498835  -4.829777  -2.148121  -2.148121  -0.000000   0.000000 -20.184676 270.738318 273.562469   0.090690   0.160617 272.004585   0.138894
  2867  66.723111 218.236065 -28.567415  -4.051015  -1.960281  -1.960281  -0.000000   0.000000 -19.769053 270.800442 273.564732   0.090735   0.160617 272.045454   0.138898
  2868  69.535536 218.349245 -26.609618  -3.266725  -1.769425  -1.769425  -0.000000   0.000000 -19.350027 270.863347 273.567338   0.090778   0.160617 272.087181   0.138902
  2869  72.379969 218.467724 -24.626375  -2.477502  -1.575655  -1.575655  -0.000000   0.000000 -18.927934 270.926986 273.570285   0.090818   0.160617 272.129739   0.138906
  2870  75.255042 218.591428 -22.618591  -1.683918  -1.379072  -1.379072  -0.000000   0.000000 -18.503093 270.991314 273.573573   0.090856   0.160617 272.173096   0.138910
  2871  78.159434 218.720279 -20.587144  -0.886525  -1.179773  -1.179773  -0.000000   0.000000 -18.075814 271.056286 273.577199   0.090892   0.160617 272.217226   0.138914
  2872  81.091868 218.854193 -18.532893  -0.085858  -0.977854  -0.977854  -0.000000   0.000000 -17.646396 271.121858 273.581162   0.090926   0.160617 272.262099   0.138917
  2873  84.051115 218.993081 -16.456668   0.717021  -0.773260  -0.773260  -0.000000   0.000000 -17.215124 271.187990 273.585457   0.090957   0.160617 272.310306   0.138921
  2874  87.035986 219.177982 -14.321852   1.340888  -0.580394  -0.580394  -0.000000   0.000000 -16.782272 271.260371 273.590131   0.090986   0.160617 272.365202   0.138924
  2875  90.045335 219.347450 -12.208664   2.183724  -0.358848  -0.358848  -0.000000   0.000000 -16.308316 271.330411 273.595155   0.091012   0.160617 272.416589   0.138927
  2876  93.078056 219.529863 -10.056753   2.921808  -0.145480  -0.145480  -0.000000   0.000000 -15.853205 271.402060 273.600535   0.091036   0.160617 272.469839   0.138930
  2877  96.133080 219.735400  -7.873930   3.593964   0.071583   0.071583   0.000000   0.000000 -15.389331 271.476704 273.606290   0.091058   0.160617 272.526927   0.138933
  2878  99.209377 219.966895  -5.664139   4.217939   0.296633   0.296633   0.000000   0.000000 -14.907096 271.554713 273.612437   0.091077   0.160617 272.588431   0.138936
  2879 102.305949 220.222677  -3.431195   4.810140   0.531244   0.531244   0.000000   0.000000 -14.404069 271.635839 273.618995   0.091094   0.160617 272.654072   0.138939
  2880 105.421836 220.498554  -1.178650   5.384962   0.775298   0.775298   0.000000   0.000000 -13.882093 271.719505 273.625975   0.091107   0.160617 272.723103   0.138941
