     0 172.710834 247.991806  55.657751   1.066987   0.511085   0.511085   0.000000   0.000000   0.000000 278.714033 276.870263   0.203390   0.203392 278.658672   0.203356
     1 180.535141 248.032156  53.149944  35.497284   8.536009   8.536009   0.000000   0.000000  12.906390 278.599952 276.891337   0.203339   0.203392 278.634325   0.203324
     2 188.367792 249.266172  61.156080  26.860660   7.493527   7.493527   0.000000   0.000000  11.960304 279.040421 276.916899   0.203295   0.203392 278.915053   0.203298
     3 196.204866 250.023548  66.060101  32.601432   9.344389   9.344389   0.000000   0.000000  14.864654 279.302067 276.944446   0.203239   0.203391 279.077560   0.203274
     4 204.042755 250.870137  71.899276  34.392585  10.337978  10.337978   0.000000   0.000000  16.503348 279.599565 276.974369   0.203177   0.203391 279.256126   0.203254
     5 211.878127 251.657841  77.503434  37.369951  11.561627  11.561627   0.000000   0.000000  18.376376 279.874696 277.006294   0.203108   0.203390 279.419119   0.203235
     6 219.707897 252.443182  83.204137  39.984162  12.692715  12.692715   0.000000   0.000000  20.078813 280.148775 277.040142   0.203031   0.203389 279.579410   0.203217
     7 227.529200 253.222540  88.893435  42.681781  13.835373  13.835373   0.000000   0.000000  21.760431 280.418841 277.075801   0.202947   0.203389 279.736462   0.203201
     8 235.339366 254.006574  94.593938  45.332099  14.967627  14.967627   0.000000   0.000000  23.401280 280.687824 277.113203   0.202855   0.203388 279.892659   0.203185
     9 243.135903 254.798962 100.293122  47.975520  16.103717  16.103717   0.000000   0.000000  25.022346 280.956063 277.152289   0.202756   0.203387 280.048867   0.203170
    10 250.916476 255.603238 105.990934  50.601057  17.245918  17.245918   0.000000   0.000000  26.626414 281.224078 277.193010   0.202649   0.203387 280.205926   0.203155
    11 258.678893 256.419904 111.683588  53.222221  18.403713  18.403713   0.000000   0.000000  28.217473 281.491499 277.235316   0.202534   0.203386 280.364204   0.203141
    12 266.421092 257.235476 117.358170  55.921578  19.610754  19.610754   0.000000   0.000000  29.793282 281.754307 277.279106   0.202410   0.203385 280.521286   0.203128
    13 274.141125 258.039303 123.022588  58.650177  20.839118  20.839118   0.000000   0.000000  31.326409 282.011760 277.324276   0.202277   0.203384 280.675333   0.203114
    14 281.837153 258.842000 128.689507  61.314743  22.065215  22.065215   0.000000   0.000000  32.812388 282.266953 277.370769   0.202136   0.203383 280.828352   0.203101
    15 289.507431 259.648808 134.347519  63.947053  23.294813  23.294813   0.000000   0.000000  34.273286 282.520983 277.418543   0.201985   0.203382 280.981306   0.203088
    16 297.150301 260.463072 139.993178  66.549501  24.527875  24.527875   0.000000   0.000000  35.717084 282.774566 277.467566   0.201824   0.203380 281.134827   0.203076
    17 304.764187 261.286827 145.623684  69.126955  25.766996  25.766996   0.000000   0.000000  37.149000 283.027986 277.517814   0.201654   0.203379 281.289388   0.203063
    18 312.347584 262.115286 151.231780  71.722227  27.040163  27.040163   0.000000   0.000000  38.571206 283.279336 277.569236   0.201473   0.203378 281.444090   0.203051
    19 319.899057 262.943247 156.820811  74.309854  28.331812  28.331812   0.000000   0.000000  39.970700 283.528297 277.621781   0.201281   0.203376 281.598074   0.203039
    20 327.417228 263.770854 162.391489  76.879463  29.639779  29.639779   0.000000   0.000000  41.345611 283.774971 277.675402   0.201079   0.203375 281.751344   0.203026
    21 334.900780 264.597586 167.941832  79.425738  30.954777  30.954777   0.000000   0.000000  42.696983 284.019782 277.730058   0.200864   0.203374 281.903849   0.203014
    22 342.348447 265.426378 173.471621  81.943003  32.273007  32.273007   0.000000   0.000000  44.028068 284.263311 277.785717   0.200638   0.203372 282.056080   0.203002
    23 349.759010 266.258826 178.978558  84.429845  33.591610  33.591610   0.000000   0.000000  45.343155 284.506082 277.842358   0.200400   0.203370 282.208367   0.202990
    24 357.131296 267.096951 184.461060  86.893074  34.912145  34.912145   0.000000   0.000000  46.646072 284.748249 277.899957   0.200149   0.203369 282.361059   0.202979
    25 364.464174 267.938119 189.914908  89.348097  36.236554  36.236554   0.000000   0.000000  47.938042 284.989377 277.958490   0.199885   0.203367 282.513737   0.202967
    26 371.756549 268.784447 195.343510  91.777641  37.561593  37.561593   0.000000   0.000000  49.216209 285.229725 278.017934   0.199607   0.203365 282.666783   0.202955
    27 379.007366 269.634156 200.743010  94.198113  38.891252  38.891252   0.000000   0.000000  50.482537 285.468880 278.078262   0.199315   0.203363 282.819889   0.202943
    28 386.215599 270.490496 206.117878  96.582330  40.221599  40.221599   0.000000   0.000000  51.734324 285.707412 278.139457   0.199009   0.203361 282.973611   0.202931
    29 393.380257 271.355816 211.466718  98.931306  41.556438  41.556438   0.000000   0.000000  52.975687 285.945626 278.201503   0.198688   0.203359 283.128362   0.202920
    30 400.500377 272.231733 216.788776 101.246314  42.899180  42.899180   0.000000   0.000000  54.208863 286.183631 278.264388   0.198352   0.203357 283.284500   0.202908
    31 407.575023 273.112676 222.077345 103.570240  44.271103  44.271103   0.000000   0.000000  55.434706 286.419740 278.328077   0.197999   0.203355 283.441027   0.202896
    32 414.603285 273.991370 227.333366 105.891578  45.663341  45.663341   0.000000   0.000000  56.641642 286.653114 278.392527   0.197629   0.203353 283.596697   0.202885
    33 421.584279 274.868582 232.561290 108.179283  47.064806  47.064806   0.000000   0.000000  57.824102 286.884221 278.457703   0.197242   0.203351 283.751612   0.202873
    34 428.517141 275.744017 237.757805 110.438763  48.472399  48.472399   0.000000   0.000000  58.985623 287.113311 278.523572   0.196836   0.203348 283.905735   0.202861
    35 435.401032 276.619607 242.922890 112.665173  49.882164  49.882164   0.000000   0.000000  60.128171 287.340802 278.590110   0.196411   0.203346 284.059369   0.202850
    36 442.235131 277.496039 248.054452 114.860417  51.293025  51.293025   0.000000   0.000000  61.254841 287.566967 278.657297   0.195966   0.203344 284.212658   0.202838
    37 449.018638 278.375462 253.152560 117.022882  52.704587  52.704587   0.000000   0.000000  62.367687 287.792075 278.725115   0.195501   0.203341 284.365941   0.202826
    38 455.750771 279.258091 258.215426 119.155080  54.117802  54.117802   0.000000   0.000000  63.468718 288.016225 278.793550   0.195014   0.203338 284.519286   0.202814
    39 462.430766 280.145749 263.243730 121.254313  55.533050  55.533050   0.000000   0.000000  64.558721 288.239562 278.862588   0.194505   0.203336 284.672973   0.202802
    40 469.057876 281.038180 268.235881 123.322598  56.951676  56.951676   0.000000   0.000000  65.638818 288.462093 278.932217   0.193973   0.203333 284.826996   0.202791
    41 475.631369 281.936903 273.192767 125.357385  58.374286  58.374286   0.000000   0.000000  66.709136 288.683885 279.002424   0.193417   0.203330 284.981577   0.202779
    42 482.150530 282.841225 278.112813 127.360342  59.801928  59.801928   0.000000   0.000000  67.770224 288.904892 279.073197   0.192836   0.203327 285.136650   0.202767
    43 488.614656 283.752293 282.996829 129.331255  61.237090  61.237090   0.000000   0.000000  68.821864 289.125040 279.144523   0.192229   0.203324 285.292364   0.202755
    44 495.023063 284.668668 287.843294 131.270953  62.679501  62.679501   0.000000   0.000000  69.863618 289.344221 279.216388   0.191595   0.203321 285.448528   0.202743
    45 501.375075 285.587510 292.649518 133.196769  64.138847  64.138847   0.000000   0.000000  70.894833 289.561653 279.288766   0.190932   0.203318 285.604682   0.202731
    46 507.670033 286.499178 297.409824 135.137886  65.614687  65.614687   0.000000   0.000000  71.910210 289.775896 279.361617   0.190239   0.203315 285.759266   0.202719
    47 513.907290 287.399632 302.127551 137.075153  67.095150  67.095150   0.000000   0.000000  72.899951 289.986545 279.434895   0.189515   0.203312 285.911676   0.202707
    48 520.086209 288.282377 306.798162 139.034093  68.578812  68.578812   0.000000   0.000000  73.861550 290.192610 279.508544   0.188759   0.203309 286.060828   0.202695
    49 526.206168 289.148467 311.427633 140.973840  70.050900  70.050900   0.000000   0.000000  74.788460 290.394675 279.582519   0.187969   0.203305 286.206887   0.202682
    50 532.266554 290.007158 316.021455 142.857114  71.508032  71.508032   0.000000   0.000000  75.685095 290.594273 279.656794   0.187145   0.203302 286.351331   0.202670
    51 538.266767 290.864657 320.577028 144.688870  72.958042  72.958042   0.000000   0.000000  76.562354 290.792333 279.731359   0.186284   0.203298 286.495176   0.202658
    52 544.206216 291.723607 325.091501 146.481987  74.412529  74.412529   0.000000   0.000000  77.426814 290.989010 279.806203   0.185386   0.203295 286.638830   0.202646
    53 550.084322 292.582983 329.562614 148.243927  75.873215  75.873215   0.000000   0.000000  78.279648 291.184182 279.881315   0.184449   0.203291 286.782144   0.202633
    54 555.900515 293.441956 333.989821 149.976559  77.339187  77.339187   0.000000   0.000000  79.120067 291.377710 279.956682   0.183471   0.203287 286.924972   0.202621
    55 561.654236 294.299466 338.372449 151.679001  78.806579  78.806579   0.000000   0.000000  79.947197 291.569568 280.032289   0.182451   0.203284 287.067165   0.202608
    56 567.344936 295.155604 342.710331 153.351329  80.273547  80.273547   0.000000   0.000000  80.760958 291.759770 280.108123   0.181388   0.203280 287.208729   0.202596
    57 572.972074 296.010350 347.002998 154.991864  81.737592  81.737592   0.000000   0.000000  81.561532 291.948408 280.184173   0.180279   0.203276 287.349684   0.202583
    58 578.535119 296.864373 351.250223 156.601712  83.198857  83.198857   0.000000   0.000000  82.349647 292.135523 280.260426   0.179124   0.203272 287.490126   0.202571
    59 584.033551 297.717936 355.451655 158.178908  84.656126  84.656126   0.000000   0.000000  83.125681 292.321215 280.336874   0.177921   0.203268 287.630121   0.202558
    60 594.975686 298.571017 364.013440 159.728684  86.114843  86.114843   0.000000   0.000000  83.890388 292.600275 280.414720   0.176669   0.203264 287.773577   0.202545
    61 600.352179 299.423271 367.605668 164.219696  88.690625  88.690625   0.000000   0.000000  85.298888 292.763565 280.492420   0.175349   0.203259 287.911736   0.202532
    62 605.662409 300.372764 371.874244 164.588744  89.868103  89.868103   0.000000   0.000000  85.898018 292.962670 280.570462   0.173980   0.203255 288.066007   0.202519
    63 610.905890 301.255327 375.824928 166.464134  91.530420  91.530420   0.000000   0.000000  86.745455 293.142600 280.648600   0.172555   0.203251 288.208910   0.202506
    64 616.082145 302.142378 379.830202 167.723561  92.977185  92.977185   0.000000   0.000000  87.458001 293.325302 280.726883   0.171076   0.203246 288.352398   0.202493
    65 621.190705 302.994792 383.730499 169.279992  94.502086  94.502086   0.000000   0.000000  88.188935 293.500191 280.805220   0.169540   0.203242 288.490128   0.202480
    66 626.231109 303.815091 387.586681 170.787342  95.976717  95.976717   0.000000   0.000000  88.864794 293.669691 280.883558   0.167948   0.203237 288.622570   0.202467
    67 631.202904 304.608680 391.390349 172.287394  97.426162  97.426162   0.000000   0.000000  89.502936 293.834259 280.961849   0.166301   0.203232 288.750520   0.202453
    68 636.105645 305.387970 395.150799 173.719299  98.843685  98.843685   0.000000   0.000000  90.106871 293.995894 281.040075   0.164600   0.203228 288.875924   0.202440
    69 640.938896 306.159182 398.862675 175.108930 100.247638 100.247638   0.000000   0.000000  90.690732 294.155244 281.118225   0.162845   0.203223 288.999738   0.202427
    70 645.702226 306.926421 402.526060 176.452432 101.640272 101.640272   0.000000   0.000000  91.259134 294.312893 281.196296   0.161038   0.203218 289.122612   0.202413
    71 650.395214 307.691357 406.139027 177.759274 103.026356 103.026356   0.000000   0.000000  91.816180 294.468997 281.274287   0.159182   0.203213 289.244804   0.202400
    72 655.017445 308.455105 409.701500 179.028248 104.404936 104.404936   0.000000   0.000000  92.362970 294.623728 281.352197   0.157278   0.203208 289.366498   0.202387
    73 659.568514 309.217955 413.212498 180.264064 105.778641 105.778641   0.000000   0.000000  92.900720 294.777061 281.430024   0.155330   0.203203 289.487742   0.202373
    74 664.048021 309.980281 416.672244 181.464102 107.145842 107.145842   0.000000   0.000000  93.429257 294.929065 281.507769   0.153341   0.203198 289.608603   0.202360
    75 668.455575 310.741610 420.079613 182.633726 108.508381 108.508381   0.000000   0.000000  93.949071 295.079626 281.585428   0.151316   0.203193 289.729010   0.202346
    76 672.790790 311.501888 423.434917 183.769848 109.863611 109.863611   0.000000   0.000000  94.459391 295.228772 281.662998   0.149259   0.203187 289.848963   0.202333
    77 677.053291 312.260345 426.736994 184.877764 111.212665 111.212665   0.000000   0.000000  94.960423 295.376370 281.740474   0.147176   0.203182 289.968350   0.202319
    78 681.242707 313.017099 429.986450 185.952704 112.552377 112.552377   0.000000   0.000000  95.451273 295.522479 281.817852   0.145072   0.203177 290.087193   0.202306
    79 685.358676 313.771364 433.181933 187.000769 113.884888 113.884888   0.000000   0.000000  95.932390 295.666955 281.895124   0.142953   0.203171 290.205377   0.202292
    80 689.400843 314.523447 436.324310 188.015828 115.206986 115.206986   0.000000   0.000000  96.402813 295.809881 281.972287   0.140826   0.203166 290.322955   0.202278
    81 693.368860 315.272447 439.412000 189.005053 116.521110 116.521110   0.000000   0.000000  96.863160 295.951101 282.049330   0.138696   0.203160 290.439856   0.202265
    82 697.262385 316.002217 442.429989 190.055252 117.841581 117.841581   0.000000   0.000000  97.312397 296.088152 282.126216   0.136569   0.203154 290.553678   0.202251
    83 701.081085 316.699865 445.379620 191.159821 119.146828 119.146828   0.000000   0.000000  97.733547 296.219523 282.202888   0.134453   0.203149 290.662457   0.202237
    84 704.824634 317.370150 448.273975 192.239581 120.411104 120.411104   0.000000   0.000000  98.116444 296.346282 282.279304   0.132353   0.203143 290.766897   0.202223
    85 708.492710 318.024420 451.117819 193.261968 121.636934 121.636934   0.000000   0.000000  98.468848 296.470034 282.355447   0.130275   0.203137 290.868694   0.202210
    86 712.085003 318.671365 453.910245 194.227889 122.837368 122.837368   0.000000   0.000000  98.802107 296.591849 282.431313   0.128224   0.203131 290.969150   0.202196
    87 715.601206 319.316370 456.650143 195.142002 124.020823 124.020823   0.000000   0.000000  99.123753 296.712362 282.506905   0.126206   0.203125 291.069076   0.202182
    88 719.041021 319.961077 459.335260 196.015881 125.193922 125.193922   0.000000   0.000000  99.438200 296.831711 282.582228   0.124223   0.203119 291.168723   0.202168
    89 722.404155 320.606223 461.965315 196.851181 126.356747 126.356747   0.000000   0.000000  99.746377 296.949972 282.657288   0.122280   0.203113 291.268207   0.202154
    90 725.690324 321.251321 464.539190 197.653296 127.510656 127.510656   0.000000   0.000000 100.048789 297.067056 282.732086   0.120379   0.203107 291.367463   0.202141
    91 728.899251 321.896371 467.057198 198.426653 128.654626 128.654626   0.000000   0.000000 100.344787 297.182823 282.806624   0.118522   0.203101 291.466522   0.202127
    92 732.030665 322.540750 469.519348 199.169040 129.787193 129.787193   0.000000   0.000000 100.633391 297.297225 282.880901   0.116712   0.203095 291.565296   0.202113
    93 735.084301 323.184348 471.925628 199.879949 130.907069 130.907069   0.000000   0.000000 100.914268 297.410256 282.954916   0.114948   0.203088 291.663768   0.202099
    94 738.059902 323.826275 474.275034 200.563032 132.015162 132.015162   0.000000   0.000000 101.187376 297.521800 283.028667   0.113233   0.203082 291.761812   0.202085
    95 740.957220 324.466623 476.568147 201.214606 133.109061 133.109061   0.000000   0.000000 101.451931 297.631888 283.102150   0.111566   0.203076 291.859439   0.202071
    96 743.776009 325.104470 478.803729 201.839607 134.190298 134.190298   0.000000   0.000000 101.708165 297.740397 283.175362   0.109948   0.203069 291.956518   0.202057
    97 746.516034 325.740071 480.982584 202.433267 135.256131 135.256131   0.000000   0.000000 101.955244 297.847380 283.248298   0.108377   0.203063 292.053087   0.202043
    98 749.177066 326.372494 483.103340 203.001194 136.308426 136.308426   0.000000   0.000000 102.193571 297.952713 283.320954   0.106854   0.203056 292.149015   0.202029
    99 751.758881 327.002122 485.166942 203.538070 137.344258 137.344258   0.000000   0.000000 102.422313 298.056465 283.393325   0.105378   0.203050 292.244355   0.202015
   100 754.261264 327.627947 487.171871 204.050241 138.365759 138.365759   0.000000   0.000000 102.641983 298.158503 283.465404   0.103948   0.203043 292.339013   0.202001
   101 756.684006 328.231594 489.100937 204.633483 139.390588 139.390588   0.000000   0.000000 102.851696 298.256214 283.537152   0.102563   0.203036 292.430346   0.201987
   102 759.026905 328.795839 490.952557 205.297736 140.396373 140.396373   0.000000   0.000000 103.033435 298.347555 283.608504   0.101221   0.203030 292.515811   0.201973
   103 761.289766 329.327162 492.744859 205.936188 141.344810 141.344810   0.000000   0.000000 103.173361 298.433881 283.679417   0.099922   0.203023 292.596331   0.201959
   104 763.472400 329.842165 494.485991 206.498583 142.238935 142.238935   0.000000   0.000000 103.281242 298.517404 283.749879   0.098665   0.203016 292.674313   0.201945
   105 765.574626 330.352152 496.173891 206.994257 143.100681 143.100681   0.000000   0.000000 103.372671 298.599400 283.819893   0.097448   0.203009 292.751404   0.201931
   106 767.596268 330.862960 497.806652 207.434471 143.942722 143.942722   0.000000   0.000000 103.456549 298.680478 283.889469   0.096270   0.203002 292.828454   0.201918
   107 769.537160 331.375616 499.381593 207.834577 144.772697 144.772697   0.000000   0.000000 103.537061 298.760677 283.958618   0.095130   0.202995 292.905624   0.201904
   108 771.397139 331.889940 500.898189 208.198836 145.590464 145.590464   0.000000   0.000000 103.614412 298.839943 284.027349   0.094025   0.202988 292.982891   0.201890
   109 773.176052 332.404698 502.355455 208.532378 146.395937 146.395937   0.000000   0.000000 103.688162 298.918114 284.095665   0.092956   0.202981 293.060084   0.201876
   110 774.873751 332.919361 503.753719 208.834016 147.186463 147.186463   0.000000   0.000000 103.757144 298.995129 284.163573   0.091920   0.202974 293.137127   0.201862
   111 776.490096 333.432781 505.092132 209.107380 147.961979 147.961979   0.000000   0.000000 103.820898 299.070852 284.231072   0.090916   0.202967 293.213859   0.201848
   112 778.024952 333.944774 506.371228 209.349829 148.720014 148.720014   0.000000   0.000000 103.878456 299.145268 284.298165   0.089942   0.202960 293.290254   0.201834
   113 779.478193 334.454408 507.590095 209.565024 149.461161 149.461161   0.000000   0.000000 103.929718 299.218270 284.364851   0.088998   0.202953 293.366181   0.201821
   114 780.849699 334.961764 508.749371 209.749729 150.183193 150.183193   0.000000   0.000000 103.973929 299.289877 284.431130   0.088083   0.202946 293.441650   0.201807
   115 782.139355 335.466016 509.848068 209.907897 150.887162 150.887162   0.000000   0.000000 104.011232 299.359995 284.496999   0.087194   0.202938 293.516549   0.201793
   116 783.347056 335.967410 510.886918 210.035862 151.570918 151.570918   0.000000   0.000000 104.040973 299.428661 284.562456   0.086332   0.202931 293.590909   0.201779
   117 784.472702 336.465155 511.864862 210.137910 152.235804 152.235804   0.000000   0.000000 104.063435 299.495786 284.627500   0.085495   0.202924 293.664624   0.201766
   118 785.516200 336.959598 512.782719 210.210045 152.879663 152.879663   0.000000   0.000000 104.078001 299.561418 284.692127   0.084682   0.202916 293.737739   0.201752
   119 786.477463 337.449921 513.639349 210.256958 153.504048 153.504048   0.000000   0.000000 104.085037 299.625465 284.756335   0.083893   0.202909 293.810169   0.201738
   120 787.356413 337.919815 514.419442 210.361547 154.125030 154.125030   0.000000   0.000000 104.083910 299.685730 284.820090   0.083125   0.202902 293.879636   0.201725
   121 788.152977 338.350684 515.117916 210.552726 154.726554 154.726554   0.000000   0.000000 104.059478 299.739981 284.883335   0.082379   0.202894 293.943475   0.201711
   122 788.867089 338.745265 515.750645 210.738422 155.269062 155.269062   0.000000   0.000000 103.996521 299.789001 284.946024   0.081654   0.202887 294.002045   0.201697
   123 789.498690 339.119902 516.328854 210.852937 155.748152 155.748152   0.000000   0.000000 103.900837 299.834963 285.008140   0.080949   0.202879 294.057654   0.201684
   124 790.047729 339.489468 516.854081 210.887143 156.183752 156.183752   0.000000   0.000000 103.787756 299.879582 285.069692   0.080263   0.202872 294.112408   0.201670
   125 790.514160 339.862479 517.324403 210.853286 156.594597 156.594597   0.000000   0.000000 103.669232 299.923743 285.130696   0.079596   0.202864 294.167524   0.201657
   126 790.897944 340.239952 517.735543 210.777117 156.993557 156.993557   0.000000   0.000000 103.551328 299.967424 285.191168   0.078947   0.202857 294.223159   0.201644
   127 791.199051 340.620145 518.085911 210.669750 157.381444 157.381444   0.000000   0.000000 103.433791 300.010359 285.251119   0.078315   0.202849 294.279071   0.201630
   128 791.417455 341.000959 518.375034 210.534272 157.755531 157.755531   0.000000   0.000000 103.314681 300.052302 285.310556   0.077700   0.202842 294.334969   0.201617
   129 791.553138 341.381182 518.603196 210.369930 158.112604 158.112604   0.000000   0.000000 103.192221 300.093115 285.369484   0.077101   0.202834 294.390683   0.201604
   130 791.606089 341.759536 518.769972 210.178525 158.451469 158.451469   0.000000   0.000000 103.065418 300.132659 285.427904   0.076517   0.202826 294.446037   0.201591
   131 791.576304 342.135589 518.875773 209.958236 158.770067 158.770067   0.000000   0.000000 102.933284 300.170892 285.485820   0.075948   0.202819 294.500966   0.201578
   132 791.463785 342.508536 518.920085 209.711099 159.068386 159.068386   0.000000   0.000000 102.795507 300.207729 285.543229   0.075393   0.202811 294.555361   0.201565
   133 791.268541 342.878327 518.903376 209.435043 159.344948 159.344948   0.000000   0.000000 102.651499 300.243170 285.600133   0.074852   0.202803 294.609212   0.201552
   134 790.990589 343.244332 518.825061 209.132452 159.600303 159.600303   0.000000   0.000000 102.501257 300.277150 285.656530   0.074324   0.202796 294.662434   0.201539
   135 790.629952 343.606681 518.685678 208.801024 159.833137 159.833137   0.000000   0.000000 102.344334 300.309687 285.712420   0.073809   0.202788 294.715042   0.201526
   136 790.186658 343.964795 518.484590 208.443441 160.044275 160.044275   0.000000   0.000000 102.180867 300.340721 285.767800   0.073307   0.202780 294.766959   0.201513
   137 789.660745 344.318897 518.222406 208.057170 160.232413 160.232413   0.000000   0.000000 102.010451 300.370282 285.822668   0.072816   0.202773 294.818213   0.201500
   138 789.052257 344.668413 517.898442 207.645152 160.398539 160.398539   0.000000   0.000000 101.833296 300.398309 285.877023   0.072338   0.202765 294.868738   0.201487
   139 788.361242 345.003251 517.503314 207.257301 160.552529 160.552529   0.000000   0.000000 101.649000 300.423496 285.930846   0.071870   0.202757 294.917156   0.201475
   140 787.587758 345.308129 517.030044 206.931887 160.689012 160.689012   0.000000   0.000000 101.448553 300.443982 285.984093   0.071414   0.202750 294.961334   0.201462
   141 786.731870 345.575805 516.482771 206.643090 160.784589 160.784589   0.000000   0.000000 101.219224 300.459111 286.036717   0.070968   0.202742 295.000247   0.201449
   142 785.793646 345.812509 515.871529 206.333894 160.821984 160.821984   0.000000   0.000000 100.956759 300.469836 286.088684   0.070532   0.202734 295.034729   0.201437
   143 784.773166 346.040423 515.212224 205.917592 160.793843 160.793843   0.000000   0.000000 100.668063 300.478974 286.139998   0.070107   0.202727 295.067837   0.201425
   144 783.670512 346.280250 514.508201 205.376120 160.725470 160.725470   0.000000   0.000000 100.372829 300.488910 286.190694   0.069691   0.202719 295.102480   0.201412
   145 782.485777 346.529222 513.742612 204.805439 160.659948 160.659948   0.000000   0.000000 100.087514 300.498909 286.240793   0.069285   0.202711 295.138315   0.201400
   146 781.219058 346.774068 512.907052 204.256882 160.598592 160.598592   0.000000   0.000000  99.806815 300.507227 286.290294   0.068889   0.202703 295.173494   0.201388
   147 779.870459 347.012634 512.009928 203.685117 160.513531 160.513531   0.000000   0.000000  99.518533 300.513815 286.339195   0.068501   0.202696 295.207705   0.201376
   148 778.440092 347.249803 511.056362 203.061165 160.398411 160.398411   0.000000   0.000000  99.222336 300.519357 286.387502   0.068122   0.202688 295.241627   0.201364
   149 776.928075 347.485993 510.042760 202.404948 160.264395 160.264395   0.000000   0.000000  98.922986 300.523829 286.435221   0.067751   0.202680 295.275327   0.201352
   150 775.334534 347.719046 508.967292 201.727998 160.113279 160.113279   0.000000   0.000000  98.620251 300.526931 286.482354   0.067389   0.202673 295.308502   0.201340
   151 773.659601 347.947977 507.830888 201.025400 159.940920 159.940920   0.000000   0.000000  98.312041 300.528583 286.528899   0.067034   0.202665 295.341016   0.201329
   152 771.903413 348.173160 506.634498 200.292563 159.745525 159.745525   0.000000   0.000000  97.997793 300.528848 286.574857   0.066687   0.202657 295.372918   0.201317
   153 770.066117 348.394293 505.377579 199.532509 159.528430 159.528430   0.000000   0.000000  97.677936 300.527690 286.620229   0.066348   0.202650 295.404170   0.201305
   154 768.147865 348.611205 504.060297 198.745346 159.289260 159.289260   0.000000   0.000000  97.352225 300.525086 286.665014   0.066016   0.202642 295.434744   0.201294
   155 766.148816 348.823391 502.682428 197.932375 159.028134 159.028134   0.000000   0.000000  97.020501 300.520985 286.709211   0.065691   0.202634 295.464573   0.201282
   156 764.069136 349.030876 501.244426 197.092166 158.744233 158.744233   0.000000   0.000000  96.682420 300.515393 286.752819   0.065374   0.202627 295.493656   0.201271
   157 761.908998 349.233240 499.745999 196.226404 158.438070 158.438070   0.000000   0.000000  96.338019 300.508267 286.795835   0.065063   0.202619 295.521939   0.201260
   158 759.668583 349.430579 498.187628 195.333643 158.108924 158.108924   0.000000   0.000000  95.987019 300.499617 286.838259   0.064758   0.202612 295.549432   0.201249
   159 757.348075 349.622482 496.569000 194.415707 157.757419 157.757419   0.000000   0.000000  95.629508 300.489404 286.880088   0.064460   0.202604 295.576086   0.201238
   160 754.947669 349.798630 494.880500 193.522775 157.394061 157.394061   0.000000   0.000000  95.265216 300.476323 286.921302   0.064169   0.202596 295.600513   0.201227
   161 752.467564 349.942213 493.113766 192.700495 157.015674 157.015674   0.000000   0.000000  94.885144 300.458315 286.961859   0.063883   0.202589 295.620394   0.201216
   162 749.907968 350.046516 491.274723 191.914428 156.595499 156.595499   0.000000   0.000000  94.475196 300.434793 287.001707   0.063604   0.202581 295.634778   0.201205
   163 747.269095 350.110788 489.366307 191.142846 156.125124 156.125124   0.000000   0.000000  94.031604 300.405837 287.040800   0.063330   0.202574 295.643564   0.201194
   164 744.551165 350.132019 487.385265 190.401745 155.610437 155.610437   0.000000   0.000000  93.555258 300.371064 287.079091   0.063063   0.202566 295.646327   0.201184
   165 741.754407 350.116887 485.340520 189.644140 155.038944 155.038944   0.000000   0.000000  93.043812 300.331372 287.116544   0.062801   0.202559 295.643947   0.201173
   166 738.879053 350.083817 483.244744 188.802549 154.406385 154.406385   0.000000   0.000000  92.503796 300.289068 287.153155   0.062545   0.202552 295.638945   0.201163
   167 735.925346 350.055085 481.105954 187.839876 153.727663 153.727663   0.000000   0.000000  91.951390 300.246717 287.188954   0.062295   0.202544 295.634373   0.201153
   168 732.893534 350.048468 478.926310 186.750841 153.025727 153.025727   0.000000   0.000000  91.404337 300.206281 287.223994   0.062050   0.202537 295.632695   0.201143
   169 729.783872 350.070317 476.700491 185.571689 152.325312 152.325312   0.000000   0.000000  90.876012 300.168279 287.258328   0.061810   0.202530 295.634807   0.201133
   170 726.596622 350.123462 474.428377 184.311665 151.630802 151.630802   0.000000   0.000000  90.369659 300.132918 287.292012   0.061576   0.202522 295.641093   0.201123
   171 723.332053 350.210390 472.111388 182.966181 150.941220 150.941220   0.000000   0.000000  89.886340 300.100505 287.325102   0.061347   0.202515 295.651917   0.201113
   172 719.990440 350.326843 469.743805 181.570030 150.265132 150.265132   0.000000   0.000000  89.427817 300.070418 287.357642   0.061123   0.202508 295.666711   0.201103
   173 716.572067 350.462357 467.319411 180.158993 149.602817 149.602817   0.000000   0.000000  88.989428 300.041345 287.389657   0.060903   0.202501 295.684051   0.201094
   174 713.077223 350.600380 464.830195 178.774839 148.950148 148.950148   0.000000   0.000000  88.561817 300.011308 287.421144   0.060688   0.202493 295.701689   0.201084
   175 709.506205 350.722092 462.269898 177.450290 148.295529 148.295529   0.000000   0.000000  88.131142 299.978075 287.452075   0.060478   0.202486 295.717030   0.201075
   176 705.859316 350.817044 459.641867 176.163397 147.614427 147.614427   0.000000   0.000000  87.682003 299.940604 287.482407   0.060271   0.202479 295.728618   0.201066
   177 702.136868 350.875892 456.943464 174.920274 146.900627 146.900627   0.000000   0.000000  87.207381 299.897933 287.512088   0.060070   0.202472 295.735184   0.201056
   178 698.339178 350.873858 454.156582 173.809039 146.166768 146.166768   0.000000   0.000000  86.700915 299.847053 287.541031   0.059872   0.202465 295.733339   0.201047
   179 694.466570 350.774249 451.263693 172.911913 145.405841 145.405841   0.000000   0.000000  86.142154 299.783642 287.569099   0.059679   0.202458 295.718018   0.201038
   180 690.519377 350.547931 448.262348 172.226514 144.582153 144.582153   0.000000   0.000000  85.501805 299.704572 287.596120   0.059489   0.202451 295.685146   0.201029
   181 686.497937 350.187128 445.163663 171.679379 143.657635 143.657635   0.000000   0.000000  84.759165 299.609344 287.621926   0.059304   0.202444 295.633561   0.201021
   182 682.402597 349.704605 441.983022 171.177518 142.615026 142.615026   0.000000   0.000000  83.911924 299.499809 287.646382   0.059124   0.202438 295.564931   0.201012
   183 678.233710 349.132553 438.740720 170.615997 141.454388 141.454388   0.000000   0.000000  82.973988 299.379864 287.669408   0.058948   0.202431 295.483620   0.201003
   184 673.991636 348.524568 435.465751 169.858140 140.184331 140.184331   0.000000   0.000000  81.973190 299.255788 287.691011   0.058776   0.202424 295.396972   0.200995
   185 669.676743 347.942164 432.180849 168.807615 138.839675 138.839675   0.000000   0.000000  80.953439 299.134620 287.711284   0.058609   0.202417 295.313493   0.200987
   186 665.289406 347.429108 428.887226 167.483607 137.482544 137.482544   0.000000   0.000000  79.963355 299.021061 287.730374   0.058447   0.202411 295.239305   0.200980
   187 660.830007 346.999830 425.571595 165.980030 136.167090 136.167090   0.000000   0.000000  79.034813 298.916272 287.748435   0.058288   0.202404 295.176496   0.200972
   188 656.298935 346.649717 422.223137 164.371893 134.911634 134.911634   0.000000   0.000000  78.174855 298.819351 287.765601   0.058134   0.202398 295.124495   0.200965
   189 651.696588 346.368723 418.837871 162.689186 133.708584 133.708584   0.000000   0.000000  77.376253 298.729025 287.781978   0.057984   0.202391 295.081951   0.200957
   190 647.023371 346.145564 415.412783 160.950949 132.546887 132.546887   0.000000   0.000000  76.629329 298.643972 287.797652   0.057837   0.202385 295.047328   0.200950
   191 642.279694 345.969646 411.945771 159.169204 131.415206 131.415206   0.000000   0.000000  75.924243 298.562984 287.812688   0.057694   0.202379 295.019162   0.200943
   192 637.465979 345.832974 408.436574 157.343588 130.301831 130.301831   0.000000   0.000000  75.252078 298.485222 287.827136   0.057554   0.202372 294.996341   0.200936
   193 632.582651 345.728306 404.883479 155.481009 129.200565 129.200565   0.000000   0.000000  74.606599 298.409903 287.841035   0.057418   0.202366 294.977859   0.200929
   194 627.630146 345.649496 401.285483 153.585545 128.105530 128.105530   0.000000   0.000000  73.982073 298.336359 287.854413   0.057284   0.202360 294.962848   0.200922
   195 622.608907 345.592695 397.643146 151.652002 127.010235 127.010235   0.000000   0.000000  73.373620 298.264233 287.867292   0.057154   0.202354 294.950764   0.200915
   196 617.519385 345.553844 393.954998 149.686822 125.913439 125.913439   0.000000   0.000000  72.778588 298.193089 287.879688   0.057028   0.202348 294.941037   0.200908
   197 612.362038 345.529602 390.220733 147.691534 124.812202 124.812202   0.000000   0.000000  72.193801 298.122563 287.891613   0.056904   0.202342 294.933185   0.200902
   198 607.137332 345.518496 386.441419 145.659366 123.702577 123.702577   0.000000   0.000000  71.616649 298.052561 287.903076   0.056783   0.202336 294.926998   0.200895
   199 601.845743 345.517942 382.615489 143.598754 122.586016 122.586016   0.000000   0.000000  71.046401 297.982785 287.914082   0.056666   0.202330 294.922115   0.200889
   200 596.487755 345.523146 378.740430 141.523893 121.463582 121.463582   0.000000   0.000000  70.480918 297.912635 287.924630   0.056551   0.202324 294.917864   0.200882
   201 591.063857 345.529475 374.815618 139.438858 120.331924 120.331924   0.000000   0.000000  69.916029 297.841564 287.934713   0.056439   0.202319 294.913594   0.200876
   202 585.574552 345.533484 370.841293 137.342623 119.187213 119.187213   0.000000   0.000000  69.347958 297.769192 287.944318   0.056330   0.202313 294.908818   0.200870
   203 580.020347 345.532770 366.817733 135.233954 118.027000 118.027000   0.000000   0.000000  68.774120 297.695260 287.953430   0.056225   0.202307 294.903194   0.200864
   204 574.401760 345.524909 362.744480 133.115694 116.850738 116.850738   0.000000   0.000000  68.192809 297.619490 287.962033   0.056122   0.202302 294.896378   0.200858
   205 568.719318 345.507575 358.621295 130.990068 115.657596 115.657596   0.000000   0.000000  67.602198 297.541608 287.970107   0.056021   0.202296 294.888040   0.200852
   206 562.973557 345.478454 354.447923 128.859171 114.446811 114.446811   0.000000   0.000000  67.000501 297.461344 287.977632   0.055924   0.202291 294.877854   0.200846
   207 557.165022 345.431883 350.220844 126.741613 113.221476 113.221476   0.000000   0.000000  66.385978 297.377978 287.984579   0.055829   0.202285 294.865042   0.200840
   208 551.294268 345.354300 345.931476 124.681753 111.987491 111.987491   0.000000   0.000000  65.753793 297.289750 287.990896   0.055738   0.202280 294.847728   0.200835
   209 545.361860 345.224266 341.569603 122.729879 110.745413 110.745413   0.000000   0.000000  65.091978 297.193952 287.996503   0.055649   0.202274 294.822922   0.200829
   210 539.368371 345.018837 337.128996 120.911431 109.484776 109.484776   0.000000   0.000000  64.382147 297.087818 288.001285   0.055562   0.202269 294.787399   0.200824
   211 533.314388 344.722297 332.610705 119.210627 108.186879 108.186879   0.000000   0.000000  63.605729 296.969629 288.005115   0.055479   0.202264 294.738918   0.200818
   212 527.200505 344.330362 328.020760 117.584951 106.835369 106.835369   0.000000   0.000000  62.751599 296.839147 288.007867   0.055398   0.202259 294.676824   0.200813
   213 521.027329 343.847359 323.364974 115.995474 105.425206 105.425206   0.000000   0.000000  61.818960 296.697122 288.009431   0.055320   0.202254 294.601664   0.200808
   214 514.795478 343.281272 318.646984 114.419034 103.961213 103.961213   0.000000   0.000000  60.813834 296.544627 288.009719   0.055245   0.202249 294.514499   0.200803
   215 508.505580 342.640922 313.869419 112.842093 102.451706 102.451706   0.000000   0.000000  59.744356 296.382738 288.008658   0.055173   0.202244 294.416511   0.200799
   216 502.158276 341.935148 309.034925 111.254338 100.904873 100.904873   0.000000   0.000000  58.618562 296.212476 288.006191   0.055103   0.202239 294.308891   0.200794
   217 495.754220 341.172678 304.146386 109.646565  99.328004  99.328004   0.000000   0.000000  57.443994 296.034818 288.002279   0.055037   0.202234 294.192817   0.200790
   218 489.294077 340.362095 299.206844 108.010382  97.727578  97.727578   0.000000   0.000000  56.227774 295.850704 287.996892   0.054974   0.202230 294.069455   0.200785
   219 482.778527 339.511789 294.219396 106.338280  96.109411  96.109411   0.000000   0.000000  54.976686 295.661044 287.990014   0.054913   0.202225 293.939950   0.200781
   220 476.208263 338.629968 289.187182 104.623387  94.478648  94.478648   0.000000   0.000000  53.697208 295.466722 287.981641   0.054855   0.202220 293.805429   0.200777
   221 469.583992 337.726588 284.115228 102.851609  92.837703  92.837703   0.000000   0.000000  52.395567 295.268839 287.971781   0.054801   0.202216 293.667277   0.200774
   222 462.906435 336.817031 279.012647 100.992090  91.185019  91.185019   0.000000   0.000000  51.079407 295.069180 287.960463   0.054748   0.202212 293.527657   0.200770
   223 456.176331 335.922335 273.890226  99.008571  89.520123  89.520123   0.000000   0.000000  49.761017 294.870251 287.947747   0.054699   0.202207 293.389549   0.200766
   224 449.394433 335.063553 268.754797  96.885622  87.849824  87.849824   0.000000   0.000000  48.457527 294.674548 287.933720   0.054653   0.202203 293.255958   0.200763
   225 442.561512 334.255529 263.607356  94.636011  86.186152  86.186152   0.000000   0.000000  47.185795 294.483770 287.918486   0.054609   0.202199 293.129015   0.200760
   226 435.678357 333.504916 258.445557  92.286205  84.539451  84.539451   0.000000   0.000000  45.956987 294.298609 287.902151   0.054568   0.202195 293.009687   0.200757
   227 428.745774 332.811613 253.266228  89.862707  82.914976  82.914976   0.000000   0.000000  44.775208 294.118962 287.884812   0.054530   0.202191 292.897973   0.200754
   228 421.764592 332.171205 248.066502  87.386696  81.313379  81.313379   0.000000   0.000000  43.639054 293.944241 287.866555   0.054494   0.202187 292.793248   0.200751
   229 414.735658 331.577397 242.844419  84.871927  79.732041  79.732041   0.000000   0.000000  42.543799 293.773664 287.847451   0.054460   0.202183 292.694608   0.200748
   230 407.659841 331.023745 237.598924  82.325654  78.166773  78.166773   0.000000   0.000000  41.483490 293.606470 287.827557   0.054430   0.202179 292.601117   0.200745
   231 400.538036 330.504172 232.329201  79.752841  76.613675  76.613675   0.000000   0.000000  40.452394 293.441958 287.806917   0.054401   0.202176 292.511885   0.200743
   232 393.371160 330.012926 227.034404  77.158340  75.069691  75.069691   0.000000   0.000000  39.445285 293.279463 287.785567   0.054375   0.202172 292.426057   0.200740
   233 386.160157 329.544763 221.713966  74.545657  73.532062  73.532062   0.000000   0.000000  38.457268 293.118379 287.763532   0.054351   0.202169 292.342846   0.200738
   234 378.905998 329.095083 216.367611  71.917029  71.998340  71.998340   0.000000   0.000000  37.483931 292.958181 287.740829   0.054330   0.202165 292.261546   0.200735
   235 371.609687 328.659883 210.995213  69.274373  70.466600  70.466600   0.000000   0.000000  36.521460 292.798407 287.717471   0.054311   0.202162 292.181529   0.200733
   236 364.272256 328.235792 205.596897  66.618831  68.935194  68.935194   0.000000   0.000000  35.566553 292.638671 287.693462   0.054295   0.202159 292.102250   0.200731
   237 356.894773 327.820005 200.172939  63.951254  67.402837  67.402837   0.000000   0.000000  34.616462 292.478653 287.668807   0.054280   0.202155 292.023231   0.200729
   238 349.478341 327.410121 194.723661  61.272854  65.868679  65.868679   0.000000   0.000000  33.668923 292.318073 287.643504   0.054269   0.202152 291.944039   0.200727
   239 342.024105 327.004155 189.249583  58.584387  64.331973  64.331973   0.000000   0.000000  32.721983 292.156698 287.617549   0.054259   0.202149 291.864280   0.200725
   240 334.533249 326.600469 183.751327  55.886589  62.792169  62.792169   0.000000   0.000000  31.774037 291.994334 287.590939   0.054252   0.202146 291.783584   0.200723
   241 327.007004 326.197636 178.229531  53.180683  61.249001  61.249001   0.000000   0.000000  30.823768 291.830808 287.563666   0.054247   0.202143 291.701568   0.200721
   242 319.446650 325.794482 172.685017  50.467478  59.702157  59.702157   0.000000   0.000000  29.869992 291.665970 287.535722   0.054245   0.202140 291.617817   0.200719
   243 311.853521 325.390033 167.118674  47.747906  58.151439  58.151439   0.000000   0.000000  28.911737 291.499697 287.507100   0.054244   0.202137 291.531806   0.200718
   244 304.229007 324.983404 161.531408  45.023378  56.596832  56.596832   0.000000   0.000000  27.948186 291.331867 287.477788   0.054247   0.202135 291.442540   0.200716
   245 296.574562 324.573886 155.924314  42.294865  55.038185  55.038185   0.000000   0.000000  26.978552 291.162378 287.447779   0.054251   0.202132 291.348303   0.200715
   246 288.891708 324.160871 150.298531  39.563613  53.475434  53.475434   0.000000   0.000000  26.002196 290.991139 287.417061   0.054258   0.202129 291.249669   0.200713
   247 281.182042 323.743614 144.655062  36.832038  51.908861  51.908861   0.000000   0.000000  25.018549 290.818029 287.385623   0.054268   0.202127 291.146747   0.200712
   248 273.447242 323.321223 138.994990  34.102714  50.338732  50.338732   0.000000   0.000000  24.026845 290.642902 287.353453   0.054279   0.202125 291.039600   0.200711
   249 265.689074 322.892810 133.319608  31.377728  48.765112  48.765112   0.000000   0.000000  23.026142 290.465607 287.320537   0.054294   0.202122 290.928267   0.200710
   250 257.909406 322.457573 127.630380  28.658913  47.187957  47.187957   0.000000   0.000000  22.015485 290.286004 287.286862   0.054310   0.202120 290.812783   0.200709
   251 250.110211 322.014764 121.928856  25.948322  45.607252  45.607252   0.000000   0.000000  20.993990 290.103955 287.252412   0.054329   0.202118 290.693172   0.200708
   252 242.293581 321.563402 116.216432  23.249259  44.023344  44.023344   0.000000   0.000000  19.960796 289.919281 287.217171   0.054351   0.202116 290.569413   0.200707
   253 234.461742 321.101759 110.494097  20.567307  42.437356  42.437356   0.000000   0.000000  18.914774 289.731690 287.181118   0.054374   0.202114 290.441371   0.200707
   254 226.617064 320.627126 104.762607  17.909315  40.850977  40.850977   0.000000   0.000000  17.854007 289.540739 287.144229   0.054401   0.202112 290.308766   0.200706
   255 218.762080 320.136219  99.023080  15.280781  39.265589  39.265589   0.000000   0.000000  16.775568 289.345904 287.106476   0.054430   0.202110 290.171233   0.200705
   256 210.899504 319.625895  93.277324  12.684678  37.681649  37.681649   0.000000   0.000000  15.675999 289.146686 287.067823   0.054461   0.202108 290.028422   0.200705
   257 203.032251 319.093180  87.527321  10.123968  36.099248  36.099248   0.000000   0.000000  14.552044 288.942611 287.028231   0.054495   0.202106 289.880000   0.200705
   258 195.163462 318.533602  81.773620   7.607664  34.520333  34.520333   0.000000   0.000000  13.400655 288.732985 286.987655   0.054531   0.202105 289.725433   0.200704
   259 187.296530 317.938749  76.014284   5.153716  32.950656  32.950656   0.000000   0.000000  12.217304 288.516539 286.946035   0.054570   0.202103 289.563663   0.200704
   260 179.435134 317.296776  70.247285   2.779616  31.396471  31.396471   0.000000   0.000000  10.993525 288.291482 286.903291   0.054611   0.202102 289.393115   0.200704
   261 171.583272 316.597295  64.474949   0.490251  29.854994  29.854994   0.000000   0.000000   9.717334 288.056148 286.859325   0.054655   0.202100 289.212294   0.200704
   262 163.745307 315.835935  58.704970  -1.711419  28.296195  28.296195   0.000000   0.000000   8.377756 287.809513 286.814033   0.054701   0.202099 289.020420   0.200704
   263 155.926012 315.014463  52.947856  -3.778651  26.651644  26.651644   0.000000   0.000000   6.968360 287.550334 286.767297   0.054750   0.202097 288.817142   0.200704
   264 148.130629 314.140328  47.221075  -5.760616  25.065123  25.065123   0.000000   0.000000   5.481265 287.277679 286.718994   0.054802   0.202096 288.601640   0.200704
   265 140.364932 313.222304  41.542098  -7.694457  23.510820  23.510820   0.000000   0.000000   3.910792 286.992823 286.669026   0.054856   0.202095 288.374867   0.200705
   266 132.635306 312.270081  35.918206  -9.577450  21.986588  21.986588   0.000000   0.000000   2.266579 286.697022 286.617311   0.054913   0.202094 288.137863   0.200705
   267 124.948838 311.295165  30.359156 -11.407429  20.487577  20.487577   0.000000   0.000000   0.557977 286.391671 286.563792   0.054972   0.202093 287.891907   0.200705
   268 117.313418 310.308878  24.874522 -13.177876  19.011251  19.011251   0.000000   0.000000  -1.204846 286.078102 286.508428   0.055034   0.202092 287.638284   0.200706
   269 109.737867 309.321165  19.473678 -14.880160  17.557236  17.557236   0.000000   0.000000  -3.012281 285.757481 286.451197   0.055098   0.202091 287.378126   0.200706
   270 102.232079 308.340196  14.166080 -16.505297  16.126442  16.126442   0.000000   0.000000  -4.856010 285.430792 286.392086   0.055165   0.202091 287.112371   0.200707
   271  94.807198 307.372385   8.961471 -18.043973  14.720079  14.720079   0.000000   0.000000  -6.729058 285.098857 286.331095   0.055234   0.202090 286.841729   0.200707
   272  87.475817 306.422510   3.870065 -19.487077  13.339354  13.339354   0.000000   0.000000  -8.625664 284.762383 286.268229   0.055305   0.202089 286.566716   0.200708
   273  80.252219 305.493805  -1.097434 -20.824175  11.984972  11.984972   0.000000   0.000000 -10.540923 284.421958 286.203503   0.055379   0.202089 286.287576   0.200708
   274  73.152656 304.588030  -5.929521 -22.041027  10.655953  10.655953   0.000000   0.000000 -12.470810 284.077992 286.136930   0.055456   0.202088 286.003912   0.200709
   275  66.195682 303.705168 -10.613642 -23.107075   9.344272   9.344272   0.000000   0.000000 -14.412566 283.730335 286.068524   0.055534   0.202088 285.713659   0.200710
   276  59.402531 302.836963 -15.140237 -23.943125   7.993893   7.993893   0.000000   0.000000 -16.367328 283.377972 285.998282   0.055616   0.202087 285.418522   0.200711
   277  52.797558 301.982691 -19.485640 -24.659017   6.661499   6.661499   0.000000   0.000000 -18.342175 283.023850 285.926239   0.055699   0.202087 285.121644   0.200711
   278  46.408721 301.140733 -23.643997 -25.290624   5.390952   5.390952   0.000000   0.000000 -20.316724 282.670669 285.852460   0.055786   0.202087 284.825201   0.200712
   279  40.268108 300.309007 -27.605159 -25.849336   4.201366   4.201366   0.000000   0.000000 -22.272536 282.320786 285.777039   0.055874   0.202087 284.530880   0.200713
   280  34.412445 299.485620 -31.353169 -26.339654   3.100282   3.100282   0.000000   0.000000 -24.193771 281.976568 285.700093   0.055965   0.202086 284.240319   0.200714
   281  28.883524 298.669019 -34.867583 -26.763041   2.090462   2.090462   0.000000   0.000000 -26.064675 281.640593 285.621765   0.056057   0.202086 283.955289   0.200714
   282  23.728372 297.857938 -38.124353 -27.117898   1.172508   1.172508   0.000000   0.000000 -27.868204 281.315680 285.542226   0.056152   0.202086 283.677595   0.200715
   283  18.998891 297.051194 -41.096466 -27.394999   0.345185   0.345185   0.000000   0.000000 -29.585819 281.004654 285.461675   0.056248   0.202086 283.408508   0.200715
   284  14.750473 296.246325 -43.755199 -27.562175  -0.399971  -0.399971   0.000000   0.000000 -31.199150 280.709589 285.380327   0.056345   0.202086 283.149507   0.200716
   285  11.038830 295.439417 -46.069192 -27.620479  -1.065712  -1.065712   0.000000   0.000000 -32.695167 280.433551 285.298424   0.056444   0.202086 282.904350   0.200716
   286   7.913988 294.638713 -48.004554 -27.635763  -1.645535  -1.645535   0.000000   0.000000 -34.054111 280.183281 285.216283   0.056544   0.202086 282.679209   0.200716
   287   5.410409 293.847677 -49.562141 -27.632620  -2.129403  -2.129403   0.000000   0.000000 -35.231018 279.964163 285.134274   0.056646   0.202086 282.478526   0.200717
   288   3.533326 293.067154 -50.761937 -27.615722  -2.514828  -2.514828   0.000000   0.000000 -36.190778 279.778850 285.052781   0.056748   0.202087 282.304352   0.200717
   289   2.245004 292.297323 -51.645670 -27.583617  -2.806308  -2.806308   0.000000   0.000000 -36.917518 279.626940 284.972166   0.056850   0.202087 282.156300   0.200716
   290   1.461158 291.538402 -52.277647 -27.533867  -3.013677  -3.013677   0.000000   0.000000 -37.416581 279.505028 284.892729   0.056953   0.202087 282.031662   0.200716
   291   1.071269 290.790807 -52.728731 -27.465100  -3.151030  -3.151030   0.000000   0.000000 -37.713909 279.407687 284.814686   0.057057   0.202087 281.926198   0.200715
   292   0.000000 290.055104 -53.832042 -27.377562  -3.234495  -3.234495   0.000000   0.000000 -37.848994 279.290922 284.737679   0.057160   0.202087 281.806254   0.200715
   293   0.000000 289.331885 -53.973616 -27.306240  -3.367691  -3.367691   0.000000   0.000000 -38.127300 279.211796 284.662109   0.057264   0.202087 281.715652   0.200714
   294   0.000000 288.620323 -54.284782 -27.210222  -3.417276  -3.417276   0.000000   0.000000 -38.152195 279.143817 284.588018   0.057368   0.202087 281.633777   0.200713
   295   0.000000 287.920640 -54.638083 -27.098262  -3.445817  -3.445817   0.000000   0.000000 -38.109406 279.079191 284.515347   0.057472   0.202088 281.554537   0.200712
   296   0.000000 287.232467 -54.996485 -26.971034  -3.471051  -3.471051   0.000000   0.000000 -38.053093 279.015509 284.444014   0.057576   0.202088 281.476052   0.200711
   297   0.000000 286.555087 -55.349145 -26.829551  -3.498221  -3.498221   0.000000   0.000000 -37.999537 278.952027 284.373936   0.057681   0.202088 281.397904   0.200709
   298   0.000000 285.888989 -55.692028 -26.681575  -3.528855  -3.528855   0.000000   0.000000 -37.953357 278.888917 284.305037   0.057785   0.202088 281.320470   0.200708
   299   0.000000 285.235259 -56.024890 -26.536134  -3.562416  -3.562416   0.000000   0.000000 -37.912843 278.826725 284.237259   0.057889   0.202088 281.244353   0.200707
   300   0.000000 284.594390 -56.349863 -26.398283  -3.597462  -3.597462   0.000000   0.000000 -37.873738 278.765891 284.170552   0.057994   0.202088 281.169972   0.200705
   301   0.000000 283.966348 -56.669065 -26.269969  -3.632773  -3.632773   0.000000   0.000000 -37.832625 278.706641 284.104876   0.058098   0.202089 281.097514   0.200703
   302   0.000000 283.350826 -56.983853 -26.151492  -3.667612  -3.667612   0.000000   0.000000 -37.787641 278.649037 284.040193   0.058203   0.202089 281.027009   0.200702
   303   0.000000 282.747400 -57.294921 -26.042390  -3.701622  -3.701622   0.000000   0.000000 -37.738092 278.593046 283.976470   0.058307   0.202089 280.958402   0.200700
   304   0.000000 282.155615 -57.602544 -25.941873  -3.734667  -3.734667   0.000000   0.000000 -37.683968 278.538591 283.913678   0.058412   0.202089 280.891593   0.200698
   305   0.000000 281.575024 -57.906767 -25.849034  -3.766729  -3.766729   0.000000   0.000000 -37.625607 278.485571 283.851785   0.058517   0.202089 280.826467   0.200696
   306   0.000000 281.005196 -58.207524 -25.762935  -3.797848  -3.797848   0.000000   0.000000 -37.563495 278.433883 283.790764   0.058622   0.202090 280.762904   0.200694
   307   0.000000 280.445726 -58.504696 -25.682641  -3.828089  -3.828089   0.000000   0.000000 -37.498173 278.383419 283.730589   0.058727   0.202090 280.700783   0.200692
   308   0.000000 279.896230 -58.798145 -25.607206  -3.857524  -3.857524   0.000000   0.000000 -37.430193 278.334076 283.671234   0.058832   0.202090 280.639984   0.200690
   309   0.000000 279.356332 -59.087728 -25.535565  -3.886224  -3.886224   0.000000   0.000000 -37.360108 278.285743 283.612673   0.058937   0.202090 280.580372   0.200688
   310   0.000000 278.825618 -59.373318 -25.466301  -3.914259  -3.914259   0.000000   0.000000 -37.288511 278.238289 283.554882   0.059043   0.202090 280.521791   0.200686
   311   0.000000 278.303600 -59.654759 -25.397834  -3.941746  -3.941746   0.000000   0.000000 -37.216148 278.191566 283.497836   0.059148   0.202090 280.464088   0.200684
   312   0.000000 277.789887 -59.931718 -25.329460  -3.968901  -3.968901   0.000000   0.000000 -37.143891 278.145467 283.441512   0.059254   0.202091 280.407180   0.200682
   313   0.000000 277.284374 -60.203790 -25.261789  -3.995919  -3.995919   0.000000   0.000000 -37.072310 278.099982 283.385886   0.059359   0.202091 280.351082   0.200679
   314   0.000000 276.787103 -60.470877 -25.195859  -4.022816  -4.022816   0.000000   0.000000 -37.001326 278.055159 283.330938   0.059465   0.202091 280.295853   0.200677
   315   0.000000 276.298086 -60.733195 -25.132402  -4.049465  -4.049465   0.000000   0.000000 -36.930456 278.011050 283.276651   0.059571   0.202091 280.241547   0.200675
   316   0.000000 275.817273 -60.991036 -25.071781  -4.075719  -4.075719   0.000000   0.000000 -36.859206 277.967688 283.223007   0.059676   0.202091 280.188191   0.200672
   317   0.000000 275.344564 -61.244644 -25.014092  -4.101463  -4.101463   0.000000   0.000000 -36.787234 277.925083 283.169992   0.059782   0.202092 280.135790   0.200670
   318   0.000000 274.879831 -61.494188 -24.959271  -4.126628  -4.126628   0.000000   0.000000 -36.714361 277.883230 283.117591   0.059888   0.202092 280.084331   0.200667
   319   0.000000 274.422928 -61.739773 -24.907149  -4.151177  -4.151177   0.000000   0.000000 -36.640531 277.842109 283.065792   0.059994   0.202092 280.033790   0.200665
   320   0.000000 273.973699 -61.981461 -24.857494  -4.175098  -4.175098   0.000000   0.000000 -36.565778 277.801695 283.014579   0.060101   0.202092 279.984134   0.200663
   321   0.000000 273.531980 -62.219285 -24.810030  -4.198395  -4.198395   0.000000   0.000000 -36.490189 277.761958 282.963942   0.060207   0.202092 279.935327   0.200660
   322   0.000000 273.097602 -62.453262 -24.764414  -4.221081  -4.221081   0.000000   0.000000 -36.413891 277.722861 282.913868   0.060313   0.202093 279.887324   0.200657
   323   0.000000 272.670376 -62.683400 -24.720210  -4.243174  -4.243174   0.000000   0.000000 -36.337049 277.684362 282.864345   0.060420   0.202093 279.840070   0.200655
   324   0.000000 272.250089 -62.909698 -24.676918  -4.264707  -4.264707   0.000000   0.000000 -36.259882 277.646410 282.815361   0.060526   0.202093 279.793513   0.200652
   325   0.000000 271.836542 -63.132110 -24.634214  -4.285743  -4.285743   0.000000   0.000000 -36.182656 277.608962 282.766903   0.060633   0.202093 279.747611   0.200650
   326   0.000000 271.429606 -63.350556 -24.592130  -4.306353  -4.306353   0.000000   0.000000 -36.105589 277.571998 282.718961   0.060739   0.202093 279.702350   0.200647
   327   0.000000 271.029214 -63.565005 -24.550902  -4.326573  -4.326573   0.000000   0.000000 -36.028737 277.535521 282.671523   0.060846   0.202094 279.657735   0.200644
   328   0.000000 270.635307 -63.775520 -24.510744  -4.346396  -4.346396   0.000000   0.000000 -35.952015 277.499538 282.624580   0.060953   0.202094 279.613775   0.200642
   329   0.000000 270.247813 -63.982206 -24.471792  -4.365794  -4.365794   0.000000   0.000000 -35.875291 277.464057 282.578122   0.061060   0.202094 279.570475   0.200639
   330   0.000000 269.866649 -64.185173 -24.434106  -4.384739  -4.384739   0.000000   0.000000 -35.798453 277.429079 282.532139   0.061167   0.202094 279.527834   0.200636
   331   0.000000 269.491719 -64.384520 -24.397682  -4.403214  -4.403214   0.000000   0.000000 -35.721423 277.394600 282.486624   0.061274   0.202095 279.485844   0.200634
   332   0.000000 269.122917 -64.580332 -24.362465  -4.421208  -4.421208   0.000000   0.000000 -35.644168 277.360613 282.441568   0.061381   0.202095 279.444494   0.200631
   333   0.000000 268.760128 -64.772679 -24.328354  -4.438720  -4.438720   0.000000   0.000000 -35.566686 277.327104 282.396963   0.061489   0.202095 279.403766   0.200628
   334   0.000000 268.403221 -64.961621 -24.295192  -4.455752  -4.455752   0.000000   0.000000 -35.489012 277.294056 282.352801   0.061596   0.202095 279.363637   0.200625
   335   0.000000 268.052059 -65.147211 -24.262795  -4.472320  -4.472320   0.000000   0.000000 -35.411213 277.261447 282.309074   0.061703   0.202095 279.324082   0.200622
   336   0.000000 267.706501 -65.329479 -24.231027  -4.488449  -4.488449   0.000000   0.000000 -35.333386 277.229257 282.265774   0.061811   0.202096 279.285079   0.200620
   337   0.000000 267.366430 -65.508444 -24.199859  -4.504171  -4.504171   0.000000   0.000000 -35.255617 277.197473 282.222895   0.061918   0.202096 279.246614   0.200617
   338   0.000000 267.031749 -65.684132 -24.169339  -4.519510  -4.519510   0.000000   0.000000 -35.177952 277.166087 282.180428   0.062026   0.202096 279.208680   0.200614
   339   0.000000 266.702368 -65.856597 -24.139532  -4.534477  -4.534477   0.000000   0.000000 -35.100386 277.135097 282.138367   0.062134   0.202096 279.171273   0.200611
   340   0.000000 266.378197 -66.025910 -24.110483  -4.549074  -4.549074   0.000000   0.000000 -35.022891 277.104500 282.096705   0.062242   0.202096 279.134389   0.200608
   341   0.000000 266.059142 -66.192150 -24.082210  -4.563300  -4.563300   0.000000   0.000000 -34.945437 277.074292 282.055435   0.062350   0.202097 279.098021   0.200605
   342   0.000000 265.745103 -66.355393 -24.054700  -4.577156  -4.577156   0.000000   0.000000 -34.868005 277.044468 282.014552   0.062458   0.202097 279.062161   0.200602
   343   0.000000 265.435976 -66.515713 -24.027910  -4.590644  -4.590644   0.000000   0.000000 -34.790592 277.015018 281.974049   0.062566   0.202097 279.026796   0.200599
   344   0.000000 265.131646 -66.673178 -24.001768  -4.603770  -4.603770   0.000000   0.000000 -34.713214 276.985933 281.933920   0.062674   0.202097 278.991911   0.200596
   345   0.000000 264.831996 -66.827850 -23.976196  -4.616547  -4.616547   0.000000   0.000000 -34.635906 276.957200 281.894159   0.062782   0.202098 278.957492   0.200594
   346   0.000000 264.536912 -66.979779 -23.951145  -4.628992  -4.628992   0.000000   0.000000 -34.558714 276.928806 281.854761   0.062890   0.202098 278.923525   0.200591
   347   0.000000 264.246288 -67.129011 -23.926603  -4.641124  -4.641124   0.000000   0.000000 -34.481680 276.900744 281.815719   0.062999   0.202098 278.889998   0.200588
   348   0.000000 263.960024 -67.275599 -23.902581  -4.652958  -4.652958   0.000000   0.000000 -34.404827 276.873004 281.777028   0.063107   0.202098 278.856904   0.200585
   349   0.000000 263.678025 -67.419601 -23.879088  -4.664504  -4.664504   0.000000   0.000000 -34.328166 276.845583 281.738683   0.063216   0.202098 278.824234   0.200582
   350   0.000000 263.400192 -67.561084 -23.856124  -4.675770  -4.675770   0.000000   0.000000 -34.251699 276.818473 281.700678   0.063324   0.202099 278.791979   0.200579
   351   0.000000 263.126428 -67.700113 -23.833673  -4.686762  -4.686762   0.000000   0.000000 -34.175434 276.791668 281.663008   0.063433   0.202099 278.760129   0.200576
   352   0.000000 262.856629 -67.836754 -23.811701  -4.697487  -4.697487   0.000000   0.000000 -34.099380 276.765159 281.625668   0.063542   0.202099 278.728674   0.200573
   353   0.000000 262.590691 -67.971068 -23.790165  -4.707954  -4.707954   0.000000   0.000000 -34.023561 276.738938 281.588653   0.063651   0.202099 278.697602   0.200570
   354   0.000000 262.328511 -68.103114 -23.769028  -4.718176  -4.718176   0.000000   0.000000 -33.948006 276.712994 281.551958   0.063760   0.202100 278.666900   0.200567
   355   0.000000 262.069985 -68.232942 -23.748265  -4.728165  -4.728165   0.000000   0.000000 -33.872747 276.687319 281.515578   0.063869   0.202100 278.636557   0.200564
   356   0.000000 261.815019 -68.360606 -23.727864  -4.737934  -4.737934   0.000000   0.000000 -33.797812 276.661905 281.479508   0.063978   0.202100 278.606564   0.200561
   357   0.000000 261.563516 -68.486159 -23.707817  -4.747494  -4.747494   0.000000   0.000000 -33.723221 276.636745 281.443744   0.064087   0.202100 278.576911   0.200558
   358   0.000000 261.315383 -68.609657 -23.688108  -4.756853  -4.756853   0.000000   0.000000 -33.648993 276.611832 281.408281   0.064196   0.202100 278.547588   0.200555
   359   0.000000 261.070528 -68.731158 -23.668717  -4.766020  -4.766020   0.000000   0.000000 -33.575144 276.587158 281.373115   0.064305   0.202101 278.518586   0.200552
   360   0.000000 260.828854 -68.850716 -23.649615  -4.775003  -4.775003   0.000000   0.000000 -33.501696 276.562715 281.338240   0.064415   0.202101 278.489894   0.200549
   361   0.000000 260.590270 -68.968384 -23.630933  -4.783826  -4.783826   0.000000   0.000000 -33.428673 276.538502 281.303652   0.064524   0.202101 278.461509   0.200545
   362   0.000000 260.354675 -69.084255 -23.612575  -4.792477  -4.792477   0.000000   0.000000 -33.356050 276.514512 281.269348   0.064634   0.202101 278.433421   0.200542
   363   0.000000 260.121977 -69.198377 -23.594489  -4.800965  -4.800965   0.000000   0.000000 -33.283856 276.490734 281.235323   0.064743   0.202102 278.405616   0.200539
   364   0.000000 259.892088 -69.310791 -23.576636  -4.809301  -4.809301   0.000000   0.000000 -33.212126 276.465607 281.201553   0.064853   0.202102 278.377022   0.200536
   365   0.000000 259.664921 -69.414326 -23.566770  -4.783667  -4.783667   0.000000   0.000000 -33.151618 276.438026 281.167999   0.064963   0.202102 278.346882   0.200533
   366   0.000000 259.440115 -69.504194 -23.570584  -4.708938  -4.708938   0.000000   0.000000 -33.109818 276.410129 281.134656   0.065072   0.202102 278.316655   0.200530
   367   0.000000 259.217071 -69.590925 -23.577450  -4.638286  -4.638286   0.000000   0.000000 -33.071693 276.382356 281.101521   0.065181   0.202103 278.286615   0.200527
   368   0.000000 258.995543 -69.676803 -23.585128  -4.569104  -4.569104   0.000000   0.000000 -33.034155 276.354789 281.068593   0.065290   0.202103 278.256795   0.200524
   369   0.000000 258.775399 -69.762329 -23.592791  -4.501197  -4.501197   0.000000   0.000000 -32.996632 276.327419 281.035872   0.065399   0.202103 278.227176   0.200521
   370   0.000000 258.556569 -69.847537 -23.600137  -4.434526  -4.434526   0.000000   0.000000 -32.959169 276.300226 281.003355   0.065507   0.202103 278.197736   0.200517
   371   0.000000 258.339008 -69.932371 -23.607042  -4.369095  -4.369095   0.000000   0.000000 -32.921903 276.273191 280.971041   0.065615   0.202103 278.168457   0.200514
   372   0.000000 258.122686 -70.016779 -23.613440  -4.304899  -4.304899   0.000000   0.000000 -32.884945 276.246303 280.938928   0.065723   0.202104 278.139326   0.200511
   373   0.000000 257.907576 -70.100723 -23.619290  -4.241932  -4.241932   0.000000   0.000000 -32.848376 276.219550 280.907015   0.065831   0.202104 278.110333   0.200508
   374   0.000000 257.693657 -70.184178 -23.624563  -4.180180  -4.180180   0.000000   0.000000 -32.812248 276.192926 280.875298   0.065939   0.202104 278.081471   0.200504
   375   0.000000 257.480910 -70.267126 -23.629236  -4.119625  -4.119625   0.000000   0.000000 -32.776602 276.166424 280.843775   0.066046   0.202104 278.052733   0.200501
   376   0.000000 257.269318 -70.349555 -23.633294  -4.060251  -4.060251   0.000000   0.000000 -32.741464 276.140038 280.812445   0.066153   0.202104 278.024114   0.200498
   377   0.000000 257.058863 -70.431455 -23.636724  -4.002038  -4.002038   0.000000   0.000000 -32.706855 276.113764 280.781305   0.066260   0.202105 277.995611   0.200495
   378   0.000000 256.849532 -70.512820 -23.639515  -3.944968  -3.944968   0.000000   0.000000 -32.672791 276.087598 280.750352   0.066367   0.202105 277.967218   0.200491
   379   0.000000 256.641310 -70.593643 -23.641658  -3.889020  -3.889020   0.000000   0.000000 -32.639284 276.061536 280.719585   0.066473   0.202105 277.938932   0.200488
   380   0.000000 256.434183 -70.673920 -23.643147  -3.834177  -3.834177   0.000000   0.000000 -32.606342 276.035575 280.688999   0.066580   0.202105 277.910751   0.200485
   381   0.000000 256.228139 -70.753647 -23.643979  -3.780420  -3.780420   0.000000   0.000000 -32.573973 276.009711 280.658594   0.066686   0.202105 277.882670   0.200481
   382   0.000000 256.023167 -70.832820 -23.644150  -3.727731  -3.727731   0.000000   0.000000 -32.542182 275.983942 280.628367   0.066792   0.202106 277.854687   0.200478
   383   0.000000 255.819255 -70.911436 -23.643658  -3.676090  -3.676090   0.000000   0.000000 -32.510971 275.958266 280.598315   0.066897   0.202106 277.826800   0.200475
   384   0.000000 255.616395 -70.989492 -23.642503  -3.625479  -3.625479   0.000000   0.000000 -32.480342 275.932679 280.568436   0.067003   0.202106 277.799007   0.200471
   385   0.000000 255.414577 -71.066984 -23.640686  -3.575882  -3.575882   0.000000   0.000000 -32.450295 275.907180 280.538727   0.067108   0.202106 277.771304   0.200468
   386   0.000000 255.213793 -71.143912 -23.638208  -3.527279  -3.527279   0.000000   0.000000 -32.420829 275.881766 280.509186   0.067213   0.202106 277.743692   0.200465
   387   0.000000 255.014036 -71.220271 -23.635072  -3.479652  -3.479652   0.000000   0.000000 -32.391942 275.856436 280.479812   0.067318   0.202106 277.716166   0.200461
   388   0.000000 254.815298 -71.296059 -23.631281  -3.432985  -3.432985   0.000000   0.000000 -32.363631 275.831188 280.450601   0.067423   0.202107 277.688728   0.200458
   389   0.000000 254.617574 -71.371275 -23.626841  -3.387259  -3.387259   0.000000   0.000000 -32.335892 275.806020 280.421551   0.067527   0.202107 277.661374   0.200455
   390   0.000000 254.420859 -71.445915 -23.621756  -3.342457  -3.342457   0.000000   0.000000 -32.308719 275.780931 280.392661   0.067631   0.202107 277.634104   0.200451
   391   0.000000 254.225149 -71.519976 -23.616032  -3.298561  -3.298561   0.000000   0.000000 -32.282107 275.755920 280.363927   0.067736   0.202107 277.606917   0.200448
   392   0.000000 254.030439 -71.593458 -23.609677  -3.255554  -3.255554   0.000000   0.000000 -32.256049 275.730986 280.335349   0.067840   0.202107 277.579811   0.200445
   393   0.000000 253.836727 -71.666356 -23.602699  -3.213419  -3.213419   0.000000   0.000000 -32.230539 275.706127 280.306923   0.067943   0.202107 277.552787   0.200441
   394   0.000000 253.644010 -71.738669 -23.595106  -3.172137  -3.172137   0.000000   0.000000 -32.205567 275.681343 280.278647   0.068047   0.202107 277.525844   0.200438
   395   0.000000 253.452287 -71.810395 -23.586906  -3.131692  -3.131692   0.000000   0.000000 -32.181127 275.656633 280.250520   0.068150   0.202108 277.498980   0.200435
   396   0.000000 253.261555 -71.881530 -23.578111  -3.092066  -3.092066   0.000000   0.000000 -32.157207 275.631997 280.222540   0.068254   0.202108 277.472197   0.200431
   397   0.000000 253.071815 -71.952072 -23.568730  -3.053242  -3.053242   0.000000   0.000000 -32.133799 275.607433 280.194704   0.068357   0.202108 277.445493   0.200428
   398   0.000000 252.883066 -72.022020 -23.558774  -3.015203  -3.015203   0.000000   0.000000 -32.110893 275.582943 280.167011   0.068460   0.202108 277.418869   0.200424
   399   0.000000 252.695309 -72.091370 -23.548256  -2.977931  -2.977931   0.000000   0.000000 -32.088478 275.558524 280.139459   0.068562   0.202108 277.392324   0.200421
   400   0.000000 252.508543 -72.160120 -23.537186  -2.941410  -2.941410   0.000000   0.000000 -32.066543 275.534177 280.112045   0.068665   0.202108 277.365859   0.200418
   401   0.000000 252.322771 -72.228268 -23.525578  -2.905623  -2.905623   0.000000   0.000000 -32.045077 275.509902 280.084769   0.068767   0.202108 277.339474   0.200414
   402   0.000000 252.137993 -72.295813 -23.513445  -2.870552  -2.870552   0.000000   0.000000 -32.024068 275.485699 280.057629   0.068870   0.202109 277.313169   0.200411
   403   0.000000 251.954210 -72.362751 -23.500799  -2.836182  -2.836182   0.000000   0.000000 -32.003504 275.461568 280.030622   0.068972   0.202109 277.286944   0.200408
   404   0.000000 251.771426 -72.429081 -23.487656  -2.802494  -2.802494   0.000000   0.000000 -31.983373 275.437509 280.003747   0.069074   0.202109 277.260801   0.200404
   405   0.000000 251.589641 -72.494801 -23.474028  -2.769474  -2.769474   0.000000   0.000000 -31.963662 275.413522 279.977002   0.069175   0.202109 277.234739   0.200401
   406   0.000000 251.408859 -72.559909 -23.459931  -2.737104  -2.737104   0.000000   0.000000 -31.944360 275.389607 279.950386   0.069277   0.202109 277.208759   0.200397
   407   0.000000 251.229081 -72.624405 -23.445378  -2.705368  -2.705368   0.000000   0.000000 -31.925452 275.365765 279.923898   0.069378   0.202109 277.182862   0.200394
   408   0.000000 251.050310 -72.688285 -23.430385  -2.674251  -2.674251   0.000000   0.000000 -31.906927 275.341996 279.897535   0.069480   0.202109 277.157048   0.200391
   409   0.000000 250.872549 -72.751549 -23.414967  -2.643736  -2.643736   0.000000   0.000000 -31.888772 275.318300 279.871297   0.069581   0.202110 277.131319   0.200387
   410   0.000000 250.695800 -72.814197 -23.399138  -2.613807  -2.613807   0.000000   0.000000 -31.870974 275.294678 279.845181   0.069682   0.202110 277.105674   0.200384
   411   0.000000 250.520065 -72.876226 -23.382913  -2.584450  -2.584450   0.000000   0.000000 -31.853519 275.271130 279.819186   0.069783   0.202110 277.080114   0.200381
   412   0.000000 250.345348 -72.937636 -23.366309  -2.555650  -2.555650   0.000000   0.000000 -31.836395 275.247656 279.793312   0.069884   0.202110 277.054641   0.200377
   413   0.000000 250.171650 -72.998428 -23.349339  -2.527390  -2.527390   0.000000   0.000000 -31.819590 275.224258 279.767556   0.069984   0.202110 277.029254   0.200374
   414   0.000000 249.998974 -73.058599 -23.332020  -2.499658  -2.499658   0.000000   0.000000 -31.803091 275.200934 279.741918   0.070085   0.202110 277.003956   0.200370
   415   0.000000 249.827322 -73.118150 -23.314366  -2.472438  -2.472438   0.000000   0.000000 -31.786884 275.177687 279.716395   0.070185   0.202110 276.978746   0.200367
   416   0.000000 249.656696 -73.177082 -23.296393  -2.445716  -2.445716   0.000000   0.000000 -31.770958 275.154516 279.690988   0.070285   0.202110 276.953625   0.200364
   417   0.000000 249.487098 -73.235394 -23.278114  -2.419479  -2.419479   0.000000   0.000000 -31.755301 275.131423 279.665694   0.070385   0.202111 276.928595   0.200360
   418   0.000000 249.318529 -73.293087 -23.259546  -2.393712  -2.393712   0.000000   0.000000 -31.739900 275.108406 279.640513   0.070485   0.202111 276.903656   0.200357
   419   0.000000 249.150991 -73.350162 -23.240702  -2.368404  -2.368404   0.000000   0.000000 -31.724744 275.085468 279.615442   0.070585   0.202111 276.878808   0.200354
   420   0.000000 248.984485 -73.406620 -23.221597  -2.343540  -2.343540   0.000000   0.000000 -31.709820 275.062608 279.590482   0.070684   0.202111 276.854053   0.200350
   421   0.000000 248.819011 -73.462461 -23.202246  -2.319109  -2.319109   0.000000   0.000000 -31.695119 275.039827 279.565631   0.070784   0.202111 276.829391   0.200347
   422   0.000000 248.654571 -73.517688 -23.182661  -2.295098  -2.295098   0.000000   0.000000 -31.680628 275.017126 279.540888   0.070883   0.202111 276.804822   0.200343
   423   0.000000 248.491163 -73.572301 -23.162858  -2.271495  -2.271495   0.000000   0.000000 -31.666337 274.994504 279.516252   0.070982   0.202111 276.780348   0.200340
   424   0.000000 248.328790 -73.626303 -23.142848  -2.248289  -2.248289   0.000000   0.000000 -31.652235 274.971963 279.491722   0.071081   0.202111 276.755969   0.200337
   425   0.000000 248.167449 -73.679696 -23.122645  -2.225469  -2.225469   0.000000   0.000000 -31.638313 274.949502 279.467296   0.071180   0.202111 276.731686   0.200333
   426   0.000000 248.007140 -73.732482 -23.102261  -2.203023  -2.203023   0.000000   0.000000 -31.624561 274.927122 279.442975   0.071279   0.202112 276.707499   0.200330
   427   0.000000 247.847862 -73.784664 -23.081708  -2.180942  -2.180942   0.000000   0.000000 -31.610969 274.904824 279.418756   0.071378   0.202112 276.683408   0.200327
   428   0.000000 247.689613 -73.836244 -23.060998  -2.159215  -2.159215   0.000000   0.000000 -31.597528 274.882607 279.394640   0.071476   0.202112 276.659415   0.200323
   429   0.000000 247.532391 -73.887225 -23.040141  -2.137832  -2.137832   0.000000   0.000000 -31.584230 274.860472 279.370625   0.071575   0.202112 276.635518   0.200320
   430   0.000000 247.376195 -73.937611 -23.019149  -2.116784  -2.116784   0.000000   0.000000 -31.571067 274.838419 279.346709   0.071673   0.202112 276.611720   0.200316
   431   0.000000 247.221020 -73.987404 -22.998032  -2.096061  -2.096061   0.000000   0.000000 -31.558031 274.816449 279.322894   0.071771   0.202112 276.588019   0.200313
   432   0.000000 247.066865 -74.036609 -22.976798  -2.075657  -2.075657   0.000000   0.000000 -31.545115 274.794560 279.299176   0.071869   0.202112 276.564416   0.200310
   433   0.000000 246.913725 -74.085228 -22.955458  -2.055561  -2.055561   0.000000   0.000000 -31.532312 274.772755 279.275557   0.071967   0.202112 276.540911   0.200306
   434   0.000000 246.761597 -74.133266 -22.934020  -2.035766  -2.035766   0.000000   0.000000 -31.519616 274.751031 279.252034   0.072065   0.202112 276.517505   0.200303
   435   0.000000 246.610477 -74.180727 -22.912491  -2.016264  -2.016264   0.000000   0.000000 -31.507020 274.729390 279.228607   0.072163   0.202112 276.494196   0.200300
   436   0.000000 246.460359 -74.227614 -22.890881  -1.997049  -1.997049   0.000000   0.000000 -31.494519 274.707832 279.205276   0.072260   0.202113 276.470986   0.200296
   437   0.000000 246.311238 -74.273933 -22.869195  -1.978112  -1.978112   0.000000   0.000000 -31.482109 274.686355 279.182039   0.072358   0.202113 276.447873   0.200293
   438   0.000000 246.163110 -74.319688 -22.847440  -1.959448  -1.959448   0.000000   0.000000 -31.469784 274.664961 279.158895   0.072455   0.202113 276.424858   0.200289
   439   0.000000 246.015968 -74.364882 -22.825624  -1.941050  -1.941050   0.000000   0.000000 -31.457541 274.643648 279.135844   0.072553   0.202113 276.401940   0.200286
   440   0.000000 245.869805 -74.409522 -22.803751  -1.922913  -1.922913   0.000000   0.000000 -31.445374 274.622417 279.112886   0.072650   0.202113 276.379120   0.200283
   441   0.000000 245.724616 -74.453612 -22.781826  -1.905030  -1.905030   0.000000   0.000000 -31.433282 274.601267 279.090019   0.072747   0.202113 276.356396   0.200279
   442   0.000000 245.580394 -74.497157 -22.759856  -1.887396  -1.887396   0.000000   0.000000 -31.421261 274.580199 279.067242   0.072844   0.202113 276.333769   0.200276
   443   0.000000 245.437131 -74.540163 -22.737844  -1.870005  -1.870005   0.000000   0.000000 -31.409308 274.559210 279.044556   0.072940   0.202113 276.311237   0.200273
   444   0.000000 245.294819 -74.582634 -22.715795  -1.852854  -1.852854   0.000000   0.000000 -31.397420 274.538302 279.021959   0.073037   0.202113 276.288800   0.200269
   445   0.000000 245.153451 -74.624576 -22.693712  -1.835937  -1.835937   0.000000   0.000000 -31.385597 274.517473 278.999450   0.073133   0.202113 276.266458   0.200266
   446   0.000000 245.013019 -74.665994 -22.671599  -1.819251  -1.819251   0.000000   0.000000 -31.373836 274.496724 278.977029   0.073230   0.202113 276.244210   0.200263
   447   0.000000 244.873515 -74.706895 -22.649458  -1.802790  -1.802790   0.000000   0.000000 -31.362136 274.476053 278.954695   0.073326   0.202114 276.222055   0.200259
   448   0.000000 244.734928 -74.747283 -22.627293  -1.786551  -1.786551   0.000000   0.000000 -31.350496 274.455460 278.932448   0.073422   0.202114 276.199992   0.200256
   449   0.000000 244.597251 -74.787165 -22.605105  -1.770530  -1.770530   0.000000   0.000000 -31.338915 274.434944 278.910286   0.073518   0.202114 276.178022   0.200253
   450   0.000000 244.460474 -74.826546 -22.582897  -1.754724  -1.754724   0.000000   0.000000 -31.327394 274.414505 278.888210   0.073614   0.202114 276.156141   0.200249
   451   0.000000 244.324588 -74.865433 -22.560136  -1.739114  -1.739114   0.000000   0.000000 -31.315931 274.394123 278.866217   0.073710   0.202114 276.134327   0.200246
   452   0.000000 244.189600 -74.903726 -22.537109  -1.723765  -1.723765   0.000000   0.000000 -31.304662 274.373797 278.844308   0.073806   0.202114 276.112582   0.200242
   453   0.000000 244.055502 -74.941436 -22.513875  -1.708668  -1.708668   0.000000   0.000000 -31.293575 274.353531 278.822481   0.073902   0.202114 276.090907   0.200239
   454   0.000000 243.922281 -74.978585 -22.490449  -1.693812  -1.693812   0.000000   0.000000 -31.282653 274.333325 278.800736   0.073997   0.202114 276.069303   0.200236
   455   0.000000 243.789921 -75.015192 -22.466837  -1.679189  -1.679189   0.000000   0.000000 -31.271881 274.313179 278.779072   0.074093   0.202114 276.047770   0.200232
   456   0.000000 243.658407 -75.051270 -22.443044  -1.664792  -1.664792   0.000000   0.000000 -31.261255 274.293092 278.757488   0.074188   0.202114 276.026307   0.200229
   457   0.000000 243.527724 -75.086834 -22.419073  -1.650618  -1.650618   0.000000   0.000000 -31.250772 274.273064 278.735983   0.074283   0.202114 276.004914   0.200226
   458   0.000000 243.397857 -75.121894 -22.394929  -1.636665  -1.636665   0.000000   0.000000 -31.240432 274.253095 278.714557   0.074378   0.202114 275.983588   0.200222
   459   0.000000 243.268790 -75.156461 -22.370612  -1.622929  -1.622929   0.000000   0.000000 -31.230235 274.233183 278.693209   0.074473   0.202114 275.962329   0.200219
   460   0.000000 243.140509 -75.190545 -22.346126  -1.609409  -1.609409   0.000000   0.000000 -31.220183 274.213326 278.671938   0.074568   0.202115 275.941135   0.200216
   461   0.000000 243.012999 -75.224156 -22.321471  -1.596103  -1.596103   0.000000   0.000000 -31.210278 274.193525 278.650743   0.074663   0.202115 275.920005   0.200212
   462   0.000000 242.886245 -75.257303 -22.296648  -1.583008  -1.583008   0.000000   0.000000 -31.200523 274.173778 278.629624   0.074758   0.202115 275.898938   0.200209
   463   0.000000 242.760231 -75.289995 -22.271657  -1.570124  -1.570124   0.000000   0.000000 -31.190919 274.154084 278.608580   0.074852   0.202115 275.877932   0.200206
   464   0.000000 242.634945 -75.322240 -22.246500  -1.557448  -1.557448   0.000000   0.000000 -31.181471 274.134441 278.587610   0.074947   0.202115 275.856986   0.200202
   465   0.000000 242.510371 -75.354048 -22.221175  -1.544979  -1.544979   0.000000   0.000000 -31.172181 274.114849 278.566713   0.075041   0.202115 275.836097   0.200199
   466   0.000000 242.386494 -75.385427 -22.195682  -1.532716  -1.532716   0.000000   0.000000 -31.163052 274.095306 278.545890   0.075136   0.202115 275.815266   0.200196
   467   0.000000 242.263302 -75.416385 -22.170020  -1.520656  -1.520656   0.000000   0.000000 -31.154088 274.075811 278.525138   0.075230   0.202115 275.794489   0.200192
   468   0.000000 242.140778 -75.446930 -22.144189  -1.508799  -1.508799   0.000000   0.000000 -31.145293 274.056362 278.504458   0.075324   0.202115 275.773766   0.200189
   469   0.000000 242.018910 -75.477070 -22.118187  -1.497143  -1.497143   0.000000   0.000000 -31.136669 274.036960 278.483849   0.075418   0.202115 275.753096   0.200186
   470   0.000000 241.897683 -75.506813 -22.092014  -1.485687  -1.485687   0.000000   0.000000 -31.128222 274.017601 278.463309   0.075512   0.202115 275.732475   0.200182
   471   0.000000 241.777084 -75.536167 -22.065667  -1.474429  -1.474429   0.000000   0.000000 -31.119954 273.998286 278.442839   0.075606   0.202115 275.711904   0.200179
   472   0.000000 241.657098 -75.565139 -22.039144  -1.463368  -1.463368   0.000000   0.000000 -31.111869 273.979013 278.422437   0.075699   0.202115 275.691380   0.200176
   473   0.000000 241.537711 -75.593738 -22.012446  -1.452504  -1.452504   0.000000   0.000000 -31.103973 273.959780 278.402103   0.075793   0.202116 275.670901   0.200172
   474   0.000000 241.418909 -75.621969 -21.985568  -1.441834  -1.441834   0.000000   0.000000 -31.096267 273.940586 278.381837   0.075887   0.202116 275.650467   0.200169
   475   0.000000 241.300680 -75.649842 -21.958510  -1.431357  -1.431357   0.000000   0.000000 -31.088758 273.921430 278.361637   0.075980   0.202116 275.630076   0.200166
   476   0.000000 241.183009 -75.677362 -21.931269  -1.421073  -1.421073   0.000000   0.000000 -31.081449 273.902310 278.341502   0.076073   0.202116 275.609725   0.200162
   477   0.000000 241.065883 -75.704537 -21.903843  -1.410981  -1.410981   0.000000   0.000000 -31.074344 273.883226 278.321433   0.076167   0.202116 275.589414   0.200159
   478   0.000000 240.949288 -75.731375 -21.876229  -1.401078  -1.401078   0.000000   0.000000 -31.067447 273.864176 278.301428   0.076260   0.202116 275.569140   0.200156
   479   0.000000 240.833212 -75.757881 -21.848426  -1.391364  -1.391364   0.000000   0.000000 -31.060764 273.845158 278.281486   0.076353   0.202116 275.548903   0.200152
   480   0.000000 240.717639 -75.784063 -21.820431  -1.381838  -1.381838   0.000000   0.000000 -31.054297 273.826172 278.261608   0.076446   0.202116 275.528700   0.200149
   481   0.000000 240.602559 -75.809929 -21.792241  -1.372498  -1.372498   0.000000   0.000000 -31.048052 273.807216 278.241792   0.076539   0.202116 275.508530   0.200146
   482   0.000000 240.487957 -75.835483 -21.763855  -1.363344  -1.363344   0.000000   0.000000 -31.042032 273.788288 278.222037   0.076632   0.202116 275.488392   0.200142
   483   0.000000 240.373820 -75.860733 -21.735268  -1.354374  -1.354374   0.000000   0.000000 -31.036243 273.769388 278.202344   0.076724   0.202116 275.468283   0.200139
   484   0.000000 240.260136 -75.885686 -21.706480  -1.345587  -1.345587   0.000000   0.000000 -31.030688 273.750514 278.182710   0.076817   0.202116 275.448203   0.200136
   485   0.000000 240.146892 -75.910347 -21.677487  -1.336982  -1.336982   0.000000   0.000000 -31.025371 273.731665 278.163136   0.076910   0.202116 275.428149   0.200132
   486   0.000000 240.034075 -75.934724 -21.648287  -1.328558  -1.328558   0.000000   0.000000 -31.020298 273.712839 278.143621   0.077002   0.202116 275.408120   0.200129
   487   0.000000 239.921673 -75.958822 -21.618876  -1.320314  -1.320314   0.000000   0.000000 -31.015472 273.694036 278.124164   0.077094   0.202116 275.388115   0.200126
   488   0.000000 239.809673 -75.982647 -21.589254  -1.312248  -1.312248   0.000000   0.000000 -31.010897 273.675253 278.104764   0.077187   0.202117 275.368131   0.200123
   489   0.000000 239.698063 -76.006205 -21.559416  -1.304359  -1.304359   0.000000   0.000000 -31.006579 273.656490 278.085422   0.077279   0.202117 275.348168   0.200119
   490   0.000000 239.586832 -76.029503 -21.529361  -1.296647  -1.296647   0.000000   0.000000 -31.002520 273.637746 278.066135   0.077371   0.202117 275.328224   0.200116
   491   0.000000 239.475966 -76.052546 -21.499085  -1.289109  -1.289109   0.000000   0.000000 -30.998725 273.619018 278.046904   0.077463   0.202117 275.308297   0.200113
   492   0.000000 239.365454 -76.075340 -21.468587  -1.281745  -1.281745   0.000000   0.000000 -30.995198 273.600307 278.027727   0.077555   0.202117 275.288386   0.200109
   493   0.000000 239.255286 -76.097890 -21.437865  -1.274553  -1.274553   0.000000   0.000000 -30.991943 273.581610 278.008604   0.077647   0.202117 275.268489   0.200106
   494   0.000000 239.145448 -76.120202 -21.406914  -1.267532  -1.267532   0.000000   0.000000 -30.988964 273.562926 277.989535   0.077739   0.202117 275.248605   0.200103
   495   0.000000 239.035929 -76.142282 -21.375735  -1.260681  -1.260681   0.000000   0.000000 -30.986265 273.544255 277.970519   0.077831   0.202117 275.228732   0.200099
   496   0.000000 238.926719 -76.164135 -21.344323  -1.253999  -1.253999   0.000000   0.000000 -30.983849 273.525594 277.951554   0.077923   0.202117 275.208870   0.200096
   497   0.000000 238.817807 -76.185766 -21.312677  -1.247483  -1.247483  -0.000000  -0.000000 -30.981721 273.506943 277.932641   0.078014   0.202117 275.189015   0.200093
   498   0.000000 238.709181 -76.207180 -21.280795  -1.241133  -1.241133  -0.000000  -0.000000 -30.979884 273.488301 277.913778   0.078106   0.202117 275.169168   0.200089
   499   0.000000 238.600830 -76.228383 -21.248675  -1.234947  -1.234947  -0.000000  -0.000000 -30.978341 273.469667 277.894966   0.078197   0.202117 275.149327   0.200086
   500   0.000000 238.492744 -76.249379 -21.216314  -1.228925  -1.228925  -0.000000  -0.000000 -30.977096 273.451038 277.876203   0.078289   0.202117 275.129490   0.200083
   501   0.000000 238.384914 -76.270174 -21.183711  -1.223063  -1.223063  -0.000000  -0.000000 -30.976152 273.432415 277.857488   0.078380   0.202117 275.109656   0.200080
   502   0.000000 238.277327 -76.290772 -21.150865  -1.217361  -1.217361  -0.000000  -0.000000 -30.975513 273.413796 277.838822   0.078471   0.202117 275.089824   0.200076
   503   0.000000 238.169975 -76.311178 -21.117772  -1.211818  -1.211818  -0.000000  -0.000000 -30.975182 273.395180 277.820203   0.078563   0.202117 275.069992   0.200073
   504   0.000000 238.062848 -76.331397 -21.084432  -1.206431  -1.206431  -0.000000  -0.000000 -30.975161 273.376565 277.801630   0.078654   0.202117 275.050159   0.200070
   505   0.000000 237.955935 -76.351433 -21.050844  -1.201199  -1.201199  -0.000000  -0.000000 -30.975454 273.357952 277.783104   0.078745   0.202118 275.030323   0.200066
   506   0.000000 237.849227 -76.371290 -21.017005  -1.196121  -1.196121  -0.000000  -0.000000 -30.976064 273.339338 277.764623   0.078836   0.202118 275.010485   0.200063
   507   0.000000 237.742715 -76.390974 -20.982914  -1.191195  -1.191195  -0.000000  -0.000000 -30.976993 273.320723 277.746186   0.078927   0.202118 274.990642   0.200060
   508   0.000000 237.636389 -76.410488 -20.948571  -1.186420  -1.186420  -0.000000  -0.000000 -30.978244 273.302106 277.727794   0.079018   0.202118 274.970793   0.200057
   509   0.000000 237.530242 -76.429837 -20.913974  -1.181792  -1.181792  -0.000000  -0.000000 -30.979819 273.283485 277.709445   0.079109   0.202118 274.950937   0.200053
   510   0.000000 237.424263 -76.449025 -20.879122  -1.177312  -1.177312  -0.000000  -0.000000 -30.981722 273.264860 277.691139   0.079200   0.202118 274.931073   0.200050
   511   0.000000 237.318443 -76.468056 -20.844014  -1.172977  -1.172977  -0.000000  -0.000000 -30.983953 273.246231 277.672876   0.079290   0.202118 274.911199   0.200047
   512   0.000000 237.212776 -76.486934 -20.808650  -1.168785  -1.168785  -0.000000  -0.000000 -30.986516 273.227595 277.654654   0.079381   0.202118 274.891316   0.200043
   513   0.000000 237.107252 -76.505663 -20.773028  -1.164735  -1.164735  -0.000000  -0.000000 -30.989412 273.208952 277.636472   0.079472   0.202118 274.871421   0.200040
   514   0.000000 237.001863 -76.524246 -20.737149  -1.160825  -1.160825  -0.000000  -0.000000 -30.992644 273.190301 277.618331   0.079562   0.202118 274.851513   0.200037
   515   0.000000 236.896601 -76.542688 -20.701012  -1.157052  -1.157052  -0.000000  -0.000000 -30.996213 273.224430 277.600911   0.079653   0.202118 274.864808   0.200034
   516   0.000000 236.791458 -76.797781 -20.158871  -0.965655  -0.965655  -0.000000  -0.000000 -30.635373 273.217902 277.583648   0.079742   0.202118 274.852178   0.200030
   517   0.000000 236.702464 -76.854819 -20.020828  -0.988059  -0.988059  -0.000000  -0.000000 -30.560221 273.206772 277.566477   0.079831   0.202118 274.837841   0.200027
   518   0.000000 236.617550 -76.887251 -19.937122  -1.025719  -1.025719  -0.000000  -0.000000 -30.517932 273.195255 277.549390   0.079920   0.202118 274.823651   0.200024
   519   0.000000 236.534106 -76.916527 -19.863715  -1.063112  -1.063112  -0.000000  -0.000000 -30.478948 273.183786 277.532387   0.080010   0.202118 274.809649   0.200020
   520   0.000000 236.451400 -76.945315 -19.793180  -1.098797  -1.098797  -0.000000  -0.000000 -30.440206 273.172328 277.515467   0.080100   0.202118 274.795726   0.200017
   521   0.000000 236.369183 -76.973678 -19.724266  -1.133080  -1.133080  -0.000000  -0.000000 -30.401971 273.160830 277.498627   0.080190   0.202118 274.781818   0.200014
   522   0.000000 236.287347 -77.001501 -19.656675  -1.166278  -1.166278  -0.000000  -0.000000 -30.364576 273.152248 277.481903   0.080280   0.202118 274.769835   0.200011
   523   0.000000 236.205832 -77.042094 -19.563674  -1.188038  -1.188038  -0.000000  -0.000000 -30.307583 273.141537 277.465265   0.080371   0.202118 274.756368   0.200007
   524   0.000000 236.125438 -77.072056 -19.487513  -1.262035  -1.262035  -0.000000  -0.000000 -30.266097 273.130346 277.448705   0.080462   0.202119 274.742747   0.200004
   525   0.000000 236.045690 -77.099246 -19.419703  -1.295522  -1.295522  -0.000000  -0.000000 -30.228512 273.119054 277.432219   0.080553   0.202119 274.729103   0.200001
   526   0.000000 235.966264 -77.125680 -19.353370  -1.328549  -1.328549  -0.000000  -0.000000 -30.192154 273.107704 277.415807   0.080645   0.202119 274.715439   0.199998
   527   0.000000 235.887099 -77.151606 -19.287899  -1.360988  -1.360988  -0.000000  -0.000000 -30.156717 273.096297 277.399466   0.080737   0.202119 274.701747   0.199995
   528   0.000000 235.808168 -77.177056 -19.223147  -1.392874  -1.392874  -0.000000  -0.000000 -30.122177 273.084832 277.383194   0.080829   0.202119 274.688024   0.199991
   529   0.000000 235.729452 -77.202043 -19.159054  -1.424249  -1.424249  -0.000000  -0.000000 -30.088529 273.073309 277.366990   0.080922   0.202119 274.674268   0.199988
   530   0.000000 235.650938 -77.226579 -19.095579  -1.455145  -1.455145  -0.000000  -0.000000 -30.055763 273.061728 277.350851   0.081014   0.202119 274.660478   0.199985
   531   0.000000 235.572613 -77.250679 -19.032686  -1.485588  -1.485588  -0.000000  -0.000000 -30.023864 273.050090 277.334778   0.081107   0.202119 274.646654   0.199982
   532   0.000000 235.494466 -77.274359 -18.970346  -1.515600  -1.515600  -0.000000  -0.000000 -29.992814 273.038395 277.318766   0.081200   0.202119 274.632794   0.199979
   533   0.000000 235.416486 -77.297632 -18.908531  -1.545199  -1.545199  -0.000000  -0.000000 -29.962597 273.026646 277.302817   0.081294   0.202119 274.618900   0.199976
   534   0.000000 235.338661 -77.320514 -18.847217  -1.574401  -1.574401  -0.000000  -0.000000 -29.933194 273.014842 277.286927   0.081387   0.202119 274.604971   0.199972
   535   0.000000 235.260982 -77.343017 -18.786382  -1.603221  -1.603221  -0.000000  -0.000000 -29.904591 273.002985 277.271095   0.081481   0.202119 274.591007   0.199969
   536   0.000000 235.183439 -77.365156 -18.726008  -1.631672  -1.631672  -0.000000  -0.000000 -29.876774 272.991074 277.255321   0.081575   0.202119 274.577007   0.199966
   537   0.000000 235.106021 -77.386943 -18.666074  -1.659766  -1.659766  -0.000000  -0.000000 -29.849728 272.979111 277.239602   0.081670   0.202119 274.562971   0.199963
   538   0.000000 235.028718 -77.408389 -18.606565  -1.687516  -1.687516  -0.000000  -0.000000 -29.823440 272.967096 277.223938   0.081764   0.202120 274.548899   0.199960
   539   0.000000 234.951522 -77.429507 -18.547463  -1.714932  -1.714932  -0.000000  -0.000000 -29.797898 272.955029 277.208327   0.081859   0.202120 274.534791   0.199957
   540   0.000000 234.874421 -77.450307 -18.488754  -1.742023  -1.742023  -0.000000  -0.000000 -29.773092 272.942910 277.192769   0.081954   0.202120 274.520645   0.199953
   541   0.000000 234.797407 -77.470801 -18.431573  -1.768843  -1.768843  -0.000000  -0.000000 -29.749009 272.930781 277.177262   0.082049   0.202120 274.506518   0.199950
   542   0.000000 234.720434 -77.491214 -18.375262  -1.795238  -1.795238  -0.000000  -0.000000 -29.725362 272.918639 277.161805   0.082145   0.202120 274.492399   0.199947
   543   0.000000 234.643492 -77.511545 -18.319693  -1.821229  -1.821229  -0.000000  -0.000000 -29.702162 272.906480 277.146399   0.082240   0.202120 274.478283   0.199944
   544   0.000000 234.566582 -77.531776 -18.264824  -1.846846  -1.846846  -0.000000  -0.000000 -29.679435 272.894300 277.131042   0.082336   0.202120 274.464168   0.199941
   545   0.000000 234.489705 -77.551893 -18.210630  -1.872109  -1.872109  -0.000000  -0.000000 -29.657191 272.882100 277.115733   0.082432   0.202120 274.450051   0.199938
   546   0.000000 234.412864 -77.571889 -18.157090  -1.897034  -1.897034  -0.000000  -0.000000 -29.635433 272.869879 277.100473   0.082529   0.202120 274.435932   0.199935
   547   0.000000 234.336063 -77.591761 -18.104182  -1.921632  -1.921632  -0.000000  -0.000000 -29.614155 272.857637 277.085259   0.082625   0.202120 274.421811   0.199932
   548   0.000000 234.259302 -77.611508 -18.051889  -1.945912  -1.945912  -0.000000  -0.000000 -29.593351 272.845375 277.070092   0.082722   0.202120 274.407688   0.199928
   549   0.000000 234.182585 -77.631130 -18.000194  -1.969884  -1.969884  -0.000000  -0.000000 -29.573014 272.833094 277.054970   0.082819   0.202121 274.393563   0.199925
   550   0.000000 234.105913 -77.650627 -17.949082  -1.993554  -1.993554  -0.000000  -0.000000 -29.553136 272.820792 277.039893   0.082917   0.202121 274.379435   0.199922
   551   0.000000 234.029286 -77.670001 -17.898537  -2.016930  -2.016930  -0.000000  -0.000000 -29.533708 272.808472 277.024861   0.083014   0.202121 274.365306   0.199919
   552   0.000000 233.952706 -77.689252 -17.848547  -2.040019  -2.040019  -0.000000  -0.000000 -29.514723 272.796134 277.009872   0.083112   0.202121 274.351174   0.199916
   553   0.000000 233.876173 -77.708382 -17.799097  -2.062828  -2.062828  -0.000000  -0.000000 -29.496171 272.783777 276.994926   0.083210   0.202121 274.337041   0.199913
   554   0.000000 233.799687 -77.727394 -17.750175  -2.085361  -2.085361  -0.000000  -0.000000 -29.478046 272.771403 276.980023   0.083308   0.202121 274.322906   0.199910
   555   0.000000 233.723249 -77.746290 -17.701770  -2.107626  -2.107626  -0.000000  -0.000000 -29.460339 272.759012 276.965161   0.083406   0.202121 274.308770   0.199907
   556   0.000000 233.646857 -77.765072 -17.653870  -2.129628  -2.129628  -0.000000  -0.000000 -29.443044 272.746604 276.950340   0.083505   0.202121 274.294633   0.199904
   557   0.000000 233.570513 -77.783741 -17.606465  -2.151373  -2.151373  -0.000000  -0.000000 -29.426151 272.734181 276.935560   0.083603   0.202121 274.280494   0.199900
   558   0.000000 233.494216 -77.802301 -17.559543  -2.172866  -2.172866  -0.000000  -0.000000 -29.409656 272.721741 276.920820   0.083702   0.202121 274.266354   0.199897
   559   0.000000 233.417965 -77.820754 -17.513095  -2.194113  -2.194113  -0.000000  -0.000000 -29.393549 272.709287 276.906119   0.083801   0.202122 274.252213   0.199894
   560   0.000000 233.341760 -77.839102 -17.467111  -2.215117  -2.215117  -0.000000  -0.000000 -29.377824 272.696818 276.891457   0.083901   0.202122 274.238072   0.199891
   561   0.000000 233.265601 -77.857347 -17.421583  -2.235885  -2.235885  -0.000000  -0.000000 -29.362476 272.684334 276.876833   0.084000   0.202122 274.223929   0.199888
   562   0.000000 233.189487 -77.875491 -17.376501  -2.256420  -2.256420  -0.000000  -0.000000 -29.347496 272.671836 276.862247   0.084100   0.202122 274.209787   0.199885
   563   0.000000 233.113417 -77.893538 -17.331856  -2.276727  -2.276727  -0.000000  -0.000000 -29.332879 272.659325 276.847699   0.084200   0.202122 274.195643   0.199882
   564   0.000000 233.037391 -77.911489 -17.287642  -2.296811  -2.296811  -0.000000  -0.000000 -29.318618 272.646800 276.833187   0.084300   0.202122 274.181500   0.199879
   565   0.000000 232.961409 -77.929346 -17.243849  -2.316676  -2.316676  -0.000000  -0.000000 -29.304708 272.634262 276.818711   0.084401   0.202122 274.167356   0.199876
   566   0.000000 232.885469 -77.947111 -17.200471  -2.336325  -2.336325  -0.000000  -0.000000 -29.291141 272.621712 276.804271   0.084501   0.202122 274.153213   0.199873
   567   0.000000 232.809573 -77.964787 -17.157500  -2.355763  -2.355763  -0.000000  -0.000000 -29.277913 272.609150 276.789867   0.084602   0.202122 274.139069   0.199870
   568   0.000000 232.733718 -77.982375 -17.114930  -2.374994  -2.374994  -0.000000  -0.000000 -29.265018 272.596576 276.775497   0.084703   0.202123 274.124926   0.199866
   569   0.000000 232.657906 -77.999878 -17.072753  -2.394021  -2.394021  -0.000000  -0.000000 -29.252449 272.583990 276.761162   0.084805   0.202123 274.110784   0.199863
   570   0.000000 232.582135 -78.017297 -17.030963  -2.412847  -2.412847  -0.000000  -0.000000 -29.240201 272.571393 276.746860   0.084906   0.202123 274.096642   0.199860
   571   0.000000 232.506405 -78.034635 -16.989555  -2.431477  -2.431477  -0.000000  -0.000000 -29.228268 272.558786 276.732592   0.085008   0.202123 274.082500   0.199857
   572   0.000000 232.430716 -78.051893 -16.948522  -2.449913  -2.449913  -0.000000  -0.000000 -29.216646 272.546168 276.718358   0.085109   0.202123 274.068360   0.199854
   573   0.000000 232.355068 -78.069073 -16.907858  -2.468159  -2.468159  -0.000000  -0.000000 -29.205329 272.533540 276.704156   0.085212   0.202123 274.054221   0.199851
   574   0.000000 232.279460 -78.086176 -16.867558  -2.486217  -2.486217  -0.000000  -0.000000 -29.194311 272.520902 276.689986   0.085314   0.202123 274.040083   0.199848
   575   0.000000 232.203892 -78.103205 -16.827618  -2.504092  -2.504092  -0.000000  -0.000000 -29.183588 272.508255 276.675848   0.085416   0.202123 274.025947   0.199845
   576   0.000000 232.128365 -78.120161 -16.788031  -2.521784  -2.521784  -0.000000  -0.000000 -29.173154 272.495599 276.661742   0.085519   0.202123 274.011812   0.199842
   577   0.000000 232.052877 -78.137045 -16.748793  -2.539299  -2.539299  -0.000000  -0.000000 -29.163004 272.482934 276.647667   0.085622   0.202124 273.997679   0.199839
   578   0.000000 231.977430 -78.153859 -16.709899  -2.556637  -2.556637  -0.000000  -0.000000 -29.153134 272.470260 276.633623   0.085725   0.202124 273.983548   0.199836
   579   0.000000 231.902022 -78.170605 -16.671345  -2.573803  -2.573803  -0.000000  -0.000000 -29.143539 272.457579 276.619609   0.085828   0.202124 273.969419   0.199833
   580   0.000000 231.826654 -78.187284 -16.633127  -2.590797  -2.590797  -0.000000  -0.000000 -29.134213 272.444889 276.605625   0.085932   0.202124 273.955293   0.199830
   581   0.000000 231.751327 -78.203897 -16.595239  -2.607624  -2.607624  -0.000000  -0.000000 -29.125152 272.432192 276.591671   0.086035   0.202124 273.941169   0.199827
   582   0.000000 231.676039 -78.220445 -16.557679  -2.624285  -2.624285  -0.000000  -0.000000 -29.116352 272.419488 276.577746   0.086139   0.202124 273.927049   0.199823
   583   0.000000 231.600792 -78.236931 -16.520442  -2.640782  -2.640782  -0.000000  -0.000000 -29.107807 272.406777 276.563851   0.086243   0.202124 273.912931   0.199820
   584   0.000000 231.525585 -78.253355 -16.483525  -2.657118  -2.657118  -0.000000  -0.000000 -29.099514 272.394060 276.549984   0.086348   0.202124 273.898816   0.199817
   585   0.000000 231.450419 -78.269719 -16.446924  -2.673296  -2.673296  -0.000000  -0.000000 -29.091468 272.381336 276.536145   0.086452   0.202125 273.884705   0.199814
   586   0.000000 231.375293 -78.286023 -16.410635  -2.689316  -2.689316  -0.000000  -0.000000 -29.083665 272.368606 276.522335   0.086557   0.202125 273.870598   0.199811
   587   0.000000 231.300209 -78.302269 -16.374655  -2.705181  -2.705181  -0.000000  -0.000000 -29.076099 272.355871 276.508552   0.086662   0.202125 273.856494   0.199808
   588   0.000000 231.225165 -78.318458 -16.338982  -2.720894  -2.720894  -0.000000  -0.000000 -29.068767 272.343131 276.494797   0.086767   0.202125 273.842395   0.199805
   589   0.000000 231.150164 -78.334591 -16.303611  -2.736456  -2.736456  -0.000000  -0.000000 -29.061665 272.330385 276.481069   0.086872   0.202125 273.828299   0.199802
   590   0.000000 231.075204 -78.350669 -16.268540  -2.751869  -2.751869  -0.000000  -0.000000 -29.054789 272.317635 276.467368   0.086978   0.202125 273.814209   0.199799
   591   0.000000 231.000286 -78.366693 -16.233766  -2.767135  -2.767135  -0.000000  -0.000000 -29.048134 272.304880 276.453694   0.087083   0.202125 273.800123   0.199796
   592   0.000000 230.925411 -78.382664 -16.199286  -2.782256  -2.782256  -0.000000  -0.000000 -29.041696 272.292121 276.440046   0.087189   0.202126 273.786042   0.199793
   593   0.000000 230.850579 -78.398584 -16.165097  -2.797233  -2.797233  -0.000000  -0.000000 -29.035472 272.279359 276.426424   0.087295   0.202126 273.771966   0.199790
   594   0.000000 230.775790 -78.414452 -16.131197  -2.812068  -2.812068  -0.000000  -0.000000 -29.029457 272.266593 276.412828   0.087401   0.202126 273.757896   0.199787
   595   0.000000 230.701045 -78.430270 -16.097583  -2.826762  -2.826762  -0.000000  -0.000000 -29.023647 272.253823 276.399258   0.087508   0.202126 273.743831   0.199784
   596   0.000000 230.626345 -78.446039 -16.064253  -2.841319  -2.841319  -0.000000  -0.000000 -29.018039 272.241051 276.385712   0.087615   0.202126 273.729772   0.199781
   597   0.000000 230.551689 -78.461760 -16.031204  -2.855738  -2.855738  -0.000000  -0.000000 -29.012629 272.228276 276.372193   0.087722   0.202126 273.715720   0.199778
   598   0.000000 230.477079 -78.477433 -15.998435  -2.870022  -2.870022  -0.000000  -0.000000 -29.007413 272.215499 276.358697   0.087829   0.202126 273.701673   0.199775
   599   0.000000 230.402515 -78.493059 -15.965942  -2.884171  -2.884171  -0.000000  -0.000000 -29.002387 272.202720 276.345227   0.087936   0.202126 273.687634   0.199772
   600   0.000000 230.327996 -78.508639 -15.933724  -2.898188  -2.898188  -0.000000  -0.000000 -28.997547 272.189939 276.331781   0.088043   0.202127 273.673601   0.199769
   601   0.000000 230.253525 -78.524174 -15.901779  -2.912074  -2.912074  -0.000000  -0.000000 -28.992891 272.177157 276.318359   0.088151   0.202127 273.659575   0.199766
   602   0.000000 230.179102 -78.539664 -15.870104  -2.925831  -2.925831  -0.000000  -0.000000 -28.988414 272.164374 276.304961   0.088259   0.202127 273.645557   0.199762
   603   0.000000 230.104727 -78.555110 -15.838698  -2.939459  -2.939459  -0.000000  -0.000000 -28.984113 272.151589 276.291587   0.088367   0.202127 273.631546   0.199759
   604   0.000000 230.030400 -78.570514 -15.807559  -2.952959  -2.952959  -0.000000  -0.000000 -28.979984 272.138804 276.278236   0.088475   0.202127 273.617543   0.199756
   605   0.000000 229.956123 -78.585875 -15.776685  -2.966334  -2.966334  -0.000000  -0.000000 -28.976024 272.126019 276.264909   0.088584   0.202127 273.603549   0.199753
   606   0.000000 229.881896 -78.601194 -15.746074  -2.979585  -2.979585  -0.000000  -0.000000 -28.972229 272.113234 276.251605   0.088693   0.202127 273.589562   0.199750
   607   0.000000 229.807720 -78.616471 -15.715724  -2.992712  -2.992712  -0.000000  -0.000000 -28.968596 272.100449 276.238324   0.088802   0.202128 273.575584   0.199747
   608   0.000000 229.733595 -78.631709 -15.685634  -3.005717  -3.005717  -0.000000  -0.000000 -28.965122 272.087665 276.225065   0.088911   0.202128 273.561615   0.199744
   609   0.000000 229.659522 -78.646906 -15.655803  -3.018602  -3.018602  -0.000000  -0.000000 -28.961803 272.074881 276.211829   0.089020   0.202128 273.547655   0.199741
   610   0.000000 229.585502 -78.662063 -15.626228  -3.031367  -3.031367  -0.000000  -0.000000 -28.958636 272.062099 276.198616   0.089129   0.202128 273.533705   0.199738
   611   0.000000 229.511535 -78.677182 -15.596908  -3.044013  -3.044013  -0.000000  -0.000000 -28.955618 272.049318 276.185425   0.089239   0.202128 273.519764   0.199735
   612   0.000000 229.437623 -78.692263 -15.567841  -3.056541  -3.056541  -0.000000  -0.000000 -28.952745 272.036539 276.172255   0.089349   0.202128 273.505833   0.199732
   613   0.000000 229.363766 -78.707305 -15.539027  -3.068954  -3.068954  -0.000000  -0.000000 -28.950014 272.023762 276.159108   0.089459   0.202128 273.491912   0.199729
   614   0.000000 229.289965 -78.722311 -15.510463  -3.081251  -3.081251  -0.000000  -0.000000 -28.947423 272.010987 276.145982   0.089569   0.202129 273.478001   0.199726
   615   0.000000 229.216220 -78.737279 -15.482149  -3.093434  -3.093434  -0.000000  -0.000000 -28.944968 271.998214 276.132878   0.089680   0.202129 273.464101   0.199723
   616   0.000000 229.142533 -78.752211 -15.454083  -3.105504  -3.105504  -0.000000  -0.000000 -28.942645 271.985445 276.119795   0.089791   0.202129 273.450212   0.199720
   617   0.000000 229.068903 -78.767108 -15.426263  -3.117462  -3.117462  -0.000000  -0.000000 -28.940453 271.972679 276.106734   0.089901   0.202129 273.436334   0.199717
   618   0.000000 228.995333 -78.781968 -15.398689  -3.129309  -3.129309  -0.000000  -0.000000 -28.938387 271.959916 276.093693   0.090013   0.202129 273.422467   0.199714
   619   0.000000 228.921822 -78.796794 -15.371359  -3.141045  -3.141045  -0.000000  -0.000000 -28.936445 271.947156 276.080674   0.090124   0.202129 273.408612   0.199711
   620   0.000000 228.848373 -78.811585 -15.344272  -3.152673  -3.152673  -0.000000  -0.000000 -28.934624 271.934401 276.067675   0.090235   0.202130 273.394769   0.199708
   621   0.000000 228.774984 -78.826342 -15.317427  -3.164192  -3.164192  -0.000000  -0.000000 -28.932921 271.921650 276.054697   0.090347   0.202130 273.380938   0.199705
   622   0.000000 228.701658 -78.841065 -15.290822  -3.175604  -3.175604  -0.000000  -0.000000 -28.931333 271.908903 276.041740   0.090459   0.202130 273.367120   0.199702
   623   0.000000 228.628395 -78.855755 -15.264458  -3.186910  -3.186910  -0.000000  -0.000000 -28.929857 271.896161 276.028802   0.090571   0.202130 273.353314   0.199699
   624   0.000000 228.555196 -78.870412 -15.238331  -3.198110  -3.198110  -0.000000  -0.000000 -28.928490 271.883424 276.015886   0.090683   0.202130 273.339521   0.199696
   625   0.000000 228.482062 -78.885036 -15.212442  -3.209206  -3.209206  -0.000000  -0.000000 -28.927230 271.870693 276.002989   0.090796   0.202130 273.325741   0.199693
   626   0.000000 228.408993 -78.899627 -15.186790  -3.220198  -3.220198  -0.000000  -0.000000 -28.926073 271.857967 275.990112   0.090908   0.202130 273.311975   0.199690
   627   0.000000 228.335992 -78.914187 -15.161373  -3.231088  -3.231088  -0.000000  -0.000000 -28.925017 271.845247 275.977255   0.091021   0.202131 273.298223   0.199687
   628   0.000000 228.263058 -78.928715 -15.136190  -3.241876  -3.241876  -0.000000  -0.000000 -28.924059 271.832533 275.964418   0.091134   0.202131 273.284484   0.199684
   629   0.000000 228.190192 -78.943212 -15.111240  -3.252562  -3.252562  -0.000000  -0.000000 -28.923197 271.819825 275.951601   0.091248   0.202131 273.270760   0.199681
   630   0.000000 228.117396 -78.957677 -15.086524  -3.263149  -3.263149  -0.000000  -0.000000 -28.922427 271.807125 275.938803   0.091361   0.202131 273.257051   0.199678
   631   0.000000 228.044670 -78.972112 -15.060466  -3.273500  -3.273500  -0.000000  -0.000000 -28.921748 271.794359 275.926023   0.091475   0.202131 273.243263   0.199675
   632   0.000000 227.972064 -78.986150 -15.034060  -3.283876  -3.283876  -0.000000  -0.000000 -28.921653 271.781528 275.913262   0.091589   0.202131 273.229408   0.199672
   633   0.000000 227.899578 -78.999795 -15.007491  -3.294283  -3.294283  -0.000000  -0.000000 -28.922135 271.768641 275.900516   0.091703   0.202132 273.215494   0.199669
   634   0.000000 227.827199 -79.013093 -14.980783  -3.304697  -3.304697  -0.000000  -0.000000 -28.923131 271.755702 275.887787   0.091817   0.202132 273.201526   0.199666
   635   0.000000 227.754911 -79.026085 -14.953939  -3.315101  -3.315101  -0.000000  -0.000000 -28.924597 271.742715 275.875073   0.091932   0.202132 273.187508   0.199663
   636   0.000000 227.682697 -79.038799 -14.926959  -3.325484  -3.325484  -0.000000  -0.000000 -28.926509 271.729681 275.862374   0.092046   0.202132 273.173440   0.199660
   637   0.000000 227.610543 -79.051257 -14.899845  -3.335840  -3.335840  -0.000000  -0.000000 -28.928852 271.716601 275.849689   0.092161   0.202132 273.159323   0.199657
   638   0.000000 227.538434 -79.063476 -14.872600  -3.346165  -3.346165  -0.000000  -0.000000 -28.931617 271.703476 275.837018   0.092276   0.202132 273.145158   0.199654
   639   0.000000 227.466356 -79.075471 -14.845226  -3.356457  -3.356457  -0.000000  -0.000000 -28.934797 271.690304 275.824360   0.092392   0.202133 273.130944   0.199651
   640   0.000000 227.394298 -79.087254 -14.817727  -3.366713  -3.366713  -0.000000  -0.000000 -28.938389 271.677087 275.811714   0.092507   0.202133 273.116680   0.199648
   641   0.000000 227.322248 -79.098835 -14.790105  -3.376933  -3.376933  -0.000000  -0.000000 -28.942389 271.663824 275.799080   0.092623   0.202133 273.102367   0.199645
   642   0.000000 227.250196 -79.110224 -14.762361  -3.387115  -3.387115  -0.000000  -0.000000 -28.946796 271.650514 275.786458   0.092739   0.202133 273.088004   0.199642
   643   0.000000 227.178131 -79.121430 -14.734499  -3.397259  -3.397259  -0.000000  -0.000000 -28.951606 271.637158 275.773847   0.092855   0.202133 273.073592   0.199639
   644   0.000000 227.106045 -79.132461 -14.706521  -3.407363  -3.407363  -0.000000  -0.000000 -28.956817 271.623756 275.761246   0.092971   0.202133 273.059129   0.199636
   645   0.000000 227.033930 -79.143324 -14.678428  -3.417427  -3.417427  -0.000000  -0.000000 -28.962429 271.610307 275.748656   0.093088   0.202133 273.044616   0.199633
   646   0.000000 226.961776 -79.154026 -14.650222  -3.427450  -3.427450  -0.000000  -0.000000 -28.968439 271.596811 275.736075   0.093205   0.202134 273.030052   0.199630
   647   0.000000 226.889578 -79.164575 -14.621906  -3.437432  -3.437432  -0.000000  -0.000000 -28.974846 271.583268 275.723503   0.093322   0.202134 273.015436   0.199627
   648   0.000000 226.817327 -79.174974 -14.593481  -3.447372  -3.447372  -0.000000  -0.000000 -28.981647 271.569677 275.710940   0.093439   0.202134 273.000770   0.199624
   649   0.000000 226.745017 -79.185231 -14.564949  -3.457268  -3.457268  -0.000000  -0.000000 -28.988842 271.556039 275.698386   0.093556   0.202134 272.986052   0.199621
   650   0.000000 226.672643 -79.195350 -14.536311  -3.467121  -3.467121  -0.000000  -0.000000 -28.996428 271.542353 275.685840   0.093674   0.202134 272.971282   0.199618
   651   0.000000 226.600197 -79.205337 -14.507571  -3.476930  -3.476930  -0.000000  -0.000000 -29.004404 271.528619 275.673301   0.093792   0.202134 272.956460   0.199615
   652   0.000000 226.527675 -79.215197 -14.478728  -3.486693  -3.486693  -0.000000  -0.000000 -29.012768 271.514837 275.660769   0.093910   0.202135 272.941585   0.199612
   653   0.000000 226.455071 -79.224933 -14.449786  -3.496411  -3.496411  -0.000000  -0.000000 -29.021519 271.501007 275.648244   0.094028   0.202135 272.926659   0.199609
   654   0.000000 226.382380 -79.234550 -14.420747  -3.506081  -3.506081  -0.000000  -0.000000 -29.030654 271.487129 275.635725   0.094147   0.202135 272.911680   0.199606
   655   0.000000 226.309597 -79.244053 -14.391611  -3.515705  -3.515705  -0.000000  -0.000000 -29.040172 271.473202 275.623212   0.094266   0.202135 272.896648   0.199603
   656   0.000000 226.236718 -79.253445 -14.362381  -3.525281  -3.525281  -0.000000  -0.000000 -29.050071 271.459226 275.610705   0.094385   0.202135 272.881564   0.199600
   657   0.000000 226.163739 -79.262731 -14.333058  -3.534807  -3.534807  -0.000000  -0.000000 -29.060349 271.445202 275.598203   0.094504   0.202135 272.866427   0.199597
   658   0.000000 226.090655 -79.271913 -14.303645  -3.544285  -3.544285  -0.000000  -0.000000 -29.071004 271.431129 275.585705   0.094623   0.202136 272.851236   0.199594
   659   0.000000 226.017462 -79.280996 -14.274143  -3.553711  -3.553711  -0.000000  -0.000000 -29.082034 271.417007 275.573213   0.094743   0.202136 272.835993   0.199591
   660   0.000000 225.944157 -79.289982 -14.244555  -3.563087  -3.563087  -0.000000  -0.000000 -29.093437 271.402837 275.560724   0.094863   0.202136 272.820697   0.199588
   661   0.000000 225.870736 -79.298876 -14.214882  -3.572411  -3.572411  -0.000000  -0.000000 -29.105211 271.388617 275.548239   0.094983   0.202136 272.805347   0.199585
   662   0.000000 225.797195 -79.307680 -14.185126  -3.581682  -3.581682  -0.000000  -0.000000 -29.117355 271.374348 275.535757   0.095103   0.202136 272.789944   0.199582
   663   0.000000 225.723532 -79.316397 -14.155289  -3.590899  -3.590899  -0.000000  -0.000000 -29.129865 271.360030 275.523279   0.095223   0.202137 272.774488   0.199579
   664   0.000000 225.649743 -79.325031 -14.125373  -3.600062  -3.600062  -0.000000  -0.000000 -29.142740 271.345664 275.510803   0.095344   0.202137 272.758979   0.199576
   665   0.000000 225.575826 -79.333584 -14.095381  -3.609170  -3.609170  -0.000000  -0.000000 -29.155977 271.331248 275.498330   0.095465   0.202137 272.743417   0.199573
   666   0.000000 225.501777 -79.342059 -14.065314  -3.618222  -3.618222  -0.000000  -0.000000 -29.169575 271.316783 275.485859   0.095586   0.202137 272.727802   0.199570
   667   0.000000 225.427594 -79.350458 -14.035174  -3.627217  -3.627217  -0.000000  -0.000000 -29.183530 271.302269 275.473390   0.095708   0.202137 272.712133   0.199567
   668   0.000000 225.353275 -79.358786 -14.004965  -3.636154  -3.636154  -0.000000  -0.000000 -29.197840 271.287707 275.460922   0.095829   0.202137 272.696412   0.199564
   669   0.000000 225.278816 -79.367043 -13.974687  -3.645033  -3.645033  -0.000000  -0.000000 -29.212504 271.273095 275.448455   0.095951   0.202138 272.680638   0.199561
   670   0.000000 225.204217 -79.375233 -13.944343  -3.653852  -3.653852  -0.000000  -0.000000 -29.227517 271.258435 275.435989   0.096073   0.202138 272.664810   0.199558
   671   0.000000 225.129474 -79.383357 -13.913935  -3.662612  -3.662612  -0.000000  -0.000000 -29.242879 271.243726 275.423524   0.096196   0.202138 272.648931   0.199555
   672   0.000000 225.054586 -79.391420 -13.883466  -3.671310  -3.671310  -0.000000  -0.000000 -29.258585 271.228968 275.411058   0.096318   0.202138 272.632998   0.199552
   673   0.000000 224.979551 -79.399421 -13.852938  -3.679946  -3.679946  -0.000000  -0.000000 -29.274634 271.214162 275.398593   0.096441   0.202138 272.617014   0.199550
   674   0.000000 224.904367 -79.407366 -13.822354  -3.688520  -3.688520  -0.000000  -0.000000 -29.291022 271.199307 275.386128   0.096564   0.202138 272.600977   0.199547
   675   0.000000 224.829032 -79.415254 -13.791715  -3.697030  -3.697030  -0.000000  -0.000000 -29.307747 271.184404 275.373662   0.096687   0.202139 272.584888   0.199544
   676   0.000000 224.753546 -79.423089 -13.761025  -3.705475  -3.705475  -0.000000  -0.000000 -29.324805 271.169453 275.361196   0.096811   0.202139 272.568747   0.199541
   677   0.000000 224.677906 -79.430872 -13.730286  -3.713855  -3.713855  -0.000000  -0.000000 -29.342195 271.154455 275.348728   0.096934   0.202139 272.552555   0.199538
   678   0.000000 224.602112 -79.438606 -13.699500  -3.722169  -3.722169  -0.000000  -0.000000 -29.359912 271.139408 275.336259   0.097058   0.202139 272.536311   0.199535
   679   0.000000 224.526162 -79.446294 -13.668670  -3.730416  -3.730416  -0.000000  -0.000000 -29.377954 271.124314 275.323788   0.097182   0.202139 272.520016   0.199532
   680   0.000000 224.450055 -79.453936 -13.637799  -3.738595  -3.738595  -0.000000  -0.000000 -29.396317 271.109173 275.311315   0.097307   0.202140 272.503671   0.199529
   681   0.000000 224.373790 -79.461535 -13.606888  -3.746706  -3.746706  -0.000000  -0.000000 -29.414998 271.093984 275.298841   0.097431   0.202140 272.487275   0.199526
   682   0.000000 224.297367 -79.469093 -13.575942  -3.754746  -3.754746  -0.000000  -0.000000 -29.433994 271.078749 275.286364   0.097556   0.202140 272.470829   0.199523
   683   0.000000 224.220784 -79.476611 -13.544963  -3.762716  -3.762716  -0.000000  -0.000000 -29.453302 271.063468 275.273884   0.097681   0.202140 272.454333   0.199520
   684   0.000000 224.144040 -79.484093 -13.513953  -3.770615  -3.770615  -0.000000  -0.000000 -29.472917 271.048140 275.261402   0.097806   0.202140 272.437788   0.199517
   685   0.000000 224.067136 -79.491539 -13.482915  -3.778442  -3.778442  -0.000000  -0.000000 -29.492837 271.032766 275.248917   0.097932   0.202140 272.421193   0.199514
   686   0.000000 223.990071 -79.498952 -13.451852  -3.786196  -3.786196  -0.000000  -0.000000 -29.513058 271.017347 275.236429   0.098058   0.202141 272.404550   0.199511
   687   0.000000 223.912845 -79.506334 -13.420768  -3.793876  -3.793876  -0.000000  -0.000000 -29.533575 271.001882 275.223937   0.098183   0.202141 272.387859   0.199508
   688   0.000000 223.835456 -79.513685 -13.389664  -3.801482  -3.801482  -0.000000  -0.000000 -29.554386 270.986372 275.211442   0.098310   0.202141 272.371120   0.199505
   689   1.018969 223.757905 -78.705834 -13.358544  -3.809012  -3.809012  -0.000000  -0.000000 -29.575487 270.996452 275.199274   0.098436   0.202141 272.371689   0.199502
   690   1.317010 223.680192 -78.586909 -13.126563  -3.744392  -3.744392  -0.000000  -0.000000 -29.419756 270.994583 275.187261   0.098562   0.202141 272.363850   0.199499
   691   1.979254 223.608453 -78.118517 -12.989386  -3.713966  -3.713966  -0.000000  -0.000000 -29.348747 270.999040 275.175476   0.098687   0.202141 272.360684   0.199496
   692   3.116071 223.540129 -77.294854 -12.806801  -3.666325  -3.666325  -0.000000  -0.000000 -29.235049 271.017106 275.164083   0.098811   0.202142 272.366847   0.199493
   693   4.822409 223.476402 -76.070699 -12.518047  -3.580570  -3.580570  -0.000000  -0.000000 -29.028845 271.052609 275.153288   0.098935   0.202142 272.384832   0.199490
   694   7.149469 223.420454 -74.418822 -12.087324  -3.445077  -3.445077  -0.000000  -0.000000 -28.704752 271.107235 275.143304   0.099056   0.202142 272.415785   0.199487
   695  10.102851 223.376661 -72.337975 -11.492681  -3.253522  -3.253522  -0.000000  -0.000000 -28.252481 271.180808 275.134334   0.099175   0.202142 272.459666   0.199484
   696  13.654783 223.350067 -69.844859 -10.724247  -3.004139  -3.004139  -0.000000  -0.000000 -27.674682 271.271748 275.126549   0.099289   0.202142 272.515562   0.199481
   697  17.758415 223.345920 -66.965133  -9.782558  -2.698814  -2.698814  -0.000000  -0.000000 -26.983606 271.377677 275.120082   0.099399   0.202142 272.582089   0.199478
   698  22.358874 223.369265 -63.727574  -8.676190  -2.341870  -2.341870  -0.000000  -0.000000 -26.196833 271.495952 275.115026   0.099504   0.202143 272.657743   0.199474
   699  27.400257 223.424623 -60.161112  -7.419333  -1.938925  -1.938925  -0.000000  -0.000000 -25.333518 271.624031 275.111437   0.099602   0.202143 272.741133   0.199471
   700  32.829486 223.515761 -56.293569  -6.029699  -1.496011  -1.496011  -0.000000  -0.000000 -24.411842 271.759675 275.109342   0.099694   0.202143 272.831086   0.199467
   701  38.598099 223.645547 -52.151232  -4.526854  -1.018996  -1.018996  -0.000000  -0.000000 -23.447666 271.901019 275.108745   0.099777   0.202143 272.926670   0.199464
   702  44.662839 223.815867 -47.758770  -2.930909  -0.513252  -0.513252  -0.000000  -0.000000 -22.454081 272.046557 275.109630   0.099853   0.202143 273.027165   0.199460
   703  50.985598 224.027611 -43.139266  -1.261537   0.016487   0.016487   0.000000   0.000000 -21.441514 272.195098 275.111972   0.099921   0.202143 273.132012   0.199456
   704  57.533039 224.280694 -38.314277   0.461336   0.565579   0.565579   0.000000   0.000000 -20.418114 272.346199 275.115740   0.099980   0.202143 273.241130   0.199452
   705  64.276100 224.574968 -33.305287   2.181474   1.126276   1.126276   0.000000   0.000000 -19.386784 272.503223 275.120951   0.100030   0.202143 273.356960   0.199448
   706  71.189470 224.908162 -28.149779   3.927815   1.712281   1.712281   0.000000   0.000000 -18.324101 272.665500 275.127615   0.100071   0.202143 273.478782   0.199444
   707  78.251086 225.277615 -22.865141   5.686567   2.321564   2.321564   0.000000   0.000000 -17.234805 272.832411 275.135733   0.100102   0.202143 273.605887   0.199440
   708  85.441685 225.680810 -17.466578   7.449114   2.952378   2.952378   0.000000   0.000000 -16.123254 273.003385 275.145300   0.100123   0.202142 273.737633   0.199435
   709  92.744406 226.115234 -11.967585   9.209920   3.603264   3.603264   0.000000   0.000000 -14.993404 273.175639 275.156278   0.100135   0.202142 273.872221   0.199431
   710 100.144444 226.578410  -6.370019  10.916410   4.294099   4.294099   0.000000   0.000000 -13.864476 273.360608 275.168778   0.100135   0.202142 274.015374   0.199427
   711 107.628759 227.066510  -0.739452  12.833745   4.911669   4.911669   0.000000   0.000000 -12.657195 273.547156 275.182763   0.100126   0.202142 274.160598   0.199422
   712 115.185825 227.583894   4.968919  14.700261   5.539800   5.539800   0.000000   0.000000 -11.449252 273.736534 275.198216   0.100108   0.202141 274.308971   0.199417
   713 122.805414 228.126847  10.737625  16.559866   6.185341   6.185341   0.000000   0.000000 -10.231770 273.927779 275.215107   0.100079   0.202141 274.459599   0.199413
   714 130.478422 228.693336  16.561682  18.399351   6.844784   6.844784   0.000000   0.000000  -9.011294 274.120503 275.233406   0.100041   0.202141 274.612068   0.199408
   715 138.196710 229.281308  22.434293  20.219295   7.517280   7.517280   0.000000   0.000000  -7.790325 274.314227 275.253078   0.099993   0.202141 274.765773   0.199403
   716 145.952979 229.890850  28.351822  21.988942   8.196313   8.196313   0.000000   0.000000  -6.571960 274.510026 275.274106   0.099934   0.202140 274.921197   0.199398
   717 153.740657 230.522434  34.304554  23.714848   8.884065   8.884065   0.000000   0.000000  -5.348558 274.708610 275.296481   0.099866   0.202140 275.078805   0.199393
   718 161.553806 231.175490  40.283886  25.419900   9.585034   9.585034   0.000000   0.000000  -4.115097 275.589236 275.328977   0.099787   0.202139 275.444829   0.199388
   719 169.387044 231.849889  43.169230  44.655868  13.805445  13.805445   0.000000   0.000000   1.821813 275.774567 275.362066   0.099646   0.202139 275.589783   0.199381
   720 177.235471 233.050876  49.758721  43.079687  13.776163  13.776163   0.000000   0.000000   2.887509 276.129204 275.397954   0.099506   0.202138 275.851369   0.199375
   721 185.094615 234.101244  55.425527  47.124886  14.862942  14.862942   0.000000   0.000000   5.118749 276.433685 275.435885   0.099351   0.202137 276.077200   0.199369
   722 192.960381 235.206158  61.377342  49.535825  15.558333  15.558333   0.000000   0.000000   6.984604 276.753807 275.475997   0.099188   0.202136 276.313108   0.199363
   723 200.829004 236.315943  67.258567  52.413293  16.320120  16.320120   0.000000   0.000000   8.944669 277.068990 275.518157   0.099015   0.202136 276.547387   0.199357
   724 208.697014 237.447935  73.178772  55.086777  17.138933  17.138933   0.000000   0.000000  10.855834 277.387767 275.562347   0.098832   0.202135 276.784502   0.199351
   725 216.561202 238.591554  79.085292  57.868955  17.947166  17.947166   0.000000   0.000000  12.777939 277.706793 275.608511   0.098640   0.202134 277.022283   0.199345
   726 224.418594 239.739452  84.984189  60.730136  18.733426  18.733426   0.000000   0.000000  14.687977 278.024630 275.656576   0.098439   0.202133 277.259508   0.199339
   727 232.266420 240.870171  90.859212  63.809630  19.498977  19.498977   0.000000   0.000000  16.576382 278.336345 275.706409   0.098229   0.202132 277.492117   0.199332
   728 240.102100 241.970067  96.718512  67.071957  20.201894  20.201894   0.000000   0.000000  18.409547 278.639599 275.757857   0.098013   0.202131 277.717368   0.199326
   729 247.923219 243.063249 102.594942  70.145593  20.793284  20.793284   0.000000   0.000000  20.172193 278.943105 275.810887   0.097791   0.202130 277.940352   0.199320
   730 255.727512 244.170837 108.465976  73.080657  21.330178  21.330178   0.000000   0.000000  21.925526 279.251246 275.865523   0.097564   0.202129 278.165169   0.199314
   731 263.512852 245.290361 114.306492  76.055573  21.859546  21.859546   0.000000   0.000000  23.700057 279.562013 275.921764   0.097334   0.202128 278.391111   0.199308
   732 271.277232 246.428257 120.130551  78.986234  22.368298  22.368298   0.000000   0.000000  25.481747 279.876248 275.979615   0.097101   0.202127 278.619347   0.199302
   733 279.018757 247.586505 125.934361  81.902428  22.866019  22.866019   0.000000   0.000000  27.276431 280.193655 276.039083   0.096864   0.202126 278.850154   0.199296
   734 286.735634 248.767778 131.720334  84.790549  23.352220  23.352220   0.000000   0.000000  29.082010 280.514342 276.100169   0.096624   0.202125 279.083975   0.199289
   735 294.426160 249.973880 137.488166  87.652048  23.829133  23.829133   0.000000   0.000000  30.899207 280.838294 276.162879   0.096382   0.202124 279.321093   0.199283
   736 302.088715 251.206333 143.237929  90.484124  24.297706  24.297706   0.000000   0.000000  32.727904 281.165535 276.227216   0.096137   0.202123 279.561745   0.199277
   737 309.721759 252.466311 148.969241  93.285829  24.758975  24.758975   0.000000   0.000000  34.568229 281.496065 276.293184   0.095891   0.202121 279.806102   0.199271
   738 317.323819 253.754708 154.681603  96.056144  25.213673  25.213673   0.000000   0.000000  36.420169 281.829877 276.360784   0.095642   0.202120 280.054288   0.199265
   739 324.893487 255.072224 160.374426  98.794277  25.662370  25.662370   0.000000   0.000000  38.283646 282.166952 276.430021   0.095393   0.202119 280.306388   0.199259
   740 332.429413 256.419366 166.047024 101.499740  26.105490  26.105490   0.000000   0.000000  40.158516 282.507259 276.500895   0.095142   0.202118 280.562453   0.199253
   741 339.930304 257.796532 171.698713 104.172028  26.543308  26.543308   0.000000   0.000000  42.044553 282.850763 276.573408   0.094889   0.202116 280.822511   0.199247
   742 347.394916 259.203986 177.328749 106.810979  26.976014  26.976014   0.000000   0.000000  43.941487 283.194120 276.647517   0.094636   0.202115 281.086194   0.199241
   743 354.822049 260.641936 182.952884 109.311559  27.529229  27.529229   0.000000   0.000000  45.826220 283.512631 276.722865   0.094381   0.202114 281.350763   0.199235
   744 362.210551 262.107363 188.691103 110.906264  29.160525  29.160525   0.000000   0.000000  47.528360 283.836348 276.799501   0.094112   0.202112 281.619143   0.199228
   745 369.559306 263.574911 194.368012 112.706677  30.821019  30.821019   0.000000   0.000000  49.257930 284.157849 276.877374   0.093827   0.202111 281.886444   0.199221
   746 376.867236 265.058147 200.033090 114.384601  32.464950  32.464950   0.000000   0.000000  50.963322 284.480393 276.956481   0.093530   0.202109 282.155176   0.199214
   747 384.133300 266.556361 205.668414 116.053152  34.122043  34.122043   0.000000   0.000000  52.667383 284.803128 277.036804   0.093219   0.202108 282.425124   0.199207
   748 391.356486 268.072110 211.279921 117.670827  35.790498  35.790498   0.000000   0.000000  54.364263 285.126431 277.118333   0.092896   0.202106 282.696720   0.199199
   749 398.535814 269.605695 216.865164 119.250996  37.476901  37.476901   0.000000   0.000000  56.056692 285.450125 277.201052   0.092562   0.202104 282.969982   0.199191
   750 405.670333 271.157441 222.424570 120.788570  39.183028  39.183028   0.000000   0.000000  57.743513 285.774141 277.284948   0.092215   0.202102 283.244943   0.199182
   751 412.759117 272.727116 227.957498 122.285799  40.911288  40.911288   0.000000   0.000000  59.424345 286.098301 277.370005   0.091858   0.202100 283.521543   0.199174
   752 419.801267 274.314176 233.463573 123.743702  42.663323  42.663323   0.000000   0.000000  61.098072 286.422391 277.456204   0.091491   0.202098 283.799672   0.199165
   753 426.795906 275.917641 238.942242 125.165538  44.441004  44.441004   0.000000   0.000000  62.763310 286.746101 277.543522   0.091113   0.202096 284.079157   0.199156
   754 433.742181 277.535823 244.392777 126.557501  46.246829  46.246829   0.000000   0.000000  64.418055 287.068964 277.631932   0.090726   0.202094 284.359727   0.199147
   755 440.639258 279.165595 249.813925 127.933171  48.085422  48.085422   0.000000   0.000000  66.059220 287.390154 277.721397   0.090329   0.202092 284.640920   0.199138
   756 447.486325 280.799602 255.202229 129.331072  49.968795  49.968795   0.000000   0.000000  67.681302 287.707801 277.811857   0.089923   0.202089 284.921884   0.199128
   757 454.282588 282.408299 260.538286 130.956731  51.954790  51.954790   0.000000   0.000000  69.271610 288.014194 277.903155   0.089509   0.202087 285.198017   0.199118
   758 461.027271 283.940399 265.812418 132.970614  54.007619  54.007619   0.000000   0.000000  70.777272 288.299920 277.995021   0.089085   0.202084 285.459969   0.199108
   759 467.719616 285.401389 271.079518 134.850620  55.962557  55.962557   0.000000   0.000000  72.134292 288.572969 278.087303   0.088653   0.202081 285.708512   0.199098
   760 474.358880 286.845703 276.350518 136.335783  57.801664  57.801664   0.000000   0.000000  73.399662 288.846289 278.180023   0.088217   0.202079 285.953039   0.199088
   761 480.944339 288.281138 281.564326 137.783817  59.624098  59.624098   0.000000   0.000000  74.663862 289.119963 278.273202   0.087775   0.202076 286.194857   0.199077
   762 487.475279 289.711547 286.723654 139.196209  61.433596  61.433596   0.000000   0.000000  75.927323 289.393985 278.366858   0.087329   0.202073 286.434663   0.199067
   763 493.951005 291.141349 291.832230 140.570443  63.236490  63.236490   0.000000   0.000000  77.189888 289.668328 278.461006   0.086879   0.202070 286.673223   0.199056
   764 500.370833 292.572434 296.891468 141.917532  65.040682  65.040682   0.000000   0.000000  78.451252 289.942584 278.555654   0.086426   0.202067 286.910863   0.199045
   765 506.734093 294.007045 301.905167 143.228979  66.849202  66.849202   0.000000   0.000000  79.708515 290.216584 278.650806   0.085970   0.202063 287.147966   0.199034
   766 513.040130 295.446348 306.874848 144.506849  68.666671  68.666671   0.000000   0.000000  80.960449 290.490062 278.746461   0.085512   0.202060 287.384733   0.199023
   767 519.288299 296.891221 311.802275 145.749186  70.496296  70.496296   0.000000   0.000000  82.205208 290.762795 278.842616   0.085053   0.202057 287.621318   0.199012
   768 525.477966 298.341715 316.688219 146.958726  72.342147  72.342147   0.000000   0.000000  83.441251 291.034460 278.939263   0.084591   0.202053 287.857753   0.199000
   769 531.608513 299.796956 321.533110 148.141127  74.209931  74.209931   0.000000   0.000000  84.666385 291.304554 279.036384   0.084129   0.202050 288.093948   0.198989
   770 537.679328 301.253417 326.335820 149.316931  76.113060  76.113060   0.000000   0.000000  85.877193 291.571929 279.133950   0.083665   0.202046 288.329633   0.198977
   771 543.689815 302.691635 331.083309 150.629312  78.125561  78.125561   0.000000   0.000000  87.065858 291.830947 279.231858   0.083199   0.202042 288.561865   0.198965
   772 549.639384 304.079145 335.774567 152.136674  80.203908  80.203908   0.000000   0.000000  88.193618 292.076456 279.329945   0.082733   0.202039 288.785223   0.198953
   773 555.527459 305.414618 340.436429 153.590460  82.229748  82.229748   0.000000   0.000000  89.225571 292.311975 279.428102   0.082265   0.202035 288.999386   0.198941
   774 561.353471 306.727227 345.077961 154.832517  84.167798  84.167798   0.000000   0.000000  90.187115 292.544568 279.526313   0.081798   0.202031 289.209030   0.198928
   775 567.116864 308.027870 349.670779 156.001164  86.067881  86.067881   0.000000   0.000000  91.127785 292.775998 279.624590   0.081331   0.202026 289.415903   0.198916
   776 572.817090 309.320642 354.208797 157.134821  87.947938  87.947938   0.000000   0.000000  92.059859 293.006538 279.722941   0.080866   0.202022 289.620707   0.198903
   777 578.453610 310.606826 358.691354 158.251849  89.824599  89.824599   0.000000   0.000000  92.985178 293.235714 279.821370   0.080402   0.202018 289.823791   0.198890
   778 584.025894 311.879121 363.113605 159.418883  91.746378  91.746378   0.000000   0.000000  93.900402 293.460762 279.919844   0.079940   0.202013 290.024234   0.198877
   779 589.533423 313.118679 367.472263 160.714887  93.722842  93.722842   0.000000   0.000000  94.786428 293.677504 280.018274   0.079478   0.202009 290.219009   0.198864
   780 600.525480 314.314598 376.219622 162.041759  95.687431  95.687431   0.000000   0.000000  95.614608 293.970797 280.117676   0.079019   0.202004 290.413921   0.198851
   781 605.910675 315.483624 380.025082 166.228201  98.652080  98.652080   0.000000   0.000000  96.971846 294.161448 280.216687   0.078556   0.202000 290.595307   0.198837
   782 611.229470 316.730813 384.423379 166.372957 100.341604 100.341604   0.000000   0.000000  97.613329 294.377009 280.315673   0.078097   0.201995 290.789436   0.198824
   783 616.481382 317.883783 388.534928 167.981890 102.450896 102.450896   0.000000   0.000000  98.429354 294.572721 280.414399   0.077639   0.201990 290.968280   0.198810
   784 621.665935 319.004514 392.670286 169.103975 104.377213 104.377213   0.000000   0.000000  99.108254 294.764559 280.512848   0.077184   0.201985 291.141958   0.198796
   785 626.782659 320.074941 396.722214 170.409192 106.339665 106.339665   0.000000   0.000000  99.761977 294.947398 280.610938   0.076732   0.201980 291.307453   0.198782
   786 631.831095 321.105008 400.729052 171.632353 108.248288 108.248288   0.000000   0.000000 100.355219 295.124251 280.708629   0.076284   0.201975 291.466306   0.198768
   787 636.810791 322.101703 404.680459 172.807754 110.116863 110.116863   0.000000   0.000000 100.909357 295.296618 280.805899   0.075838   0.201969 291.619443   0.198754
   788 641.721303 323.076737 408.579119 173.876342 111.926380 111.926380   0.000000   0.000000 101.435036 295.467310 280.902765   0.075397   0.201964 291.768638   0.198740
   789 646.562194 324.041462 412.419878 174.851448 113.692598 113.692598   0.000000   0.000000 101.951819 295.638114 280.999264   0.074959   0.201959 291.915636   0.198726
   790 651.333035 324.997098 416.193467 175.793506 115.432373 115.432373   0.000000   0.000000 102.471953 295.808960 281.095428   0.074525   0.201953 292.060723   0.198711
   791 656.033406 325.942120 419.898463 176.733605 117.152961 117.152961   0.000000   0.000000 102.994722 295.979039 281.191278   0.074096   0.201947 292.203732   0.198697
   792 660.662892 326.873137 423.535853 177.683002 118.850555 118.850555   0.000000   0.000000 103.514331 296.147524 281.286818   0.073671   0.201942 292.344240   0.198683
   793 665.221088 327.788932 427.108886 178.639691 120.523655 120.523655   0.000000   0.000000 104.024937 296.313812 281.382048   0.073250   0.201936 292.482092   0.198668
   794 669.707594 328.688247 430.619510 179.599157 122.167964 122.167964   0.000000   0.000000 104.522343 296.477575 281.476960   0.072834   0.201930 292.617157   0.198654
   795 674.122020 329.571637 434.069892 180.556710 123.784779 123.784779   0.000000   0.000000 105.004304 296.638626 281.571544   0.072422   0.201924 292.749520   0.198639
   796 678.463982 330.439223 437.460991 181.506889 125.371980 125.371980   0.000000   0.000000 105.469577 296.796958 281.665789   0.072015   0.201918 292.879235   0.198625
   797 682.733103 331.292441 440.794015 182.445896 126.932510 126.932510   0.000000   0.000000 105.918182 296.952599 281.759687   0.071612   0.201912 293.006510   0.198610
   798 686.929013 332.131973 444.069239 183.369676 128.465429 128.465429   0.000000   0.000000 106.350384 297.105669 281.853228   0.071215   0.201906 293.131471   0.198596
   799 691.051351 332.959266 447.287155 184.276903 129.974329 129.974329   0.000000   0.000000 106.767085 297.256238 281.946406   0.070822   0.201900 293.254325   0.198581
   800 695.099762 333.775108 450.447907 185.163840 131.458224 131.458224   0.000000   0.000000 107.168829 297.404456 282.039213   0.070433   0.201893 293.375210   0.198566
   801 699.073897 334.580547 453.551436 186.031792 132.920859 132.920859   0.000000   0.000000 107.556699 297.550357 282.131645   0.070050   0.201887 293.494275   0.198552
   802 702.973416 335.376315 456.598034 186.876775 134.360706 134.360706   0.000000   0.000000 107.930981 297.694076 282.223698   0.069671   0.201880 293.611648   0.198537
   803 706.797986 336.162845 459.587129 187.702612 135.781473 135.781473   0.000000   0.000000 108.292648 297.835584 282.315366   0.069296   0.201874 293.727567   0.198522
   804 710.547280 336.918063 462.497277 188.660724 137.212045 137.212045   0.000000   0.000000 108.641523 297.971210 282.406597   0.068927   0.201867 293.839051   0.198507
   805 714.220978 337.612477 465.321025 189.824287 138.636482 138.636482   0.000000   0.000000 108.952290 298.096598 282.497285   0.068561   0.201861 293.941949   0.198493
   806 717.818768 338.232666 468.070638 191.124664 140.007823 140.007823   0.000000   0.000000 109.195188 298.210257 282.587309   0.068201   0.201854 294.034193   0.198478
   807 721.340345 338.798224 470.773793 192.359772 141.275820 141.275820   0.000000   0.000000 109.360635 298.315911 282.676603   0.067845   0.201847 294.118364   0.198463
   808 724.785409 339.349714 473.448082 193.373462 142.443519 142.443519   0.000000   0.000000 109.475159 298.419850 282.765185   0.067494   0.201840 294.200152   0.198448
   809 728.153670 339.912722 476.081481 194.212819 143.570662 143.570662   0.000000   0.000000 109.582651 298.525428 282.853116   0.067148   0.201833 294.283176   0.198434
   810 731.444842 340.496278 478.662904 194.943591 144.695556 144.695556   0.000000   0.000000 109.706189 298.633525 282.940461   0.066807   0.201826 294.368735   0.198419
   811 734.658648 341.100891 481.187456 195.609032 145.831098 145.831098   0.000000   0.000000 109.851447 298.743817 283.027278   0.066471   0.201819 294.456844   0.198404
   812 737.794818 341.737048 483.666926 196.134883 146.958485 146.958485   0.000000   0.000000 110.015771 298.857883 283.113643   0.066139   0.201812 294.548968   0.198390
   813 740.853087 342.412978 486.099780 196.530402 148.093256 148.093256   0.000000   0.000000 110.209680 298.976635 283.199637   0.065811   0.201805 294.646353   0.198375
   814 743.833198 343.117791 488.469814 196.909889 149.263304 149.263304   0.000000   0.000000 110.438984 299.098065 283.285310   0.065488   0.201798 294.747525   0.198361
   815 746.734902 343.836930 490.774420 197.306091 150.457159 150.457159   0.000000   0.000000 110.689280 299.219994 283.370683   0.065169   0.201791 294.850466   0.198346
   816 749.557955 344.561684 493.017738 197.701762 151.652487 151.652487   0.000000   0.000000 110.945178 299.341287 283.455759   0.064854   0.201784 294.953977   0.198331
   817 752.302120 345.285833 495.200238 198.096596 152.840479 152.840479   0.000000   0.000000 111.198696 299.461117 283.540530   0.064543   0.201776 295.057198   0.198316
   818 754.967169 346.005851 497.323204 198.482778 154.012819 154.012819   0.000000   0.000000 111.444108 299.579070 283.624986   0.064235   0.201769 295.159646   0.198302
   819 757.552879 346.719070 499.386360 198.860261 155.166956 155.166956   0.000000   0.000000 111.678588 299.694823 283.709111   0.063932   0.201762 295.260952   0.198287
   820 760.059034 347.424535 501.390554 199.222083 156.298862 156.298862   0.000000   0.000000 111.899987 299.808302 283.792888   0.063632   0.201754 295.360988   0.198272
   821 762.485425 348.121219 503.335108 199.569611 157.408928 157.408928   0.000000   0.000000 112.107895 299.919399 283.876303   0.063337   0.201746 295.459613   0.198257
   822 764.831849 348.809396 505.220808 199.896502 158.494819 158.494819   0.000000   0.000000 112.301673 300.028186 283.959340   0.063045   0.201739 295.556870   0.198243
   823 767.098113 349.488585 507.046653 200.206061 159.558304 159.558304   0.000000   0.000000 112.481923 300.134619 284.041985   0.062756   0.201731 295.652793   0.198228
   824 769.284026 350.142211 508.796716 200.600375 160.618678 160.618678   0.000000   0.000000 112.648439 300.236265 284.124194   0.062472   0.201723 295.745162   0.198213
   825 771.389409 350.754227 510.469822 201.094239 161.655307 161.655307   0.000000   0.000000 112.784502 300.331076 284.205896   0.062191   0.201716 295.831723   0.198198
   826 773.414085 351.328054 512.081440 201.586918 162.629952 162.629952   0.000000   0.000000 112.876259 300.419946 284.287039   0.061913   0.201708 295.912896   0.198183
   827 775.357887 351.877474 513.639586 202.017116 163.539954 163.539954   0.000000   0.000000 112.930349 300.504908 284.367597   0.061640   0.201700 295.990538   0.198169
   828 777.220654 352.414906 515.144135 202.374974 164.403238 164.403238   0.000000   0.000000 112.961174 300.587598 284.447567   0.061370   0.201692 296.066339   0.198154
   829 779.002232 352.948562 516.593210 202.668207 165.236396 165.236396   0.000000   0.000000 112.980216 300.668997 284.526959   0.061103   0.201684 296.141429   0.198139
   830 780.702473 353.480939 517.983288 202.917841 166.052165 166.052165   0.000000   0.000000 112.994265 300.749318 284.605785   0.060841   0.201676 296.216160   0.198125
   831 782.321237 354.012840 519.313778 203.130073 166.852616 166.852616   0.000000   0.000000 113.004736 300.828594 284.684054   0.060582   0.201668 296.290651   0.198110
   832 783.858389 354.543672 520.583816 203.311170 167.638559 167.638559   0.000000   0.000000 113.011783 300.906717 284.761775   0.060326   0.201660 296.364830   0.198096
   833 785.313802 355.073252 521.793789 203.460786 168.408014 168.408014   0.000000   0.000000 113.014588 300.983635 284.838956   0.060074   0.201652 296.438678   0.198081
   834 786.687357 355.600655 522.943019 203.582899 169.160894 169.160894   0.000000   0.000000 113.012753 301.059227 284.915600   0.059826   0.201644 296.512076   0.198067
   835 787.978940 356.125775 524.032066 203.675356 169.895002 169.895002   0.000000   0.000000 113.005387 301.133468 284.991712   0.059581   0.201636 296.585012   0.198052
   836 789.188445 356.647748 525.060169 203.741867 170.610656 170.610656   0.000000   0.000000 112.992296 301.206255 285.067292   0.059339   0.201628 296.657376   0.198038
   837 790.315771 357.166640 526.027956 203.779595 171.305845 171.305845   0.000000   0.000000 112.972738 301.277589 285.142344   0.059100   0.201619 296.729177   0.198023
   838 791.360826 357.681642 526.934572 203.792407 171.981277 171.981277   0.000000   0.000000 112.946719 301.347380 285.216866   0.058864   0.201611 296.800312   0.198009
   839 792.323524 358.192964 527.780722 203.777018 172.635034 172.635034   0.000000   0.000000 112.913595 301.415646 285.290860   0.058632   0.201603 296.870809   0.197995
   840 793.203785 358.699797 528.565457 203.737625 173.268115 173.268115   0.000000   0.000000 112.873507 301.482301 285.364323   0.058403   0.201595 296.940570   0.197980
   841 794.001536 359.202021 529.289148 203.673463 173.879175 173.879175   0.000000   0.000000 112.825849 301.547310 285.437254   0.058177   0.201586 297.009579   0.197966
   842 794.716713 359.697830 529.950225 203.592429 174.469406 174.469406   0.000000   0.000000 112.770387 301.610458 285.509649   0.057954   0.201578 297.077678   0.197952
   843 795.349256 360.167780 530.531085 203.601198 175.058091 175.058091   0.000000   0.000000 112.705660 301.669113 285.581468   0.057734   0.201570 297.142327   0.197938
   844 795.899113 360.591853 531.028189 203.728096 175.623596 175.623596   0.000000   0.000000 112.613511 301.720789 285.652644   0.057517   0.201561 297.200762   0.197924
   845 796.366239 360.977620 531.463921 203.833390 176.112937 176.112937   0.000000   0.000000 112.477014 301.766956 285.723129   0.057302   0.201553 297.253925   0.197910
   846 796.750595 361.346189 531.849893 203.835967 176.526354 176.526354   0.000000   0.000000 112.306791 301.810476 285.792916   0.057091   0.201544 297.304624   0.197896
   847 797.052150 361.711381 532.182229 203.752548 176.897392 176.897392   0.000000   0.000000 112.122920 301.852945 285.862021   0.056883   0.201536 297.354707   0.197882
   848 797.270879 362.079648 532.457535 203.604721 177.246267 177.246267   0.000000   0.000000 111.936474 301.895000 285.930462   0.056678   0.201527 297.405050   0.197868
   849 797.406764 362.451660 532.672595 203.414602 177.583004 177.583004   0.000000   0.000000 111.751767 301.936602 285.998260   0.056476   0.201519 297.455758   0.197854
   850 797.459794 362.826383 532.826639 203.191194 177.907917 177.907917   0.000000   0.000000 111.568393 301.977545 286.065429   0.056277   0.201510 297.506701   0.197841
   851 797.429965 363.201931 532.919081 202.939830 178.219191 178.219191   0.000000   0.000000 111.384813 302.017579 286.131980   0.056080   0.201502 297.557638   0.197827
   852 797.317278 363.577179 532.950358 202.660252 178.513578 178.513578   0.000000   0.000000 111.199195 302.056548 286.197919   0.055887   0.201493 297.608420   0.197813
   853 797.121744 363.950673 532.920014 202.355125 178.789712 178.789712   0.000000   0.000000 111.010403 302.094286 286.263252   0.055696   0.201484 297.658859   0.197800
   854 796.843378 364.321925 532.828604 202.022421 179.045178 179.045178   0.000000   0.000000 110.817238 302.130730 286.327982   0.055508   0.201476 297.708890   0.197787
   855 796.482203 364.689937 532.675568 201.664664 179.279753 179.279753   0.000000   0.000000 110.619236 302.165776 286.392111   0.055322   0.201467 297.758383   0.197773
   856 796.038249 365.054628 532.461491 201.279456 179.491717 179.491717   0.000000   0.000000 110.415658 302.199412 286.455640   0.055139   0.201459 297.807325   0.197760
   857 795.511553 365.415214 532.185727 200.869591 179.681495 179.681495   0.000000   0.000000 110.206402 302.231561 286.518570   0.054959   0.201450 297.855617   0.197747
   858 794.902157 365.771826 531.848914 200.432459 179.847648 179.847648   0.000000   0.000000 109.990933 302.262233 286.580901   0.054781   0.201441 297.903272   0.197734
   859 794.210112 366.123757 531.450348 199.971152 179.990932 179.990932   0.000000   0.000000 109.769323 302.291361 286.642631   0.054606   0.201433 297.950202   0.197721
   860 793.435475 366.471248 530.990725 199.482902 180.109982 180.109982   0.000000   0.000000 109.541107 302.318967 286.703761   0.054433   0.201424 297.996436   0.197708
   861 792.578310 366.813569 530.469267 198.971209 180.205763 180.205763   0.000000   0.000000 109.306439 302.344981 286.764289   0.054263   0.201415 298.041917   0.197695
   862 791.638687 367.137442 529.873583 198.507512 180.292445 180.292445   0.000000   0.000000 109.064842 302.367695 286.824191   0.054095   0.201407 298.084955   0.197682
   863 790.616683 367.424436 529.196250 198.139497 180.361903 180.361903   0.000000   0.000000 108.804527 302.384814 286.883414   0.053930   0.201398 298.123092   0.197669
   864 789.512384 367.671088 528.447945 197.802376 180.377059 180.377059   0.000000   0.000000 108.509801 302.396207 286.941908   0.053767   0.201389 298.155822   0.197656
   865 788.325880 367.889795 527.641592 197.414672 180.320921 180.320921   0.000000   0.000000 108.180090 302.403621 286.999646   0.053607   0.201381 298.184731   0.197644
   866 787.057268 368.098925 526.784455 196.928993 180.203289 180.203289   0.000000   0.000000 107.827823 302.409350 287.056634   0.053449   0.201372 298.212215   0.197631
   867 785.706654 368.312403 525.876184 196.346222 180.048806 180.048806   0.000000   0.000000 107.469011 302.414981 287.112896   0.053293   0.201364 298.240126   0.197619
   868 784.274149 368.532709 524.909619 195.712003 179.883033 179.883033   0.000000   0.000000 107.114590 302.420601 287.168458   0.053140   0.201355 298.268812   0.197607
   869 782.759871 368.756877 523.881447 195.051967 179.711026 179.711026   0.000000   0.000000 106.765001 302.425717 287.223334   0.052989   0.201346 298.297893   0.197595
   870 781.163946 368.981902 522.791852 194.368521 179.527141 179.527141   0.000000   0.000000 106.416678 302.429951 287.277535   0.052841   0.201338 298.326980   0.197583
   871 779.486505 369.205999 521.641508 193.660094 179.326539 179.326539   0.000000   0.000000 106.066907 302.433088 287.331069   0.052695   0.201329 298.355839   0.197571
   872 777.727686 369.427612 520.430328 192.927627 179.106927 179.106927   0.000000   0.000000 105.714132 302.434958 287.383938   0.052551   0.201320 298.384269   0.197559
   873 775.887637 369.646047 519.158788 192.169404 178.866060 178.866060   0.000000   0.000000 105.357139 302.435487 287.436146   0.052409   0.201312 298.412175   0.197547
   874 773.966509 369.860448 517.826639 191.386641 178.603409 178.603409   0.000000   0.000000 104.995381 302.434590 287.487694   0.052270   0.201303 298.439447   0.197536
   875 771.964460 370.070623 516.434329 190.577737 178.317785 178.317785   0.000000   0.000000 104.628268 302.432248 287.538583   0.052133   0.201295 298.466056   0.197524
   876 769.881658 370.275973 514.981525 189.744343 178.009405 178.009405   0.000000   0.000000 104.255658 302.428408 287.588812   0.051998   0.201286 298.491925   0.197513
   877 767.718276 370.476524 513.468723 188.884782 177.677395 177.677395   0.000000   0.000000 103.877171 302.423071 287.638382   0.051865   0.201278 298.517054   0.197501
   878 765.474491 370.671762 511.895550 188.000995 177.322277 177.322277   0.000000   0.000000 103.492826 302.416192 287.687291   0.051735   0.201269 298.541376   0.197490
   879 763.150493 370.861824 510.262564 187.091142 176.943247 176.943247   0.000000   0.000000 103.102308 302.407785 287.735540   0.051606   0.201261 298.564906   0.197479
   880 760.746472 371.046211 508.569356 186.157415 176.540994 176.540994   0.000000   0.000000 102.705712 302.397804 287.783127   0.051480   0.201252 298.587586   0.197468
   881 758.262631 371.221636 506.813162 185.215871 176.118580 176.118580   0.000000   0.000000 102.302739 302.385844 287.830045   0.051355   0.201244 298.609003   0.197457
   882 755.699175 371.380127 504.988882 184.296323 175.678333 175.678333   0.000000   0.000000 101.890594 302.370924 287.876276   0.051233   0.201235 298.628143   0.197446
   883 753.056319 371.505830 503.087275 183.450001 175.221478 175.221478   0.000000   0.000000 101.462534 302.351141 287.921776   0.051113   0.201227 298.642979   0.197436
   884 750.334283 371.571723 501.093857 182.755328 174.746161 174.746161   0.000000   0.000000 101.005554 302.323295 287.966465   0.050995   0.201219 298.650014   0.197425
   885 747.533295 371.545365 498.996792 182.271358 174.233887 174.233887   0.000000   0.000000 100.497811 302.283682 288.010215   0.050878   0.201210 298.644999   0.197415
   886 744.653589 371.408746 496.801250 181.958047 173.641069 173.641069   0.000000   0.000000  99.914271 302.230525 288.052885   0.050764   0.201202 298.625495   0.197404
   887 741.695407 371.176248 494.532093 181.662942 172.921069 172.921069   0.000000   0.000000  99.243478 302.165997 288.094370   0.050652   0.201194 298.593268   0.197394
   888 738.658997 370.895469 492.222362 181.193983 172.059385 172.059385   0.000000   0.000000  98.501396 302.096017 288.134643   0.050542   0.201185 298.554432   0.197384
   889 735.544613 370.628886 489.896844 180.415134 171.089595 171.089595   0.000000   0.000000  97.729616 302.027930 288.173779   0.050435   0.201177 298.517118   0.197374
   890 732.352518 370.421329 487.554642 179.343090 170.088442 170.088442   0.000000   0.000000  96.979061 301.966651 288.211905   0.050330   0.201169 298.487258   0.197365
   891 729.082981 370.282960 485.176085 178.112190 169.129450 169.129450   0.000000   0.000000  96.283218 301.912721 288.249153   0.050227   0.201161 298.466250   0.197356
   892 725.736276 370.207722 482.752315 176.796775 168.228139 168.228139   0.000000   0.000000  95.644974 301.864970 288.285628   0.050126   0.201153 298.453319   0.197346
   893 722.312688 370.189184 480.284474 175.401322 167.369180 167.369180   0.000000   0.000000  95.055393 301.822565 288.321419   0.050028   0.201145 298.447658   0.197337
   894 718.812505 370.217366 477.768203 173.956803 166.547857 166.547857   0.000000   0.000000  94.508021 301.784256 288.356595   0.049931   0.201137 298.447987   0.197328
   895 715.236024 370.279702 475.199153 172.491697 165.755953 165.755953   0.000000   0.000000  93.993629 301.748522 288.391199   0.049836   0.201129 298.452661   0.197319
   896 711.583549 370.366103 472.577001 171.007509 164.977867 164.977867   0.000000   0.000000  93.501258 301.714248 288.425259   0.049743   0.201121 298.460355   0.197311
   897 707.855390 370.472340 469.904641 169.486504 164.198676 164.198676   0.000000   0.000000  93.022917 301.681048 288.458798   0.049651   0.201113 298.470493   0.197302
   898 704.051865 370.597131 467.183427 167.916329 163.412094 163.412094   0.000000   0.000000  92.555750 301.648918 288.491836   0.049562   0.201105 298.482916   0.197293
   899 700.173298 370.736433 464.409731 166.316548 162.622465 162.622465   0.000000   0.000000  92.099576 301.617387 288.524386   0.049474   0.201097 298.497101   0.197285
   900 696.220021 370.882395 461.579046 164.712890 161.830998 161.830998   0.000000   0.000000  91.651011 301.585510 288.556450   0.049388   0.201090 298.512019   0.197276
   901 692.192373 371.028713 458.691244 163.107953 161.029544 161.029544   0.000000   0.000000  91.203417 301.552539 288.588020   0.049303   0.201082 298.526841   0.197268
   902 688.090699 371.170300 455.746165 161.500183 160.211342 160.211342   0.000000   0.000000  90.751634 301.517955 288.619082   0.049221   0.201074 298.540917   0.197260
   903 683.915353 371.294744 452.735183 159.935112 159.382324 159.382324   0.000000   0.000000  90.292112 301.480278 288.649603   0.049140   0.201066 298.552666   0.197252
   904 679.666694 371.375768 449.642006 158.503041 158.549623 158.549623   0.000000   0.000000  89.814723 301.436273 288.679513   0.049060   0.201059 298.558685   0.197243
   905 675.345090 371.378718 446.452785 157.276046 157.700856 157.700856   0.000000   0.000000  89.297323 301.381838 288.708689   0.048982   0.201051 298.554442   0.197235
   906 670.950916 371.271158 443.161009 156.276317 156.806080 156.806080   0.000000   0.000000  88.712045 301.313379 288.736971   0.048906   0.201044 298.535667   0.197228
   907 666.484553 371.032856 439.768888 155.470891 155.829510 155.829510   0.000000   0.000000  88.034859 301.228935 288.764181   0.048832   0.201036 298.499649   0.197220
   908 661.946390 370.661715 436.286317 154.782153 154.741783 154.741783   0.000000   0.000000  87.253275 301.128758 288.790156   0.048759   0.201029 298.446044   0.197212
   909 657.336825 370.170544 432.724279 154.131059 153.533925 153.533925   0.000000   0.000000  86.370214 301.014742 288.814763   0.048688   0.201022 298.376460   0.197205
   910 652.656261 369.579909 429.091401 153.461749 152.216359 152.216359   0.000000   0.000000  85.399853 300.889464 288.837912   0.048620   0.201014 298.293535   0.197198
   911 647.905109 368.919630 425.401220 152.705921 150.801513 150.801513   0.000000   0.000000  84.360862 300.756362 288.859559   0.048553   0.201007 298.201121   0.197191
   912 643.083789 368.234624 421.676796 151.754750 149.298791 149.298791   0.000000   0.000000  83.277625 300.620550 288.879728   0.048488   0.201000 298.105065   0.197184
   913 638.192727 367.577156 417.938436 150.519789 147.734128 147.734128   0.000000   0.000000  82.185752 300.487948 288.898520   0.048426   0.200993 298.012237   0.197178
   914 633.232358 366.986082 414.188771 149.013061 146.158781 146.158781   0.000000   0.000000  81.126001 300.362764 288.916079   0.048366   0.200986 297.927798   0.197172
   915 628.203124 366.475209 410.416547 147.325176 144.623025 144.623025   0.000000   0.000000  80.126793 300.246132 288.932559   0.048307   0.200979 297.853625   0.197166
   916 623.105474 366.040565 406.611677 145.536685 143.147524 143.147524   0.000000   0.000000  79.195012 300.137164 288.948090   0.048251   0.200972 297.789226   0.197160
   917 617.939867 365.672653 402.770783 143.680684 141.726399 141.726399   0.000000   0.000000  78.323516 300.034554 288.962779   0.048196   0.200965 297.733372   0.197154
   918 612.706768 365.361055 398.892035 141.772992 140.348173 140.348173   0.000000   0.000000  77.502425 299.937044 288.976710   0.048143   0.200958 297.684705   0.197149
   919 607.406652 365.095679 394.973618 139.825707 139.002389 139.002389   0.000000   0.000000  76.722333 299.843459 288.989948   0.048092   0.200952 297.641897   0.197144
   920 602.039999 364.868452 391.015130 137.839588 137.677916 137.677916   0.000000   0.000000  75.974578 299.752933 289.002541   0.048043   0.200945 297.603885   0.197138
   921 596.607302 364.672357 387.015359 135.818685 136.367616 136.367616   0.000000   0.000000  75.252748 299.664733 289.014527   0.047995   0.200939 297.569743   0.197133
   922 591.109059 364.501236 382.973128 133.767886 135.066112 135.066112   0.000000   0.000000  74.551436 299.578195 289.025936   0.047948   0.200932 297.538651   0.197128
   923 585.545777 364.350914 378.888743 131.682793 133.766913 133.766913   0.000000   0.000000  73.865817 299.492929 289.036787   0.047904   0.200926 297.510052   0.197123
   924 579.917974 364.217542 374.761224 129.566757 132.467598 132.467598   0.000000   0.000000  73.192998 299.408555 289.047096   0.047861   0.200919 297.483437   0.197118
   925 574.226173 364.097619 370.589860 127.423446 131.166043 131.166043   0.000000   0.000000  72.530209 299.324697 289.056875   0.047819   0.200913 297.458330   0.197113
   926 568.470911 363.989249 366.375465 125.246979 129.858126 129.858126   0.000000   0.000000  71.874748 299.241212 289.066133   0.047779   0.200907 297.434478   0.197108
   927 562.652729 363.890157 362.117119 123.042134 128.543921 128.543921   0.000000   0.000000  71.225550 299.157871 289.074874   0.047740   0.200901 297.411578   0.197104
   928 556.772181 363.796853 357.813230 120.819022 127.224117 127.224117   0.000000   0.000000  70.580978 299.074257 289.083101   0.047703   0.200895 297.389157   0.197099
   929 550.829831 363.706209 353.463680 118.579208 125.896190 125.896190   0.000000   0.000000  69.938096 298.990015 289.090808   0.047668   0.200888 297.366790   0.197095
   930 544.826250 363.616633 349.069461 116.318042 124.556808 124.556808   0.000000   0.000000  69.294449 298.904990 289.097992   0.047634   0.200882 297.344256   0.197091
   931 538.762021 363.527545 344.631381 114.031073 123.204133 123.204133   0.000000   0.000000  68.648985 298.819169 289.104648   0.047602   0.200877 297.321474   0.197086
   932 532.637738 363.437763 340.148830 111.722991 121.839410 121.839410   0.000000   0.000000  68.001644 298.732424 289.110770   0.047571   0.200871 297.298282   0.197082
   933 526.454004 363.344501 335.620324 109.404414 120.464473 120.464473   0.000000   0.000000  67.351575 298.644397 289.116350   0.047541   0.200865 297.274298   0.197078
   934 520.211434 363.245035 331.045801 107.078215 119.077895 119.077895   0.000000   0.000000  66.696330 298.554745 289.121374   0.047514   0.200859 297.249146   0.197074
   935 513.910654 363.137008 326.425461 104.744892 117.677946 117.677946   0.000000   0.000000  66.033603 298.463192 289.125826   0.047487   0.200854 297.222503   0.197071
   936 507.552303 363.015882 321.757008 102.418390 116.266638 116.266638   0.000000   0.000000  65.361567 298.369169 289.129684   0.047463   0.200848 297.193757   0.197067
   937 501.137029 362.871727 317.034620 100.132955 114.849237 114.849237   0.000000   0.000000  64.676393 298.271367 289.132911   0.047439   0.200842 297.161563   0.197064
   938 494.665496 362.688698 312.251054  97.929194 113.428434 113.428434   0.000000   0.000000  63.969189 298.167736 289.135446   0.047418   0.200837 297.123777   0.197060
   939 488.138379 362.446941 307.399485  95.841088 112.001583 112.001583   0.000000   0.000000  63.226034 298.055795 289.137196   0.047397   0.200832 297.077710   0.197057
   940 481.556366 362.127851 302.476763  93.877608 110.558441 110.558441   0.000000   0.000000  62.430194 297.933337 289.138048   0.047379   0.200826 297.020840   0.197054
   941 474.920161 361.721221 297.486226  92.007682 109.081649 109.081649   0.000000   0.000000  61.567022 297.799358 289.137882   0.047361   0.200821 296.951782   0.197051
   942 468.230481 361.227083 292.434089  90.182953 107.557271 107.557271   0.000000   0.000000  60.630337 297.654204 289.136585   0.047346   0.200816 296.870543   0.197048
   943 461.488058 360.651309 287.324356  88.370896 105.983105 105.983105   0.000000   0.000000  59.623329 297.498863 289.134068   0.047332   0.200811 296.777911   0.197045
   944 454.693640 360.001221 282.158717  86.558170 104.364964 104.364964   0.000000   0.000000  58.553565 297.334356 289.130254   0.047319   0.200806 296.674854   0.197042
   945 447.847993 359.284062 276.938627  84.738356 102.710042 102.710042   0.000000   0.000000  57.428713 297.161583 289.125087   0.047309   0.200801 296.562312   0.197040
   946 440.951899 358.506915 271.666140  82.905487 101.024498 101.024498   0.000000   0.000000  56.255473 296.981354 289.118517   0.047300   0.200796 296.441198   0.197038
   947 434.006158 357.676820 266.343791  81.053277  99.313552  99.313552   0.000000   0.000000  55.039858 296.794443 289.110512   0.047292   0.200791 296.312412   0.197035
   948 427.011590 356.800783 260.974360  79.175620  97.581873  97.581873   0.000000   0.000000  53.787516 296.601598 289.101047   0.047287   0.200787 296.176845   0.197034
   949 419.969036 355.885699 255.560699  77.267047  95.833798  95.833798   0.000000   0.000000  52.503856 296.403543 289.090107   0.047283   0.200782 296.035374   0.197032
   950 412.879356 354.938240 250.105616  75.322986  94.073390  94.073390   0.000000   0.000000  51.194058 296.200975 289.077685   0.047281   0.200778 295.888846   0.197030
   951 405.743434 353.964733 244.611806  73.339842  92.304428  92.304428   0.000000   0.000000  49.863024 295.994545 289.063785   0.047280   0.200773 295.738057   0.197029
   952 398.562180 352.971053 239.081811  71.314990  90.530370  90.530370   0.000000   0.000000  48.515318 295.784860 289.048415   0.047282   0.200769 295.583745   0.197027
   953 391.336525 351.962553 233.517991  69.246711  88.754320  88.754320   0.000000   0.000000  47.155113 295.572468 289.031589   0.047285   0.200765 295.426574   0.197026
   954 384.067430 350.944017 227.922520  67.134084  86.978998  86.978998   0.000000   0.000000  45.786152 295.357859 289.013326   0.047289   0.200760 295.267128   0.197025
   955 376.755884 349.919635 222.297382  64.976878  85.206743  85.206743   0.000000   0.000000  44.411730 295.141463 288.993650   0.047295   0.200756 295.105905   0.197024
   956 369.402907 348.893012 216.644386  62.775439  83.439513  83.439513   0.000000   0.000000  43.034690 294.923647 288.972585   0.047303   0.200752 294.943308   0.197023
   957 362.009553 347.867188 210.965178  60.530573  81.678908  81.678908   0.000000   0.000000  41.657435 294.704724 288.950160   0.047313   0.200748 294.779631   0.197023
   958 354.576907 346.844672 205.261263  58.243457  79.926201  79.926201   0.000000   0.000000  40.281947 294.484949 288.926403   0.047324   0.200744 294.614975   0.197022
   959 347.106097 345.827487 199.534022  55.915546  78.182369  78.182369   0.000000   0.000000  38.909822 294.264530 288.901343   0.047337   0.200741 294.449320   0.197022
   960 339.598289 344.817218 193.784738  53.548505  76.448130  76.448130   0.000000   0.000000  37.542302 294.043628 288.875012   0.047352   0.200737 294.283038   0.197021
   961 332.054692 343.815060 188.014612  51.144148  74.723984  74.723984   0.000000   0.000000  36.180313 293.822366 288.847437   0.047368   0.200733 294.116287   0.197021
   962 324.476564 342.821872 182.224790  48.704387  73.010242  73.010242   0.000000   0.000000  34.824503 293.600830 288.818647   0.047386   0.200730 293.949180   0.197021
   963 316.865213 341.838227 176.416380  46.231195  71.307064  71.307064   0.000000   0.000000  33.475281 293.379078 288.788670   0.047405   0.200727 293.781791   0.197021
   964 309.222003 340.864454 170.590471  43.726577  69.614482  69.614482   0.000000   0.000000  32.132851 293.157140 288.757533   0.047426   0.200723 293.614163   0.197021
   965 301.548358 339.900596 164.748063  41.192915  67.932528  67.932528   0.000000   0.000000  30.797252 292.935017 288.725259   0.047448   0.200720 293.446299   0.197021
   966 293.845766 338.946096 158.889806  38.634159  66.261579  66.261579   0.000000   0.000000  29.468309 292.712637 288.691872   0.047472   0.200717 293.278122   0.197022
   967 286.115790 337.999346 153.015784  36.056725  64.602619  64.602619   0.000000   0.000000  28.145359 292.489793 288.657390   0.047498   0.200714 293.109410   0.197022
   968 278.360067 337.057660 147.125837  33.467831  62.956845  62.956845   0.000000   0.000000  26.826823 292.266135 288.621826   0.047525   0.200711 292.939792   0.197022
   969 270.580322 336.118054 141.220356  30.871744  61.324741  61.324741   0.000000   0.000000  25.510160 292.041269 288.585188   0.047554   0.200708 292.768853   0.197023
   970 262.778372 335.178336 135.300798  28.267753  59.705612  59.705612   0.000000   0.000000  24.192565 291.814906 288.547479   0.047584   0.200705 292.596287   0.197024
   971 254.956137 334.237766 129.369527  25.651725  58.098049  58.098049   0.000000   0.000000  22.871985 291.586944 288.508702   0.047616   0.200702 292.421986   0.197024
   972 247.115653 333.297059 123.429362  23.018969  56.500680  56.500680   0.000000   0.000000  21.547695 291.357465 288.468858   0.047649   0.200699 292.246041   0.197025
   973 239.259078 332.358012 117.483270  20.366022  54.912575  54.912575   0.000000   0.000000  20.220249 291.126682 288.427955   0.047684   0.200697 292.068689   0.197026
   974 231.388710 331.423013 111.534203  17.691325  53.333306  53.333306   0.000000   0.000000  18.891090 290.894871 288.386001   0.047720   0.200694 291.890244   0.197027
   975 223.507002 330.494575 105.585013  14.995351  51.762814  51.762814   0.000000   0.000000  17.562092 290.662316 288.343009   0.047758   0.200692 291.711033   0.197028
   976 215.616577 329.574984  99.638452  12.280379  50.201116  50.201116   0.000000   0.000000  16.235150 290.429263 288.298994   0.047798   0.200689 291.531350   0.197029
   977 207.720248 328.666110  93.697231   9.550091  48.647917  48.647917   0.000000   0.000000  14.911885 290.195902 288.253972   0.047839   0.200687 291.351432   0.197030
   978 199.821044 327.769354  87.764093   6.809337  47.102228  47.102228   0.000000   0.000000  13.593510 289.962361 288.207963   0.047881   0.200685 291.171451   0.197031
   979 191.922231 326.885667  81.841890   4.064216  45.561975  45.561975   0.000000   0.000000  12.280785 289.728698 288.160982   0.047925   0.200682 290.991514   0.197032
   980 184.027342 326.015621  75.933676   1.322576  44.023293  44.023293   0.000000   0.000000  10.974014 289.494906 288.113048   0.047970   0.200680 290.811673   0.197033
   981 176.140217 325.159535  70.042886  -1.404327  42.477995  42.477995   0.000000   0.000000   9.673006 289.260883 288.064174   0.048018   0.200678 290.631938   0.197035
   982 168.265031 324.317489  64.173469  -4.088816  40.894009  40.894009   0.000000   0.000000   8.376963 289.026301 288.014371   0.048066   0.200676 290.452302   0.197036
   983 160.406352 323.489628  58.330961  -6.719816  39.305859  39.305859   0.000000   0.000000   7.083513 288.790472 287.963639   0.048117   0.200674 290.272345   0.197038
   984 152.569183 322.675957  52.523004  -9.318025  37.728235  37.728235   0.000000   0.000000   5.787829 288.553392 287.911979   0.048169   0.200673 290.091921   0.197039
   985 144.759029 321.874982  46.752521 -11.876268  36.158662  36.158662   0.000000   0.000000   4.489891 288.314991 287.859390   0.048222   0.200671 289.910785   0.197041
   986 136.981965 321.085123  41.023166 -14.388495  34.595935  34.595935   0.000000   0.000000   3.189208 288.075167 287.805872   0.048278   0.200669 289.728665   0.197043
   987 129.244722 320.304791  35.339276 -16.848494  33.038576  33.038576   0.000000   0.000000   1.885068 287.833806 287.751422   0.048335   0.200668 289.545244   0.197044
   988 121.554782 319.532327  29.705779 -19.248202  31.484148  31.484148   0.000000   0.000000   0.576683 287.590766 287.696037   0.048393   0.200666 289.360051   0.197046
   989 113.920494 318.765780  24.128136 -21.573137  29.926169  29.926169   0.000000   0.000000  -0.736894 287.345813 287.639709   0.048454   0.200665 289.172199   0.197048
   990 106.351208 317.999402  18.609424 -23.784721  28.327631  28.327631   0.000000   0.000000  -2.057274 287.098660 287.582429   0.048516   0.200663 288.981904   0.197050
   991  98.857434 317.230643  13.156993 -25.908135  26.719346  26.719346   0.000000   0.000000  -3.386384 286.849311 287.524188   0.048580   0.200662 288.789070   0.197053
   992  91.451031 316.457263   7.778057 -27.944302  25.115772  25.115772   0.000000   0.000000  -4.724140 286.597647 287.464976   0.048646   0.200661 288.593292   0.197055
   993  84.145427 315.677124   2.481817 -29.883952  23.518583  23.518583   0.000000   0.000000  -6.071305 286.343482 287.404780   0.048714   0.200660 288.393705   0.197057
   994  76.955879 314.886437  -2.722330 -31.693309  21.909087  21.909087   0.000000   0.000000  -7.429088 286.086385 287.343585   0.048784   0.200659 288.189951   0.197059
   995  69.899779 314.081616  -7.821817 -33.377868  20.291664  20.291664   0.000000   0.000000  -8.800401 285.826400 287.281375   0.048856   0.200658 287.982758   0.197062
   996  62.997016 313.266027 -12.797817 -34.992368  18.691710  18.691710   0.000000   0.000000 -10.184821 285.565086 287.218155   0.048929   0.200657 287.773324   0.197065
   997  56.270379 312.438173 -17.641647 -36.521894  17.126123  17.126123   0.000000   0.000000 -11.571481 285.303179 287.153941   0.049005   0.200656 287.561736   0.197067
   998  49.746032 311.596610 -22.337588 -37.946237  15.596333  15.596333   0.000000   0.000000 -12.955335 285.041085 287.088752   0.049082   0.200655 287.347853   0.197070
   999  43.454021 310.738517 -26.866429 -39.244075  14.099835  14.099835   0.000000   0.000000 -14.333669 284.779103 287.022611   0.049162   0.200655 287.132075   0.197073
  1000  37.428803 309.865659 -31.200406 -40.440015  12.644336  12.644336   0.000000   0.000000 -15.704558 284.518847 286.955559   0.049243   0.200654 286.916101   0.197075
  1001  31.709741 308.982304 -35.312064 -41.560624  11.246803  11.246803   0.000000   0.000000 -17.056981 284.262880 286.887669   0.049326   0.200653 286.701931   0.197078
  1002  26.341428 308.089526 -39.177552 -42.595198   9.921995   9.921995   0.000000   0.000000 -18.373520 284.013320 286.819038   0.049411   0.200653 286.490970   0.197081
  1003  21.373653 307.188510 -42.766382 -43.530923   8.677930   8.677930   0.000000   0.000000 -19.640021 283.772192 286.749782   0.049497   0.200653 286.284492   0.197084
  1004  16.860605 306.280220 -46.044186 -44.350779   7.519592   7.519592   0.000000   0.000000 -20.843130 283.541494 286.680040   0.049585   0.200652 286.083860   0.197086
  1005  12.858710 305.366517 -48.973709 -45.045603   6.451771   6.451771   0.000000   0.000000 -21.969823 283.323544 286.609972   0.049674   0.200652 285.890911   0.197089
  1006   9.422172 304.451526 -51.518791 -45.618505   5.481797   5.481797   0.000000   0.000000 -23.004999 283.121201 286.539766   0.049765   0.200652 285.707938   0.197092
  1007   6.595077 303.539828 -53.653556 -46.067125   4.618735   4.618735   0.000000   0.000000 -23.929957 282.937190 286.469638   0.049857   0.200651 285.537036   0.197094
  1008   4.399368 302.635429 -55.369629 -46.381330   3.869316   3.869316   0.000000   0.000000 -24.727137 282.773342 286.399815   0.049950   0.200651 285.379628   0.197096
  1009   2.820164 301.742657 -56.683289 -46.554351   3.235216   3.235216   0.000000   0.000000 -25.385313 282.630217 286.330521   0.050043   0.200651 285.236273   0.197099
  1010   1.795281 300.865926 -57.642260 -46.585289   2.712067   2.712067   0.000000   0.000000 -25.902131 282.506724 286.261956   0.050138   0.200651 285.106424   0.197101
  1011   1.222207 300.009462 -58.318567 -46.483005   2.288335   2.288335   0.000000   0.000000 -26.286625 282.400242 286.194275   0.050233   0.200651 284.988551   0.197102
  1012   0.992896 299.177060 -58.781597 -46.268463   1.946576   1.946576   0.000000   0.000000 -26.558232 282.307644 286.127587   0.050328   0.200651 284.880850   0.197104
  1013   0.000000 298.372097 -59.898193 -45.970460   1.668730   1.668730   0.000000   0.000000 -26.739602 282.200377 286.061627   0.050424   0.200651 284.764989   0.197105
  1014   0.000000 297.597104 -60.119323 -45.817976   1.313916   1.313916   0.000000   0.000000 -27.028750 282.117026 285.996649   0.050520   0.200651 284.666600   0.197107
  1015   0.000000 296.845647 -60.436343 -45.523355   1.075135   1.075135   0.000000   0.000000 -27.157363 282.041122 285.932681   0.050617   0.200651 284.574248   0.197108
  1016   0.000000 296.121288 -60.764198 -45.198370   0.867802   0.867802   0.000000   0.000000 -27.240909 281.968661 285.869697   0.050713   0.200651 284.485596   0.197109
  1017   0.000000 295.424439 -61.082647 -44.878340   0.672457   0.672457   0.000000   0.000000 -27.307258 281.898890 285.807670   0.050810   0.200650 284.400226   0.197110
  1018   0.000000 294.753725 -61.389284 -44.569945   0.486004   0.486004   0.000000   0.000000 -27.361457 281.831614 285.746570   0.050908   0.200650 284.317945   0.197111
  1019   0.000000 294.107310 -61.684888 -44.272752   0.307927   0.307927   0.000000   0.000000 -27.404689 281.766659 285.686370   0.051005   0.200650 284.238538   0.197111
  1020   0.000000 293.483430 -61.970290 -43.985876   0.137736   0.137736   0.000000   0.000000 -27.437976 281.703853 285.627043   0.051103   0.200650 284.161811   0.197112
  1021   0.000000 292.880657 -62.246009 -43.709650  -0.025082  -0.025082   0.000000   0.000000 -27.462333 281.643075 285.568566   0.051201   0.200650 284.087621   0.197112
  1022   0.000000 292.297759 -62.512624 -43.444284  -0.180839  -0.180839   0.000000   0.000000 -27.478435 281.584232 285.510914   0.051299   0.200650 284.015842   0.197113
  1023   0.000000 291.733530 -62.770826 -43.189146  -0.329775  -0.329775   0.000000   0.000000 -27.486776 281.527219 285.454067   0.051397   0.200650 283.946337   0.197113
  1024   0.000000 291.186829 -63.021188 -42.943381  -0.472227  -0.472227   0.000000   0.000000 -27.487938 281.471920 285.398002   0.051496   0.200650 283.878959   0.197113
  1025   0.000000 290.656578 -63.264176 -42.706004  -0.608607  -0.608607   0.000000   0.000000 -27.482575 281.418216 285.342700   0.051594   0.200651 283.813556   0.197113
  1026   0.000000 290.141742 -63.500189 -42.475886  -0.739374  -0.739374   0.000000   0.000000 -27.471389 281.365980 285.288141   0.051693   0.200651 283.749978   0.197113
  1027   0.000000 289.641351 -63.729536 -42.252124  -0.865028  -0.865028   0.000000   0.000000 -27.455121 281.315094 285.234304   0.051792   0.200651 283.688089   0.197113
  1028   0.000000 289.154569 -63.952432 -42.034410  -0.986033  -0.986033   0.000000   0.000000 -27.434473 281.265462 285.181172   0.051891   0.200651 283.627785   0.197113
  1029   0.000000 288.680703 -64.169076 -41.822854  -1.102730  -1.102730   0.000000   0.000000 -27.409968 281.217021 285.128725   0.051991   0.200651 283.568989   0.197113
  1030   0.000000 288.219123 -64.379756 -41.617369  -1.215330  -1.215330   0.000000   0.000000 -27.381934 281.169715 285.076948   0.052090   0.200651 283.511631   0.197113
  1031   0.000000 287.769219 -64.584788 -41.417612  -1.324004  -1.324004   0.000000   0.000000 -27.350629 281.123490 285.025823   0.052190   0.200651 283.455638   0.197112
  1032   0.000000 287.330412 -64.784452 -41.223143  -1.428944  -1.428944   0.000000   0.000000 -27.316331 281.078286 284.975335   0.052290   0.200651 283.400934   0.197112
  1033   0.000000 286.902137 -64.978999 -41.033421  -1.530360  -1.530360   0.000000   0.000000 -27.279343 281.034040 284.925469   0.052390   0.200651 283.347441   0.197111
  1034   0.000000 286.483858 -65.168634 -40.847946  -1.628488  -1.628488   0.000000   0.000000 -27.239999 280.990689 284.876209   0.052490   0.200651 283.295085   0.197111
  1035   0.000000 286.075089 -65.353516 -40.666459  -1.723564  -1.723564   0.000000   0.000000 -27.198634 280.948180 284.827541   0.052590   0.200651 283.243806   0.197110
  1036   0.000000 285.675421 -65.533774 -40.488955  -1.815782  -1.815782   0.000000   0.000000 -27.155524 280.906473 284.779451   0.052690   0.200651 283.193555   0.197110
  1037   0.000000 285.284488 -65.709563 -40.315429  -1.905274  -1.905274   0.000000   0.000000 -27.110848 280.865537 284.731927   0.052791   0.200651 283.144295   0.197109
  1038   0.000000 284.901942 -65.881066 -40.145735  -1.992135  -1.992135   0.000000   0.000000 -27.064729 280.825342 284.684955   0.052891   0.200651 283.095984   0.197108
  1039   0.000000 284.527444 -66.048458 -39.979648  -2.076462  -2.076462   0.000000   0.000000 -27.017291 280.785855 284.638523   0.052992   0.200651 283.048581   0.197108
  1040   0.000000 284.160669 -66.211894 -39.816897  -2.158365  -2.158365   0.000000   0.000000 -26.968674 280.747043 284.592619   0.053093   0.200652 283.002044   0.197107
  1041   0.000000 283.801303 -66.371508 -39.657241  -2.237964  -2.237964   0.000000   0.000000 -26.919032 280.708872 284.547232   0.053194   0.200652 282.956332   0.197106
  1042   0.000000 283.449065 -66.527406 -39.500572  -2.315381  -2.315381   0.000000   0.000000 -26.868520 280.671313 284.502350   0.053295   0.200652 282.911411   0.197105
  1043   0.000000 283.103707 -66.679685 -39.346877  -2.390714  -2.390714   0.000000   0.000000 -26.817259 280.634345 284.457964   0.053396   0.200652 282.867255   0.197104
  1044   0.000000 282.765004 -66.828454 -39.196132  -2.464036  -2.464036   0.000000   0.000000 -26.765328 280.597950 284.414062   0.053497   0.200652 282.823840   0.197103
  1045   0.000000 282.432738 -66.973830 -39.048248  -2.535407  -2.535407   0.000000   0.000000 -26.712785 280.562108 284.370634   0.053599   0.200652 282.781141   0.197102
  1046   0.000000 282.106699 -67.115927 -38.903093  -2.604885  -2.604885   0.000000   0.000000 -26.659686 280.526801 284.327672   0.053700   0.200652 282.739133   0.197101
  1047   0.000000 281.786682 -67.254847 -38.760525  -2.672536  -2.672536   0.000000   0.000000 -26.606099 280.492009 284.285166   0.053802   0.200652 282.697792   0.197100
  1048   0.000000 281.472491 -67.390680 -38.620443  -2.738432  -2.738432   0.000000   0.000000 -26.552098 280.457714 284.243106   0.053904   0.200653 282.657095   0.197099
  1049   0.000000 281.163952 -67.523504 -38.482808  -2.802640  -2.802640   0.000000   0.000000 -26.497748 280.423900 284.201485   0.054006   0.200653 282.617022   0.197098
  1050   0.000000 280.860903 -67.653396 -38.347606  -2.865214  -2.865214   0.000000   0.000000 -26.443098 280.390554 284.160293   0.054108   0.200653 282.577557   0.197097
  1051   0.000000 280.563192 -67.780442 -38.214794  -2.926201  -2.926201   0.000000   0.000000 -26.388179 280.357664 284.119523   0.054210   0.200653 282.538684   0.197095
  1052   0.000000 280.270668 -67.904725 -38.084300  -2.985640  -2.985640   0.000000   0.000000 -26.333015 280.325219 284.079167   0.054312   0.200653 282.500387   0.197094
  1053   0.000000 279.983185 -68.026328 -37.956037  -3.043577  -3.043577   0.000000   0.000000 -26.277639 280.293205 284.039217   0.054414   0.200653 282.462648   0.197093
  1054   0.000000 279.700601 -68.145323 -37.829932  -3.100060  -3.100060   0.000000   0.000000 -26.222086 280.261610 283.999666   0.054516   0.200653 282.425453   0.197092
  1055   0.000000 279.422783 -68.261777 -37.705945  -3.155137  -3.155137   0.000000   0.000000 -26.166392 280.230422 283.960506   0.054619   0.200654 282.388787   0.197090
  1056   0.000000 279.149606 -68.375755 -37.584054  -3.208851  -3.208851   0.000000   0.000000 -26.110583 280.199634 283.921731   0.054721   0.200654 282.352636   0.197089
  1057   0.000000 278.880953 -68.487324 -37.464221  -3.261239  -3.261239   0.000000   0.000000 -26.054679 280.169234 283.883333   0.054824   0.200654 282.316990   0.197088
  1058   0.000000 278.616704 -68.596553 -37.346395  -3.312336  -3.312336   0.000000   0.000000 -25.998694 280.139215 283.845307   0.054927   0.200654 282.281835   0.197086
  1059   0.000000 278.356744 -68.703507 -37.230511  -3.362180  -3.362180   0.000000   0.000000 -25.942649 280.109566 283.807646   0.055030   0.200654 282.247159   0.197085
  1060   0.000000 278.100961 -68.808248 -37.116515  -3.410808  -3.410808   0.000000   0.000000 -25.886564 280.080278 283.770344   0.055133   0.200654 282.212950   0.197083
  1061   0.000000 277.849247 -68.910834 -37.004367  -3.458259  -3.458259   0.000000   0.000000 -25.830463 280.051343 283.733394   0.055236   0.200655 282.179195   0.197082
  1062   0.000000 277.601497 -69.011322 -36.894035  -3.504570  -3.504570   0.000000   0.000000 -25.774363 280.022752 283.696792   0.055339   0.200655 282.145885   0.197080
  1063   0.000000 277.357611 -69.109768 -36.785479  -3.549773  -3.549773   0.000000   0.000000 -25.718280 279.994498 283.660530   0.055442   0.200655 282.113009   0.197079
  1064   0.000000 277.117490 -69.206231 -36.678651  -3.593903  -3.593903   0.000000   0.000000 -25.662229 279.966572 283.624604   0.055545   0.200655 282.080556   0.197077
  1065   0.000000 276.881035 -69.300765 -36.573497  -3.636991  -3.636991   0.000000   0.000000 -25.606225 279.938967 283.589008   0.055648   0.200655 282.048516   0.197076
  1066   0.000000 276.648150 -69.393424 -36.469971  -3.679072  -3.679072   0.000000   0.000000 -25.550288 279.911675 283.553737   0.055752   0.200655 282.016877   0.197074
  1067   0.000000 276.418741 -69.484259 -36.368034  -3.720180  -3.720180   0.000000   0.000000 -25.494436 279.884688 283.518785   0.055855   0.200656 281.985630   0.197073
  1068   0.000000 276.192719 -69.573318 -36.267648  -3.760346  -3.760346   0.000000   0.000000 -25.438685 279.857998 283.484148   0.055959   0.200656 281.954765   0.197071
  1069   0.000000 275.969994 -69.660653 -36.168767  -3.799602  -3.799602   0.000000   0.000000 -25.383050 279.831599 283.449820   0.056063   0.200656 281.924273   0.197069
  1070   0.000000 275.750478 -69.746313 -36.071344  -3.837977  -3.837977   0.000000   0.000000 -25.327549 279.805483 283.415797   0.056166   0.200656 281.894143   0.197068
  1071   0.000000 275.534084 -69.830344 -35.975331  -3.875503  -3.875503   0.000000   0.000000 -25.272199 279.779643 283.382074   0.056270   0.200656 281.864366   0.197066
  1072   0.000000 275.320726 -69.912793 -35.880686  -3.912210  -3.912210   0.000000   0.000000 -25.217017 279.754071 283.348646   0.056374   0.200656 281.834933   0.197064
  1073   0.000000 275.110322 -69.993704 -35.787368  -3.948128  -3.948128   0.000000   0.000000 -25.162022 279.727174 283.315487   0.056478   0.200657 281.804937   0.197063
  1074   0.000000 274.902791 -70.065482 -35.718240  -3.933395  -3.933395   0.000000   0.000000 -25.118193 279.698424 283.282568   0.056582   0.200657 281.774088   0.197061
  1075   0.000000 274.697265 -70.126431 -35.679787  -3.861563  -3.861563   0.000000   0.000000 -25.089011 279.669639 283.249883   0.056686   0.200657 281.743355   0.197059
  1076   0.000000 274.492643 -70.186379 -35.643594  -3.794772  -3.794772   0.000000   0.000000 -25.061708 279.640997 283.217428   0.056790   0.200657 281.712749   0.197057
  1077   0.000000 274.288842 -70.246261 -35.606238  -3.729864  -3.729864   0.000000   0.000000 -25.035017 279.612494 283.185201   0.056893   0.200657 281.682256   0.197055
  1078   0.000000 274.085969 -70.305953 -35.567683  -3.666923  -3.666923   0.000000   0.000000 -25.008948 279.584125 283.153198   0.056996   0.200658 281.651878   0.197054
  1079   0.000000 273.884133 -70.365329 -35.528142  -3.605905  -3.605905   0.000000   0.000000 -24.983509 279.555895 283.121417   0.057099   0.200658 281.621625   0.197052
  1080   0.000000 273.683420 -70.424320 -35.487754  -3.546733  -3.546733   0.000000   0.000000 -24.958653 279.527808 283.089854   0.057202   0.200658 281.591507   0.197050
  1081   0.000000 273.483896 -70.482886 -35.449720  -3.489416  -3.489416   0.000000   0.000000 -24.934323 279.499958 283.058508   0.057305   0.200658 281.561626   0.197048
  1082   0.000000 273.285505 -70.541539 -35.411832  -3.433446  -3.433446   0.000000   0.000000 -24.909845 279.472334 283.027376   0.057408   0.200658 281.531962   0.197046
  1083   0.000000 273.088303 -70.600155 -35.374032  -3.378834  -3.378834   0.000000   0.000000 -24.885298 279.444924 282.996458   0.057510   0.200658 281.502511   0.197044
  1084   0.000000 272.892351 -70.658631 -35.336407  -3.325559  -3.325559   0.000000   0.000000 -24.860736 279.417726 282.965750   0.057612   0.200659 281.473274   0.197042
  1085   0.000000 272.697695 -70.716903 -35.299003  -3.273573  -3.273573   0.000000   0.000000 -24.836169 279.390738 282.935251   0.057715   0.200659 281.444252   0.197039
  1086   0.000000 272.504370 -70.774930 -35.261839  -3.222825  -3.222825   0.000000   0.000000 -24.811591 279.363959 282.904958   0.057817   0.200659 281.415445   0.197037
  1087   0.000000 272.312401 -70.832683 -35.224925  -3.173265  -3.173265   0.000000   0.000000 -24.786994 279.337388 282.874869   0.057919   0.200659 281.386854   0.197035
  1088   0.000000 272.121806 -70.890138 -35.188267  -3.124845  -3.124845   0.000000   0.000000 -24.762371 279.311024 282.844983   0.058020   0.200659 281.358479   0.197033
  1089   0.000000 271.932594 -70.947277 -35.151867  -3.077520  -3.077520   0.000000   0.000000 -24.737719 279.284864 282.815297   0.058122   0.200659 281.330319   0.197031
  1090   0.000000 271.744770 -71.004087 -35.115728  -3.031253  -3.031253   0.000000   0.000000 -24.713035 279.258907 282.785810   0.058223   0.200659 281.302373   0.197029
  1091   0.000000 271.558336 -71.060554 -35.079848  -2.986004  -2.986004   0.000000   0.000000 -24.688319 279.233150 282.756518   0.058325   0.200660 281.274638   0.197027
  1092   0.000000 271.373288 -71.116670 -35.044225  -2.941742  -2.941742   0.000000   0.000000 -24.663575 279.207591 282.727420   0.058426   0.200660 281.247113   0.197025
  1093   0.000000 271.189621 -71.172427 -35.008858  -2.898434  -2.898434   0.000000   0.000000 -24.638805 279.182226 282.698514   0.058527   0.200660 281.219795   0.197022
  1094   0.000000 271.007327 -71.227818 -34.973743  -2.856052  -2.856052   0.000000   0.000000 -24.614016 279.157054 282.669798   0.058628   0.200660 281.192682   0.197020
  1095   0.000000 270.826395 -71.282839 -34.938876  -2.814568  -2.814568   0.000000   0.000000 -24.589211 279.132070 282.641270   0.058728   0.200660 281.165770   0.197018
  1096   0.000000 270.646816 -71.337485 -34.904253  -2.773958  -2.773958   0.000000   0.000000 -24.564399 279.107272 282.612927   0.058829   0.200660 281.139058   0.197016
  1097   0.000000 270.468575 -71.391753 -34.869870  -2.734196  -2.734196   0.000000   0.000000 -24.539585 279.082657 282.584768   0.058929   0.200660 281.112542   0.197013
  1098   0.000000 270.291659 -71.445641 -34.835723  -2.695262  -2.695262   0.000000   0.000000 -24.514778 279.058221 282.556790   0.059030   0.200661 281.086219   0.197011
  1099   0.000000 270.116056 -71.499147 -34.801806  -2.657132  -2.657132   0.000000   0.000000 -24.489983 279.033963 282.528993   0.059130   0.200661 281.060087   0.197009
  1100   0.000000 269.941749 -71.552269 -34.768115  -2.619788  -2.619788   0.000000   0.000000 -24.465210 279.009877 282.501372   0.059230   0.200661 281.034141   0.197007
  1101   0.000000 269.768724 -71.605008 -34.734646  -2.583209  -2.583209   0.000000   0.000000 -24.440465 278.985963 282.473928   0.059330   0.200661 281.008380   0.197004
  1102   0.000000 269.596966 -71.657362 -34.701393  -2.547377  -2.547377   0.000000   0.000000 -24.415756 278.962215 282.446657   0.059430   0.200661 280.982799   0.197002
  1103   0.000000 269.426459 -71.709332 -34.668352  -2.512273  -2.512273   0.000000   0.000000 -24.391089 278.938633 282.419557   0.059530   0.200661 280.957397   0.197000
  1104   0.000000 269.257188 -71.760918 -34.635519  -2.477881  -2.477881   0.000000   0.000000 -24.366472 278.915211 282.392628   0.059629   0.200661 280.932170   0.196998
  1105   0.000000 269.089137 -71.812120 -34.602890  -2.444184  -2.444184   0.000000   0.000000 -24.341913 278.891949 282.365866   0.059729   0.200661 280.907116   0.196995
  1106   0.000000 268.922290 -71.862939 -34.570459  -2.411166  -2.411166   0.000000   0.000000 -24.317417 278.868842 282.339270   0.059828   0.200662 280.882231   0.196993
  1107   0.000000 268.756633 -71.913376 -34.538223  -2.378810  -2.378810   0.000000   0.000000 -24.292990 278.845889 282.312838   0.059927   0.200662 280.857512   0.196991
  1108   0.000000 268.592149 -71.963433 -34.506179  -2.347103  -2.347103   0.000000   0.000000 -24.268640 278.823086 282.286568   0.060026   0.200662 280.832957   0.196988
  1109   0.000000 268.428824 -72.013109 -34.474322  -2.316028  -2.316028   0.000000   0.000000 -24.244372 278.800430 282.260458   0.060125   0.200662 280.808564   0.196986
  1110   0.000000 268.266642 -72.062407 -34.442649  -2.285572  -2.285572   0.000000   0.000000 -24.220192 278.777920 282.234507   0.060224   0.200662 280.784328   0.196984
  1111   0.000000 268.105589 -72.111328 -34.411157  -2.255721  -2.255721   0.000000   0.000000 -24.196105 278.755553 282.208712   0.060323   0.200662 280.760249   0.196981
  1112   0.000000 267.945651 -72.159874 -34.379842  -2.226460  -2.226460   0.000000   0.000000 -24.172116 278.733325 282.183072   0.060422   0.200662 280.736323   0.196979
  1113   0.000000 267.786813 -72.208045 -34.348703  -2.197777  -2.197777   0.000000   0.000000 -24.148229 278.711235 282.157585   0.060520   0.200662 280.712548   0.196977
  1114   0.000000 267.629061 -72.255844 -34.317736  -2.169658  -2.169658   0.000000   0.000000 -24.124450 278.689281 282.132250   0.060619   0.200662 280.688921   0.196974
  1115   0.000000 267.472382 -72.303272 -34.286940  -2.142091  -2.142091   0.000000   0.000000 -24.100782 278.667459 282.107064   0.060717   0.200663 280.665440   0.196972
  1116   0.000000 267.316762 -72.350331 -34.256311  -2.115062  -2.115062   0.000000   0.000000 -24.077230 278.645769 282.082025   0.060815   0.200663 280.642103   0.196970
  1117   0.000000 267.162188 -72.397023 -34.225850  -2.088561  -2.088561   0.000000   0.000000 -24.053796 278.624207 282.057133   0.060913   0.200663 280.618908   0.196967
  1118   0.000000 267.008648 -72.443348 -34.195553  -2.062573  -2.062573   0.000000   0.000000 -24.030485 278.602772 282.032386   0.061011   0.200663 280.595852   0.196965
  1119   0.000000 266.856128 -72.489310 -34.165419  -2.037089  -2.037089   0.000000   0.000000 -24.007299 278.581461 282.007781   0.061109   0.200663 280.572933   0.196962
  1120   0.000000 266.704618 -72.534909 -34.135449  -2.012096  -2.012096   0.000000   0.000000 -23.984240 278.560273 281.983318   0.061207   0.200663 280.550150   0.196960
  1121   0.000000 266.554105 -72.580147 -34.105640  -1.987582  -1.987582   0.000000   0.000000 -23.961312 278.539206 281.958994   0.061304   0.200663 280.527500   0.196958
  1122   0.000000 266.404577 -72.625026 -34.075992  -1.963536  -1.963536   0.000000   0.000000 -23.938516 278.518258 281.934808   0.061402   0.200663 280.504982   0.196955
  1123   0.000000 266.256024 -72.669547 -34.046506  -1.939948  -1.939948   0.000000   0.000000 -23.915854 278.497427 281.910759   0.061499   0.200663 280.482593   0.196953
  1124   0.000000 266.108436 -72.713712 -34.017181  -1.916806  -1.916806   0.000000   0.000000 -23.893327 278.476711 281.886845   0.061596   0.200663 280.460332   0.196950
  1125   0.000000 265.961800 -72.757524 -33.988017  -1.894100  -1.894100   0.000000   0.000000 -23.870938 278.456109 281.863064   0.061694   0.200663 280.438198   0.196948
  1126   0.000000 265.816109 -72.800982 -33.959016  -1.871819  -1.871819   0.000000   0.000000 -23.848686 278.435620 281.839416   0.061791   0.200664 280.416188   0.196946
  1127   0.000000 265.671351 -72.844089 -33.930177  -1.849952  -1.849952   0.000000   0.000000 -23.826573 278.415241 281.815898   0.061888   0.200664 280.394301   0.196943
  1128   0.000000 265.527517 -72.886847 -33.901502  -1.828490  -1.828490   0.000000   0.000000 -23.804598 278.394971 281.792509   0.061985   0.200664 280.372536   0.196941
  1129   0.000000 265.384599 -72.929256 -33.872991  -1.807422  -1.807422   0.000000   0.000000 -23.782763 278.374809 281.769247   0.062081   0.200664 280.350891   0.196938
  1130   0.000000 265.242587 -72.971319 -33.844647  -1.786739  -1.786739   0.000000   0.000000 -23.761067 278.354754 281.746112   0.062178   0.200664 280.329364   0.196936
  1131   0.000000 265.101473 -73.013037 -33.816471  -1.766431  -1.766431   0.000000   0.000000 -23.739510 278.334803 281.723102   0.062275   0.200664 280.307955   0.196934
  1132   0.000000 264.961249 -73.054411 -33.788464  -1.746488  -1.746488   0.000000   0.000000 -23.718091 278.314957 281.700215   0.062371   0.200664 280.286662   0.196931
  1133   0.000000 264.821907 -73.095442 -33.760629  -1.726901  -1.726901   0.000000   0.000000 -23.696809 278.295213 281.677451   0.062468   0.200664 280.265484   0.196929
  1134   0.000000 264.683439 -73.136133 -33.732967  -1.707660  -1.707660   0.000000   0.000000 -23.675664 278.275571 281.654807   0.062564   0.200664 280.244420   0.196926
  1135   0.000000 264.545838 -73.176484 -33.705482  -1.688756  -1.688756   0.000000   0.000000 -23.654654 278.256030 281.632284   0.062660   0.200664 280.223469   0.196924
  1136   0.000000 264.409097 -73.216498 -33.678175  -1.670182  -1.670182   0.000000   0.000000 -23.633778 278.236587 281.609878   0.062756   0.200664 280.202629   0.196922
  1137   0.000000 264.273208 -73.256174 -33.651049  -1.651926  -1.651926   0.000000   0.000000 -23.613034 278.217244 281.587590   0.062852   0.200664 280.181900   0.196919
  1138   0.000000 264.138167 -73.295516 -33.624107  -1.633982  -1.633982   0.000000   0.000000 -23.592421 278.197998 281.565417   0.062948   0.200665 280.161281   0.196917
  1139   0.000000 264.003965 -73.334524 -33.597352  -1.616340  -1.616340   0.000000   0.000000 -23.571937 278.178848 281.543359   0.063044   0.200665 280.140770   0.196914
  1140   0.000000 263.870597 -73.373199 -33.570785  -1.598993  -1.598993   0.000000   0.000000 -23.551579 278.159794 281.521415   0.063140   0.200665 280.120367   0.196912
  1141   0.000000 263.738056 -73.411543 -33.544411  -1.581932  -1.581932   0.000000   0.000000 -23.531346 278.140835 281.499583   0.063235   0.200665 280.100071   0.196909
  1142   0.000000 263.606338 -73.449557 -33.518232  -1.565149  -1.565149   0.000000   0.000000 -23.511235 278.121970 281.477862   0.063331   0.200665 280.079882   0.196907
  1143   0.000000 263.475436 -73.487244 -33.492252  -1.548637  -1.548637   0.000000   0.000000 -23.491244 278.103199 281.456252   0.063426   0.200665 280.059797   0.196905
  1144   0.000000 263.345345 -73.524603 -33.466472  -1.532387  -1.532387   0.000000   0.000000 -23.471370 278.084520 281.434750   0.063522   0.200665 280.039818   0.196902
  1145   0.000000 263.216060 -73.561637 -33.440898  -1.516393  -1.516393   0.000000   0.000000 -23.451611 278.065933 281.413356   0.063617   0.200665 280.019943   0.196900
  1146   0.000000 263.087575 -73.598348 -33.415531  -1.500646  -1.500646   0.000000   0.000000 -23.431963 278.047437 281.392069   0.063712   0.200665 280.000171   0.196897
  1147   0.000000 262.959885 -73.634735 -33.390374  -1.485141  -1.485141   0.000000   0.000000 -23.412425 278.029032 281.370888   0.063807   0.200665 279.980502   0.196895
  1148   0.000000 262.832986 -73.670802 -33.365431  -1.469870  -1.469870   0.000000   0.000000 -23.392993 278.010717 281.349811   0.063902   0.200665 279.960935   0.196892
  1149   0.000000 262.706872 -73.706549 -33.340705  -1.454827  -1.454827   0.000000   0.000000 -23.373664 277.992491 281.328839   0.063997   0.200665 279.941469   0.196890
  1150   0.000000 262.581540 -73.741979 -33.316199  -1.440005  -1.440005   0.000000   0.000000 -23.354436 277.974354 281.307969   0.064092   0.200665 279.922105   0.196888
  1151   0.000000 262.456983 -73.777092 -33.291915  -1.425397  -1.425397   0.000000   0.000000 -23.335305 277.956305 281.287200   0.064186   0.200666 279.902840   0.196885
  1152   0.000000 262.333198 -73.811891 -33.267856  -1.410997  -1.410997   0.000000   0.000000 -23.316268 277.938344 281.266533   0.064281   0.200666 279.883676   0.196883
  1153   0.000000 262.210180 -73.846376 -33.244026  -1.396800  -1.396800   0.000000   0.000000 -23.297324 277.920470 281.245965   0.064376   0.200666 279.864611   0.196880
  1154   0.000000 262.087925 -73.880550 -33.220426  -1.382800  -1.382800   0.000000   0.000000 -23.278467 277.902683 281.225497   0.064470   0.200666 279.845644   0.196878
  1155   0.000000 261.966427 -73.914415 -33.197060  -1.368991  -1.368991   0.000000   0.000000 -23.259697 277.884982 281.205126   0.064564   0.200666 279.826776   0.196875
  1156   0.000000 261.845684 -73.947971 -33.173930  -1.355368  -1.355368   0.000000   0.000000 -23.241009 277.867367 281.184853   0.064659   0.200666 279.808006   0.196873
  1157   0.000000 261.725689 -73.981221 -33.151038  -1.341925  -1.341925   0.000000   0.000000 -23.222402 277.849837 281.164676   0.064753   0.200666 279.789333   0.196870
  1158   0.000000 261.606439 -74.014168 -33.128386  -1.328657  -1.328657   0.000000   0.000000 -23.203871 277.832392 281.144594   0.064847   0.200666 279.770756   0.196868
  1159   0.000000 261.487929 -74.046811 -33.105977  -1.315561  -1.315561   0.000000   0.000000 -23.185415 277.815031 281.124607   0.064941   0.200666 279.752276   0.196866
  1160   0.000000 261.370155 -74.079154 -33.083812  -1.302630  -1.302630   0.000000   0.000000 -23.167030 277.797754 281.104713   0.065035   0.200666 279.733892   0.196863
  1161   0.000000 261.253113 -74.111199 -33.061893  -1.289861  -1.289861   0.000000   0.000000 -23.148714 277.780560 281.084912   0.065129   0.200666 279.715603   0.196861
  1162   0.000000 261.136797 -74.142947 -33.040222  -1.277249  -1.277249   0.000000   0.000000 -23.130465 277.763450 281.065204   0.065222   0.200666 279.697409   0.196858
  1163   0.000000 261.021204 -74.174400 -33.018801  -1.264790  -1.264790   0.000000   0.000000 -23.112279 277.746422 281.045587   0.065316   0.200666 279.679309   0.196856
  1164   0.000000 260.906329 -74.205561 -32.997630  -1.252480  -1.252480   0.000000   0.000000 -23.094155 277.729476 281.026060   0.065409   0.200666 279.661303   0.196853
  1165   0.000000 260.792167 -74.236431 -32.976710  -1.240316  -1.240316   0.000000   0.000000 -23.076090 277.712611 281.006623   0.065503   0.200666 279.643390   0.196851
  1166   0.000000 260.678714 -74.267013 -32.956043  -1.228293  -1.228293   0.000000   0.000000 -23.058082 277.695828 280.987275   0.065596   0.200666 279.625571   0.196849
  1167   0.000000 260.565965 -74.297309 -32.935630  -1.216409  -1.216409   0.000000   0.000000 -23.040129 277.679125 280.968015   0.065690   0.200667 279.607843   0.196846
  1168   0.000000 260.453915 -74.327321 -32.915471  -1.204660  -1.204660   0.000000   0.000000 -23.022229 277.662503 280.948843   0.065783   0.200667 279.590207   0.196844
  1169   0.000000 260.342559 -74.357052 -32.895567  -1.193043  -1.193043   0.000000   0.000000 -23.004379 277.645960 280.929757   0.065876   0.200667 279.572663   0.196841
  1170   0.000000 260.231893 -74.386503 -32.875917  -1.181556  -1.181556   0.000000   0.000000 -22.986579 277.629497 280.910758   0.065969   0.200667 279.555209   0.196839
  1171   0.000000 260.121912 -74.415677 -32.855457  -1.170184  -1.170184   0.000000   0.000000 -22.968826 277.613086 280.891843   0.066062   0.200667 279.537819   0.196836
  1172   0.000000 260.012644 -74.444419 -32.835103  -1.159060  -1.159060   0.000000   0.000000 -22.951303 277.596734 280.873013   0.066155   0.200667 279.520499   0.196834
  1173   0.000000 259.904069 -74.472781 -32.814777  -1.148135  -1.148135   0.000000   0.000000 -22.933954 277.580443 280.854266   0.066248   0.200667 279.503252   0.196831
  1174   0.000000 259.796168 -74.500789 -32.794448  -1.137396  -1.137396   0.000000   0.000000 -22.916762 277.564212 280.835601   0.066340   0.200667 279.486075   0.196829
  1175   0.000000 259.688924 -74.528457 -32.774110  -1.126837  -1.126837   0.000000   0.000000 -22.899723 277.548041 280.817018   0.066433   0.200667 279.468967   0.196827
  1176   0.000000 259.582320 -74.555796 -32.753763  -1.116457  -1.116457   0.000000   0.000000 -22.882839 277.531928 280.798515   0.066526   0.200667 279.451926   0.196824
  1177   0.000000 259.476344 -74.582816 -32.733408  -1.106252  -1.106252   0.000000   0.000000 -22.866111 277.515873 280.780093   0.066618   0.200667 279.434953   0.196822
  1178   0.000000 259.370980 -74.609525 -32.713045  -1.096223  -1.096223   0.000000   0.000000 -22.849540 277.499874 280.761749   0.066710   0.200667 279.418044   0.196819
  1179   0.000000 259.266216 -74.635929 -32.692675  -1.086366  -1.086366   0.000000   0.000000 -22.833128 277.483930 280.743484   0.066803   0.200667 279.401199   0.196817
  1180   0.000000 259.162039 -74.662037 -32.672297  -1.076679  -1.076679   0.000000   0.000000 -22.816878 277.468040 280.725296   0.066895   0.200667 279.384417   0.196814
  1181   0.000000 259.058438 -74.687854 -32.651911  -1.067162  -1.067162   0.000000   0.000000 -22.800790 277.452203 280.707184   0.066987   0.200667 279.367696   0.196812
  1182   0.000000 258.955399 -74.713386 -32.631517  -1.057812  -1.057812   0.000000   0.000000 -22.784868 277.436419 280.689149   0.067079   0.200667 279.351035   0.196809
  1183   0.000000 258.852913 -74.738641 -32.611114  -1.048627  -1.048627   0.000000   0.000000 -22.769113 277.420685 280.671189   0.067171   0.200667 279.334433   0.196807
  1184   0.000000 258.750968 -74.763622 -32.590701  -1.039606  -1.039606   0.000000   0.000000 -22.753527 277.405001 280.653303   0.067263   0.200667 279.317888   0.196805
  1185   0.000000 258.649552 -74.788337 -32.570278  -1.030747  -1.030747   0.000000   0.000000 -22.738112 277.389366 280.635490   0.067355   0.200667 279.301400   0.196802
  1186   0.000000 258.548656 -74.812789 -32.549842  -1.022047  -1.022047   0.000000   0.000000 -22.722870 277.373779 280.617751   0.067447   0.200668 279.284967   0.196800
  1187   0.000000 258.448269 -74.836985 -32.529393  -1.013506  -1.013506   0.000000   0.000000 -22.707803 277.358239 280.600083   0.067538   0.200668 279.268587   0.196797
  1188   0.000000 258.348380 -74.860929 -32.508929  -1.005120  -1.005120   0.000000   0.000000 -22.692913 277.342744 280.582487   0.067630   0.200668 279.252260   0.196795
  1189   0.000000 258.248979 -74.884627 -32.488450  -0.996889  -0.996889   0.000000   0.000000 -22.678202 277.327294 280.564961   0.067721   0.200668 279.235985   0.196792
  1190   0.000000 258.150057 -74.908083 -32.467952  -0.988811  -0.988811   0.000000   0.000000 -22.663672 277.311888 280.547506   0.067813   0.200668 279.219760   0.196790
  1191   0.000000 258.051602 -74.931302 -32.447435  -0.980884  -0.980884   0.000000   0.000000 -22.649325 277.296524 280.530119   0.067904   0.200668 279.203584   0.196788
  1192   0.000000 257.953607 -74.954288 -32.426896  -0.973106  -0.973106   0.000000   0.000000 -22.635163 277.281202 280.512801   0.067995   0.200668 279.187456   0.196785
  1193   0.000000 257.856060 -74.977046 -32.406334  -0.965476  -0.965476   0.000000   0.000000 -22.621189 277.265921 280.495550   0.068087   0.200668 279.171375   0.196783
  1194   0.000000 257.758952 -74.999581 -32.385747  -0.957992  -0.957992   0.000000   0.000000 -22.607403 277.250680 280.478367   0.068178   0.200668 279.155339   0.196780
  1195   0.000000 257.662274 -75.021896 -32.365132  -0.950652  -0.950652   0.000000   0.000000 -22.593810 277.235477 280.461249   0.068269   0.200668 279.139348   0.196778
  1196   0.000000 257.566016 -75.043997 -32.344488  -0.943455  -0.943455   0.000000   0.000000 -22.580410 277.220311 280.444198   0.068360   0.200668 279.123400   0.196775
  1197   0.000000 257.470169 -75.065888 -32.323811  -0.936400  -0.936400   0.000000   0.000000 -22.567205 277.205182 280.427211   0.068451   0.200668 279.107494   0.196773
  1198   0.000000 257.374723 -75.087572 -32.303100  -0.929485  -0.929485   0.000000   0.000000 -22.554199 277.190089 280.410288   0.068542   0.200668 279.091629   0.196770
  1199   0.000000 257.279669 -75.109054 -32.282353  -0.922708  -0.922708   0.000000   0.000000 -22.541393 277.175031 280.393429   0.068632   0.200668 279.075804   0.196768
  1200   0.000000 257.184998 -75.130338 -32.261565  -0.916069  -0.916069   0.000000   0.000000 -22.528789 277.160006 280.376633   0.068723   0.200668 279.060017   0.196766
  1201   0.000000 257.090702 -75.151429 -32.240737  -0.909565  -0.909565   0.000000   0.000000 -22.516390 277.145013 280.359898   0.068814   0.200668 279.044268   0.196763
  1202   0.000000 256.996770 -75.172329 -32.219863  -0.903196  -0.903196   0.000000   0.000000 -22.504198 277.130052 280.343226   0.068904   0.200668 279.028555   0.196761
  1203   0.000000 256.903193 -75.193043 -32.198943  -0.896960  -0.896960   0.000000   0.000000 -22.492215 277.115122 280.326614   0.068995   0.200668 279.012878   0.196758
  1204   0.000000 256.809964 -75.213575 -32.177973  -0.890856  -0.890856   0.000000   0.000000 -22.480445 277.100221 280.310062   0.069085   0.200668 278.997234   0.196756
  1205   0.000000 256.717073 -75.233929 -32.156950  -0.884883  -0.884883   0.000000   0.000000 -22.468888 277.085348 280.293570   0.069176   0.200668 278.981623   0.196753
  1206   0.000000 256.624511 -75.254108 -32.135872  -0.879039  -0.879039   0.000000   0.000000 -22.457547 277.070504 280.277136   0.069266   0.200668 278.966044   0.196751
  1207   0.000000 256.532269 -75.274117 -32.114736  -0.873324  -0.873324   0.000000   0.000000 -22.446426 277.055685 280.260761   0.069356   0.200668 278.950495   0.196749
  1208   0.000000 256.440339 -75.293958 -32.093538  -0.867736  -0.867736   0.000000   0.000000 -22.435525 277.040893 280.244443   0.069446   0.200669 278.934976   0.196746
  1209   0.000000 256.348713 -75.313636 -32.072278  -0.862275  -0.862275   0.000000   0.000000 -22.424849 277.026125 280.228182   0.069536   0.200669 278.919485   0.196744
  1210   0.000000 256.257381 -75.333155 -32.050950  -0.856938  -0.856938   0.000000   0.000000 -22.414398 277.011380 280.211977   0.069626   0.200669 278.904021   0.196741
  1211   0.000000 256.166335 -75.352517 -32.029555  -0.851725  -0.851725   0.000000   0.000000 -22.404175 276.996658 280.195827   0.069716   0.200669 278.888583   0.196739
  1212   0.000000 256.075567 -75.371726 -32.008086  -0.846635  -0.846635   0.000000   0.000000 -22.394183 276.981958 280.179733   0.069806   0.200669 278.873170   0.196737
  1213   0.000000 255.985068 -75.390786 -31.986543  -0.841667  -0.841667   0.000000   0.000000 -22.384424 276.967278 280.163693   0.069896   0.200669 278.857781   0.196734
  1214   0.000000 255.894831 -75.409700 -31.964921  -0.836819  -0.836819   0.000000   0.000000 -22.374901 276.952618 280.147706   0.069986   0.200669 278.842414   0.196732
  1215   0.000000 255.804847 -75.428471 -31.943221  -0.832091  -0.832091   0.000000   0.000000 -22.365615 276.937977 280.131773   0.070075   0.200669 278.827069   0.196729
  1216   0.000000 255.715107 -75.447104 -31.921436  -0.827481  -0.827481   0.000000   0.000000 -22.356569 276.923354 280.115892   0.070165   0.200669 278.811745   0.196727
  1217   0.000000 255.625605 -75.465600 -31.899567  -0.822989  -0.822989   0.000000   0.000000 -22.347765 276.908747 280.100062   0.070255   0.200669 278.796440   0.196724
  1218   0.000000 255.536332 -75.483964 -31.877608  -0.818614  -0.818614   0.000000   0.000000 -22.339205 276.894157 280.084284   0.070344   0.200669 278.781153   0.196722
  1219   0.000000 255.447280 -75.502197 -31.855560  -0.814353  -0.814353   0.000000   0.000000 -22.330893 276.879581 280.068557   0.070434   0.200669 278.765884   0.196720
  1220   0.000000 255.358442 -75.520305 -31.833417  -0.810207  -0.810207   0.000000   0.000000 -22.322829 276.865019 280.052879   0.070523   0.200669 278.750630   0.196717
  1221   0.000000 255.269810 -75.538289 -31.811180  -0.806174  -0.806174   0.000000   0.000000 -22.315016 276.850471 280.037250   0.070612   0.200669 278.735393   0.196715
  1222   0.000000 255.181376 -75.556153 -31.788843  -0.802253  -0.802253   0.000000   0.000000 -22.307456 276.835935 280.021671   0.070702   0.200669 278.720169   0.196712
  1223   0.000000 255.093134 -75.573900 -31.766408  -0.798443  -0.798443   0.000000   0.000000 -22.300151 276.821410 280.006139   0.070791   0.200669 278.704958   0.196710
  1224   0.000000 255.005075 -75.591532 -31.743867  -0.794743  -0.794743   0.000000   0.000000 -22.293103 276.806896 279.990655   0.070880   0.200669 278.689760   0.196708
  1225   0.000000 254.917193 -75.609052 -31.721225  -0.791152  -0.791152   0.000000   0.000000 -22.286314 276.792391 279.975218   0.070969   0.200669 278.674573   0.196705
  1226   0.000000 254.829479 -75.626465 -31.698471  -0.787668  -0.787668   0.000000   0.000000 -22.279786 276.777896 279.959827   0.071058   0.200669 278.659396   0.196703
  1227   0.000000 254.741929 -75.643771 -31.675613  -0.784291  -0.784291   0.000000   0.000000 -22.273521 276.763408 279.944482   0.071147   0.200669 278.644228   0.196700
  1228   0.000000 254.654533 -75.660974 -31.652638  -0.781019  -0.781019   0.000000   0.000000 -22.267520 276.748927 279.929182   0.071236   0.200669 278.629069   0.196698
  1229   0.000000 254.567287 -75.678076 -31.629556  -0.777851  -0.777851   0.000000   0.000000 -22.261785 276.734453 279.913927   0.071325   0.200669 278.613917   0.196695
  1230   0.000000 254.480182 -75.695082 -31.606353  -0.774786  -0.774786   0.000000   0.000000 -22.256318 276.719984 279.898715   0.071413   0.200669 278.598771   0.196693
  1231   0.000000 254.393213 -75.711991 -31.583040  -0.771823  -0.771823   0.000000   0.000000 -22.251121 276.705519 279.883547   0.071502   0.200669 278.583631   0.196691
  1232   0.000000 254.306372 -75.728809 -31.559600  -0.768960  -0.768960   0.000000   0.000000 -22.246194 276.691059 279.868422   0.071591   0.200669 278.568496   0.196688
  1233   0.000000 254.219654 -75.745536 -31.536049  -0.766198  -0.766198   0.000000   0.000000 -22.241541 276.676602 279.853339   0.071679   0.200669 278.553364   0.196686
  1234   0.000000 254.133052 -75.762177 -31.512365  -0.763533  -0.763533   0.000000   0.000000 -22.237160 276.662147 279.838298   0.071768   0.200670 278.538236   0.196683
  1235   0.000000 254.046561 -75.778730 -31.488569  -0.760965  -0.760965   0.000000   0.000000 -22.233056 276.647694 279.823298   0.071856   0.200670 278.523109   0.196681
  1236   0.000000 253.960172 -75.795203 -31.464635  -0.758493  -0.758493   0.000000   0.000000 -22.229227 276.633241 279.808338   0.071945   0.200670 278.507984   0.196679
  1237   0.000000 253.873882 -75.811594 -31.440587  -0.756116  -0.756116   0.000000   0.000000 -22.225678 276.618789 279.793419   0.072033   0.200670 278.492859   0.196676
  1238   0.000000 253.787683 -75.827909 -31.416394  -0.753832  -0.753832   0.000000   0.000000 -22.222407 276.604336 279.778538   0.072122   0.200670 278.477733   0.196674
  1239   0.000000 253.701571 -75.844145 -31.392088  -0.751641  -0.751641   0.000000   0.000000 -22.219418 276.589882 279.763697   0.072210   0.200670 278.462606   0.196671
  1240   0.000000 253.615537 -75.860312 -31.367629  -0.749540  -0.749540   0.000000   0.000000 -22.216709 276.575425 279.748895   0.072298   0.200670 278.447477   0.196669
  1241   0.000000 253.529581 -75.876403 -31.343055  -0.747531  -0.747531   0.000000   0.000000 -22.214285 276.560966 279.734130   0.072386   0.200670 278.432346   0.196667
  1242   0.000000 253.443689 -75.892430 -31.318319  -0.745609  -0.745609   0.000000   0.000000 -22.212143 276.546504 279.719402   0.072474   0.200670 278.417210   0.196664
  1243   0.000000 253.357864 -75.908385 -31.293467  -0.743778  -0.743778   0.000000   0.000000 -22.210291 276.532037 279.704711   0.072562   0.200670 278.402069   0.196662
  1244   0.000000 253.272092 -75.924281 -31.268441  -0.742031  -0.742031   0.000000   0.000000 -22.208723 276.517564 279.690057   0.072651   0.200670 278.386923   0.196659
  1245   0.000000 253.186374 -75.940109 -31.243297  -0.740375  -0.740375   0.000000   0.000000 -22.207448 276.503086 279.675438   0.072738   0.200670 278.371770   0.196657
  1246   0.000000 253.100696 -75.955883 -31.217961  -0.738802  -0.738802   0.000000   0.000000 -22.206460 276.488601 279.660854   0.072826   0.200670 278.356609   0.196655
  1247   0.000000 253.015062 -75.971591 -31.192502  -0.737318  -0.737318   0.000000   0.000000 -22.205772 276.474109 279.646305   0.072914   0.200670 278.341441   0.196652
  1248   0.000000 252.929453 -75.987252 -31.166828  -0.735918  -0.735918   0.000000   0.000000 -22.205375 276.459607 279.631790   0.073002   0.200670 278.326261   0.196650
  1249   0.000000 252.843875 -76.002849 -31.141021  -0.734609  -0.734609   0.000000   0.000000 -22.205284 276.445096 279.617309   0.073090   0.200670 278.311071   0.196647
  1250   0.000000 252.758305 -76.018407 -31.114965  -0.733383  -0.733383   0.000000   0.000000 -22.205493 276.430572 279.602861   0.073178   0.200670 278.295866   0.196645
  1251   0.000000 252.672751 -76.033902 -31.088758  -0.732252  -0.732252   0.000000   0.000000 -22.206018 276.416037 279.588445   0.073265   0.200670 278.280649   0.196643
  1252   0.000000 252.587185 -76.049366 -31.062251  -0.731209  -0.731209   0.000000   0.000000 -22.206852 276.401487 279.574061   0.073353   0.200670 278.265413   0.196640
  1253   0.000000 252.501617 -76.064769 -31.035563  -0.730267  -0.730267   0.000000   0.000000 -22.208019 276.386921 279.559708   0.073441   0.200670 278.250159   0.196638
  1254   0.000000 252.416011 -76.080149 -31.008501  -0.729419  -0.729419   0.000000   0.000000 -22.209513 276.372334 279.545387   0.073528   0.200670 278.234882   0.196635
  1255   0.000000 252.330378 -76.095472 -30.981206  -0.728686  -0.728686   0.000000   0.000000 -22.211365 276.357728 279.531095   0.073616   0.200670 278.219580   0.196633
  1256   0.000000 252.244673 -76.110782 -30.953431  -0.728060  -0.728060   0.000000   0.000000 -22.213569 276.343095 279.516833   0.073703   0.200670 278.204247   0.196631
  1257   0.000000 252.158908 -76.126035 -30.925339  -0.727569  -0.727569   0.000000   0.000000 -22.216168 276.328434 279.502600   0.073790   0.200670 278.188881   0.196628
  1258   0.000000 252.073023 -76.141290 -30.896613  -0.727206  -0.727206   0.000000   0.000000 -22.219160 276.313737 279.488395   0.073878   0.200670 278.173472   0.196626
  1259   0.000000 251.987031 -76.156491 -30.867446  -0.727010  -0.727010   0.000000   0.000000 -22.222604 276.299003 279.474218   0.073965   0.200670 278.158018   0.196624
  1260   0.000000 251.900855 -76.171707 -30.837436  -0.726975  -0.726975   0.000000   0.000000 -22.226501 276.284220 279.460067   0.074052   0.200670 278.142504   0.196621
  1261   0.000000 251.814507 -76.186873 -30.806336  -0.727150  -0.727150   0.000000   0.000000 -22.230929 276.269373 279.445941   0.074140   0.200670 278.126918   0.196619
  1262   0.000000 251.727904 -76.202005 -30.774052  -0.727589  -0.727589   0.000000   0.000000 -22.235976 276.254452 279.431840   0.074227   0.200671 278.111244   0.196616
  1263   0.000000 251.641055 -76.217038 -30.740838  -0.728338  -0.728338   0.000000   0.000000 -22.241721 276.239452 279.417763   0.074314   0.200671 278.095479   0.196614
  1264   0.000000 251.553835 -76.232084 -30.706083  -0.729390  -0.729390   0.000000   0.000000 -22.248171 276.224357 279.403707   0.074401   0.200671 278.079601   0.196612
  1265   0.000000 251.466260 -76.247039 -30.670167  -0.730823  -0.730823   0.000000   0.000000 -22.255448 276.209163 279.389672   0.074488   0.200671 278.063605   0.196609
  1266   0.000000 251.378187 -76.262029 -30.632409  -0.732626  -0.732626   0.000000   0.000000 -22.263563 276.193848 279.375656   0.074575   0.200671 278.047469   0.196607
  1267   0.000000 251.289648 -76.276926 -30.593343  -0.734887  -0.734887   0.000000   0.000000 -22.272655 276.178413 279.361658   0.074663   0.200671 278.031191   0.196604
  1268   0.000000 251.200487 -76.291876 -30.552228  -0.737581  -0.737581   0.000000   0.000000 -22.282717 276.162835 279.347676   0.074750   0.200671 278.014746   0.196602
  1269   0.000000 251.110766 -76.306721 -30.509809  -0.740794  -0.740794   0.000000   0.000000 -22.293892 276.147118 279.333709   0.074837   0.200671 277.998142   0.196600
  1270   0.000000 251.020328 -76.321635 -30.465304  -0.744472  -0.744472   0.000000   0.000000 -22.306133 276.131244 279.319754   0.074924   0.200671 277.981356   0.196597
  1271   0.000000 250.929275 -76.336425 -30.419698  -0.748690  -0.748690   0.000000   0.000000 -22.319566 276.115225 279.305810   0.075011   0.200671 277.964406   0.196595
  1272   0.000000 250.837457 -76.351302 -30.372153  -0.753351  -0.753351   0.000000   0.000000 -22.334091 276.099046 279.291876   0.075098   0.200671 277.947272   0.196593
  1273   0.000000 250.745027 -76.366040 -30.323888  -0.758516  -0.758516   0.000000   0.000000 -22.349808 276.082727 279.277949   0.075185   0.200671 277.929982   0.196590
  1274   0.000000 250.651836 -76.380885 -30.273958  -0.764045  -0.764045   0.000000   0.000000 -22.366555 276.066257 279.264030   0.075272   0.200671 277.912521   0.196588
  1275   0.000000 250.558090 -76.395581 -30.223781  -0.769988  -0.769988   0.000000   0.000000 -22.384410 276.049665 279.250116   0.075358   0.200671 277.894926   0.196586
  1276   0.000000 250.463637 -76.410413 -30.172254  -0.776172  -0.776172   0.000000   0.000000 -22.403157 276.032939 279.236207   0.075445   0.200671 277.877182   0.196583
  1277   0.000000 250.368723 -76.425089 -30.120949  -0.782646  -0.782646   0.000000   0.000000 -22.422870 276.016116 279.222301   0.075532   0.200671 277.859332   0.196581
  1278   0.000000 250.273185 -76.439930 -30.068577  -0.789218  -0.789218   0.000000   0.000000 -22.443295 275.999182 279.208399   0.075619   0.200671 277.841361   0.196578
  1279   0.000000 250.177299 -76.454612 -30.016828  -0.795950  -0.795950   0.000000   0.000000 -22.464516 275.982176 279.194499   0.075706   0.200671 277.823312   0.196576
  1280   0.000000 250.080884 -76.469487 -29.964226  -0.802640  -0.802640   0.000000   0.000000 -22.486262 275.965082 279.180602   0.075793   0.200671 277.805169   0.196574
  1281   0.000000 249.984237 -76.484197 -29.912559  -0.809374  -0.809374   0.000000   0.000000 -22.508637 275.947940 279.166706   0.075880   0.200671 277.786976   0.196571
  1282   0.000000 249.887156 -76.499121 -29.860179  -0.815949  -0.815949   0.000000   0.000000 -22.531364 275.930731 279.152813   0.075967   0.200671 277.768711   0.196569
  1283   0.000000 249.789947 -76.513871 -29.808957  -0.822476  -0.822476   0.000000   0.000000 -22.554576 275.913494 279.138922   0.076054   0.200671 277.750421   0.196567
  1284   0.000000 249.692388 -76.528849 -29.757097  -0.828756  -0.828756   0.000000   0.000000 -22.577997 275.896206 279.125033   0.076141   0.200671 277.732077   0.196564
  1285   0.000000 249.594792 -76.543642 -29.706548  -0.834923  -0.834923   0.000000   0.000000 -22.601786 275.878907 279.111146   0.076228   0.200671 277.713726   0.196562
  1286   0.000000 249.496917 -76.558670 -29.655388  -0.840782  -0.840782   0.000000   0.000000 -22.625671 275.861570 279.097262   0.076315   0.200671 277.695336   0.196560
  1287   0.000000 249.399080 -76.573501 -29.605636  -0.846489  -0.846489   0.000000   0.000000 -22.649839 275.844235 279.083380   0.076403   0.200671 277.676952   0.196557
  1288   0.000000 249.301019 -76.588570 -29.555265  -0.851852  -0.851852   0.000000   0.000000 -22.674018 275.826870 279.069501   0.076490   0.200671 277.658540   0.196555
  1289   0.000000 249.203055 -76.603427 -29.506362  -0.857044  -0.857044   0.000000   0.000000 -22.698418 275.809516 279.055626   0.076577   0.200672 277.640145   0.196553
  1290   0.000000 249.104911 -76.618521 -29.456809  -0.861875  -0.861875   0.000000   0.000000 -22.722768 275.792140 279.041754   0.076664   0.200672 277.621729   0.196550
  1291   0.000000 249.006908 -76.633392 -29.408756  -0.866533  -0.866533   0.000000   0.000000 -22.747299 275.774781 279.027886   0.076751   0.200672 277.603336   0.196548
  1292   0.000000 248.908758 -76.648497 -29.360013  -0.870826  -0.870826   0.000000   0.000000 -22.771740 275.757403 279.014022   0.076838   0.200672 277.584926   0.196546
  1293   0.000000 248.810782 -76.663366 -29.312779  -0.874954  -0.874954   0.000000   0.000000 -22.796334 275.740047 279.000163   0.076925   0.200672 277.566545   0.196543
  1294   0.000000 248.712684 -76.678467 -29.264812  -0.878724  -0.878724   0.000000   0.000000 -22.820812 275.722676 278.986308   0.077012   0.200672 277.548151   0.196541
  1295   0.000000 248.614783 -76.693321 -29.218348  -0.882342  -0.882342  -0.000000  -0.000000 -22.845428 275.705328 278.972458   0.077099   0.200672 277.529788   0.196539
  1296   0.000000 248.516777 -76.708403 -29.171109  -0.885617  -0.885617  -0.000000  -0.000000 -22.869911 275.687967 278.958614   0.077186   0.200672 277.511413   0.196536
  1297   0.000000 248.418984 -76.723231 -29.125357  -0.888759  -0.888759  -0.000000  -0.000000 -22.894525 275.670632 278.944775   0.077273   0.200672 277.493070   0.196534
  1298   0.000000 248.321100 -76.738281 -29.078791  -0.891574  -0.891574  -0.000000  -0.000000 -22.918998 275.653284 278.930941   0.077360   0.200672 277.474717   0.196532
  1299   0.000000 248.223438 -76.753071 -29.033688  -0.894277  -0.894277  -0.000000  -0.000000 -22.943597 275.635963 278.917113   0.077446   0.200672 277.456396   0.196529
  1300   0.000000 248.125694 -76.768079 -28.987739  -0.896673  -0.896673  -0.000000  -0.000000 -22.968054 275.618629 278.903291   0.077533   0.200672 277.438066   0.196527
  1301   0.000000 248.028178 -76.782824 -28.943222  -0.898977  -0.898977  -0.000000  -0.000000 -22.992638 275.601322 278.889476   0.077620   0.200672 277.419768   0.196525
  1302   0.000000 247.930585 -76.797780 -28.897832  -0.900994  -0.900994  -0.000000  -0.000000 -23.017080 275.584002 278.875667   0.077707   0.200672 277.401459   0.196522
  1303   0.000000 247.833224 -76.812471 -28.853841  -0.902940  -0.902940  -0.000000  -0.000000 -23.041650 275.566709 278.861864   0.077794   0.200672 277.383183   0.196520
  1304   0.000000 247.735790 -76.827369 -28.808955  -0.904619  -0.904619  -0.000000  -0.000000 -23.066083 275.549404 278.848068   0.077881   0.200672 277.364895   0.196518
  1305   0.000000 247.638586 -76.842002 -28.765432  -0.906246  -0.906246  -0.000000  -0.000000 -23.090647 275.532124 278.834278   0.077968   0.200672 277.346639   0.196515
  1306   0.000000 247.541313 -76.856835 -28.720998  -0.907626  -0.907626  -0.000000  -0.000000 -23.115079 275.566901 278.821174   0.078055   0.200672 277.354488   0.196513
  1307   0.000000 247.444269 -77.111026 -27.572802  -0.715479  -0.715479  -0.000000  -0.000000 -22.779911 275.558707 278.808156   0.078140   0.200672 277.340523   0.196511
  1308   0.000000 247.380286 -77.135373 -27.448640  -0.752736  -0.752736  -0.000000  -0.000000 -22.746139 275.550307 278.795218   0.078226   0.200672 277.329783   0.196508
  1309   0.000000 247.317139 -77.157963 -27.348250  -0.788920  -0.788920  -0.000000  -0.000000 -22.714377 275.542124 278.782361   0.078311   0.200672 277.319281   0.196506
  1310   0.000000 247.252663 -77.182845 -27.240873  -0.822256  -0.822256  -0.000000  -0.000000 -22.681658 275.533775 278.769580   0.078397   0.200672 277.308588   0.196503
  1311   0.000000 247.187679 -77.207456 -27.135993  -0.855049  -0.855049  -0.000000  -0.000000 -22.650638 275.525289 278.756871   0.078484   0.200672 277.297778   0.196501
  1312   0.000000 247.122143 -77.231981 -27.031864  -0.887364  -0.887364  -0.000000  -0.000000 -22.621068 275.516664 278.744229   0.078570   0.200672 277.286848   0.196499
  1313   0.000000 247.056557 -77.255914 -26.930704  -0.919386  -0.919386  -0.000000  -0.000000 -22.592951 275.507957 278.731651   0.078657   0.200673 277.275869   0.196496
  1314   0.000000 246.990765 -77.279673 -26.830329  -0.950950  -0.950950  -0.000000  -0.000000 -22.565863 275.499159 278.719136   0.078744   0.200673 277.264825   0.196494
  1315   0.000000 246.925166 -77.302834 -26.732740  -0.982194  -0.982194  -0.000000  -0.000000 -22.539835 275.490319 278.706680   0.078831   0.200673 277.253773   0.196492
  1316   0.000000 246.859535 -77.325832 -26.635768  -1.012964  -1.012964  -0.000000  -0.000000 -22.514529 275.481418 278.694282   0.078918   0.200673 277.242689   0.196490
  1317   0.000000 246.794220 -77.348251 -26.541416  -1.043410  -1.043410  -0.000000  -0.000000 -22.490044 275.472497 278.681939   0.079006   0.200673 277.231618   0.196487
  1318   0.000000 246.728955 -77.370530 -26.447524  -1.073388  -1.073388  -0.000000  -0.000000 -22.466095 275.463533 278.669650   0.079093   0.200673 277.220531   0.196485
  1319   0.000000 246.664065 -77.392252 -26.356109  -1.103056  -1.103056  -0.000000  -0.000000 -22.442824 275.454561 278.657415   0.079181   0.200673 277.209469   0.196483
  1320   0.000000 246.599264 -77.413857 -26.265019  -1.132272  -1.132272  -0.000000  -0.000000 -22.419978 275.445556 278.645230   0.079269   0.200673 277.198400   0.196480
  1321   0.000000 246.534861 -77.434929 -26.176284  -1.161199  -1.161199  -0.000000  -0.000000 -22.397720 275.436551 278.633096   0.079357   0.200673 277.187362   0.196478
  1322   0.000000 246.470560 -77.455904 -26.087763  -1.189696  -1.189696  -0.000000  -0.000000 -22.375817 275.427518 278.621010   0.079446   0.200673 277.176320   0.196476
  1323   0.000000 246.406663 -77.476365 -26.001491  -1.217924  -1.217924  -0.000000  -0.000000 -22.354445 275.418490 278.608973   0.079534   0.200673 277.165312   0.196474
  1324   0.000000 246.342871 -77.496749 -25.915342  -1.245746  -1.245746  -0.000000  -0.000000 -22.333382 275.409438 278.596983   0.079623   0.200673 277.154302   0.196471
  1325   0.000000 246.279480 -77.516639 -25.831350  -1.273319  -1.273319  -0.000000  -0.000000 -22.312813 275.400393 278.585039   0.079712   0.200673 277.143327   0.196469
  1326   0.000000 246.216188 -77.536467 -25.747405  -1.300507  -1.300507  -0.000000  -0.000000 -22.292520 275.391326 278.573139   0.079801   0.200673 277.132351   0.196467
  1327   0.000000 246.153289 -77.555817 -25.665535  -1.327466  -1.327466  -0.000000  -0.000000 -22.272695 275.382267 278.561284   0.079891   0.200673 277.121409   0.196465
  1328   0.000000 246.090481 -77.575120 -25.583650  -1.354058  -1.354058  -0.000000  -0.000000 -22.253124 275.373187 278.549473   0.079980   0.200673 277.110465   0.196462
  1329   0.000000 246.028056 -77.593962 -25.503764  -1.380438  -1.380438  -0.000000  -0.000000 -22.234001 275.364116 278.537704   0.080070   0.200673 277.099555   0.196460
  1330   0.000000 245.965712 -77.612768 -25.423810  -1.406469  -1.406469  -0.000000  -0.000000 -22.215117 275.355024 278.525977   0.080160   0.200673 277.088642   0.196458
  1331   0.000000 245.903738 -77.631128 -25.345786  -1.432305  -1.432305  -0.000000  -0.000000 -22.196666 275.345942 278.514291   0.080250   0.200674 277.077762   0.196456
  1332   0.000000 245.841834 -77.649463 -25.267649  -1.457808  -1.457808  -0.000000  -0.000000 -22.178441 275.336840 278.502645   0.080340   0.200674 277.066879   0.196453
  1333   0.000000 245.780287 -77.667366 -25.191377  -1.483130  -1.483130  -0.000000  -0.000000 -22.160637 275.327746 278.491039   0.080431   0.200674 277.056026   0.196451
  1334   0.000000 245.718799 -77.685254 -25.114953  -1.508134  -1.508134  -0.000000  -0.000000 -22.143052 275.318633 278.479472   0.080521   0.200674 277.045169   0.196449
  1335   0.000000 245.657654 -77.702724 -25.040332  -1.532970  -1.532970  -0.000000  -0.000000 -22.125878 275.309527 278.467944   0.080612   0.200674 277.034342   0.196447
  1336   0.000000 245.596558 -77.720187 -24.965524  -1.557502  -1.557502  -0.000000  -0.000000 -22.108916 275.300402 278.456453   0.080703   0.200674 277.023509   0.196445
  1337   0.000000 245.535790 -77.737245 -24.892461  -1.581879  -1.581879  -0.000000  -0.000000 -22.092357 275.291284 278.444999   0.080794   0.200674 277.012703   0.196442
  1338   0.000000 245.475060 -77.754304 -24.819181  -1.605965  -1.605965  -0.000000  -0.000000 -22.076005 275.282146 278.433582   0.080886   0.200674 277.001891   0.196440
  1339   0.000000 245.414644 -77.770970 -24.747589  -1.629906  -1.629906  -0.000000  -0.000000 -22.060049 275.273015 278.422200   0.080977   0.200674 276.991105   0.196438
  1340   0.000000 245.354256 -77.787645 -24.675755  -1.653569  -1.653569  -0.000000  -0.000000 -22.044297 275.263863 278.410854   0.081069   0.200674 276.980310   0.196436
  1341   0.000000 245.294167 -77.803939 -24.605554  -1.677098  -1.677098  -0.000000  -0.000000 -22.028935 275.254717 278.399542   0.081161   0.200674 276.969540   0.196433
  1342   0.000000 245.234096 -77.820248 -24.535088  -1.700361  -1.700361  -0.000000  -0.000000 -22.013774 275.245550 278.388264   0.081253   0.200674 276.958761   0.196431
  1343   0.000000 245.174309 -77.836188 -24.466202  -1.723499  -1.723499  -0.000000  -0.000000 -21.998998 275.236389 278.377021   0.081345   0.200674 276.948004   0.196429
  1344   0.000000 245.114532 -77.852148 -24.397032  -1.746382  -1.746382  -0.000000  -0.000000 -21.984421 275.227206 278.365809   0.081438   0.200675 276.937236   0.196427
  1345   0.000000 245.055025 -77.867751 -24.329390  -1.769148  -1.769148  -0.000000  -0.000000 -21.970225 275.218027 278.354631   0.081530   0.200675 276.926489   0.196425
  1346   0.000000 244.995517 -77.883379 -24.261449  -1.791671  -1.791671  -0.000000  -0.000000 -21.956226 275.208826 278.343484   0.081623   0.200675 276.915730   0.196422
  1347   0.000000 244.936266 -77.898662 -24.194984  -1.814085  -1.814085  -0.000000  -0.000000 -21.942603 275.199629 278.332369   0.081716   0.200675 276.904990   0.196420
  1348   0.000000 244.877006 -77.913973 -24.128207  -1.836265  -1.836265  -0.000000  -0.000000 -21.929177 275.190409 278.321284   0.081809   0.200675 276.894236   0.196418
  1349   0.000000 244.817988 -77.928950 -24.062857  -1.858344  -1.858344  -0.000000  -0.000000 -21.916124 275.181192 278.310230   0.081902   0.200675 276.883501   0.196416
  1350   0.000000 244.758954 -77.943959 -23.997185  -1.880199  -1.880199  -0.000000  -0.000000 -21.903266 275.171952 278.299206   0.081996   0.200675 276.872750   0.196414
  1351   0.000000 244.700148 -77.958645 -23.932345  -1.901948  -1.901948  -0.000000  -0.000000 -21.890777 275.162700 278.288211   0.082090   0.200675 276.862000   0.196411
  1352   0.000000 244.641334 -77.973290 -23.867101  -1.923537  -1.923537  -0.000000  -0.000000 -21.878576 275.153415 278.277245   0.082183   0.200675 276.851223   0.196409
  1353   0.000000 244.582745 -77.987570 -23.803075  -1.945074  -1.945074  -0.000000  -0.000000 -21.866806 275.144122 278.266306   0.082278   0.200675 276.840450   0.196407
  1354   0.000000 244.524124 -78.001845 -23.738583  -1.966437  -1.966437  -0.000000  -0.000000 -21.855292 275.134795 278.255395   0.082372   0.200675 276.829648   0.196405
  1355   0.000000 244.465702 -78.015781 -23.675245  -1.987748  -1.987748  -0.000000  -0.000000 -21.844200 275.125459 278.244511   0.082466   0.200676 276.818848   0.196403
  1356   0.000000 244.407229 -78.029726 -23.611429  -2.008891  -2.008891  -0.000000  -0.000000 -21.833365 275.116089 278.233653   0.082561   0.200676 276.808018   0.196401
  1357   0.000000 244.348932 -78.043350 -23.548723  -2.029988  -2.029988  -0.000000  -0.000000 -21.822951 275.106708 278.222821   0.082655   0.200676 276.797186   0.196398
  1358   0.000000 244.290569 -78.056990 -23.485535  -2.050926  -2.050926  -0.000000  -0.000000 -21.812797 275.097291 278.212015   0.082750   0.200676 276.786323   0.196396
  1359   0.000000 244.232361 -78.070326 -23.423413  -2.071823  -2.071823  -0.000000  -0.000000 -21.803063 275.087862 278.201233   0.082846   0.200676 276.775455   0.196394
  1360   0.000000 244.174073 -78.083683 -23.360810  -2.092569  -2.092569  -0.000000  -0.000000 -21.793593 275.078398 278.190475   0.082941   0.200676 276.764555   0.196392
  1361   0.000000 244.115922 -78.096750 -23.299230  -2.113279  -2.113279  -0.000000  -0.000000 -21.784541 275.068919 278.179741   0.083036   0.200676 276.753649   0.196390
  1362   0.000000 244.057679 -78.109845 -23.237171  -2.133845  -2.133845  -0.000000  -0.000000 -21.775755 275.059403 278.169030   0.083132   0.200676 276.742709   0.196387
  1363   0.000000 243.999555 -78.122661 -23.176095  -2.154380  -2.154380  -0.000000  -0.000000 -21.767387 275.049872 278.158342   0.083228   0.200676 276.731760   0.196385
  1364   0.000000 243.941329 -78.135509 -23.114545  -2.174778  -2.174778  -0.000000  -0.000000 -21.759287 275.040304 278.147675   0.083324   0.200676 276.720776   0.196383
  1365   0.000000 243.883206 -78.148092 -23.053938  -2.195148  -2.195148  -0.000000  -0.000000 -21.751603 275.030718 278.137031   0.083420   0.200677 276.709781   0.196381
  1366   0.000000 243.824971 -78.160710 -22.992864  -2.215387  -2.215387  -0.000000  -0.000000 -21.744189 275.021095 278.126408   0.083517   0.200677 276.698750   0.196379
  1367   0.000000 243.766823 -78.173074 -22.932696  -2.235602  -2.235602  -0.000000  -0.000000 -21.737188 275.011453 278.115805   0.083613   0.200677 276.687707   0.196377
  1368   0.000000 243.708556 -78.185476 -22.872067  -2.255693  -2.255693  -0.000000  -0.000000 -21.730461 275.001773 278.105222   0.083710   0.200677 276.676626   0.196374
  1369   0.000000 243.650361 -78.197635 -22.812309  -2.275762  -2.275762  -0.000000  -0.000000 -21.724144 274.992074 278.094660   0.083807   0.200677 276.665532   0.196372
  1370   0.000000 243.592039 -78.209835 -22.752101  -2.295712  -2.295712  -0.000000  -0.000000 -21.718100 274.982335 278.084116   0.083904   0.200677 276.654399   0.196370
  1371   0.000000 243.533776 -78.221802 -22.692727  -2.315643  -2.315643  -0.000000  -0.000000 -21.712466 274.972576 278.073592   0.084002   0.200677 276.643251   0.196368
  1372   0.000000 243.475379 -78.233812 -22.632914  -2.335460  -2.335460  -0.000000  -0.000000 -21.707106 274.962778 278.063085   0.084099   0.200677 276.632063   0.196366
  1373   0.000000 243.417027 -78.245600 -22.573903  -2.355259  -2.355259  -0.000000  -0.000000 -21.702151 274.952958 278.052597   0.084197   0.200677 276.620858   0.196363
  1374   0.000000 243.358536 -78.257431 -22.514464  -2.374949  -2.374949  -0.000000  -0.000000 -21.697474 274.943098 278.042126   0.084295   0.200678 276.609614   0.196361
  1375   0.000000 243.300078 -78.269051 -22.455793  -2.394624  -2.394624  -0.000000  -0.000000 -21.693197 274.933215 278.031672   0.084393   0.200678 276.598351   0.196359
  1376   0.000000 243.241474 -78.280714 -22.396708  -2.414194  -2.414194  -0.000000  -0.000000 -21.689199 274.923292 278.021235   0.084491   0.200678 276.587047   0.196357
  1377   0.000000 243.182892 -78.292176 -22.338360  -2.433749  -2.433749  -0.000000  -0.000000 -21.685599 274.913345 278.010813   0.084590   0.200678 276.575724   0.196355
  1378   0.000000 243.124159 -78.303681 -22.279611  -2.453204  -2.453204  -0.000000  -0.000000 -21.682277 274.903358 278.000408   0.084689   0.200678 276.564359   0.196353
  1379   0.000000 243.065437 -78.314995 -22.221569  -2.472644  -2.472644  -0.000000  -0.000000 -21.679350 274.893346 277.990018   0.084788   0.200678 276.552973   0.196351
  1380   0.000000 243.006560 -78.326353 -22.163141  -2.491989  -2.491989  -0.000000  -0.000000 -21.676702 274.883293 277.979643   0.084887   0.200678 276.541545   0.196348
  1381   0.000000 242.947682 -78.337528 -22.105390  -2.511320  -2.511320  -0.000000  -0.000000 -21.674445 274.873215 277.969282   0.084986   0.200678 276.530095   0.196346
  1382   0.000000 242.888646 -78.348747 -22.047269  -2.530559  -2.530559  -0.000000  -0.000000 -21.672468 274.863095 277.958935   0.085086   0.200679 276.518603   0.196344
  1383   0.000000 242.829600 -78.359792 -21.989796  -2.549784  -2.549784  -0.000000  -0.000000 -21.670878 274.852950 277.948602   0.085185   0.200679 276.507087   0.196342
  1384   0.000000 242.770391 -78.370879 -21.931969  -2.568920  -2.568920  -0.000000  -0.000000 -21.669568 274.842762 277.938283   0.085285   0.200679 276.495529   0.196340
  1385   0.000000 242.711162 -78.381802 -21.874763  -2.588043  -2.588043  -0.000000  -0.000000 -21.668641 274.832548 277.927976   0.085385   0.200679 276.483946   0.196338
  1386   0.000000 242.651767 -78.392767 -21.817219  -2.607079  -2.607079  -0.000000  -0.000000 -21.667995 274.822292 277.917682   0.085486   0.200679 276.472320   0.196335
  1387   0.000000 242.592343 -78.403575 -21.760269  -2.626103  -2.626103  -0.000000  -0.000000 -21.667727 274.812008 277.907400   0.085586   0.200679 276.460668   0.196333
  1388   0.000000 242.532751 -78.414425 -21.702999  -2.645043  -2.645043  -0.000000  -0.000000 -21.667740 274.801683 277.897129   0.085687   0.200679 276.448973   0.196331
  1389   0.000000 242.473121 -78.425126 -21.646297  -2.663969  -2.663969  -0.000000  -0.000000 -21.668127 274.791328 277.886870   0.085788   0.200679 276.437252   0.196329
  1390   0.000000 242.413321 -78.435867 -21.589293  -2.682815  -2.682815  -0.000000  -0.000000 -21.668795 274.780932 277.876623   0.085889   0.200680 276.425487   0.196327
  1391   0.000000 242.353474 -78.446467 -21.532832  -2.701647  -2.701647  -0.000000  -0.000000 -21.669833 274.770507 277.866386   0.085991   0.200680 276.413694   0.196325
  1392   0.000000 242.293454 -78.457107 -21.476085  -2.720400  -2.720400  -0.000000  -0.000000 -21.671152 274.760039 277.856159   0.086092   0.200680 276.401857   0.196323
  1393   0.000000 242.233380 -78.467613 -21.419859  -2.739139  -2.739139  -0.000000  -0.000000 -21.672836 274.749542 277.845942   0.086194   0.200680 276.389992   0.196320
  1394   0.000000 242.173132 -78.478157 -21.363364  -2.757801  -2.757801  -0.000000  -0.000000 -21.674800 274.739003 277.835735   0.086296   0.200680 276.378084   0.196318
  1395   0.000000 242.112821 -78.488574 -21.307368  -2.776448  -2.776448  -0.000000  -0.000000 -21.677126 274.728433 277.825537   0.086398   0.200680 276.366146   0.196316
  1396   0.000000 242.052335 -78.499029 -21.251120  -2.795020  -2.795020  -0.000000  -0.000000 -21.679731 274.717820 277.815348   0.086501   0.200680 276.354164   0.196314
  1397   0.000000 241.991780 -78.509364 -21.195350  -2.813576  -2.813576  -0.000000  -0.000000 -21.682693 274.707177 277.805168   0.086603   0.200680 276.342152   0.196312
  1398   0.000000 241.931048 -78.519735 -21.139346  -2.832059  -2.832059  -0.000000  -0.000000 -21.685933 274.696492 277.794996   0.086706   0.200681 276.330096   0.196310
  1399   0.000000 241.870240 -78.529992 -21.083798  -2.850525  -2.850525  -0.000000  -0.000000 -21.689526 274.685775 277.784832   0.086809   0.200681 276.318009   0.196308
  1400   0.000000 241.809253 -78.540284 -21.028035  -2.868920  -2.868920  -0.000000  -0.000000 -21.693397 274.675016 277.774675   0.086913   0.200681 276.305879   0.196305
  1401   0.000000 241.748185 -78.550470 -20.972709  -2.887296  -2.887296  -0.000000  -0.000000 -21.697615 274.664225 277.764526   0.087016   0.200681 276.293716   0.196303
  1402   0.000000 241.686937 -78.560688 -20.917184  -2.905602  -2.905602  -0.000000  -0.000000 -21.702110 274.653392 277.754384   0.087120   0.200681 276.281510   0.196301
  1403   0.000000 241.625602 -78.570806 -20.862078  -2.923888  -2.923888  -0.000000  -0.000000 -21.706947 274.642526 277.744249   0.087224   0.200681 276.269272   0.196299
  1404   0.000000 241.564087 -78.580956 -20.806790  -2.942105  -2.942105  -0.000000  -0.000000 -21.712060 274.631619 277.734120   0.087328   0.200681 276.256990   0.196297
  1405   0.000000 241.502478 -78.591011 -20.751904  -2.960301  -2.960301  -0.000000  -0.000000 -21.717512 274.620678 277.723997   0.087433   0.200682 276.244676   0.196295
  1406   0.000000 241.440690 -78.601097 -20.696853  -2.978429  -2.978429  -0.000000  -0.000000 -21.723237 274.609695 277.713880   0.087538   0.200682 276.232318   0.196293
  1407   0.000000 241.378802 -78.611094 -20.642187  -2.996534  -2.996534  -0.000000  -0.000000 -21.729296 274.598680 277.703769   0.087643   0.200682 276.219926   0.196291
  1408   0.979936 241.316734 -77.837170 -20.587374  -3.014573  -3.014573  -0.000000  -0.000000 -21.735627 274.603064 277.693864   0.087748   0.200682 276.215836   0.196288
  1409   1.127297 241.254563 -77.799562 -20.245486  -2.963816  -2.963816  -0.000000  -0.000000 -21.635598 274.596160 277.684007   0.087852   0.200682 276.205505   0.196286
  1410   1.594241 241.200772 -77.446733 -20.138732  -2.965181  -2.965181  -0.000000  -0.000000 -21.614932 274.593635 277.674254   0.087957   0.200682 276.198370   0.196284
  1411   2.481167 241.148042 -76.776841 -19.957666  -2.947348  -2.947348  -0.000000  -0.000000 -21.564328 274.598466 277.664694   0.088062   0.200682 276.195282   0.196282
  1412   3.896811 241.098175 -75.714702 -19.648854  -2.897461  -2.897461  -0.000000  -0.000000 -21.463595 274.612760 277.655442   0.088166   0.200683 276.197491   0.196280
  1413   5.916471 241.054910 -74.206055 -19.183444  -2.806900  -2.806900  -0.000000  -0.000000 -21.298774 274.638197 277.646627   0.088269   0.200683 276.206187   0.196278
  1414   8.567680 241.022495 -72.232427 -18.541226  -2.668938  -2.668938  -0.000000  -0.000000 -21.059010 274.675640 277.638382   0.088371   0.200683 276.222162   0.196275
  1415  11.837323 241.005585 -69.803776 -17.717470  -2.480347  -2.480347  -0.000000  -0.000000 -20.739194 274.725194 277.630835   0.088471   0.200683 276.245831   0.196273
  1416  15.686127 241.008508 -66.947869 -16.719379  -2.241029  -2.241029  -0.000000  -0.000000 -20.339484 274.786390 277.624101   0.088568   0.200683 276.277273   0.196271
  1417  20.061751 241.035146 -63.700756 -15.563307  -1.953191  -1.953191  -0.000000  -0.000000 -19.863977 274.858434 277.618281   0.088662   0.200683 276.316363   0.196268
  1418  24.907816 241.088473 -60.101140 -14.268741  -1.620235  -1.620235  -0.000000  -0.000000 -19.318929 274.940354 277.613458   0.088753   0.200683 276.362811   0.196266
  1419  30.169210 241.170739 -56.186597 -12.857002  -1.246181  -1.246181  -0.000000  -0.000000 -18.711725 275.031138 277.609696   0.088839   0.200683 276.416252   0.196263
  1420  35.794786 241.283258 -51.992262 -11.347747  -0.835078  -0.835078  -0.000000  -0.000000 -18.049910 275.129774 277.607048   0.088922   0.200683 276.476251   0.196260
  1421  41.738469 241.426754 -47.549781  -9.759847  -0.390895  -0.390895  -0.000000  -0.000000 -17.340918 275.235317 277.605550   0.088999   0.200683 276.542363   0.196257
  1422  47.959454 241.601202 -42.887598  -8.109190   0.082744   0.082744   0.000000   0.000000 -16.591635 275.346871 277.605228   0.089071   0.200683 276.614117   0.196254
  1423  54.421955 241.806219 -38.030713  -6.410597   0.582456   0.582456   0.000000   0.000000 -15.808494 275.463632 277.606094   0.089138   0.200683 276.691060   0.196251
  1424  61.094745 242.040867 -33.001416  -4.675809   1.105267   1.105267   0.000000   0.000000 -14.997237 275.584849 277.608156   0.089199   0.200683 276.772726   0.196248
  1425  67.950627 242.304074 -27.819142  -2.916001   1.648416   1.648416   0.000000   0.000000 -14.163151 275.709859 277.611410   0.089254   0.200683 276.858685   0.196245
  1426  74.965913 242.594344 -22.501320  -1.139367   2.209534   2.209534   0.000000   0.000000 -13.310858 275.838043 277.615848   0.089303   0.200683 276.948498   0.196242
  1427  82.119949 242.910229 -17.063087   0.644332   2.784903   2.784903   0.000000   0.000000 -12.444636 275.969519 277.621463   0.089346   0.200683 277.042132   0.196238
  1428  89.394682 243.249271 -11.521882   2.437507   3.374745   3.374745   0.000000   0.000000 -11.563609 276.104406 277.628253   0.089382   0.200683 277.139413   0.196235
  1429  96.774288 243.609892  -5.892509   4.244477   3.981349   3.981349   0.000000   0.000000 -10.666932 276.242004 277.636208   0.089412   0.200683 277.239788   0.196231
  1430 104.244856 243.991051  -0.183929   6.048455   4.601702   4.601702   0.000000   0.000000  -9.759430 276.382039 277.645314   0.089435   0.200682 277.343007   0.196227
  1431 111.794113 244.391824   5.594351   7.844467   5.235082   5.235082   0.000000   0.000000  -8.842924 276.524238 277.655557   0.089451   0.200682 277.448835   0.196223
  1432 119.411190 244.810920  11.433610   9.629964   5.880723   5.880723   0.000000   0.000000  -7.919234 276.668304 277.666920   0.089460   0.200682 277.556999   0.196219
  1433 127.086429 245.247295  17.326441  11.400911   6.537689   6.537689   0.000000   0.000000  -6.990313 277.340385 277.686246   0.089462   0.200681 277.874830   0.196215
  1434 134.811216 245.699453  20.802376  28.940840  10.116663  10.116663   0.000000   0.000000  -2.421028 277.512840 277.706592   0.089426   0.200681 277.991830   0.196210
  1435 142.577839 246.617454  27.096085  28.852365  10.399502  10.399502   0.000000   0.000000  -1.356267 277.788196 277.729281   0.089388   0.200681 278.201346   0.196205
  1436 150.379367 247.413674  32.813113  32.876896  11.443922  11.443922   0.000000   0.000000   0.412400 278.034861 277.753845   0.089338   0.200680 278.384104   0.196200
  1437 158.209550 248.244958  38.718888  35.798066  12.212206  12.212206   0.000000   0.000000   1.967119 278.290441 277.780332   0.089281   0.200679 278.572582   0.196195
  1438 166.062731 249.077960  44.599364  39.040628  13.005815  13.005815   0.000000   0.000000   3.570765 278.545903 277.808674   0.089217   0.200679 278.759487   0.196190
  1439 173.933772 249.927823  50.507704  42.218609  13.751244  13.751244   0.000000   0.000000   5.160604 278.804259 277.838845   0.089145   0.200678 278.947655   0.196185
  1440 181.817992 250.793588  56.424874  45.441285  14.473434  14.473434   0.000000   0.000000   6.757895 279.064865 277.870815   0.089066   0.200677 279.136701   0.196180
